date,actual,predicted,model
2005-12-26,6.605680170819316,6.354369525140315,random_forest
2006-01-02,6.802896056094311,6.78708192828971,random_forest
2006-01-09,6.8725864539887285,6.838024644720879,random_forest
2006-01-16,6.626659315492596,7.001721595152935,random_forest
2006-01-23,6.0081711127132875,6.619017921041217,random_forest
2006-01-30,5.5663938250137805,6.118568750820882,random_forest
2006-02-06,4.5061283345349645,5.517520267813115,random_forest
2006-02-13,3.7551069454458035,5.221562540581752,random_forest
2006-02-20,4.108528775605409,5.067505298146029,random_forest
2006-02-27,5.080438808544323,5.017579598297126,random_forest
2006-03-06,6.0965265702531894,5.423534427960795,random_forest
2006-03-13,5.831460197633485,6.682126054533375,random_forest
2006-03-20,5.5663938250137805,6.273300342114174,random_forest
2006-03-27,4.815372435924619,5.373496997952608,random_forest
2006-04-03,6.140704299023139,5.030295174968053,random_forest
2006-04-10,6.096526570253189,6.788584820668947,random_forest
2006-04-17,7.2451475182719065,6.519255854599829,random_forest
2006-04-24,6.759192501802448,7.895401005862882,random_forest
2006-05-01,7.819457992281265,7.319201164397506,random_forest
2006-05-08,10.735188091098008,8.67416495880468,random_forest
2006-05-15,12.85571907205564,11.01586058658415,random_forest
2006-05-22,13.562562732374849,11.868325524120989,random_forest
2006-05-29,12.723185885745787,11.571933119961779,random_forest
2006-06-05,11.707098124036923,11.222072008155733,random_forest
2006-06-12,12.76736361451574,10.83425959654633,random_forest
2006-06-19,12.193053140506379,11.33154340829846,random_forest
2006-06-26,12.016342225426577,10.982872003585248,random_forest
2006-07-03,11.088609921257612,10.78446732237045,random_forest
2006-07-10,10.3817662609384,10.481503772439266,random_forest
2006-07-17,9.895811244468945,9.68795698437666,random_forest
2006-07-24,8.835545753990129,9.198328096835382,random_forest
2006-07-31,8.570479381370426,8.16711926814922,random_forest
2006-08-07,8.658834838910325,8.142847192686423,random_forest
2006-08-14,7.598569348431511,8.206563178592823,random_forest
2006-08-21,6.670837044262547,7.023384015749663,random_forest
2006-08-28,5.080438808544322,6.691145478482773,random_forest
2006-09-04,5.478038367473879,5.499802014429259,random_forest
2006-09-11,4.550306063304914,5.764904726874497,random_forest
2006-09-18,4.373595148225111,4.90719643443631,random_forest
2006-09-25,4.108528775605408,5.258567041728758,random_forest
2006-10-02,4.5061283345349645,4.581929816439606,random_forest
2006-10-09,4.992083351004421,4.79484837640785,random_forest
2006-10-16,5.080438808544323,5.519999610751916,random_forest
2006-10-23,5.0362610797743725,5.672152920160528,random_forest
2006-10-30,5.698927011323633,5.159146716112698,random_forest
2006-11-06,5.478038367473879,5.4348842351244,random_forest
2006-11-13,5.875637926403435,5.538602381812622,random_forest
2006-11-20,5.478038367473879,6.357157427036942,random_forest
2006-11-27,6.582481586722646,5.531236996440043,random_forest
2006-12-04,6.538303857952695,6.79173489414172,random_forest
2006-12-11,6.670837044262547,6.721687466982043,random_forest
2006-12-18,6.449948400412793,6.865376734469029,random_forest
2006-12-25,6.361592942872892,6.419881116266409,random_forest
2007-01-01,6.209881972916986,6.412146009158368,random_forest
2007-01-08,5.266539844850073,6.423432627233022,random_forest
2007-01-15,5.204076322371097,5.7073334583912185,random_forest
2007-01-22,4.6355637829524055,5.486868709396862,random_forest
2007-01-29,5.160344588569658,5.046965421585864,random_forest
2007-02-05,4.723027250555281,5.61007196050397,random_forest
2007-02-12,5.291539789973972,5.225617133530365,random_forest
2007-02-19,4.591832049150967,5.478995619997169,random_forest
2007-02-26,4.679295516753842,4.965191979529383,random_forest
2007-03-05,3.979587775930838,5.151300171419108,random_forest
2007-03-12,3.760929106923648,4.630930748973576,random_forest
2007-03-19,3.4548069703135837,4.429870583429004,random_forest
2007-03-26,3.4548069703135837,4.545776848669746,random_forest
2007-04-02,3.673465639320773,4.697730870268168,random_forest
2007-04-09,4.416905113945216,4.686288063285489,random_forest
2007-04-16,5.116612854768221,4.468853585270941,random_forest
2007-04-23,6.253637933605604,5.568850240529728,random_forest
2007-04-30,6.647223537818544,6.720810828168214,random_forest
2007-05-07,8.30902942227318,7.581899487402717,random_forest
2007-05-14,8.52768809128037,9.082239823857835,random_forest
2007-05-21,9.271127565904813,8.729795973597227,random_forest
2007-05-28,8.177834220868869,9.94400672747853,random_forest
2007-06-04,8.440224623677494,8.486730451373996,random_forest
2007-06-11,8.92127369549331,8.418559101882856,random_forest
2007-06-18,9.31485929970625,8.498674910497853,random_forest
2007-06-25,8.833810227890433,8.839580581612719,random_forest
2007-07-02,7.5218582138473,8.426234769459109,random_forest
2007-07-09,7.303199544840112,7.921694517850874,random_forest
2007-07-16,7.128272609634361,7.704448195890585,random_forest
2007-07-23,6.690955271619981,7.520822098304596,random_forest
2007-07-30,5.685125394186912,7.228957283039539,random_forest
2007-08-06,6.078710998399853,5.58454445657799,random_forest
2007-08-13,6.078710998399853,6.4392622412665865,random_forest
2007-08-20,7.040809142031485,6.377177433289743,random_forest
2007-08-27,5.860052329392663,6.858288148391623,random_forest
2007-09-03,5.553930192782599,6.203235141329727,random_forest
2007-09-10,4.023319509732275,5.284991147968482,random_forest
2007-09-17,4.198246444938026,4.2730568262055835,random_forest
2007-09-24,4.723027250555281,4.489000241806033,random_forest
2007-10-01,5.072881120966783,4.9802439903379305,random_forest
2007-10-08,5.379003257576848,5.299382671308262,random_forest
2007-10-15,4.985417653363907,5.423455167917648,random_forest
2007-10-22,5.116612854768221,5.438584854457415,random_forest
2007-10-29,5.204076322371097,5.438841617163548,random_forest
2007-11-05,5.772588861789788,5.527403902259253,random_forest
2007-11-12,7.040809142031485,5.757151121328102,random_forest
2007-11-19,6.428564868811354,6.919292318726008,random_forest
2007-11-26,5.772588861789788,6.5257260505268,random_forest
2007-12-03,4.766758984356718,6.228858542542805,random_forest
2007-12-10,4.810490718158156,5.585000372665225,random_forest
2007-12-17,5.204076322371097,5.7186866205276745,random_forest
2007-12-24,4.32944164634234,5.485375092180813,random_forest
2007-12-31,4.766758984356718,4.452027778277769,random_forest
2008-01-07,4.111146147283977,5.024398447175793,random_forest
2008-01-14,5.161291424507668,4.482160399915591,random_forest
2008-01-21,4.943151569713088,4.990078190427421,random_forest
2008-01-28,5.380598611280618,5.049320923796181,random_forest
2008-02-04,4.636938640615817,5.079049676022795,random_forest
2008-02-11,4.549449232302312,4.660419487321861,random_forest
2008-02-18,4.330725711518546,4.647623124367386,random_forest
2008-02-25,4.24323630320504,4.751544805634666,random_forest
2008-03-03,3.6308104450104977,4.733972043919208,random_forest
2008-03-10,3.7182998533240035,4.131496712129917,random_forest
2008-03-17,4.724428048929323,3.758479510929673,random_forest
2008-03-24,5.905535061161655,4.953827818959003,random_forest
2008-03-31,6.474216215199443,6.101828587026472,random_forest
2008-04-07,6.386726806885938,6.568619831428674,random_forest
2008-04-14,6.56170562351295,6.405080654395178,random_forest
2008-04-21,7.217876185864244,6.525418064542748,random_forest
2008-04-28,8.486472606410082,7.36700076699025,random_forest
2008-05-05,9.273877281231636,8.951749975735622,random_forest
2008-05-12,9.930047843582933,9.99419271182597,random_forest
2008-05-19,10.236260772680204,10.350401895437718,random_forest
2008-05-26,10.32375018099371,9.782103614045463,random_forest
2008-06-02,9.580090210328908,9.942592299885629,random_forest
2008-06-09,8.180259677312813,9.309391000478183,random_forest
2008-06-16,7.480344410804764,7.897477145372531,random_forest
2008-06-23,7.261620890020999,7.511668711025865,random_forest
2008-06-30,7.261620890020999,7.464140190269289,random_forest
2008-07-07,7.874046748215541,7.491731110875565,random_forest
2008-07-14,7.042897369237234,7.949619448093438,random_forest
2008-07-21,5.905535061161654,6.631543572144278,random_forest
2008-07-28,4.855662161399581,5.924302373418994,random_forest
2008-08-04,4.9431515697130886,5.49084222663438,random_forest
2008-08-11,5.818045652848149,5.240316950163939,random_forest
2008-08-18,6.474216215199443,6.199840605175313,random_forest
2008-08-25,7.5678338191182695,6.310900913548628,random_forest
2008-09-01,7.217876185864245,7.197159518423023,random_forest
2008-09-08,5.99302446947516,7.034794669378736,random_forest
2008-09-15,4.4619598239888045,5.942069205624831,random_forest
2008-09-22,4.1994915990482875,4.53404339655042,random_forest
2008-09-29,4.286981007361793,4.371966010236124,random_forest
2008-10-06,4.811917457242829,4.5283099497008035,random_forest
2008-10-13,4.943151569713088,5.316994618529349,random_forest
2008-10-20,4.943151569713088,5.165230478589643,random_forest
2008-10-27,4.811917457242829,5.147585938145328,random_forest
2008-11-03,4.1994915990482875,5.443969235287716,random_forest
2008-11-10,4.330725711518546,4.670968227222039,random_forest
2008-11-17,3.9370233741077687,4.77304130735418,random_forest
2008-11-24,4.505704528145558,4.248683042463621,random_forest
2008-12-01,3.8057892616375093,4.675888092987175,random_forest
2008-12-08,3.893278669951016,4.431457644805989,random_forest
2008-12-15,3.2808528117564735,4.584091338832921,random_forest
2008-12-22,3.4995763325402387,3.9246322422059645,random_forest
2008-12-29,4.855662161399581,4.116896327190666,random_forest
2009-01-05,4.855908744374845,5.255537745806032,random_forest
2009-01-12,4.374963581625824,5.223730884701659,random_forest
2009-01-19,2.6692186146930386,4.5132100991597035,random_forest
2009-01-26,2.625460932484956,4.184452831746106,random_forest
2009-02-02,2.4504302036526253,4.360367565377931,random_forest
2009-02-09,2.494187885860708,4.282537033506558,random_forest
2009-02-16,2.187884110404129,3.4948284508923924,random_forest
2009-02-23,2.0128533815717984,3.2359394997617192,random_forest
2009-03-02,2.0128533815717984,3.2720423228430633,random_forest
2009-03-09,2.7567339791092036,3.2879830144384097,random_forest
2009-03-16,3.238068483398113,2.553292798675194,random_forest
2009-03-23,3.4568568944385265,3.477448919053373,random_forest
2009-03-30,4.0257067631436,3.755953780352951,random_forest
2009-04-06,4.9446180895133365,4.1978381066146,random_forest
2009-04-13,6.694925377836642,5.590211449119365,random_forest
2009-04-20,7.745109750830626,7.067851077505626,random_forest
2009-04-27,9.014082534865024,8.82181312753196,random_forest
2009-05-04,8.707778759408447,9.65423476212199,random_forest
2009-05-11,9.101597899281188,9.193333525834504,random_forest
2009-05-18,9.45165935694585,9.160862980082305,random_forest
2009-05-25,9.757963132402429,8.83132263469696,random_forest
2009-06-01,9.276628628113519,9.091170211688445,random_forest
2009-06-08,7.7888674330387095,8.915218011459887,random_forest
2009-06-15,6.957471471085139,8.543307953146002,random_forest
2009-06-22,5.688498687050742,7.0690278158781075,random_forest
2009-06-29,5.732256369258824,5.835390355495032,random_forest
2009-07-06,4.4195259030163445,5.853450772946812,random_forest
2009-07-13,4.4195259030163445,4.384942465605456,random_forest
2009-07-20,3.6318876232708566,4.4135969151712295,random_forest
2009-07-27,4.113222127559766,4.213189705048251,random_forest
2009-08-03,3.3693415300223606,4.558618474764283,random_forest
2009-08-10,3.3693415300223606,3.8309385950757866,random_forest
2009-08-17,2.975522390149616,4.0196942836653795,random_forest
2009-08-24,3.1943108011900296,3.6641287853423385,random_forest
2009-08-31,2.800491661317286,3.342849482093398,random_forest
2009-09-07,3.4568568944385256,3.1363780297734856,random_forest
2009-09-14,3.631887623270856,3.9668501771370455,random_forest
2009-09-21,3.544372258854691,4.192948917571508,random_forest
2009-09-28,3.150553118981947,3.9166774019580823,random_forest
2009-10-05,3.0192800723576987,3.1513245701901598,random_forest
2009-10-12,3.1943108011900296,3.124055422195815,random_forest
2009-10-19,2.53794556806879,3.0755284231590947,random_forest
2009-10-26,2.6254609324849554,2.7915338683533824,random_forest
2009-11-02,2.494187885860707,2.6949780988763377,random_forest
2009-11-09,2.888007025733451,2.690246417255013,random_forest
2009-11-16,2.4066725214445417,2.7769633878889888,random_forest
2009-11-23,2.4066725214445417,2.6020339127235483,random_forest
2009-11-30,2.4504302036526244,2.5090334365260247,random_forest
2009-12-07,2.888007025733451,2.506241453302915,random_forest
2009-12-14,2.756733979109203,2.624329171519885,random_forest
2009-12-21,2.494187885860707,2.743176111663868,random_forest
2009-12-28,1.4440035128667237,2.587681348901575,random_forest
2010-01-04,2.0132299684434756,2.573669509702431,random_forest
2010-01-11,2.494928073849867,2.5381499255280824,random_forest
2010-01-18,3.3703414330954353,2.4165150656000027,random_forest
2010-01-25,2.8450934175480946,3.2401234159338115,random_forest
2010-02-01,2.2760747340384744,2.6911837625430732,random_forest
2010-02-08,2.1009920621893605,2.403160556221816,random_forest
2010-02-15,2.319845402000753,2.34996576183872,random_forest
2010-02-22,2.100992062189361,2.3887443131688606,random_forest
2010-03-01,2.3636160699630318,2.150773373874778,random_forest
2010-03-08,2.713781413661259,2.2595452176051745,random_forest
2010-03-15,3.5016534369822714,2.7885921719426108,random_forest
2010-03-22,3.545424104944549,3.64664442313095,random_forest
2010-03-29,3.6329654408691057,3.6374388046973793,random_forest
2010-04-05,3.939360116605055,3.6780323682398586,random_forest
2010-04-12,4.858544143812902,4.349036770772338,random_forest
2010-04-19,5.558874831209358,6.027462103493244,random_forest
2010-04-26,5.865269506945307,6.101223704626473,random_forest
2010-05-03,7.397242885625052,5.972449754477758,random_forest
2010-05-10,8.185114908946064,8.050141766529688,random_forest
2010-05-17,8.929216264304797,9.014129128879771,random_forest
2010-05-24,9.323152275965304,9.152909817117198,random_forest
2010-05-31,8.929216264304797,9.272148388391496,random_forest
2010-06-07,9.191840272078467,9.068448174242425,random_forest
2010-06-14,8.797904260417962,8.290452801720834,random_forest
2010-06-21,9.366922943927582,8.109409252871693,random_forest
2010-06-28,9.14806960411619,8.17565026274156,random_forest
2010-07-05,8.403968248757456,8.271404073961998,random_forest
2010-07-12,6.915765538039989,8.222990758401552,random_forest
2010-07-19,6.565600194341761,5.957326825428789,random_forest
2010-07-26,5.427562827322522,6.19590426999267,random_forest
2010-08-02,5.9090401749075845,5.355642076088825,random_forest
2010-08-09,5.252480155473408,5.744834832285735,random_forest
2010-08-16,4.5083788001146745,5.405546087049472,random_forest
2010-08-23,3.1077174253217645,4.266004123413929,random_forest
2010-08-30,2.5386987418121447,3.214860613653341,random_forest
2010-09-06,2.4511574058875882,3.119429610386787,random_forest
2010-09-13,2.8888640855103724,3.015772099029012,random_forest
2010-09-20,2.6262400777367017,3.183308742356503,random_forest
2010-09-27,2.6262400777367017,2.6605283367799073,random_forest
2010-10-04,2.9764054214349294,2.711457721645326,random_forest
2010-10-11,3.2828000971708775,2.81174013297806,random_forest
2010-10-18,3.457882769019992,3.0530107284834465,random_forest
2010-10-25,2.9326347534726502,3.4904196044434426,random_forest
2010-11-01,3.2390294292085997,2.7926574894123397,random_forest
2010-11-08,3.414112101057713,3.1553592812223674,random_forest
2010-11-15,3.370341433095435,3.4764527038046062,random_forest
2010-11-22,3.1952587612463215,3.2074377475169293,random_forest
2010-11-29,3.50165343698227,2.8714441033562137,random_forest
2010-12-06,3.895589448642776,3.573702930685851,random_forest
2010-12-13,3.589194772906827,3.820461408338727,random_forest
2010-12-20,3.457882769019992,3.624179929306379,random_forest
2010-12-27,3.7205067767936626,3.561089746369353,random_forest
2011-01-03,3.6332123166836197,4.207342454129226,random_forest
2011-01-10,3.458454481432551,4.0157540090621575,random_forest
2011-01-17,3.1086399612602116,3.6336615885170604,random_forest
2011-01-24,3.152423622686412,2.8640638130412577,random_forest
2011-01-31,2.8897216541292106,2.8635870872350258,random_forest
2011-02-07,2.495668701293408,2.65296205907092,random_forest
2011-02-14,2.80215433127681,2.54766427138161,random_forest
2011-02-21,3.021072638407811,2.6775934932376253,random_forest
2011-02-28,2.9772889769816113,2.908283960231081,random_forest
2011-03-07,2.7145870084244095,2.984108884562714,random_forest
2011-03-14,2.5832360241458088,2.8471591523616055,random_forest
2011-03-21,2.93350531555541,2.7640444692643498,random_forest
2011-03-28,3.021072638407811,2.9573130432819488,random_forest
2011-04-04,3.6778275598008143,2.937082525997636,random_forest
2011-04-11,4.115664174062817,4.009325620392312,random_forest
2011-04-18,4.72863543402962,4.505899431013318,random_forest
2011-04-25,4.991337402586821,5.572928153691648,random_forest
2011-05-02,5.035121064013022,5.791234569769189,random_forest
2011-05-09,5.998361615389427,5.374632178393449,random_forest
2011-05-16,7.005385828192032,6.5344596320640385,random_forest
2011-05-23,7.443222442454034,7.509982458398684,random_forest
2011-05-30,7.049169489618232,8.189063478474596,random_forest
2011-06-06,6.698900198208631,7.083044684930812,random_forest
2011-06-13,7.268087796749234,6.72450198560561,random_forest
2011-06-20,6.786467521061031,7.447451495352944,random_forest
2011-06-27,6.3048472453728275,6.668469511363288,random_forest
2011-07-04,5.604308662553625,6.448258319468555,random_forest
2011-07-11,5.516741339701224,5.427464062187833,random_forest
2011-07-18,5.166472048291623,5.2781518789302115,random_forest
2011-07-25,5.341606693996423,5.189704457545926,random_forest
2011-08-01,5.472957678275023,5.475141755575467,random_forest
2011-08-08,5.516741339701224,5.439391477910748,random_forest
2011-08-15,4.4659334654724185,5.318939302599322,random_forest
2011-08-22,3.7216112212270147,3.801016375269112,random_forest
2011-08-29,2.7145870084244095,3.758102570380241,random_forest
2011-09-05,2.8897216541292106,2.7584957084727,random_forest
2011-09-12,3.1086399612602116,2.8280966756639647,random_forest
2011-09-19,3.4589092526698137,2.994112498743477,random_forest
2011-09-26,3.4151255912436134,3.3829926624699183,random_forest
2011-10-03,3.5464765755222136,3.328940892394067,random_forest
2011-10-10,3.634043898374614,3.5006543588278487,random_forest
2011-10-17,3.5464765755222136,3.5673397113057845,random_forest
2011-10-24,3.5026929140960132,3.506302286580223,random_forest
2011-10-31,3.8091785440794155,3.5517848693892833,random_forest
2011-11-07,4.0280968512104165,3.699644340375959,random_forest
2011-11-14,3.984313189784217,3.9986052322247434,random_forest
2011-11-21,3.6778275598008148,3.919117334546409,random_forest
2011-11-28,3.5464765755222136,3.7776992030533414,random_forest
2011-12-05,3.064856299834011,3.6703701444738037,random_forest
2011-12-12,3.152423622686412,3.043896785983435,random_forest
2011-12-19,2.75837066985061,3.0284182483486997,random_forest
2011-12-26,3.3713419298174134,2.7159765465358214,random_forest
2012-01-02,3.765878055478996,3.373639804200458,random_forest
2012-01-09,5.0800016583409935,3.7886820815488544,random_forest
2012-01-16,4.248281854668463,5.108230697368363,random_forest
2012-01-23,3.7665179330050282,3.7944514259311237,random_forest
2012-01-30,2.8905835299806024,3.7974581321439316,random_forest
2012-02-06,2.9343802501318232,2.7677944399577354,random_forest
2012-02-13,2.6715999292244956,2.9404853136994986,random_forest
2012-02-20,2.408819608317167,2.844909256734379,random_forest
2012-02-27,3.2409572911903726,2.41490996152252,random_forest
2012-03-05,3.459940891946479,3.330020092472464,random_forest
2012-03-12,4.029298253912356,3.4791176746039705,random_forest
2012-03-19,4.204485134517242,4.01236049412333,random_forest
2012-03-26,4.423468735273349,4.025451768513228,random_forest
2012-04-02,4.554858895727013,4.070971617858822,random_forest
2012-04-09,4.861435936785561,4.171898364557103,random_forest
2012-04-16,6.043947380868537,5.4353101567210755,random_forest
2012-04-23,6.700898183136856,6.797582447662938,random_forest
2012-04-30,6.963678504044185,7.28453113853755,random_forest
2012-05-07,6.8760850637417406,7.149565151622825,random_forest
2012-05-14,7.357848985405177,7.0697350378591155,random_forest
2012-05-21,7.708222746614946,7.488966501461955,random_forest
2012-05-28,7.48923914585884,7.795724061999443,random_forest
2012-06-04,8.321376828732046,7.366165098154653,random_forest
2012-06-11,8.8469374705467,8.218510450869523,random_forest
2012-06-18,8.80314075039548,8.962939091326508,random_forest
2012-06-25,8.14618994812716,8.905733430289047,random_forest
2012-07-02,7.489239145858839,7.618289489725424,random_forest
2012-07-09,7.226458824951512,7.258434761863982,random_forest
2012-07-16,6.350524421927086,6.799539366612598,random_forest
2012-07-23,5.386996578600216,5.881050095803943,random_forest
2012-07-30,5.16801297784411,5.357589942329403,random_forest
2012-08-06,5.080419537541668,5.324825621612414,random_forest
2012-08-13,4.9928260972392255,5.0122110599168925,random_forest
2012-08-20,3.8103146531562504,5.088117714208928,random_forest
2012-08-27,2.452616328468389,3.3843386035724006,random_forest
2012-09-03,2.2774294478635038,2.72021682886157,random_forest
2012-09-10,2.452616328468389,2.505342948306811,random_forest
2012-09-17,2.8029900896781594,2.7859591664918235,random_forest
2012-09-24,2.5402097687708314,2.920392270992929,random_forest
2012-10-01,3.0657704105854875,2.7149605526678484,random_forest
2012-10-08,2.9343802501318237,3.0869106417786494,random_forest
2012-10-15,2.6278032090732744,2.947293924996589,random_forest
2012-10-22,2.5402097687708314,2.7616730067771185,random_forest
2012-10-29,2.5402097687708314,2.803183507952149,random_forest
2012-11-05,2.584006488922053,2.7277882228121615,random_forest
2012-11-12,2.584006488922053,2.6471617745722953,random_forest
2012-11-19,2.9343802501318237,2.6276375527786984,random_forest
2012-11-26,3.5037376120977,2.730910807474318,random_forest
2012-12-03,2.8905835299806024,3.579086831874743,random_forest
2012-12-10,2.8905835299806015,2.8932010507163155,random_forest
2012-12-17,3.240957291190373,3.0204774809779478,random_forest
2012-12-24,3.8979080934586925,3.4016572716262283,random_forest
2012-12-31,3.503737612097701,4.293521058643189,random_forest
2013-01-07,3.460396204782637,3.874622892879793,random_forest
2013-01-14,3.6797830826221976,3.5650725786854545,random_forest
2013-01-21,4.030495076224542,3.678421122672384,random_forest
2013-01-28,3.2419199526153926,3.805642606693026,random_forest
2013-02-04,2.497154558095639,3.2992833849457384,random_forest
2013-02-11,2.190486454469858,2.647488971463299,random_forest
2013-02-18,2.102866996291064,2.266906908075615,random_forest
2013-02-25,2.0590572672016663,2.3096704483537835,random_forest
2013-03-04,2.102866996291064,2.3887961409571137,random_forest
2013-03-11,2.6285837453638305,2.4026925386818436,random_forest
2013-03-18,4.468592367118515,2.916242845093774,random_forest
2013-03-25,4.906689658012488,4.317952689332629,random_forest
2013-04-01,5.388596677995859,5.67018786503679,random_forest
2013-04-08,4.775260470744296,5.559554081614812,random_forest
2013-04-15,6.571459363409584,5.085385155037003,random_forest
2013-04-22,7.622892861555118,7.293628224917497,random_forest
2013-04-29,7.929560965180898,8.037102212184903,random_forest
2013-05-06,6.834317737945967,8.191932211477578,random_forest
2013-05-13,6.264791259783803,7.148938153775504,random_forest
2013-05-20,6.96574692521416,6.696194110254519,random_forest
2013-05-27,6.352410717962599,7.099779579907706,random_forest
2013-06-03,6.264791259783803,6.771356813937674,random_forest
2013-06-10,4.600021554386708,6.522833153729236,random_forest
2013-06-17,4.600021554386708,4.80690941515666,random_forest
2013-06-24,3.8114464307775577,4.808923286947952,random_forest
2013-07-01,3.899065888956352,3.776705711928451,random_forest
2013-07-08,3.8114464307775577,3.820427318348807,random_forest
2013-07-15,4.074304805313941,3.8290741592069213,random_forest
2013-07-22,3.4171588689729817,4.0197240541371775,random_forest
2013-07-29,3.022871307168407,3.582693138167565,random_forest
2013-08-05,2.4971545580956396,3.10006122479673,random_forest
2013-08-12,2.7600129326320233,2.5458573968118485,random_forest
2013-08-19,2.847632390810818,2.934631832771103,random_forest
2013-08-26,2.5409642871850373,2.9205617116681744,random_forest
2013-09-02,2.4533448290062423,2.7492119002120514,random_forest
2013-09-09,2.190486454469859,2.7458008617365586,random_forest
2013-09-16,2.3219156417380513,2.4166363293180253,random_forest
2013-09-23,2.847632390810818,2.41941665365445,random_forest
2013-09-30,2.6285837453638314,2.98827336485353,random_forest
2013-10-07,2.8038226617214206,2.8122502152088473,random_forest
2013-10-14,2.190486454469859,2.73162945409237,random_forest
2013-10-21,2.321915641738051,2.307112984929724,random_forest
2013-10-28,2.102866996291065,2.607939181126414,random_forest
2013-11-04,2.4971545580956396,2.356400286250391,random_forest
2013-11-11,2.6723934744532287,2.801127055443198,random_forest
2013-11-18,2.935251848989612,2.9330750161263572,random_forest
2013-11-25,2.891442119900215,3.1148493385670677,random_forest
2013-12-02,2.891442119900215,3.0752557353603667,random_forest
2013-12-09,2.409535099916845,3.1457916851165932,random_forest
2013-12-16,2.365725370827448,2.4722816975577184,random_forest
2013-12-23,2.3219156417380504,2.416319606128728,random_forest
2013-12-30,3.0666810362578047,2.3004116655376583,random_forest
2014-01-06,3.2860811317559366,2.9922386745575174,random_forest
2014-01-13,3.1548471945161594,3.291095707347657,random_forest
2014-01-20,2.1911372878979063,3.0221565864478155,random_forest
2014-01-27,1.8843780675921993,2.247914321921986,random_forest
2014-02-03,2.10349179638199,2.2447883813479126,random_forest
2014-02-10,2.2787827794138233,2.2516365085842125,random_forest
2014-02-17,1.8405553218342412,2.3566944915494665,random_forest
2014-02-24,1.7529098303183244,2.3261055421655508,random_forest
2014-03-03,1.796732576076283,2.3787946125091404,random_forest
2014-03-10,2.10349179638199,2.15450000622618,random_forest
2014-03-17,1.709087084560366,2.3872545762333415,random_forest
2014-03-24,1.9720235591081154,2.2483545715500526,random_forest
2014-03-31,1.9720235591081154,2.3382372784770022,random_forest
2014-04-07,2.234960033655865,1.9757630786279576,random_forest
2014-04-14,2.1911372878979063,1.8888652452144576,random_forest
2014-04-21,2.322605525171781,1.989647927340158,random_forest
2014-04-28,2.7608329827513636,2.4403567128879025,random_forest
2014-05-05,3.5934651521525693,3.0512127869546117,random_forest
2014-05-12,4.426097321553775,3.6234751684812334,random_forest
2014-05-19,4.645211050343566,4.1144074650449385,random_forest
2014-05-26,4.338451830037859,4.331935979520048,random_forest
2014-06-02,3.900224372458277,4.187524029364313,random_forest
2014-06-09,3.944047118216235,3.880818662415393,random_forest
2014-06-16,4.6890337961015245,3.869034234107293,random_forest
2014-06-23,5.696956948534563,5.046897386145251,random_forest
2014-06-30,6.0037161688402705,5.64911815094216,random_forest
2014-07-07,5.083438507923148,6.224766361851522,random_forest
2014-07-14,3.7249333894264436,5.637137055720875,random_forest
2014-07-21,2.936123965783196,3.538872128079828,random_forest
2014-07-28,2.6293647454774884,2.789365855132537,random_forest
2014-08-04,2.8484784742672797,2.676373624029039,random_forest
2014-08-11,2.58554199971953,2.749078647713822,random_forest
2014-08-18,2.1911372878979063,2.639497715517569,random_forest
2014-08-25,1.9282008133501574,2.318465132155342,random_forest
2014-09-01,2.10349179638199,2.3330749826876502,random_forest
2014-09-08,2.2787827794138233,2.365231303505405,random_forest
2014-09-15,1.6652643388024078,2.350688303385784,random_forest
2014-09-22,1.6214415930444492,2.0414869095189063,random_forest
2014-09-29,1.4461506100126167,2.051657337290705,random_forest
2014-10-06,1.9720235591081152,2.1483657810660786,random_forest
2014-10-13,1.665264338802408,1.9943830416691886,random_forest
2014-10-20,2.059669050624032,1.8145524578745842,random_forest
2014-10-27,1.5776188472864916,1.8560813792046387,random_forest
2014-11-03,1.6214415930444497,1.8441372275277217,random_forest
2014-11-10,1.3146823727387422,1.792438838693997,random_forest
2014-11-17,1.489973355770575,1.6571841183289724,random_forest
2014-11-24,1.6652643388024078,1.6853572457786625,random_forest
2014-12-01,1.8843780675921986,1.6929882572772155,random_forest
2014-12-08,1.9720235591081152,1.7022698622284798,random_forest
2014-12-15,2.147314542139948,1.8774931410799054,random_forest
2014-12-22,2.0158463048660735,1.8883849375963997,random_forest
2014-12-29,2.804655728509321,2.0000420335033415,random_forest
2015-01-05,2.629560111565066,3.2916003107796636,random_forest
2015-01-12,2.3667278322640253,2.879841358252361,random_forest
2015-01-19,1.4465804154052881,2.7399586164960326,random_forest
2015-01-26,1.5342519557328818,1.9955306141075233,random_forest
2015-02-02,1.7095950363880688,1.8262477846706724,random_forest
2015-02-09,1.5342519557328815,1.8517152128459167,random_forest
2015-02-16,1.3150731049138977,1.841426853411843,random_forest
2015-02-23,1.3150731049138977,1.7187836820552855,random_forest
2015-03-02,1.8411023468794585,1.7313866819687946,random_forest
2015-03-09,1.972609657370849,1.7672359702431177,random_forest
2015-03-16,2.104116967862239,1.8011418397578678,random_forest
2015-03-23,2.0164454275346455,1.8711356437791669,random_forest
2015-03-30,2.4548031291726136,2.0957390926621557,random_forest
2015-04-06,3.068503911465768,2.8221178899556985,random_forest
2015-04-13,3.8575477744141096,2.898463606743218,random_forest
2015-04-20,4.7342631776900435,3.925133214704345,random_forest
2015-04-27,4.909606258345231,5.067427837226131,random_forest
2015-05-04,5.3041281898194015,5.0041684783327,random_forest
2015-05-11,5.260292419655605,5.4565339811756175,random_forest
2015-05-18,5.347963959983198,5.865291269216555,random_forest
2015-05-25,5.567142810802181,5.713664122209187,random_forest
2015-06-01,4.909606258345231,5.463993646038763,random_forest
2015-06-08,5.216456649491808,5.16141892258348,random_forest
2015-06-15,5.260292419655605,5.454797752946529,random_forest
2015-06-22,5.347963959983198,5.524474379606029,random_forest
2015-06-29,4.383577016379669,5.47370578211261,random_forest
2015-07-06,3.901383544577906,3.965321576020982,random_forest
2015-07-13,3.8575477744141096,3.630016255525534,random_forest
2015-07-20,3.8137120042503128,3.4068829793159616,random_forest
2015-07-27,2.8493250606467844,3.642101378976726,random_forest
2015-08-03,2.542474669500207,2.6753344734968647,random_forest
2015-08-10,2.3232958186812236,2.57405621602631,random_forest
2015-08-17,2.3232958186812236,2.3236358008545954,random_forest
2015-08-24,1.9287738872070526,2.3787470404887845,random_forest
2015-08-31,2.016445427534646,2.107733604890652,random_forest
2015-09-07,1.7534308065518658,2.107173353280151,random_forest
2015-09-14,1.6219234960604754,1.854255596161393,random_forest
2015-09-21,1.4904161855690852,1.6491185043407184,random_forest
2015-09-28,1.5780877258966788,1.6369848511389147,random_forest
2015-10-05,1.5780877258966788,1.812732897760978,random_forest
2015-10-12,1.2274015645863048,1.7438580341938068,random_forest
2015-10-19,1.2274015645863048,1.5165267256375758,random_forest
2015-10-26,1.2712373347501016,1.5664964728718234,random_forest
2015-11-02,1.4465804154052886,1.5518497862997245,random_forest
2015-11-09,1.841102346879459,1.4999644957531992,random_forest
2015-11-16,2.191788508189833,1.8073889970624115,random_forest
2015-11-23,2.323295818681223,1.9331315982052169,random_forest
2015-11-30,1.7095950363880688,2.134734984283556,random_forest
2015-12-07,1.4027446452414918,1.7676680898166994,random_forest
2015-12-14,1.4465804154052886,1.5894710492183246,random_forest
2015-12-21,1.709595036388073,1.6354390697436716,random_forest
2015-12-28,1.1397300242587114,1.7485122477620427,random_forest
2016-01-04,1.402992256091812,1.462954999730121,random_forest
2016-01-11,1.2277664647867768,1.5242260047524105,random_forest
2016-01-18,1.5785568832972856,1.4993394512809919,random_forest
2016-01-25,1.447010476355845,1.5421893981095622,random_forest
2016-02-01,1.3593128717282177,1.4385190353269288,random_forest
2016-02-08,1.973196104121608,1.4636810775613123,random_forest
2016-02-15,1.534708080983472,1.9462859772408618,random_forest
2016-02-22,1.622405685611099,1.4630321389348369,random_forest
2016-02-29,1.4908592786696584,1.4761066235800926,random_forest
2016-03-07,2.104742511063048,1.5821221596903545,random_forest
2016-03-14,2.411684127259744,1.9111418698123779,random_forest
2016-03-21,1.8854984994939807,2.5457744641094964,random_forest
2016-03-28,1.3593128717282177,2.020568929523244,random_forest
2016-04-04,1.5785568832972856,1.7868406803962864,random_forest
2016-04-11,2.3678353249459305,1.811562196827632,random_forest
2016-04-18,2.4993817318873712,2.2126455038928103,random_forest
2016-04-25,2.36783532494593,2.8721179833787867,random_forest
2016-05-02,1.929347301807794,2.4322971085749527,random_forest
2016-05-09,2.1485913133768624,2.0757149874796177,random_forest
2016-05-16,2.8940209527116934,2.2382025973379207,random_forest
2016-05-23,4.297182626753728,3.026925477700052,random_forest
2016-05-30,5.393402684599068,4.2688172805715885,random_forest
2016-06-06,6.314227533189154,5.1370895776269565,random_forest
2016-06-13,7.103505974837798,5.692955698840198,random_forest
2016-06-20,7.278901184093052,6.772578017137297,random_forest
2016-06-27,6.007285916992458,7.000807621810142,random_forest
2016-07-04,4.297182626753728,5.421480474441921,random_forest
2016-07-11,3.6394505920465243,4.1364153797448635,random_forest
2016-07-18,3.420206580477456,3.3778853059755125,random_forest
2016-07-25,2.718625743456439,3.3895184124896645,random_forest
2016-08-01,2.323986522632116,2.662906999446351,random_forest
2016-08-08,2.3239865226321164,2.2059119717403157,random_forest
2016-08-15,2.9817185573393203,2.2114705521720444,random_forest
2016-08-22,2.630928138828811,2.868698517816978,random_forest
2016-08-29,2.3678353249459296,2.5599979074892745,random_forest
2016-09-05,1.9731961041216077,2.0313566101042486,random_forest
2016-09-12,1.8854984994939803,2.0602970603350323,random_forest
2016-09-19,3.3325089758498287,1.9224897028631927,random_forest
2016-09-26,5.17415867303,3.288390787966893,random_forest
2016-10-03,5.744193103109577,4.806499262753167,random_forest
2016-10-10,4.428729033695169,4.980729011938662,random_forest
2016-10-17,3.0694161619669473,4.352002255064687,random_forest
2016-10-24,2.8501721503978796,2.7996181226976256,random_forest
2016-10-31,3.1571137665945748,2.590392500382296,random_forest
2016-11-07,2.7624745457702526,2.926063346090048,random_forest
2016-11-14,2.674776941142625,2.6293144399048183,random_forest
2016-11-21,2.2801377203183026,2.7073049129549176,random_forest
2016-11-28,3.595601789732711,2.169729283585578,random_forest
2016-12-05,4.56027544063661,3.595170078258637,random_forest
2016-12-12,4.428729033695169,4.363453796932324,random_forest
2016-12-19,3.1132649642807606,4.018628833451474,random_forest
2016-12-26,2.104742511063048,3.073176634607745,random_forest
2017-01-02,2.3242342807530956,2.413626343049107,random_forest
2017-01-09,1.9297124190387105,2.5503380432011595,random_forest
2017-01-16,1.7544736885967058,2.185575015823542,random_forest
2017-01-23,1.140407897587857,1.7159606586517957,random_forest
2017-01-30,1.1404078975878573,1.617444506440082,random_forest
2017-02-06,1.140407897587857,1.4641944811703402,random_forest
2017-02-13,1.4474407930922812,1.4827880270200826,random_forest
2017-02-20,1.5790263197370396,1.650185550124357,random_forest
2017-02-27,1.7544736885967058,1.6502799063032936,random_forest
2017-03-06,1.6667500041668701,1.8497904391164848,random_forest
2017-03-13,1.6667500041668701,1.8587602342124652,random_forest
2017-03-20,1.6228881619519522,1.8610857049388811,random_forest
2017-03-27,2.587848690680143,1.8509596005945943,random_forest
2017-04-03,3.5528092194083336,2.9326802284673206,random_forest
2017-04-10,3.772118430482923,4.375436410530268,random_forest
2017-04-17,4.03528948377243,3.9682063013861733,random_forest
2017-04-24,3.9037039571276764,3.9773168899268527,random_forest
2017-05-01,4.8686644858558665,3.9792203683645684,random_forest
2017-05-08,3.9475657993425934,5.344879042711335,random_forest
2017-05-15,3.684394746053087,4.00622805029468,random_forest
2017-05-22,2.763296059539814,4.062226660337322,random_forest
2017-05-29,3.1141907972591567,2.993702011301377,random_forest
2017-06-05,2.8948815861845674,3.241022740746544,random_forest
2017-06-12,2.9387434283994853,3.206009227877182,random_forest
2017-06-19,2.45626316403539,3.157351238050176,random_forest
2017-06-26,1.9737828996712947,2.645275960279832,random_forest
2017-07-03,1.5351644775221172,2.2572325873892614,random_forest
2017-07-10,1.6667500041668706,1.8821765748982167,random_forest
2017-07-17,1.886059215241459,1.797952600441527,random_forest
2017-07-24,2.105368426316048,2.021740807295494,random_forest
2017-07-31,1.842197373026541,2.092064986295725,random_forest
2017-08-07,1.7983355308116236,1.92939570809589,random_forest
2017-08-14,1.4035789508773637,2.06902807979118,random_forest
2017-08-21,1.4913026353071992,1.595401427230447,random_forest
2017-08-28,1.3158552664475283,1.648266160775146,random_forest
2017-09-04,1.1842697398027748,1.5234736335456869,random_forest
2017-09-11,1.0526842131580216,1.452262719656485,random_forest
2017-09-18,1.140407897587857,1.407773004151395,random_forest
2017-09-25,1.359717108662446,1.4372595965880752,random_forest
2017-10-02,1.6228881619519526,1.5967516411660305,random_forest
2017-10-09,1.5790263197370347,1.703975052952855,random_forest
2017-10-16,1.535164477522117,1.589311284923312,random_forest
2017-10-23,1.140407897587857,1.516865004773991,random_forest
2017-10-30,1.3158552664475283,1.3502606293554806,random_forest
2017-11-06,1.579026319737035,1.4371189734510377,random_forest
2017-11-13,1.7106118463817879,1.5189325286025814,random_forest
2017-11-20,1.5790263197370347,1.554505248305071,random_forest
2017-11-27,1.315855266447528,1.487040365512258,random_forest
2017-12-04,1.886059215241459,1.4544170654492399,random_forest
2017-12-11,2.1053684263160477,1.9616127061418118,random_forest
2017-12-18,2.500125006250308,2.124480648690889,random_forest
2017-12-25,1.9737828996712947,2.4237032840649455,random_forest
2018-01-01,2.0641071400776574,1.9473921113305286,random_forest
2018-01-08,2.022701378507237,2.1231977047546233,random_forest
2018-01-15,2.1563095598004,2.1686751689071215,random_forest
2018-01-22,1.4522084790492478,2.3491084847372745,random_forest
2018-01-29,0.9241326684858829,1.5535364066585509,random_forest
2018-02-05,0.836120033391989,1.3241214987034369,random_forest
2018-02-12,1.0561516211267243,1.3513529076248016,random_forest
2018-02-19,1.0561516211267243,1.3558748618803622,random_forest
2018-02-26,0.7481073982980949,1.429024171087203,random_forest
2018-03-05,0.9241326684858832,1.2286688377326782,random_forest
2018-03-12,1.0561516211267241,1.2532047763433762,random_forest
2018-03-19,1.4962147965961947,1.2580499014216089,random_forest
2018-03-26,1.8922716545187181,1.9103544244576014,random_forest
2018-04-02,1.9802842896126123,2.0458489341188324,random_forest
2018-04-09,1.848265336971771,2.0452270312137544,random_forest
2018-04-16,1.71624638433093,1.9687358007083768,random_forest
2018-04-23,1.9802842896126123,1.6250635258323394,random_forest
2018-04-30,2.7723980054576587,2.111183146561545,random_forest
2018-05-07,3.476499086208811,3.3870138110174666,random_forest
2018-05-14,6.4249223618542635,3.9284846869104544,random_forest
2018-05-21,6.864985537323733,6.5479834975075075,random_forest
2018-05-28,6.7329665846828926,6.5369587890538146,random_forest
2018-06-04,5.060726517898904,6.532578370274911,random_forest
2018-06-11,6.1168781390256335,4.752116571394967,random_forest
2018-06-18,8.669244556748561,5.162317629561711,random_forest
2018-06-25,9.109307732218031,6.931077210060633,random_forest
2018-07-02,7.481073982980991,6.450675699773825,random_forest
2018-07-09,5.8088339161970035,6.319991458115173,random_forest
2018-07-16,5.060726517898904,5.055525003521232,random_forest
2018-07-23,5.544796010915323,4.691434708098222,random_forest
2018-07-30,4.488644389788593,4.840849512688359,random_forest
2018-08-06,3.740536991490494,3.490825279418344,random_forest
2018-08-13,2.7723980054576582,3.1615361007666745,random_forest
2018-08-20,2.288328512441241,2.634800954071645,random_forest
2018-08-27,1.8922716545187175,2.385624812230271,random_forest
2018-09-03,1.7162463843309295,2.201009652220404,random_forest
2018-09-10,1.5842274316900935,1.7456333351602602,random_forest
2018-09-17,1.7162463843309295,1.596321170542553,random_forest
2018-09-24,1.540221114143141,1.6072057303438856,random_forest
2018-10-01,1.4962147965961943,1.4697014491881728,random_forest
2018-10-08,1.5402211141431412,1.4799773838948524,random_forest
2018-10-15,2.332334829988188,1.478955283912983,random_forest
2018-10-22,2.376341147535135,2.008941066930022,random_forest
2018-10-29,2.2883285124412405,1.939907221771235,random_forest
2018-11-05,2.0242906071595583,2.0570281296993023,random_forest
2018-11-12,2.1563095598003996,2.132487693396312,random_forest
2018-11-19,2.5523664177229226,2.256555793628036,random_forest
2018-11-26,2.1563095598003996,2.466159510566791,random_forest
2018-12-03,2.59637273526987,2.1415585421459493,random_forest
2018-12-10,2.3763411475351344,2.581784731433735,random_forest
2018-12-17,2.4203474650820813,2.3892219196668543,random_forest
2018-12-24,2.0682969247065053,2.281086209457777,random_forest
2018-12-31,2.0242906071595583,2.261108059919563,random_forest
2019-01-07,1.9787655422906347,2.1050646930737735,random_forest
2019-01-14,1.8448136385127327,2.0571158328874484,random_forest
2019-01-21,1.4037839874747318,1.9229554372317652,random_forest
2019-01-28,1.272179238648975,1.3777622092496309,random_forest
2019-02-04,1.2283109890403894,1.4996259659426634,random_forest
2019-02-11,1.4037839874747318,1.4498692224711587,random_forest
2019-02-18,1.4915204866919025,1.6090847347871882,random_forest
2019-02-25,2.017939481994929,1.691657967826796,random_forest
2019-03-04,2.2372807300378565,1.9493775424612572,random_forest
2019-03-11,2.588226726906541,2.0237194292487604,random_forest
2019-03-18,1.9740712323863434,2.9387681660454676,random_forest
2019-03-25,1.4476522370833171,1.9989973870581805,random_forest
2019-04-01,1.6231252355176593,1.8165372953757506,random_forest
2019-04-08,1.8863347331691724,1.9731040530189352,random_forest
2019-04-15,2.544358477297956,2.069415458566407,random_forest
2019-04-22,2.6759632261237125,2.3375772206175207,random_forest
2019-04-29,3.070777472600982,2.8317174344546827,random_forest
2019-05-06,2.9830409733838112,3.604507096555506,random_forest
2019-05-13,3.0269092229923964,3.543728436882494,random_forest
2019-05-20,3.0269092229923964,3.409886593831444,random_forest
2019-05-27,3.421723469469672,2.9447509960632843,random_forest
2019-06-03,3.3778552198610807,3.9760242001748103,random_forest
2019-06-10,2.851436224558054,3.8341972998385656,random_forest
2019-06-17,2.3688854788636133,3.0024320504586295,random_forest
2019-06-24,2.368885478863614,2.5254305447117242,random_forest
2019-07-01,2.6759632261237125,2.5557682141296514,random_forest
2019-07-08,2.851436224558055,2.4858033221434366,random_forest
2019-07-15,2.5443584772979557,2.703339523112526,random_forest
2019-07-22,2.412753728472199,2.3139671808087945,random_forest
2019-07-29,2.281148979646442,2.264678000334325,random_forest
2019-08-05,2.368885478863614,2.2391016963036416,random_forest
2019-08-12,1.9740712323863436,2.332725867857614,random_forest
2019-08-19,1.974071232386344,1.9296674719934503,random_forest
2019-08-26,1.3599157378661462,1.95505589440155,random_forest
2019-09-02,1.754729984343416,1.6017062057417621,random_forest
2019-09-09,1.4476522370833171,1.64559919834155,random_forest
2019-09-16,2.368885478863614,1.516849988077974,random_forest
2019-09-23,2.325017229255028,2.3064816047619146,random_forest
2019-09-30,2.456621978080785,2.176316569288063,random_forest
2019-10-07,2.061807731603515,2.19016771593596,random_forest
2019-10-14,1.7985982339520017,2.126903888176438,random_forest
2019-10-21,1.7108617347348305,1.691898090323696,random_forest
2019-10-28,1.272179238648975,1.6576621599347614,random_forest
2019-11-04,1.754729984343416,1.3986852991092638,random_forest
2019-11-11,2.1056759812121,1.587455603909821,random_forest
2019-11-18,2.7636997253408833,2.360204679469132,random_forest
2019-11-25,2.1934124804292714,2.86309862249064,random_forest
2019-12-02,1.9740712323863434,2.3671480067688155,random_forest
2019-12-09,1.842466483560587,1.9027958172545543,random_forest
2019-12-16,1.7985982339520012,1.72988249252977,random_forest
2019-12-23,2.3688854788636133,1.5714986857496438,random_forest
2019-12-30,2.2372807300378565,2.243432062251825,random_forest
2020-01-06,2.6316869142669534,2.0585260915114745,random_forest
2020-01-13,1.9295548839130123,2.28535856040875,random_forest
2020-01-20,1.7537698378771258,1.776567025658538,random_forest
2020-01-27,1.4030158703016997,1.3789266502340671,random_forest
2020-02-03,1.4468601162486276,1.4922058443624897,random_forest
2020-02-10,1.4468601162486279,1.5573174257416118,random_forest
2020-02-17,1.6660813459832695,1.579522264464663,random_forest
2020-02-24,1.9729910676117672,1.6525791690479923,random_forest
2020-03-02,1.885302575717911,1.9863423273284855,random_forest
2020-03-09,1.797614083824054,1.9354889341229211,random_forest
2020-03-16,1.4468601162486279,1.7854849348737845,random_forest
2020-03-23,1.315327378407843,1.8793515216807668,random_forest
2020-03-30,0.9645734108324167,1.6263166503480462,random_forest
2020-04-06,0.6138194432569904,1.1055439732331775,random_forest
2020-04-13,0.5699751973100621,1.1266938316692956,random_forest
2020-04-20,0.5261309513631337,1.1410454411852615,random_forest
2020-04-27,0.4384424594692771,0.7587056139591307,random_forest
2020-05-04,0.21922122973463573,0.7864374597623643,random_forest
2020-05-11,0.13153273784077912,0.7850302883769495,random_forest
2020-05-18,0.1753769837877074,0.8145215795133016,random_forest
2020-05-25,0.1315327378407849,0.3068332760169886,random_forest
2020-06-01,0.08768849189385082,0.30914534641008923,random_forest
2020-06-08,0.043844245946922523,0.3141867182313956,random_forest
2020-06-15,0.0,0.328433038512811,random_forest
2020-06-22,0.0,0.10938357963862001,random_forest
2020-06-29,0.043844245946922523,0.10938357963862001,random_forest
2020-07-06,0.043844245946922523,0.10157338065530225,random_forest
2020-07-13,0.08768849189385082,0.10938357963862001,random_forest
2020-07-20,0.08768849189385082,0.07941248411519113,random_forest
2020-07-27,0.08768849189385082,0.08231907924530768,random_forest
2020-08-03,0.3507539675754206,0.08506178040843215,random_forest
2020-08-10,0.3945982135223489,0.12372593604863144,random_forest
2020-08-17,0.4822867054162055,0.34310715743412507,random_forest
2020-08-24,0.1753769837877074,0.3807013109872016,random_forest
2020-08-31,0.1753769837877074,0.3502849020837779,random_forest
2020-09-07,0.21922122973463573,0.3965408566595274,random_forest
2020-09-14,0.3507539675754206,0.3422642519387809,random_forest
2020-09-21,0.3507539675754206,0.4107626358349848,random_forest
2020-09-28,0.3945982135223489,0.39874973305496736,random_forest
2020-10-05,0.3945982135223489,0.3934941206755993,random_forest
2020-10-12,0.6138194432569903,0.3233903532437166,random_forest
2020-10-19,0.48228670541620544,0.33396246192087,random_forest
2020-10-26,0.39459821352234886,0.3261644922323623,random_forest
2020-11-02,0.263065475681564,0.3281964501505124,random_forest
2020-11-09,0.3945982135223489,0.3334714254474404,random_forest
2020-11-16,0.4822867054162055,0.4001640549612011,random_forest
2020-11-23,0.3507539675754206,0.39169747589069825,random_forest
2020-11-30,0.263065475681564,0.3954173090257238,random_forest
2020-12-07,0.13153273784077912,0.34159854830277825,random_forest
2020-12-14,0.1753769837877074,0.27748058112049906,random_forest
2020-12-21,0.13153273784077912,0.2769917016052418,random_forest
2020-12-28,0.21922122973463573,0.27089469419159184,random_forest
2021-01-04,0.2633864962003074,0.2532777525015136,random_forest
2021-01-11,0.43929851418592625,0.3176284271858043,random_forest
2021-01-18,0.5274150334381074,0.4049023971926329,random_forest
2021-01-25,0.48346378065159795,0.43739935854016654,random_forest
2021-02-01,0.3955612750785791,0.4446104361961031,random_forest
2021-02-08,0.2637075167190508,0.43400120978820506,random_forest
2021-02-15,0.3076587695055602,0.38814665137500615,random_forest
2021-02-22,0.17580501114603195,0.42521235184751316,random_forest
2021-03-01,0.21975626393254136,0.19406948509296468,random_forest
2021-03-08,0.395561275078579,0.252556467326324,random_forest
2021-03-15,0.7471712973706545,0.3650350765484768,random_forest
2021-03-22,0.7911225501571638,0.7798669569096404,random_forest
2021-03-29,0.9669275613032017,0.8301520195297307,random_forest
2021-04-05,1.0548300668762205,0.8369500319624026,random_forest
2021-04-12,1.406440089168296,1.049199804975948,random_forest
2021-04-19,1.4064400891682958,1.6518351026498965,random_forest
2021-04-26,1.0548300668762205,1.5417404930170868,random_forest
2021-05-03,0.8790250557301827,1.2067570407054364,random_forest
2021-05-10,0.7471712973706545,0.960178099475988,random_forest
2021-05-17,0.7911225501571639,0.9609585829310051,random_forest
2021-05-24,0.879025055730183,0.895449250078282,random_forest
2021-05-31,1.09878131966273,0.9272058177928333,random_forest
2021-06-07,1.5822451003143339,1.2629924179830752,random_forest
2021-06-14,1.5382938475278243,1.6696130910083853,random_forest
2021-06-21,1.1866838252357488,1.5896608395508212,random_forest
2021-06-28,0.8350738029436734,1.2636722254201658,random_forest
2021-07-05,0.5713662862246168,0.8950211029391335,random_forest
2021-07-12,0.6153175390111262,0.4335886036854147,random_forest
2021-07-19,0.35161002229206967,0.4889892205419149,random_forest
2021-07-26,0.4395125278650885,0.3484054371131298,random_forest
2021-08-02,0.26370751671905085,0.3788053200790007,random_forest
2021-08-09,0.483463780651598,0.3154431223828422,random_forest
2021-08-16,0.39556127507857913,0.3680474902110609,random_forest
2021-08-23,0.7471712973706546,0.3441152190316526,random_forest
2021-08-30,0.6153175390111263,0.890780234578337,random_forest
2021-09-06,0.7032200445841452,0.47887032150204706,random_forest
2021-09-13,0.4395125278650886,0.7377697853233238,random_forest
2021-09-20,0.4395125278650886,0.5051890796363051,random_forest
2021-09-27,0.483463780651598,0.39813525678861783,random_forest
2021-10-04,0.39556127507857913,0.40735789673891143,random_forest
2021-10-11,0.6153175390111262,0.4254360305078319,random_forest
2021-10-18,0.5274150334381074,0.45929266869873897,random_forest
2021-10-25,0.6592687917976356,0.4092566219461054,random_forest
2021-11-01,1.0548300668762205,0.4712241322212181,random_forest
2021-11-08,1.1866838252357488,1.1247115731488415,random_forest
2021-11-15,1.0548300668762205,1.346855687114991,random_forest
2021-11-22,0.6592687917976355,1.0787774380920099,random_forest
2021-11-29,0.7471712973706545,0.7770578774338356,random_forest
2021-12-06,0.8350738029436733,0.8075354172785214,random_forest
2021-12-13,0.6153175390111262,0.9305050991724955,random_forest
2021-12-20,0.4395125278650885,0.6074007951128422,random_forest
2021-12-27,0.5274150334381074,0.4679835573349076,random_forest
2022-01-03,0.5719255027476713,0.4594539739201359,random_forest
2022-01-10,0.7050840996609935,0.46528641046428426,random_forest
2022-01-17,0.794477849295491,0.8289451691333699,random_forest
2022-01-24,1.0151661407664623,0.952755860382299,random_forest
2022-01-31,1.1475791156490451,1.0686453034173602,random_forest
2022-02-07,0.8827531658838796,1.1824980195568748,random_forest
2022-02-14,0.8827531658838795,0.8871909942348515,random_forest
2022-02-21,0.6620648744129083,0.9527590106875107,random_forest
2022-02-28,1.456542723708405,0.7702554288498841,random_forest
2022-03-07,1.5006803820025993,1.4251664256295151,random_forest
2022-03-14,1.5448180402967935,1.5309663013279953,random_forest
2022-03-21,1.2358544322374336,1.5656386357422372,random_forest
2022-03-28,1.8537816483561533,1.258596245189046,random_forest
2022-04-04,2.3834335478864843,1.7091185624002037,random_forest
2022-04-11,2.5158465227690674,2.62593053935484,random_forest
2022-04-18,2.824810130828427,2.546212969181859,random_forest
2022-04-25,2.824810130828427,2.9963569246808857,random_forest
2022-05-02,3.0896360805935927,3.0431328711727823,random_forest
2022-05-09,2.824810130828427,3.1237323232361667,random_forest
2022-05-16,2.95722310571101,3.0388459830405186,random_forest
2022-05-23,2.5599841810632618,2.990576294953922,random_forest
2022-05-30,2.0303322815329308,2.378131971329094,random_forest
2022-06-06,1.5889556985909878,2.0747828679017086,random_forest
2022-06-13,1.6772310151793761,1.6137762601198455,random_forest
2022-06-20,1.9420569649445418,1.6174414732325049,random_forest
2022-06-27,2.295158231298096,1.99607486401438,random_forest
2022-07-04,1.8537816483561533,2.320458798529236,random_forest
2022-07-11,1.5889556985909878,1.6741079329766186,random_forest
2022-07-18,1.7655063317677648,1.5088410458759995,random_forest
2022-07-25,2.1627452564155134,1.6648256645877504,random_forest
2022-08-01,2.0744699398271247,2.2035919727350293,random_forest
2022-08-08,1.456542723708405,1.8535359737404193,random_forest
2022-08-15,1.0151661407664623,1.5181578837268788,random_forest
2022-08-22,0.7944778492954909,0.9960459871617886,random_forest
2022-08-29,0.9268908241780739,0.7981954907469903,random_forest
2022-09-05,1.0593037990606566,0.8492023303970213,random_forest
2022-09-12,1.3682674071200165,1.237946007772005,random_forest
2022-09-19,1.1475791156490451,1.4907378349914815,random_forest
2022-09-26,1.2799920905316278,1.1530795806441767,random_forest
2022-10-03,1.0593037990606566,1.4628559163693229,random_forest
2022-10-10,0.9268908241780737,1.188896368920886,random_forest
2022-10-17,0.7503401910012967,0.9320042202264125,random_forest
2022-10-24,1.2358544322374334,0.9214733726634922,random_forest
2022-10-31,1.4124050654142106,1.3156085683153926,random_forest
2022-11-07,1.5006803820025991,1.3670189606168721,random_forest
2022-11-14,1.1034414573548508,1.4690956410023508,random_forest
2022-11-21,1.015166140766462,1.0490014976463924,random_forest
2022-11-28,1.5006803820025991,0.8401736572579911,random_forest
2022-12-05,1.7655063317677646,1.496815510078186,random_forest
2022-12-12,1.9420569649445418,1.792026801353677,random_forest
2022-12-19,1.5448180402967935,1.9491851960625626,random_forest
2022-12-26,1.1034414573548508,1.556214133912063,random_forest
2023-01-02,1.1058601942362243,1.0721913147546995,random_forest
2023-01-09,0.8863812712059397,1.1062650889777623,random_forest
2023-01-16,1.0207292355936215,0.9013572179406475,random_forest
2023-01-23,0.9763497036112897,1.1580322699647008,random_forest
2023-01-30,1.3757654914522746,0.9850965954088756,random_forest
2023-02-06,1.1982473635229478,1.3776664703302073,random_forest
2023-02-13,1.0207292355936215,1.1327984935123856,random_forest
2023-02-20,0.7544520436996317,0.9665818825557337,random_forest
2023-02-27,1.0207292355936215,0.9951965085320215,random_forest
2023-03-06,1.3313859594699429,1.1879995792806821,random_forest
2023-03-13,1.464524555416938,1.3929261005856255,random_forest
2023-03-20,1.908319875240254,1.4814830414605422,random_forest
2023-03-27,2.0414584711872488,2.0242698012799885,random_forest
2023-04-03,2.574012854975228,2.0604080763318793,random_forest
2023-04-10,3.017808174798544,2.6084252417212768,random_forest
2023-04-17,4.0385374103921725,3.0587609728112084,random_forest
2023-04-24,4.748609922109478,5.207663941941195,random_forest
2023-05-01,5.769339157703105,5.590128864970899,random_forest
2023-05-08,5.63620056175611,5.99746959101371,random_forest
2023-05-15,5.9024777536501,6.146295138752864,random_forest
2023-05-22,5.991236817614763,5.25181455241712,random_forest
2023-05-29,7.1894841811377175,5.241063626774655,random_forest
2023-06-05,7.6332795009610335,5.430185662213321,random_forest
2023-06-12,7.322622777084711,6.0728726350848845,random_forest
2023-06-19,6.390652605455748,7.079695607458846,random_forest
2023-06-26,5.813718689685437,6.768462663588828,random_forest
2023-07-03,4.881748518056472,5.860668899442816,random_forest
2023-07-10,4.393573666250824,5.479702309874781,random_forest
2023-07-17,3.372844430657197,4.444345745568913,random_forest
2023-07-24,3.5059830266041927,3.0598246683663306,random_forest
2023-07-31,3.2840853666925347,2.932050614272451,random_forest
2023-08-07,3.150946770745539,2.8752471447779273,random_forest
2023-08-14,2.3077356630812385,3.095806226861906,random_forest
2023-08-21,1.5976631513639326,2.0861227395938498,random_forest
2023-08-28,0.9763497036112897,1.6442727631854948,random_forest
2023-09-04,0.8875906396466263,1.0208808909505966,random_forest
2023-09-11,1.0651087675759527,0.9259871578857324,random_forest
2023-09-18,1.3313859594699426,1.1999316583264235,random_forest
2023-09-25,1.2870064274876112,1.4238145807059832,random_forest
2023-10-02,1.2870064274876112,1.345565077662319,random_forest
2023-10-09,1.2870064274876112,1.3807684710679597,random_forest
2023-10-16,1.1982473635229478,1.382857269030643,random_forest
2023-10-23,0.9763497036112897,1.1929426670929844,random_forest
2023-10-30,1.1538678315406161,1.0226182658115286,random_forest
2023-11-06,1.2870064274876112,1.228507050142375,random_forest
2023-11-13,1.5976631513639326,1.353239102494787,random_forest
2023-11-20,1.908319875240254,1.4949226154860127,random_forest
2023-11-27,1.8639403432579222,2.017625886036268,random_forest
2023-12-04,1.8639403432579222,1.8242070096455885,random_forest
2023-12-11,1.3757654914522746,1.8415170698082048,random_forest
2023-12-18,1.3313859594699429,1.5016418895712857,random_forest
2023-12-25,0.9319701716289582,1.4491831564058395,random_forest
2005-12-26,6.605680170819316,5.909146785736084,xgboost
2006-01-02,6.802896056094311,7.558032989501953,xgboost
2006-01-09,6.8725864539887285,7.075614929199219,xgboost
2006-01-16,6.626659315492596,7.21895170211792,xgboost
2006-01-23,6.0081711127132875,6.018569469451904,xgboost
2006-01-30,5.5663938250137805,5.788341999053955,xgboost
2006-02-06,4.5061283345349645,5.563031196594238,xgboost
2006-02-13,3.7551069454458035,5.113392353057861,xgboost
2006-02-20,4.108528775605409,4.412564754486084,xgboost
2006-02-27,5.080438808544323,4.418332576751709,xgboost
2006-03-06,6.0965265702531894,5.756352424621582,xgboost
2006-03-13,5.831460197633485,6.763791561126709,xgboost
2006-03-20,5.5663938250137805,6.104786396026611,xgboost
2006-03-27,4.815372435924619,5.241940498352051,xgboost
2006-04-03,6.140704299023139,5.465926647186279,xgboost
2006-04-10,6.096526570253189,6.873203754425049,xgboost
2006-04-17,7.2451475182719065,7.016251087188721,xgboost
2006-04-24,6.759192501802448,8.00967788696289,xgboost
2006-05-01,7.819457992281265,8.219267845153809,xgboost
2006-05-08,10.735188091098008,8.8283052444458,xgboost
2006-05-15,12.85571907205564,12.255422592163086,xgboost
2006-05-22,13.562562732374849,12.632631301879883,xgboost
2006-05-29,12.723185885745787,12.349543571472168,xgboost
2006-06-05,11.707098124036923,11.796045303344727,xgboost
2006-06-12,12.76736361451574,11.100471496582031,xgboost
2006-06-19,12.193053140506379,12.036125183105469,xgboost
2006-06-26,12.016342225426577,11.372051239013672,xgboost
2006-07-03,11.088609921257612,10.899456024169922,xgboost
2006-07-10,10.3817662609384,10.663707733154297,xgboost
2006-07-17,9.895811244468945,9.896980285644531,xgboost
2006-07-24,8.835545753990129,8.9664945602417,xgboost
2006-07-31,8.570479381370426,7.982710361480713,xgboost
2006-08-07,8.658834838910325,7.638113498687744,xgboost
2006-08-14,7.598569348431511,7.845820426940918,xgboost
2006-08-21,6.670837044262547,6.841909885406494,xgboost
2006-08-28,5.080438808544322,6.47212553024292,xgboost
2006-09-04,5.478038367473879,5.1151957511901855,xgboost
2006-09-11,4.550306063304914,5.7437334060668945,xgboost
2006-09-18,4.373595148225111,4.624192714691162,xgboost
2006-09-25,4.108528775605408,5.523116111755371,xgboost
2006-10-02,4.5061283345349645,4.583488464355469,xgboost
2006-10-09,4.992083351004421,4.865047931671143,xgboost
2006-10-16,5.080438808544323,5.938404560089111,xgboost
2006-10-23,5.0362610797743725,5.67515230178833,xgboost
2006-10-30,5.698927011323633,5.596647262573242,xgboost
2006-11-06,5.478038367473879,5.449161529541016,xgboost
2006-11-13,5.875637926403435,5.485668659210205,xgboost
2006-11-20,5.478038367473879,6.436709403991699,xgboost
2006-11-27,6.582481586722646,5.4713568687438965,xgboost
2006-12-04,6.538303857952695,6.408544063568115,xgboost
2006-12-11,6.670837044262547,6.493716716766357,xgboost
2006-12-18,6.449948400412793,6.947421073913574,xgboost
2006-12-25,6.361592942872892,6.486332416534424,xgboost
2007-01-01,6.209881972916986,6.296411991119385,xgboost
2007-01-08,5.266539844850073,6.291718482971191,xgboost
2007-01-15,5.204076322371097,5.655972957611084,xgboost
2007-01-22,4.6355637829524055,5.195838928222656,xgboost
2007-01-29,5.160344588569658,4.9367570877075195,xgboost
2007-02-05,4.723027250555281,5.6447672843933105,xgboost
2007-02-12,5.291539789973972,5.199306964874268,xgboost
2007-02-19,4.591832049150967,5.625097274780273,xgboost
2007-02-26,4.679295516753842,5.180922508239746,xgboost
2007-03-05,3.979587775930838,5.448756694793701,xgboost
2007-03-12,3.760929106923648,4.632541656494141,xgboost
2007-03-19,3.4548069703135837,4.336734771728516,xgboost
2007-03-26,3.4548069703135837,4.613053798675537,xgboost
2007-04-02,3.673465639320773,4.591261386871338,xgboost
2007-04-09,4.416905113945216,4.49689245223999,xgboost
2007-04-16,5.116612854768221,4.498537063598633,xgboost
2007-04-23,6.253637933605604,5.763185024261475,xgboost
2007-04-30,6.647223537818544,6.377284526824951,xgboost
2007-05-07,8.30902942227318,7.558356761932373,xgboost
2007-05-14,8.52768809128037,9.648405075073242,xgboost
2007-05-21,9.271127565904813,9.284714698791504,xgboost
2007-05-28,8.177834220868869,10.164322853088379,xgboost
2007-06-04,8.440224623677494,9.572272300720215,xgboost
2007-06-11,8.92127369549331,9.048299789428711,xgboost
2007-06-18,9.31485929970625,8.790852546691895,xgboost
2007-06-25,8.833810227890433,9.144025802612305,xgboost
2007-07-02,7.5218582138473,8.531645774841309,xgboost
2007-07-09,7.303199544840112,8.094786643981934,xgboost
2007-07-16,7.128272609634361,7.984025478363037,xgboost
2007-07-23,6.690955271619981,7.942404747009277,xgboost
2007-07-30,5.685125394186912,7.1630401611328125,xgboost
2007-08-06,6.078710998399853,6.066249847412109,xgboost
2007-08-13,6.078710998399853,6.638740062713623,xgboost
2007-08-20,7.040809142031485,6.160269260406494,xgboost
2007-08-27,5.860052329392663,7.0951948165893555,xgboost
2007-09-03,5.553930192782599,6.203543186187744,xgboost
2007-09-10,4.023319509732275,5.708387851715088,xgboost
2007-09-17,4.198246444938026,4.693727493286133,xgboost
2007-09-24,4.723027250555281,5.09867525100708,xgboost
2007-10-01,5.072881120966783,5.246817111968994,xgboost
2007-10-08,5.379003257576848,5.304612636566162,xgboost
2007-10-15,4.985417653363907,5.388031959533691,xgboost
2007-10-22,5.116612854768221,5.608263969421387,xgboost
2007-10-29,5.204076322371097,5.436002254486084,xgboost
2007-11-05,5.772588861789788,5.528316974639893,xgboost
2007-11-12,7.040809142031485,5.29243803024292,xgboost
2007-11-19,6.428564868811354,6.650413990020752,xgboost
2007-11-26,5.772588861789788,6.806581974029541,xgboost
2007-12-03,4.766758984356718,6.343545436859131,xgboost
2007-12-10,4.810490718158156,5.609005451202393,xgboost
2007-12-17,5.204076322371097,5.528476238250732,xgboost
2007-12-24,4.32944164634234,5.569653034210205,xgboost
2007-12-31,4.766758984356718,4.804801940917969,xgboost
2008-01-07,4.111146147283977,4.726471424102783,xgboost
2008-01-14,5.161291424507668,4.521929740905762,xgboost
2008-01-21,4.943151569713088,5.363002300262451,xgboost
2008-01-28,5.380598611280618,5.152056694030762,xgboost
2008-02-04,4.636938640615817,5.2558979988098145,xgboost
2008-02-11,4.549449232302312,4.607392311096191,xgboost
2008-02-18,4.330725711518546,4.6814188957214355,xgboost
2008-02-25,4.24323630320504,4.706717014312744,xgboost
2008-03-03,3.6308104450104977,4.57187557220459,xgboost
2008-03-10,3.7182998533240035,4.172029972076416,xgboost
2008-03-17,4.724428048929323,3.450634002685547,xgboost
2008-03-24,5.905535061161655,4.128645420074463,xgboost
2008-03-31,6.474216215199443,6.0275068283081055,xgboost
2008-04-07,6.386726806885938,6.33253288269043,xgboost
2008-04-14,6.56170562351295,6.341561794281006,xgboost
2008-04-21,7.217876185864244,6.789904594421387,xgboost
2008-04-28,8.486472606410082,7.463078022003174,xgboost
2008-05-05,9.273877281231636,8.497637748718262,xgboost
2008-05-12,9.930047843582933,10.309006690979004,xgboost
2008-05-19,10.236260772680204,10.760933876037598,xgboost
2008-05-26,10.32375018099371,9.992353439331055,xgboost
2008-06-02,9.580090210328908,9.800533294677734,xgboost
2008-06-09,8.180259677312813,8.861234664916992,xgboost
2008-06-16,7.480344410804764,8.237419128417969,xgboost
2008-06-23,7.261620890020999,7.715282440185547,xgboost
2008-06-30,7.261620890020999,7.451145172119141,xgboost
2008-07-07,7.874046748215541,7.450986385345459,xgboost
2008-07-14,7.042897369237234,7.762983798980713,xgboost
2008-07-21,5.905535061161654,6.80660343170166,xgboost
2008-07-28,4.855662161399581,6.224601745605469,xgboost
2008-08-04,4.9431515697130886,5.736185550689697,xgboost
2008-08-11,5.818045652848149,4.924805641174316,xgboost
2008-08-18,6.474216215199443,5.702938556671143,xgboost
2008-08-25,7.5678338191182695,6.177051067352295,xgboost
2008-09-01,7.217876185864245,7.001395225524902,xgboost
2008-09-08,5.99302446947516,6.2537665367126465,xgboost
2008-09-15,4.4619598239888045,5.524505138397217,xgboost
2008-09-22,4.1994915990482875,4.90826416015625,xgboost
2008-09-29,4.286981007361793,4.723829746246338,xgboost
2008-10-06,4.811917457242829,4.60905647277832,xgboost
2008-10-13,4.943151569713088,5.412447452545166,xgboost
2008-10-20,4.943151569713088,5.003984451293945,xgboost
2008-10-27,4.811917457242829,5.0815863609313965,xgboost
2008-11-03,4.1994915990482875,5.336862564086914,xgboost
2008-11-10,4.330725711518546,4.931890487670898,xgboost
2008-11-17,3.9370233741077687,4.711912631988525,xgboost
2008-11-24,4.505704528145558,3.8553714752197266,xgboost
2008-12-01,3.8057892616375093,4.550378322601318,xgboost
2008-12-08,3.893278669951016,4.156035900115967,xgboost
2008-12-15,3.2808528117564735,4.117905139923096,xgboost
2008-12-22,3.4995763325402387,3.715865135192871,xgboost
2008-12-29,4.855662161399581,3.952918767929077,xgboost
2009-01-05,4.855908744374845,4.913119316101074,xgboost
2009-01-12,4.374963581625824,5.330258846282959,xgboost
2009-01-19,2.6692186146930386,4.424281120300293,xgboost
2009-01-26,2.625460932484956,3.4726383686065674,xgboost
2009-02-02,2.4504302036526253,3.989447593688965,xgboost
2009-02-09,2.494187885860708,3.7639214992523193,xgboost
2009-02-16,2.187884110404129,2.412287473678589,xgboost
2009-02-23,2.0128533815717984,2.316124200820923,xgboost
2009-03-02,2.0128533815717984,2.764765739440918,xgboost
2009-03-09,2.7567339791092036,3.4012954235076904,xgboost
2009-03-16,3.238068483398113,2.6088719367980957,xgboost
2009-03-23,3.4568568944385265,3.230180263519287,xgboost
2009-03-30,4.0257067631436,3.6478750705718994,xgboost
2009-04-06,4.9446180895133365,4.305972099304199,xgboost
2009-04-13,6.694925377836642,6.035853862762451,xgboost
2009-04-20,7.745109750830626,6.571977615356445,xgboost
2009-04-27,9.014082534865024,8.98260498046875,xgboost
2009-05-04,8.707778759408447,10.186022758483887,xgboost
2009-05-11,9.101597899281188,9.86406135559082,xgboost
2009-05-18,9.45165935694585,9.408974647521973,xgboost
2009-05-25,9.757963132402429,8.399078369140625,xgboost
2009-06-01,9.276628628113519,8.867918014526367,xgboost
2009-06-08,7.7888674330387095,8.683122634887695,xgboost
2009-06-15,6.957471471085139,8.398760795593262,xgboost
2009-06-22,5.688498687050742,7.028167724609375,xgboost
2009-06-29,5.732256369258824,6.025362014770508,xgboost
2009-07-06,4.4195259030163445,5.899660110473633,xgboost
2009-07-13,4.4195259030163445,4.499095439910889,xgboost
2009-07-20,3.6318876232708566,4.6878790855407715,xgboost
2009-07-27,4.113222127559766,4.486874580383301,xgboost
2009-08-03,3.3693415300223606,4.5741682052612305,xgboost
2009-08-10,3.3693415300223606,3.688140869140625,xgboost
2009-08-17,2.975522390149616,3.901768445968628,xgboost
2009-08-24,3.1943108011900296,4.029029369354248,xgboost
2009-08-31,2.800491661317286,3.3046720027923584,xgboost
2009-09-07,3.4568568944385256,3.2517406940460205,xgboost
2009-09-14,3.631887623270856,3.616567611694336,xgboost
2009-09-21,3.544372258854691,4.008211612701416,xgboost
2009-09-28,3.150553118981947,3.8508636951446533,xgboost
2009-10-05,3.0192800723576987,3.3458425998687744,xgboost
2009-10-12,3.1943108011900296,3.2874791622161865,xgboost
2009-10-19,2.53794556806879,2.8636629581451416,xgboost
2009-10-26,2.6254609324849554,2.859644651412964,xgboost
2009-11-02,2.494187885860707,2.6127970218658447,xgboost
2009-11-09,2.888007025733451,2.6336588859558105,xgboost
2009-11-16,2.4066725214445417,2.7252092361450195,xgboost
2009-11-23,2.4066725214445417,2.655003786087036,xgboost
2009-11-30,2.4504302036526244,2.432560920715332,xgboost
2009-12-07,2.888007025733451,2.4453842639923096,xgboost
2009-12-14,2.756733979109203,2.905701160430908,xgboost
2009-12-21,2.494187885860707,2.778667688369751,xgboost
2009-12-28,1.4440035128667237,2.503880739212036,xgboost
2010-01-04,2.0132299684434756,3.2648375034332275,xgboost
2010-01-11,2.494928073849867,2.87800931930542,xgboost
2010-01-18,3.3703414330954353,2.702932119369507,xgboost
2010-01-25,2.8450934175480946,2.8651182651519775,xgboost
2010-02-01,2.2760747340384744,2.8232357501983643,xgboost
2010-02-08,2.1009920621893605,2.5637474060058594,xgboost
2010-02-15,2.319845402000753,2.1930651664733887,xgboost
2010-02-22,2.100992062189361,2.335683822631836,xgboost
2010-03-01,2.3636160699630318,2.100900411605835,xgboost
2010-03-08,2.713781413661259,2.3263490200042725,xgboost
2010-03-15,3.5016534369822714,2.8010165691375732,xgboost
2010-03-22,3.545424104944549,3.5565078258514404,xgboost
2010-03-29,3.6329654408691057,3.5508041381835938,xgboost
2010-04-05,3.939360116605055,3.498502492904663,xgboost
2010-04-12,4.858544143812902,4.550403118133545,xgboost
2010-04-19,5.558874831209358,6.402557373046875,xgboost
2010-04-26,5.865269506945307,6.5857696533203125,xgboost
2010-05-03,7.397242885625052,6.619723320007324,xgboost
2010-05-10,8.185114908946064,7.751668930053711,xgboost
2010-05-17,8.929216264304797,8.479324340820312,xgboost
2010-05-24,9.323152275965304,9.316237449645996,xgboost
2010-05-31,8.929216264304797,9.17765998840332,xgboost
2010-06-07,9.191840272078467,8.420862197875977,xgboost
2010-06-14,8.797904260417962,7.855393409729004,xgboost
2010-06-21,9.366922943927582,7.317203998565674,xgboost
2010-06-28,9.14806960411619,7.3866868019104,xgboost
2010-07-05,8.403968248757456,7.682799339294434,xgboost
2010-07-12,6.915765538039989,7.782527923583984,xgboost
2010-07-19,6.565600194341761,5.8179030418396,xgboost
2010-07-26,5.427562827322522,5.83587646484375,xgboost
2010-08-02,5.9090401749075845,5.295474052429199,xgboost
2010-08-09,5.252480155473408,5.473446369171143,xgboost
2010-08-16,4.5083788001146745,5.2261505126953125,xgboost
2010-08-23,3.1077174253217645,4.704958438873291,xgboost
2010-08-30,2.5386987418121447,3.1626229286193848,xgboost
2010-09-06,2.4511574058875882,3.1472556591033936,xgboost
2010-09-13,2.8888640855103724,2.8600027561187744,xgboost
2010-09-20,2.6262400777367017,2.771376609802246,xgboost
2010-09-27,2.6262400777367017,2.5481576919555664,xgboost
2010-10-04,2.9764054214349294,2.682589054107666,xgboost
2010-10-11,3.2828000971708775,2.7242181301116943,xgboost
2010-10-18,3.457882769019992,2.843595266342163,xgboost
2010-10-25,2.9326347534726502,3.3029143810272217,xgboost
2010-11-01,3.2390294292085997,2.854910135269165,xgboost
2010-11-08,3.414112101057713,3.045933246612549,xgboost
2010-11-15,3.370341433095435,3.1467320919036865,xgboost
2010-11-22,3.1952587612463215,3.1193666458129883,xgboost
2010-11-29,3.50165343698227,2.8042163848876953,xgboost
2010-12-06,3.895589448642776,3.421846389770508,xgboost
2010-12-13,3.589194772906827,3.584094285964966,xgboost
2010-12-20,3.457882769019992,3.4151806831359863,xgboost
2010-12-27,3.7205067767936626,3.2911465167999268,xgboost
2011-01-03,3.6332123166836197,4.602924823760986,xgboost
2011-01-10,3.458454481432551,4.03704833984375,xgboost
2011-01-17,3.1086399612602116,3.6711106300354004,xgboost
2011-01-24,3.152423622686412,2.7752091884613037,xgboost
2011-01-31,2.8897216541292106,2.7496869564056396,xgboost
2011-02-07,2.495668701293408,2.6756224632263184,xgboost
2011-02-14,2.80215433127681,2.612738847732544,xgboost
2011-02-21,3.021072638407811,2.7400429248809814,xgboost
2011-02-28,2.9772889769816113,2.784038543701172,xgboost
2011-03-07,2.7145870084244095,2.937206745147705,xgboost
2011-03-14,2.5832360241458088,3.0438265800476074,xgboost
2011-03-21,2.93350531555541,3.117588996887207,xgboost
2011-03-28,3.021072638407811,3.1915721893310547,xgboost
2011-04-04,3.6778275598008143,3.0551939010620117,xgboost
2011-04-11,4.115664174062817,3.845867156982422,xgboost
2011-04-18,4.72863543402962,4.415984630584717,xgboost
2011-04-25,4.991337402586821,5.939626693725586,xgboost
2011-05-02,5.035121064013022,6.0248122215271,xgboost
2011-05-09,5.998361615389427,5.791385173797607,xgboost
2011-05-16,7.005385828192032,6.518187522888184,xgboost
2011-05-23,7.443222442454034,7.580836296081543,xgboost
2011-05-30,7.049169489618232,7.934818744659424,xgboost
2011-06-06,6.698900198208631,6.4208598136901855,xgboost
2011-06-13,7.268087796749234,6.150038242340088,xgboost
2011-06-20,6.786467521061031,6.992812633514404,xgboost
2011-06-27,6.3048472453728275,6.198406219482422,xgboost
2011-07-04,5.604308662553625,6.130488395690918,xgboost
2011-07-11,5.516741339701224,5.186296463012695,xgboost
2011-07-18,5.166472048291623,4.951699733734131,xgboost
2011-07-25,5.341606693996423,5.315535545349121,xgboost
2011-08-01,5.472957678275023,5.555461406707764,xgboost
2011-08-08,5.516741339701224,5.778827667236328,xgboost
2011-08-15,4.4659334654724185,5.601937294006348,xgboost
2011-08-22,3.7216112212270147,3.9011223316192627,xgboost
2011-08-29,2.7145870084244095,3.8540709018707275,xgboost
2011-09-05,2.8897216541292106,3.02809476852417,xgboost
2011-09-12,3.1086399612602116,3.071132183074951,xgboost
2011-09-19,3.4589092526698137,3.2676961421966553,xgboost
2011-09-26,3.4151255912436134,3.3308346271514893,xgboost
2011-10-03,3.5464765755222136,3.328195095062256,xgboost
2011-10-10,3.634043898374614,3.5513529777526855,xgboost
2011-10-17,3.5464765755222136,3.6425719261169434,xgboost
2011-10-24,3.5026929140960132,3.4681262969970703,xgboost
2011-10-31,3.8091785440794155,3.4976649284362793,xgboost
2011-11-07,4.0280968512104165,3.7877259254455566,xgboost
2011-11-14,3.984313189784217,4.0693039894104,xgboost
2011-11-21,3.6778275598008148,3.804755449295044,xgboost
2011-11-28,3.5464765755222136,3.842823028564453,xgboost
2011-12-05,3.064856299834011,3.7992615699768066,xgboost
2011-12-12,3.152423622686412,3.2717814445495605,xgboost
2011-12-19,2.75837066985061,3.1154799461364746,xgboost
2011-12-26,3.3713419298174134,2.9140684604644775,xgboost
2012-01-02,3.765878055478996,3.5440800189971924,xgboost
2012-01-09,5.0800016583409935,3.8074324131011963,xgboost
2012-01-16,4.248281854668463,4.701435089111328,xgboost
2012-01-23,3.7665179330050282,3.6859450340270996,xgboost
2012-01-30,2.8905835299806024,3.541090965270996,xgboost
2012-02-06,2.9343802501318232,2.6126461029052734,xgboost
2012-02-13,2.6715999292244956,2.912644386291504,xgboost
2012-02-20,2.408819608317167,2.9303042888641357,xgboost
2012-02-27,3.2409572911903726,2.477475643157959,xgboost
2012-03-05,3.459940891946479,3.261739492416382,xgboost
2012-03-12,4.029298253912356,3.7586400508880615,xgboost
2012-03-19,4.204485134517242,4.218308925628662,xgboost
2012-03-26,4.423468735273349,4.498750686645508,xgboost
2012-04-02,4.554858895727013,4.700582504272461,xgboost
2012-04-09,4.861435936785561,4.492071628570557,xgboost
2012-04-16,6.043947380868537,5.168181419372559,xgboost
2012-04-23,6.700898183136856,6.55699348449707,xgboost
2012-04-30,6.963678504044185,7.176486968994141,xgboost
2012-05-07,6.8760850637417406,7.4141340255737305,xgboost
2012-05-14,7.357848985405177,7.387530326843262,xgboost
2012-05-21,7.708222746614946,7.990518093109131,xgboost
2012-05-28,7.48923914585884,8.06804084777832,xgboost
2012-06-04,8.321376828732046,7.636418342590332,xgboost
2012-06-11,8.8469374705467,8.024603843688965,xgboost
2012-06-18,8.80314075039548,8.642074584960938,xgboost
2012-06-25,8.14618994812716,8.551855087280273,xgboost
2012-07-02,7.489239145858839,7.588633060455322,xgboost
2012-07-09,7.226458824951512,7.212606430053711,xgboost
2012-07-16,6.350524421927086,6.712291240692139,xgboost
2012-07-23,5.386996578600216,5.9346818923950195,xgboost
2012-07-30,5.16801297784411,5.29725456237793,xgboost
2012-08-06,5.080419537541668,5.522732257843018,xgboost
2012-08-13,4.9928260972392255,5.120351314544678,xgboost
2012-08-20,3.8103146531562504,5.080669403076172,xgboost
2012-08-27,2.452616328468389,3.093207597732544,xgboost
2012-09-03,2.2774294478635038,2.5802719593048096,xgboost
2012-09-10,2.452616328468389,2.4451980590820312,xgboost
2012-09-17,2.8029900896781594,2.858267068862915,xgboost
2012-09-24,2.5402097687708314,2.712202548980713,xgboost
2012-10-01,3.0657704105854875,2.7289421558380127,xgboost
2012-10-08,2.9343802501318237,3.1155340671539307,xgboost
2012-10-15,2.6278032090732744,2.766623020172119,xgboost
2012-10-22,2.5402097687708314,2.72487735748291,xgboost
2012-10-29,2.5402097687708314,2.8876330852508545,xgboost
2012-11-05,2.584006488922053,2.674067258834839,xgboost
2012-11-12,2.584006488922053,2.465816020965576,xgboost
2012-11-19,2.9343802501318237,2.4927926063537598,xgboost
2012-11-26,3.5037376120977,2.576064109802246,xgboost
2012-12-03,2.8905835299806024,3.4371302127838135,xgboost
2012-12-10,2.8905835299806015,2.9208920001983643,xgboost
2012-12-17,3.240957291190373,2.995258331298828,xgboost
2012-12-24,3.8979080934586925,3.337337017059326,xgboost
2012-12-31,3.503737612097701,4.286482810974121,xgboost
2013-01-07,3.460396204782637,3.813835382461548,xgboost
2013-01-14,3.6797830826221976,3.614837408065796,xgboost
2013-01-21,4.030495076224542,3.5083751678466797,xgboost
2013-01-28,3.2419199526153926,3.6896567344665527,xgboost
2013-02-04,2.497154558095639,3.132943868637085,xgboost
2013-02-11,2.190486454469858,2.668131113052368,xgboost
2013-02-18,2.102866996291064,2.415344476699829,xgboost
2013-02-25,2.0590572672016663,2.753727436065674,xgboost
2013-03-04,2.102866996291064,2.4182822704315186,xgboost
2013-03-11,2.6285837453638305,2.534968614578247,xgboost
2013-03-18,4.468592367118515,3.0574052333831787,xgboost
2013-03-25,4.906689658012488,4.2275848388671875,xgboost
2013-04-01,5.388596677995859,5.398819923400879,xgboost
2013-04-08,4.775260470744296,5.5611348152160645,xgboost
2013-04-15,6.571459363409584,5.22368049621582,xgboost
2013-04-22,7.622892861555118,7.336743354797363,xgboost
2013-04-29,7.929560965180898,8.213754653930664,xgboost
2013-05-06,6.834317737945967,8.487253189086914,xgboost
2013-05-13,6.264791259783803,7.402003288269043,xgboost
2013-05-20,6.96574692521416,6.727771282196045,xgboost
2013-05-27,6.352410717962599,7.004840850830078,xgboost
2013-06-03,6.264791259783803,6.23084831237793,xgboost
2013-06-10,4.600021554386708,6.302393436431885,xgboost
2013-06-17,4.600021554386708,5.027644157409668,xgboost
2013-06-24,3.8114464307775577,4.762934684753418,xgboost
2013-07-01,3.899065888956352,3.4277963638305664,xgboost
2013-07-08,3.8114464307775577,3.8464837074279785,xgboost
2013-07-15,4.074304805313941,3.623908758163452,xgboost
2013-07-22,3.4171588689729817,3.761653423309326,xgboost
2013-07-29,3.022871307168407,3.641397476196289,xgboost
2013-08-05,2.4971545580956396,3.1779797077178955,xgboost
2013-08-12,2.7600129326320233,2.7882118225097656,xgboost
2013-08-19,2.847632390810818,2.8723232746124268,xgboost
2013-08-26,2.5409642871850373,2.8611979484558105,xgboost
2013-09-02,2.4533448290062423,2.7770345211029053,xgboost
2013-09-09,2.190486454469859,2.8139891624450684,xgboost
2013-09-16,2.3219156417380513,2.463702440261841,xgboost
2013-09-23,2.847632390810818,2.301229476928711,xgboost
2013-09-30,2.6285837453638314,2.8520541191101074,xgboost
2013-10-07,2.8038226617214206,2.957467555999756,xgboost
2013-10-14,2.190486454469859,2.774061441421509,xgboost
2013-10-21,2.321915641738051,2.2593886852264404,xgboost
2013-10-28,2.102866996291065,2.5071802139282227,xgboost
2013-11-04,2.4971545580956396,2.2471976280212402,xgboost
2013-11-11,2.6723934744532287,2.7758851051330566,xgboost
2013-11-18,2.935251848989612,2.697702169418335,xgboost
2013-11-25,2.891442119900215,2.9320032596588135,xgboost
2013-12-02,2.891442119900215,2.9697320461273193,xgboost
2013-12-09,2.409535099916845,3.3030927181243896,xgboost
2013-12-16,2.365725370827448,2.7152302265167236,xgboost
2013-12-23,2.3219156417380504,2.621027946472168,xgboost
2013-12-30,3.0666810362578047,2.415796995162964,xgboost
2014-01-06,3.2860811317559366,3.08644700050354,xgboost
2014-01-13,3.1548471945161594,3.131368398666382,xgboost
2014-01-20,2.1911372878979063,2.8886005878448486,xgboost
2014-01-27,1.8843780675921993,2.186708450317383,xgboost
2014-02-03,2.10349179638199,2.215606212615967,xgboost
2014-02-10,2.2787827794138233,2.3812594413757324,xgboost
2014-02-17,1.8405553218342412,2.283930540084839,xgboost
2014-02-24,1.7529098303183244,2.3326199054718018,xgboost
2014-03-03,1.796732576076283,2.5653152465820312,xgboost
2014-03-10,2.10349179638199,2.344442129135132,xgboost
2014-03-17,1.709087084560366,2.5125951766967773,xgboost
2014-03-24,1.9720235591081154,2.2576141357421875,xgboost
2014-03-31,1.9720235591081154,2.3792150020599365,xgboost
2014-04-07,2.234960033655865,2.062281608581543,xgboost
2014-04-14,2.1911372878979063,2.0548222064971924,xgboost
2014-04-21,2.322605525171781,2.108391523361206,xgboost
2014-04-28,2.7608329827513636,2.295072555541992,xgboost
2014-05-05,3.5934651521525693,3.2151620388031006,xgboost
2014-05-12,4.426097321553775,3.313599109649658,xgboost
2014-05-19,4.645211050343566,3.939394950866699,xgboost
2014-05-26,4.338451830037859,3.902172327041626,xgboost
2014-06-02,3.900224372458277,4.167009353637695,xgboost
2014-06-09,3.944047118216235,4.035773754119873,xgboost
2014-06-16,4.6890337961015245,3.948500871658325,xgboost
2014-06-23,5.696956948534563,4.5066118240356445,xgboost
2014-06-30,6.0037161688402705,5.384019374847412,xgboost
2014-07-07,5.083438507923148,6.078338623046875,xgboost
2014-07-14,3.7249333894264436,5.600979804992676,xgboost
2014-07-21,2.936123965783196,4.276135444641113,xgboost
2014-07-28,2.6293647454774884,2.8309037685394287,xgboost
2014-08-04,2.8484784742672797,2.7723758220672607,xgboost
2014-08-11,2.58554199971953,2.8623766899108887,xgboost
2014-08-18,2.1911372878979063,2.5969960689544678,xgboost
2014-08-25,1.9282008133501574,2.225100517272949,xgboost
2014-09-01,2.10349179638199,2.281644821166992,xgboost
2014-09-08,2.2787827794138233,2.349623441696167,xgboost
2014-09-15,1.6652643388024078,2.4779303073883057,xgboost
2014-09-22,1.6214415930444492,2.1720187664031982,xgboost
2014-09-29,1.4461506100126167,2.16633677482605,xgboost
2014-10-06,1.9720235591081152,2.0810956954956055,xgboost
2014-10-13,1.665264338802408,1.7006075382232666,xgboost
2014-10-20,2.059669050624032,1.6189602613449097,xgboost
2014-10-27,1.5776188472864916,1.7182697057724,xgboost
2014-11-03,1.6214415930444497,1.6491515636444092,xgboost
2014-11-10,1.3146823727387422,1.8123998641967773,xgboost
2014-11-17,1.489973355770575,1.651824712753296,xgboost
2014-11-24,1.6652643388024078,1.4272704124450684,xgboost
2014-12-01,1.8843780675921986,1.5190694332122803,xgboost
2014-12-08,1.9720235591081152,1.4450820684432983,xgboost
2014-12-15,2.147314542139948,1.8531702756881714,xgboost
2014-12-22,2.0158463048660735,1.8207614421844482,xgboost
2014-12-29,2.804655728509321,2.01487398147583,xgboost
2015-01-05,2.629560111565066,3.0568342208862305,xgboost
2015-01-12,2.3667278322640253,3.06135892868042,xgboost
2015-01-19,1.4465804154052881,2.443049907684326,xgboost
2015-01-26,1.5342519557328818,1.986475944519043,xgboost
2015-02-02,1.7095950363880688,1.6291821002960205,xgboost
2015-02-09,1.5342519557328815,1.8412846326828003,xgboost
2015-02-16,1.3150731049138977,1.8375176191329956,xgboost
2015-02-23,1.3150731049138977,1.6044495105743408,xgboost
2015-03-02,1.8411023468794585,1.5538426637649536,xgboost
2015-03-09,1.972609657370849,1.9394539594650269,xgboost
2015-03-16,2.104116967862239,1.791171908378601,xgboost
2015-03-23,2.0164454275346455,1.9894847869873047,xgboost
2015-03-30,2.4548031291726136,1.8779351711273193,xgboost
2015-04-06,3.068503911465768,2.551276922225952,xgboost
2015-04-13,3.8575477744141096,2.3886609077453613,xgboost
2015-04-20,4.7342631776900435,3.41994047164917,xgboost
2015-04-27,4.909606258345231,4.517019271850586,xgboost
2015-05-04,5.3041281898194015,5.045914649963379,xgboost
2015-05-11,5.260292419655605,5.394445896148682,xgboost
2015-05-18,5.347963959983198,5.895936965942383,xgboost
2015-05-25,5.567142810802181,5.593690395355225,xgboost
2015-06-01,4.909606258345231,5.744357585906982,xgboost
2015-06-08,5.216456649491808,5.214958190917969,xgboost
2015-06-15,5.260292419655605,5.705992698669434,xgboost
2015-06-22,5.347963959983198,5.458047866821289,xgboost
2015-06-29,4.383577016379669,5.476245403289795,xgboost
2015-07-06,3.901383544577906,4.285728931427002,xgboost
2015-07-13,3.8575477744141096,3.483339548110962,xgboost
2015-07-20,3.8137120042503128,3.538832426071167,xgboost
2015-07-27,2.8493250606467844,3.7918012142181396,xgboost
2015-08-03,2.542474669500207,2.769162893295288,xgboost
2015-08-10,2.3232958186812236,2.5724709033966064,xgboost
2015-08-17,2.3232958186812236,2.352618455886841,xgboost
2015-08-24,1.9287738872070526,2.05800461769104,xgboost
2015-08-31,2.016445427534646,2.1485328674316406,xgboost
2015-09-07,1.7534308065518658,2.187962055206299,xgboost
2015-09-14,1.6219234960604754,1.7794157266616821,xgboost
2015-09-21,1.4904161855690852,1.7702276706695557,xgboost
2015-09-28,1.5780877258966788,1.6890326738357544,xgboost
2015-10-05,1.5780877258966788,1.8988779783248901,xgboost
2015-10-12,1.2274015645863048,1.8574975728988647,xgboost
2015-10-19,1.2274015645863048,1.533894419670105,xgboost
2015-10-26,1.2712373347501016,1.581529140472412,xgboost
2015-11-02,1.4465804154052886,1.5095313787460327,xgboost
2015-11-09,1.841102346879459,1.4736016988754272,xgboost
2015-11-16,2.191788508189833,1.8435202836990356,xgboost
2015-11-23,2.323295818681223,1.9443520307540894,xgboost
2015-11-30,1.7095950363880688,2.0190677642822266,xgboost
2015-12-07,1.4027446452414918,1.7803064584732056,xgboost
2015-12-14,1.4465804154052886,1.7014693021774292,xgboost
2015-12-21,1.709595036388073,1.7479549646377563,xgboost
2015-12-28,1.1397300242587114,1.822623372077942,xgboost
2016-01-04,1.402992256091812,1.6830110549926758,xgboost
2016-01-11,1.2277664647867768,1.5987149477005005,xgboost
2016-01-18,1.5785568832972856,1.315783977508545,xgboost
2016-01-25,1.447010476355845,1.5488543510437012,xgboost
2016-02-01,1.3593128717282177,1.3323007822036743,xgboost
2016-02-08,1.973196104121608,1.4981335401535034,xgboost
2016-02-15,1.534708080983472,1.8975797891616821,xgboost
2016-02-22,1.622405685611099,1.575879454612732,xgboost
2016-02-29,1.4908592786696584,1.4685542583465576,xgboost
2016-03-07,2.104742511063048,1.58072030544281,xgboost
2016-03-14,2.411684127259744,1.8820719718933105,xgboost
2016-03-21,1.8854984994939807,2.420841693878174,xgboost
2016-03-28,1.3593128717282177,2.0822298526763916,xgboost
2016-04-04,1.5785568832972856,1.8513532876968384,xgboost
2016-04-11,2.3678353249459305,1.7775195837020874,xgboost
2016-04-18,2.4993817318873712,2.363705635070801,xgboost
2016-04-25,2.36783532494593,2.425886869430542,xgboost
2016-05-02,1.929347301807794,2.4684112071990967,xgboost
2016-05-09,2.1485913133768624,2.4540445804595947,xgboost
2016-05-16,2.8940209527116934,2.618123769760132,xgboost
2016-05-23,4.297182626753728,3.333050489425659,xgboost
2016-05-30,5.393402684599068,3.987151622772217,xgboost
2016-06-06,6.314227533189154,4.724044322967529,xgboost
2016-06-13,7.103505974837798,5.6949591636657715,xgboost
2016-06-20,7.278901184093052,6.569125175476074,xgboost
2016-06-27,6.007285916992458,6.81355094909668,xgboost
2016-07-04,4.297182626753728,5.359771728515625,xgboost
2016-07-11,3.6394505920465243,4.107023239135742,xgboost
2016-07-18,3.420206580477456,3.489363431930542,xgboost
2016-07-25,2.718625743456439,3.267524242401123,xgboost
2016-08-01,2.323986522632116,2.63607120513916,xgboost
2016-08-08,2.3239865226321164,2.222094774246216,xgboost
2016-08-15,2.9817185573393203,2.2370309829711914,xgboost
2016-08-22,2.630928138828811,2.711078405380249,xgboost
2016-08-29,2.3678353249459296,2.5620598793029785,xgboost
2016-09-05,1.9731961041216077,2.0890896320343018,xgboost
2016-09-12,1.8854984994939803,2.0762486457824707,xgboost
2016-09-19,3.3325089758498287,1.9099924564361572,xgboost
2016-09-26,5.17415867303,3.3915445804595947,xgboost
2016-10-03,5.744193103109577,4.105253219604492,xgboost
2016-10-10,4.428729033695169,4.47744083404541,xgboost
2016-10-17,3.0694161619669473,4.244729995727539,xgboost
2016-10-24,2.8501721503978796,3.1008098125457764,xgboost
2016-10-31,3.1571137665945748,2.9408698081970215,xgboost
2016-11-07,2.7624745457702526,2.8299636840820312,xgboost
2016-11-14,2.674776941142625,2.624458074569702,xgboost
2016-11-21,2.2801377203183026,2.7520740032196045,xgboost
2016-11-28,3.595601789732711,2.3354222774505615,xgboost
2016-12-05,4.56027544063661,3.497483730316162,xgboost
2016-12-12,4.428729033695169,3.938298463821411,xgboost
2016-12-19,3.1132649642807606,3.4289515018463135,xgboost
2016-12-26,2.104742511063048,3.4702847003936768,xgboost
2017-01-02,2.3242342807530956,2.8840243816375732,xgboost
2017-01-09,1.9297124190387105,2.5551209449768066,xgboost
2017-01-16,1.7544736885967058,2.2664363384246826,xgboost
2017-01-23,1.140407897587857,1.7418180704116821,xgboost
2017-01-30,1.1404078975878573,1.5594967603683472,xgboost
2017-02-06,1.140407897587857,1.4103517532348633,xgboost
2017-02-13,1.4474407930922812,1.5082789659500122,xgboost
2017-02-20,1.5790263197370396,1.5111058950424194,xgboost
2017-02-27,1.7544736885967058,1.62863028049469,xgboost
2017-03-06,1.6667500041668701,1.8050130605697632,xgboost
2017-03-13,1.6667500041668701,1.7099905014038086,xgboost
2017-03-20,1.6228881619519522,1.8797342777252197,xgboost
2017-03-27,2.587848690680143,1.9304461479187012,xgboost
2017-04-03,3.5528092194083336,2.7452285289764404,xgboost
2017-04-10,3.772118430482923,4.220947265625,xgboost
2017-04-17,4.03528948377243,3.976588010787964,xgboost
2017-04-24,3.9037039571276764,3.807685613632202,xgboost
2017-05-01,4.8686644858558665,3.780526638031006,xgboost
2017-05-08,3.9475657993425934,4.914393424987793,xgboost
2017-05-15,3.684394746053087,3.636918306350708,xgboost
2017-05-22,2.763296059539814,4.086878299713135,xgboost
2017-05-29,3.1141907972591567,3.106997489929199,xgboost
2017-06-05,2.8948815861845674,3.28536057472229,xgboost
2017-06-12,2.9387434283994853,3.2707626819610596,xgboost
2017-06-19,2.45626316403539,3.1978795528411865,xgboost
2017-06-26,1.9737828996712947,2.7841227054595947,xgboost
2017-07-03,1.5351644775221172,2.3323709964752197,xgboost
2017-07-10,1.6667500041668706,2.465358257293701,xgboost
2017-07-17,1.886059215241459,1.986391305923462,xgboost
2017-07-24,2.105368426316048,1.5506232976913452,xgboost
2017-07-31,1.842197373026541,1.8938311338424683,xgboost
2017-08-07,1.7983355308116236,1.724116563796997,xgboost
2017-08-14,1.4035789508773637,1.8214656114578247,xgboost
2017-08-21,1.4913026353071992,1.4100675582885742,xgboost
2017-08-28,1.3158552664475283,1.5578951835632324,xgboost
2017-09-04,1.1842697398027748,1.4317535161972046,xgboost
2017-09-11,1.0526842131580216,1.3022334575653076,xgboost
2017-09-18,1.140407897587857,1.3187767267227173,xgboost
2017-09-25,1.359717108662446,1.4221525192260742,xgboost
2017-10-02,1.6228881619519526,1.6038243770599365,xgboost
2017-10-09,1.5790263197370347,1.8244993686676025,xgboost
2017-10-16,1.535164477522117,1.4663687944412231,xgboost
2017-10-23,1.140407897587857,1.438049077987671,xgboost
2017-10-30,1.3158552664475283,1.1754124164581299,xgboost
2017-11-06,1.579026319737035,1.4259413480758667,xgboost
2017-11-13,1.7106118463817879,1.560078740119934,xgboost
2017-11-20,1.5790263197370347,1.572923183441162,xgboost
2017-11-27,1.315855266447528,1.603800892829895,xgboost
2017-12-04,1.886059215241459,1.513132095336914,xgboost
2017-12-11,2.1053684263160477,1.9192237854003906,xgboost
2017-12-18,2.500125006250308,1.9908359050750732,xgboost
2017-12-25,1.9737828996712947,2.2593448162078857,xgboost
2018-01-01,2.0641071400776574,1.8897418975830078,xgboost
2018-01-08,2.022701378507237,1.7925862073898315,xgboost
2018-01-15,2.1563095598004,2.019695997238159,xgboost
2018-01-22,1.4522084790492478,2.033576011657715,xgboost
2018-01-29,0.9241326684858829,1.2795015573501587,xgboost
2018-02-05,0.836120033391989,1.2493200302124023,xgboost
2018-02-12,1.0561516211267243,1.51105535030365,xgboost
2018-02-19,1.0561516211267243,1.4197028875350952,xgboost
2018-02-26,0.7481073982980949,1.5346111059188843,xgboost
2018-03-05,0.9241326684858832,1.2549331188201904,xgboost
2018-03-12,1.0561516211267241,1.285109043121338,xgboost
2018-03-19,1.4962147965961947,1.2796844244003296,xgboost
2018-03-26,1.8922716545187181,1.685302972793579,xgboost
2018-04-02,1.9802842896126123,2.000732898712158,xgboost
2018-04-09,1.848265336971771,2.0121734142303467,xgboost
2018-04-16,1.71624638433093,1.9348641633987427,xgboost
2018-04-23,1.9802842896126123,1.8003073930740356,xgboost
2018-04-30,2.7723980054576587,2.195415735244751,xgboost
2018-05-07,3.476499086208811,3.1065943241119385,xgboost
2018-05-14,6.4249223618542635,3.949425220489502,xgboost
2018-05-21,6.864985537323733,6.5447540283203125,xgboost
2018-05-28,6.7329665846828926,6.886118412017822,xgboost
2018-06-04,5.060726517898904,6.940033435821533,xgboost
2018-06-11,6.1168781390256335,4.800472259521484,xgboost
2018-06-18,8.669244556748561,5.160216331481934,xgboost
2018-06-25,9.109307732218031,7.414920330047607,xgboost
2018-07-02,7.481073982980991,5.6965837478637695,xgboost
2018-07-09,5.8088339161970035,5.275063991546631,xgboost
2018-07-16,5.060726517898904,4.905893802642822,xgboost
2018-07-23,5.544796010915323,4.978527545928955,xgboost
2018-07-30,4.488644389788593,4.895935535430908,xgboost
2018-08-06,3.740536991490494,2.970710277557373,xgboost
2018-08-13,2.7723980054576582,3.18631649017334,xgboost
2018-08-20,2.288328512441241,3.0050084590911865,xgboost
2018-08-27,1.8922716545187175,2.4259049892425537,xgboost
2018-09-03,1.7162463843309295,2.2714293003082275,xgboost
2018-09-10,1.5842274316900935,1.8640295267105103,xgboost
2018-09-17,1.7162463843309295,1.4485363960266113,xgboost
2018-09-24,1.540221114143141,1.7335877418518066,xgboost
2018-10-01,1.4962147965961943,1.402833342552185,xgboost
2018-10-08,1.5402211141431412,1.4143708944320679,xgboost
2018-10-15,2.332334829988188,1.5763736963272095,xgboost
2018-10-22,2.376341147535135,1.6037096977233887,xgboost
2018-10-29,2.2883285124412405,1.6696784496307373,xgboost
2018-11-05,2.0242906071595583,1.9565668106079102,xgboost
2018-11-12,2.1563095598003996,2.382734537124634,xgboost
2018-11-19,2.5523664177229226,2.52597975730896,xgboost
2018-11-26,2.1563095598003996,2.6273863315582275,xgboost
2018-12-03,2.59637273526987,2.137836456298828,xgboost
2018-12-10,2.3763411475351344,2.846748113632202,xgboost
2018-12-17,2.4203474650820813,2.570693016052246,xgboost
2018-12-24,2.0682969247065053,2.4038538932800293,xgboost
2018-12-31,2.0242906071595583,2.651808738708496,xgboost
2019-01-07,1.9787655422906347,2.249458074569702,xgboost
2019-01-14,1.8448136385127327,2.152928113937378,xgboost
2019-01-21,1.4037839874747318,1.9773117303848267,xgboost
2019-01-28,1.272179238648975,1.0762919187545776,xgboost
2019-02-04,1.2283109890403894,1.2265853881835938,xgboost
2019-02-11,1.4037839874747318,1.2357444763183594,xgboost
2019-02-18,1.4915204866919025,1.448541283607483,xgboost
2019-02-25,2.017939481994929,1.517998218536377,xgboost
2019-03-04,2.2372807300378565,2.1333465576171875,xgboost
2019-03-11,2.588226726906541,2.256702423095703,xgboost
2019-03-18,1.9740712323863434,2.9672679901123047,xgboost
2019-03-25,1.4476522370833171,2.258831262588501,xgboost
2019-04-01,1.6231252355176593,1.9065077304840088,xgboost
2019-04-08,1.8863347331691724,2.106067419052124,xgboost
2019-04-15,2.544358477297956,2.231701374053955,xgboost
2019-04-22,2.6759632261237125,2.198354959487915,xgboost
2019-04-29,3.070777472600982,2.551236629486084,xgboost
2019-05-06,2.9830409733838112,4.052616119384766,xgboost
2019-05-13,3.0269092229923964,3.6806631088256836,xgboost
2019-05-20,3.0269092229923964,3.087688684463501,xgboost
2019-05-27,3.421723469469672,2.5443522930145264,xgboost
2019-06-03,3.3778552198610807,4.068976879119873,xgboost
2019-06-10,2.851436224558054,3.816704273223877,xgboost
2019-06-17,2.3688854788636133,2.981475591659546,xgboost
2019-06-24,2.368885478863614,2.397794246673584,xgboost
2019-07-01,2.6759632261237125,2.5441858768463135,xgboost
2019-07-08,2.851436224558055,2.404378890991211,xgboost
2019-07-15,2.5443584772979557,2.683468818664551,xgboost
2019-07-22,2.412753728472199,2.247467517852783,xgboost
2019-07-29,2.281148979646442,2.15461802482605,xgboost
2019-08-05,2.368885478863614,2.0951457023620605,xgboost
2019-08-12,1.9740712323863436,2.19559383392334,xgboost
2019-08-19,1.974071232386344,1.858973503112793,xgboost
2019-08-26,1.3599157378661462,1.7580864429473877,xgboost
2019-09-02,1.754729984343416,1.573056697845459,xgboost
2019-09-09,1.4476522370833171,1.7043458223342896,xgboost
2019-09-16,2.368885478863614,1.571141004562378,xgboost
2019-09-23,2.325017229255028,2.4625141620635986,xgboost
2019-09-30,2.456621978080785,2.414151191711426,xgboost
2019-10-07,2.061807731603515,2.252490758895874,xgboost
2019-10-14,1.7985982339520017,2.309215784072876,xgboost
2019-10-21,1.7108617347348305,1.60572350025177,xgboost
2019-10-28,1.272179238648975,1.9387576580047607,xgboost
2019-11-04,1.754729984343416,1.4936773777008057,xgboost
2019-11-11,2.1056759812121,1.65259850025177,xgboost
2019-11-18,2.7636997253408833,2.3303143978118896,xgboost
2019-11-25,2.1934124804292714,2.5943710803985596,xgboost
2019-12-02,1.9740712323863434,2.3324966430664062,xgboost
2019-12-09,1.842466483560587,1.890443205833435,xgboost
2019-12-16,1.7985982339520012,2.122749090194702,xgboost
2019-12-23,2.3688854788636133,1.441983938217163,xgboost
2019-12-30,2.2372807300378565,2.2834575176239014,xgboost
2020-01-06,2.6316869142669534,1.8809212446212769,xgboost
2020-01-13,1.9295548839130123,2.1812593936920166,xgboost
2020-01-20,1.7537698378771258,1.8211909532546997,xgboost
2020-01-27,1.4030158703016997,1.21415114402771,xgboost
2020-02-03,1.4468601162486276,1.2864385843276978,xgboost
2020-02-10,1.4468601162486279,1.44011390209198,xgboost
2020-02-17,1.6660813459832695,1.7047063112258911,xgboost
2020-02-24,1.9729910676117672,1.5113929510116577,xgboost
2020-03-02,1.885302575717911,1.9640402793884277,xgboost
2020-03-09,1.797614083824054,1.8996024131774902,xgboost
2020-03-16,1.4468601162486279,2.007664203643799,xgboost
2020-03-23,1.315327378407843,2.127439498901367,xgboost
2020-03-30,0.9645734108324167,1.6913725137710571,xgboost
2020-04-06,0.6138194432569904,1.2593655586242676,xgboost
2020-04-13,0.5699751973100621,1.1640912294387817,xgboost
2020-04-20,0.5261309513631337,1.1386504173278809,xgboost
2020-04-27,0.4384424594692771,0.6332266926765442,xgboost
2020-05-04,0.21922122973463573,0.5715413093566895,xgboost
2020-05-11,0.13153273784077912,0.6418905258178711,xgboost
2020-05-18,0.1753769837877074,0.7553667426109314,xgboost
2020-05-25,0.1315327378407849,0.2156985104084015,xgboost
2020-06-01,0.08768849189385082,0.546869158744812,xgboost
2020-06-08,0.043844245946922523,0.5103012919425964,xgboost
2020-06-15,0.0,0.5762495398521423,xgboost
2020-06-22,0.0,0.24093714356422424,xgboost
2020-06-29,0.043844245946922523,0.2603677213191986,xgboost
2020-07-06,0.043844245946922523,0.3450586199760437,xgboost
2020-07-13,0.08768849189385082,0.3595521152019501,xgboost
2020-07-20,0.08768849189385082,0.06448982656002045,xgboost
2020-07-27,0.08768849189385082,0.06533731520175934,xgboost
2020-08-03,0.3507539675754206,0.08405207097530365,xgboost
2020-08-10,0.3945982135223489,0.18739528954029083,xgboost
2020-08-17,0.4822867054162055,0.3897970914840698,xgboost
2020-08-24,0.1753769837877074,0.4608078896999359,xgboost
2020-08-31,0.1753769837877074,0.3211138844490051,xgboost
2020-09-07,0.21922122973463573,0.4414130747318268,xgboost
2020-09-14,0.3507539675754206,0.3553869128227234,xgboost
2020-09-21,0.3507539675754206,0.4036361277103424,xgboost
2020-09-28,0.3945982135223489,0.4237612783908844,xgboost
2020-10-05,0.3945982135223489,0.44890096783638,xgboost
2020-10-12,0.6138194432569903,0.3751140832901001,xgboost
2020-10-19,0.48228670541620544,0.5199733376502991,xgboost
2020-10-26,0.39459821352234886,0.4069785475730896,xgboost
2020-11-02,0.263065475681564,0.37435582280158997,xgboost
2020-11-09,0.3945982135223489,0.3804049789905548,xgboost
2020-11-16,0.4822867054162055,0.3767859637737274,xgboost
2020-11-23,0.3507539675754206,0.3935314118862152,xgboost
2020-11-30,0.263065475681564,0.39010944962501526,xgboost
2020-12-07,0.13153273784077912,0.34229227900505066,xgboost
2020-12-14,0.1753769837877074,0.3244384527206421,xgboost
2020-12-21,0.13153273784077912,0.3355162441730499,xgboost
2020-12-28,0.21922122973463573,0.10039836168289185,xgboost
2021-01-04,0.2633864962003074,0.3333488702774048,xgboost
2021-01-11,0.43929851418592625,0.3583178222179413,xgboost
2021-01-18,0.5274150334381074,0.31217706203460693,xgboost
2021-01-25,0.48346378065159795,0.41585734486579895,xgboost
2021-02-01,0.3955612750785791,0.43789997696876526,xgboost
2021-02-08,0.2637075167190508,0.44882118701934814,xgboost
2021-02-15,0.3076587695055602,0.44856223464012146,xgboost
2021-02-22,0.17580501114603195,0.4524276852607727,xgboost
2021-03-01,0.21975626393254136,0.20385056734085083,xgboost
2021-03-08,0.395561275078579,0.2669811248779297,xgboost
2021-03-15,0.7471712973706545,0.4118496775627136,xgboost
2021-03-22,0.7911225501571638,0.7319711446762085,xgboost
2021-03-29,0.9669275613032017,0.8844614028930664,xgboost
2021-04-05,1.0548300668762205,0.8507152199745178,xgboost
2021-04-12,1.406440089168296,0.9351943731307983,xgboost
2021-04-19,1.4064400891682958,1.4430855512619019,xgboost
2021-04-26,1.0548300668762205,1.468079686164856,xgboost
2021-05-03,0.8790250557301827,1.1770668029785156,xgboost
2021-05-10,0.7471712973706545,0.8329228162765503,xgboost
2021-05-17,0.7911225501571639,0.7960537075996399,xgboost
2021-05-24,0.879025055730183,0.7498636245727539,xgboost
2021-05-31,1.09878131966273,0.6638787984848022,xgboost
2021-06-07,1.5822451003143339,1.0840426683425903,xgboost
2021-06-14,1.5382938475278243,1.6169050931930542,xgboost
2021-06-21,1.1866838252357488,1.5309895277023315,xgboost
2021-06-28,0.8350738029436734,1.2480885982513428,xgboost
2021-07-05,0.5713662862246168,0.9411009550094604,xgboost
2021-07-12,0.6153175390111262,0.673603355884552,xgboost
2021-07-19,0.35161002229206967,0.4850274324417114,xgboost
2021-07-26,0.4395125278650885,0.36845940351486206,xgboost
2021-08-02,0.26370751671905085,0.39915427565574646,xgboost
2021-08-09,0.483463780651598,0.4001254141330719,xgboost
2021-08-16,0.39556127507857913,0.40927159786224365,xgboost
2021-08-23,0.7471712973706546,0.3815591037273407,xgboost
2021-08-30,0.6153175390111263,0.5665070414543152,xgboost
2021-09-06,0.7032200445841452,0.5349745750427246,xgboost
2021-09-13,0.4395125278650886,0.7155416011810303,xgboost
2021-09-20,0.4395125278650886,0.6223026514053345,xgboost
2021-09-27,0.483463780651598,0.49942803382873535,xgboost
2021-10-04,0.39556127507857913,0.5007906556129456,xgboost
2021-10-11,0.6153175390111262,0.5630093216896057,xgboost
2021-10-18,0.5274150334381074,0.5298560857772827,xgboost
2021-10-25,0.6592687917976356,0.4895887076854706,xgboost
2021-11-01,1.0548300668762205,0.5331568717956543,xgboost
2021-11-08,1.1866838252357488,1.0231740474700928,xgboost
2021-11-15,1.0548300668762205,1.378318190574646,xgboost
2021-11-22,0.6592687917976355,1.1306278705596924,xgboost
2021-11-29,0.7471712973706545,0.907014787197113,xgboost
2021-12-06,0.8350738029436733,0.8523149490356445,xgboost
2021-12-13,0.6153175390111262,0.9536707997322083,xgboost
2021-12-20,0.4395125278650885,0.8588335514068604,xgboost
2021-12-27,0.5274150334381074,0.6392073035240173,xgboost
2022-01-03,0.5719255027476713,0.5396848320960999,xgboost
2022-01-10,0.7050840996609935,0.48552632331848145,xgboost
2022-01-17,0.794477849295491,0.7104986310005188,xgboost
2022-01-24,1.0151661407664623,0.8069605827331543,xgboost
2022-01-31,1.1475791156490451,1.048394799232483,xgboost
2022-02-07,0.8827531658838796,1.0733164548873901,xgboost
2022-02-14,0.8827531658838795,0.8643873929977417,xgboost
2022-02-21,0.6620648744129083,1.0003467798233032,xgboost
2022-02-28,1.456542723708405,0.8320624828338623,xgboost
2022-03-07,1.5006803820025993,1.5088646411895752,xgboost
2022-03-14,1.5448180402967935,1.575525164604187,xgboost
2022-03-21,1.2358544322374336,1.6985588073730469,xgboost
2022-03-28,1.8537816483561533,1.2792057991027832,xgboost
2022-04-04,2.3834335478864843,1.907879114151001,xgboost
2022-04-11,2.5158465227690674,2.7903029918670654,xgboost
2022-04-18,2.824810130828427,2.5272185802459717,xgboost
2022-04-25,2.824810130828427,3.2081806659698486,xgboost
2022-05-02,3.0896360805935927,3.2544350624084473,xgboost
2022-05-09,2.824810130828427,3.47004771232605,xgboost
2022-05-16,2.95722310571101,3.2460334300994873,xgboost
2022-05-23,2.5599841810632618,2.796841621398926,xgboost
2022-05-30,2.0303322815329308,2.3909575939178467,xgboost
2022-06-06,1.5889556985909878,2.136215925216675,xgboost
2022-06-13,1.6772310151793761,1.674741506576538,xgboost
2022-06-20,1.9420569649445418,1.4745384454727173,xgboost
2022-06-27,2.295158231298096,1.7836568355560303,xgboost
2022-07-04,1.8537816483561533,2.200683832168579,xgboost
2022-07-11,1.5889556985909878,1.7437084913253784,xgboost
2022-07-18,1.7655063317677648,1.409353494644165,xgboost
2022-07-25,2.1627452564155134,1.6237971782684326,xgboost
2022-08-01,2.0744699398271247,2.2223880290985107,xgboost
2022-08-08,1.456542723708405,1.7503814697265625,xgboost
2022-08-15,1.0151661407664623,1.4878242015838623,xgboost
2022-08-22,0.7944778492954909,1.2261711359024048,xgboost
2022-08-29,0.9268908241780739,0.8775656819343567,xgboost
2022-09-05,1.0593037990606566,0.7358571290969849,xgboost
2022-09-12,1.3682674071200165,1.1490005254745483,xgboost
2022-09-19,1.1475791156490451,1.461047887802124,xgboost
2022-09-26,1.2799920905316278,1.1383577585220337,xgboost
2022-10-03,1.0593037990606566,1.3887101411819458,xgboost
2022-10-10,0.9268908241780737,1.17446768283844,xgboost
2022-10-17,0.7503401910012967,0.99405437707901,xgboost
2022-10-24,1.2358544322374334,0.9825575947761536,xgboost
2022-10-31,1.4124050654142106,1.286081075668335,xgboost
2022-11-07,1.5006803820025991,1.3024213314056396,xgboost
2022-11-14,1.1034414573548508,1.4908039569854736,xgboost
2022-11-21,1.015166140766462,1.049430251121521,xgboost
2022-11-28,1.5006803820025991,0.7665623426437378,xgboost
2022-12-05,1.7655063317677646,1.6781069040298462,xgboost
2022-12-12,1.9420569649445418,1.5888950824737549,xgboost
2022-12-19,1.5448180402967935,1.792533278465271,xgboost
2022-12-26,1.1034414573548508,1.7489726543426514,xgboost
2023-01-02,1.1058601942362243,1.1465785503387451,xgboost
2023-01-09,0.8863812712059397,1.2512422800064087,xgboost
2023-01-16,1.0207292355936215,0.9670164585113525,xgboost
2023-01-23,0.9763497036112897,1.1587568521499634,xgboost
2023-01-30,1.3757654914522746,0.9120101928710938,xgboost
2023-02-06,1.1982473635229478,1.3776650428771973,xgboost
2023-02-13,1.0207292355936215,1.1240311861038208,xgboost
2023-02-20,0.7544520436996317,0.9597412943840027,xgboost
2023-02-27,1.0207292355936215,0.9861562252044678,xgboost
2023-03-06,1.3313859594699429,1.3174643516540527,xgboost
2023-03-13,1.464524555416938,1.3942296504974365,xgboost
2023-03-20,1.908319875240254,1.483834147453308,xgboost
2023-03-27,2.0414584711872488,2.092315196990967,xgboost
2023-04-03,2.574012854975228,2.16290020942688,xgboost
2023-04-10,3.017808174798544,2.637098550796509,xgboost
2023-04-17,4.0385374103921725,3.098262310028076,xgboost
2023-04-24,4.748609922109478,6.0066609382629395,xgboost
2023-05-01,5.769339157703105,6.297900676727295,xgboost
2023-05-08,5.63620056175611,6.332043170928955,xgboost
2023-05-15,5.9024777536501,6.205850601196289,xgboost
2023-05-22,5.991236817614763,5.162555694580078,xgboost
2023-05-29,7.1894841811377175,5.36635684967041,xgboost
2023-06-05,7.6332795009610335,6.379140853881836,xgboost
2023-06-12,7.322622777084711,6.577086448669434,xgboost
2023-06-19,6.390652605455748,7.154334545135498,xgboost
2023-06-26,5.813718689685437,7.846283435821533,xgboost
2023-07-03,4.881748518056472,5.566937446594238,xgboost
2023-07-10,4.393573666250824,4.863700866699219,xgboost
2023-07-17,3.372844430657197,4.205170154571533,xgboost
2023-07-24,3.5059830266041927,3.2097980976104736,xgboost
2023-07-31,3.2840853666925347,3.138002634048462,xgboost
2023-08-07,3.150946770745539,2.8801326751708984,xgboost
2023-08-14,2.3077356630812385,2.779656410217285,xgboost
2023-08-21,1.5976631513639326,2.1993935108184814,xgboost
2023-08-28,0.9763497036112897,1.5192726850509644,xgboost
2023-09-04,0.8875906396466263,1.131034016609192,xgboost
2023-09-11,1.0651087675759527,0.9583461284637451,xgboost
2023-09-18,1.3313859594699426,1.2232837677001953,xgboost
2023-09-25,1.2870064274876112,1.3858352899551392,xgboost
2023-10-02,1.2870064274876112,1.3309425115585327,xgboost
2023-10-09,1.2870064274876112,1.310023307800293,xgboost
2023-10-16,1.1982473635229478,1.6116271018981934,xgboost
2023-10-23,0.9763497036112897,1.41399085521698,xgboost
2023-10-30,1.1538678315406161,1.1745712757110596,xgboost
2023-11-06,1.2870064274876112,1.300883412361145,xgboost
2023-11-13,1.5976631513639326,1.3695919513702393,xgboost
2023-11-20,1.908319875240254,1.564799189567566,xgboost
2023-11-27,1.8639403432579222,2.080833673477173,xgboost
2023-12-04,1.8639403432579222,1.9577534198760986,xgboost
2023-12-11,1.3757654914522746,1.9322797060012817,xgboost
2023-12-18,1.3313859594699429,1.4407120943069458,xgboost
2023-12-25,0.9319701716289582,1.4472061395645142,xgboost
