date,actual,predicted,model
2005-12-26,4.019207172738956,5.643483386611281,random_forest
2006-01-02,2.8488825596688794,5.967697919103151,random_forest
2006-01-09,3.208965077600851,5.995374050764263,random_forest
2006-01-16,5.3203941347975094,6.0441993333672,random_forest
2006-01-23,6.574487037999778,5.437154877776914,random_forest
2006-01-30,6.688495483745439,6.966457573875764,random_forest
2006-02-06,4.256315307838007,6.955873011399958,random_forest
2006-02-13,3.9902956010981327,5.6008454698245504,random_forest
2006-02-20,4.446329384080776,5.1774861001195225,random_forest
2006-02-27,4.370323753583668,5.723598276651764,random_forest
2006-03-06,4.978368797560526,5.208663099982449,random_forest
2006-03-13,4.066301231595239,4.873050783631485,random_forest
2006-03-20,5.092377243306188,4.440791007740759,random_forest
2006-03-27,4.636343460323544,5.170313379088668,random_forest
2006-04-03,5.928439178774366,5.206448428014961,random_forest
2006-04-10,6.3084673312599024,6.317105365397881,random_forest
2006-04-17,7.676568680207833,6.463273081605167,random_forest
2006-04-24,8.968664398658655,8.03511730422048,random_forest
2006-05-01,11.172827683074765,9.257058583082552,random_forest
2006-05-08,13.22497970649666,11.683858078247214,random_forest
2006-05-15,16.455219002623718,14.465521174897185,random_forest
2006-05-22,22.839691964380723,17.50131057538827,random_forest
2006-05-29,27.628046685698482,17.33263492316259,random_forest
2006-06-05,32.606415483259006,16.99870958006596,random_forest
2006-06-12,30.858285981825542,24.81502486785982,random_forest
2006-06-19,28.312097360172448,24.215733530321142,random_forest
2006-06-26,22.38365818139808,19.403050643339576,random_forest
2006-07-03,18.089340058311524,23.187556968185792,random_forest
2006-07-10,16.189199295883842,20.19887607342849,random_forest
2006-07-17,13.719016304727859,18.38725460264382,random_forest
2006-07-24,13.072968445502449,14.937313892261061,random_forest
2006-07-31,11.742869911803071,12.02726106550095,random_forest
2006-08-07,11.134824867826213,10.57454749031926,random_forest
2006-08-14,10.07074604086671,11.173100847020718,random_forest
2006-08-21,9.006667213907212,9.590362936039515,random_forest
2006-08-28,9.158678474901427,9.00025124470519,random_forest
2006-09-04,8.018594017444817,9.347201700497124,random_forest
2006-09-11,6.270464516011351,7.685686020178071,random_forest
2006-09-18,4.598340645074992,6.890045704721154,random_forest
2006-09-25,3.990295601098134,5.540198322307646,random_forest
2006-10-02,4.256315307838009,4.519972903502236,random_forest
2006-10-09,4.674346275572099,4.773211416137746,random_forest
2006-10-16,5.776427917780154,5.059731316851951,random_forest
2006-10-23,5.396399765294618,5.894880570503025,random_forest
2006-10-30,6.118453255017137,5.528596597069243,random_forest
2006-11-06,6.004444809271476,6.196804735444856,random_forest
2006-11-13,6.536484222751227,5.916225319814422,random_forest
2006-11-20,5.852433548277261,6.571672578482208,random_forest
2006-11-27,5.852433548277261,5.617805834962639,random_forest
2006-12-04,5.586413841537386,5.916908852675485,random_forest
2006-12-11,5.586413841537386,5.339345322837518,random_forest
2006-12-18,5.054374428057636,5.295503310262298,random_forest
2006-12-25,4.560337829826438,4.368341905045593,random_forest
2007-01-01,4.977161888166406,4.84987402642895,random_forest
2007-01-08,6.372101117662692,4.791248699492628,random_forest
2007-01-15,8.22369650672325,7.068689356495274,random_forest
2007-01-22,8.298457384057096,9.214168782956584,random_forest
2007-01-29,6.95276159204784,9.232079150271426,random_forest
2007-02-05,6.018250625374743,6.961891330918343,random_forest
2007-02-12,6.317294134710134,6.281631304991243,random_forest
2007-02-19,8.22369650672325,7.064235720034992,random_forest
2007-02-26,8.261076945390174,8.736657627944702,random_forest
2007-03-05,9.046066157395577,8.34597769040139,random_forest
2007-03-12,7.476087733384773,9.925393818876175,random_forest
2007-03-19,8.560120454725565,7.06571234585461,random_forest
2007-03-26,8.186316068056327,8.82757615486616,random_forest
2007-04-02,8.971305280061728,8.55614830973701,random_forest
2007-04-09,10.16747931740329,8.993758921688206,random_forest
2007-04-16,11.13937072274331,9.84410295362414,random_forest
2007-04-23,12.671968708087187,11.420858176462163,random_forest
2007-04-30,11.774838180081014,15.422640866071337,random_forest
2007-05-07,12.671968708087187,12.13140816346926,random_forest
2007-05-14,13.232675288091045,12.723705600019498,random_forest
2007-05-21,14.989555905436466,14.111337373505181,random_forest
2007-05-28,15.699784240108018,14.569373012778312,random_forest
2007-06-04,14.989555905436466,15.428648219042804,random_forest
2007-06-11,16.821197400115732,14.39174279948989,random_forest
2007-06-18,12.971012217422578,15.520395782014221,random_forest
2007-06-25,10.279620633404063,12.25318631973425,random_forest
2007-07-02,7.775131242720164,9.969102481694826,random_forest
2007-07-09,8.821783525394032,7.467559977163226,random_forest
2007-07-16,11.513175109412549,8.407681305138828,random_forest
2007-07-23,10.503903265405604,11.221041027353161,random_forest
2007-07-30,11.4384142320787,9.230231098349208,random_forest
2007-08-06,10.915088090741767,10.876909292351483,random_forest
2007-08-13,11.251512038744082,10.669402706399275,random_forest
2007-08-20,10.802946774740995,11.111268441393095,random_forest
2007-08-27,9.49463142139866,10.543369869933285,random_forest
2007-09-03,7.849892120054011,9.326168711989233,random_forest
2007-09-10,6.429435450710906,7.207115538981834,random_forest
2007-09-17,6.541576766711677,6.405462986004896,random_forest
2007-09-24,7.363946417384002,6.654167579632815,random_forest
2007-10-01,6.765859398713221,7.757990266996208,random_forest
2007-10-08,7.849892120054012,6.817947165251885,random_forest
2007-10-15,7.401326856050925,7.8694882395506545,random_forest
2007-10-22,10.279620633404061,7.514335415701603,random_forest
2007-10-29,9.56939229873251,9.9069169932421,random_forest
2007-11-05,9.345109666730965,9.026641732801107,random_forest
2007-11-12,6.27991369604321,9.054678546963814,random_forest
2007-11-19,5.569685361371657,5.854848424712517,random_forest
2007-11-26,4.784696149366256,5.524632893461773,random_forest
2007-12-03,5.420163606703962,5.076844809429585,random_forest
2007-12-10,6.055631064041667,5.599256896842691,random_forest
2007-12-17,7.363946417384002,5.922450185189916,random_forest
2007-12-24,9.756294492067129,7.244788683799584,random_forest
2007-12-31,9.419870544064814,9.78956957408734,random_forest
2008-01-07,12.499962118332428,8.896827781398363,random_forest
2008-01-14,14.19697746192386,12.697493258288354,random_forest
2008-01-21,15.801681861445529,15.095143054847934,random_forest
2008-01-28,13.248248492734191,15.392206753695643,random_forest
2008-02-04,10.287746036257277,15.98897008226321,random_forest
2008-02-11,8.178388036017479,10.125681576413195,random_forest
2008-02-18,7.290237299074403,8.083122520773761,random_forest
2008-02-25,6.365080281425368,7.305571602068739,random_forest
2008-03-03,8.067369193899593,6.840200387558677,random_forest
2008-03-10,8.141381755311516,7.602598741985441,random_forest
2008-03-17,8.51144456237113,8.51348717171337,random_forest
2008-03-24,7.845331509663825,8.825458551253455,random_forest
2008-03-31,7.290237299074403,7.708015011626921,random_forest
2008-04-07,7.216224737662482,7.2459905967988245,random_forest
2008-04-14,7.179218456956519,7.227696198986855,random_forest
2008-04-21,7.5862875447220945,7.39243326926764,random_forest
2008-04-28,7.438262421898249,8.074070139295223,random_forest
2008-05-05,5.661960948012101,7.89440749625151,random_forest
2008-05-12,3.9596720355378765,5.821498009061296,random_forest
2008-05-19,3.7006280705961463,4.479395623177417,random_forest
2008-05-26,3.848653193419992,4.427105391270639,random_forest
2008-06-02,4.736803930363066,4.681377498778433,random_forest
2008-06-09,4.181709719773646,5.08071886428964,random_forest
2008-06-16,3.922665754831915,4.795323375492287,random_forest
2008-06-23,2.775471052947111,4.655596129005034,random_forest
2008-06-30,2.2203768423576897,4.665881338108734,random_forest
2008-07-07,3.6266155091842234,3.4535225945992103,random_forest
2008-07-14,5.550942105894218,3.7164428145999553,random_forest
2008-07-21,8.844501088724783,5.0258993638861575,random_forest
2008-07-28,8.992526211548629,9.816032829599836,random_forest
2008-08-04,7.068199614838636,9.472879437671505,random_forest
2008-08-11,3.700628070596147,7.135748864124813,random_forest
2008-08-18,1.7763014738861533,4.123364913863065,random_forest
2008-08-25,2.5904396494173043,4.1244951002675885,random_forest
2008-09-01,5.032854176010758,3.25663931435499,random_forest
2008-09-08,5.809986070835948,5.1429652583228425,random_forest
2008-09-15,6.439092842837293,6.180889609096408,random_forest
2008-09-22,4.588778807539221,6.615211773359754,random_forest
2008-09-29,4.070690877655761,5.077456447700835,random_forest
2008-10-06,4.255722281185569,4.453483357378263,random_forest
2008-10-13,6.180048877895562,4.508769103850831,random_forest
2008-10-20,7.549281264016134,6.330000569035519,random_forest
2008-10-27,7.216224737662482,8.225327243554025,random_forest
2008-11-03,7.956350351781709,7.075581948984913,random_forest
2008-11-10,8.178388036017479,7.578021773434973,random_forest
2008-11-17,8.69647596590094,8.073811030788802,random_forest
2008-11-24,7.327243579780365,8.32963667951523,random_forest
2008-12-01,6.994187053426713,7.276340472443184,random_forest
2008-12-08,7.253231018368442,6.494395509111968,random_forest
2008-12-15,6.587117965661137,6.847533846773755,random_forest
2008-12-22,5.217885579540565,6.3785194198145545,random_forest
2008-12-29,6.587117965661136,5.373539593811196,random_forest
2009-01-05,6.860794495436417,7.366944409012908,random_forest
2009-01-12,8.245759793072788,7.248447513469822,random_forest
2009-01-19,5.49592477178173,8.311980895853164,random_forest
2009-01-26,4.689855805253743,5.822671453324827,random_forest
2009-02-02,4.2501818235112045,5.09072503462614,random_forest
2009-02-09,5.569203768738819,4.6293083081322,random_forest
2009-02-16,6.448551732223894,6.306984783785778,random_forest
2009-02-23,8.24388715767259,7.242156679940767,random_forest
2009-03-02,10.149141078556921,7.976160431724596,random_forest
2009-03-09,12.164313494876888,10.45017858252519,random_forest
2009-03-16,13.629893434018678,14.504708665275505,random_forest
2009-03-23,13.886369923368493,14.173249177496281,random_forest
2009-03-30,12.970382461404874,13.979208458383674,random_forest
2009-04-06,10.845291549649275,12.318237084969029,random_forest
2009-04-13,13.373416944668866,10.420745352866087,random_forest
2009-04-20,14.399322902068121,15.094408680343522,random_forest
2009-04-27,18.209830743836786,18.133890827429465,random_forest
2009-05-04,17.58695926970152,18.242960684904443,random_forest
2009-05-11,20.188363661678206,16.735476637942448,random_forest
2009-05-18,19.968526670806934,15.258950181996443,random_forest
2009-05-25,20.15172416319966,15.145781382003994,random_forest
2009-06-01,17.147285287958983,15.379182561310385,random_forest
2009-06-08,14.509241397503756,17.17100902402764,random_forest
2009-06-15,11.651360516177258,16.467361794848713,random_forest
2009-06-22,11.761279011612894,11.57305964305262,random_forest
2009-06-29,11.248326032913267,11.646603192524704,random_forest
2009-07-06,9.672827598335838,11.064362689543042,random_forest
2009-07-13,7.694294680494418,9.482911184159613,random_forest
2009-07-20,6.228714741352626,8.194034335121223,random_forest
2009-07-27,5.862319756567177,6.022801039082899,random_forest
2009-08-03,6.2653542398311695,5.703219130466607,random_forest
2009-08-10,6.595109726138074,6.534411194994408,random_forest
2009-08-17,6.5218307291809845,6.997821545595894,random_forest
2009-08-24,6.9615047109235215,6.972994227695917,random_forest
2009-08-31,6.301993738309715,6.992855925798428,random_forest
2009-09-07,5.825680258088632,6.6987823645405955,random_forest
2009-09-14,4.763134802210833,5.951704837854563,random_forest
2009-09-21,5.312727279389005,4.659643719592269,random_forest
2009-09-28,5.605843267217363,5.767827504455272,random_forest
2009-10-05,7.254620698751881,5.933096484823843,random_forest
2009-10-12,7.511097188101694,7.543551636341182,random_forest
2009-10-19,7.511097188101695,7.749983016753739,random_forest
2009-10-26,6.118796245916992,7.752982882994861,random_forest
2009-11-02,6.045517248959901,6.077177924541639,random_forest
2009-11-09,6.558470227659529,6.41088452679879,random_forest
2009-11-16,5.825680258088632,6.800608537846423,random_forest
2009-11-23,5.569203768738819,5.7470008632108955,random_forest
2009-11-30,4.799774300689378,5.689194337614945,random_forest
2009-12-07,5.202808783953371,5.184635879790106,random_forest
2009-12-14,4.506658312861019,5.433047178608814,random_forest
2009-12-21,3.993705334161391,4.766104411115985,random_forest
2009-12-28,2.125090911755605,4.343971765880661,random_forest
2010-01-04,2.584503992517721,3.9455666512694347,random_forest
2010-01-11,3.627991551133281,4.524492368993018,random_forest
2010-01-18,5.0429082560752585,4.258312148942368,random_forest
2010-01-25,5.224307833631922,5.564302739408897,random_forest
2010-02-01,4.970348425052593,6.053933774440336,random_forest
2010-02-08,6.022465974881243,4.999846218758752,random_forest
2010-02-15,6.022465974881243,6.819805261319066,random_forest
2010-02-22,6.276425383460572,6.68733531178227,random_forest
2010-03-01,6.1675856369265745,6.840873421430504,random_forest
2010-03-08,5.623386904256583,6.545672866627897,random_forest
2010-03-15,5.804786481813246,5.329035840134569,random_forest
2010-03-22,6.1675856369265745,5.496855528115999,random_forest
2010-03-29,7.945301496981879,5.783903732443776,random_forest
2010-04-05,9.577897694991854,7.7527698876340505,random_forest
2010-04-12,11.355613555047158,10.961629393309034,random_forest
2010-04-19,14.258006795953778,13.262590090834289,random_forest
2010-04-26,18.430197079757047,16.43642419705197,random_forest
2010-05-03,20.969791165550337,18.928274308123672,random_forest
2010-05-10,20.53443217941435,20.216585689882468,random_forest
2010-05-17,20.498152263903012,19.56578581232286,random_forest
2010-05-24,16.507361557656413,19.57846025731891,random_forest
2010-05-31,14.947325190669103,17.821373667645485,random_forest
2010-06-07,10.847694737888501,16.283091734412924,random_forest
2010-06-14,10.70257507584317,11.450442610121337,random_forest
2010-06-21,8.562060060674535,10.497960420559124,random_forest
2010-06-28,5.986186059369909,8.05569395232422,random_forest
2010-07-05,5.151748002609256,5.632975896201131,random_forest
2010-07-12,5.6596668197679145,4.745777282774933,random_forest
2010-07-19,6.7843442006192305,5.742654132263569,random_forest
2010-07-26,6.348985214483238,6.750246160903946,random_forest
2010-08-02,5.6596668197679145,6.442519713795111,random_forest
2010-08-09,5.6596668197679145,5.752856580088414,random_forest
2010-08-16,6.3127052989719035,5.935231572923617,random_forest
2010-08-23,6.5303847920399,6.393196901223693,random_forest
2010-08-30,5.804786481813245,6.447432914455118,random_forest
2010-09-06,5.33314758016592,5.773707835562405,random_forest
2010-09-13,5.768506566301913,5.821737991008269,random_forest
2010-09-20,5.405707411188586,6.038787779951496,random_forest
2010-09-27,4.4624296078939345,5.689873325288563,random_forest
2010-10-04,4.426149692382602,4.571305743601956,random_forest
2010-10-11,5.841066397324578,4.783140800015664,random_forest
2010-10-18,6.494104876528568,6.2540353209305675,random_forest
2010-10-25,5.695946735279247,6.730933098554026,random_forest
2010-11-01,4.93406850954126,5.609631326625643,random_forest
2010-11-08,5.006628340563926,5.315763954702617,random_forest
2010-11-15,4.752668931984596,5.457563196342593,random_forest
2010-11-22,4.244750114825938,5.221059567572426,random_forest
2010-11-29,3.7368312976672784,4.863439783667695,random_forest
2010-12-06,3.809391128689944,3.6808395894547585,random_forest
2010-12-13,3.845671044201277,3.6934686971744677,random_forest
2010-12-20,3.555431720110615,3.457170091839315,random_forest
2010-12-27,3.265192396019953,3.4292907640535693,random_forest
2011-01-03,3.8622078860888145,3.6653784925549613,random_forest
2011-01-10,4.968199857974753,4.021857005456205,random_forest
2011-01-17,4.454992717524006,5.519876597511715,random_forest
2011-01-24,3.5927360625193607,4.898707436214926,random_forest
2011-01-31,2.694552046889522,4.089418072081426,random_forest
2011-02-07,4.167573832522458,3.985694488239692,random_forest
2011-02-14,4.454992717524006,4.705423475136606,random_forest
2011-02-21,5.173539930027878,4.633511763354485,random_forest
2011-02-28,4.957975766276716,5.308497250503925,random_forest
2011-03-07,5.137612569402684,5.072842587236616,random_forest
2011-03-14,7.868091976917394,5.214443612438197,random_forest
2011-03-21,8.550711828796073,8.765452334001509,random_forest
2011-03-28,10.203370417554975,8.727707112210584,random_forest
2011-04-04,11.245263875685588,11.324976570659427,random_forest
2011-04-11,13.329050791946814,13.33963393470306,random_forest
2011-04-18,13.400905513197202,15.977474476309654,random_forest
2011-04-25,11.281191236310782,15.868403823145536,random_forest
2011-05-02,9.880024171928234,13.372642783094825,random_forest
2011-05-09,10.490789302556523,9.67252304184606,random_forest
2011-05-16,11.604537481937525,10.220138717051698,random_forest
2011-05-23,11.85602900631388,12.529877682851842,random_forest
2011-05-30,11.784174285063493,12.9438819696859,random_forest
2011-06-06,10.56264402380691,11.979191030267023,random_forest
2011-06-13,10.706353466307684,10.255485554104775,random_forest
2011-06-20,11.137481793810005,9.762446077729646,random_forest
2011-06-27,11.029699711934427,10.692683056591845,random_forest
2011-07-04,12.251229973191009,10.737505906469309,random_forest
2011-07-11,11.7482469244383,11.465162760065045,random_forest
2011-07-18,11.96381108818946,11.023721625116355,random_forest
2011-07-25,10.490789302556523,11.185362431974436,random_forest
2011-08-01,8.874058074422814,10.211796413209987,random_forest
2011-08-08,7.904019337542587,8.007653892786935,random_forest
2011-08-15,6.3232154700340715,7.499171731636378,random_forest
2011-08-22,6.071723945657716,5.993467220165716,random_forest
2011-08-29,6.107651306282911,6.09826606432485,random_forest
2011-09-05,6.574706994410427,6.2970024669522955,random_forest
2011-09-12,5.640595618155395,6.268464235641138,random_forest
2011-09-19,4.4190653568988125,5.484228472390254,random_forest
2011-09-26,4.275355914398038,4.994261415138534,random_forest
2011-10-03,4.526847438774394,5.293780058371973,random_forest
2011-10-10,5.281322011903458,5.361163619280329,random_forest
2011-10-17,4.7424116025255545,5.804188325846944,random_forest
2011-10-24,4.634629520649974,4.841082449706806,random_forest
2011-10-31,5.281322011903458,4.810083452836931,random_forest
2011-11-07,5.317249372528651,5.450006747802906,random_forest
2011-11-14,5.71245033940578,5.431983441857569,random_forest
2011-11-21,5.460958815029426,5.999775832179587,random_forest
2011-11-28,8.155510861918943,5.57077535797319,random_forest
2011-12-05,8.981840156298395,8.353131038246657,random_forest
2011-12-12,7.580673091915845,8.414415407013813,random_forest
2011-12-19,5.209467290653071,7.607111302326652,random_forest
2011-12-26,5.137612569402684,5.60651061942026,random_forest
2012-01-02,5.875490238553965,5.802891260552244,random_forest
2012-01-09,5.9286734428293455,6.487878067852697,random_forest
2012-01-16,5.977707421110278,6.201625854651907,random_forest
2012-01-23,6.048870604694923,6.267086683683399,random_forest
2012-01-30,6.191196971864216,6.573274337569846,random_forest
2012-02-06,5.835381053940986,6.510255972290605,random_forest
2012-02-13,5.728636278564017,6.007495808971554,random_forest
2012-02-20,5.337238768848462,6.124599480807498,random_forest
2012-02-27,5.266075585263817,5.812524573707799,random_forest
2012-03-05,5.337238768848462,5.974847242765872,random_forest
2012-03-12,5.657473094979371,5.959734501570905,random_forest
2012-03-19,5.728636278564017,6.427331611649729,random_forest
2012-03-26,6.262360155448863,6.303711657146043,random_forest
2012-04-02,7.899113377895723,6.92310139516433,random_forest
2012-04-09,9.393540233173292,8.463688187464353,random_forest
2012-04-16,10.99471186382783,10.37096498768589,random_forest
2012-04-23,11.386109373543382,12.664175140729204,random_forest
2012-04-30,10.959130272035507,12.326868774016267,random_forest
2012-05-07,10.78122231307389,11.553372168813276,random_forest
2012-05-14,10.460987986942984,11.519024139948007,random_forest
2012-05-21,11.279364598166415,11.00954317964696,random_forest
2012-05-28,11.955414842220554,11.722833432767912,random_forest
2012-06-04,11.741925291466613,11.15614916480126,random_forest
2012-06-11,10.460987986942984,10.964427714680303,random_forest
2012-06-18,8.930979539873093,10.331380900449064,random_forest
2012-06-25,7.7567870107264305,7.521529219415553,random_forest
2012-07-02,7.116318358464617,6.959952135992072,random_forest
2012-07-09,6.9384103995030015,6.95973223611233,random_forest
2012-07-16,6.582594481579771,6.911817634328895,random_forest
2012-07-23,5.835381053940986,6.486489317501709,random_forest
2012-07-30,5.194912401679171,5.707779121667807,random_forest
2012-08-06,5.2304939934714945,5.522928201168063,random_forest
2012-08-13,5.443983544225432,5.534567493953211,random_forest
2012-08-20,5.40840195243311,6.071802582575663,random_forest
2012-08-27,4.732351708378972,5.767885306657363,random_forest
2012-09-03,5.0881676263022015,4.873845979855472,random_forest
2012-09-10,5.550728319602402,5.453723847234696,random_forest
2012-09-17,6.262360155448863,6.083103093149742,random_forest
2012-09-24,5.87096264573331,6.830432628819073,random_forest
2012-10-01,4.625606933002001,5.823992218543985,random_forest
2012-10-08,4.198627831494125,4.816253677610318,random_forest
2012-10-15,4.3765357904557405,4.1182521637474405,random_forest
2012-10-22,4.447698974040387,4.7429830885356505,random_forest
2012-10-29,4.412117382248064,4.57797936776401,random_forest
2012-11-05,4.910259667340586,4.544984292413977,random_forest
2012-11-12,5.194912401679171,4.974596365194377,random_forest
2012-11-19,5.337238768848462,5.28315730551077,random_forest
2012-11-26,5.123749218094525,5.321492764587916,random_forest
2012-12-03,5.550728319602402,5.350030704522089,random_forest
2012-12-10,5.728636278564017,6.056814270921688,random_forest
2012-12-17,6.2267785636565405,5.668140118039774,random_forest
2012-12-24,5.977707421110278,6.246165283863508,random_forest
2012-12-31,6.404686522618154,5.751601867665542,random_forest
2013-01-07,6.734722168798818,5.923481497601738,random_forest
2013-01-14,7.5639177423776305,6.5238816255620495,random_forest
2013-01-21,7.259929804232121,6.83088792549629,random_forest
2013-01-28,7.048475538089438,6.596290345242208,random_forest
2013-02-04,7.013233160398991,6.619058040021935,random_forest
2013-02-11,6.837021271946754,6.824403693276744,random_forest
2013-02-18,6.414112739661388,6.739304151094535,random_forest
2013-02-25,5.638780430471551,6.4520507463842725,random_forest
2013-03-04,5.779749941233341,5.550625889975138,random_forest
2013-03-11,6.2026584735187065,6.095198553093761,random_forest
2013-03-18,6.4845974950422836,6.638750425003069,random_forest
2013-03-25,6.6960517611849655,6.607591548928659,random_forest
2013-04-01,8.599140156469113,7.1688598094285,random_forest
2013-04-08,10.149804774848787,8.631483666161198,random_forest
2013-04-15,12.193862680894725,11.704585585264505,random_forest
2013-04-22,12.017650792442488,12.592188658619971,random_forest
2013-04-29,11.171833727871757,11.389158839223008,random_forest
2013-05-06,9.550684354111185,10.645821847125008,random_forest
2013-05-13,8.000019735731511,9.861176364130024,random_forest
2013-05-20,6.378870361970942,6.877443959584598,random_forest
2013-05-27,6.132173718137811,6.013149688091844,random_forest
2013-06-03,5.674022808161998,6.131180784957947,random_forest
2013-06-10,7.189445048851226,6.082876865211091,random_forest
2013-06-17,6.414112739661388,7.26015699752773,random_forest
2013-06-24,5.533053297400211,6.024085091317264,random_forest
2013-07-01,4.0528734344014286,5.718571661567283,random_forest
2013-07-08,3.8414191682587457,3.963144500040649,random_forest
2013-07-15,3.9471463013300876,3.774738618829119,random_forest
2013-07-22,3.9471463013300876,4.20736042085541,random_forest
2013-07-29,4.017631056710981,3.9626622567224064,random_forest
2013-08-05,4.193842945163218,4.002975520820541,random_forest
2013-08-12,5.356841408947974,4.38441655868837,random_forest
2013-08-19,4.933932876662609,5.367159284063243,random_forest
2013-08-26,3.9823886790205343,5.042534659703929,random_forest
2013-09-02,2.5374511937122004,4.355140359552229,random_forest
2013-09-09,2.643178326783542,4.270941820257773,random_forest
2013-09-16,2.6784207044739894,4.451213413195737,random_forest
2013-09-23,2.819390215235778,3.566255994966035,random_forest
2013-09-30,2.819390215235778,3.666958087213152,random_forest
2013-10-07,3.030844481378461,3.6683558599989525,random_forest
2013-10-14,3.242298747521144,3.707262421431906,random_forest
2013-10-21,3.242298747521144,3.234606478630688,random_forest
2013-10-28,3.3127835029020383,3.247863822146933,random_forest
2013-11-04,3.3127835029020383,3.4310696480780014,random_forest
2013-11-11,2.7489054598548837,3.4207372388885955,random_forest
2013-11-18,2.7841478375453312,3.123690280413284,random_forest
2013-11-25,3.41851063597338,3.2086864560208155,random_forest
2013-12-02,4.0528734344014286,3.1815945245312554,random_forest
2013-12-09,4.123358189782324,3.923698887144164,random_forest
2013-12-16,2.7841478375453312,4.322627232562279,random_forest
2013-12-23,2.537451193712201,3.2336506462405232,random_forest
2013-12-30,2.6784207044739894,3.5382384704275704,random_forest
2014-01-06,3.476348708587885,3.696118087528195,random_forest
2014-01-13,3.5022724779241514,3.8048023146744314,random_forest
2014-01-20,2.827675190187344,3.77058439717489,random_forest
2014-01-27,2.5134890579443057,3.568282985207833,random_forest
2014-02-03,3.0022230414334756,3.4760998443350735,random_forest
2014-02-10,3.386228314174966,3.173938135871147,random_forest
2014-02-17,3.5258665951718715,3.2178570687457464,random_forest
2014-02-24,3.0022230414334756,3.212760027099337,random_forest
2014-03-03,3.421137884424192,3.114817671812274,random_forest
2014-03-10,3.211680462928834,3.3825855515584964,random_forest
2014-03-17,3.0720421819319284,3.385491505938589,random_forest
2014-03-24,3.5956857356703247,3.35623332122087,random_forest
2014-03-31,4.084419719159494,3.5026321672429903,random_forest
2014-04-07,4.71279198364557,4.11858505655465,random_forest
2014-04-14,5.4808025291285505,5.023436898900557,random_forest
2014-04-21,5.725169520873135,6.03504924759194,random_forest
2014-04-28,5.794988661371588,6.4483417797794,random_forest
2014-05-05,6.004446082866946,5.98939012520115,random_forest
2014-05-12,7.9244724465743985,6.240170752228276,random_forest
2014-05-19,9.600131818537266,7.631844161214233,random_forest
2014-05-26,10.088865802026435,10.520642488918977,random_forest
2014-06-02,10.368142364020246,10.98040927572682,random_forest
2014-06-09,9.879408380531077,10.94360983279806,random_forest
2014-06-16,8.901940413552737,10.36143657230869,random_forest
2014-06-23,6.2488130746115305,8.239963587204118,random_forest
2014-06-30,5.341164248131644,5.941442205078364,random_forest
2014-07-07,5.376073818380871,5.572837355274842,random_forest
2014-07-14,6.493180066356115,5.619359268474195,random_forest
2014-07-21,5.550621669627003,6.289646813664811,random_forest
2014-07-28,4.817520694393249,5.4863837033986815,random_forest
2014-08-04,3.3513187439257397,5.030581021162428,random_forest
2014-08-11,3.6655048761687774,3.076205329577282,random_forest
2014-08-18,3.3513187439257397,3.929874874402417,random_forest
2014-08-25,3.5258665951718715,3.3249953630919653,random_forest
2014-09-01,3.2814996034272865,3.2253352403241586,random_forest
2014-09-08,2.8974943306857956,3.22237203339984,random_forest
2014-09-15,2.5833081984427584,3.0635618488318577,random_forest
2014-09-22,2.269122066199721,2.9230973848835538,random_forest
2014-09-29,2.6531273389412116,2.948102739421757,random_forest
2014-10-06,3.9796910084118147,2.997355790590535,random_forest
2014-10-13,4.60806327289789,3.7285961392464393,random_forest
2014-10-20,3.8749622976641356,4.636873053170722,random_forest
2014-10-27,2.653127338941211,3.878821852805378,random_forest
2014-11-03,2.7229464794396647,3.012732470901838,random_forest
2014-11-10,3.0720421819319284,3.221508576564702,random_forest
2014-11-17,3.2814996034272865,3.182324652853794,random_forest
2014-11-24,3.2814996034272865,3.2832290673286235,random_forest
2014-12-01,2.827675190187343,3.313119846719003,random_forest
2014-12-08,2.827675190187343,3.177434417704364,random_forest
2014-12-15,2.0945742149535893,3.213545295291496,random_forest
2014-12-22,2.5134890579443057,3.0449041618772004,random_forest
2014-12-29,3.0022230414334756,3.2230195470467575,random_forest
2015-01-05,3.308245556056003,3.5556877301881413,random_forest
2015-01-12,3.161423291553048,3.241734977647367,random_forest
2015-01-19,2.593726915830454,3.178230818013461,random_forest
2015-01-26,2.7320590180080777,2.8842359548169774,random_forest
2015-02-02,4.288295167506347,3.1987946135135013,random_forest
2015-02-09,5.46411803601615,4.269606172716566,random_forest
2015-02-16,5.913697368093428,6.249002391635635,random_forest
2015-02-23,5.049121729483279,6.3045412465669735,random_forest
2015-03-02,4.737874499583625,5.727455906920163,random_forest
2015-03-09,5.152870806116497,4.777826434375596,random_forest
2015-03-16,5.948280393637835,6.254807287656741,random_forest
2015-03-23,6.570774853437143,6.4715071977509515,random_forest
2015-03-30,7.919512849668976,6.881686593620608,random_forest
2015-04-06,9.371999922534028,9.11933079040685,random_forest
2015-04-13,10.374907663321801,10.129095449251187,random_forest
2015-04-20,9.475748999167246,10.65753190121263,random_forest
2015-04-27,8.784088488279126,9.554036591219996,random_forest
2015-05-04,7.608265619769322,8.218853615772789,random_forest
2015-05-11,7.435350492047292,6.911255150379648,random_forest
2015-05-18,5.879114342549023,6.867054837590895,random_forest
2015-05-25,4.807040550672437,5.758606522277801,random_forest
2015-06-01,3.8041328098846634,4.73544139936052,random_forest
2015-06-08,3.9424649120622868,3.7355460892213683,random_forest
2015-06-15,4.322878193050753,4.015101657591831,random_forest
2015-06-22,4.737874499583626,4.75936156127231,random_forest
2015-06-29,4.495793320772783,4.713321870032929,random_forest
2015-07-06,4.288295167506347,4.6803731254869065,random_forest
2015-07-13,3.8387158354290687,4.766164718575602,random_forest
2015-07-20,3.734966758795851,3.8830277183740964,random_forest
2015-07-27,2.9049741457301077,3.8102760574396273,random_forest
2015-08-03,2.5591438902860477,3.128950221427613,random_forest
2015-08-10,2.6283099413748596,2.9147721793928563,random_forest
2015-08-17,3.3545534778073853,3.075222604880254,random_forest
2015-08-24,3.562051631073821,3.3881140951762796,random_forest
2015-08-31,3.389136503351791,3.0505872194669217,random_forest
2015-09-07,3.1816383500853553,3.01829894654293,random_forest
2015-09-14,2.9395571712745134,3.014471364922357,random_forest
2015-09-21,3.0433062479077315,2.8027715698108016,random_forest
2015-09-28,3.147055324540949,3.0664864947531916,random_forest
2015-10-05,3.492885579985009,3.160227644469714,random_forest
2015-10-12,3.596634656618227,3.3208351883221163,random_forest
2015-10-19,3.1124722989965434,3.2821217397132196,random_forest
2015-10-26,3.0778892734521377,3.064621484346901,random_forest
2015-11-02,3.250804401174167,3.1812414739805517,random_forest
2015-11-09,3.5274686055294153,3.259454959370534,random_forest
2015-11-16,3.907881886517881,3.3070277068979874,random_forest
2015-11-23,3.562051631073821,3.7790686143650496,random_forest
2015-11-30,4.149963065328723,3.148658933224177,random_forest
2015-12-07,3.6658007077070387,4.175562117400586,random_forest
2015-12-14,3.319970452262979,3.372819974003375,random_forest
2015-12-21,2.3516457370196115,3.2836257219891967,random_forest
2015-12-28,1.41790404732065,2.6480360669915477,random_forest
2016-01-04,1.5472623648253088,3.122515668700931,random_forest
2016-01-11,2.227064660252725,2.749952389608755,random_forest
2016-01-18,3.631828522873672,2.779885930738244,random_forest
2016-01-25,4.488391853740102,3.3650713487442845,random_forest
2016-02-01,4.111503988158873,4.37140860164023,random_forest
2016-02-08,3.631828522873672,3.9973321089815417,random_forest
2016-02-15,2.7067401255379266,3.589870751578566,random_forest
2016-02-22,2.3641147931913538,2.8564788858858576,random_forest
2016-02-29,2.672477592303269,2.8409408698326786,random_forest
2016-03-07,2.7410026587725835,3.3578223969483605,random_forest
2016-03-14,3.289203190527099,3.290207634281296,random_forest
2016-03-21,3.254940657292442,3.337684995021914,random_forest
2016-03-28,3.768878655812301,3.1125199118573725,random_forest
2016-04-04,4.0772414549242155,3.8246273293721575,random_forest
2016-04-11,5.721843050187762,4.3464905851166264,random_forest
2016-04-18,6.235781048707621,5.8145320021817835,random_forest
2016-04-25,6.612668914288851,6.804182260745147,random_forest
2016-05-02,5.379217717841191,7.182182015010203,random_forest
2016-05-09,5.242167584902561,5.186598394978129,random_forest
2016-05-16,5.584792917249135,5.502371776206239,random_forest
2016-05-23,6.681193980758167,5.902455841312378,random_forest
2016-05-30,5.8588931831263915,6.766650374631251,random_forest
2016-06-06,5.75610558342242,5.3143666150450315,random_forest
2016-06-13,4.76249211961736,6.104965278545018,random_forest
2016-06-20,5.344955184606533,4.226925188790502,random_forest
2016-06-27,5.105117451963933,5.5129441417547005,random_forest
2016-07-04,5.310692651371876,5.533560986273327,random_forest
2016-07-11,4.454129320505445,5.597080131088472,random_forest
2016-07-18,3.8374037222816146,4.3354222001618,random_forest
2016-07-25,3.049365457884498,3.49965653196918,random_forest
2016-08-01,3.1864155908231275,3.086676276614129,random_forest
2016-08-08,3.049365457884498,3.1758857504804596,random_forest
2016-08-15,2.9465778581805266,3.2470839436976875,random_forest
2016-08-22,2.5354274593646395,3.095102682451025,random_forest
2016-08-29,2.741002658772583,2.882447063241799,random_forest
2016-09-05,2.9123153249458693,3.297041068192165,random_forest
2016-09-12,3.0151029246498413,3.116174542698434,random_forest
2016-09-19,2.775265192007241,3.159985824119365,random_forest
2016-09-26,3.1864155908231275,2.911822340142599,random_forest
2016-10-03,3.700353589342986,3.216874795705968,random_forest
2016-10-10,3.0493654578844986,3.4877188349658854,random_forest
2016-10-17,2.295589726722039,3.1314890585176114,random_forest
2016-10-24,2.124277060548753,2.6588306716828054,random_forest
2016-10-31,2.3298522599566964,2.8126589870775605,random_forest
2016-11-07,2.2613271934873818,3.092625642278272,random_forest
2016-11-14,1.9529643943754664,2.806036838549908,random_forest
2016-11-21,1.9529643943754669,2.718847906514422,random_forest
2016-11-28,1.6446015952635518,2.744820916695792,random_forest
2016-12-05,1.6446015952635518,2.6821827117746,random_forest
2016-12-12,1.3362387961516367,1.8738911046426627,random_forest
2016-12-19,1.3362387961516362,2.074455417151338,random_forest
2016-12-26,1.3362387961516362,2.05983415753212,random_forest
2017-01-02,1.9790462560971245,2.3506895480366135,random_forest
2017-01-09,2.6535991195809623,2.1301268240073354,random_forest
2017-01-16,3.258997634171409,3.291286794729234,random_forest
2017-01-23,3.870059690578547,3.3513223651108457,random_forest
2017-01-30,3.462684986307122,3.687742492351452,random_forest
2017-02-06,2.749779253832127,3.0963209771529643,random_forest
2017-02-13,2.0029256293345132,2.8046092594262304,random_forest
2017-02-20,1.901081953266657,2.584261630972456,random_forest
2017-02-27,2.1047693054023697,2.373809085556508,random_forest
2017-03-06,1.7652903851761819,2.51011803127541,random_forest
2017-03-13,1.7652903851761819,1.9937342932673676,random_forest
2017-03-20,1.6634467091083254,2.0142332497888886,random_forest
2017-03-27,2.036873521357132,1.9889239457674288,random_forest
2017-04-03,2.3424045495607015,2.05463228374755,random_forest
2017-04-10,3.123206066080934,2.430244131836611,random_forest
2017-04-17,4.549017531030923,3.3500682313511456,random_forest
2017-04-24,5.601402183732106,4.77877948785171,random_forest
2017-05-01,5.397714831596393,5.904578804347546,random_forest
2017-05-08,4.820600667211874,5.467281410218667,random_forest
2017-05-15,5.49955850766425,4.726805079526673,random_forest
2017-05-22,6.246412132161864,5.640783236090145,random_forest
2017-05-29,6.484047376320195,6.143038949819613,random_forest
2017-06-05,5.19402747946068,5.946752803557282,random_forest
2017-06-12,4.515069639008305,5.054920957622602,random_forest
2017-06-19,3.7342681224880727,4.5324054990028975,random_forest
2017-06-26,3.089258174058315,3.3426913035689334,random_forest
2017-07-03,2.546091901696414,3.137273239730537,random_forest
2017-07-10,2.410300333605939,2.6731654222221275,random_forest
2017-07-17,2.5460919016964145,2.8268959276859076,random_forest
2017-07-24,2.95346660596784,2.916511152125373,random_forest
2017-07-31,2.8855708219226024,3.1914445546331094,random_forest
2017-08-07,2.783727145854746,2.9184698150866026,random_forest
2017-08-14,2.0029256293345132,2.925958233152151,random_forest
2017-08-21,1.9010819532666572,2.257420904521037,random_forest
2017-08-28,1.7992382771988007,2.0754094039289788,random_forest
2017-09-04,1.9010819532666572,2.0077701351512816,random_forest
2017-09-11,1.6634467091083254,1.9965031831432252,random_forest
2017-09-18,1.9689777373118946,1.80939477696618,random_forest
2017-09-25,2.546091901696414,2.071798099514463,random_forest
2017-10-02,2.783727145854746,3.0113469062595195,random_forest
2017-10-09,2.6479355777642706,3.318803081588838,random_forest
2017-10-16,2.274508765515464,2.9690624459746626,random_forest
2017-10-23,2.0029256293345132,2.4543219330068857,random_forest
2017-10-30,1.52765514101785,2.1270894077850273,random_forest
2017-11-06,1.7652903851761819,1.8889168986431806,random_forest
2017-11-13,1.9689777373118946,1.9421859766001401,random_forest
2017-11-20,2.9874144979904584,1.9270039113744333,random_forest
2017-11-27,2.8855708219226024,3.377863849323296,random_forest
2017-12-04,3.123206066080934,2.6309978903597826,random_forest
2017-12-11,2.95346660596784,3.2574460864483257,random_forest
2017-12-18,2.749779253832127,2.8572729339650444,random_forest
2017-12-25,2.274508765515464,2.7727527075598317,random_forest
2018-01-01,1.3189580186897576,2.487311155444972,random_forest
2018-01-08,1.141703903288094,1.8560508279311871,random_forest
2018-01-15,1.3661885006914287,2.004883604400024,random_forest
2018-01-22,1.8326918911714276,2.035387447588253,random_forest
2018-01-29,2.099265257159998,2.149068408449809,random_forest
2018-02-05,2.4324819646457114,2.4772965014585173,random_forest
2018-02-12,2.5990903183885687,3.083768548377659,random_forest
2018-02-19,2.5990903183885683,3.138015498508781,random_forest
2018-02-26,2.2991952816514263,3.1313582984280335,random_forest
2018-03-05,2.1659085986571402,2.093157324719715,random_forest
2018-03-12,2.39916029389714,2.0102869179426444,random_forest
2018-03-19,2.7656986721314247,2.710509112451507,random_forest
2018-03-26,3.098915379617138,2.959279059152641,random_forest
2018-04-02,3.63206211159428,3.1559811121892185,random_forest
2018-04-09,3.8319921360857077,3.4317695588209487,random_forest
2018-04-16,4.331817197314277,3.4065247417876465,random_forest
2018-04-23,4.598390563302847,5.132217345475299,random_forest
2018-04-30,5.231502307525704,5.052777469439638,random_forest
2018-05-07,5.86461405174856,5.427074125331696,random_forest
2018-05-14,6.597690808217128,5.827397926596149,random_forest
2018-05-21,8.43038269938855,6.258958838770462,random_forest
2018-05-28,8.463704370137123,9.096585739149582,random_forest
2018-06-04,8.796921077622835,9.055561010278948,random_forest
2018-06-11,8.497026040885693,8.845984953761873,random_forest
2018-06-18,9.963179553822831,8.553753537796746,random_forest
2018-06-25,9.829892870828546,9.067113164184185,random_forest
2018-07-02,7.9638793089085524,8.906313752347588,random_forest
2018-07-09,6.531047466719985,8.272491578489012,random_forest
2018-07-16,5.8312923809999875,5.766131959605649,random_forest
2018-07-23,5.964579063994272,5.44438750832781,random_forest
2018-07-30,4.9982506122857036,5.810797929993268,random_forest
2018-08-06,4.565068892554276,4.282224007478453,random_forest
2018-08-13,4.131887172822849,3.9918121955434542,random_forest
2018-08-20,3.9986004898285636,3.7015935209023345,random_forest
2018-08-27,3.732027123839993,3.469882566773757,random_forest
2018-09-03,4.0319221605771345,3.1970665454372353,random_forest
2018-09-10,3.9652788190799924,3.7851252576892778,random_forest
2018-09-17,3.732027123839993,3.936265295622079,random_forest
2018-09-24,3.0989153796171376,3.4419496975736767,random_forest
2018-10-01,2.6990553306342817,2.90226783191865,random_forest
2018-10-08,2.1659085986571402,2.6717005347011034,random_forest
2018-10-15,2.0992652571599977,2.1818815880931925,random_forest
2018-10-22,2.4658036353942823,2.179536258746557,random_forest
2018-10-29,2.6990553306342817,2.851519727225269,random_forest
2018-11-05,3.6320621115942786,2.9706540601241036,random_forest
2018-11-12,3.9986004898285636,3.581520514821014,random_forest
2018-11-19,5.13153729527999,3.854151507864129,random_forest
2018-11-26,4.964928941537132,5.182251390764964,random_forest
2018-12-03,4.731677246297132,4.808132541424146,random_forest
2018-12-10,4.331817197314277,4.318987526592798,random_forest
2018-12-17,3.532097099348565,3.8311511509100358,random_forest
2018-12-24,3.6653837823428503,3.1647771878190194,random_forest
2018-12-31,3.6320621115942786,3.332102151769666,random_forest
2019-01-07,4.637228953491377,3.46442658042455,random_forest
2019-01-14,5.208238463330429,4.407116094593083,random_forest
2019-01-21,4.826578094033565,5.347537783577161,random_forest
2019-01-28,3.874396021060958,4.931557131432464,random_forest
2019-02-04,3.1192171355999245,3.531368145999342,random_forest
2019-02-11,3.3490541876967606,2.932971591483574,random_forest
2019-02-18,3.5132235106230723,3.2525277520828677,random_forest
2019-02-25,3.546057375208335,3.3098735926022083,random_forest
2019-03-04,3.546057375208335,3.5565920598996725,random_forest
2019-03-11,3.6445589689641213,3.4726130862786606,random_forest
2019-03-18,3.6773928335493835,3.5250948300006804,random_forest
2019-03-25,3.8415621564756957,3.55148998238127,random_forest
2019-04-01,3.940063750231482,3.6840254724087744,random_forest
2019-04-08,4.005731479402007,4.238287227061874,random_forest
2019-04-15,4.071399208572532,4.568247159422786,random_forest
2019-04-22,4.071399208572533,4.616194477324477,random_forest
2019-04-29,3.940063750231483,4.406346332331618,random_forest
2019-05-06,3.9072298856462204,4.088476584255434,random_forest
2019-05-13,3.7758944273051713,3.544858717834292,random_forest
2019-05-20,4.169900802328319,3.5688856816456966,random_forest
2019-05-27,4.498239448180942,4.294345609632359,random_forest
2019-06-03,5.351919927397763,4.242377215293075,random_forest
2019-06-10,5.778760167006173,5.423584607620945,random_forest
2019-06-17,5.975763354517746,5.742958777868943,random_forest
2019-06-24,5.483255385738812,5.721941998554607,random_forest
2019-07-01,5.647424708665123,5.283590625034996,random_forest
2019-07-08,6.074264948273534,5.514946016362525,random_forest
2019-07-15,5.942929489932484,5.4852558245705545,random_forest
2019-07-22,5.056415146130401,5.53806312519664,random_forest
2019-07-29,4.268402396084106,4.7829299007492345,random_forest
2019-08-05,4.104233073157794,4.090971247152271,random_forest
2019-08-12,4.859411958618828,3.9431264160906796,random_forest
2019-08-19,4.531073312766204,4.540194337528229,random_forest
2019-08-26,4.46540558359568,4.180521417931547,random_forest
2019-09-02,3.644558968964122,4.031505636068813,random_forest
2019-09-09,2.955047812673613,3.2542510752754157,random_forest
2019-09-16,2.6595430314062525,2.6889533686857323,random_forest
2019-09-23,2.2655366563831048,2.601942049449312,random_forest
2019-09-30,2.6595430314062525,2.286352243494485,random_forest
2019-10-07,2.462539843894678,3.255922313002502,random_forest
2019-10-14,2.561041437650465,2.6834559263506352,random_forest
2019-10-21,2.725210760576777,2.797252968897316,random_forest
2019-10-28,3.3162203231114984,3.0405884729733694,random_forest
2019-11-04,3.3162203231114984,3.351488793292076,random_forest
2019-11-11,3.119217135599925,3.149533827584752,random_forest
2019-11-18,2.6595430314062525,3.1422307886369962,random_forest
2019-11-25,2.3968721147241534,2.682900867695558,random_forest
2019-12-02,2.0685334688715304,2.6617239882791996,random_forest
2019-12-09,2.035699604286268,2.1458497784320096,random_forest
2019-12-16,2.5938753022357273,2.054260307340169,random_forest
2019-12-23,2.4953737084799403,2.714340298878453,random_forest
2019-12-30,2.3968721147241534,2.891684652136807,random_forest
2020-01-06,2.0578812410160747,2.5520266369503912,random_forest
2020-01-13,2.862552250385645,2.178144363596298,random_forest
2020-01-20,3.081737074627025,3.1674111600127968,random_forest
2020-01-27,3.276373100392942,3.087346540151026,random_forest
2020-02-03,3.1141764122546776,3.418631484587894,random_forest
2020-02-10,3.4385697885312063,3.1585109970503984,random_forest
2020-02-17,3.5683271390418176,3.5282972647876734,random_forest
2020-02-24,3.5358878014141646,3.619472420023138,random_forest
2020-03-02,3.3736911132759,3.5918925359982374,random_forest
2020-03-09,2.887101048861108,3.4661120312984015,random_forest
2020-03-16,2.562707672584579,2.698115168392901,random_forest
2020-03-23,2.530268334956926,2.5695602519718572,random_forest
2020-03-30,2.140996283425092,2.683493023556164,random_forest
2020-04-06,1.7192848942656054,2.2469765200069975,random_forest
2020-04-13,1.1029374793402011,1.8646638293805866,random_forest
2020-04-20,1.1029374793402011,1.6597719270979179,random_forest
2020-04-27,0.9407407912019368,1.433645079668691,random_forest
2020-05-04,0.7461047654360197,1.4763166854863883,random_forest
2020-05-11,0.681226090180714,1.5003001830697833,random_forest
2020-05-18,0.7136654278083668,1.4556850847490652,random_forest
2020-05-25,0.7136654278083668,0.8832353535722177,random_forest
2020-06-01,0.7461047654360197,0.9138322149112252,random_forest
2020-06-08,0.7461047654360197,0.9172654070512376,random_forest
2020-06-15,0.908301453574284,0.9246487387551707,random_forest
2020-06-22,0.8434227783189782,0.8260174755076581,random_forest
2020-06-29,0.8434227783189782,0.8241948559672018,random_forest
2020-07-06,0.8434227783189782,0.8252551417248464,random_forest
2020-07-13,1.2651341674784653,0.8215935300355368,random_forest
2020-07-20,1.3624521803614238,1.1514428396425134,random_forest
2020-07-27,1.4597701932443823,1.5422383862853204,random_forest
2020-08-03,1.4597701932443823,1.6159268303562166,random_forest
2020-08-10,1.9139209200315221,1.656143829616007,random_forest
2020-08-17,2.335632309191009,1.8802451499045894,random_forest
2020-08-24,2.108556945797439,2.5379746682304707,random_forest
2020-08-31,2.043678270542134,2.35510001381186,random_forest
2020-09-07,1.719284894265605,2.384735771339024,random_forest
2020-09-14,1.6868455566379523,1.8303333008118707,random_forest
2020-09-21,1.330012842733771,1.8789648065208746,random_forest
2020-09-28,1.5895275437549936,1.5656642216023735,random_forest
2020-10-05,1.946360257659175,1.833675692020112,random_forest
2020-10-12,1.9787995952868276,2.1411576266748913,random_forest
2020-10-19,1.6868455566379523,2.2207753940291117,random_forest
2020-10-26,1.4922095308720351,1.73801506463933,random_forest
2020-11-02,1.2975735051061181,1.6459073571779683,random_forest
2020-11-09,0.9731801288295897,1.3185484829085523,random_forest
2020-11-16,0.8109834406913254,1.0453097806171696,random_forest
2020-11-23,0.908301453574284,1.0116771057672822,random_forest
2020-11-30,1.0704981417125483,1.009311057926028,random_forest
2020-12-07,1.135376816967854,1.0793455122257625,random_forest
2020-12-14,1.3624521803614238,1.2255461169171933,random_forest
2020-12-21,1.2651341674784653,1.4769718421637124,random_forest
2020-12-28,1.167816154595507,1.2456592379616311,random_forest
2021-01-04,1.966324031401873,1.2446939973272708,random_forest
2021-01-11,2.671078342149553,2.448297184938864,random_forest
2021-01-18,3.1178031380527913,2.97171053209013,random_forest
2021-01-25,2.4749571302068563,3.6619014786861674,random_forest
2021-02-01,1.896395723145514,2.4168935415530424,random_forest
2021-02-08,1.6071150196148427,1.885761084820028,random_forest
2021-02-15,1.3499766164764686,1.7077909145593306,random_forest
2021-02-22,1.542830418830249,1.609094314298008,random_forest
2021-03-01,1.4142612172610622,1.611305312991533,random_forest
2021-03-08,1.2856920156918752,1.811319798484639,random_forest
2021-03-15,0.867842110592017,1.5300159264758997,random_forest
2021-03-22,0.7071306086305332,0.9881452636756958,random_forest
2021-03-29,0.6107037074536429,0.8088318073390414,random_forest
2021-04-05,0.7714152094151268,0.7787483247302612,random_forest
2021-04-12,0.9964113121612043,0.7819061270857914,random_forest
2021-04-19,1.2214074149072818,0.8205037513490103,random_forest
2021-04-26,1.2214074149072818,1.2811162309860338,random_forest
2021-05-03,0.9964113121612043,1.2767480004246252,random_forest
2021-05-10,0.899984410984314,1.0294040692761148,random_forest
2021-05-17,1.2214074149072818,0.8753517199412513,random_forest
2021-05-24,1.9606803239301076,1.1969169401296806,random_forest
2021-05-31,2.2178187270684817,2.2730574580018326,random_forest
2021-06-07,2.410672529422263,2.191302475902302,random_forest
2021-06-14,2.0571072251069977,2.535509904302395,random_forest
2021-06-21,1.8321111223609206,2.0949136284040297,random_forest
2021-06-28,1.6713996203994366,1.8069600554215601,random_forest
2021-07-05,1.9285380235378107,1.6141137801388232,random_forest
2021-07-12,1.6713996203994366,2.0422239266563698,random_forest
2021-07-19,1.864253422753217,1.8123765411527244,random_forest
2021-07-26,1.6392573200071396,1.8480156373839853,random_forest
2021-08-02,2.3785302290299657,1.7379482281638547,random_forest
2021-08-09,2.0249649247147015,2.3411832967873383,random_forest
2021-08-16,1.7678265215763267,2.055040717116493,random_forest
2021-08-23,1.6392573200071396,1.8198348417415737,random_forest
2021-08-30,1.7035419207917333,1.8092694630101585,random_forest
2021-09-06,1.6392573200071396,1.8483429979963524,random_forest
2021-09-13,1.7678265215763267,1.8824839631902337,random_forest
2021-09-20,1.7999688219686236,1.8684318406787517,random_forest
2021-09-27,1.8642534227532173,1.8614619779615513,random_forest
2021-10-04,1.4464035176533592,1.8684008864229402,random_forest
2021-10-11,1.2856920156918752,1.6286179335486828,random_forest
2021-10-18,1.5749727192225462,1.2337637359538685,random_forest
2021-10-25,1.7678265215763271,1.7377144632207762,random_forest
2021-11-01,2.057107225106998,1.794784789840734,random_forest
2021-11-08,1.864253422753217,2.367651594294456,random_forest
2021-11-15,2.0892495254992944,1.7247066493670802,random_forest
2021-11-22,2.2178187270684817,2.3380280654119785,random_forest
2021-11-29,2.6678109325606365,2.2224771793226714,random_forest
2021-12-06,2.603526331776043,2.9309344613006223,random_forest
2021-12-13,2.5392417309914497,2.4466062167384903,random_forest
2021-12-20,2.764237833737527,2.4241089098144886,random_forest
2021-12-27,3.9535029482525075,2.900875097574557,random_forest
2022-01-03,5.765865802172864,4.033997643048473,random_forest
2022-01-10,6.171914912716777,5.72337623200763,random_forest
2022-01-17,5.837968616611992,5.481093482325585,random_forest
2022-01-24,4.210993756244716,5.5329478881366905,random_forest
2022-01-31,3.764373206339974,4.157224144126467,random_forest
2022-02-07,3.6367673349386194,3.845351884081496,random_forest
2022-02-14,3.349654124285571,3.8212548447633146,random_forest
2022-02-21,3.1582453171835385,3.4163311114318335,random_forest
2022-02-28,2.9030335743808284,3.2762561440689355,random_forest
2022-03-07,3.285851188584894,2.8728096223636466,random_forest
2022-03-14,4.083387884843361,3.334028210750686,random_forest
2022-03-21,3.732471738489636,4.388581636259741,random_forest
2022-03-28,3.891979077741329,3.9021505647806323,random_forest
2022-04-04,4.051486416993023,3.9843413729446207,random_forest
2022-04-11,4.466205499047427,3.946801411644163,random_forest
2022-04-18,5.168037791754878,4.1550312262747875,random_forest
2022-04-25,4.721417241850136,4.820253053761722,random_forest
2022-05-02,4.753318709700475,4.54146203138516,random_forest
2022-05-09,4.306698159795733,4.539231950538963,random_forest
2022-05-16,5.263742195305895,4.076746626778981,random_forest
2022-05-23,5.965574488013348,5.376885455413453,random_forest
2022-05-30,6.220786230816056,5.8990554648380815,random_forest
2022-06-06,5.678461277360299,5.494851892322459,random_forest
2022-06-13,5.933673020163009,5.308733084108976,random_forest
2022-06-20,5.869870084462331,5.906111253577537,random_forest
2022-06-27,5.550855405958944,5.709786256022651,random_forest
2022-07-04,5.008530452503185,5.741113604802745,random_forest
2022-07-11,5.104234856054201,4.61132245522576,random_forest
2022-07-18,5.13613632390454,4.80845309480734,random_forest
2022-07-25,4.306698159795733,4.725454389685838,random_forest
2022-08-01,3.445358527836587,4.324830209206703,random_forest
2022-08-08,2.87113210653049,3.6839571414009824,random_forest
2022-08-15,2.4883144923264258,2.8152959012014986,random_forest
2022-08-22,3.158245317183539,2.1975811322012277,random_forest
2022-08-29,3.222048252884216,2.960046788511796,random_forest
2022-09-05,3.8919790777413295,2.923086142644956,random_forest
2022-09-12,3.349654124285571,4.144846462608735,random_forest
2022-09-19,2.9030335743808284,3.2706096111133407,random_forest
2022-09-26,2.36070862092507,2.7754861671939572,random_forest
2022-10-03,2.2331027495237152,2.302822492981496,random_forest
2022-10-10,2.5840188958774415,2.326479643815444,random_forest
2022-10-17,2.6797232994284577,2.5929176732602706,random_forest
2022-10-24,2.4564130244760864,2.959057354767191,random_forest
2022-10-31,2.009792474571344,2.4624926585866147,random_forest
2022-11-07,2.169299813823038,2.220999404617196,random_forest
2022-11-14,2.201201281673377,2.4750353274776287,random_forest
2022-11-21,2.4564130244760864,2.550235478166098,random_forest
2022-11-28,2.296905685224393,2.573922895586876,random_forest
2022-12-05,2.743526235129135,2.370455538040045,random_forest
2022-12-12,3.0944423814828608,3.0346363385296393,random_forest
2022-12-19,3.4134570599862486,2.9595026057154836,random_forest
2022-12-26,2.711624767278796,3.2550928339841247,random_forest
2023-01-02,2.7362350951302012,2.74581067505815,random_forest
2023-01-09,2.9827379762675172,3.021523761149117,random_forest
2023-01-16,4.057463831513819,3.0134014752795277,random_forest
2023-01-23,3.8672702144116085,4.713194888839682,random_forest
2023-01-30,3.6770765973093984,3.7953542601706736,random_forest
2023-02-06,3.51858191639089,3.6758085639328546,random_forest
2023-02-13,4.057463831513818,3.514485536196781,random_forest
2023-02-20,4.532947874269343,4.026688726704248,random_forest
2023-02-27,4.84993723610636,4.8537241125653,random_forest
2023-03-06,4.3110553209834315,4.705774371059819,random_forest
2023-03-13,3.32838829928868,4.2099191990193106,random_forest
2023-03-20,3.233291490737575,3.044455281350966,random_forest
2023-03-27,3.8672702144116085,3.138652435732668,random_forest
2023-04-03,4.215958512432327,3.8640150705742857,random_forest
2023-04-10,4.469550001901941,4.268925018095519,random_forest
2023-04-17,4.723141491371554,4.724619815661729,random_forest
2023-04-24,6.244690428189235,4.632670609873192,random_forest
2023-05-01,6.466582981475145,6.0142277683046155,random_forest
2023-05-08,7.576045747904704,6.091734373291751,random_forest
2023-05-15,9.95346596168233,7.774766872488966,random_forest
2023-05-22,11.665208515602218,8.87734455001451,random_forest
2023-05-29,13.059961707685092,8.793042600607851,random_forest
2023-06-05,11.221423409030395,8.853581991069438,random_forest
2023-06-12,11.633509579418517,8.79791286959551,random_forest
2023-06-19,10.333853195886748,10.658776408405531,random_forest
2023-06-26,9.731573408396416,10.28209578800081,random_forest
2023-07-03,9.097594684722383,9.153703970896926,random_forest
2023-07-10,10.080261706417135,9.098013965656316,random_forest
2023-07-17,10.016863834049731,10.03849833744139,random_forest
2023-07-24,8.907401067620173,9.731792261449689,random_forest
2023-07-31,6.942067024230671,9.703358902710246,random_forest
2023-08-07,6.783572343312162,9.481935561288337,random_forest
2023-08-14,6.18129255582183,7.503605627193013,random_forest
2023-08-21,6.339787236740339,6.165540014049027,random_forest
2023-08-28,6.434884045291444,6.063917867667977,random_forest
2023-09-04,6.878669151863267,6.912140235890229,random_forest
2023-09-11,7.037163832781775,6.7814545337073024,random_forest
2023-09-18,6.2763893643729345,6.871992524001866,random_forest
2023-09-25,5.674109576882603,6.401816137129282,random_forest
2023-10-02,4.84993723610636,5.724438353573775,random_forest
2023-10-09,4.3110553209834315,4.487201095185957,random_forest
2023-10-16,3.9306680867790114,3.9860938358165923,random_forest
2023-10-23,3.6136787249419946,3.891300247801182,random_forest
2023-10-30,3.360087235472381,3.523801588056375,random_forest
2023-11-06,2.9480010650842594,3.141083325996475,random_forest
2023-11-13,2.662710639430944,2.7938137566871575,random_forest
2023-11-20,2.884603192716856,2.5359825003565093,random_forest
2023-11-27,2.7261085117983477,3.0259221995666725,random_forest
2023-12-04,2.3774202137776292,3.0564948484625774,random_forest
2023-12-11,1.9653340433895075,2.47305312667418,random_forest
2023-12-18,2.3774202137776292,2.3015857654220397,random_forest
2023-12-25,2.789506384165751,2.382003958670796,random_forest
2005-12-26,4.019207172738956,4.9476518630981445,xgboost
2006-01-02,2.8488825596688794,6.028924942016602,xgboost
2006-01-09,3.208965077600851,6.425814628601074,xgboost
2006-01-16,5.3203941347975094,6.272368907928467,xgboost
2006-01-23,6.574487037999778,6.023946285247803,xgboost
2006-01-30,6.688495483745439,6.390574932098389,xgboost
2006-02-06,4.256315307838007,6.839245796203613,xgboost
2006-02-13,3.9902956010981327,5.480737686157227,xgboost
2006-02-20,4.446329384080776,4.95625638961792,xgboost
2006-02-27,4.370323753583668,5.680356979370117,xgboost
2006-03-06,4.978368797560526,5.026198387145996,xgboost
2006-03-13,4.066301231595239,4.3911356925964355,xgboost
2006-03-20,5.092377243306188,4.842072486877441,xgboost
2006-03-27,4.636343460323544,5.367420673370361,xgboost
2006-04-03,5.928439178774366,5.566269874572754,xgboost
2006-04-10,6.3084673312599024,5.731951713562012,xgboost
2006-04-17,7.676568680207833,6.341745376586914,xgboost
2006-04-24,8.968664398658655,7.540821075439453,xgboost
2006-05-01,11.172827683074765,9.229753494262695,xgboost
2006-05-08,13.22497970649666,12.436007499694824,xgboost
2006-05-15,16.455219002623718,15.818496704101562,xgboost
2006-05-22,22.839691964380723,17.365190505981445,xgboost
2006-05-29,27.628046685698482,17.179296493530273,xgboost
2006-06-05,32.606415483259006,16.8384952545166,xgboost
2006-06-12,30.858285981825542,31.65963363647461,xgboost
2006-06-19,28.312097360172448,31.03813362121582,xgboost
2006-06-26,22.38365818139808,26.43889617919922,xgboost
2006-07-03,18.089340058311524,25.99068260192871,xgboost
2006-07-10,16.189199295883842,16.93113899230957,xgboost
2006-07-17,13.719016304727859,15.73698616027832,xgboost
2006-07-24,13.072968445502449,13.317334175109863,xgboost
2006-07-31,11.742869911803071,11.028716087341309,xgboost
2006-08-07,11.134824867826213,10.380104064941406,xgboost
2006-08-14,10.07074604086671,10.933939933776855,xgboost
2006-08-21,9.006667213907212,10.016769409179688,xgboost
2006-08-28,9.158678474901427,9.604548454284668,xgboost
2006-09-04,8.018594017444817,9.496867179870605,xgboost
2006-09-11,6.270464516011351,7.76414155960083,xgboost
2006-09-18,4.598340645074992,7.4013824462890625,xgboost
2006-09-25,3.990295601098134,5.582324981689453,xgboost
2006-10-02,4.256315307838009,4.8019118309021,xgboost
2006-10-09,4.674346275572099,4.171491622924805,xgboost
2006-10-16,5.776427917780154,4.861398220062256,xgboost
2006-10-23,5.396399765294618,5.781294345855713,xgboost
2006-10-30,6.118453255017137,5.779911518096924,xgboost
2006-11-06,6.004444809271476,6.336772918701172,xgboost
2006-11-13,6.536484222751227,6.143396854400635,xgboost
2006-11-20,5.852433548277261,6.61954402923584,xgboost
2006-11-27,5.852433548277261,5.004617214202881,xgboost
2006-12-04,5.586413841537386,5.5292792320251465,xgboost
2006-12-11,5.586413841537386,5.846536636352539,xgboost
2006-12-18,5.054374428057636,5.538111209869385,xgboost
2006-12-25,4.560337829826438,4.113967418670654,xgboost
2007-01-01,4.977161888166406,4.496689796447754,xgboost
2007-01-08,6.372101117662692,4.562341690063477,xgboost
2007-01-15,8.22369650672325,6.971269607543945,xgboost
2007-01-22,8.298457384057096,9.12320613861084,xgboost
2007-01-29,6.95276159204784,8.646260261535645,xgboost
2007-02-05,6.018250625374743,6.916198253631592,xgboost
2007-02-12,6.317294134710134,6.129549026489258,xgboost
2007-02-19,8.22369650672325,6.8010172843933105,xgboost
2007-02-26,8.261076945390174,8.976106643676758,xgboost
2007-03-05,9.046066157395577,8.648931503295898,xgboost
2007-03-12,7.476087733384773,9.309133529663086,xgboost
2007-03-19,8.560120454725565,7.432941436767578,xgboost
2007-03-26,8.186316068056327,8.787784576416016,xgboost
2007-04-02,8.971305280061728,8.241402626037598,xgboost
2007-04-09,10.16747931740329,8.381271362304688,xgboost
2007-04-16,11.13937072274331,10.006897926330566,xgboost
2007-04-23,12.671968708087187,12.260516166687012,xgboost
2007-04-30,11.774838180081014,14.900717735290527,xgboost
2007-05-07,12.671968708087187,14.09281063079834,xgboost
2007-05-14,13.232675288091045,12.210201263427734,xgboost
2007-05-21,14.989555905436466,13.851808547973633,xgboost
2007-05-28,15.699784240108018,14.437725067138672,xgboost
2007-06-04,14.989555905436466,15.977169036865234,xgboost
2007-06-11,16.821197400115732,14.451082229614258,xgboost
2007-06-18,12.971012217422578,16.038692474365234,xgboost
2007-06-25,10.279620633404063,12.271269798278809,xgboost
2007-07-02,7.775131242720164,10.390776634216309,xgboost
2007-07-09,8.821783525394032,7.634758949279785,xgboost
2007-07-16,11.513175109412549,8.094833374023438,xgboost
2007-07-23,10.503903265405604,10.588379859924316,xgboost
2007-07-30,11.4384142320787,9.28633975982666,xgboost
2007-08-06,10.915088090741767,10.103914260864258,xgboost
2007-08-13,11.251512038744082,10.275489807128906,xgboost
2007-08-20,10.802946774740995,10.97756290435791,xgboost
2007-08-27,9.49463142139866,10.893208503723145,xgboost
2007-09-03,7.849892120054011,8.854109764099121,xgboost
2007-09-10,6.429435450710906,7.39016056060791,xgboost
2007-09-17,6.541576766711677,6.835295677185059,xgboost
2007-09-24,7.363946417384002,6.654969215393066,xgboost
2007-10-01,6.765859398713221,7.522907257080078,xgboost
2007-10-08,7.849892120054012,6.759911060333252,xgboost
2007-10-15,7.401326856050925,7.481288909912109,xgboost
2007-10-22,10.279620633404061,7.34967565536499,xgboost
2007-10-29,9.56939229873251,10.06930160522461,xgboost
2007-11-05,9.345109666730965,9.190817832946777,xgboost
2007-11-12,6.27991369604321,8.554556846618652,xgboost
2007-11-19,5.569685361371657,6.175949573516846,xgboost
2007-11-26,4.784696149366256,5.775171279907227,xgboost
2007-12-03,5.420163606703962,5.224096298217773,xgboost
2007-12-10,6.055631064041667,5.703053951263428,xgboost
2007-12-17,7.363946417384002,5.8717193603515625,xgboost
2007-12-24,9.756294492067129,6.877158164978027,xgboost
2007-12-31,9.419870544064814,10.201706886291504,xgboost
2008-01-07,12.499962118332428,9.610408782958984,xgboost
2008-01-14,14.19697746192386,12.098222732543945,xgboost
2008-01-21,15.801681861445529,14.956586837768555,xgboost
2008-01-28,13.248248492734191,14.875205039978027,xgboost
2008-02-04,10.287746036257277,16.62801170349121,xgboost
2008-02-11,8.178388036017479,12.071793556213379,xgboost
2008-02-18,7.290237299074403,9.669576644897461,xgboost
2008-02-25,6.365080281425368,8.533862113952637,xgboost
2008-03-03,8.067369193899593,6.784747123718262,xgboost
2008-03-10,8.141381755311516,7.61429500579834,xgboost
2008-03-17,8.51144456237113,8.314038276672363,xgboost
2008-03-24,7.845331509663825,8.58737564086914,xgboost
2008-03-31,7.290237299074403,7.996492862701416,xgboost
2008-04-07,7.216224737662482,7.178103923797607,xgboost
2008-04-14,7.179218456956519,6.912229061126709,xgboost
2008-04-21,7.5862875447220945,7.60445499420166,xgboost
2008-04-28,7.438262421898249,8.021233558654785,xgboost
2008-05-05,5.661960948012101,8.000872611999512,xgboost
2008-05-12,3.9596720355378765,6.76646089553833,xgboost
2008-05-19,3.7006280705961463,6.195895671844482,xgboost
2008-05-26,3.848653193419992,5.224386692047119,xgboost
2008-06-02,4.736803930363066,5.132115840911865,xgboost
2008-06-09,4.181709719773646,4.824051856994629,xgboost
2008-06-16,3.922665754831915,4.311891555786133,xgboost
2008-06-23,2.775471052947111,4.47678279876709,xgboost
2008-06-30,2.2203768423576897,4.66646146774292,xgboost
2008-07-07,3.6266155091842234,3.299196720123291,xgboost
2008-07-14,5.550942105894218,4.032683849334717,xgboost
2008-07-21,8.844501088724783,5.107792854309082,xgboost
2008-07-28,8.992526211548629,8.93869400024414,xgboost
2008-08-04,7.068199614838636,9.745924949645996,xgboost
2008-08-11,3.700628070596147,8.222004890441895,xgboost
2008-08-18,1.7763014738861533,4.829931735992432,xgboost
2008-08-25,2.5904396494173043,4.610435485839844,xgboost
2008-09-01,5.032854176010758,3.422438859939575,xgboost
2008-09-08,5.809986070835948,5.523573398590088,xgboost
2008-09-15,6.439092842837293,5.77339506149292,xgboost
2008-09-22,4.588778807539221,5.370874881744385,xgboost
2008-09-29,4.070690877655761,4.556822776794434,xgboost
2008-10-06,4.255722281185569,4.661327838897705,xgboost
2008-10-13,6.180048877895562,4.281898021697998,xgboost
2008-10-20,7.549281264016134,6.213784217834473,xgboost
2008-10-27,7.216224737662482,8.00472354888916,xgboost
2008-11-03,7.956350351781709,6.024651527404785,xgboost
2008-11-10,8.178388036017479,6.690007209777832,xgboost
2008-11-17,8.69647596590094,6.429272651672363,xgboost
2008-11-24,7.327243579780365,8.316295623779297,xgboost
2008-12-01,6.994187053426713,7.37593412399292,xgboost
2008-12-08,7.253231018368442,6.736773490905762,xgboost
2008-12-15,6.587117965661137,6.852740287780762,xgboost
2008-12-22,5.217885579540565,6.264655590057373,xgboost
2008-12-29,6.587117965661136,5.65408992767334,xgboost
2009-01-05,6.860794495436417,8.338505744934082,xgboost
2009-01-12,8.245759793072788,7.806337833404541,xgboost
2009-01-19,5.49592477178173,8.390210151672363,xgboost
2009-01-26,4.689855805253743,4.922698974609375,xgboost
2009-02-02,4.2501818235112045,4.7080769538879395,xgboost
2009-02-09,5.569203768738819,4.700170993804932,xgboost
2009-02-16,6.448551732223894,5.810266017913818,xgboost
2009-02-23,8.24388715767259,7.339843273162842,xgboost
2009-03-02,10.149141078556921,8.389653205871582,xgboost
2009-03-09,12.164313494876888,10.07831859588623,xgboost
2009-03-16,13.629893434018678,14.463081359863281,xgboost
2009-03-23,13.886369923368493,15.479070663452148,xgboost
2009-03-30,12.970382461404874,14.829667091369629,xgboost
2009-04-06,10.845291549649275,13.036084175109863,xgboost
2009-04-13,13.373416944668866,10.0900297164917,xgboost
2009-04-20,14.399322902068121,14.956686019897461,xgboost
2009-04-27,18.209830743836786,22.004745483398438,xgboost
2009-05-04,17.58695926970152,16.971540451049805,xgboost
2009-05-11,20.188363661678206,16.198150634765625,xgboost
2009-05-18,19.968526670806934,15.41191291809082,xgboost
2009-05-25,20.15172416319966,15.415384292602539,xgboost
2009-06-01,17.147285287958983,15.913022994995117,xgboost
2009-06-08,14.509241397503756,16.592288970947266,xgboost
2009-06-15,11.651360516177258,16.439842224121094,xgboost
2009-06-22,11.761279011612894,11.242249488830566,xgboost
2009-06-29,11.248326032913267,11.43616771697998,xgboost
2009-07-06,9.672827598335838,11.82695198059082,xgboost
2009-07-13,7.694294680494418,10.786736488342285,xgboost
2009-07-20,6.228714741352626,8.553972244262695,xgboost
2009-07-27,5.862319756567177,6.593347549438477,xgboost
2009-08-03,6.2653542398311695,5.079770565032959,xgboost
2009-08-10,6.595109726138074,5.751774787902832,xgboost
2009-08-17,6.5218307291809845,6.126089572906494,xgboost
2009-08-24,6.9615047109235215,6.431674957275391,xgboost
2009-08-31,6.301993738309715,6.898081302642822,xgboost
2009-09-07,5.825680258088632,7.110672473907471,xgboost
2009-09-14,4.763134802210833,6.076556205749512,xgboost
2009-09-21,5.312727279389005,5.121302604675293,xgboost
2009-09-28,5.605843267217363,5.648107051849365,xgboost
2009-10-05,7.254620698751881,6.150644779205322,xgboost
2009-10-12,7.511097188101694,7.825376510620117,xgboost
2009-10-19,7.511097188101695,7.847023963928223,xgboost
2009-10-26,6.118796245916992,7.8400678634643555,xgboost
2009-11-02,6.045517248959901,5.981186866760254,xgboost
2009-11-09,6.558470227659529,6.777703762054443,xgboost
2009-11-16,5.825680258088632,7.073616027832031,xgboost
2009-11-23,5.569203768738819,5.328926086425781,xgboost
2009-11-30,4.799774300689378,6.0969929695129395,xgboost
2009-12-07,5.202808783953371,4.830072402954102,xgboost
2009-12-14,4.506658312861019,5.542277812957764,xgboost
2009-12-21,3.993705334161391,4.645831108093262,xgboost
2009-12-28,2.125090911755605,4.055521011352539,xgboost
2010-01-04,2.584503992517721,3.5162084102630615,xgboost
2010-01-11,3.627991551133281,5.2548298835754395,xgboost
2010-01-18,5.0429082560752585,4.685857772827148,xgboost
2010-01-25,5.224307833631922,6.334468364715576,xgboost
2010-02-01,4.970348425052593,6.344890117645264,xgboost
2010-02-08,6.022465974881243,4.466823577880859,xgboost
2010-02-15,6.022465974881243,6.557260513305664,xgboost
2010-02-22,6.276425383460572,6.596054553985596,xgboost
2010-03-01,6.1675856369265745,6.890055179595947,xgboost
2010-03-08,5.623386904256583,6.305020809173584,xgboost
2010-03-15,5.804786481813246,5.212709426879883,xgboost
2010-03-22,6.1675856369265745,5.147942543029785,xgboost
2010-03-29,7.945301496981879,5.29091739654541,xgboost
2010-04-05,9.577897694991854,7.7210373878479,xgboost
2010-04-12,11.355613555047158,10.634724617004395,xgboost
2010-04-19,14.258006795953778,13.125630378723145,xgboost
2010-04-26,18.430197079757047,16.925472259521484,xgboost
2010-05-03,20.969791165550337,17.04363250732422,xgboost
2010-05-10,20.53443217941435,20.792743682861328,xgboost
2010-05-17,20.498152263903012,20.072919845581055,xgboost
2010-05-24,16.507361557656413,19.729215621948242,xgboost
2010-05-31,14.947325190669103,17.678869247436523,xgboost
2010-06-07,10.847694737888501,15.963062286376953,xgboost
2010-06-14,10.70257507584317,12.489198684692383,xgboost
2010-06-21,8.562060060674535,10.45920467376709,xgboost
2010-06-28,5.986186059369909,7.967522144317627,xgboost
2010-07-05,5.151748002609256,5.2895636558532715,xgboost
2010-07-12,5.6596668197679145,4.4404168128967285,xgboost
2010-07-19,6.7843442006192305,5.324252605438232,xgboost
2010-07-26,6.348985214483238,7.002443313598633,xgboost
2010-08-02,5.6596668197679145,6.288243293762207,xgboost
2010-08-09,5.6596668197679145,5.3900837898254395,xgboost
2010-08-16,6.3127052989719035,5.7695207595825195,xgboost
2010-08-23,6.5303847920399,6.3831467628479,xgboost
2010-08-30,5.804786481813245,6.7684173583984375,xgboost
2010-09-06,5.33314758016592,5.819349765777588,xgboost
2010-09-13,5.768506566301913,6.066092491149902,xgboost
2010-09-20,5.405707411188586,5.983633041381836,xgboost
2010-09-27,4.4624296078939345,5.457798480987549,xgboost
2010-10-04,4.426149692382602,4.178272247314453,xgboost
2010-10-11,5.841066397324578,4.777526378631592,xgboost
2010-10-18,6.494104876528568,5.833015441894531,xgboost
2010-10-25,5.695946735279247,6.972291946411133,xgboost
2010-11-01,4.93406850954126,5.585583209991455,xgboost
2010-11-08,5.006628340563926,5.289593696594238,xgboost
2010-11-15,4.752668931984596,5.406341552734375,xgboost
2010-11-22,4.244750114825938,5.128450393676758,xgboost
2010-11-29,3.7368312976672784,4.7871575355529785,xgboost
2010-12-06,3.809391128689944,3.703054904937744,xgboost
2010-12-13,3.845671044201277,3.9973418712615967,xgboost
2010-12-20,3.555431720110615,3.1504807472229004,xgboost
2010-12-27,3.265192396019953,3.319051742553711,xgboost
2011-01-03,3.8622078860888145,4.4314374923706055,xgboost
2011-01-10,4.968199857974753,4.851956844329834,xgboost
2011-01-17,4.454992717524006,5.892347812652588,xgboost
2011-01-24,3.5927360625193607,4.834644794464111,xgboost
2011-01-31,2.694552046889522,3.4547150135040283,xgboost
2011-02-07,4.167573832522458,3.749634027481079,xgboost
2011-02-14,4.454992717524006,4.8676605224609375,xgboost
2011-02-21,5.173539930027878,4.7253594398498535,xgboost
2011-02-28,4.957975766276716,5.1046600341796875,xgboost
2011-03-07,5.137612569402684,5.584001064300537,xgboost
2011-03-14,7.868091976917394,5.743073463439941,xgboost
2011-03-21,8.550711828796073,9.350332260131836,xgboost
2011-03-28,10.203370417554975,8.466652870178223,xgboost
2011-04-04,11.245263875685588,10.784040451049805,xgboost
2011-04-11,13.329050791946814,13.003886222839355,xgboost
2011-04-18,13.400905513197202,16.1823787689209,xgboost
2011-04-25,11.281191236310782,16.58490753173828,xgboost
2011-05-02,9.880024171928234,14.672672271728516,xgboost
2011-05-09,10.490789302556523,10.01543140411377,xgboost
2011-05-16,11.604537481937525,10.149539947509766,xgboost
2011-05-23,11.85602900631388,11.900029182434082,xgboost
2011-05-30,11.784174285063493,12.678812980651855,xgboost
2011-06-06,10.56264402380691,12.516286849975586,xgboost
2011-06-13,10.706353466307684,11.012320518493652,xgboost
2011-06-20,11.137481793810005,9.161052703857422,xgboost
2011-06-27,11.029699711934427,9.936264038085938,xgboost
2011-07-04,12.251229973191009,9.859097480773926,xgboost
2011-07-11,11.7482469244383,10.636495590209961,xgboost
2011-07-18,11.96381108818946,10.937915802001953,xgboost
2011-07-25,10.490789302556523,11.050535202026367,xgboost
2011-08-01,8.874058074422814,10.278755187988281,xgboost
2011-08-08,7.904019337542587,8.652048110961914,xgboost
2011-08-15,6.3232154700340715,7.4257731437683105,xgboost
2011-08-22,6.071723945657716,6.3593363761901855,xgboost
2011-08-29,6.107651306282911,6.150266647338867,xgboost
2011-09-05,6.574706994410427,6.764166355133057,xgboost
2011-09-12,5.640595618155395,6.108485698699951,xgboost
2011-09-19,4.4190653568988125,5.5790605545043945,xgboost
2011-09-26,4.275355914398038,4.946171283721924,xgboost
2011-10-03,4.526847438774394,5.417153835296631,xgboost
2011-10-10,5.281322011903458,5.270299911499023,xgboost
2011-10-17,4.7424116025255545,5.839052677154541,xgboost
2011-10-24,4.634629520649974,5.070512294769287,xgboost
2011-10-31,5.281322011903458,4.9928812980651855,xgboost
2011-11-07,5.317249372528651,5.671704292297363,xgboost
2011-11-14,5.71245033940578,5.715204238891602,xgboost
2011-11-21,5.460958815029426,6.573941707611084,xgboost
2011-11-28,8.155510861918943,5.49770975112915,xgboost
2011-12-05,8.981840156298395,8.353350639343262,xgboost
2011-12-12,7.580673091915845,8.20362377166748,xgboost
2011-12-19,5.209467290653071,7.335891246795654,xgboost
2011-12-26,5.137612569402684,4.857412338256836,xgboost
2012-01-02,5.875490238553965,6.200277328491211,xgboost
2012-01-09,5.9286734428293455,6.673752784729004,xgboost
2012-01-16,5.977707421110278,5.930898189544678,xgboost
2012-01-23,6.048870604694923,6.023258686065674,xgboost
2012-01-30,6.191196971864216,6.158064365386963,xgboost
2012-02-06,5.835381053940986,6.096190452575684,xgboost
2012-02-13,5.728636278564017,5.64136266708374,xgboost
2012-02-20,5.337238768848462,6.37328577041626,xgboost
2012-02-27,5.266075585263817,6.241878509521484,xgboost
2012-03-05,5.337238768848462,6.479590892791748,xgboost
2012-03-12,5.657473094979371,6.139895439147949,xgboost
2012-03-19,5.728636278564017,6.2153706550598145,xgboost
2012-03-26,6.262360155448863,6.326749801635742,xgboost
2012-04-02,7.899113377895723,6.902500629425049,xgboost
2012-04-09,9.393540233173292,8.748553276062012,xgboost
2012-04-16,10.99471186382783,11.04615592956543,xgboost
2012-04-23,11.386109373543382,12.514801979064941,xgboost
2012-04-30,10.959130272035507,13.031558990478516,xgboost
2012-05-07,10.78122231307389,11.54931640625,xgboost
2012-05-14,10.460987986942984,10.850682258605957,xgboost
2012-05-21,11.279364598166415,10.198243141174316,xgboost
2012-05-28,11.955414842220554,11.631804466247559,xgboost
2012-06-04,11.741925291466613,11.205592155456543,xgboost
2012-06-11,10.460987986942984,10.966413497924805,xgboost
2012-06-18,8.930979539873093,9.304237365722656,xgboost
2012-06-25,7.7567870107264305,7.52276086807251,xgboost
2012-07-02,7.116318358464617,6.521907329559326,xgboost
2012-07-09,6.9384103995030015,6.504393577575684,xgboost
2012-07-16,6.582594481579771,7.272890567779541,xgboost
2012-07-23,5.835381053940986,6.16636848449707,xgboost
2012-07-30,5.194912401679171,5.536730766296387,xgboost
2012-08-06,5.2304939934714945,5.565584659576416,xgboost
2012-08-13,5.443983544225432,5.673351287841797,xgboost
2012-08-20,5.40840195243311,5.968376636505127,xgboost
2012-08-27,4.732351708378972,5.069589138031006,xgboost
2012-09-03,5.0881676263022015,4.68124532699585,xgboost
2012-09-10,5.550728319602402,5.258128643035889,xgboost
2012-09-17,6.262360155448863,6.216726303100586,xgboost
2012-09-24,5.87096264573331,6.0367841720581055,xgboost
2012-10-01,4.625606933002001,5.546767711639404,xgboost
2012-10-08,4.198627831494125,5.377303123474121,xgboost
2012-10-15,4.3765357904557405,4.358468055725098,xgboost
2012-10-22,4.447698974040387,5.1859917640686035,xgboost
2012-10-29,4.412117382248064,4.266506195068359,xgboost
2012-11-05,4.910259667340586,4.225178241729736,xgboost
2012-11-12,5.194912401679171,4.573385238647461,xgboost
2012-11-19,5.337238768848462,5.212904453277588,xgboost
2012-11-26,5.123749218094525,5.4883198738098145,xgboost
2012-12-03,5.550728319602402,5.361546516418457,xgboost
2012-12-10,5.728636278564017,6.223586082458496,xgboost
2012-12-17,6.2267785636565405,5.537760257720947,xgboost
2012-12-24,5.977707421110278,5.97771692276001,xgboost
2012-12-31,6.404686522618154,6.023411750793457,xgboost
2013-01-07,6.734722168798818,6.42592716217041,xgboost
2013-01-14,7.5639177423776305,6.768024444580078,xgboost
2013-01-21,7.259929804232121,6.692975997924805,xgboost
2013-01-28,7.048475538089438,6.315972328186035,xgboost
2013-02-04,7.013233160398991,6.111968517303467,xgboost
2013-02-11,6.837021271946754,6.9589524269104,xgboost
2013-02-18,6.414112739661388,6.426218509674072,xgboost
2013-02-25,5.638780430471551,6.246184825897217,xgboost
2013-03-04,5.779749941233341,5.855062484741211,xgboost
2013-03-11,6.2026584735187065,6.4541778564453125,xgboost
2013-03-18,6.4845974950422836,7.126336574554443,xgboost
2013-03-25,6.6960517611849655,7.17960786819458,xgboost
2013-04-01,8.599140156469113,7.734930038452148,xgboost
2013-04-08,10.149804774848787,9.655313491821289,xgboost
2013-04-15,12.193862680894725,10.980855941772461,xgboost
2013-04-22,12.017650792442488,12.905766487121582,xgboost
2013-04-29,11.171833727871757,11.501067161560059,xgboost
2013-05-06,9.550684354111185,10.780713081359863,xgboost
2013-05-13,8.000019735731511,10.08220100402832,xgboost
2013-05-20,6.378870361970942,8.47061538696289,xgboost
2013-05-27,6.132173718137811,5.8278303146362305,xgboost
2013-06-03,5.674022808161998,6.1092000007629395,xgboost
2013-06-10,7.189445048851226,5.806586742401123,xgboost
2013-06-17,6.414112739661388,7.269068241119385,xgboost
2013-06-24,5.533053297400211,6.103451251983643,xgboost
2013-07-01,4.0528734344014286,5.528173446655273,xgboost
2013-07-08,3.8414191682587457,4.220127105712891,xgboost
2013-07-15,3.9471463013300876,4.553899765014648,xgboost
2013-07-22,3.9471463013300876,4.368129253387451,xgboost
2013-07-29,4.017631056710981,3.862025260925293,xgboost
2013-08-05,4.193842945163218,3.9261302947998047,xgboost
2013-08-12,5.356841408947974,4.109249591827393,xgboost
2013-08-19,4.933932876662609,5.335659980773926,xgboost
2013-08-26,3.9823886790205343,4.683910846710205,xgboost
2013-09-02,2.5374511937122004,3.809597969055176,xgboost
2013-09-09,2.643178326783542,4.156539440155029,xgboost
2013-09-16,2.6784207044739894,4.236056327819824,xgboost
2013-09-23,2.819390215235778,3.4592301845550537,xgboost
2013-09-30,2.819390215235778,3.4419546127319336,xgboost
2013-10-07,3.030844481378461,3.614946126937866,xgboost
2013-10-14,3.242298747521144,3.662093162536621,xgboost
2013-10-21,3.242298747521144,3.254567861557007,xgboost
2013-10-28,3.3127835029020383,3.397209882736206,xgboost
2013-11-04,3.3127835029020383,3.3587841987609863,xgboost
2013-11-11,2.7489054598548837,3.3408565521240234,xgboost
2013-11-18,2.7841478375453312,3.193241834640503,xgboost
2013-11-25,3.41851063597338,3.7068614959716797,xgboost
2013-12-02,4.0528734344014286,3.835773229598999,xgboost
2013-12-09,4.123358189782324,4.348016262054443,xgboost
2013-12-16,2.7841478375453312,4.064418315887451,xgboost
2013-12-23,2.537451193712201,3.107722043991089,xgboost
2013-12-30,2.6784207044739894,4.054701805114746,xgboost
2014-01-06,3.476348708587885,4.089649200439453,xgboost
2014-01-13,3.5022724779241514,3.7574806213378906,xgboost
2014-01-20,2.827675190187344,3.7579572200775146,xgboost
2014-01-27,2.5134890579443057,3.404060125350952,xgboost
2014-02-03,3.0022230414334756,3.5349128246307373,xgboost
2014-02-10,3.386228314174966,3.2727320194244385,xgboost
2014-02-17,3.5258665951718715,3.646461009979248,xgboost
2014-02-24,3.0022230414334756,3.1274149417877197,xgboost
2014-03-03,3.421137884424192,3.502802848815918,xgboost
2014-03-10,3.211680462928834,3.9393858909606934,xgboost
2014-03-17,3.0720421819319284,3.859833240509033,xgboost
2014-03-24,3.5956857356703247,3.731315851211548,xgboost
2014-03-31,4.084419719159494,3.9415149688720703,xgboost
2014-04-07,4.71279198364557,3.927363157272339,xgboost
2014-04-14,5.4808025291285505,5.015241622924805,xgboost
2014-04-21,5.725169520873135,5.619348049163818,xgboost
2014-04-28,5.794988661371588,6.199104309082031,xgboost
2014-05-05,6.004446082866946,6.09968900680542,xgboost
2014-05-12,7.9244724465743985,6.383209705352783,xgboost
2014-05-19,9.600131818537266,7.409596920013428,xgboost
2014-05-26,10.088865802026435,9.849909782409668,xgboost
2014-06-02,10.368142364020246,10.65257453918457,xgboost
2014-06-09,9.879408380531077,11.142091751098633,xgboost
2014-06-16,8.901940413552737,10.828320503234863,xgboost
2014-06-23,6.2488130746115305,8.445196151733398,xgboost
2014-06-30,5.341164248131644,5.911402702331543,xgboost
2014-07-07,5.376073818380871,5.334275245666504,xgboost
2014-07-14,6.493180066356115,5.564627170562744,xgboost
2014-07-21,5.550621669627003,6.012862682342529,xgboost
2014-07-28,4.817520694393249,5.392025470733643,xgboost
2014-08-04,3.3513187439257397,5.290486812591553,xgboost
2014-08-11,3.6655048761687774,2.8876307010650635,xgboost
2014-08-18,3.3513187439257397,4.060161590576172,xgboost
2014-08-25,3.5258665951718715,3.0358283519744873,xgboost
2014-09-01,3.2814996034272865,4.028158664703369,xgboost
2014-09-08,2.8974943306857956,3.9960155487060547,xgboost
2014-09-15,2.5833081984427584,3.636460781097412,xgboost
2014-09-22,2.269122066199721,2.72709059715271,xgboost
2014-09-29,2.6531273389412116,2.681668281555176,xgboost
2014-10-06,3.9796910084118147,3.3092782497406006,xgboost
2014-10-13,4.60806327289789,3.543870449066162,xgboost
2014-10-20,3.8749622976641356,4.7036590576171875,xgboost
2014-10-27,2.653127338941211,3.6523473262786865,xgboost
2014-11-03,2.7229464794396647,3.241943120956421,xgboost
2014-11-10,3.0720421819319284,3.2676684856414795,xgboost
2014-11-17,3.2814996034272865,3.2229158878326416,xgboost
2014-11-24,3.2814996034272865,3.4147789478302,xgboost
2014-12-01,2.827675190187343,3.2514781951904297,xgboost
2014-12-08,2.827675190187343,3.2271554470062256,xgboost
2014-12-15,2.0945742149535893,3.237377166748047,xgboost
2014-12-22,2.5134890579443057,2.872485637664795,xgboost
2014-12-29,3.0022230414334756,3.409626007080078,xgboost
2015-01-05,3.308245556056003,3.5801243782043457,xgboost
2015-01-12,3.161423291553048,3.0819811820983887,xgboost
2015-01-19,2.593726915830454,3.0173416137695312,xgboost
2015-01-26,2.7320590180080777,2.9589109420776367,xgboost
2015-02-02,4.288295167506347,3.4862568378448486,xgboost
2015-02-09,5.46411803601615,4.4885172843933105,xgboost
2015-02-16,5.913697368093428,5.402380466461182,xgboost
2015-02-23,5.049121729483279,5.184030532836914,xgboost
2015-03-02,4.737874499583625,5.938746452331543,xgboost
2015-03-09,5.152870806116497,5.065145492553711,xgboost
2015-03-16,5.948280393637835,6.068060874938965,xgboost
2015-03-23,6.570774853437143,6.4272284507751465,xgboost
2015-03-30,7.919512849668976,6.695894241333008,xgboost
2015-04-06,9.371999922534028,9.517078399658203,xgboost
2015-04-13,10.374907663321801,10.43258285522461,xgboost
2015-04-20,9.475748999167246,10.72066593170166,xgboost
2015-04-27,8.784088488279126,9.113760948181152,xgboost
2015-05-04,7.608265619769322,8.462389945983887,xgboost
2015-05-11,7.435350492047292,7.078437805175781,xgboost
2015-05-18,5.879114342549023,6.62878942489624,xgboost
2015-05-25,4.807040550672437,5.808897018432617,xgboost
2015-06-01,3.8041328098846634,4.806859493255615,xgboost
2015-06-08,3.9424649120622868,3.8172128200531006,xgboost
2015-06-15,4.322878193050753,3.994532346725464,xgboost
2015-06-22,4.737874499583626,4.118674278259277,xgboost
2015-06-29,4.495793320772783,4.485568523406982,xgboost
2015-07-06,4.288295167506347,4.54445219039917,xgboost
2015-07-13,3.8387158354290687,4.7334394454956055,xgboost
2015-07-20,3.734966758795851,3.8794870376586914,xgboost
2015-07-27,2.9049741457301077,3.920232057571411,xgboost
2015-08-03,2.5591438902860477,3.197495460510254,xgboost
2015-08-10,2.6283099413748596,2.959735870361328,xgboost
2015-08-17,3.3545534778073853,2.904489278793335,xgboost
2015-08-24,3.562051631073821,3.522869110107422,xgboost
2015-08-31,3.389136503351791,2.8916428089141846,xgboost
2015-09-07,3.1816383500853553,2.718604326248169,xgboost
2015-09-14,2.9395571712745134,2.6958987712860107,xgboost
2015-09-21,3.0433062479077315,2.714562177658081,xgboost
2015-09-28,3.147055324540949,2.94035267829895,xgboost
2015-10-05,3.492885579985009,3.18705153465271,xgboost
2015-10-12,3.596634656618227,3.285609483718872,xgboost
2015-10-19,3.1124722989965434,3.3021910190582275,xgboost
2015-10-26,3.0778892734521377,2.9570412635803223,xgboost
2015-11-02,3.250804401174167,3.135915517807007,xgboost
2015-11-09,3.5274686055294153,3.3425750732421875,xgboost
2015-11-16,3.907881886517881,3.715101718902588,xgboost
2015-11-23,3.562051631073821,3.5772714614868164,xgboost
2015-11-30,4.149963065328723,3.2612602710723877,xgboost
2015-12-07,3.6658007077070387,4.303456783294678,xgboost
2015-12-14,3.319970452262979,3.5417516231536865,xgboost
2015-12-21,2.3516457370196115,3.1240901947021484,xgboost
2015-12-28,1.41790404732065,2.465350866317749,xgboost
2016-01-04,1.5472623648253088,3.345674991607666,xgboost
2016-01-11,2.227064660252725,2.3947789669036865,xgboost
2016-01-18,3.631828522873672,2.7994155883789062,xgboost
2016-01-25,4.488391853740102,3.357614040374756,xgboost
2016-02-01,4.111503988158873,4.304991245269775,xgboost
2016-02-08,3.631828522873672,3.6481173038482666,xgboost
2016-02-15,2.7067401255379266,3.9588940143585205,xgboost
2016-02-22,2.3641147931913538,2.7902233600616455,xgboost
2016-02-29,2.672477592303269,2.8860840797424316,xgboost
2016-03-07,2.7410026587725835,3.3988795280456543,xgboost
2016-03-14,3.289203190527099,3.1382765769958496,xgboost
2016-03-21,3.254940657292442,3.345364570617676,xgboost
2016-03-28,3.768878655812301,3.252368450164795,xgboost
2016-04-04,4.0772414549242155,4.0082831382751465,xgboost
2016-04-11,5.721843050187762,4.54327392578125,xgboost
2016-04-18,6.235781048707621,5.944060325622559,xgboost
2016-04-25,6.612668914288851,6.464601516723633,xgboost
2016-05-02,5.379217717841191,6.597380638122559,xgboost
2016-05-09,5.242167584902561,5.288759708404541,xgboost
2016-05-16,5.584792917249135,5.728848934173584,xgboost
2016-05-23,6.681193980758167,5.802754878997803,xgboost
2016-05-30,5.8588931831263915,7.40882682800293,xgboost
2016-06-06,5.75610558342242,5.437955379486084,xgboost
2016-06-13,4.76249211961736,6.336294174194336,xgboost
2016-06-20,5.344955184606533,4.461207389831543,xgboost
2016-06-27,5.105117451963933,5.102848052978516,xgboost
2016-07-04,5.310692651371876,5.098092079162598,xgboost
2016-07-11,4.454129320505445,5.687973499298096,xgboost
2016-07-18,3.8374037222816146,4.614840984344482,xgboost
2016-07-25,3.049365457884498,3.3545334339141846,xgboost
2016-08-01,3.1864155908231275,3.242659330368042,xgboost
2016-08-08,3.049365457884498,2.9719722270965576,xgboost
2016-08-15,2.9465778581805266,3.1466383934020996,xgboost
2016-08-22,2.5354274593646395,3.230578660964966,xgboost
2016-08-29,2.741002658772583,2.90977144241333,xgboost
2016-09-05,2.9123153249458693,3.578779697418213,xgboost
2016-09-12,3.0151029246498413,3.412351131439209,xgboost
2016-09-19,2.775265192007241,2.9629340171813965,xgboost
2016-09-26,3.1864155908231275,2.84332013130188,xgboost
2016-10-03,3.700353589342986,3.277036190032959,xgboost
2016-10-10,3.0493654578844986,3.600449800491333,xgboost
2016-10-17,2.295589726722039,3.145444631576538,xgboost
2016-10-24,2.124277060548753,2.655385971069336,xgboost
2016-10-31,2.3298522599566964,3.185354232788086,xgboost
2016-11-07,2.2613271934873818,3.290069341659546,xgboost
2016-11-14,1.9529643943754664,2.8432910442352295,xgboost
2016-11-21,1.9529643943754669,2.8577325344085693,xgboost
2016-11-28,1.6446015952635518,2.8791892528533936,xgboost
2016-12-05,1.6446015952635518,2.602451801300049,xgboost
2016-12-12,1.3362387961516367,1.7697502374649048,xgboost
2016-12-19,1.3362387961516362,1.9910552501678467,xgboost
2016-12-26,1.3362387961516362,1.9846583604812622,xgboost
2017-01-02,1.9790462560971245,2.2353577613830566,xgboost
2017-01-09,2.6535991195809623,2.4247493743896484,xgboost
2017-01-16,3.258997634171409,3.1731820106506348,xgboost
2017-01-23,3.870059690578547,3.421030044555664,xgboost
2017-01-30,3.462684986307122,3.5371317863464355,xgboost
2017-02-06,2.749779253832127,3.179015874862671,xgboost
2017-02-13,2.0029256293345132,2.755800247192383,xgboost
2017-02-20,1.901081953266657,2.8619484901428223,xgboost
2017-02-27,2.1047693054023697,2.6521122455596924,xgboost
2017-03-06,1.7652903851761819,2.5866408348083496,xgboost
2017-03-13,1.7652903851761819,2.0129523277282715,xgboost
2017-03-20,1.6634467091083254,1.9779918193817139,xgboost
2017-03-27,2.036873521357132,1.9678393602371216,xgboost
2017-04-03,2.3424045495607015,2.1351656913757324,xgboost
2017-04-10,3.123206066080934,2.4701590538024902,xgboost
2017-04-17,4.549017531030923,3.3501811027526855,xgboost
2017-04-24,5.601402183732106,4.269577980041504,xgboost
2017-05-01,5.397714831596393,5.703001022338867,xgboost
2017-05-08,4.820600667211874,5.233103275299072,xgboost
2017-05-15,5.49955850766425,4.43169641494751,xgboost
2017-05-22,6.246412132161864,5.835982799530029,xgboost
2017-05-29,6.484047376320195,6.233562469482422,xgboost
2017-06-05,5.19402747946068,5.969125270843506,xgboost
2017-06-12,4.515069639008305,4.664373874664307,xgboost
2017-06-19,3.7342681224880727,4.943451404571533,xgboost
2017-06-26,3.089258174058315,3.223817825317383,xgboost
2017-07-03,2.546091901696414,3.0730302333831787,xgboost
2017-07-10,2.410300333605939,2.561511754989624,xgboost
2017-07-17,2.5460919016964145,2.8438682556152344,xgboost
2017-07-24,2.95346660596784,2.8568122386932373,xgboost
2017-07-31,2.8855708219226024,3.0531444549560547,xgboost
2017-08-07,2.783727145854746,2.9714019298553467,xgboost
2017-08-14,2.0029256293345132,2.956620931625366,xgboost
2017-08-21,1.9010819532666572,2.5248374938964844,xgboost
2017-08-28,1.7992382771988007,2.103043556213379,xgboost
2017-09-04,1.9010819532666572,1.979157567024231,xgboost
2017-09-11,1.6634467091083254,1.7656253576278687,xgboost
2017-09-18,1.9689777373118946,1.8003418445587158,xgboost
2017-09-25,2.546091901696414,1.926049828529358,xgboost
2017-10-02,2.783727145854746,2.3936572074890137,xgboost
2017-10-09,2.6479355777642706,3.298872470855713,xgboost
2017-10-16,2.274508765515464,2.7574427127838135,xgboost
2017-10-23,2.0029256293345132,2.3533356189727783,xgboost
2017-10-30,1.52765514101785,2.21793270111084,xgboost
2017-11-06,1.7652903851761819,1.5629973411560059,xgboost
2017-11-13,1.9689777373118946,1.6872578859329224,xgboost
2017-11-20,2.9874144979904584,1.6798162460327148,xgboost
2017-11-27,2.8855708219226024,2.9290342330932617,xgboost
2017-12-04,3.123206066080934,2.3416476249694824,xgboost
2017-12-11,2.95346660596784,3.210848093032837,xgboost
2017-12-18,2.749779253832127,2.533700704574585,xgboost
2017-12-25,2.274508765515464,2.4913828372955322,xgboost
2018-01-01,1.3189580186897576,2.5455808639526367,xgboost
2018-01-08,1.141703903288094,2.108707904815674,xgboost
2018-01-15,1.3661885006914287,2.294431447982788,xgboost
2018-01-22,1.8326918911714276,2.1956467628479004,xgboost
2018-01-29,2.099265257159998,2.2375688552856445,xgboost
2018-02-05,2.4324819646457114,2.5841004848480225,xgboost
2018-02-12,2.5990903183885687,2.8622283935546875,xgboost
2018-02-19,2.5990903183885683,2.858654499053955,xgboost
2018-02-26,2.2991952816514263,3.165642499923706,xgboost
2018-03-05,2.1659085986571402,1.9618498086929321,xgboost
2018-03-12,2.39916029389714,2.020078659057617,xgboost
2018-03-19,2.7656986721314247,2.5690133571624756,xgboost
2018-03-26,3.098915379617138,2.5763258934020996,xgboost
2018-04-02,3.63206211159428,3.225876569747925,xgboost
2018-04-09,3.8319921360857077,3.5444977283477783,xgboost
2018-04-16,4.331817197314277,3.482569694519043,xgboost
2018-04-23,4.598390563302847,5.163849353790283,xgboost
2018-04-30,5.231502307525704,4.988590717315674,xgboost
2018-05-07,5.86461405174856,4.952136516571045,xgboost
2018-05-14,6.597690808217128,5.752044677734375,xgboost
2018-05-21,8.43038269938855,6.8172287940979,xgboost
2018-05-28,8.463704370137123,9.40267562866211,xgboost
2018-06-04,8.796921077622835,9.620699882507324,xgboost
2018-06-11,8.497026040885693,9.392782211303711,xgboost
2018-06-18,9.963179553822831,8.62935733795166,xgboost
2018-06-25,9.829892870828546,8.03974723815918,xgboost
2018-07-02,7.9638793089085524,8.020315170288086,xgboost
2018-07-09,6.531047466719985,7.943637847900391,xgboost
2018-07-16,5.8312923809999875,5.779586315155029,xgboost
2018-07-23,5.964579063994272,5.603522300720215,xgboost
2018-07-30,4.9982506122857036,6.004665851593018,xgboost
2018-08-06,4.565068892554276,3.9332327842712402,xgboost
2018-08-13,4.131887172822849,3.8104746341705322,xgboost
2018-08-20,3.9986004898285636,3.808262586593628,xgboost
2018-08-27,3.732027123839993,3.4729831218719482,xgboost
2018-09-03,4.0319221605771345,3.311847448348999,xgboost
2018-09-10,3.9652788190799924,3.8002378940582275,xgboost
2018-09-17,3.732027123839993,3.979344367980957,xgboost
2018-09-24,3.0989153796171376,3.531952381134033,xgboost
2018-10-01,2.6990553306342817,2.9627153873443604,xgboost
2018-10-08,2.1659085986571402,2.642068386077881,xgboost
2018-10-15,2.0992652571599977,2.1493170261383057,xgboost
2018-10-22,2.4658036353942823,2.3163394927978516,xgboost
2018-10-29,2.6990553306342817,2.9295589923858643,xgboost
2018-11-05,3.6320621115942786,3.0979294776916504,xgboost
2018-11-12,3.9986004898285636,3.909557819366455,xgboost
2018-11-19,5.13153729527999,3.962475538253784,xgboost
2018-11-26,4.964928941537132,4.414022922515869,xgboost
2018-12-03,4.731677246297132,4.473560333251953,xgboost
2018-12-10,4.331817197314277,4.533536911010742,xgboost
2018-12-17,3.532097099348565,3.4574899673461914,xgboost
2018-12-24,3.6653837823428503,2.915613889694214,xgboost
2018-12-31,3.6320621115942786,2.9790542125701904,xgboost
2019-01-07,4.637228953491377,3.085472583770752,xgboost
2019-01-14,5.208238463330429,4.331552028656006,xgboost
2019-01-21,4.826578094033565,4.842329978942871,xgboost
2019-01-28,3.874396021060958,4.8218255043029785,xgboost
2019-02-04,3.1192171355999245,3.348824977874756,xgboost
2019-02-11,3.3490541876967606,3.1515426635742188,xgboost
2019-02-18,3.5132235106230723,3.1798980236053467,xgboost
2019-02-25,3.546057375208335,3.236307382583618,xgboost
2019-03-04,3.546057375208335,3.4850332736968994,xgboost
2019-03-11,3.6445589689641213,3.5571131706237793,xgboost
2019-03-18,3.6773928335493835,3.615995168685913,xgboost
2019-03-25,3.8415621564756957,4.02063512802124,xgboost
2019-04-01,3.940063750231482,3.8756234645843506,xgboost
2019-04-08,4.005731479402007,4.269798278808594,xgboost
2019-04-15,4.071399208572532,4.549274444580078,xgboost
2019-04-22,4.071399208572533,4.431869983673096,xgboost
2019-04-29,3.940063750231483,4.271374225616455,xgboost
2019-05-06,3.9072298856462204,4.100026607513428,xgboost
2019-05-13,3.7758944273051713,3.980644464492798,xgboost
2019-05-20,4.169900802328319,4.095888614654541,xgboost
2019-05-27,4.498239448180942,4.635688304901123,xgboost
2019-06-03,5.351919927397763,4.3576507568359375,xgboost
2019-06-10,5.778760167006173,5.245841026306152,xgboost
2019-06-17,5.975763354517746,5.416736125946045,xgboost
2019-06-24,5.483255385738812,5.9379682540893555,xgboost
2019-07-01,5.647424708665123,5.402750015258789,xgboost
2019-07-08,6.074264948273534,5.428025245666504,xgboost
2019-07-15,5.942929489932484,5.558009147644043,xgboost
2019-07-22,5.056415146130401,5.477382659912109,xgboost
2019-07-29,4.268402396084106,4.506647109985352,xgboost
2019-08-05,4.104233073157794,4.292564392089844,xgboost
2019-08-12,4.859411958618828,3.9705395698547363,xgboost
2019-08-19,4.531073312766204,4.451632499694824,xgboost
2019-08-26,4.46540558359568,4.103647232055664,xgboost
2019-09-02,3.644558968964122,4.045517444610596,xgboost
2019-09-09,2.955047812673613,3.238393545150757,xgboost
2019-09-16,2.6595430314062525,2.701273202896118,xgboost
2019-09-23,2.2655366563831048,2.5715277194976807,xgboost
2019-09-30,2.6595430314062525,2.2587573528289795,xgboost
2019-10-07,2.462539843894678,3.349904775619507,xgboost
2019-10-14,2.561041437650465,2.538872718811035,xgboost
2019-10-21,2.725210760576777,2.7303011417388916,xgboost
2019-10-28,3.3162203231114984,2.990563154220581,xgboost
2019-11-04,3.3162203231114984,3.5079703330993652,xgboost
2019-11-11,3.119217135599925,2.9984896183013916,xgboost
2019-11-18,2.6595430314062525,3.1711158752441406,xgboost
2019-11-25,2.3968721147241534,2.7414777278900146,xgboost
2019-12-02,2.0685334688715304,2.522789478302002,xgboost
2019-12-09,2.035699604286268,1.9955580234527588,xgboost
2019-12-16,2.5938753022357273,1.8665553331375122,xgboost
2019-12-23,2.4953737084799403,2.5038347244262695,xgboost
2019-12-30,2.3968721147241534,2.5102016925811768,xgboost
2020-01-06,2.0578812410160747,2.4356582164764404,xgboost
2020-01-13,2.862552250385645,2.31658673286438,xgboost
2020-01-20,3.081737074627025,3.1715738773345947,xgboost
2020-01-27,3.276373100392942,2.8685295581817627,xgboost
2020-02-03,3.1141764122546776,3.228703737258911,xgboost
2020-02-10,3.4385697885312063,3.060391902923584,xgboost
2020-02-17,3.5683271390418176,3.3163444995880127,xgboost
2020-02-24,3.5358878014141646,3.5820000171661377,xgboost
2020-03-02,3.3736911132759,3.5569496154785156,xgboost
2020-03-09,2.887101048861108,3.3147640228271484,xgboost
2020-03-16,2.562707672584579,2.803828716278076,xgboost
2020-03-23,2.530268334956926,2.712566614151001,xgboost
2020-03-30,2.140996283425092,2.6568119525909424,xgboost
2020-04-06,1.7192848942656054,2.2971138954162598,xgboost
2020-04-13,1.1029374793402011,2.1393513679504395,xgboost
2020-04-20,1.1029374793402011,1.9060872793197632,xgboost
2020-04-27,0.9407407912019368,1.3343589305877686,xgboost
2020-05-04,0.7461047654360197,1.3312357664108276,xgboost
2020-05-11,0.681226090180714,1.441247582435608,xgboost
2020-05-18,0.7136654278083668,1.2928798198699951,xgboost
2020-05-25,0.7136654278083668,0.8364566564559937,xgboost
2020-06-01,0.7461047654360197,0.857437014579773,xgboost
2020-06-08,0.7461047654360197,1.153058648109436,xgboost
2020-06-15,0.908301453574284,1.2539427280426025,xgboost
2020-06-22,0.8434227783189782,0.7811612486839294,xgboost
2020-06-29,0.8434227783189782,0.8108340501785278,xgboost
2020-07-06,0.8434227783189782,0.8908029198646545,xgboost
2020-07-13,1.2651341674784653,0.9101324677467346,xgboost
2020-07-20,1.3624521803614238,1.0748759508132935,xgboost
2020-07-27,1.4597701932443823,1.378754734992981,xgboost
2020-08-03,1.4597701932443823,1.4076967239379883,xgboost
2020-08-10,1.9139209200315221,1.2944741249084473,xgboost
2020-08-17,2.335632309191009,1.8470089435577393,xgboost
2020-08-24,2.108556945797439,2.4704971313476562,xgboost
2020-08-31,2.043678270542134,2.2502071857452393,xgboost
2020-09-07,1.719284894265605,2.431647777557373,xgboost
2020-09-14,1.6868455566379523,1.819916844367981,xgboost
2020-09-21,1.330012842733771,1.8477503061294556,xgboost
2020-09-28,1.5895275437549936,1.813260555267334,xgboost
2020-10-05,1.946360257659175,1.7290024757385254,xgboost
2020-10-12,1.9787995952868276,2.2241592407226562,xgboost
2020-10-19,1.6868455566379523,2.306250810623169,xgboost
2020-10-26,1.4922095308720351,1.8534351587295532,xgboost
2020-11-02,1.2975735051061181,1.8423223495483398,xgboost
2020-11-09,0.9731801288295897,1.356749415397644,xgboost
2020-11-16,0.8109834406913254,1.2907183170318604,xgboost
2020-11-23,0.908301453574284,1.0099672079086304,xgboost
2020-11-30,1.0704981417125483,1.181506872177124,xgboost
2020-12-07,1.135376816967854,1.1149195432662964,xgboost
2020-12-14,1.3624521803614238,1.1649056673049927,xgboost
2020-12-21,1.2651341674784653,1.4275245666503906,xgboost
2020-12-28,1.167816154595507,1.1513584852218628,xgboost
2021-01-04,1.966324031401873,1.3524261713027954,xgboost
2021-01-11,2.671078342149553,2.504099130630493,xgboost
2021-01-18,3.1178031380527913,3.1977310180664062,xgboost
2021-01-25,2.4749571302068563,3.7257208824157715,xgboost
2021-02-01,1.896395723145514,2.1582047939300537,xgboost
2021-02-08,1.6071150196148427,1.7768818140029907,xgboost
2021-02-15,1.3499766164764686,1.558067798614502,xgboost
2021-02-22,1.542830418830249,1.6973203420639038,xgboost
2021-03-01,1.4142612172610622,1.7962870597839355,xgboost
2021-03-08,1.2856920156918752,1.7899518013000488,xgboost
2021-03-15,0.867842110592017,1.6907747983932495,xgboost
2021-03-22,0.7071306086305332,1.3274333477020264,xgboost
2021-03-29,0.6107037074536429,0.9235730171203613,xgboost
2021-04-05,0.7714152094151268,0.9932799935340881,xgboost
2021-04-12,0.9964113121612043,1.1207184791564941,xgboost
2021-04-19,1.2214074149072818,1.1380847692489624,xgboost
2021-04-26,1.2214074149072818,1.2954959869384766,xgboost
2021-05-03,0.9964113121612043,1.3543882369995117,xgboost
2021-05-10,0.899984410984314,1.2328673601150513,xgboost
2021-05-17,1.2214074149072818,1.040191650390625,xgboost
2021-05-24,1.9606803239301076,1.2476279735565186,xgboost
2021-05-31,2.2178187270684817,2.1558151245117188,xgboost
2021-06-07,2.410672529422263,2.2585039138793945,xgboost
2021-06-14,2.0571072251069977,2.348129987716675,xgboost
2021-06-21,1.8321111223609206,2.0488779544830322,xgboost
2021-06-28,1.6713996203994366,1.9182137250900269,xgboost
2021-07-05,1.9285380235378107,1.6969350576400757,xgboost
2021-07-12,1.6713996203994366,2.1194615364074707,xgboost
2021-07-19,1.864253422753217,1.766818642616272,xgboost
2021-07-26,1.6392573200071396,1.9805986881256104,xgboost
2021-08-02,2.3785302290299657,1.725318193435669,xgboost
2021-08-09,2.0249649247147015,2.4017081260681152,xgboost
2021-08-16,1.7678265215763267,2.116894006729126,xgboost
2021-08-23,1.6392573200071396,1.8163899183273315,xgboost
2021-08-30,1.7035419207917333,1.8342790603637695,xgboost
2021-09-06,1.6392573200071396,1.9794710874557495,xgboost
2021-09-13,1.7678265215763267,1.857792854309082,xgboost
2021-09-20,1.7999688219686236,1.8611632585525513,xgboost
2021-09-27,1.8642534227532173,1.9864705801010132,xgboost
2021-10-04,1.4464035176533592,2.1644580364227295,xgboost
2021-10-11,1.2856920156918752,1.5796087980270386,xgboost
2021-10-18,1.5749727192225462,1.4436475038528442,xgboost
2021-10-25,1.7678265215763271,1.7987098693847656,xgboost
2021-11-01,2.057107225106998,1.7543281316757202,xgboost
2021-11-08,1.864253422753217,2.293916940689087,xgboost
2021-11-15,2.0892495254992944,2.007460117340088,xgboost
2021-11-22,2.2178187270684817,2.4472529888153076,xgboost
2021-11-29,2.6678109325606365,2.3775460720062256,xgboost
2021-12-06,2.603526331776043,2.893886089324951,xgboost
2021-12-13,2.5392417309914497,2.6083569526672363,xgboost
2021-12-20,2.764237833737527,2.5963425636291504,xgboost
2021-12-27,3.9535029482525075,2.7379302978515625,xgboost
2022-01-03,5.765865802172864,4.018497943878174,xgboost
2022-01-10,6.171914912716777,5.002592086791992,xgboost
2022-01-17,5.837968616611992,5.086061477661133,xgboost
2022-01-24,4.210993756244716,5.239402770996094,xgboost
2022-01-31,3.764373206339974,4.087018966674805,xgboost
2022-02-07,3.6367673349386194,3.652312994003296,xgboost
2022-02-14,3.349654124285571,3.7989249229431152,xgboost
2022-02-21,3.1582453171835385,3.49459171295166,xgboost
2022-02-28,2.9030335743808284,3.0898854732513428,xgboost
2022-03-07,3.285851188584894,2.713365077972412,xgboost
2022-03-14,4.083387884843361,3.2712345123291016,xgboost
2022-03-21,3.732471738489636,4.4970502853393555,xgboost
2022-03-28,3.891979077741329,3.665189266204834,xgboost
2022-04-04,4.051486416993023,4.012117385864258,xgboost
2022-04-11,4.466205499047427,4.288207530975342,xgboost
2022-04-18,5.168037791754878,4.573214530944824,xgboost
2022-04-25,4.721417241850136,4.864027500152588,xgboost
2022-05-02,4.753318709700475,4.583391189575195,xgboost
2022-05-09,4.306698159795733,4.673212051391602,xgboost
2022-05-16,5.263742195305895,4.2160420417785645,xgboost
2022-05-23,5.965574488013348,5.210646152496338,xgboost
2022-05-30,6.220786230816056,5.182480335235596,xgboost
2022-06-06,5.678461277360299,4.885176181793213,xgboost
2022-06-13,5.933673020163009,4.654214382171631,xgboost
2022-06-20,5.869870084462331,5.457251071929932,xgboost
2022-06-27,5.550855405958944,5.462384223937988,xgboost
2022-07-04,5.008530452503185,5.368618011474609,xgboost
2022-07-11,5.104234856054201,4.687047481536865,xgboost
2022-07-18,5.13613632390454,5.130684852600098,xgboost
2022-07-25,4.306698159795733,4.981245040893555,xgboost
2022-08-01,3.445358527836587,4.330608367919922,xgboost
2022-08-08,2.87113210653049,3.6361594200134277,xgboost
2022-08-15,2.4883144923264258,2.742650032043457,xgboost
2022-08-22,3.158245317183539,2.286237955093384,xgboost
2022-08-29,3.222048252884216,3.1086087226867676,xgboost
2022-09-05,3.8919790777413295,2.993241548538208,xgboost
2022-09-12,3.349654124285571,3.840280771255493,xgboost
2022-09-19,2.9030335743808284,3.0731706619262695,xgboost
2022-09-26,2.36070862092507,2.665656566619873,xgboost
2022-10-03,2.2331027495237152,2.2081048488616943,xgboost
2022-10-10,2.5840188958774415,2.365509510040283,xgboost
2022-10-17,2.6797232994284577,2.621955156326294,xgboost
2022-10-24,2.4564130244760864,2.9960739612579346,xgboost
2022-10-31,2.009792474571344,2.4891881942749023,xgboost
2022-11-07,2.169299813823038,2.354543447494507,xgboost
2022-11-14,2.201201281673377,2.2654101848602295,xgboost
2022-11-21,2.4564130244760864,2.359908103942871,xgboost
2022-11-28,2.296905685224393,2.5109496116638184,xgboost
2022-12-05,2.743526235129135,2.364149332046509,xgboost
2022-12-12,3.0944423814828608,3.0267820358276367,xgboost
2022-12-19,3.4134570599862486,3.252044439315796,xgboost
2022-12-26,2.711624767278796,3.359776020050049,xgboost
2023-01-02,2.7362350951302012,3.0539650917053223,xgboost
2023-01-09,2.9827379762675172,3.238832950592041,xgboost
2023-01-16,4.057463831513819,3.2525899410247803,xgboost
2023-01-23,3.8672702144116085,4.300768852233887,xgboost
2023-01-30,3.6770765973093984,3.7142300605773926,xgboost
2023-02-06,3.51858191639089,3.739295482635498,xgboost
2023-02-13,4.057463831513818,3.6148693561553955,xgboost
2023-02-20,4.532947874269343,4.015460968017578,xgboost
2023-02-27,4.84993723610636,4.80816650390625,xgboost
2023-03-06,4.3110553209834315,4.738277435302734,xgboost
2023-03-13,3.32838829928868,4.068329334259033,xgboost
2023-03-20,3.233291490737575,3.2440948486328125,xgboost
2023-03-27,3.8672702144116085,3.1341395378112793,xgboost
2023-04-03,4.215958512432327,3.6752965450286865,xgboost
2023-04-10,4.469550001901941,4.102181911468506,xgboost
2023-04-17,4.723141491371554,4.767285346984863,xgboost
2023-04-24,6.244690428189235,4.632110118865967,xgboost
2023-05-01,6.466582981475145,5.8156232833862305,xgboost
2023-05-08,7.576045747904704,5.865776538848877,xgboost
2023-05-15,9.95346596168233,6.8271164894104,xgboost
2023-05-22,11.665208515602218,9.656825065612793,xgboost
2023-05-29,13.059961707685092,8.964764595031738,xgboost
2023-06-05,11.221423409030395,8.95224380493164,xgboost
2023-06-12,11.633509579418517,8.217279434204102,xgboost
2023-06-19,10.333853195886748,10.84881591796875,xgboost
2023-06-26,9.731573408396416,10.92258358001709,xgboost
2023-07-03,9.097594684722383,9.009566307067871,xgboost
2023-07-10,10.080261706417135,8.894047737121582,xgboost
2023-07-17,10.016863834049731,9.927518844604492,xgboost
2023-07-24,8.907401067620173,9.595881462097168,xgboost
2023-07-31,6.942067024230671,9.018366813659668,xgboost
2023-08-07,6.783572343312162,8.129449844360352,xgboost
2023-08-14,6.18129255582183,6.670372009277344,xgboost
2023-08-21,6.339787236740339,6.290668964385986,xgboost
2023-08-28,6.434884045291444,5.923147678375244,xgboost
2023-09-04,6.878669151863267,6.471314907073975,xgboost
2023-09-11,7.037163832781775,6.556543350219727,xgboost
2023-09-18,6.2763893643729345,6.62131404876709,xgboost
2023-09-25,5.674109576882603,6.4279866218566895,xgboost
2023-10-02,4.84993723610636,5.741036415100098,xgboost
2023-10-09,4.3110553209834315,4.40058708190918,xgboost
2023-10-16,3.9306680867790114,3.9046239852905273,xgboost
2023-10-23,3.6136787249419946,4.062498569488525,xgboost
2023-10-30,3.360087235472381,3.700911045074463,xgboost
2023-11-06,2.9480010650842594,3.1810176372528076,xgboost
2023-11-13,2.662710639430944,2.9012410640716553,xgboost
2023-11-20,2.884603192716856,2.676088809967041,xgboost
2023-11-27,2.7261085117983477,3.124521255493164,xgboost
2023-12-04,2.3774202137776292,3.2293648719787598,xgboost
2023-12-11,1.9653340433895075,2.785273790359497,xgboost
2023-12-18,2.3774202137776292,2.265944719314575,xgboost
2023-12-25,2.789506384165751,2.504380702972412,xgboost
