date,actual,predicted,model
2005-12-26,5.938123151859479,7.286352128040833,random_forest
2006-01-02,8.884262561691338,5.656485063987129,random_forest
2006-01-09,8.841408546522159,7.951732280989098,random_forest
2006-01-16,9.281611161845346,8.703295290642213,random_forest
2006-01-23,6.5285909019759645,8.157459089310715,random_forest
2006-01-30,6.44993318026541,6.168591282275263,random_forest
2006-02-06,7.315168119081502,6.053036488943793,random_forest
2006-02-13,6.764564067107625,7.481763430198562,random_forest
2006-02-20,6.685906345397072,6.421688919601928,random_forest
2006-02-27,6.135302293423195,6.376543496711548,random_forest
2006-03-06,8.573691666450362,6.439612489148574,random_forest
2006-03-13,11.326711926319744,9.493171914506185,random_forest
2006-03-20,13.450470412504695,11.491663692201335,random_forest
2006-03-27,13.135839525662478,12.823670367139446,random_forest
2006-04-03,15.416913455268537,12.220538153565448,random_forest
2006-04-10,17.855302828295702,15.947992389513733,random_forest
2006-04-17,19.821745871059548,17.422618870834548,random_forest
2006-04-24,16.832752446058503,17.314481626052498,random_forest
2006-05-01,13.214497247373032,16.920543299479956,random_forest
2006-05-08,11.877315978293618,11.959525430458111,random_forest
2006-05-15,14.630336238163002,11.393111974124952,random_forest
2006-05-22,15.731544342110752,14.95540483839339,random_forest
2006-05-29,14.944967125005213,15.844527930855644,random_forest
2006-06-05,10.854765596056419,15.241110322591425,random_forest
2006-06-12,9.910872935529776,10.561172421801754,random_forest
2006-06-19,8.652349388160916,9.408045380387101,random_forest
2006-06-26,10.06818837895088,8.399997136446068,random_forest
2006-07-03,10.146846100661435,9.172896453822737,random_forest
2006-07-10,11.248054204609188,9.588197772103658,random_forest
2006-07-17,11.248054204609188,10.538689572808257,random_forest
2006-07-24,11.562685091451401,10.784192160770376,random_forest
2006-07-31,10.933423317766973,11.463918456307102,random_forest
2006-08-07,8.888322553292575,10.965189678498849,random_forest
2006-08-14,7.236510397370947,9.15042368007598,random_forest
2006-08-21,8.023087614476486,7.113206203753272,random_forest
2006-08-28,7.472483562502609,8.16324011213406,random_forest
2006-09-04,6.449933180265411,7.212482096906988,random_forest
2006-09-11,11.405369648030295,6.0028453629072125,random_forest
2006-09-18,13.214497247373032,11.08871370371191,random_forest
2006-09-25,13.765101299346908,12.023440578935224,random_forest
2006-10-02,7.000537232239285,13.522039719440285,random_forest
2006-10-09,6.921879510528733,6.330728956532841,random_forest
2006-10-16,6.135302293423194,6.018750151026655,random_forest
2006-10-23,6.135302293423194,5.757187779210133,random_forest
2006-10-30,4.640805580922674,6.24938505140053,random_forest
2006-11-06,4.876778746054335,5.115791507960614,random_forest
2006-11-13,5.348725076317657,5.1691172917404415,random_forest
2006-11-20,6.843221788818179,5.286094570724367,random_forest
2006-11-27,8.101745336187038,6.859968739720122,random_forest
2006-12-04,8.101745336187038,7.942993248183115,random_forest
2006-12-11,7.393825840792055,7.760689531998964,random_forest
2006-12-18,9.360268883555898,6.847624986518451,random_forest
2006-12-25,9.124295718424237,8.144522524481202,random_forest
2007-01-01,9.075475981364287,8.679160367296653,random_forest
2007-01-08,7.524531447888196,8.627686864434555,random_forest
2007-01-15,8.561663646944762,7.73139871319423,random_forest
2007-01-22,8.407399437089902,7.855970658039125,random_forest
2007-01-29,8.484531542017333,7.682068456533286,random_forest
2007-02-05,8.561663646944764,7.824883185802949,random_forest
2007-02-12,8.253135227235042,8.175832197780394,random_forest
2007-02-19,7.558946282888169,7.49888893919619,random_forest
2007-02-26,5.939172079412134,7.025762551109533,random_forest
2007-03-05,5.0135868202829705,6.989493237688662,random_forest
2007-03-12,5.244983135065261,4.935814515795268,random_forest
2007-03-19,6.787625233613866,5.212610336497503,random_forest
2007-03-26,9.101588381436775,6.870925138629435,random_forest
2007-04-02,10.412834165203089,9.372559760262531,random_forest
2007-04-09,10.104305745493368,12.500094884026716,random_forest
2007-04-16,9.950041535638507,11.473519611137094,random_forest
2007-04-23,10.258569955348227,11.183340285044636,random_forest
2007-04-30,11.56981573911454,12.236730568297991,random_forest
2007-05-07,11.492683634187111,12.920431461233202,random_forest
2007-05-14,9.178720486364204,12.0178191842242,random_forest
2007-05-21,8.793059961727053,8.549926520050438,random_forest
2007-05-28,8.484531542017331,8.514453132435609,random_forest
2007-06-04,10.72136258491281,8.53455923460138,random_forest
2007-06-11,9.101588381436775,10.768196469847437,random_forest
2007-06-18,8.17600312230761,8.311336338273424,random_forest
2007-06-25,6.324832604049285,7.973391250354025,random_forest
2007-07-02,5.862039974484703,6.007133935656418,random_forest
2007-07-09,5.862039974484703,5.46697630694562,random_forest
2007-07-16,6.170568394194423,5.5958778414133805,random_forest
2007-07-23,6.093436289266994,6.264595604188816,random_forest
2007-07-30,7.86747470259789,6.330239473688653,random_forest
2007-08-06,7.5589462828881695,8.233303776075575,random_forest
2007-08-13,7.79034259767046,7.354562592535464,random_forest
2007-08-20,5.322115239992692,7.650394463956095,random_forest
2007-08-27,4.705058400573249,5.031451698367771,random_forest
2007-09-03,5.630643659702412,4.438714184888559,random_forest
2007-09-10,6.479096813904145,5.962145397254723,random_forest
2007-09-17,6.710493128686436,7.314890494500463,random_forest
2007-09-24,7.636078387815599,7.2190197909622915,random_forest
2007-10-01,8.561663646944764,7.362989823636277,random_forest
2007-10-08,9.101588381436775,7.811055997631726,random_forest
2007-10-15,8.253135227235042,7.84746608858318,random_forest
2007-10-22,7.019021548396157,7.099097354229225,random_forest
2007-10-29,6.093436289266993,6.4113319323249645,random_forest
2007-11-05,4.8593226104281095,5.863973915123681,random_forest
2007-11-12,5.244983135065261,4.949417925799791,random_forest
2007-11-19,6.479096813904145,5.409361948281261,random_forest
2007-11-26,6.633361023759005,7.290468235136166,random_forest
2007-12-03,6.093436289266993,7.419305942214379,random_forest
2007-12-10,6.016304184339563,6.589886450702193,random_forest
2007-12-17,7.019021548396156,6.273953198597363,random_forest
2007-12-24,8.638795751872191,7.184142176443561,random_forest
2007-12-31,8.17600312230761,8.4767078419956,random_forest
2008-01-07,6.9743511282084185,7.739063051894885,random_forest
2008-01-14,6.663766341275139,6.9515911955887395,random_forest
2008-01-21,7.435061496970779,6.684938111743598,random_forest
2008-01-28,11.415447954945032,7.159913006229894,random_forest
2008-02-04,11.415447954945032,12.181494349444097,random_forest
2008-02-11,12.09136263648783,11.703161087660723,random_forest
2008-02-18,9.613008804164238,12.45981914268323,random_forest
2008-02-25,9.387703910316636,10.730613588934844,random_forest
2008-03-03,10.063618591859436,9.066162899256096,random_forest
2008-03-10,8.786890860056374,11.203244000824396,random_forest
2008-03-17,8.18607780979611,8.875294083524082,random_forest
2008-03-24,6.083232133885183,8.609484679419367,random_forest
2008-03-31,6.75914681542798,5.917862625754453,random_forest
2008-04-07,7.284858234405712,7.089639295017701,random_forest
2008-04-14,8.035874547231044,7.944036941195659,random_forest
2008-04-21,10.439126748272102,7.721304444971117,random_forest
2008-04-28,10.889736535967302,10.909002102607346,random_forest
2008-05-05,9.688110435446772,10.658158474692494,random_forest
2008-05-12,8.26117944107864,10.100634259491734,random_forest
2008-05-19,7.8105696533834434,7.352195630343302,random_forest
2008-05-26,8.411382703643708,7.326509573816585,random_forest
2008-06-02,7.510163128253311,8.754950074465656,random_forest
2008-06-09,7.8105696533834434,6.819557911393947,random_forest
2008-06-16,8.26117944107864,7.0164852582325015,random_forest
2008-06-23,8.861992491338906,7.266971939631862,random_forest
2008-06-30,9.087297385186504,8.112252045400576,random_forest
2008-07-07,10.364025116989568,8.04257891936406,random_forest
2008-07-14,11.490549586227564,10.457370298781905,random_forest
2008-07-21,11.340346323662496,11.35986713578039,random_forest
2008-07-28,10.514228379554634,10.665177069820524,random_forest
2008-08-04,9.012195753903972,10.09932581783165,random_forest
2008-08-11,8.411382703643708,8.325020866947398,random_forest
2008-08-18,8.186077809796108,7.860337314843457,random_forest
2008-08-25,8.035874547231042,7.2178286627700325,random_forest
2008-09-01,8.786890860056372,7.15774172065021,random_forest
2008-09-08,9.688110435446768,8.323887391748924,random_forest
2008-09-15,9.087297385186504,9.689876314119811,random_forest
2008-09-22,8.71178922877384,8.339095046707513,random_forest
2008-09-29,6.909350077993046,8.393639401169553,random_forest
2008-10-06,6.684045184145447,6.7247659630682,random_forest
2008-10-13,6.233435396450247,6.2895756663807045,random_forest
2008-10-20,7.6603663908183774,5.940301682611317,random_forest
2008-10-27,8.786890860056372,8.025821508498279,random_forest
2008-11-03,9.68811043544677,8.441435059257033,random_forest
2008-11-10,8.26117944107864,8.961628623760808,random_forest
2008-11-17,6.909350077993046,7.267970332841812,random_forest
2008-11-24,5.257114189777318,6.338326406980149,random_forest
2008-12-01,6.383638659015314,4.789663346563241,random_forest
2008-12-08,5.782825608755048,6.199966568762989,random_forest
2008-12-15,6.30853702773278,6.302416642844517,random_forest
2008-12-22,5.031809295929718,6.8592714292135,random_forest
2008-12-29,6.30853702773278,5.905990321539514,random_forest
2009-01-05,6.254600271234607,7.192842598540218,random_forest
2009-01-12,6.499143727134488,7.115022433873117,random_forest
2009-01-19,6.512603350990538,6.873148727701164,random_forest
2009-01-26,6.951655262293271,7.065315463904529,random_forest
2009-02-02,8.12246035910056,7.57913202210329,random_forest
2009-02-09,9.146914818806936,8.840439459758267,random_forest
2009-02-16,10.171369278513312,9.179981065025757,random_forest
2009-02-23,10.464070552715134,10.779792950009316,random_forest
2009-03-02,11.488525012421512,11.072746349491059,random_forest
2009-03-09,13.976485843136997,11.462822821633749,random_forest
2009-03-16,17.342550496457946,13.26487224866548,random_forest
2009-03-23,19.464634734421157,16.640370652916715,random_forest
2009-03-30,19.90368664572389,16.739405714930566,random_forest
2009-04-06,19.098758141668878,16.5186826873169,random_forest
2009-04-13,16.903498585155216,18.036259630455117,random_forest
2009-04-20,13.830135206036084,16.14725086024858,random_forest
2009-04-27,11.342174375320598,12.805798778776662,random_forest
2009-05-04,10.610421189816044,12.18921939278966,random_forest
2009-05-11,11.122648419669233,10.234964192448892,random_forest
2009-05-18,9.3664407744583,10.705926874880848,random_forest
2009-05-25,8.927388863155569,8.614669600993322,random_forest
2009-06-01,7.390707173596002,8.443199337532894,random_forest
2009-06-08,8.415161633302379,7.708518088320969,random_forest
2009-06-15,8.781038226054656,7.913249007939239,random_forest
2009-06-22,9.293265455907845,8.335359289277898,random_forest
2009-06-29,8.122460359100558,8.522090779218054,random_forest
2009-07-06,8.122460359100558,7.723214806929085,random_forest
2009-07-13,7.829759084898735,8.136145920046928,random_forest
2009-07-20,8.927388863155569,7.948969890067566,random_forest
2009-07-27,7.756583766348279,9.010032154719351,random_forest
2009-08-03,7.976109721999646,7.646720244967275,random_forest
2009-08-10,8.268810996201468,7.674611376303093,random_forest
2009-08-17,8.122460359100556,7.689185192739433,random_forest
2009-08-24,8.195635677651012,7.8118780970370985,random_forest
2009-08-31,8.122460359100556,7.999501987855527,random_forest
2009-09-07,9.220090137357388,8.086735675065764,random_forest
2009-09-14,8.634687588953744,8.557880642924815,random_forest
2009-09-21,7.537057810696911,8.173345173099175,random_forest
2009-09-28,6.805304625192357,7.185298881806336,random_forest
2009-10-05,6.293077395339169,6.438801672141161,random_forest
2009-10-12,6.658953988091447,6.1698971791067905,random_forest
2009-10-19,6.219902076788713,6.552878301748269,random_forest
2009-10-26,7.098005899394178,6.252547773507632,random_forest
2009-11-02,8.634687588953744,8.078960246112011,random_forest
2009-11-09,9.951843322861944,8.36995338655514,random_forest
2009-11-16,10.537245871265588,9.519280161580472,random_forest
2009-11-23,10.610421189816044,10.581185605486498,random_forest
2009-11-30,9.3664407744583,10.436708706126181,random_forest
2009-12-07,9.073739500256478,8.880745970960948,random_forest
2009-12-14,6.805304625192359,8.54980432636877,random_forest
2009-12-21,6.219902076788714,6.40631210332678,random_forest
2009-12-28,3.292889334770495,5.776226706390021,random_forest
2010-01-04,4.677707151478504,6.406505686951518,random_forest
2010-01-11,5.350901412852007,6.452779808488658,random_forest
2010-01-18,8.062024795363692,6.15885513711915,random_forest
2010-01-25,7.348571273650091,7.83212236754994,random_forest
2010-02-01,6.70646310410785,7.2580911722929855,random_forest
2010-02-08,5.636282821537448,6.87151157528084,random_forest
2010-02-15,5.564937469366089,6.867029547842984,random_forest
2010-02-22,5.850318878051528,6.838088446834246,random_forest
2010-03-01,6.421081695422409,6.689754735001768,random_forest
2010-03-08,6.278390991079689,7.164765851297193,random_forest
2010-03-15,6.63511775193649,6.90305329163474,random_forest
2010-03-22,8.133370147535052,7.284158224533043,random_forest
2010-03-29,10.131040008333136,9.38581051078081,random_forest
2010-04-05,12.200055221302579,11.219428973620563,random_forest
2010-04-12,14.982523955985625,12.93709559555017,random_forest
2010-04-19,18.90651832541043,15.904838978676691,random_forest
2010-04-26,20.476116073180354,16.86056422839511,random_forest
2010-05-03,20.761497481865792,15.77915827745402,random_forest
2010-05-10,18.12171945152547,17.157703781197423,random_forest
2010-05-17,19.19189973409587,15.614380205341483,random_forest
2010-05-24,17.479611281983228,15.583872827431952,random_forest
2010-05-31,16.124049590727385,15.448506818965983,random_forest
2010-06-07,11.415256347417618,15.417026389209708,random_forest
2010-06-14,9.060859725762732,11.223048887311666,random_forest
2010-06-21,10.273730712675855,8.5143491930972,random_forest
2010-06-28,9.988349303990415,10.601349038322754,random_forest
2010-07-05,9.417586486619534,9.673761391687865,random_forest
2010-07-12,6.635117751936488,8.74113659840143,random_forest
2010-07-19,6.563772399765128,6.6697621924254005,random_forest
2010-07-26,6.492427047593768,6.725854832724443,random_forest
2010-08-02,5.921664230222888,6.673034935247986,random_forest
2010-08-09,6.06435493456561,6.866027383140243,random_forest
2010-08-16,6.064354934565608,6.8395255845892295,random_forest
2010-08-23,5.636282821537448,6.862445040209989,random_forest
2010-08-30,5.921664230222888,6.405873093147072,random_forest
2010-09-06,6.064354934565607,6.576120018075466,random_forest
2010-09-13,6.777808456279208,6.616376008732465,random_forest
2010-09-20,6.991844512793288,7.361394586002731,random_forest
2010-09-27,6.064354934565607,7.798960648383717,random_forest
2010-10-04,7.063189864964649,6.825352268325516,random_forest
2010-10-11,7.56260733016417,8.070112940636426,random_forest
2010-10-18,8.06202479536369,8.017415235142261,random_forest
2010-10-25,6.563772399765128,7.834066661356053,random_forest
2010-11-01,4.209375778110244,6.750663499725575,random_forest
2010-11-08,3.923994369424804,5.496618969931627,random_forest
2010-11-15,4.138030425938884,5.750894939854044,random_forest
2010-11-22,4.637447891138406,5.1376765958530255,random_forest
2010-11-29,4.3520664824529645,5.570913678535726,random_forest
2010-12-06,4.138030425938884,5.471909352429198,random_forest
2010-12-13,4.3520664824529645,5.475373588161049,random_forest
2010-12-20,3.7099583129107234,4.507347111186574,random_forest
2010-12-27,2.9965047911971223,4.658262323221802,random_forest
2011-01-03,3.5881334741121598,5.090641373299321,random_forest
2011-01-10,4.270254900677841,5.012439425797974,random_forest
2011-01-17,4.9419322955275495,4.310500226589791,random_forest
2011-01-24,4.593908894434059,5.689829253596927,random_forest
2011-01-31,4.9419322955275495,4.6879314175078655,random_forest
2011-02-07,4.385094853777966,5.573667909457617,random_forest
2011-02-14,4.4546995339966635,4.411729678361803,random_forest
2011-02-21,4.106676132903174,4.36988046844827,random_forest
2011-02-28,4.315490173559268,4.441816570035001,random_forest
2011-03-07,4.176280813121871,4.467514363751254,random_forest
2011-03-14,4.385094853777965,4.238880019693473,random_forest
2011-03-21,5.498769737277132,4.274284702018897,random_forest
2011-03-28,6.055607179026715,6.994025405677198,random_forest
2011-04-04,7.865328864712861,7.120549017380528,random_forest
2011-04-11,10.997539474554266,9.36334287851375,random_forest
2011-04-18,12.59844711958432,11.493885931155242,random_forest
2011-04-25,13.016075200896504,13.699787106502848,random_forest
2011-05-02,12.87686584045911,13.284237028006563,random_forest
2011-05-09,13.294493921771299,13.130346735761158,random_forest
2011-05-16,12.59844711958432,13.189880368807305,random_forest
2011-05-23,9.466236509742913,13.217682420020546,random_forest
2011-05-30,8.630980347118538,9.668858990952721,random_forest
2011-06-06,9.048608428430725,9.315525208636046,random_forest
2011-06-13,9.60544587018031,9.03199164214121,random_forest
2011-06-20,8.143747585587652,8.60584829079419,random_forest
2011-06-27,6.334025899901506,7.825304686588964,random_forest
2011-07-04,6.473235260338902,5.956403424654369,random_forest
2011-07-11,7.030072702088485,6.390453803185308,random_forest
2011-07-18,7.16928206252588,7.3122532228639985,random_forest
2011-07-25,5.707583777933224,8.08679188991003,random_forest
2011-08-01,4.802722935090152,6.058471820015464,random_forest
2011-08-08,4.1762808131218705,5.252506546461143,random_forest
2011-08-15,3.3410246504974963,4.50079397420763,random_forest
2011-08-22,3.271419970278798,4.374313832033679,random_forest
2011-08-29,3.3410246504974954,3.6608643706824804,random_forest
2011-09-05,4.593908894434058,3.7269397568325893,random_forest
2011-09-12,4.6635135746527565,4.69008984752895,random_forest
2011-09-19,4.593908894434058,4.849483804622306,random_forest
2011-09-26,3.1322106098414024,4.650921505439714,random_forest
2011-10-03,2.644977848310517,4.193360446523144,random_forest
2011-10-10,3.1322106098414024,4.2463372678450915,random_forest
2011-10-17,3.8282574120283814,4.295954625168552,random_forest
2011-10-24,3.7586527318096827,4.23067822436501,random_forest
2011-10-31,3.2018152900601002,3.9955854902979864,random_forest
2011-11-07,3.3410246504974963,3.8501471393904603,random_forest
2011-11-14,2.9233965691853085,4.0809766566146335,random_forest
2011-11-21,2.7841872087479125,3.4697809619673246,random_forest
2011-11-28,2.6449778483105164,3.5484678248280117,random_forest
2011-12-05,2.7841872087479125,3.5558180836991977,random_forest
2011-12-12,3.3410246504974954,3.5732285640047166,random_forest
2011-12-19,3.062605929622704,3.2781055129892085,random_forest
2011-12-26,3.1322106098414024,3.1043555635993156,random_forest
2012-01-02,3.029453546964083,3.5203970467450487,random_forest
2012-01-09,3.755322170179415,3.4883488476182167,random_forest
2012-01-16,4.280664848403308,3.804456065911392,random_forest
2012-01-23,4.280664848403308,4.111610673365464,random_forest
2012-01-30,3.533247176459873,4.175814617928354,random_forest
2012-02-06,3.057617748859505,3.615974937870304,random_forest
2012-02-13,2.8537765656022045,3.309144923604288,random_forest
2012-02-20,2.7858295045164376,3.3047448076833543,random_forest
2012-02-27,3.7370883597171733,3.2481703484956843,random_forest
2012-03-05,4.280664848403308,3.6492485268351196,random_forest
2012-03-12,5.367817825775578,3.931582838282066,random_forest
2012-03-19,5.77550019229018,6.489648930097436,random_forest
2012-03-26,6.862653169662448,6.5787627121263395,random_forest
2012-04-02,7.67801790269165,7.677828209834959,random_forest
2012-04-09,8.629276757892386,9.8978213566427,random_forest
2012-04-16,8.493382635720854,9.930432773733092,random_forest
2012-04-23,8.765170880063922,9.899755314327864,random_forest
2012-04-30,8.493382635720854,9.7398114143472,random_forest
2012-05-07,6.930600230748216,8.600607075512444,random_forest
2012-05-14,5.367817825775578,7.185208190067801,random_forest
2012-05-21,3.261458932116806,6.207868027396125,random_forest
2012-05-28,4.1447707262317754,3.591427886471067,random_forest
2012-06-04,5.299870764689811,4.4122289936532875,random_forest
2012-06-11,7.678017902691651,5.810469865102565,random_forest
2012-06-18,7.813912024863185,8.008845929221128,random_forest
2012-06-25,6.522917864233615,7.711216384040263,random_forest
2012-07-02,6.18318255880478,5.987559741205109,random_forest
2012-07-09,5.571659009032878,6.460124576064921,random_forest
2012-07-16,5.97934137554748,6.2196526999607435,random_forest
2012-07-23,4.89218839817521,6.270400683243994,random_forest
2012-07-30,5.2319237036040445,4.649469333659042,random_forest
2012-08-06,5.096029581432511,5.8906846920962,random_forest
2012-08-13,4.89218839817521,5.657731731360978,random_forest
2012-08-20,4.68834721491791,4.432322355847431,random_forest
2012-08-27,4.484506031660609,4.69078535022391,random_forest
2012-09-03,4.212717787317541,4.119768137446104,random_forest
2012-09-10,4.1447707262317754,3.9956272082049282,random_forest
2012-09-17,4.6883472149179095,3.963360241899818,random_forest
2012-09-24,4.484506031660609,4.245576574884421,random_forest
2012-10-01,4.280664848403308,4.03061324626809,random_forest
2012-10-08,3.2614589321168057,3.9770029853378013,random_forest
2012-10-15,3.193511871031039,3.173819432701986,random_forest
2012-10-22,3.5332471764598736,3.1473149009077113,random_forest
2012-10-29,3.8729824818887075,3.181333014817873,random_forest
2012-11-05,5.096029581432512,3.677604499263857,random_forest
2012-11-12,5.367817825775579,5.136166027293184,random_forest
2012-11-19,5.571659009032879,5.699827642588133,random_forest
2012-11-26,4.280664848403309,5.717526485067583,random_forest
2012-12-03,4.008876604060242,4.125551649438101,random_forest
2012-12-10,4.348611909489076,4.0637159720632505,random_forest
2012-12-17,5.028082520346744,4.210366560284951,random_forest
2012-12-24,6.658811986405149,4.949513495397623,random_forest
2012-12-31,6.522917864233616,6.321396803666781,random_forest
2013-01-07,7.482059607746561,6.069288581408782,random_forest
2013-01-14,5.811814238547659,9.019341023116809,random_forest
2013-01-21,5.906611821453076,5.906550032727026,random_forest
2013-01-28,5.0438482969711655,6.195367192485045,random_forest
2013-02-04,4.579283322250137,5.953881867654777,random_forest
2013-02-11,4.048351922568961,4.427836261084968,random_forest
2013-02-18,3.7828862227283735,4.274792969644431,random_forest
2013-02-25,4.6456497472102845,4.052263535791311,random_forest
2013-03-04,6.238443946253811,4.594793444943781,random_forest
2013-03-11,6.6366424960146935,6.551603582752187,random_forest
2013-03-18,6.570276071054546,6.821868576978846,random_forest
2013-03-25,5.906611821453076,6.891518096591811,random_forest
2013-04-01,7.9639709952176325,6.522282304244511,random_forest
2013-04-08,10.154063018902482,9.554593366548342,random_forest
2013-04-15,12.211422192667037,11.655575184915595,random_forest
2013-04-22,11.813223642906157,12.76023918778108,random_forest
2013-04-29,10.353162293782923,12.037196758240105,random_forest
2013-05-06,7.499406020496603,10.851951464680722,random_forest
2013-05-13,6.039344671373371,7.674191777966645,random_forest
2013-05-20,5.773878971532782,5.255495416268899,random_forest
2013-05-27,6.5039096460943995,5.306357765948263,random_forest
2013-06-03,6.1057110963335175,6.000671381277138,random_forest
2013-06-10,5.840245396492929,6.467344718182714,random_forest
2013-06-17,5.707512546572635,6.271755220600543,random_forest
2013-06-24,6.238443946253811,6.044335303858421,random_forest
2013-07-01,5.242947571851606,6.206189299780153,random_forest
2013-07-08,5.110214721931313,5.6454303497096,random_forest
2013-07-15,4.1147183475291085,5.534565557586722,random_forest
2013-07-22,4.778382597130578,4.089031796568791,random_forest
2013-07-29,4.712016172170431,4.707216157005605,random_forest
2013-08-05,5.043848296971166,4.577005693000204,random_forest
2013-08-12,4.313817622409549,5.140571967222886,random_forest
2013-08-19,4.048351922568961,4.205338025838707,random_forest
2013-08-26,6.172077521293665,4.242941377036604,random_forest
2013-09-02,6.703008920974841,6.063491484428557,random_forest
2013-09-09,7.167573895695868,6.454385666867437,random_forest
2013-09-16,4.645649747210284,6.639226490435843,random_forest
2013-09-23,3.716519797768226,4.465655868664063,random_forest
2013-09-30,2.7210234233660215,3.5791029872387896,random_forest
2013-10-07,2.190092023684846,3.3195128573312203,random_forest
2013-10-14,2.5882905734457275,3.3673446932570514,random_forest
2013-10-21,3.318321248007344,3.0495862219039345,random_forest
2013-10-28,3.9156190726486666,3.4956121200849504,random_forest
2013-11-04,3.915619072648667,4.40346963340601,random_forest
2013-11-11,4.51291689728999,4.337973860691652,random_forest
2013-11-18,4.579283322250136,4.502238871303381,random_forest
2013-11-25,4.645649747210283,4.211236675038646,random_forest
2013-12-02,3.451054097927638,4.46460929089005,random_forest
2013-12-09,3.18558839808705,3.1108428238160504,random_forest
2013-12-16,2.853756273286315,3.256476574575566,random_forest
2013-12-23,2.256458448644993,3.2817796857584183,random_forest
2013-12-30,2.4555577235254336,3.6009470001749553,random_forest
2014-01-06,2.046797797346328,3.652830255342818,random_forest
2014-01-13,2.165951734728905,2.8580302989974915,random_forest
2014-01-20,1.880872050111616,2.945191256679748,random_forest
2014-01-27,2.010587363912417,2.9535915656965503,random_forest
2014-02-03,2.010587363912417,3.06095584722144,random_forest
2014-02-10,1.4917261087092115,2.343553878504569,random_forest
2014-02-17,1.6214414225100129,2.4241662426024826,random_forest
2014-02-24,2.075445020812818,2.2340601967684353,random_forest
2014-03-03,2.3348756484144206,2.1876403481189,random_forest
2014-03-10,2.659163932916424,2.2097718708399032,random_forest
2014-03-17,2.27001799151402,2.705566944592713,random_forest
2014-03-24,3.372598158820832,2.172862531170077,random_forest
2014-03-31,3.761744100223236,3.8858659647153453,random_forest
2014-04-07,4.604893639928445,4.4689574236542615,random_forest
2014-04-14,4.215747698526041,5.0884988436007035,random_forest
2014-04-21,4.0860323847252396,4.584135920497843,random_forest
2014-04-28,3.9563170709244377,4.847332754499354,random_forest
2014-05-05,4.864324267530048,4.560271150100958,random_forest
2014-05-12,6.03176209173726,4.995086190235021,random_forest
2014-05-19,7.134342259044073,6.200969550561522,random_forest
2014-05-26,6.420908033139665,6.729064910524541,random_forest
2014-06-02,5.966904434836859,5.862695459294181,random_forest
2014-06-09,6.096619748637661,5.879348758401359,random_forest
2014-06-16,6.810053974542068,5.844198233339222,random_forest
2014-06-23,6.680338660741267,6.1818959704156535,random_forest
2014-06-30,6.03176209173726,5.818669154714011,random_forest
2014-07-07,4.864324267530049,5.944254560978203,random_forest
2014-07-14,5.253470208932452,4.796696612859392,random_forest
2014-07-21,4.9291819244304484,5.076201111091352,random_forest
2014-07-28,5.058897238231249,4.8874937236216525,random_forest
2014-08-04,4.669751296828846,4.760036289159244,random_forest
2014-08-11,4.0860323847252396,4.5617245062885825,random_forest
2014-08-18,3.956317070924438,4.423183287209466,random_forest
2014-08-25,3.17802518811963,4.6450134072356715,random_forest
2014-09-01,3.1131675312192293,3.348707758437831,random_forest
2014-09-08,3.2428828450200307,3.45415868815073,random_forest
2014-09-15,3.2428828450200307,3.5910419821496453,random_forest
2014-09-22,3.4374558157212327,3.337998343862478,random_forest
2014-09-29,2.9185945605180272,3.4444300433368276,random_forest
2014-10-06,2.724021589816825,3.08207753076227,random_forest
2014-10-13,2.594306276016024,3.0220004221942176,random_forest
2014-10-20,2.8537369036176266,2.937434884427659,random_forest
2014-10-27,2.659163932916424,3.207514722946222,random_forest
2014-11-03,3.3077405019204313,2.8082953908179085,random_forest
2014-11-10,3.3077405019204313,3.4752653044180963,random_forest
2014-11-17,4.021174727824839,3.2357043090099658,random_forest
2014-11-24,3.4374558157212327,4.369223621819851,random_forest
2014-12-01,3.567171129522034,3.172028571027653,random_forest
2014-12-08,2.724021589816825,3.3157404979419374,random_forest
2014-12-15,3.372598158820832,2.7126474740334343,random_forest
2014-12-22,3.2428828450200307,3.3703899771110013,random_forest
2014-12-29,4.540035983028045,3.303188145349565,random_forest
2015-01-05,3.2962069613961194,4.637564880314448,random_forest
2015-01-12,3.212607301143711,3.605706702345611,random_forest
2015-01-19,2.5366385733944625,3.595463577288061,random_forest
2015-01-26,3.1707982167430795,2.772504454876865,random_forest
2015-02-02,3.6781259314219725,3.403339104151,random_forest
2015-02-09,3.4878780384173873,3.685026271756868,random_forest
2015-02-16,3.1073822524082177,3.4978485248111437,random_forest
2015-02-23,3.995205753096281,3.171159968514767,random_forest
2015-03-02,4.8196132894494825,4.51103420698884,random_forest
2015-03-09,7.356251862843949,5.196274930424047,random_forest
2015-03-16,8.94165097121549,6.717124579086195,random_forest
2015-03-23,9.766058507568692,9.84924980320463,random_forest
2015-03-30,8.370907292201736,9.464103408541174,random_forest
2015-04-06,7.673331684518256,8.378136184812584,random_forest
2015-04-13,7.03917204116964,7.894454994015464,random_forest
2015-04-20,7.229419934174224,6.53226626820771,random_forest
2015-04-27,7.546499755848534,6.4254233238288965,random_forest
2015-05-04,7.166003969839363,7.178496282811325,random_forest
2015-05-11,7.356251862843949,5.987745096770936,random_forest
2015-05-18,5.5806048614678225,6.33062859871354,random_forest
2015-05-25,5.707436790137546,5.381260199455363,random_forest
2015-06-01,4.185453646100865,5.789024663683309,random_forest
2015-06-08,4.185453646100866,4.325253983431518,random_forest
2015-06-15,4.122037681766005,4.726916442944943,random_forest
2015-06-22,4.122037681766005,4.7777073287755085,random_forest
2015-06-29,4.946445218119206,4.356367242941596,random_forest
2015-07-06,5.3269410041283765,5.682438741250195,random_forest
2015-07-13,5.707436790137546,5.207601748381362,random_forest
2015-07-20,4.439117503440312,5.251652897507134,random_forest
2015-07-27,3.614709967087111,4.347286165417518,random_forest
2015-08-03,3.4244620740825256,3.420483635298157,random_forest
2015-08-10,3.4878780384173873,3.301999156880491,random_forest
2015-08-17,3.1707982167430795,3.4350413878344117,random_forest
2015-08-24,3.551294002752249,3.3511923024869477,random_forest
2015-08-31,3.1073822524082177,3.3443856370189478,random_forest
2015-09-07,3.8683738244265577,3.2681868464644994,random_forest
2015-09-14,3.297630145412803,4.40974323111124,random_forest
2015-09-21,4.3122855747705895,3.3791340235982488,random_forest
2015-09-28,4.122037681766004,4.076214066312697,random_forest
2015-10-05,5.136693111123791,4.334352483421501,random_forest
2015-10-12,4.248869610435728,5.5523492151062435,random_forest
2015-10-19,3.931789788761419,4.081503480313116,random_forest
2015-10-26,3.297630145412803,4.210379073509726,random_forest
2015-11-02,3.8683738244265577,3.153192764077987,random_forest
2015-11-09,3.7415418957568343,4.324823309700985,random_forest
2015-11-16,4.0586217174311425,3.844166876250507,random_forest
2015-11-23,3.614709967087111,4.4470621340487,random_forest
2015-11-30,3.7415418957568343,3.222554937235371,random_forest
2015-12-07,3.6781259314219725,3.7267032179443027,random_forest
2015-12-14,3.9952057530962812,3.322930694838161,random_forest
2015-12-21,3.8683738244265577,4.306222695132271,random_forest
2015-12-28,2.4732226090596017,4.152612150191194,random_forest
2016-01-04,2.4428847678711207,2.833552766472047,random_forest
2016-01-11,3.1018485776783504,2.63846778361031,random_forest
2016-01-18,4.714809838071094,3.458798214424985,random_forest
2016-01-25,4.714809838071094,4.7306468871429255,random_forest
2016-02-01,4.528698923410393,4.535919546538995,random_forest
2016-02-08,4.156477094088991,4.093371753042418,random_forest
2016-02-15,4.714809838071094,4.258409380716442,random_forest
2016-02-22,4.094440122535423,5.044613112403524,random_forest
2016-02-29,4.590735894963959,4.247334668982143,random_forest
2016-03-07,3.4120334354461854,4.92152661198654,random_forest
2016-03-14,3.9703661794282894,3.6746974001841455,random_forest
2016-03-21,3.5361073785533192,4.719566805818532,random_forest
2016-03-28,4.032403150981856,3.638177142331503,random_forest
2016-04-04,4.652772866517527,4.439226743253707,random_forest
2016-04-11,5.521290468267465,4.975992621480051,random_forest
2016-04-18,7.32036264332091,6.192994038910262,random_forest
2016-04-25,7.258325671767342,7.546506862970027,random_forest
2016-05-02,7.75462144419588,7.116290011877132,random_forest
2016-05-09,7.506473557981612,7.661826346601771,random_forest
2016-05-16,8.747212989052953,6.2853848891531365,random_forest
2016-05-23,8.871286932160087,8.803476466676614,random_forest
2016-05-30,9.181471789927924,8.280161781204326,random_forest
2016-06-06,8.80924996060652,8.22578286046569,random_forest
2016-06-13,9.305545733035059,8.055171260295827,random_forest
2016-06-20,8.064806301963715,8.158056561580372,random_forest
2016-06-27,9.305545733035055,8.198894554709765,random_forest
2016-07-04,8.80924996060652,9.373480678341844,random_forest
2016-07-11,10.422211220999264,9.355782220420599,random_forest
2016-07-18,8.126843273517283,9.878280423705245,random_forest
2016-07-25,7.196288700213777,8.799257041620827,random_forest
2016-08-01,5.21110561049963,5.642972162169664,random_forest
2016-08-08,5.335179553606764,4.788877337565229,random_forest
2016-08-15,4.900920752731795,4.856610708608397,random_forest
2016-08-22,4.094440122535423,4.848583922617851,random_forest
2016-08-29,3.7842552647675873,4.222311202963089,random_forest
2016-09-05,4.156477094088991,3.782782905521694,random_forest
2016-09-12,4.776846809624661,4.6994739490743695,random_forest
2016-09-19,4.342588008749692,4.81564825700578,random_forest
2016-09-26,2.9777746345712157,4.135387406153833,random_forest
2016-10-03,2.9157376630176493,2.918047355586316,random_forest
2016-10-10,2.2953679474819784,2.7901549303156483,random_forest
2016-10-17,3.2879594923390507,2.770066830630398,random_forest
2016-10-24,3.7222182932140204,3.649801386143638,random_forest
2016-10-31,4.652772866517527,3.567025271013303,random_forest
2016-11-07,4.652772866517527,4.60186460673098,random_forest
2016-11-14,3.7222182932140213,4.452938447816988,random_forest
2016-11-21,3.5981443501068866,3.778891822098071,random_forest
2016-11-28,2.7296267483569476,3.5890473009076036,random_forest
2016-12-05,3.0398116061247826,2.6536981091499934,random_forest
2016-12-12,2.5435158336962465,3.289226016607416,random_forest
2016-12-19,2.9777746345712157,3.1315565001474295,random_forest
2016-12-26,2.853700691464082,3.0774896230635576,random_forest
2017-01-02,2.8338962483978443,2.8951130226168726,random_forest
2017-01-09,2.75205483377804,2.8874680208927197,random_forest
2017-01-16,2.246516987918593,2.9719502973910217,random_forest
2017-01-23,1.9429336111728368,2.663647520206113,random_forest
2017-01-30,1.6393502344270805,2.07845532568857,random_forest
2017-02-06,2.853683741410105,1.8944945062485332,random_forest
2017-02-13,3.035833767457559,2.4695692309622115,random_forest
2017-02-20,3.8251505469965252,2.635395272143003,random_forest
2017-02-27,3.2787004688541646,4.376770772941057,random_forest
2017-03-06,3.7037171962982227,3.8825458602781615,random_forest
2017-03-13,3.4608504949016177,3.868256237299865,random_forest
2017-03-20,3.7037171962982227,3.837424190389843,random_forest
2017-03-27,5.03948405397955,3.8513621704847236,random_forest
2017-04-03,6.921700989803238,6.192589576706522,random_forest
2017-04-10,9.836101406562497,7.119958346938225,random_forest
2017-04-17,10.382551484704857,9.367363425960674,random_forest
2017-04-24,10.01825143260995,9.50789848668573,random_forest
2017-05-01,7.832451120040506,9.849047831382437,random_forest
2017-05-08,6.739550963755785,7.298175150565432,random_forest
2017-05-15,5.768084158169365,6.204016239115604,random_forest
2017-05-22,5.707367482820214,5.749026249370277,random_forest
2017-05-29,4.9180507032812475,5.809619905642428,random_forest
2017-06-05,4.7966173525829445,5.522812785816747,random_forest
2017-06-12,3.7037171962982227,4.897975921246681,random_forest
2017-06-19,4.189450599091432,3.6060800691422483,random_forest
2017-06-26,3.703717196298222,4.340742856482747,random_forest
2017-07-03,3.825150546996524,3.857970072833532,random_forest
2017-07-10,3.5215671702507687,4.072676593877072,random_forest
2017-07-17,3.2179837935050126,3.58362945389701,random_forest
2017-07-24,2.853683741410105,3.4956277150180997,random_forest
2017-07-31,2.0643669618711384,2.6800899762099517,random_forest
2017-08-07,2.3072336632677435,2.389162917579506,random_forest
2017-08-14,2.1858003125694414,2.8151865609412074,random_forest
2017-08-21,2.2465169879185924,2.122768175546765,random_forest
2017-08-28,2.4286670139660465,2.2056500162477075,random_forest
2017-09-04,2.853683741410105,2.600652167858697,random_forest
2017-09-11,3.2179837935050117,2.5277738751843932,random_forest
2017-09-18,2.975117092108407,3.527479254772504,random_forest
2017-09-25,2.7929670660609536,2.857096718937741,random_forest
2017-10-02,3.6430005209490712,2.8162469586345913,random_forest
2017-10-09,4.432317300488037,3.433362979330882,random_forest
2017-10-16,4.7966173525829445,4.071972354109237,random_forest
2017-10-23,3.703717196298222,4.516533014664843,random_forest
2017-10-30,3.5822838455999197,3.861310342991515,random_forest
2017-11-06,4.12873392374228,3.632962255665887,random_forest
2017-11-13,3.5822838455999193,4.149058387242645,random_forest
2017-11-20,3.0965504428067097,3.7976752246242396,random_forest
2017-11-27,2.12508363722029,3.4297418990818627,random_forest
2017-12-04,3.643000520949071,2.5526917601525736,random_forest
2017-12-11,3.885867222345676,3.768137836866542,random_forest
2017-12-18,4.6751840018846424,3.8312978350324456,random_forest
2017-12-25,3.6430005209490717,4.3635725630915125,random_forest
2018-01-01,2.902723719287243,3.805230583822504,random_forest
2018-01-08,2.3392893539128625,2.667179660178142,random_forest
2018-01-15,3.4599991290346988,2.8636519474381577,random_forest
2018-01-22,4.116205860403349,3.76769641256435,random_forest
2018-01-29,5.1303435361549,4.206504720757247,random_forest
2018-02-05,5.1303435361549,5.804582414133742,random_forest
2018-02-12,4.7724125917719995,5.963346839234092,random_forest
2018-02-19,3.817930073417599,4.409360348200121,random_forest
2018-02-26,3.5196542864318494,4.047723291867948,random_forest
2018-03-05,3.6986197586232996,3.6570042116658,random_forest
2018-03-12,3.937240388211899,3.8133386741658253,random_forest
2018-03-19,3.6986197586232996,4.269272208601161,random_forest
2018-03-26,3.5196542864318494,4.115057254491308,random_forest
2018-04-02,3.281033656843249,3.78033240792845,random_forest
2018-04-09,3.459999129034699,3.6732746704930643,random_forest
2018-04-16,4.1758610178005,3.5690933343465425,random_forest
2018-04-23,5.18999869355205,4.421150165493638,random_forest
2018-04-30,4.653102276977699,5.679410274963392,random_forest
2018-05-07,4.71275743437485,4.260480408978921,random_forest
2018-05-14,4.832067749169149,4.409926054240378,random_forest
2018-05-21,5.6672399527292505,5.056552106203391,random_forest
2018-05-28,5.7268951101264,5.358844447822938,random_forest
2018-06-04,5.18999869355205,5.892250263146692,random_forest
2018-06-11,6.084826054509301,5.018380261934041,random_forest
2018-06-18,7.098963730260851,6.347690264408423,random_forest
2018-06-25,10.320342229706952,6.7553642454853655,random_forest
2018-07-02,11.632755692444254,8.965282551738012,random_forest
2018-07-09,12.945169155181555,9.07535025547679,random_forest
2018-07-16,11.394135062855653,8.588752423492497,random_forest
2018-07-23,9.902756127926903,8.856696607926938,random_forest
2018-07-30,8.113101406012403,8.493303881220706,random_forest
2018-08-06,7.576204989438051,8.205660877742362,random_forest
2018-08-13,9.246549396558251,7.204218551592154,random_forest
2018-08-20,8.471032350395303,8.880420655496751,random_forest
2018-08-27,6.86034310067225,8.461649693003165,random_forest
2018-09-03,4.5337919621833995,6.5434316496672125,random_forest
2018-09-10,4.8917229065663,3.940381131755372,random_forest
2018-09-17,4.951378063963449,4.591901633138183,random_forest
2018-09-24,4.23551617519765,4.546573874124117,random_forest
2018-10-01,4.175861017800499,3.9178555634046637,random_forest
2018-10-08,4.653102276977699,4.079945900586568,random_forest
2018-10-15,4.95137806396345,4.253166743807248,random_forest
2018-10-22,4.175861017800499,4.690873578565911,random_forest
2018-10-29,4.8917229065663,4.0679810578644,random_forest
2018-11-05,4.71275743437485,4.722560682793619,random_forest
2018-11-12,4.772412591771999,4.247584744372201,random_forest
2018-11-19,3.5196542864318485,4.2439169686322185,random_forest
2018-11-26,3.937240388211899,3.3493737365394844,random_forest
2018-12-03,4.175861017800499,3.706058458586142,random_forest
2018-12-10,4.235516175197649,3.9973049997493386,random_forest
2018-12-17,3.5196542864318485,3.8967339731486965,random_forest
2018-12-24,2.5651717680774486,3.348324214638006,random_forest
2018-12-31,2.3862062958859984,2.758116933635821,random_forest
2019-01-07,2.7081760756389097,2.7958674678363193,random_forest
2019-01-14,4.1472478620149476,2.6920550000208467,random_forest
2019-01-21,5.16382975143412,4.605754943223392,random_forest
2019-01-28,5.105809192429242,5.19675365573784,random_forest
2019-02-04,4.583624161385342,5.0690047536746325,random_forest
2019-02-11,3.9453980123316863,4.126668698003706,random_forest
2019-02-18,4.757685838399976,3.77484334072661,random_forest
2019-02-25,4.989768074419487,4.380967837493733,random_forest
2019-03-04,5.744035341482898,5.909997120738819,random_forest
2019-03-11,4.931747515414609,6.448842667570682,random_forest
2019-03-18,4.757685838399975,6.353839129767729,random_forest
2019-03-25,4.409562484370709,4.522691938031866,random_forest
2019-04-01,4.757685838399976,4.311077587347325,random_forest
2019-04-08,4.409562484370709,4.622382674666558,random_forest
2019-04-15,4.177480248351198,4.483230786459049,random_forest
2019-04-22,4.1194596893463205,4.67456158556756,random_forest
2019-04-29,4.351541925365831,4.522088371787268,random_forest
2019-05-06,5.105809192429243,4.369481555522015,random_forest
2019-05-13,5.802055900487777,5.310105621538653,random_forest
2019-05-20,5.744035341482899,5.24260458237324,random_forest
2019-05-27,4.8157063974048535,5.264549619040828,random_forest
2019-06-03,3.7713363353170535,5.187597994661401,random_forest
2019-06-10,4.177480248351198,3.8408332048658673,random_forest
2019-06-17,4.40956248437071,4.206217269013551,random_forest
2019-06-24,4.235500807356076,4.113888317643213,random_forest
2019-07-01,3.8293568943219314,4.070178092680841,random_forest
2019-07-08,3.1911307452682762,3.650715537728345,random_forest
2019-07-15,2.668945714224376,3.44188356802132,random_forest
2019-07-22,2.436863478204865,2.5065682803752862,random_forest
2019-07-29,2.784986832234132,2.3259403408047783,random_forest
2019-08-05,3.2491513042731537,2.2982976516087295,random_forest
2019-08-12,3.133110186263398,3.3998140879296095,random_forest
2019-08-19,2.8430073912390093,3.25136352128426,random_forest
2019-08-26,2.9590485092487646,2.8872877990710313,random_forest
2019-09-02,3.3651924222829095,2.9346363736332877,random_forest
2019-09-09,4.003418571336565,3.437051041990096,random_forest
2019-09-16,3.8293568943219314,4.166808855745181,random_forest
2019-09-23,3.481233540292665,3.6723218463461973,random_forest
2019-09-30,2.2047812421853537,3.52934982884781,random_forest
2019-10-07,2.55290459621462,3.1529108939237647,random_forest
2019-10-14,2.784986832234131,2.971643989906308,random_forest
2019-10-21,3.5392540992975428,3.0849589436227567,random_forest
2019-10-28,3.307171863278032,3.507765880638778,random_forest
2019-11-04,3.7133157763121765,3.553440027546283,random_forest
2019-11-11,3.0750896272585204,3.826373199714909,random_forest
2019-11-18,3.1911307452682762,3.124709076958483,random_forest
2019-11-25,2.668945714224376,3.42448545621301,random_forest
2019-12-02,3.7133157763121756,3.042410702921185,random_forest
2019-12-09,3.5392540992975423,3.5689586217375813,random_forest
2019-12-16,4.0614391303414425,3.392168256510941,random_forest
2019-12-23,4.235500807356075,3.9364393513262175,random_forest
2019-12-30,4.8157063974048535,3.946383158829394,random_forest
2020-01-06,4.77687957233854,4.681071893620149,random_forest
2020-01-13,4.7337386555981915,4.159458404969964,random_forest
2020-01-20,4.752932389536756,4.335588061923369,random_forest
2020-01-27,4.017359519727496,4.392115253966347,random_forest
2020-02-03,3.734446877493165,4.40120869015443,random_forest
2020-02-10,4.017359519727496,3.6106568114926447,random_forest
2020-02-17,5.262175145558551,4.513061260976841,random_forest
2020-02-24,5.318757674005417,6.226205181008638,random_forest
2020-03-02,5.2055926171116855,5.663950796359786,random_forest
2020-03-09,4.583184804196158,5.646370532696785,random_forest
2020-03-16,4.4134372188555595,4.273271939932061,random_forest
2020-03-23,3.734446877493165,4.421788940798873,random_forest
2020-03-30,2.546213780108975,3.9458442110825844,random_forest
2020-04-06,1.8672234387465807,2.480076083202258,random_forest
2020-04-13,0.961902983596722,2.4989275068955363,random_forest
2020-04-20,0.7921553982561234,3.2021968574972464,random_forest
2020-04-27,0.5092427560217926,2.1948724725730155,random_forest
2020-05-04,0.8487379267029898,2.4188133569500327,random_forest
2020-05-11,0.9053204551498558,1.8786284035593765,random_forest
2020-05-18,0.7355728698092573,1.8817831052729181,random_forest
2020-05-25,0.3960776991280603,0.9219284836640225,random_forest
2020-06-01,0.28291264223432794,1.0725584777286392,random_forest
2020-06-08,0.16974758534059556,1.030298373522521,random_forest
2020-06-15,0.28291264223432794,1.0987019633192485,random_forest
2020-06-22,0.45266022757492647,0.38043440453265837,random_forest
2020-06-29,0.5092427560217926,0.38043440453265837,random_forest
2020-07-06,0.6224078129155249,0.38938611978710136,random_forest
2020-07-13,0.961902983596722,0.39585224539905717,random_forest
2020-07-20,1.244815625831053,0.7518782553385719,random_forest
2020-07-27,1.0750680404904545,0.7257604516366569,random_forest
2020-08-03,0.6789903413623911,0.6952227656862405,random_forest
2020-08-10,0.961902983596722,0.6552140263785408,random_forest
2020-08-17,0.8487379267029894,0.9971720928314939,random_forest
2020-08-24,1.3013981542779192,0.9526400192642851,random_forest
2020-08-31,0.7355728698092574,1.0173441423632963,random_forest
2020-09-07,0.9053204551498558,0.8361360621786832,random_forest
2020-09-14,0.5658252844686588,0.8675761799352779,random_forest
2020-09-21,0.5658252844686588,0.8639463547364798,random_forest
2020-09-28,0.5092427560217926,0.9987112254067965,random_forest
2020-10-05,0.9053204551498558,0.9165498680036319,random_forest
2020-10-12,1.2448156258310528,0.9626464603892754,random_forest
2020-10-19,1.2448156258310528,0.8002848533462379,random_forest
2020-10-26,0.7355728698092573,0.8828308295037285,random_forest
2020-11-02,0.5092427560217926,0.8007608778351653,random_forest
2020-11-09,0.7921553982561235,0.8795856889853512,random_forest
2020-11-16,1.1316505689373206,0.8937994628121921,random_forest
2020-11-23,1.1316505689373206,1.1034623724063253,random_forest
2020-11-30,1.0184855120435883,0.9103610495449245,random_forest
2020-12-07,0.9053204551498558,0.8210416109102928,random_forest
2020-12-14,1.3579806827247853,0.82215833569671,random_forest
2020-12-21,1.8106409102997147,0.8530589558088256,random_forest
2020-12-28,2.0369710240871792,1.4382798649216442,random_forest
2021-01-04,2.1326597442564363,2.2289050124140033,random_forest
2021-01-11,2.0598491888511288,2.394079579203552,random_forest
2021-01-18,3.2647189021690983,2.267863449843078,random_forest
2021-01-25,3.4860557768924267,3.7860048613492827,random_forest
2021-02-01,3.596724214254092,3.6588518525979477,random_forest
2021-02-08,2.5453740593182794,3.6804118184452688,random_forest
2021-02-15,2.5453740593182794,2.7601867586482145,random_forest
2021-02-22,2.6560424966799436,2.8946462640861848,random_forest
2021-03-01,4.0393979637007495,2.7980959090159776,random_forest
2021-03-08,4.205400619743246,4.425256204665493,random_forest
2021-03-15,4.482071713147407,4.490824425513197,random_forest
2021-03-22,4.150066401062414,4.251387459020275,random_forest
2021-03-29,3.9840637450199172,4.343116769745025,random_forest
2021-04-05,3.707392651615756,4.274756705092783,random_forest
2021-04-12,2.656042496679944,3.6877860295639446,random_forest
2021-04-19,3.1540504648074346,2.9634658067779402,random_forest
2021-04-26,3.430721558211595,3.220962949580813,random_forest
2021-05-03,3.1540504648074346,3.8289234032318005,random_forest
2021-05-10,2.434705621956615,3.0056753223448385,random_forest
2021-05-17,2.4900398406374475,2.9535231078379254,random_forest
2021-05-24,3.098716246126602,2.9568127365873997,random_forest
2021-05-31,2.600708277999112,3.0158140397278115,random_forest
2021-06-07,1.881363435148293,2.57341033364749,random_forest
2021-06-14,1.604692341744132,1.9626649409521337,random_forest
2021-06-21,2.4900398406374475,1.799848013163333,random_forest
2021-06-28,2.4347056219566157,2.7806759629401294,random_forest
2021-07-05,2.4900398406374475,2.8116712636705334,random_forest
2021-07-12,1.9920318725099577,2.8709867175018706,random_forest
2021-07-19,1.9366976538291256,2.21816986737801,random_forest
2021-07-26,1.3833554670208033,2.141356741209086,random_forest
2021-08-02,1.05135015493581,1.7573696541260941,random_forest
2021-08-09,1.881363435148293,1.0616115750017332,random_forest
2021-08-16,2.4347056219566157,1.8571055425646754,random_forest
2021-08-23,2.9880478087649376,2.4871904603334176,random_forest
2021-08-30,1.9366976538291256,2.9408623494875092,random_forest
2021-09-06,1.9366976538291256,1.8783627527077977,random_forest
2021-09-13,1.2726870296591388,2.0860755831215645,random_forest
2021-09-20,1.826029216467461,1.3583208655653862,random_forest
2021-09-27,1.6046923417441323,2.125270591253009,random_forest
2021-10-04,1.604692341744132,2.1801607899877378,random_forest
2021-10-11,1.1620185922974746,1.8145181217277355,random_forest
2021-10-18,0.6086764054891523,1.4680670551864041,random_forest
2021-10-25,0.55334218680832,1.258114287306445,random_forest
2021-11-01,0.6086764054891521,0.9230755354124243,random_forest
2021-11-08,0.7746790615316489,0.75170594370617,random_forest
2021-11-15,0.8853474988933132,0.9676078657717028,random_forest
2021-11-22,0.6086764054891521,1.1110085361019852,random_forest
2021-11-29,0.4426737494466555,0.7541299073599487,random_forest
2021-12-06,0.38733953076582334,0.671640118743486,random_forest
2021-12-13,0.55334218680832,0.6204074943007165,random_forest
2021-12-20,0.6640106241699844,0.7033496777563151,random_forest
2021-12-27,0.7746790615316489,0.795422604851906,random_forest
2022-01-03,0.7690001028517695,0.9281628243792404,random_forest
2022-01-10,1.1991801432026927,0.9473281396506422,random_forest
2022-01-17,1.246563819731694,1.0242634970194278,random_forest
2022-01-24,1.5175559544559754,0.9139625688451726,random_forest
2022-01-31,1.4633575275111192,1.71785338227756,random_forest
2022-02-07,1.3549606736214066,1.5500055864486724,random_forest
2022-02-14,1.3549606736214066,1.5373548676495543,random_forest
2022-02-21,1.1923653927868374,1.5232136314468032,random_forest
2022-02-28,1.30076224667655,1.1194652456544796,random_forest
2022-03-07,0.9755716850074121,1.242049429506086,random_forest
2022-03-14,1.1923653927868376,1.0381997021623592,random_forest
2022-03-21,1.8427465161251135,1.1086715549554091,random_forest
2022-03-28,2.8183182011325285,1.5468548565579934,random_forest
2022-04-04,2.7641197741876717,2.807902251475938,random_forest
2022-04-11,2.655722920297959,2.746057650815064,random_forest
2022-04-18,2.5473260664082464,2.9770414264769136,random_forest
2022-04-25,3.739691459195086,2.713045472898358,random_forest
2022-05-02,4.227477301698793,3.4592522812445208,random_forest
2022-05-09,4.227477301698793,4.447378582536624,random_forest
2022-05-16,3.902286740029655,4.32214482026093,random_forest
2022-05-23,3.631294605305373,3.799915583783932,random_forest
2022-05-30,3.5770961783605166,3.2008526622971103,random_forest
2022-06-06,4.173278874753937,3.238936927437792,random_forest
2022-06-13,4.498469436423075,4.105727972647594,random_forest
2022-06-20,4.390072582533363,4.346296575672536,random_forest
2022-06-27,3.08931033585681,4.265926427662842,random_forest
2022-07-04,2.6015244933531028,2.6708805796079034,random_forest
2022-07-11,3.143508762801666,2.635021271622647,random_forest
2022-07-18,2.980913481967097,2.9302057761084788,random_forest
2022-07-25,2.601524493353103,2.793729577457882,random_forest
2022-08-01,3.0893103358568097,2.7657869227936143,random_forest
2022-08-08,3.848088313084799,2.9907464206381853,random_forest
2022-08-15,4.335874155588506,3.919915098658429,random_forest
2022-08-22,2.8183182011325285,4.36415043675915,random_forest
2022-08-29,2.113738650849396,2.776108192751505,random_forest
2022-09-05,1.517555954455976,2.785262813404458,random_forest
2022-09-12,2.1679370777942517,1.4356394589686219,random_forest
2022-09-19,2.3305323586288207,2.4575292050275093,random_forest
2022-09-26,2.3305323586288207,2.5141586964802034,random_forest
2022-10-03,1.842746516125114,2.4735890933586173,random_forest
2022-10-10,2.5473260664082464,1.5811755292163663,random_forest
2022-10-17,3.577096178360517,2.3985552099715144,random_forest
2022-10-24,3.3603024705810918,3.305801061221906,random_forest
2022-10-31,2.5473260664082464,3.336123569494657,random_forest
2022-11-07,2.059540223904539,2.7412437435893278,random_forest
2022-11-14,2.49312763946339,2.5070400954279677,random_forest
2022-11-21,2.49312763946339,2.904665687100902,random_forest
2022-11-28,2.276333931683965,2.9059036369817317,random_forest
2022-12-05,2.113738650849396,2.4001718202816384,random_forest
2022-12-12,2.0595402239045395,2.329460699699824,random_forest
2022-12-19,1.5717543814008323,2.339623290616862,random_forest
2022-12-26,1.9511433700148266,1.7099485484506305,random_forest
2023-01-02,1.6738214478472526,1.8883489055134461,random_forest
2023-01-09,1.7737785851459087,1.7708896465033082,random_forest
2023-01-16,1.7537342582421502,1.8321795346377463,random_forest
2023-01-23,1.9663081077260476,1.8026236186319902,random_forest
2023-01-30,2.1257384948389704,1.8289927017053234,random_forest
2023-02-06,2.1257384948389704,2.2617979552323058,random_forest
2023-02-13,2.019451570097022,2.275152954637066,random_forest
2023-02-20,2.3383123443228677,2.0716916855977003,random_forest
2023-02-27,2.0725950324679965,2.3851246869910314,random_forest
2023-03-06,2.60402965617774,2.2855927136037084,random_forest
2023-03-13,1.860021182984099,3.0266155611063414,random_forest
2023-03-20,1.4348734840163047,1.9089466370997359,random_forest
2023-03-27,1.8068777206131248,1.4608499767785177,random_forest
2023-04-03,2.869746968032611,1.7986989732323737,random_forest
2023-04-10,3.7200423659681996,2.812107231269462,random_forest
2023-04-17,3.0823208175165084,3.1465873601173575,random_forest
2023-04-24,3.241751204629431,2.7239685435368157,random_forest
2023-05-01,3.1354642798874828,3.0840762688587384,random_forest
2023-05-08,3.8263292907101487,3.034681814947311,random_forest
2023-05-15,3.8263292907101487,3.862350499259168,random_forest
2023-05-22,4.357763914419892,3.8025294545061525,random_forest
2023-05-29,4.2514769896779425,4.079062293499645,random_forest
2023-06-05,4.676624688645737,3.9304508506674067,random_forest
2023-06-12,4.46405083916184,4.123016974439132,random_forest
2023-06-19,4.517194301532815,4.305534112790574,random_forest
2023-06-26,4.995485462871583,4.043233644307586,random_forest
2023-07-03,4.889198538129635,5.027577133276045,random_forest
2023-07-10,6.164641635033019,4.403316941876697,random_forest
2023-07-17,5.261202774726455,5.25853692938618,random_forest
2023-07-24,5.845780860807172,5.092632834069103,random_forest
2023-07-31,4.304620452048917,5.129647716865541,random_forest
2023-08-07,3.6668989035972253,4.33193159399673,random_forest
2023-08-14,2.232025419580919,2.9611574910531093,random_forest
2023-08-21,2.4445992690648164,2.1326026029611196,random_forest
2023-08-28,2.4977427314357907,2.433153941649664,random_forest
2023-09-04,3.0291773551455337,2.5392035378989677,random_forest
2023-09-11,2.710316580919688,3.1411468271528302,random_forest
2023-09-18,3.0291773551455337,3.076636722462187,random_forest
2023-09-25,3.401181591742354,3.203995895628394,random_forest
2023-10-02,3.1886077422584562,3.168695012024848,random_forest
2023-10-09,3.0823208175165075,3.0811825641844663,random_forest
2023-10-16,3.613755441226251,3.2150879231548783,random_forest
2023-10-23,4.729768151016711,3.28577613717142,random_forest
2023-10-30,4.517194301532815,4.0272964549287975,random_forest
2023-11-06,4.729768151016711,3.857376336836497,random_forest
2023-11-13,3.8263292907101487,3.9959638297205924,random_forest
2023-11-20,3.7731858283391744,3.893428009423079,random_forest
2023-11-27,2.9760338927745598,3.960830242103617,random_forest
2023-12-04,2.6571731185487137,2.969269676738162,random_forest
2023-12-11,2.816603505661637,3.3323149559241902,random_forest
2023-12-18,2.6571731185487137,3.427208311566598,random_forest
2023-12-25,3.241751204629431,3.426272224239154,random_forest
2005-12-26,5.938123151859479,7.98748254776001,xgboost
2006-01-02,8.884262561691338,6.058658123016357,xgboost
2006-01-09,8.841408546522159,8.137202262878418,xgboost
2006-01-16,9.281611161845346,8.865806579589844,xgboost
2006-01-23,6.5285909019759645,8.003990173339844,xgboost
2006-01-30,6.44993318026541,6.315888404846191,xgboost
2006-02-06,7.315168119081502,5.894871234893799,xgboost
2006-02-13,6.764564067107625,7.277512073516846,xgboost
2006-02-20,6.685906345397072,6.392858505249023,xgboost
2006-02-27,6.135302293423195,6.356236934661865,xgboost
2006-03-06,8.573691666450362,6.54816198348999,xgboost
2006-03-13,11.326711926319744,9.44876766204834,xgboost
2006-03-20,13.450470412504695,11.63174057006836,xgboost
2006-03-27,13.135839525662478,12.771505355834961,xgboost
2006-04-03,15.416913455268537,13.443098068237305,xgboost
2006-04-10,17.855302828295702,16.04351806640625,xgboost
2006-04-17,19.821745871059548,17.855371475219727,xgboost
2006-04-24,16.832752446058503,17.656579971313477,xgboost
2006-05-01,13.214497247373032,16.697978973388672,xgboost
2006-05-08,11.877315978293618,13.215975761413574,xgboost
2006-05-15,14.630336238163002,11.736753463745117,xgboost
2006-05-22,15.731544342110752,13.28831958770752,xgboost
2006-05-29,14.944967125005213,15.511635780334473,xgboost
2006-06-05,10.854765596056419,14.86388111114502,xgboost
2006-06-12,9.910872935529776,10.516942977905273,xgboost
2006-06-19,8.652349388160916,9.378046989440918,xgboost
2006-06-26,10.06818837895088,8.502287864685059,xgboost
2006-07-03,10.146846100661435,9.316299438476562,xgboost
2006-07-10,11.248054204609188,9.369346618652344,xgboost
2006-07-17,11.248054204609188,9.923711776733398,xgboost
2006-07-24,11.562685091451401,10.229780197143555,xgboost
2006-07-31,10.933423317766973,10.375182151794434,xgboost
2006-08-07,8.888322553292575,10.51708984375,xgboost
2006-08-14,7.236510397370947,9.145519256591797,xgboost
2006-08-21,8.023087614476486,6.918007850646973,xgboost
2006-08-28,7.472483562502609,7.513360023498535,xgboost
2006-09-04,6.449933180265411,6.674149990081787,xgboost
2006-09-11,11.405369648030295,5.781605243682861,xgboost
2006-09-18,13.214497247373032,10.93542194366455,xgboost
2006-09-25,13.765101299346908,11.406081199645996,xgboost
2006-10-02,7.000537232239285,12.74887466430664,xgboost
2006-10-09,6.921879510528733,6.777112007141113,xgboost
2006-10-16,6.135302293423194,7.099517822265625,xgboost
2006-10-23,6.135302293423194,6.840123653411865,xgboost
2006-10-30,4.640805580922674,6.194248199462891,xgboost
2006-11-06,4.876778746054335,6.3386101722717285,xgboost
2006-11-13,5.348725076317657,5.442711353302002,xgboost
2006-11-20,6.843221788818179,5.9339399337768555,xgboost
2006-11-27,8.101745336187038,6.885404586791992,xgboost
2006-12-04,8.101745336187038,6.957824230194092,xgboost
2006-12-11,7.393825840792055,6.947903156280518,xgboost
2006-12-18,9.360268883555898,5.980719566345215,xgboost
2006-12-25,9.124295718424237,8.25991439819336,xgboost
2007-01-01,9.075475981364287,9.201412200927734,xgboost
2007-01-08,7.524531447888196,9.092510223388672,xgboost
2007-01-15,8.561663646944762,8.033416748046875,xgboost
2007-01-22,8.407399437089902,8.090638160705566,xgboost
2007-01-29,8.484531542017333,7.303375720977783,xgboost
2007-02-05,8.561663646944764,8.218269348144531,xgboost
2007-02-12,8.253135227235042,7.828550338745117,xgboost
2007-02-19,7.558946282888169,7.161523342132568,xgboost
2007-02-26,5.939172079412134,6.785144329071045,xgboost
2007-03-05,5.0135868202829705,7.320064067840576,xgboost
2007-03-12,5.244983135065261,5.245326995849609,xgboost
2007-03-19,6.787625233613866,5.366989612579346,xgboost
2007-03-26,9.101588381436775,7.080653190612793,xgboost
2007-04-02,10.412834165203089,10.731306076049805,xgboost
2007-04-09,10.104305745493368,11.976458549499512,xgboost
2007-04-16,9.950041535638507,12.320430755615234,xgboost
2007-04-23,10.258569955348227,12.370912551879883,xgboost
2007-04-30,11.56981573911454,11.58652400970459,xgboost
2007-05-07,11.492683634187111,13.566458702087402,xgboost
2007-05-14,9.178720486364204,12.925810813903809,xgboost
2007-05-21,8.793059961727053,8.789592742919922,xgboost
2007-05-28,8.484531542017331,8.33623218536377,xgboost
2007-06-04,10.72136258491281,8.173858642578125,xgboost
2007-06-11,9.101588381436775,10.634533882141113,xgboost
2007-06-18,8.17600312230761,7.975552558898926,xgboost
2007-06-25,6.324832604049285,7.558785915374756,xgboost
2007-07-02,5.862039974484703,6.027663707733154,xgboost
2007-07-09,5.862039974484703,5.129244804382324,xgboost
2007-07-16,6.170568394194423,5.755686283111572,xgboost
2007-07-23,6.093436289266994,5.825216293334961,xgboost
2007-07-30,7.86747470259789,5.837034225463867,xgboost
2007-08-06,7.5589462828881695,7.967095851898193,xgboost
2007-08-13,7.79034259767046,7.193565845489502,xgboost
2007-08-20,5.322115239992692,7.2540106773376465,xgboost
2007-08-27,4.705058400573249,4.995472431182861,xgboost
2007-09-03,5.630643659702412,4.288954257965088,xgboost
2007-09-10,6.479096813904145,6.35829496383667,xgboost
2007-09-17,6.710493128686436,7.621715545654297,xgboost
2007-09-24,7.636078387815599,6.978139400482178,xgboost
2007-10-01,8.561663646944764,6.913199424743652,xgboost
2007-10-08,9.101588381436775,8.146568298339844,xgboost
2007-10-15,8.253135227235042,8.096417427062988,xgboost
2007-10-22,7.019021548396157,7.012678623199463,xgboost
2007-10-29,6.093436289266993,6.277111053466797,xgboost
2007-11-05,4.8593226104281095,6.169158458709717,xgboost
2007-11-12,5.244983135065261,5.155304431915283,xgboost
2007-11-19,6.479096813904145,5.492412090301514,xgboost
2007-11-26,6.633361023759005,6.955967426300049,xgboost
2007-12-03,6.093436289266993,7.24211311340332,xgboost
2007-12-10,6.016304184339563,6.6618332862854,xgboost
2007-12-17,7.019021548396156,5.778011322021484,xgboost
2007-12-24,8.638795751872191,7.0727996826171875,xgboost
2007-12-31,8.17600312230761,9.08703327178955,xgboost
2008-01-07,6.9743511282084185,7.7092461585998535,xgboost
2008-01-14,6.663766341275139,7.347356796264648,xgboost
2008-01-21,7.435061496970779,5.934871196746826,xgboost
2008-01-28,11.415447954945032,7.349234104156494,xgboost
2008-02-04,11.415447954945032,13.000970840454102,xgboost
2008-02-11,12.09136263648783,12.110177993774414,xgboost
2008-02-18,9.613008804164238,13.258979797363281,xgboost
2008-02-25,9.387703910316636,10.93106746673584,xgboost
2008-03-03,10.063618591859436,10.015438079833984,xgboost
2008-03-10,8.786890860056374,10.407743453979492,xgboost
2008-03-17,8.18607780979611,8.85867977142334,xgboost
2008-03-24,6.083232133885183,8.124859809875488,xgboost
2008-03-31,6.75914681542798,6.1505560874938965,xgboost
2008-04-07,7.284858234405712,7.294600963592529,xgboost
2008-04-14,8.035874547231044,8.904726028442383,xgboost
2008-04-21,10.439126748272102,8.279037475585938,xgboost
2008-04-28,10.889736535967302,10.538285255432129,xgboost
2008-05-05,9.688110435446772,10.83515739440918,xgboost
2008-05-12,8.26117944107864,9.751471519470215,xgboost
2008-05-19,7.8105696533834434,7.807478427886963,xgboost
2008-05-26,8.411382703643708,7.716092586517334,xgboost
2008-06-02,7.510163128253311,8.87421703338623,xgboost
2008-06-09,7.8105696533834434,6.641709804534912,xgboost
2008-06-16,8.26117944107864,6.978052139282227,xgboost
2008-06-23,8.861992491338906,7.039074420928955,xgboost
2008-06-30,9.087297385186504,8.103620529174805,xgboost
2008-07-07,10.364025116989568,8.36867618560791,xgboost
2008-07-14,11.490549586227564,9.588433265686035,xgboost
2008-07-21,11.340346323662496,10.642815589904785,xgboost
2008-07-28,10.514228379554634,10.045942306518555,xgboost
2008-08-04,9.012195753903972,9.485267639160156,xgboost
2008-08-11,8.411382703643708,7.561202526092529,xgboost
2008-08-18,8.186077809796108,8.047289848327637,xgboost
2008-08-25,8.035874547231042,7.208850383758545,xgboost
2008-09-01,8.786890860056372,6.835370063781738,xgboost
2008-09-08,9.688110435446768,8.68448543548584,xgboost
2008-09-15,9.087297385186504,9.488805770874023,xgboost
2008-09-22,8.71178922877384,8.930093765258789,xgboost
2008-09-29,6.909350077993046,8.520646095275879,xgboost
2008-10-06,6.684045184145447,6.204862117767334,xgboost
2008-10-13,6.233435396450247,5.684009552001953,xgboost
2008-10-20,7.6603663908183774,6.057313442230225,xgboost
2008-10-27,8.786890860056372,7.7059149742126465,xgboost
2008-11-03,9.68811043544677,8.149496078491211,xgboost
2008-11-10,8.26117944107864,8.233040809631348,xgboost
2008-11-17,6.909350077993046,7.5205864906311035,xgboost
2008-11-24,5.257114189777318,5.9623308181762695,xgboost
2008-12-01,6.383638659015314,4.3207807540893555,xgboost
2008-12-08,5.782825608755048,6.200341701507568,xgboost
2008-12-15,6.30853702773278,6.488178253173828,xgboost
2008-12-22,5.031809295929718,6.7300920486450195,xgboost
2008-12-29,6.30853702773278,6.5103912353515625,xgboost
2009-01-05,6.254600271234607,7.112864017486572,xgboost
2009-01-12,6.499143727134488,7.027432441711426,xgboost
2009-01-19,6.512603350990538,6.461824893951416,xgboost
2009-01-26,6.951655262293271,7.576467990875244,xgboost
2009-02-02,8.12246035910056,7.9535603523254395,xgboost
2009-02-09,9.146914818806936,9.102532386779785,xgboost
2009-02-16,10.171369278513312,8.825166702270508,xgboost
2009-02-23,10.464070552715134,10.160057067871094,xgboost
2009-03-02,11.488525012421512,10.526604652404785,xgboost
2009-03-09,13.976485843136997,11.669747352600098,xgboost
2009-03-16,17.342550496457946,13.194157600402832,xgboost
2009-03-23,19.464634734421157,16.66885757446289,xgboost
2009-03-30,19.90368664572389,16.5963134765625,xgboost
2009-04-06,19.098758141668878,15.371870040893555,xgboost
2009-04-13,16.903498585155216,17.77487564086914,xgboost
2009-04-20,13.830135206036084,15.927027702331543,xgboost
2009-04-27,11.342174375320598,11.451380729675293,xgboost
2009-05-04,10.610421189816044,12.87830638885498,xgboost
2009-05-11,11.122648419669233,10.431571006774902,xgboost
2009-05-18,9.3664407744583,10.525053977966309,xgboost
2009-05-25,8.927388863155569,8.862496376037598,xgboost
2009-06-01,7.390707173596002,8.689922332763672,xgboost
2009-06-08,8.415161633302379,7.793644905090332,xgboost
2009-06-15,8.781038226054656,7.954000949859619,xgboost
2009-06-22,9.293265455907845,8.258923530578613,xgboost
2009-06-29,8.122460359100558,8.35891342163086,xgboost
2009-07-06,8.122460359100558,7.242243766784668,xgboost
2009-07-13,7.829759084898735,8.169676780700684,xgboost
2009-07-20,8.927388863155569,7.9302496910095215,xgboost
2009-07-27,7.756583766348279,9.078080177307129,xgboost
2009-08-03,7.976109721999646,7.5844316482543945,xgboost
2009-08-10,8.268810996201468,7.552149295806885,xgboost
2009-08-17,8.122460359100556,7.403283596038818,xgboost
2009-08-24,8.195635677651012,7.6277008056640625,xgboost
2009-08-31,8.122460359100556,8.462154388427734,xgboost
2009-09-07,9.220090137357388,8.529300689697266,xgboost
2009-09-14,8.634687588953744,9.089228630065918,xgboost
2009-09-21,7.537057810696911,8.353583335876465,xgboost
2009-09-28,6.805304625192357,7.277985095977783,xgboost
2009-10-05,6.293077395339169,6.989551544189453,xgboost
2009-10-12,6.658953988091447,6.5728302001953125,xgboost
2009-10-19,6.219902076788713,6.632122993469238,xgboost
2009-10-26,7.098005899394178,6.565921306610107,xgboost
2009-11-02,8.634687588953744,8.019553184509277,xgboost
2009-11-09,9.951843322861944,8.29397201538086,xgboost
2009-11-16,10.537245871265588,8.196858406066895,xgboost
2009-11-23,10.610421189816044,10.156965255737305,xgboost
2009-11-30,9.3664407744583,10.130718231201172,xgboost
2009-12-07,9.073739500256478,9.214713096618652,xgboost
2009-12-14,6.805304625192359,8.149069786071777,xgboost
2009-12-21,6.219902076788714,5.75471305847168,xgboost
2009-12-28,3.292889334770495,5.461577892303467,xgboost
2010-01-04,4.677707151478504,6.551296710968018,xgboost
2010-01-11,5.350901412852007,6.110997200012207,xgboost
2010-01-18,8.062024795363692,5.742924213409424,xgboost
2010-01-25,7.348571273650091,8.141195297241211,xgboost
2010-02-01,6.70646310410785,6.206766605377197,xgboost
2010-02-08,5.636282821537448,6.591353893280029,xgboost
2010-02-15,5.564937469366089,6.810746669769287,xgboost
2010-02-22,5.850318878051528,6.60780143737793,xgboost
2010-03-01,6.421081695422409,6.723474025726318,xgboost
2010-03-08,6.278390991079689,7.995204925537109,xgboost
2010-03-15,6.63511775193649,6.717504024505615,xgboost
2010-03-22,8.133370147535052,8.16840648651123,xgboost
2010-03-29,10.131040008333136,9.539361000061035,xgboost
2010-04-05,12.200055221302579,11.258846282958984,xgboost
2010-04-12,14.982523955985625,13.693222045898438,xgboost
2010-04-19,18.90651832541043,16.39171600341797,xgboost
2010-04-26,20.476116073180354,17.25390625,xgboost
2010-05-03,20.761497481865792,15.735504150390625,xgboost
2010-05-10,18.12171945152547,16.367427825927734,xgboost
2010-05-17,19.19189973409587,14.92709732055664,xgboost
2010-05-24,17.479611281983228,14.87067985534668,xgboost
2010-05-31,16.124049590727385,14.791423797607422,xgboost
2010-06-07,11.415256347417618,15.549917221069336,xgboost
2010-06-14,9.060859725762732,11.722776412963867,xgboost
2010-06-21,10.273730712675855,8.681674003601074,xgboost
2010-06-28,9.988349303990415,10.344257354736328,xgboost
2010-07-05,9.417586486619534,9.589515686035156,xgboost
2010-07-12,6.635117751936488,9.107926368713379,xgboost
2010-07-19,6.563772399765128,6.309926509857178,xgboost
2010-07-26,6.492427047593768,6.634402275085449,xgboost
2010-08-02,5.921664230222888,7.583376407623291,xgboost
2010-08-09,6.06435493456561,6.773767471313477,xgboost
2010-08-16,6.064354934565608,6.895169734954834,xgboost
2010-08-23,5.636282821537448,6.840690612792969,xgboost
2010-08-30,5.921664230222888,6.765307903289795,xgboost
2010-09-06,6.064354934565607,6.680201053619385,xgboost
2010-09-13,6.777808456279208,7.010097503662109,xgboost
2010-09-20,6.991844512793288,7.0498552322387695,xgboost
2010-09-27,6.064354934565607,8.006767272949219,xgboost
2010-10-04,7.063189864964649,7.091529846191406,xgboost
2010-10-11,7.56260733016417,7.9175028800964355,xgboost
2010-10-18,8.06202479536369,8.006274223327637,xgboost
2010-10-25,6.563772399765128,8.102519989013672,xgboost
2010-11-01,4.209375778110244,7.4623613357543945,xgboost
2010-11-08,3.923994369424804,5.627297878265381,xgboost
2010-11-15,4.138030425938884,5.8143415451049805,xgboost
2010-11-22,4.637447891138406,5.7203474044799805,xgboost
2010-11-29,4.3520664824529645,5.903641700744629,xgboost
2010-12-06,4.138030425938884,5.861354351043701,xgboost
2010-12-13,4.3520664824529645,5.748900890350342,xgboost
2010-12-20,3.7099583129107234,4.216480731964111,xgboost
2010-12-27,2.9965047911971223,4.044869899749756,xgboost
2011-01-03,3.5881334741121598,4.732700347900391,xgboost
2011-01-10,4.270254900677841,4.47434139251709,xgboost
2011-01-17,4.9419322955275495,4.4230637550354,xgboost
2011-01-24,4.593908894434059,5.655208110809326,xgboost
2011-01-31,4.9419322955275495,5.065861701965332,xgboost
2011-02-07,4.385094853777966,5.10683012008667,xgboost
2011-02-14,4.4546995339966635,4.574389934539795,xgboost
2011-02-21,4.106676132903174,4.093759059906006,xgboost
2011-02-28,4.315490173559268,4.207118034362793,xgboost
2011-03-07,4.176280813121871,4.465692520141602,xgboost
2011-03-14,4.385094853777965,4.351190090179443,xgboost
2011-03-21,5.498769737277132,4.570992469787598,xgboost
2011-03-28,6.055607179026715,6.293725967407227,xgboost
2011-04-04,7.865328864712861,7.195123672485352,xgboost
2011-04-11,10.997539474554266,9.256672859191895,xgboost
2011-04-18,12.59844711958432,11.199320793151855,xgboost
2011-04-25,13.016075200896504,11.986393928527832,xgboost
2011-05-02,12.87686584045911,12.971209526062012,xgboost
2011-05-09,13.294493921771299,12.814682960510254,xgboost
2011-05-16,12.59844711958432,12.786896705627441,xgboost
2011-05-23,9.466236509742913,12.672215461730957,xgboost
2011-05-30,8.630980347118538,9.896661758422852,xgboost
2011-06-06,9.048608428430725,9.277975082397461,xgboost
2011-06-13,9.60544587018031,8.780795097351074,xgboost
2011-06-20,8.143747585587652,8.152432441711426,xgboost
2011-06-27,6.334025899901506,7.364150047302246,xgboost
2011-07-04,6.473235260338902,5.907748699188232,xgboost
2011-07-11,7.030072702088485,6.384446620941162,xgboost
2011-07-18,7.16928206252588,8.226726531982422,xgboost
2011-07-25,5.707583777933224,8.552637100219727,xgboost
2011-08-01,4.802722935090152,5.857982158660889,xgboost
2011-08-08,4.1762808131218705,5.431301593780518,xgboost
2011-08-15,3.3410246504974963,5.129612922668457,xgboost
2011-08-22,3.271419970278798,4.440800666809082,xgboost
2011-08-29,3.3410246504974954,3.4436962604522705,xgboost
2011-09-05,4.593908894434058,3.799379348754883,xgboost
2011-09-12,4.6635135746527565,4.9923787117004395,xgboost
2011-09-19,4.593908894434058,5.160780906677246,xgboost
2011-09-26,3.1322106098414024,4.44619607925415,xgboost
2011-10-03,2.644977848310517,4.270624160766602,xgboost
2011-10-10,3.1322106098414024,4.4531354904174805,xgboost
2011-10-17,3.8282574120283814,4.229723930358887,xgboost
2011-10-24,3.7586527318096827,4.327524185180664,xgboost
2011-10-31,3.2018152900601002,3.909905195236206,xgboost
2011-11-07,3.3410246504974963,3.6761796474456787,xgboost
2011-11-14,2.9233965691853085,4.1673078536987305,xgboost
2011-11-21,2.7841872087479125,3.3259053230285645,xgboost
2011-11-28,2.6449778483105164,3.023851156234741,xgboost
2011-12-05,2.7841872087479125,3.003995180130005,xgboost
2011-12-12,3.3410246504974954,3.1822643280029297,xgboost
2011-12-19,3.062605929622704,3.252443790435791,xgboost
2011-12-26,3.1322106098414024,2.869830369949341,xgboost
2012-01-02,3.029453546964083,3.485212802886963,xgboost
2012-01-09,3.755322170179415,3.352332830429077,xgboost
2012-01-16,4.280664848403308,4.028942108154297,xgboost
2012-01-23,4.280664848403308,3.9011118412017822,xgboost
2012-01-30,3.533247176459873,4.160932540893555,xgboost
2012-02-06,3.057617748859505,3.5546255111694336,xgboost
2012-02-13,2.8537765656022045,3.0707290172576904,xgboost
2012-02-20,2.7858295045164376,3.074521064758301,xgboost
2012-02-27,3.7370883597171733,3.050067186355591,xgboost
2012-03-05,4.280664848403308,3.449035167694092,xgboost
2012-03-12,5.367817825775578,3.8864471912384033,xgboost
2012-03-19,5.77550019229018,5.699801445007324,xgboost
2012-03-26,6.862653169662448,6.023676872253418,xgboost
2012-04-02,7.67801790269165,8.1124906539917,xgboost
2012-04-09,8.629276757892386,10.351272583007812,xgboost
2012-04-16,8.493382635720854,10.2035493850708,xgboost
2012-04-23,8.765170880063922,10.379167556762695,xgboost
2012-04-30,8.493382635720854,10.17585277557373,xgboost
2012-05-07,6.930600230748216,8.626550674438477,xgboost
2012-05-14,5.367817825775578,7.319187164306641,xgboost
2012-05-21,3.261458932116806,6.5606279373168945,xgboost
2012-05-28,4.1447707262317754,4.379566192626953,xgboost
2012-06-04,5.299870764689811,4.307236194610596,xgboost
2012-06-11,7.678017902691651,5.321020126342773,xgboost
2012-06-18,7.813912024863185,7.470585823059082,xgboost
2012-06-25,6.522917864233615,7.4067158699035645,xgboost
2012-07-02,6.18318255880478,5.287966728210449,xgboost
2012-07-09,5.571659009032878,6.571682453155518,xgboost
2012-07-16,5.97934137554748,6.414685249328613,xgboost
2012-07-23,4.89218839817521,6.283046722412109,xgboost
2012-07-30,5.2319237036040445,4.3507399559021,xgboost
2012-08-06,5.096029581432511,5.0778656005859375,xgboost
2012-08-13,4.89218839817521,5.041994571685791,xgboost
2012-08-20,4.68834721491791,4.052852153778076,xgboost
2012-08-27,4.484506031660609,4.61848783493042,xgboost
2012-09-03,4.212717787317541,4.406835556030273,xgboost
2012-09-10,4.1447707262317754,4.211544990539551,xgboost
2012-09-17,4.6883472149179095,3.8410274982452393,xgboost
2012-09-24,4.484506031660609,3.739400863647461,xgboost
2012-10-01,4.280664848403308,3.946204900741577,xgboost
2012-10-08,3.2614589321168057,3.6672940254211426,xgboost
2012-10-15,3.193511871031039,3.0863070487976074,xgboost
2012-10-22,3.5332471764598736,3.0856194496154785,xgboost
2012-10-29,3.8729824818887075,3.2780685424804688,xgboost
2012-11-05,5.096029581432512,3.7086634635925293,xgboost
2012-11-12,5.367817825775579,4.6772780418396,xgboost
2012-11-19,5.571659009032879,5.572786808013916,xgboost
2012-11-26,4.280664848403309,5.8108086585998535,xgboost
2012-12-03,4.008876604060242,4.257406711578369,xgboost
2012-12-10,4.348611909489076,4.208461284637451,xgboost
2012-12-17,5.028082520346744,3.9775238037109375,xgboost
2012-12-24,6.658811986405149,4.511883735656738,xgboost
2012-12-31,6.522917864233616,6.17262077331543,xgboost
2013-01-07,7.482059607746561,6.3386030197143555,xgboost
2013-01-14,5.811814238547659,8.740182876586914,xgboost
2013-01-21,5.906611821453076,5.963484287261963,xgboost
2013-01-28,5.0438482969711655,7.016716480255127,xgboost
2013-02-04,4.579283322250137,6.359183311462402,xgboost
2013-02-11,4.048351922568961,4.266199111938477,xgboost
2013-02-18,3.7828862227283735,3.9656310081481934,xgboost
2013-02-25,4.6456497472102845,4.109409809112549,xgboost
2013-03-04,6.238443946253811,4.63860559463501,xgboost
2013-03-11,6.6366424960146935,6.938798904418945,xgboost
2013-03-18,6.570276071054546,7.210822105407715,xgboost
2013-03-25,5.906611821453076,6.914007186889648,xgboost
2013-04-01,7.9639709952176325,6.711361885070801,xgboost
2013-04-08,10.154063018902482,9.704024314880371,xgboost
2013-04-15,12.211422192667037,11.727612495422363,xgboost
2013-04-22,11.813223642906157,13.798979759216309,xgboost
2013-04-29,10.353162293782923,13.177464485168457,xgboost
2013-05-06,7.499406020496603,10.438023567199707,xgboost
2013-05-13,6.039344671373371,7.412824630737305,xgboost
2013-05-20,5.773878971532782,6.041790962219238,xgboost
2013-05-27,6.5039096460943995,5.829253196716309,xgboost
2013-06-03,6.1057110963335175,6.026382923126221,xgboost
2013-06-10,5.840245396492929,6.672580242156982,xgboost
2013-06-17,5.707512546572635,6.645663261413574,xgboost
2013-06-24,6.238443946253811,5.686812400817871,xgboost
2013-07-01,5.242947571851606,6.139838218688965,xgboost
2013-07-08,5.110214721931313,5.621901512145996,xgboost
2013-07-15,4.1147183475291085,5.175599098205566,xgboost
2013-07-22,4.778382597130578,4.0394158363342285,xgboost
2013-07-29,4.712016172170431,4.847408771514893,xgboost
2013-08-05,5.043848296971166,4.860713481903076,xgboost
2013-08-12,4.313817622409549,5.124694347381592,xgboost
2013-08-19,4.048351922568961,4.255023956298828,xgboost
2013-08-26,6.172077521293665,4.413586139678955,xgboost
2013-09-02,6.703008920974841,6.129632949829102,xgboost
2013-09-09,7.167573895695868,6.3676629066467285,xgboost
2013-09-16,4.645649747210284,6.320577621459961,xgboost
2013-09-23,3.716519797768226,4.395055294036865,xgboost
2013-09-30,2.7210234233660215,3.49405837059021,xgboost
2013-10-07,2.190092023684846,3.2327353954315186,xgboost
2013-10-14,2.5882905734457275,3.4114420413970947,xgboost
2013-10-21,3.318321248007344,2.8929145336151123,xgboost
2013-10-28,3.9156190726486666,3.6439692974090576,xgboost
2013-11-04,3.915619072648667,3.8253705501556396,xgboost
2013-11-11,4.51291689728999,3.8665671348571777,xgboost
2013-11-18,4.579283322250136,4.5292744636535645,xgboost
2013-11-25,4.645649747210283,3.9710607528686523,xgboost
2013-12-02,3.451054097927638,4.653707027435303,xgboost
2013-12-09,3.18558839808705,3.328275203704834,xgboost
2013-12-16,2.853756273286315,3.077803373336792,xgboost
2013-12-23,2.256458448644993,2.8592748641967773,xgboost
2013-12-30,2.4555577235254336,3.3924105167388916,xgboost
2014-01-06,2.046797797346328,3.620556354522705,xgboost
2014-01-13,2.165951734728905,2.4845330715179443,xgboost
2014-01-20,1.880872050111616,2.7990381717681885,xgboost
2014-01-27,2.010587363912417,2.678757667541504,xgboost
2014-02-03,2.010587363912417,2.910043239593506,xgboost
2014-02-10,1.4917261087092115,2.179856777191162,xgboost
2014-02-17,1.6214414225100129,2.2014214992523193,xgboost
2014-02-24,2.075445020812818,2.3207876682281494,xgboost
2014-03-03,2.3348756484144206,2.458702802658081,xgboost
2014-03-10,2.659163932916424,2.5027871131896973,xgboost
2014-03-17,2.27001799151402,3.022329568862915,xgboost
2014-03-24,3.372598158820832,2.4450466632843018,xgboost
2014-03-31,3.761744100223236,3.632939100265503,xgboost
2014-04-07,4.604893639928445,4.4120354652404785,xgboost
2014-04-14,4.215747698526041,5.083959579467773,xgboost
2014-04-21,4.0860323847252396,4.508299827575684,xgboost
2014-04-28,3.9563170709244377,4.4285478591918945,xgboost
2014-05-05,4.864324267530048,4.181045055389404,xgboost
2014-05-12,6.03176209173726,4.50097131729126,xgboost
2014-05-19,7.134342259044073,5.3335771560668945,xgboost
2014-05-26,6.420908033139665,6.28009557723999,xgboost
2014-06-02,5.966904434836859,5.951866626739502,xgboost
2014-06-09,6.096619748637661,5.898317813873291,xgboost
2014-06-16,6.810053974542068,5.653627872467041,xgboost
2014-06-23,6.680338660741267,5.975867748260498,xgboost
2014-06-30,6.03176209173726,5.962733745574951,xgboost
2014-07-07,4.864324267530049,5.882734298706055,xgboost
2014-07-14,5.253470208932452,5.078771591186523,xgboost
2014-07-21,4.9291819244304484,4.726845741271973,xgboost
2014-07-28,5.058897238231249,4.790332794189453,xgboost
2014-08-04,4.669751296828846,4.667855739593506,xgboost
2014-08-11,4.0860323847252396,4.378561973571777,xgboost
2014-08-18,3.956317070924438,4.688317775726318,xgboost
2014-08-25,3.17802518811963,4.681670665740967,xgboost
2014-09-01,3.1131675312192293,3.3842313289642334,xgboost
2014-09-08,3.2428828450200307,3.574974298477173,xgboost
2014-09-15,3.2428828450200307,3.7138724327087402,xgboost
2014-09-22,3.4374558157212327,3.016261339187622,xgboost
2014-09-29,2.9185945605180272,3.610618829727173,xgboost
2014-10-06,2.724021589816825,3.231874465942383,xgboost
2014-10-13,2.594306276016024,3.1978282928466797,xgboost
2014-10-20,2.8537369036176266,3.150794744491577,xgboost
2014-10-27,2.659163932916424,2.998265504837036,xgboost
2014-11-03,3.3077405019204313,2.8071393966674805,xgboost
2014-11-10,3.3077405019204313,3.464597702026367,xgboost
2014-11-17,4.021174727824839,3.2237815856933594,xgboost
2014-11-24,3.4374558157212327,4.1322021484375,xgboost
2014-12-01,3.567171129522034,3.2996857166290283,xgboost
2014-12-08,2.724021589816825,3.374521255493164,xgboost
2014-12-15,3.372598158820832,2.75295352935791,xgboost
2014-12-22,3.2428828450200307,3.1885409355163574,xgboost
2014-12-29,4.540035983028045,3.50907564163208,xgboost
2015-01-05,3.2962069613961194,4.578415870666504,xgboost
2015-01-12,3.212607301143711,3.376934766769409,xgboost
2015-01-19,2.5366385733944625,3.017045259475708,xgboost
2015-01-26,3.1707982167430795,2.726223945617676,xgboost
2015-02-02,3.6781259314219725,3.0116240978240967,xgboost
2015-02-09,3.4878780384173873,3.521242141723633,xgboost
2015-02-16,3.1073822524082177,3.3435633182525635,xgboost
2015-02-23,3.995205753096281,3.2183115482330322,xgboost
2015-03-02,4.8196132894494825,4.723921298980713,xgboost
2015-03-09,7.356251862843949,5.259672164916992,xgboost
2015-03-16,8.94165097121549,6.154351234436035,xgboost
2015-03-23,9.766058507568692,8.906946182250977,xgboost
2015-03-30,8.370907292201736,8.591276168823242,xgboost
2015-04-06,7.673331684518256,8.334946632385254,xgboost
2015-04-13,7.03917204116964,8.283636093139648,xgboost
2015-04-20,7.229419934174224,7.002413749694824,xgboost
2015-04-27,7.546499755848534,6.193748474121094,xgboost
2015-05-04,7.166003969839363,6.351579189300537,xgboost
2015-05-11,7.356251862843949,5.426959991455078,xgboost
2015-05-18,5.5806048614678225,5.976245880126953,xgboost
2015-05-25,5.707436790137546,5.249104976654053,xgboost
2015-06-01,4.185453646100865,5.760502815246582,xgboost
2015-06-08,4.185453646100866,4.3458638191223145,xgboost
2015-06-15,4.122037681766005,5.184735298156738,xgboost
2015-06-22,4.122037681766005,5.097671985626221,xgboost
2015-06-29,4.946445218119206,4.40476655960083,xgboost
2015-07-06,5.3269410041283765,5.259521961212158,xgboost
2015-07-13,5.707436790137546,5.197024345397949,xgboost
2015-07-20,4.439117503440312,5.044223308563232,xgboost
2015-07-27,3.614709967087111,4.225597381591797,xgboost
2015-08-03,3.4244620740825256,3.4645707607269287,xgboost
2015-08-10,3.4878780384173873,3.3739142417907715,xgboost
2015-08-17,3.1707982167430795,3.6561224460601807,xgboost
2015-08-24,3.551294002752249,3.5317699909210205,xgboost
2015-08-31,3.1073822524082177,3.4572067260742188,xgboost
2015-09-07,3.8683738244265577,3.4408838748931885,xgboost
2015-09-14,3.297630145412803,4.384341239929199,xgboost
2015-09-21,4.3122855747705895,3.658221960067749,xgboost
2015-09-28,4.122037681766004,3.8464434146881104,xgboost
2015-10-05,5.136693111123791,4.32509708404541,xgboost
2015-10-12,4.248869610435728,5.309026718139648,xgboost
2015-10-19,3.931789788761419,4.511446475982666,xgboost
2015-10-26,3.297630145412803,4.181535720825195,xgboost
2015-11-02,3.8683738244265577,3.2943429946899414,xgboost
2015-11-09,3.7415418957568343,3.948829174041748,xgboost
2015-11-16,4.0586217174311425,3.719625234603882,xgboost
2015-11-23,3.614709967087111,4.409657955169678,xgboost
2015-11-30,3.7415418957568343,3.295292377471924,xgboost
2015-12-07,3.6781259314219725,3.420996904373169,xgboost
2015-12-14,3.9952057530962812,3.536581039428711,xgboost
2015-12-21,3.8683738244265577,4.211905479431152,xgboost
2015-12-28,2.4732226090596017,4.185318470001221,xgboost
2016-01-04,2.4428847678711207,3.5467653274536133,xgboost
2016-01-11,3.1018485776783504,2.77876615524292,xgboost
2016-01-18,4.714809838071094,3.3510942459106445,xgboost
2016-01-25,4.714809838071094,4.235675811767578,xgboost
2016-02-01,4.528698923410393,4.357626438140869,xgboost
2016-02-08,4.156477094088991,3.769430160522461,xgboost
2016-02-15,4.714809838071094,4.34022855758667,xgboost
2016-02-22,4.094440122535423,5.4715256690979,xgboost
2016-02-29,4.590735894963959,4.199129104614258,xgboost
2016-03-07,3.4120334354461854,5.08206844329834,xgboost
2016-03-14,3.9703661794282894,4.116569519042969,xgboost
2016-03-21,3.5361073785533192,4.779224872589111,xgboost
2016-03-28,4.032403150981856,4.117323875427246,xgboost
2016-04-04,4.652772866517527,4.139315605163574,xgboost
2016-04-11,5.521290468267465,5.387027263641357,xgboost
2016-04-18,7.32036264332091,6.0833892822265625,xgboost
2016-04-25,7.258325671767342,7.709059238433838,xgboost
2016-05-02,7.75462144419588,7.001993656158447,xgboost
2016-05-09,7.506473557981612,7.8315348625183105,xgboost
2016-05-16,8.747212989052953,6.621242046356201,xgboost
2016-05-23,8.871286932160087,8.15048885345459,xgboost
2016-05-30,9.181471789927924,7.907403945922852,xgboost
2016-06-06,8.80924996060652,8.056200981140137,xgboost
2016-06-13,9.305545733035059,7.947484493255615,xgboost
2016-06-20,8.064806301963715,7.974148273468018,xgboost
2016-06-27,9.305545733035055,8.272756576538086,xgboost
2016-07-04,8.80924996060652,8.635202407836914,xgboost
2016-07-11,10.422211220999264,8.061169624328613,xgboost
2016-07-18,8.126843273517283,9.508942604064941,xgboost
2016-07-25,7.196288700213777,7.728448390960693,xgboost
2016-08-01,5.21110561049963,6.3600897789001465,xgboost
2016-08-08,5.335179553606764,4.440361976623535,xgboost
2016-08-15,4.900920752731795,4.5377326011657715,xgboost
2016-08-22,4.094440122535423,4.927235126495361,xgboost
2016-08-29,3.7842552647675873,4.344125747680664,xgboost
2016-09-05,4.156477094088991,3.9247446060180664,xgboost
2016-09-12,4.776846809624661,4.788971900939941,xgboost
2016-09-19,4.342588008749692,4.743125915527344,xgboost
2016-09-26,2.9777746345712157,4.0247883796691895,xgboost
2016-10-03,2.9157376630176493,2.993990182876587,xgboost
2016-10-10,2.2953679474819784,2.8294222354888916,xgboost
2016-10-17,3.2879594923390507,2.885247230529785,xgboost
2016-10-24,3.7222182932140204,3.6912333965301514,xgboost
2016-10-31,4.652772866517527,3.6654553413391113,xgboost
2016-11-07,4.652772866517527,4.427754878997803,xgboost
2016-11-14,3.7222182932140213,4.309446334838867,xgboost
2016-11-21,3.5981443501068866,3.7253777980804443,xgboost
2016-11-28,2.7296267483569476,3.6188786029815674,xgboost
2016-12-05,3.0398116061247826,2.767559051513672,xgboost
2016-12-12,2.5435158336962465,3.281489849090576,xgboost
2016-12-19,2.9777746345712157,3.1808102130889893,xgboost
2016-12-26,2.853700691464082,2.7293388843536377,xgboost
2017-01-02,2.8338962483978443,2.861480712890625,xgboost
2017-01-09,2.75205483377804,2.8928611278533936,xgboost
2017-01-16,2.246516987918593,2.904961347579956,xgboost
2017-01-23,1.9429336111728368,2.4959523677825928,xgboost
2017-01-30,1.6393502344270805,2.1743295192718506,xgboost
2017-02-06,2.853683741410105,1.8817776441574097,xgboost
2017-02-13,3.035833767457559,2.4271810054779053,xgboost
2017-02-20,3.8251505469965252,2.6141622066497803,xgboost
2017-02-27,3.2787004688541646,4.200844764709473,xgboost
2017-03-06,3.7037171962982227,4.605880260467529,xgboost
2017-03-13,3.4608504949016177,4.324120044708252,xgboost
2017-03-20,3.7037171962982227,4.416715621948242,xgboost
2017-03-27,5.03948405397955,4.13100004196167,xgboost
2017-04-03,6.921700989803238,6.262509346008301,xgboost
2017-04-10,9.836101406562497,7.207760334014893,xgboost
2017-04-17,10.382551484704857,8.28560733795166,xgboost
2017-04-24,10.01825143260995,8.789365768432617,xgboost
2017-05-01,7.832451120040506,10.158045768737793,xgboost
2017-05-08,6.739550963755785,6.803494930267334,xgboost
2017-05-15,5.768084158169365,6.421527862548828,xgboost
2017-05-22,5.707367482820214,5.397736549377441,xgboost
2017-05-29,4.9180507032812475,5.960202693939209,xgboost
2017-06-05,4.7966173525829445,5.248159885406494,xgboost
2017-06-12,3.7037171962982227,5.036571025848389,xgboost
2017-06-19,4.189450599091432,3.7776939868927,xgboost
2017-06-26,3.703717196298222,4.20853853225708,xgboost
2017-07-03,3.825150546996524,3.9762535095214844,xgboost
2017-07-10,3.5215671702507687,3.9320266246795654,xgboost
2017-07-17,3.2179837935050126,3.7216949462890625,xgboost
2017-07-24,2.853683741410105,3.3203437328338623,xgboost
2017-07-31,2.0643669618711384,2.8876166343688965,xgboost
2017-08-07,2.3072336632677435,2.8581554889678955,xgboost
2017-08-14,2.1858003125694414,2.950953722000122,xgboost
2017-08-21,2.2465169879185924,2.4113519191741943,xgboost
2017-08-28,2.4286670139660465,2.102206230163574,xgboost
2017-09-04,2.853683741410105,2.634918689727783,xgboost
2017-09-11,3.2179837935050117,2.450070381164551,xgboost
2017-09-18,2.975117092108407,3.5719568729400635,xgboost
2017-09-25,2.7929670660609536,3.060081958770752,xgboost
2017-10-02,3.6430005209490712,2.863860845565796,xgboost
2017-10-09,4.432317300488037,3.6245346069335938,xgboost
2017-10-16,4.7966173525829445,4.2345805168151855,xgboost
2017-10-23,3.703717196298222,4.849376678466797,xgboost
2017-10-30,3.5822838455999197,3.612788200378418,xgboost
2017-11-06,4.12873392374228,3.734447479248047,xgboost
2017-11-13,3.5822838455999193,4.31554651260376,xgboost
2017-11-20,3.0965504428067097,3.550542116165161,xgboost
2017-11-27,2.12508363722029,3.4908204078674316,xgboost
2017-12-04,3.643000520949071,2.9116528034210205,xgboost
2017-12-11,3.885867222345676,4.223446846008301,xgboost
2017-12-18,4.6751840018846424,4.256705284118652,xgboost
2017-12-25,3.6430005209490717,4.4885430335998535,xgboost
2018-01-01,2.902723719287243,3.6337101459503174,xgboost
2018-01-08,2.3392893539128625,2.713890790939331,xgboost
2018-01-15,3.4599991290346988,3.162562370300293,xgboost
2018-01-22,4.116205860403349,3.539351463317871,xgboost
2018-01-29,5.1303435361549,3.8673932552337646,xgboost
2018-02-05,5.1303435361549,5.402647972106934,xgboost
2018-02-12,4.7724125917719995,5.675375461578369,xgboost
2018-02-19,3.817930073417599,4.337416172027588,xgboost
2018-02-26,3.5196542864318494,3.993466377258301,xgboost
2018-03-05,3.6986197586232996,3.781517744064331,xgboost
2018-03-12,3.937240388211899,3.7478761672973633,xgboost
2018-03-19,3.6986197586232996,4.196731090545654,xgboost
2018-03-26,3.5196542864318494,4.738736629486084,xgboost
2018-04-02,3.281033656843249,3.4219162464141846,xgboost
2018-04-09,3.459999129034699,3.762289047241211,xgboost
2018-04-16,4.1758610178005,3.0374844074249268,xgboost
2018-04-23,5.18999869355205,4.1652302742004395,xgboost
2018-04-30,4.653102276977699,5.632073879241943,xgboost
2018-05-07,4.71275743437485,4.588027000427246,xgboost
2018-05-14,4.832067749169149,4.501171588897705,xgboost
2018-05-21,5.6672399527292505,5.099154949188232,xgboost
2018-05-28,5.7268951101264,5.478586196899414,xgboost
2018-06-04,5.18999869355205,5.756566047668457,xgboost
2018-06-11,6.084826054509301,4.548592567443848,xgboost
2018-06-18,7.098963730260851,5.817289352416992,xgboost
2018-06-25,10.320342229706952,7.038130760192871,xgboost
2018-07-02,11.632755692444254,8.522954940795898,xgboost
2018-07-09,12.945169155181555,8.722155570983887,xgboost
2018-07-16,11.394135062855653,8.125670433044434,xgboost
2018-07-23,9.902756127926903,8.05511474609375,xgboost
2018-07-30,8.113101406012403,7.0675578117370605,xgboost
2018-08-06,7.576204989438051,7.47604513168335,xgboost
2018-08-13,9.246549396558251,6.797199249267578,xgboost
2018-08-20,8.471032350395303,8.768430709838867,xgboost
2018-08-27,6.86034310067225,8.087112426757812,xgboost
2018-09-03,4.5337919621833995,6.117987632751465,xgboost
2018-09-10,4.8917229065663,4.4635796546936035,xgboost
2018-09-17,4.951378063963449,4.383575916290283,xgboost
2018-09-24,4.23551617519765,4.304013252258301,xgboost
2018-10-01,4.175861017800499,3.948608875274658,xgboost
2018-10-08,4.653102276977699,4.032427787780762,xgboost
2018-10-15,4.95137806396345,4.179744243621826,xgboost
2018-10-22,4.175861017800499,4.637080192565918,xgboost
2018-10-29,4.8917229065663,4.0374321937561035,xgboost
2018-11-05,4.71275743437485,4.696414470672607,xgboost
2018-11-12,4.772412591771999,4.062327861785889,xgboost
2018-11-19,3.5196542864318485,4.132691383361816,xgboost
2018-11-26,3.937240388211899,3.177044630050659,xgboost
2018-12-03,4.175861017800499,3.583814859390259,xgboost
2018-12-10,4.235516175197649,3.7366373538970947,xgboost
2018-12-17,3.5196542864318485,3.923046588897705,xgboost
2018-12-24,2.5651717680774486,3.274298906326294,xgboost
2018-12-31,2.3862062958859984,2.5799782276153564,xgboost
2019-01-07,2.7081760756389097,3.029200792312622,xgboost
2019-01-14,4.1472478620149476,2.81752610206604,xgboost
2019-01-21,5.16382975143412,4.602996349334717,xgboost
2019-01-28,5.105809192429242,4.9755778312683105,xgboost
2019-02-04,4.583624161385342,4.962091445922852,xgboost
2019-02-11,3.9453980123316863,4.113895416259766,xgboost
2019-02-18,4.757685838399976,3.6372971534729004,xgboost
2019-02-25,4.989768074419487,4.403713703155518,xgboost
2019-03-04,5.744035341482898,5.647305011749268,xgboost
2019-03-11,4.931747515414609,6.76318883895874,xgboost
2019-03-18,4.757685838399975,5.750290393829346,xgboost
2019-03-25,4.409562484370709,4.87807559967041,xgboost
2019-04-01,4.757685838399976,4.826945781707764,xgboost
2019-04-08,4.409562484370709,5.158544540405273,xgboost
2019-04-15,4.177480248351198,4.849106788635254,xgboost
2019-04-22,4.1194596893463205,4.949202060699463,xgboost
2019-04-29,4.351541925365831,4.665089130401611,xgboost
2019-05-06,5.105809192429243,4.309367656707764,xgboost
2019-05-13,5.802055900487777,5.563792705535889,xgboost
2019-05-20,5.744035341482899,5.59517765045166,xgboost
2019-05-27,4.8157063974048535,5.474647521972656,xgboost
2019-06-03,3.7713363353170535,5.056271076202393,xgboost
2019-06-10,4.177480248351198,3.86102294921875,xgboost
2019-06-17,4.40956248437071,4.507579803466797,xgboost
2019-06-24,4.235500807356076,3.981247663497925,xgboost
2019-07-01,3.8293568943219314,4.053648948669434,xgboost
2019-07-08,3.1911307452682762,3.6100234985351562,xgboost
2019-07-15,2.668945714224376,3.411525011062622,xgboost
2019-07-22,2.436863478204865,2.5033340454101562,xgboost
2019-07-29,2.784986832234132,2.5070619583129883,xgboost
2019-08-05,3.2491513042731537,2.3198294639587402,xgboost
2019-08-12,3.133110186263398,3.2096540927886963,xgboost
2019-08-19,2.8430073912390093,3.142892360687256,xgboost
2019-08-26,2.9590485092487646,3.0018036365509033,xgboost
2019-09-02,3.3651924222829095,2.8973681926727295,xgboost
2019-09-09,4.003418571336565,3.4299895763397217,xgboost
2019-09-16,3.8293568943219314,3.9639463424682617,xgboost
2019-09-23,3.481233540292665,3.572364568710327,xgboost
2019-09-30,2.2047812421853537,3.4317824840545654,xgboost
2019-10-07,2.55290459621462,3.4308576583862305,xgboost
2019-10-14,2.784986832234131,3.0324625968933105,xgboost
2019-10-21,3.5392540992975428,3.4954111576080322,xgboost
2019-10-28,3.307171863278032,3.4507315158843994,xgboost
2019-11-04,3.7133157763121765,3.745001792907715,xgboost
2019-11-11,3.0750896272585204,3.8001980781555176,xgboost
2019-11-18,3.1911307452682762,3.3165316581726074,xgboost
2019-11-25,2.668945714224376,3.149901866912842,xgboost
2019-12-02,3.7133157763121756,3.0192997455596924,xgboost
2019-12-09,3.5392540992975423,3.8609468936920166,xgboost
2019-12-16,4.0614391303414425,3.570570945739746,xgboost
2019-12-23,4.235500807356075,3.8062562942504883,xgboost
2019-12-30,4.8157063974048535,3.5077404975891113,xgboost
2020-01-06,4.77687957233854,4.500236511230469,xgboost
2020-01-13,4.7337386555981915,4.204998970031738,xgboost
2020-01-20,4.752932389536756,4.06992769241333,xgboost
2020-01-27,4.017359519727496,4.305878639221191,xgboost
2020-02-03,3.734446877493165,4.38318395614624,xgboost
2020-02-10,4.017359519727496,3.765645980834961,xgboost
2020-02-17,5.262175145558551,4.338961124420166,xgboost
2020-02-24,5.318757674005417,6.074637413024902,xgboost
2020-03-02,5.2055926171116855,5.796398162841797,xgboost
2020-03-09,4.583184804196158,5.084624290466309,xgboost
2020-03-16,4.4134372188555595,4.1297173500061035,xgboost
2020-03-23,3.734446877493165,4.601910591125488,xgboost
2020-03-30,2.546213780108975,4.274399280548096,xgboost
2020-04-06,1.8672234387465807,2.930497169494629,xgboost
2020-04-13,0.961902983596722,3.1790449619293213,xgboost
2020-04-20,0.7921553982561234,3.137484550476074,xgboost
2020-04-27,0.5092427560217926,2.3206896781921387,xgboost
2020-05-04,0.8487379267029898,2.2072794437408447,xgboost
2020-05-11,0.9053204551498558,2.0100600719451904,xgboost
2020-05-18,0.7355728698092573,2.010403633117676,xgboost
2020-05-25,0.3960776991280603,0.7244014143943787,xgboost
2020-06-01,0.28291264223432794,1.145400047302246,xgboost
2020-06-08,0.16974758534059556,1.0057228803634644,xgboost
2020-06-15,0.28291264223432794,0.9709938764572144,xgboost
2020-06-22,0.45266022757492647,0.9363164305686951,xgboost
2020-06-29,0.5092427560217926,1.008318543434143,xgboost
2020-07-06,0.6224078129155249,1.1074916124343872,xgboost
2020-07-13,0.961902983596722,0.9908926486968994,xgboost
2020-07-20,1.244815625831053,0.8816978931427002,xgboost
2020-07-27,1.0750680404904545,0.8257190585136414,xgboost
2020-08-03,0.6789903413623911,0.8408658504486084,xgboost
2020-08-10,0.961902983596722,0.8393439054489136,xgboost
2020-08-17,0.8487379267029894,1.0526090860366821,xgboost
2020-08-24,1.3013981542779192,1.0674382448196411,xgboost
2020-08-31,0.7355728698092574,1.1420235633850098,xgboost
2020-09-07,0.9053204551498558,1.0679320096969604,xgboost
2020-09-14,0.5658252844686588,0.7241742610931396,xgboost
2020-09-21,0.5658252844686588,0.8928151726722717,xgboost
2020-09-28,0.5092427560217926,1.2770124673843384,xgboost
2020-10-05,0.9053204551498558,1.1679052114486694,xgboost
2020-10-12,1.2448156258310528,1.0810346603393555,xgboost
2020-10-19,1.2448156258310528,0.9007852077484131,xgboost
2020-10-26,0.7355728698092573,0.9814310669898987,xgboost
2020-11-02,0.5092427560217926,0.8992527723312378,xgboost
2020-11-09,0.7921553982561235,0.9508367776870728,xgboost
2020-11-16,1.1316505689373206,0.7897807955741882,xgboost
2020-11-23,1.1316505689373206,0.8150766491889954,xgboost
2020-11-30,1.0184855120435883,0.6571111083030701,xgboost
2020-12-07,0.9053204551498558,0.9075971841812134,xgboost
2020-12-14,1.3579806827247853,0.8371408581733704,xgboost
2020-12-21,1.8106409102997147,0.8091636300086975,xgboost
2020-12-28,2.0369710240871792,1.3904081583023071,xgboost
2021-01-04,2.1326597442564363,2.0313222408294678,xgboost
2021-01-11,2.0598491888511288,2.2028000354766846,xgboost
2021-01-18,3.2647189021690983,1.8792412281036377,xgboost
2021-01-25,3.4860557768924267,3.8160781860351562,xgboost
2021-02-01,3.596724214254092,3.704969882965088,xgboost
2021-02-08,2.5453740593182794,3.929676055908203,xgboost
2021-02-15,2.5453740593182794,3.1785757541656494,xgboost
2021-02-22,2.6560424966799436,3.094216823577881,xgboost
2021-03-01,4.0393979637007495,3.0065290927886963,xgboost
2021-03-08,4.205400619743246,4.322342872619629,xgboost
2021-03-15,4.482071713147407,4.1752166748046875,xgboost
2021-03-22,4.150066401062414,3.9625632762908936,xgboost
2021-03-29,3.9840637450199172,4.444522380828857,xgboost
2021-04-05,3.707392651615756,4.747383117675781,xgboost
2021-04-12,2.656042496679944,4.190997123718262,xgboost
2021-04-19,3.1540504648074346,3.1028449535369873,xgboost
2021-04-26,3.430721558211595,3.2181828022003174,xgboost
2021-05-03,3.1540504648074346,3.9302899837493896,xgboost
2021-05-10,2.434705621956615,3.166532039642334,xgboost
2021-05-17,2.4900398406374475,3.256316661834717,xgboost
2021-05-24,3.098716246126602,3.0163748264312744,xgboost
2021-05-31,2.600708277999112,3.1466875076293945,xgboost
2021-06-07,1.881363435148293,2.422260284423828,xgboost
2021-06-14,1.604692341744132,2.0720293521881104,xgboost
2021-06-21,2.4900398406374475,1.829310417175293,xgboost
2021-06-28,2.4347056219566157,2.565566301345825,xgboost
2021-07-05,2.4900398406374475,2.505584478378296,xgboost
2021-07-12,1.9920318725099577,2.54054594039917,xgboost
2021-07-19,1.9366976538291256,1.9859026670455933,xgboost
2021-07-26,1.3833554670208033,1.963986873626709,xgboost
2021-08-02,1.05135015493581,1.953534483909607,xgboost
2021-08-09,1.881363435148293,1.0692530870437622,xgboost
2021-08-16,2.4347056219566157,1.5128498077392578,xgboost
2021-08-23,2.9880478087649376,2.6566832065582275,xgboost
2021-08-30,1.9366976538291256,2.9020652770996094,xgboost
2021-09-06,1.9366976538291256,2.0050740242004395,xgboost
2021-09-13,1.2726870296591388,2.135218620300293,xgboost
2021-09-20,1.826029216467461,1.3555349111557007,xgboost
2021-09-27,1.6046923417441323,1.8967938423156738,xgboost
2021-10-04,1.604692341744132,1.8092107772827148,xgboost
2021-10-11,1.1620185922974746,1.8375279903411865,xgboost
2021-10-18,0.6086764054891523,1.6142568588256836,xgboost
2021-10-25,0.55334218680832,1.3983947038650513,xgboost
2021-11-01,0.6086764054891521,1.0874253511428833,xgboost
2021-11-08,0.7746790615316489,0.6737043261528015,xgboost
2021-11-15,0.8853474988933132,0.7656566500663757,xgboost
2021-11-22,0.6086764054891521,1.122122049331665,xgboost
2021-11-29,0.4426737494466555,0.7945916652679443,xgboost
2021-12-06,0.38733953076582334,0.806938111782074,xgboost
2021-12-13,0.55334218680832,0.6893704533576965,xgboost
2021-12-20,0.6640106241699844,0.8480654954910278,xgboost
2021-12-27,0.7746790615316489,0.9316799640655518,xgboost
2022-01-03,0.7690001028517695,0.8375820517539978,xgboost
2022-01-10,1.1991801432026927,0.948849081993103,xgboost
2022-01-17,1.246563819731694,1.1421854496002197,xgboost
2022-01-24,1.5175559544559754,1.007861614227295,xgboost
2022-01-31,1.4633575275111192,1.8286899328231812,xgboost
2022-02-07,1.3549606736214066,1.6880242824554443,xgboost
2022-02-14,1.3549606736214066,1.722644567489624,xgboost
2022-02-21,1.1923653927868374,1.6736338138580322,xgboost
2022-02-28,1.30076224667655,1.2992115020751953,xgboost
2022-03-07,0.9755716850074121,1.4685969352722168,xgboost
2022-03-14,1.1923653927868376,1.2316821813583374,xgboost
2022-03-21,1.8427465161251135,1.3641821146011353,xgboost
2022-03-28,2.8183182011325285,1.3903855085372925,xgboost
2022-04-04,2.7641197741876717,2.1113033294677734,xgboost
2022-04-11,2.655722920297959,2.2796614170074463,xgboost
2022-04-18,2.5473260664082464,2.7673799991607666,xgboost
2022-04-25,3.739691459195086,2.8359313011169434,xgboost
2022-05-02,4.227477301698793,3.55100417137146,xgboost
2022-05-09,4.227477301698793,4.3396196365356445,xgboost
2022-05-16,3.902286740029655,4.159901142120361,xgboost
2022-05-23,3.631294605305373,3.672297477722168,xgboost
2022-05-30,3.5770961783605166,2.9877688884735107,xgboost
2022-06-06,4.173278874753937,2.9814696311950684,xgboost
2022-06-13,4.498469436423075,3.8665592670440674,xgboost
2022-06-20,4.390072582533363,4.419445514678955,xgboost
2022-06-27,3.08931033585681,4.329929351806641,xgboost
2022-07-04,2.6015244933531028,2.8125152587890625,xgboost
2022-07-11,3.143508762801666,3.002542495727539,xgboost
2022-07-18,2.980913481967097,3.366184949874878,xgboost
2022-07-25,2.601524493353103,2.9986627101898193,xgboost
2022-08-01,3.0893103358568097,2.6024129390716553,xgboost
2022-08-08,3.848088313084799,3.444406032562256,xgboost
2022-08-15,4.335874155588506,4.1053786277771,xgboost
2022-08-22,2.8183182011325285,4.530592918395996,xgboost
2022-08-29,2.113738650849396,3.082174777984619,xgboost
2022-09-05,1.517555954455976,2.9441380500793457,xgboost
2022-09-12,2.1679370777942517,1.3389537334442139,xgboost
2022-09-19,2.3305323586288207,2.938659191131592,xgboost
2022-09-26,2.3305323586288207,2.47359037399292,xgboost
2022-10-03,1.842746516125114,2.465251922607422,xgboost
2022-10-10,2.5473260664082464,1.549863576889038,xgboost
2022-10-17,3.577096178360517,2.13948655128479,xgboost
2022-10-24,3.3603024705810918,2.8781120777130127,xgboost
2022-10-31,2.5473260664082464,2.802156686782837,xgboost
2022-11-07,2.059540223904539,2.5926592350006104,xgboost
2022-11-14,2.49312763946339,2.806403160095215,xgboost
2022-11-21,2.49312763946339,2.8523342609405518,xgboost
2022-11-28,2.276333931683965,2.6568503379821777,xgboost
2022-12-05,2.113738650849396,2.2221410274505615,xgboost
2022-12-12,2.0595402239045395,2.11783766746521,xgboost
2022-12-19,1.5717543814008323,2.186685085296631,xgboost
2022-12-26,1.9511433700148266,1.939733862876892,xgboost
2023-01-02,1.6738214478472526,2.3429481983184814,xgboost
2023-01-09,1.7737785851459087,2.0584704875946045,xgboost
2023-01-16,1.7537342582421502,2.093320846557617,xgboost
2023-01-23,1.9663081077260476,2.5043463706970215,xgboost
2023-01-30,2.1257384948389704,1.7809571027755737,xgboost
2023-02-06,2.1257384948389704,1.9629689455032349,xgboost
2023-02-13,2.019451570097022,2.0539145469665527,xgboost
2023-02-20,2.3383123443228677,1.9513914585113525,xgboost
2023-02-27,2.0725950324679965,2.5009102821350098,xgboost
2023-03-06,2.60402965617774,2.3478386402130127,xgboost
2023-03-13,1.860021182984099,2.7580654621124268,xgboost
2023-03-20,1.4348734840163047,2.107189178466797,xgboost
2023-03-27,1.8068777206131248,1.7304600477218628,xgboost
2023-04-03,2.869746968032611,2.014857769012451,xgboost
2023-04-10,3.7200423659681996,2.6753571033477783,xgboost
2023-04-17,3.0823208175165084,2.7388172149658203,xgboost
2023-04-24,3.241751204629431,2.8031201362609863,xgboost
2023-05-01,3.1354642798874828,3.1279549598693848,xgboost
2023-05-08,3.8263292907101487,3.1116490364074707,xgboost
2023-05-15,3.8263292907101487,3.7449214458465576,xgboost
2023-05-22,4.357763914419892,3.62180233001709,xgboost
2023-05-29,4.2514769896779425,4.176690578460693,xgboost
2023-06-05,4.676624688645737,3.953029155731201,xgboost
2023-06-12,4.46405083916184,4.366682052612305,xgboost
2023-06-19,4.517194301532815,4.405711650848389,xgboost
2023-06-26,4.995485462871583,3.6928210258483887,xgboost
2023-07-03,4.889198538129635,6.285770893096924,xgboost
2023-07-10,6.164641635033019,4.584043979644775,xgboost
2023-07-17,5.261202774726455,5.90645170211792,xgboost
2023-07-24,5.845780860807172,5.5559773445129395,xgboost
2023-07-31,4.304620452048917,5.739089012145996,xgboost
2023-08-07,3.6668989035972253,4.429596424102783,xgboost
2023-08-14,2.232025419580919,3.2750070095062256,xgboost
2023-08-21,2.4445992690648164,1.6502121686935425,xgboost
2023-08-28,2.4977427314357907,1.9453400373458862,xgboost
2023-09-04,3.0291773551455337,2.6496527194976807,xgboost
2023-09-11,2.710316580919688,3.0435996055603027,xgboost
2023-09-18,3.0291773551455337,2.4187090396881104,xgboost
2023-09-25,3.401181591742354,2.7748427391052246,xgboost
2023-10-02,3.1886077422584562,2.7848665714263916,xgboost
2023-10-09,3.0823208175165075,3.046354055404663,xgboost
2023-10-16,3.613755441226251,3.377054214477539,xgboost
2023-10-23,4.729768151016711,3.281754493713379,xgboost
2023-10-30,4.517194301532815,3.835080623626709,xgboost
2023-11-06,4.729768151016711,3.630007028579712,xgboost
2023-11-13,3.8263292907101487,4.211052417755127,xgboost
2023-11-20,3.7731858283391744,4.107339382171631,xgboost
2023-11-27,2.9760338927745598,4.3174638748168945,xgboost
2023-12-04,2.6571731185487137,2.936275005340576,xgboost
2023-12-11,2.816603505661637,3.3786113262176514,xgboost
2023-12-18,2.6571731185487137,3.3435144424438477,xgboost
2023-12-25,3.241751204629431,3.5417964458465576,xgboost
