date,year,neumonias_men5,hospitalizados_men5,defunciones_men5,neumonias_60mas,hospitalizados_60mas,defunciones_60mas,HR,CFR,HR_roll,CFR_roll
2006-01-02,2006,826,257,14,15,7,1,0.4666666666666667,0.06666666666666667,0.4666666666666667,0.06666666666666667
2006-01-09,2006,824,245,14,25,9,1,0.36,0.04,0.41333333333333333,0.05333333333333333
2006-01-16,2006,765,221,5,21,8,0,0.38095238095238093,0.0,0.40253968253968253,0.035555555555555556
2006-01-23,2006,743,203,17,13,6,1,0.46153846153846156,0.07692307692307693,0.4172893772893773,0.0458974358974359
2006-01-30,2006,585,200,10,18,10,3,0.5555555555555556,0.16666666666666666,0.44494261294261295,0.07005128205128205
2006-02-06,2006,610,214,7,18,6,2,0.3333333333333333,0.1111111111111111,0.42634106634106633,0.07689458689458689
2006-02-13,2006,590,178,10,17,5,0,0.29411764705882354,0.0,0.4074520064436031,0.0659096459096459
2006-02-20,2006,662,237,4,10,2,0,0.2,0.0,0.3815205056381527,0.05767094017094017
2006-02-27,2006,596,207,11,14,5,3,0.35714285714285715,0.21428571428571427,0.3678300294476765,0.07612332112332112
2006-03-06,2006,717,241,8,22,8,4,0.36363636363636365,0.18181818181818182,0.368284574902222,0.09385059385059384
2006-03-13,2006,790,231,4,21,7,0,0.3333333333333333,0.0,0.362332193949841,0.09385059385059384
2006-03-20,2006,796,239,10,17,9,4,0.5294117647058824,0.23529411764705882,0.37081635684576864,0.11364697394109159
2006-03-27,2006,748,213,4,16,9,2,0.5625,0.125,0.3716844124013242,0.10843864060775826
2006-04-03,2006,1069,311,4,16,0,1,0.0,0.0625,0.3300177457346575,0.10236225171886937
2006-04-10,2006,916,292,5,24,7,3,0.2916666666666667,0.125,0.3297113731856379,0.11798725171886937
2006-04-17,2006,1195,353,11,24,8,6,0.3333333333333333,0.25,0.34637803985230453,0.14923725171886937
2006-04-24,2006,1146,367,10,23,8,3,0.34782608695652173,0.13043478260869565,0.3452134435790126,0.13875588525924204
2006-05-01,2006,1152,342,9,30,13,3,0.43333333333333335,0.1,0.3539255647911339,0.12852861253196932
2006-05-08,2006,1494,398,13,43,15,7,0.3488372093023256,0.16279069767441862,0.3558635492872579,0.14887744974127165
2006-05-15,2006,1508,465,15,57,12,3,0.21052631578947367,0.05263157894736842,0.3160028681727068,0.12604463240381034
2006-05-22,2006,1637,516,11,61,20,4,0.32786885245901637,0.06557377049180328,0.2866739747300838,0.11861635371528574
2006-05-29,2006,1413,456,11,76,20,4,0.2631578947368421,0.05263157894736842,0.3195687115721891,0.1173828010837068
2006-06-05,2006,1493,440,11,96,38,7,0.3958333333333333,0.07291666666666667,0.33258954490552245,0.11087238441704013
2006-06-12,2006,1464,464,13,69,20,6,0.2898550724637681,0.08695652173913043,0.3271547622968268,0.09049194963443144
2006-06-19,2006,1488,488,16,83,25,7,0.30120481927710846,0.08433734939759036,0.3213271038369001,0.08472977048304328
2006-06-26,2006,1308,410,12,73,15,5,0.2054794520547945,0.0684931506849315,0.2928453686770828,0.08079141431865972
2006-07-03,2006,1254,408,16,69,20,8,0.2898550724637681,0.11594202898550725,0.28547260157226306,0.0749353307325458
2006-07-10,2006,1228,351,9,78,23,5,0.2948717948717949,0.0641025641025641,0.2960157864575532,0.07636920387694525
2006-07-17,2006,1065,328,12,65,15,6,0.23076923076923078,0.09230769230769231,0.28387833374633004,0.07971094410393138
2006-07-24,2006,1054,335,11,69,21,3,0.30434782608695654,0.043478260869565216,0.28902707516509435,0.07856677934420597
2006-07-31,2006,1137,318,10,87,25,7,0.28735632183908044,0.08045977011494253,0.27546744872831275,0.07950966727524046
2006-08-07,2006,1054,318,8,83,15,3,0.18072289156626506,0.03614457831325301,0.2618259261161249,0.07315817434700578
2006-08-14,2006,965,276,13,67,25,3,0.373134328358209,0.04477611940298507,0.2708171147512624,0.06821302059768013
2006-08-21,2006,900,283,10,87,23,4,0.26436781609195403,0.04597701149425287,0.27817816025590736,0.0653985031988453
2006-08-28,2006,819,260,3,55,21,6,0.38181818181818183,0.10909090909090909,0.2896735489252091,0.06454211321202052
2006-09-04,2006,808,274,12,75,37,3,0.49333333333333335,0.04,0.3144812412329014,0.06152929269920001
2006-09-11,2006,918,252,8,67,28,6,0.417910447761194,0.08955223880597014,0.33787389335689677,0.06118486101148474
2006-09-18,2006,798,252,6,96,27,5,0.28125,0.052083333333333336,0.3349866650960272,0.06226049506945576
2006-09-25,2006,772,237,5,77,34,5,0.44155844155844154,0.06493506493506493,0.3542619300609473,0.06031990692197106
2006-10-02,2006,776,238,10,60,26,5,0.43333333333333335,0.08333333333333333,0.38583823528183087,0.06621850129948109
2006-10-09,2006,887,265,4,67,15,3,0.22388059701492538,0.04477611940298507,0.3671815188639204,0.06621850129948109
2006-10-16,2006,876,252,10,70,30,4,0.42857142857142855,0.05714285714285714,0.3877069704238547,0.06761423200555663
2006-10-23,2006,814,233,6,68,25,2,0.36764705882352944,0.029411764705882353,0.3859355800495232,0.05765433895742829
2006-10-30,2006,872,227,4,81,23,3,0.2839506172839506,0.037037037037037035,0.3597627405433504,0.05728396858705792
2006-11-06,2006,869,231,5,70,19,4,0.2714285714285714,0.05714285714285714,0.34145250600177257,0.05323279587916879
2006-11-13,2006,844,251,9,66,25,5,0.3787878787878788,0.07575757575757576,0.35364474085025743,0.0561920761821991
2006-11-20,2006,783,241,13,75,16,1,0.21333333333333335,0.013333333333333334,0.3251166023221188,0.04974185973198264
2006-11-27,2006,854,266,12,70,25,3,0.35714285714285715,0.04285714285714286,0.3155927927983093,0.044682335922458835
2006-12-04,2006,780,240,6,62,24,1,0.3870967741935484,0.016129032258064516,0.3359948149456372,0.04110145002934377
2006-12-11,2006,773,218,3,64,23,3,0.359375,0.046875,0.3273452613742086,0.03981796788648662
2006-12-18,2006,703,198,4,83,23,1,0.27710843373493976,0.012048192771084338,0.31602793323813494,0.037647521394636875
2006-12-25,2006,616,187,7,47,18,5,0.3829787234042553,0.10638297872340426,0.32840644650317297,0.046315764105432776
2007-01-01,2007,721,237,8,77,25,1,0.3246753246753247,0.012987012987012988,0.33506229065901716,0.04079628358595226
2007-01-08,2007,786,225,8,78,24,5,0.3076923076923077,0.0641025641025641,0.32617534427207073,0.0393394071290758
2007-01-15,2007,707,220,6,77,27,5,0.35064935064935066,0.06493506493506493,0.343339846436573,0.04578962357929225
2007-01-22,2007,652,193,11,70,28,7,0.4,0.1,0.34869698929371584,0.05293248072214939
2007-01-29,2007,634,209,7,73,26,5,0.3561643835616438,0.0684931506849315,0.34483044046472777,0.05947799552550777
2007-02-05,2007,650,201,5,71,26,5,0.36619718309859156,0.07042253521126761,0.3456832133520517,0.06242143742691622
2007-02-12,2007,710,193,6,69,18,1,0.2608695652173913,0.014492753623188406,0.34365335478735815,0.06272700753342922
2007-02-19,2007,659,219,9,77,30,1,0.38961038961038963,0.012987012987012988,0.34448231306312493,0.05105251181638031
2007-02-26,2007,628,208,6,90,40,4,0.4444444444444444,0.044444444444444446,0.3594534530342649,0.054984690748559245
2007-03-05,2007,672,246,7,96,49,8,0.5104166666666666,0.08333333333333333,0.3847939979060598,0.057388536902405404
2007-03-12,2007,688,237,6,74,35,8,0.47297297297297297,0.10810810810810811,0.40008445069651255,0.0627851672990358
2007-03-19,2007,745,263,14,156,37,10,0.23717948717948717,0.0641025641025641,0.3797318865939484,0.058297987811856314
2007-03-26,2007,842,294,5,88,39,7,0.4431818181818182,0.07954545454545454,0.39060906592147027,0.05967952579442169
2007-04-02,2007,924,288,6,77,23,5,0.2987012987012987,0.06493506493506493,0.3821720803718086,0.05899359200989635
2007-04-09,2007,1031,332,9,85,33,6,0.38823529411764707,0.07058823529411765,0.3980927964843406,0.06600552721876252
2007-04-16,2007,988,343,3,90,38,9,0.4222222222222222,0.1,0.40216927556081966,0.07688215059538589
2007-04-23,2007,1001,341,6,68,30,3,0.4411764705882353,0.04411764705882353,0.4017607788287935,0.07684130092218328
2007-04-30,2007,1077,401,9,74,36,13,0.4864864864864865,0.17567567567567569,0.398769506306271,0.08838409371497608
2007-05-07,2007,1236,425,11,74,30,13,0.40540540540540543,0.17567567567567569,0.3903235603603251,0.09683003966092202
2007-05-14,2007,1197,398,14,64,19,0,0.296875,0.0,0.3977854994628892,0.0888172191481015
2007-05-21,2007,1309,427,10,94,30,6,0.3191489361702128,0.06382978723404255,0.3822813892114385,0.086852760734175
2007-05-28,2007,1228,385,14,86,42,4,0.4883720930232558,0.046511627906976744,0.40599023850168314,0.08454983110566397
2007-06-04,2007,1269,422,14,108,43,4,0.39814814814814814,0.037037037037037035,0.40722934525549576,0.0803559313235289
2007-06-11,2007,1252,405,18,147,42,7,0.2857142857142857,0.047619047619047616,0.3901658531920037,0.07380831227590985
2007-06-18,2007,1085,354,18,118,40,6,0.3389830508474576,0.05084745762711865,0.37739167572440646,0.07464953859694674
2007-06-25,2007,1008,357,16,122,61,7,0.5,0.05737704918032787,0.3790808649135957,0.059862210285028264
2007-07-02,2007,1126,399,14,145,31,5,0.21379310344827587,0.034482758620689655,0.3551293271689545,0.042213095653155015
2007-07-09,2007,1058,359,17,149,54,11,0.3624161073825503,0.0738255033557047,0.3633219655917733,0.0514412835726181
2007-07-16,2007,909,292,5,128,57,7,0.4453125,0.0546875,0.3790924110704967,0.050298497668362786
2007-07-23,2007,833,294,10,95,51,10,0.5368421052631579,0.10526315789473684,0.38515116260048443,0.057642438916832794
2007-07-30,2007,836,263,10,101,38,8,0.37623762376237624,0.07920792079207921,0.38241234705226296,0.06291379938621307
2007-08-06,2007,828,295,11,117,67,2,0.5726495726495726,0.017094017094017096,0.4182792579191738,0.05909817057058425
2007-08-13,2007,815,274,4,97,47,5,0.4845360824742268,0.05154639175257732,0.43647338687252,0.05918553733626659
2007-08-20,2007,797,269,10,116,47,8,0.4051724137931034,0.06896551724137931,0.4246199385966579,0.06063409584389802
2007-08-27,2007,705,252,6,116,58,6,0.5,0.05172413793103448,0.4603958006656234,0.06278926825769111
2007-09-03,2007,806,252,12,130,73,11,0.5615384615384615,0.08461538461538462,0.4852860949351123,0.0641380034151511
2007-09-10,2007,851,259,11,111,40,7,0.36036036036036034,0.06306306306306306,0.47466707748015735,0.06518494879803399
2007-09-17,2007,756,257,8,118,41,7,0.3474576271186441,0.059322033898305086,0.45099401771209313,0.05944230829848002
2007-09-24,2007,852,247,6,218,42,4,0.1926605504587156,0.01834862385321101,0.42804688354913556,0.05183489618112149
2007-10-01,2007,819,277,8,111,47,6,0.42342342342342343,0.05405405405405406,0.4093936148958669,0.05645490080112611
2007-10-08,2007,952,296,12,107,44,3,0.411214953271028,0.028037383177570093,0.40022847374546705,0.05351627472925021
2007-10-15,2007,932,297,5,140,43,7,0.30714285714285716,0.05,0.38797477916418627,0.05114558507407781
2007-10-22,2007,932,292,5,99,43,6,0.43434343434343436,0.06060606060606061,0.37976770845711555,0.052255825408456066
2007-10-29,2007,792,254,6,102,28,2,0.27450980392156865,0.0196078431372549,0.34388912625500395,0.04412988272368985
2007-11-05,2007,902,307,4,117,35,6,0.29914529914529914,0.05128205128205128,0.3362372436031213,0.042657256251063376
2007-11-12,2007,878,271,9,141,39,9,0.2765957446808511,0.06382978723404255,0.3273795082983972,0.04322072541803056
2007-11-19,2007,876,279,6,112,32,8,0.2857142857142857,0.07142857142857142,0.33901122520534344,0.04985571886495062
2007-11-26,2007,882,311,10,118,36,9,0.3050847457627119,0.07627118644067797,0.3242188904977545,0.05263286041327861
2007-12-03,2007,791,269,6,104,30,3,0.28846153846153844,0.028846153846153848,0.30887471364656827,0.05273395674685157
2007-12-10,2007,820,276,10,124,36,11,0.2903225806451613,0.08870967741935484,0.30677217908435633,0.05757266642427093
2007-12-17,2007,786,289,5,101,39,7,0.38613861386138615,0.06930693069306931,0.3007465765241003,0.058660275185147014
2007-12-24,2007,909,301,5,90,50,2,0.5555555555555556,0.022222222222222223,0.33587729547834866,0.05898707257076793
2007-12-31,2007,756,266,9,127,34,5,0.2677165354330709,0.03937007874015748,0.33194870001432014,0.05749807600303121
2008-01-07,2008,935,322,2,173,46,7,0.2658959537572254,0.04046242774566474,0.3306112261488669,0.05457715606698398
2008-01-14,2008,920,309,8,131,40,8,0.3053435114503817,0.061068702290076333,0.3330648793658789,0.05328217242467209
2008-01-21,2008,764,253,5,117,39,5,0.3333333333333333,0.042735042735042736,0.3365959528122066,0.04909015446146769
2008-01-28,2008,789,274,8,144,42,6,0.2916666666666667,0.041666666666666664,0.33699659383784764,0.0506927185640318
2008-02-04,2008,806,293,9,115,28,10,0.24347826086956523,0.08695652173913043,0.3311410538658981,0.05047357410400374
2008-02-11,2008,748,244,8,113,32,5,0.2831858407079646,0.04424778761061947,0.3182719572217204,0.04734118121869751
2008-02-18,2008,786,260,9,113,43,3,0.3805309734513274,0.02654867256637168,0.2963938844586919,0.0478819875117162
2008-02-25,2008,855,271,6,121,29,4,0.2396694214876033,0.03305785123966942,0.29288799521550846,0.047092959074155186
2008-03-03,2008,946,286,4,122,27,7,0.22131147540983606,0.05737704918032787,0.28731493542208475,0.04920728675348807
2008-03-10,2008,938,272,3,140,39,1,0.2785714285714286,0.007142857142857143,0.28396842506221565,0.04246655611008568
2008-03-17,2008,884,274,9,127,40,4,0.31496062992125984,0.031496062992125984,0.2816718371357065,0.04106168364222108
2008-03-24,2008,1053,312,6,152,38,8,0.25,0.05263157894736842,0.2764635038023731,0.0424322976773088
2008-03-31,2008,954,302,6,149,41,9,0.2751677852348993,0.06040268456375839,0.2804246943480399,0.039113068030387305
2008-04-07,2008,1094,347,4,125,35,5,0.28,0.04,0.28002646425954436,0.03858209457905987
2008-04-14,2008,1182,415,5,120,38,2,0.31666666666666665,0.016666666666666666,0.2720434259114617,0.037346843841596734
2008-04-21,2008,1065,353,6,132,42,6,0.3181818181818182,0.045454545454545456,0.2818574754982386,0.03889643061845625
2008-04-28,2008,1071,372,7,123,29,7,0.23577235772357724,0.056910569105691054,0.28366508578745625,0.03883812060912664
2008-05-05,2008,1051,377,13,126,38,5,0.30158730158730157,0.03968253968253968,0.28654206991444037,0.04290558092658696
2008-05-12,2008,1004,341,15,136,43,7,0.3161764705882353,0.051470588235294115,0.2866940499978123,0.04540239658198297
2008-05-19,2008,1191,448,12,125,32,8,0.256,0.064,0.28744404999781226,0.04682344921356192
2008-05-26,2008,957,377,11,140,42,6,0.3,0.04285714285714286,0.2905480768434499,0.04463025650023498
2008-06-02,2008,1023,395,6,137,38,3,0.2773722627737226,0.021897810218978103,0.2902196096901652,0.04236748277760724
2008-06-09,2008,890,326,9,134,41,14,0.30597014925373134,0.1044776119402985,0.28888254501354826,0.053343850936811224
2008-06-16,2008,846,314,17,112,31,7,0.2767857142857143,0.0625,0.2837080320265353,0.05547453275499304
2008-06-23,2008,845,279,12,136,35,7,0.25735294117647056,0.051470588235294115,0.28640560495814693,0.054794535146193424
2008-06-30,2008,844,280,10,167,41,11,0.24550898203592814,0.0658682634730539,0.2793958150142253,0.0580677506200077
2008-07-07,2008,903,301,15,152,46,8,0.3026315789473684,0.05263157894736842,0.2777027035591169,0.05821287445901699
2008-07-14,2008,886,323,13,131,66,5,0.5038167938931297,0.03816793893129771,0.30867980279575813,0.0549838668254292
2008-07-21,2008,700,264,8,118,34,1,0.288135593220339,0.00847457627118644,0.30719675194830054,0.05068604600218465
2008-07-28,2008,793,306,13,153,40,5,0.26143790849673204,0.032679738562091505,0.3052049576636767,0.052033787045073825
2008-08-04,2008,684,227,7,114,36,2,0.3157894736842105,0.017543859649122806,0.3064323732174866,0.04116706800867686
2008-08-11,2008,619,223,8,137,31,4,0.22627737226277372,0.029197080291970802,0.300118830464619,0.03700420304517321
2008-08-18,2008,653,231,8,127,34,8,0.2677165354330709,0.06299212598425197,0.30141427974669405,0.038444395263792945
2008-08-25,2008,611,195,8,127,31,9,0.2440944881889764,0.07086614173228346,0.30123746801582507,0.03906913004619664
2008-09-01,2008,717,238,5,164,53,6,0.3231707317073171,0.036585365853658534,0.3038048621108187,0.0370633534094829
2008-09-08,2008,686,213,10,116,37,6,0.31896551724137934,0.05172413793103448,0.2806984525293499,0.03875787828445
2008-09-15,2008,679,272,6,111,37,10,0.3333333333333333,0.09009009009009009,0.2863481700434741,0.048959817511812956
2008-09-22,2008,718,266,12,123,39,14,0.3170731707317073,0.11382113821138211,0.2933025778228461,0.059102492467974284
2008-09-29,2008,601,216,4,123,39,10,0.3170731707317073,0.08130081300813008,0.29346303995378314,0.06707211163785019
2008-10-06,2008,655,231,6,115,44,6,0.3826086956521739,0.05217391304347826,0.3130044553774582,0.06994421573178863
2008-10-13,2008,709,222,6,133,54,8,0.40601503759398494,0.06015037593984962,0.33029176814757244,0.06958899697623833
2008-10-20,2008,719,241,5,120,37,6,0.30833333333333335,0.05,0.3383216237906171,0.0669807292597029
2008-10-27,2008,697,236,8,158,41,8,0.25949367088607594,0.05063291139240506,0.33036199118796195,0.06873667245204622
2008-11-03,2008,779,248,8,137,37,11,0.27007299270072993,0.08029197080291971,0.32425042562038076,0.07230765156103187
2008-11-10,2008,797,290,12,177,36,7,0.2033898305084746,0.03954802259887006,0.30800748776727344,0.06598989312462936
2008-11-17,2008,721,218,8,144,57,5,0.3958333333333333,0.034722222222222224,0.31785250809247667,0.056102528625984374
2008-11-24,2008,786,258,6,117,26,4,0.2222222222222222,0.03418803418803419,0.305996139528791,0.050213431273472386
2008-12-01,2008,659,217,8,140,34,1,0.24285714285714285,0.007142857142857143,0.28852719542941213,0.04458454928589475
2008-12-08,2008,735,227,11,105,28,1,0.26666666666666666,0.009523809523809525,0.27110864906349735,0.03825622848388974
2008-12-15,2008,639,207,4,147,31,1,0.2108843537414966,0.006802721088435374,0.2589275266145178,0.03285656861994416
2008-12-22,2008,561,209,3,112,33,3,0.29464285714285715,0.026785714285714284,0.2633211748966154,0.029875668981607813
2008-12-29,2008,1172,388,8,264,67,9,0.2537878787878788,0.03409090909090909,0.261285535657509,0.024100536267606488
2009-01-05,2009,608,185,3,172,37,13,0.21511627906976744,0.0755813953488372,0.2627513417276706,0.02860470786135238
2009-01-12,2009,501,150,7,122,43,4,0.3524590163934426,0.03278688524590164,0.2573295521101843,0.028362790739312308
2009-01-19,2009,499,150,12,97,34,2,0.35051546391752575,0.020618556701030927,0.2733662073220972,0.026666606053436896
2009-01-26,2009,459,121,6,126,53,8,0.42063492063492064,0.06349206349206349,0.29558842954431946,0.03371025684708769
2009-02-02,2009,561,168,5,127,53,5,0.41732283464566927,0.03937007874015748,0.31442045054169476,0.03744104049913119
2009-02-09,2009,508,166,4,116,55,3,0.47413793103448276,0.02586206896551724,0.3473271477033181,0.03982345898376642
2009-02-16,2009,589,184,10,107,44,7,0.411214953271028,0.06542056074766354,0.36189865971933943,0.04465281479151008
2009-02-23,2009,607,192,10,119,39,6,0.3277310924369748,0.05042016806722689,0.3711415614254764,0.046693972163549806
2009-03-02,2009,674,202,6,100,31,5,0.31,0.05,0.38300202654175547,0.04349629774494515
2009-03-09,2009,696,223,10,115,39,7,0.3391304347826087,0.06086956521739131,0.3813359538404012,0.047006632741381366
2009-03-16,2009,831,253,3,126,49,8,0.3888888888888889,0.06349206349206349,0.3861326319618217,0.05236582109026043
2009-03-23,2009,925,295,8,113,28,3,0.24778761061946902,0.02654867256637168,0.3645267182098902,0.04774789722454895
2009-03-30,2009,914,291,7,126,40,5,0.31746031746031744,0.03968253968253968,0.3520439035617212,0.04778695484234673
2009-04-06,2009,1027,318,9,151,47,6,0.31125827814569534,0.039735099337748346,0.33168394695062275,0.04952108363887562
2009-04-13,2009,1202,426,9,154,47,7,0.3051948051948052,0.045454545454545456,0.31843142844109495,0.04702533172723585
2009-04-20,2009,1190,458,9,121,41,6,0.33884297520661155,0.049586776859504134,0.31982041378729953,0.04692115782627051
2009-04-27,2009,1367,530,7,157,51,9,0.3248407643312102,0.05732484076433121,0.3216755093287008,0.047836762921811916
2009-05-04,2009,1354,469,8,128,54,7,0.421875,0.0546875,0.3320185799808747,0.047064004769638
2009-05-11,2009,1394,524,25,143,58,9,0.40559440559440557,0.06293706293706294,0.33410676956906427,0.04699462970026293
2009-05-18,2009,1325,494,12,136,47,5,0.34558823529411764,0.03676470588235294,0.34633184765339536,0.048271633864760584
2009-05-25,2009,1412,521,22,120,44,8,0.36666666666666664,0.06666666666666667,0.35248264130418905,0.051644649737776466
2009-06-01,2009,1216,422,21,143,57,8,0.3986013986013986,0.055944055944055944,0.3634005313611519,0.05367076931356491
2009-06-08,2009,1184,394,18,146,55,4,0.3767123287671233,0.0273972602739726,0.37234022180769166,0.05141360866599331
2009-06-15,2009,984,355,9,123,51,2,0.4146341463414634,0.016260162601626018,0.38181411819954814,0.04724778188375854
2009-06-22,2009,921,344,12,130,31,3,0.23846153846153847,0.023076923076923078,0.3710167149658392,0.04296679217283252
2009-06-29,2009,856,314,19,157,62,7,0.39490445859872614,0.044585987261146494,0.36764539729068,0.041704103080475834
2009-07-06,2009,873,274,13,147,57,12,0.3877551020408163,0.08163265306122448,0.3654154843464813,0.04404105184599603
2009-07-13,2009,807,246,9,181,74,11,0.4088397790055249,0.06077348066298342,0.3733219273104072,0.04704214869357484
2009-07-20,2009,622,233,7,152,52,11,0.34210526315789475,0.07236842105263158,0.3702517518718107,0.04775486799182046
2009-07-27,2009,625,225,18,161,53,6,0.32919254658385094,0.037267080745341616,0.3615756453696173,0.045420246091981156
2009-08-03,2009,535,186,7,187,82,6,0.4385026737967914,0.03208556149732621,0.3692994384983258,0.04600628374490036
2009-08-10,2009,492,155,9,162,63,9,0.3888888888888889,0.05555555555555555,0.366081281316754,0.05091820786414156
2009-08-17,2009,550,171,3,114,57,8,0.5,0.07017543859649122,0.3987735890090617,0.05680552230408757
2009-08-24,2009,542,158,12,139,67,8,0.48201438848920863,0.05755395683453238,0.40966233024537196,0.058426518500760805
2009-08-31,2009,577,202,4,154,65,6,0.42207792207792205,0.03896103896103896,0.4139526827500102,0.05309256673823762
2009-09-07,2009,574,185,6,167,65,9,0.38922155688622756,0.05389221556886228,0.41150040498509804,0.05223240860147247
2009-09-14,2009,609,224,15,143,63,6,0.4405594405594406,0.04195804195804196,0.42380717716029126,0.04843111121464877
2009-09-21,2009,518,199,6,133,72,8,0.5413533834586466,0.06015037593984962,0.4503272817696407,0.051291523113962276
2009-09-28,2009,530,179,11,116,65,4,0.5603448275862069,0.034482758620689655,0.46555755099331764,0.05159117275438271
2009-10-05,2009,629,213,7,138,58,8,0.42028985507246375,0.057971014492753624,0.4694826717662645,0.05189310512153246
2009-10-12,2009,565,212,5,132,54,6,0.4090909090909091,0.045454545454545456,0.45811903540262816,0.04880299347878924
2009-10-19,2009,533,215,8,123,52,7,0.42276422764227645,0.056910569105691054,0.45071276529676163,0.048722570012684076
2009-10-26,2009,620,207,11,135,59,5,0.43703703703703706,0.037037037037037035,0.452582654666651,0.04848206977218383
2009-11-02,2009,614,207,4,135,51,12,0.37777777777777777,0.08888888888888889,0.4511521822780947,0.052856653937187165
2009-11-09,2009,666,235,3,129,58,1,0.4496124031007752,0.007751937984496124,0.4522838025957616,0.048580890940493934
2009-11-16,2009,628,189,8,133,52,8,0.39097744360902253,0.06015037593984962,0.4334868101145586,0.048580890940493934
2009-11-23,2009,624,193,0,118,48,5,0.4067796610169492,0.0423728813559322,0.4142911642934014,0.04956715628239925
2009-11-30,2009,605,204,5,125,48,0,0.384,0.0,0.4097549324093434,0.04232077947080505
2009-12-07,2009,667,255,6,120,53,4,0.44166666666666665,0.03333333333333333,0.41382690210631307,0.04080562795565353
2009-12-14,2009,590,214,6,107,43,3,0.40186915887850466,0.028037383177570093,0.41121501851084163,0.037196479714638415
2009-12-21,2009,569,210,5,136,59,7,0.4338235294117647,0.051470588235294115,0.4108133300576826,0.03900067361442055
2010-01-04,2010,712,256,6,174,65,6,0.3735632183908046,0.034482758620689655,0.41028651013431094,0.032199907330895644
2010-01-11,2010,634,214,4,147,73,12,0.4965986394557823,0.08163265306122448,0.41615978967868683,0.041434996715486686
2010-01-18,2010,504,180,11,149,57,7,0.3825503355704698,0.04697986577181208,0.41510640117386777,0.03978868294448199
2010-01-25,2010,490,179,10,135,45,11,0.3333333333333333,0.08148148148148149,0.4059256102134157,0.04467725796017565
2010-02-01,2010,500,170,3,121,44,7,0.36363636363636365,0.05785123966942149,0.4033801556679612,0.05190866291885334
2010-02-08,2010,510,174,2,133,38,10,0.2857142857142857,0.07518796992481203,0.3838861080489136,0.05714049249278818
2010-02-15,2010,554,187,11,149,48,9,0.3221476510067114,0.06040268456375839,0.3739209195649394,0.06118615516606171
2010-02-22,2010,556,216,4,124,43,4,0.3467741935483871,0.03225806451612903,0.36303975258201726,0.05878458970116608
2010-03-01,2010,650,248,5,132,54,8,0.4090909090909091,0.06060606060606061,0.3674807139195303,0.06205000244933745
2010-03-08,2010,653,250,7,134,52,6,0.3880597014925373,0.04477611940298507,0.35391334667412466,0.05744293574205753
2010-03-15,2010,729,253,6,147,44,6,0.29931972789115646,0.04081632653061224,0.3435095207142105,0.05667249333690755
2010-03-22,2010,829,261,7,133,58,7,0.43609022556390975,0.05263157894736842,0.3563541322430326,0.053066255520143414
2010-03-29,2010,858,310,3,147,56,6,0.38095238095238093,0.04081632653061224,0.35851863440753473,0.050936891377792254
2010-04-05,2010,1016,321,7,164,65,13,0.39634146341463417,0.07926829268292683,0.3723470316200783,0.0514469317225566
2010-04-12,2010,1111,376,5,165,51,10,0.3090909090909091,0.06060606060606061,0.37071493888060303,0.05147235372784438
2010-04-19,2010,1191,413,8,159,61,8,0.3836477987421384,0.050314465408805034,0.3753241395298219,0.05372940383942888
2010-04-26,2010,1185,470,12,131,58,6,0.44274809160305345,0.04580152671755725,0.37953128734383995,0.05187883710336596
2010-05-03,2010,1208,491,12,137,47,7,0.34306569343065696,0.051094890510948905,0.3739070363361049,0.05266868349186145
2010-05-10,2010,1106,439,12,157,50,4,0.3184713375796178,0.025477707006369428,0.37630098754716257,0.05075135605133109
2010-05-17,2010,1274,433,21,163,49,12,0.3006134969325153,0.0736196319018405,0.35936639646823826,0.053374862670640094
2010-05-24,2010,996,380,11,120,39,10,0.325,0.08333333333333333,0.35237234884919066,0.058689488520980236
2010-05-31,2010,987,373,8,158,69,8,0.43670886075949367,0.05063291139240506,0.35741827351729805,0.05511006585966501
2010-06-07,2010,916,335,17,170,57,7,0.3352941176470588,0.041176470588235294,0.3606936745868168,0.052681367107436844
2010-06-14,2010,845,320,14,170,78,10,0.4588235294117647,0.058823529411764705,0.37009064092052013,0.053745000107806806
2010-06-21,2010,792,250,14,157,62,10,0.39490445859872614,0.06369426751592357,0.3641101867949792,0.0559815927076026
2010-06-28,2010,667,251,9,208,79,15,0.3798076923076923,0.07211538461538461,0.36870293665460857,0.05860915447065706
2010-07-05,2010,724,256,11,179,69,13,0.3854748603351955,0.07262569832402235,0.37707837699905583,0.06450265338536368
2010-07-12,2010,624,211,9,189,75,9,0.3968253968253968,0.047619047619047616,0.389104864485666,0.06125258035001456
2010-07-19,2010,697,251,14,182,72,15,0.3956043956043956,0.08241758241758242,0.3979304139362154,0.0611381114855457
2010-07-26,2010,581,231,11,151,67,6,0.44370860927152317,0.039735099337748346,0.39880538250021913,0.05977588497871361
2010-08-02,2010,632,230,12,194,87,12,0.4484536082474227,0.061855670103092786,0.4129503188252646,0.0623607849180708
2010-08-09,2010,545,174,9,210,89,22,0.4238095238095238,0.10476190476190476,0.40857356812498447,0.0681030818368383
2010-08-16,2010,512,178,5,188,76,17,0.40425531914893614,0.09042553191489362,0.40974242569376074,0.07144448988670957
2010-08-23,2010,440,144,7,151,67,5,0.44370860927152317,0.033112582781456956,0.41773004031423966,0.0665691396574686
2010-08-30,2010,508,194,8,176,74,15,0.42045454545454547,0.08522727272727272,0.42210250095415836,0.0681443364578749
2010-09-06,2010,510,196,8,168,58,7,0.34523809523809523,0.041666666666666664,0.4156540882557456,0.06740028883882729
2010-09-13,2010,505,171,7,185,72,6,0.3891891891891892,0.032432432432432434,0.41485218745384483,0.061152145090683535
2010-09-20,2010,502,179,9,161,72,12,0.4472049689440994,0.07453416149068323,0.41528923241291693,0.0655020278598004
2010-09-27,2010,423,174,10,160,62,7,0.3875,0.04375,0.40767003138198904,0.0632388190969138
2010-10-04,2010,584,230,12,166,61,9,0.3674698795180723,0.05421686746987952,0.40062757584555764,0.05692068943541064
2010-10-11,2010,619,190,9,240,59,7,0.24583333333333332,0.029166666666666667,0.38082482761860725,0.049263331279382275
2010-10-18,2010,564,187,4,193,68,7,0.35233160621761656,0.03626943005181347,0.369402702236869,0.04965793718817684
2010-10-25,2010,508,170,5,179,98,11,0.547486033519553,0.061452513966480445,0.38528163824499484,0.0466860923430778
2010-11-01,2010,551,212,10,216,103,10,0.47685185185185186,0.046296296296296294,0.4017333578217145,0.04726479604678151
2010-11-08,2010,576,208,7,210,100,7,0.47619047619047616,0.03333333333333333,0.41260851869687537,0.04737740865939412
2010-11-15,2010,566,196,9,342,94,9,0.27485380116959063,0.02631578947368421,0.3910646227250617,0.04135011215726924
2010-11-22,2010,580,193,4,170,71,10,0.4176470588235294,0.058823529411764705,0.3948330050780029,0.04323430333373983
2010-11-29,2010,562,172,3,204,93,10,0.45588235294117646,0.049019607843137254,0.4058845642558909,0.04258464588039705
2010-12-06,2010,554,199,8,192,91,8,0.4739583333333333,0.041666666666666664,0.43440018925589097,0.044147145880397046
2010-12-13,2010,633,238,4,200,93,13,0.465,0.065,0.44848373847868883,0.04773846712392036
2010-12-20,2010,476,181,9,145,50,12,0.3448275862068966,0.08275862068965517,0.42315143256460686,0.0504017304643172
2010-12-27,2010,621,262,11,180,80,13,0.4444444444444444,0.07222222222222222,0.41910050663868087,0.05364247120505794
2011-01-03,2011,597,202,5,181,69,8,0.3812154696132597,0.04419889502762431,0.4072286308165288,0.05500066641684431
2011-01-10,2011,559,184,7,165,71,9,0.4303030303030303,0.05454545454545454,0.4266597844582088,0.058529374550815604
2011-01-17,2011,463,142,4,152,72,8,0.47368421052631576,0.05263157894736842,0.4336644284210571,0.05775538074276607
2011-01-24,2011,490,156,6,165,68,6,0.4121212121212121,0.03636363636363636,0.42819428581856156,0.056173384307828464
2011-01-31,2011,416,122,2,141,58,12,0.41134751773049644,0.0851063829787234,0.4203679338682069,0.06160334884683555
2011-02-07,2011,456,172,6,136,55,5,0.40441176470588236,0.03676470588235294,0.4127944044564422,0.05807393708212967
2011-02-14,2011,451,167,3,143,76,17,0.5314685314685315,0.11888111888111888,0.4361245226141466,0.06258924935606264
2011-02-21,2011,449,177,9,135,61,9,0.45185185185185184,0.06666666666666667,0.4370504485400725,0.061894804911618195
2011-02-28,2011,496,161,2,131,47,7,0.35877862595419846,0.05343511450381679,0.4342458430826898,0.06304933234614225
2011-03-07,2011,468,168,1,135,60,10,0.4444444444444444,0.07407407407407407,0.4360135198503666,0.06549040978721969
2011-03-14,2011,643,194,8,135,63,8,0.4666666666666667,0.05925925925925926,0.43513632686791043,0.06631886982620605
2011-03-21,2011,646,205,7,146,72,10,0.4931506849315068,0.0684931506849315,0.44526501096919735,0.07033505911636793
2011-03-28,2011,704,236,8,164,68,9,0.4146341463414634,0.054878048780487805,0.44567583954556816,0.06655651734158849
2011-04-04,2011,933,322,11,141,69,11,0.48936170212765956,0.07801418439716312,0.45629458172329035,0.07171270215593976
2011-04-11,2011,977,344,7,200,71,12,0.355,0.06,0.43423601528972394,0.0643525622957999
2011-04-18,2011,1042,379,5,151,77,16,0.5099337748344371,0.10596026490066225,0.441496255662547,0.06926426207504935
2011-04-25,2011,1044,399,5,141,67,18,0.475177304964539,0.1276595744680851,0.45604609053883965,0.07854231957058289
2011-05-02,2011,1084,378,7,131,58,12,0.44274809160305345,0.0916030534351145,0.45583404643366576,0.08073344199071295
2011-05-09,2011,1025,357,12,141,68,13,0.48226950354609927,0.09219858156028368,0.45778440104359486,0.08485085727834099
2011-05-16,2011,1169,418,6,131,63,9,0.48091603053435117,0.06870229007633588,0.4562550692439504,0.08487699970226653
2011-05-23,2011,1002,369,8,148,61,10,0.41216216216216217,0.06756756756756757,0.45594607122153774,0.08646318955065152
2011-05-30,2011,1009,386,9,160,66,14,0.4125,0.0875,0.44633835845558023,0.08764891650100612
2011-06-06,2011,987,362,3,170,76,12,0.4470588235294118,0.07058823529411765,0.4578457113967567,0.08897244591277083
2011-06-13,2011,944,369,12,140,72,10,0.5142857142857142,0.07142857142857142,0.45838970382816635,0.08465598422875947
2011-06-20,2011,840,294,10,177,77,11,0.4350282485875706,0.062146892655367235,0.4533710717810453,0.07646689900216974
2011-06-27,2011,695,258,12,181,90,18,0.4972375690607735,0.09944751381215469,0.46018225646326033,0.07744745654929976
2011-07-04,2011,739,246,20,141,74,14,0.524822695035461,0.09929078014184398,0.4655014053994305,0.0783339813719948
2011-07-11,2011,710,236,8,157,64,9,0.40764331210191085,0.05732484076433121,0.4563423155953755,0.07691180020799422
2011-07-18,2011,669,220,10,181,81,15,0.44751381215469616,0.08287292817679558,0.46076127184444227,0.07882497028414771
2011-07-25,2011,592,238,12,157,77,11,0.49044585987261147,0.07006369426751592,0.4705045043285187,0.07664543206758721
2011-08-01,2011,572,228,8,185,85,14,0.4594594594594595,0.07567567567567568,0.47205458381977466,0.07728136211528196
2011-08-08,2011,528,177,8,190,78,15,0.4105263157894737,0.07894736842105263,0.4590846590077446,0.07822121173934211
2011-08-15,2011,468,185,9,173,80,7,0.4624277456647399,0.04046242774566474,0.4625095961423908,0.07551065362562931
2011-08-22,2011,386,133,6,167,76,8,0.4550898203592814,0.04790419161676647,0.45724112755470425,0.06906773835120578
2011-08-29,2011,453,171,7,208,93,19,0.44711538461538464,0.09134615384615384,0.44752771375219474,0.06807466006424451
2011-09-05,2011,455,170,11,168,80,9,0.47619047619047616,0.05357142857142857,0.4560961092632653,0.06760548354013168
2011-09-12,2011,474,160,6,182,89,20,0.489010989010989,0.10989010989010989,0.46128325637030193,0.07098263125429596
2011-09-19,2011,435,159,9,196,78,10,0.3979591836734694,0.05102040816326531,0.4497224218454092,0.06860222049126465
2011-09-26,2011,439,157,7,217,114,11,0.5253456221198156,0.05069124423963134,0.45795819217795375,0.0654791665617591
2011-10-03,2011,437,144,3,198,112,21,0.5656565656565656,0.10606060606060606,0.4773494734113402,0.06886832126670328
2011-10-10,2011,444,151,8,160,80,9,0.5,0.05625,0.4820460052032477,0.07084176779849517
2011-10-17,2011,432,147,7,201,107,13,0.5323383084577115,0.06467661691542288,0.4917020662155515,0.07293832096082724
2011-10-24,2011,377,148,2,188,90,12,0.4787234042553192,0.06382978723404255,0.49565306867054326,0.06949877513431332
2011-10-31,2011,493,178,8,154,87,10,0.564935064935065,0.06493506493506493,0.5067461422636169,0.07091922967976787
2011-11-07,2011,448,158,9,175,89,13,0.5085714285714286,0.07428571428571429,0.5091911972086719,0.06646868022921842
2011-11-14,2011,401,138,4,169,85,18,0.5029585798816568,0.10650887573964497,0.5223161217346952,0.07340473867626587
2011-11-21,2011,513,186,3,167,96,12,0.5748502994011976,0.0718562874251497,0.528504206394868,0.07605036907445567
2011-11-28,2011,565,204,4,145,66,13,0.45517241379310347,0.0896551724137931,0.5146936874119352,0.07399968986860404
2011-12-05,2011,443,170,3,133,73,7,0.5488721804511278,0.05263157894736842,0.5208027099683262,0.07354738723702511
2011-12-12,2011,438,152,6,154,80,13,0.5194805194805194,0.08441558441558442,0.5191954863461772,0.0760147581745453
2011-12-19,2011,471,153,3,147,62,9,0.4217687074829932,0.061224489795918366,0.5120761492496365,0.07568909599477977
2011-12-26,2011,456,197,5,162,99,16,0.6111111111111112,0.09876543209876543,0.5178481550216423,0.07991789189024233
2012-01-02,2012,459,157,7,183,96,19,0.5245901639344263,0.10382513661202186,0.519850496942017,0.08361031968103078
2012-01-09,2012,459,181,7,203,99,19,0.4876847290640394,0.09359605911330049,0.5179412655898148,0.08199621760273772
2012-01-16,2012,439,155,2,161,83,16,0.515527950310559,0.09937888198757763,0.5105259719534849,0.08543654192304122
2012-01-23,2012,390,158,7,164,80,13,0.4878048780487805,0.07926829268292683,0.5146050299854446,0.08413818195668293
2012-01-30,2012,416,142,8,199,90,12,0.45226130653266333,0.06030150753768844,0.5025286707456366,0.08509692303047293
2012-02-06,2012,403,147,6,165,83,14,0.503030303030303,0.08484848484848485,0.5004723936893595,0.08515103558458549
2012-02-13,2012,408,165,1,179,92,14,0.5139664804469274,0.0782122905027933,0.5119971153098513,0.08727451067294487
2012-02-20,2012,394,160,3,184,88,23,0.4782608695652174,0.125,0.4953908351166145,0.09055383166059919
2012-02-27,2012,453,168,6,181,91,15,0.5027624309392266,0.08287292817679558,0.4926623684922146,0.08793480560619589
2012-03-05,2012,423,167,8,147,73,17,0.4965986394557823,0.11564625850340136,0.49377660729118245,0.0906910805299585
2012-03-12,2012,474,193,4,172,81,23,0.47093023255813954,0.13372093023255813,0.48820189257213004,0.09498383656058106
2012-03-19,2012,507,199,9,180,95,25,0.5277777777777778,0.1388888888888889,0.4931985050382547,0.10243641108632631
2012-03-26,2012,603,260,4,203,91,18,0.4482758620689655,0.08866995073891626,0.49270032448029244,0.1059824664864798
2012-04-02,2012,680,323,6,155,92,24,0.5935483870967742,0.15483870967741936,0.5040150849886014,0.1147312445900966
2012-04-09,2012,886,348,11,203,111,24,0.5467980295566502,0.11822660098522167,0.5081190286273167,0.11973303340040016
2012-04-16,2012,1012,409,5,193,101,19,0.5233160621761658,0.09844559585492228,0.5137509277036852,0.11641373288226543
2012-04-23,2012,1053,404,5,180,84,19,0.4666666666666667,0.10555555555555556,0.5092389571696152,0.11924906130461044
2012-04-30,2012,1111,412,8,181,79,24,0.43646408839779005,0.13259668508287292,0.5017221382873662,0.12136786462704438
2012-05-07,2012,1068,391,12,183,79,16,0.43169398907103823,0.08743169398907104,0.49681760785147855,0.1155817100966085
2012-05-14,2012,1091,406,17,207,120,24,0.5797101449275363,0.11594202898550725,0.5033091537451984,0.1127133526086858
2012-05-21,2012,1103,384,8,173,78,15,0.4508670520231214,0.08670520231213873,0.5036330524894679,0.11246775905533861
2012-05-28,2012,1053,359,8,197,76,25,0.38578680203045684,0.12690355329949238,0.47766285435617817,0.10897586450809774
2012-06-04,2012,1130,436,6,182,83,29,0.45604395604395603,0.15934065934065933,0.4663185951670914,0.11411512180252745
2012-06-11,2012,997,356,8,216,89,20,0.41203703703703703,0.09259259259259259,0.4524087170247003,0.11338349639473623
2012-06-18,2012,854,334,9,178,86,13,0.48314606741573035,0.07303370786516854,0.45446864211833327,0.10931826543343785
2012-06-25,2012,735,295,5,179,88,22,0.49162011173184356,0.12290502793296089,0.46136314503508996,0.10810680828969885
2012-07-02,2012,724,254,8,177,89,11,0.5028248587570622,0.062146892655367235,0.470254503745843,0.10494620812298586
2012-07-09,2012,690,227,10,215,117,16,0.5441860465116279,0.07441860465116279,0.46581399144385444,0.09975578008119282
2012-07-16,2012,632,245,8,218,120,18,0.5504587155963303,0.08256880733944955,0.4782629493905055,0.09923873070960666
2012-07-23,2012,580,201,11,207,122,16,0.5893719806763285,0.07729468599033816,0.5037110967212395,0.0930376222959624
2012-07-30,2012,517,193,10,183,76,13,0.41530054644808745,0.07103825136612021,0.49861817052175594,0.081999821299145
2012-08-06,2012,488,181,7,202,95,10,0.47029702970297027,0.04950495049504951,0.5059006696049976,0.07661386603695211
2012-08-13,2012,461,178,10,211,111,10,0.5260663507109005,0.04739336492890995,0.5112657050168938,0.07340882316991978
2012-08-20,2012,448,174,9,189,95,10,0.5026455026455027,0.05291005291005291,0.5126438788811012,0.06465945129205629
2012-08-27,2012,374,132,5,171,73,17,0.4269005847953216,0.09941520467836257,0.5031533446358836,0.0693179902949307
2012-09-03,2012,455,187,13,183,90,17,0.4918032786885246,0.09289617486338798,0.49660549865799575,0.07162768657145885
2012-09-10,2012,438,158,5,198,81,13,0.4090909090909091,0.06565656565656566,0.4789345228448181,0.06951365636109837
2012-09-17,2012,377,159,7,189,91,16,0.48148148148148145,0.08465608465608465,0.4654482104454622,0.07043383119431668
2012-09-24,2012,362,164,7,170,67,12,0.3941176470588235,0.07058823529411765,0.4628003480218042,0.07037757918531636
2012-10-01,2012,370,149,8,173,83,12,0.4797687861271676,0.06936416184971098,0.4639843175748289,0.07285998060464904
2012-10-08,2012,413,178,10,161,84,16,0.5217391304347826,0.09937888198757763,0.4634434150403141,0.07935817023698251
2012-10-15,2012,399,158,6,162,84,14,0.5185185185185185,0.08641975308641975,0.46542754202444114,0.08354688275902836
2012-10-22,2012,419,174,6,157,76,14,0.4840764331210191,0.08917197452229299,0.4725745230651533,0.08226647898951966
2012-10-29,2012,406,145,10,162,85,8,0.5246913580246914,0.04938271604938271,0.47668553298217414,0.076827296637769
2012-11-05,2012,504,181,5,198,98,12,0.494949494949495,0.06060606060606061,0.4874178562144974,0.07619598350645587
2012-11-12,2012,465,154,8,179,91,13,0.5083798882681564,0.07262569832402235,0.49078015706283173,0.07469218521494808
2012-11-19,2012,449,168,9,167,80,14,0.47904191616766467,0.08383233532934131,0.5013956907014369,0.07634769771935104
2012-11-26,2012,423,151,5,194,84,12,0.4329896907216495,0.061855670103092786,0.49554830377574716,0.07540913625102376
2012-12-03,2012,464,157,5,181,88,11,0.4861878453038674,0.06077348066298342,0.49110439313438276,0.0705834610854495
2012-12-10,2012,509,188,4,128,77,12,0.6015625,0.09375,0.5014848908195679,0.07149974194964702
2012-12-17,2012,509,206,4,146,69,13,0.4726027397260274,0.08904109589041095,0.500050679145194,0.07148338212066177
2012-12-24,2012,496,175,4,162,77,9,0.47530864197530864,0.05555555555555555,0.4938778396390211,0.07225498705893338
2012-12-31,2012,516,180,8,205,96,13,0.4682926829268293,0.06341463414634146,0.4905457381361879,0.07260605875146849
2013-01-07,2013,602,203,12,223,117,24,0.5246636771300448,0.10762331838565023,0.492581211743924,0.07698076125917196
2013-01-14,2013,594,225,4,197,99,22,0.5025380710659898,0.1116751269035533,0.49551823110621457,0.08046111020594846
2013-01-21,2013,511,185,3,212,108,11,0.5094339622641509,0.05188679245283019,0.5050737650490273,0.07921500049966564
2013-01-28,2013,458,179,8,198,78,26,0.3939393939393939,0.13131313131313133,0.4935427086284681,0.08803245683093414
2013-02-04,2013,446,172,10,170,80,5,0.47058823529411764,0.029411764705882353,0.47717092554023277,0.07999017741916942
2013-02-11,2013,422,145,4,193,92,20,0.47668393782383417,0.10362694300518134,0.4776810753024587,0.08181340830851572
2013-02-18,2013,419,157,7,224,87,22,0.38839285714285715,0.09821428571428571,0.46681660219840226,0.08714574957835698
2013-02-25,2013,417,158,4,189,74,18,0.3915343915343915,0.09523809523809523,0.4572218157743475,0.09112368221482621
2013-03-04,2013,453,170,7,198,73,17,0.3686868686868687,0.08585858585858586,0.4377247147189505,0.08840309064894317
2013-03-11,2013,473,182,5,205,81,17,0.3951219512195122,0.08292682926829269,0.4242976997381408,0.08480955344453558
2013-03-18,2013,579,191,6,161,66,17,0.40993788819875776,0.10559006211180125,0.41186069047996665,0.09152246215190697
2013-03-25,2013,608,254,4,175,80,13,0.45714285714285713,0.07428571428571429,0.4197611233803995,0.08439403502347984
2013-04-01,2013,840,325,6,194,74,13,0.38144329896907214,0.06701030927835051,0.4086180063397688,0.08909385309503837
2013-04-08,2013,891,345,14,178,78,15,0.43820224719101125,0.08426966292134831,0.40380779501066594,0.08667419308455923
2013-04-15,2013,981,334,2,166,73,11,0.4397590361445783,0.06626506024096386,0.4102285673858811,0.082680539900394
2013-04-22,2013,1002,361,12,170,87,12,0.5117647058823529,0.07058823529411765,0.4252573566793763,0.0795993074073968
2013-04-29,2013,969,359,13,166,58,12,0.3493975903614458,0.07228915662650602,0.4228461968886984,0.07790312875338683
2013-05-06,2013,953,354,13,146,57,8,0.3904109589041096,0.0547945205479452,0.4222573228492731,0.0743865901633434
2013-05-13,2013,963,335,11,172,77,8,0.4476744186046512,0.046511627906976744,0.42697438915000974,0.06700178588774032
2013-05-20,2013,953,325,10,214,96,17,0.4485981308411215,0.0794392523364486,0.4259062983622928,0.0676459781440821
2013-05-27,2013,939,333,13,187,80,16,0.42780748663101603,0.0855614973262032,0.4317018218200358,0.06996487665006369
2013-06-03,2013,1002,358,16,225,91,21,0.40444444444444444,0.09333333333333334,0.427482096476715,0.07109783545156183
2013-06-10,2013,908,323,13,228,93,15,0.40789473684210525,0.06578947368421052,0.42349905906390584,0.07103838713196765
2013-06-17,2013,859,317,14,226,106,13,0.4690265486725664,0.05752212389380531,0.41815678941268253,0.06940512320692861
2013-06-24,2013,746,299,10,172,81,15,0.47093023255813954,0.0872093023255814,0.43334836968726925,0.07127014141931304
2013-07-01,2013,716,250,12,253,125,13,0.49407114624505927,0.05138339920948617,0.44630589310488794,0.07084375125200565
2013-07-08,2013,658,238,13,190,102,14,0.5368421052631579,0.07368421052631578,0.45745185393720134,0.07424032407942303
2013-07-15,2013,645,262,9,205,103,25,0.5024390243902439,0.12195121951219512,0.4641819656308416,0.07955431997639135
2013-07-22,2013,575,230,10,213,111,11,0.5211267605633803,0.051643192488262914,0.47584687487238714,0.07531453187164883
2013-07-29,2013,532,210,6,235,120,19,0.5106382978723404,0.08085106382978724,0.4891211065508741,0.07375424818370555
2013-08-05,2013,563,229,7,236,110,25,0.4661016949152542,0.1059322033898305,0.4963969763100177,0.07877208939690805
2013-08-12,2013,451,163,7,243,109,17,0.448559670781893,0.06995884773662552,0.49383861657368355,0.08032667987726058
2013-08-19,2013,422,114,7,224,111,23,0.4955357142857143,0.10267857142857142,0.4969143017896304,0.08226033851513433
2013-08-26,2013,411,109,4,209,95,19,0.45454545454545453,0.09090909090909091,0.4919735903271798,0.08720104997758493
2013-09-02,2013,384,161,8,222,116,17,0.5225225225225225,0.07657657657657657,0.49018364248460033,0.08756259573386753
2013-09-09,2013,434,152,5,228,120,10,0.5263157894736842,0.043859649122807015,0.49316823812003047,0.07780114943519402
2013-09-16,2013,385,156,13,203,96,16,0.4729064039408867,0.07881773399014778,0.48714069354221873,0.08119796712292962
2013-09-23,2013,350,126,4,156,78,14,0.5,0.08974358974358974,0.4858109063081762,0.08230953286215492
2013-09-30,2013,361,132,1,190,100,18,0.5263157894736842,0.09473684210526316,0.4933376681279799,0.08091011270158402
2013-10-07,2013,362,146,3,211,87,9,0.41232227488151657,0.04265402843601896,0.48880799364043287,0.0774970102890082
2013-10-14,2013,414,167,10,169,75,9,0.4437869822485207,0.05325443786982249,0.48233940213578363,0.07131899359416458
2013-10-21,2013,384,146,9,195,97,21,0.49743589743589745,0.1076923076923077,0.48770070749708905,0.07341689569206668
2013-10-28,2013,389,146,11,189,77,10,0.4074074074074074,0.05291005291005291,0.47331131810769966,0.07045858023375122
2013-11-04,2013,406,150,7,167,71,11,0.4251497005988024,0.0658682634730539,0.4606655569983394,0.07320965702753207
2013-11-11,2013,372,133,2,182,62,7,0.34065934065934067,0.038461538461538464,0.44413467408814616,0.06816513258645593
2013-11-18,2013,437,169,5,177,71,10,0.4011299435028249,0.05649717514124294,0.43177591702599927,0.06400933076116257
2013-11-25,2013,457,159,9,175,79,8,0.4514285714285714,0.045714285714285714,0.4224150147703602,0.05788151121229039
2013-12-02,2013,398,136,4,203,96,19,0.4729064039408867,0.09359605911330049,0.4299880309027814,0.06424926504695057
2013-12-09,2013,360,128,2,170,77,16,0.45294117647058824,0.09411764705882353,0.4311323051805399,0.0693571661955757
2013-12-16,2013,355,118,2,162,78,12,0.48148148148148145,0.07407407407407407,0.4291380031862379,0.0651548869932965
2013-12-23,2013,340,135,6,158,85,12,0.5379746835443038,0.0759493670886076,0.4454589127033499,0.06803480126561584
2013-12-30,2013,361,147,9,203,89,16,0.43842364532019706,0.07881773399014778,0.4471181557935243,0.06965348508025257
2014-01-06,2014,336,112,3,213,100,13,0.4694835680751174,0.06103286384976526,0.46322118422049635,0.07247490075378092
2014-01-13,2014,300,112,3,186,87,15,0.46774193548387094,0.08064516129032258,0.4715476832181271,0.07549339902241588
2014-01-20,2014,305,104,6,230,106,15,0.4608695652173913,0.06521739130434782,0.4727278074417296,0.07793128722117365
2014-01-27,2014,294,106,4,174,85,16,0.4885057471264368,0.09195402298850575,0.47467772533992336,0.07772603270557431
2014-02-03,2014,315,102,2,161,77,12,0.4782608695652174,0.07453416149068323,0.47784268697675203,0.07527809700955676
2014-02-10,2014,268,113,3,171,86,12,0.5029239766081871,0.07017543859649122,0.4805229988675902,0.0747907675748589
2014-02-17,2014,320,108,3,152,68,13,0.4473684210526316,0.08552631578947369,0.4691972160561312,0.07598788616246716
2014-02-24,2014,321,109,3,147,81,8,0.5510204081632653,0.05442176870748299,0.48327181141151476,0.07293839050213408
2014-03-03,2014,263,93,5,154,73,11,0.474025974025974,0.07142857142857142,0.48383961215537186,0.07423785394948483
2014-03-10,2014,330,118,3,151,72,6,0.4768211920529801,0.039735099337748346,0.48497451922651047,0.06912409620541306
2014-03-17,2014,344,116,3,179,82,14,0.4581005586592179,0.0782122905027933,0.4846283934067388,0.07074845860521875
2014-03-24,2014,379,138,4,144,66,11,0.4583333333333333,0.0763888888888889,0.4808568416826009,0.06880281684276664
2014-03-31,2014,382,126,3,177,67,13,0.3785310734463277,0.07344632768361582,0.4683906171677396,0.0686668376168832
2014-04-07,2014,467,167,3,170,78,10,0.4588235294117647,0.058823529411764705,0.46287806126818687,0.06724784896879239
2014-04-14,2014,509,193,8,160,75,15,0.46875,0.09375,0.4655507586366079,0.06827580949510818
2014-04-21,2014,524,167,2,155,88,13,0.567741935483871,0.08387096774193549,0.46764094955168356,0.07195695937441475
2014-04-28,2014,510,196,6,174,78,12,0.4482758620689655,0.06896551724137931,0.46442218555705755,0.07164907760101574
2014-05-05,2014,628,244,5,172,76,19,0.4418604651162791,0.11046511627906977,0.4600520946899699,0.08049032971868092
2014-05-12,2014,732,240,5,138,63,12,0.45652173913043476,0.08695652173913043,0.459854742248872,0.08158335862322305
2014-05-19,2014,815,316,9,162,75,10,0.46296296296296297,0.06172839506172839,0.46043344595257574,0.07975079689482799
2014-05-26,2014,851,302,7,176,76,12,0.4318181818181818,0.06818181818181818,0.46709433449905746,0.07909273320710328
2014-06-02,2014,814,313,9,185,75,13,0.40540540540540543,0.07027027027027027,0.46041706899826257,0.08052357581441648
2014-06-09,2014,825,295,11,181,100,11,0.5524861878453039,0.06077348066298342,0.47088409247892554,0.0764015108972894
2014-06-16,2014,797,293,11,174,91,10,0.5229885057471264,0.05747126436781609,0.4652899137618325,0.07310154797552448
2014-06-23,2014,784,319,10,170,78,16,0.4588235294117647,0.09411764705882353,0.4666083721796824,0.07624556420270501
2014-06-30,2014,722,265,7,199,83,11,0.41708542713567837,0.05527638190954774,0.4635114924321073,0.06934697240651476
2014-07-07,2014,795,284,11,197,81,16,0.41116751269035534,0.08121827411167512,0.45784221412709736,0.06862969145308284
2014-07-14,2014,743,213,5,219,93,16,0.4246575342465753,0.0730593607305936,0.4530540355375489,0.07004606216169099
2014-07-21,2014,611,228,5,187,72,18,0.3850267379679144,0.0962566844919786,0.4472051050562655,0.07355542045046104
2014-07-28,2014,570,170,7,236,121,22,0.5127118644067796,0.09322033898305085,0.46061841243143725,0.07642417903955863
2014-08-04,2014,596,202,8,264,122,22,0.4621212121212121,0.08333333333333333,0.44932279046592577,0.07924416062335235
2014-08-11,2014,375,118,7,264,114,9,0.4318181818181818,0.03409090909090909,0.43792649997480776,0.076321616213739
2014-08-18,2014,404,132,4,246,101,12,0.4105691056910569,0.04878048780487805,0.4318946970097193,0.0706544713069958
2014-08-25,2014,381,120,5,227,106,18,0.4669603524229075,0.07929515418502203,0.4381290626706229,0.07365681784143009
2014-09-01,2014,388,140,3,215,91,10,0.4232558139534884,0.046511627906976744,0.4396401003285145,0.06931848706584279
2014-09-08,2014,414,134,5,230,99,16,0.43043478260869567,0.06956521739130435,0.44036225637377957,0.06888171914843164
2014-09-15,2014,352,109,5,261,113,14,0.4329501915708812,0.05363984674329502,0.4463526880741504,0.06355461442984618
2014-09-22,2014,400,141,9,212,94,17,0.44339622641509435,0.08018867924528301,0.43768823332518975,0.06192565696262521
2014-09-29,2014,389,138,6,214,89,15,0.4158878504672897,0.07009345794392523,0.43190906311844945,0.06027067253894919
2014-10-06,2014,446,150,3,179,86,16,0.48044692737430167,0.0893854748603352,0.43798765631296444,0.06718249326012746
2014-10-13,2014,488,155,6,188,84,20,0.44680851063829785,0.10638297872340426,0.44251758193136953,0.07438280462494323
2014-10-20,2014,444,178,6,192,83,14,0.4322916666666667,0.07291666666666667,0.4381839962118394,0.07358549368514881
2014-10-27,2014,436,152,4,169,93,9,0.5502958579881657,0.05325443786982249,0.4540640017161741,0.07442834493050454
2014-11-03,2014,471,158,2,201,85,10,0.4228855721393035,0.04975124378109453,0.4531203504075001,0.07195159822922831
2014-11-10,2014,502,178,4,211,100,12,0.47393364928909953,0.05687203791469194,0.4582432826222774,0.07235562212565291
2014-11-17,2014,512,166,0,167,87,9,0.5209580838323353,0.05389221556886228,0.4679385147994325,0.06906856416610033
2014-11-24,2014,540,190,2,147,77,10,0.5238095238095238,0.06802721088435375,0.48142872396721176,0.06881028328365389
2014-12-01,2014,424,139,0,161,87,11,0.5403726708074534,0.06832298136645963,0.4889194418963557,0.06617747159691945
2014-12-08,2014,476,160,3,190,65,11,0.34210526315789475,0.05789473684210526,0.47583153596130534,0.06011644136175707
2014-12-15,2014,446,135,5,183,78,17,0.4262295081967213,0.09289617486338798,0.4750737661525622,0.06261387988634723
2014-12-22,2014,399,143,1,165,73,12,0.44242424242424244,0.07272727272727272,0.4615898142070718,0.0650479842435285
2014-12-29,2014,817,301,6,376,155,23,0.4122340425531915,0.061170212765957445,0.46025837300880773,0.06647535536663637
2015-01-05,2015,365,114,8,197,92,1,0.467005076142132,0.005076142131979695,0.4593923013654368,0.06000086839379734
2015-01-12,2015,310,129,3,193,79,1,0.40932642487046633,0.0051813471502590676,0.4454383439952032,0.053912009841471945
2015-01-19,2015,315,102,8,183,80,1,0.4371584699453552,0.00546448087431694,0.43460696226218215,0.04609166859021734
2015-01-26,2015,288,103,6,181,61,2,0.3370165745856354,0.011049723756906077,0.40918745023445485,0.03893251138902315
2015-02-02,2015,363,97,2,153,68,2,0.4444444444444444,0.013071895424836602,0.42197984789527354,0.03332965621186457
2015-02-09,2015,327,95,2,173,65,3,0.37572254335260113,0.017341040462427744,0.41566647728975853,0.023885264411744538
2015-02-16,2015,310,97,2,180,69,1,0.38333333333333336,0.005555555555555556,0.4082801136533949,0.01548879976527989
2015-02-23,2015,328,109,4,181,70,1,0.3867403314917127,0.0055248618784530384,0.40509339977071007,0.00853313090434184
2015-03-02,2015,349,113,3,179,69,3,0.3854748603351955,0.01675977653631285,0.394902122794843,0.009993585204883484
2015-03-09,2015,413,143,7,177,71,2,0.4011299435028249,0.011299435028248588,0.3938775626238878,0.010758346189632175
2015-03-16,2015,510,173,6,161,75,1,0.4658385093167702,0.006211180124223602,0.39746256754531467,0.010851683595870507
2015-03-23,2015,514,151,5,171,77,0,0.4502923976608187,0.0,0.4116220454297126,0.009470468126257247
2015-03-30,2015,668,215,5,203,88,2,0.43349753694581283,0.009852216748768473,0.41025368199238366,0.009068008291748732
2015-04-06,2015,768,263,6,273,130,6,0.47619047619047616,0.02197802197802198,0.42281217359711804,0.00964763098119801
2015-04-13,2015,741,260,5,203,96,3,0.4729064039408867,0.014778325123152709,0.43400880742306225,0.010800477177147655
2015-04-20,2015,745,258,1,202,94,3,0.46534653465346537,0.01485148514851485,0.4438345828182813,0.011966305085905382
2015-04-27,2015,921,319,5,217,76,3,0.35023041474654376,0.013824884792626729,0.43942902711969983,0.011599443617944617
2015-05-04,2015,862,325,6,258,93,0,0.36046511627906974,0.0,0.4343459237167304,0.010187014239413544
2015-05-11,2015,946,338,4,286,95,0,0.3321678321678322,0.0,0.4176370890731132,0.009410616723885594
2015-05-18,2015,761,306,6,197,85,1,0.43147208121827413,0.005076142131979695,0.41528454951779514,0.010045134490383054
2015-05-25,2015,817,300,6,298,124,2,0.4161073825503356,0.006711409395973154,0.41311078021836045,0.00965253357128364
2015-06-01,2015,693,279,7,268,109,5,0.40671641791044777,0.018656716417910446,0.4044265229333569,0.009237370376269698
2015-06-08,2015,718,298,4,237,111,3,0.46835443037974683,0.012658227848101266,0.4038575262382144,0.008972358216888267
2015-06-15,2015,653,241,4,230,99,3,0.43043478260869567,0.013043478260869565,0.3994935572326182,0.008746357355932608
2015-06-22,2015,611,220,2,300,124,2,0.41333333333333333,0.006666666666666667,0.4073814220559669,0.007851580090187599
2015-06-29,2015,541,195,7,275,108,3,0.3927272727272727,0.01090909090909091,0.4114141916119922,0.009215216453823963
2015-07-06,2015,520,167,5,261,89,2,0.34099616858237547,0.007662835249042145,0.41251773366381017,0.010173070859954232
2015-07-13,2015,410,143,6,226,90,2,0.39823008849557523,0.008849557522123894,0.4083624845734728,0.010644747783722257
2015-07-20,2015,395,145,6,254,100,6,0.3937007874015748,0.023622047244094488,0.4055616601798777,0.012758577514737423
2015-07-27,2015,370,137,7,264,115,2,0.4356060606060606,0.007575757575757576,0.40917286551682935,0.011373457659468313
2015-08-03,2015,349,123,5,218,83,1,0.38073394495412843,0.0045871559633027525,0.398220304838627,0.0103645736738685
2015-08-10,2015,366,100,6,240,84,2,0.35,0.008333333333333333,0.3881659570125401,0.009775805557926471
2015-08-17,2015,320,93,5,231,109,0,0.47186147186147187,0.0,0.3954819743285574,0.008942472224593137
2015-08-24,2015,356,126,3,245,95,6,0.3877551020408163,0.024489795918367346,0.3948604529927503,0.010640060350752692
2015-08-31,2015,367,125,8,227,83,3,0.3656387665198238,0.013215859030837005,0.39794077773493136,0.01133418832347705
2015-09-07,2015,336,96,4,226,89,1,0.3938053097345133,0.004424778761061947,0.39738768038979866,0.010781090978344307
2015-09-14,2015,359,110,2,247,94,2,0.3805668016194332,0.008097165991902834,0.3957459321670309,0.008840480821820351
2015-09-21,2015,357,120,4,210,92,4,0.4380952380952381,0.01904761904761905,0.39605707935317813,0.010274463505803032
2015-09-28,2015,375,130,3,223,92,1,0.4125560538116592,0.004484304932735426,0.40003484296036945,0.010261607126982118
2015-10-05,2015,429,128,3,206,75,0,0.3640776699029126,0.0,0.4017945516982335,0.009219940460315452
2015-10-12,2015,399,104,1,188,70,4,0.3723404255319149,0.02127659574468085,0.3893544209070389,0.011879514928400557
2015-10-19,2015,376,89,2,193,84,1,0.43523316062176165,0.0051813471502590676,0.3952891782296571,0.009465958832387022
2015-10-26,2015,389,100,3,185,74,2,0.4,0.010810810810810811,0.39958433241467917,0.009165327804883747
2015-11-02,2015,442,144,4,208,84,4,0.40384615384615385,0.019230769230769232,0.4008394379286342,0.011016076613597159
2015-11-09,2015,446,138,4,212,97,1,0.45754716981132076,0.0047169811320754715,0.4104619839526201,0.010593553506118738
2015-11-16,2015,493,145,6,219,103,0,0.4703196347031963,0.0,0.4144900335286149,0.008212601125166356
2015-11-23,2015,435,146,0,204,77,1,0.37745098039215685,0.004901960784313725,0.41010189935117713,0.008264808106613645
2015-11-30,2015,464,143,5,212,98,2,0.46226415094339623,0.009433962264150943,0.4223752094812376,0.009444053389632513
2015-12-07,2015,413,128,3,223,90,1,0.40358744394618834,0.004484304932735426,0.42628108678302173,0.007345017038139334
2015-12-14,2015,376,108,0,180,80,1,0.4444444444444444,0.005555555555555556,0.42743249726085714,0.007391793088801396
2015-12-21,2015,365,112,1,185,80,1,0.43243243243243246,0.005405405405405406,0.4314865513149112,0.00671611741312572
2016-01-04,2016,431,132,5,278,99,22,0.35611510791366907,0.07913669064748201,0.42552017057335056,0.014204357590214817
2016-01-11,2016,385,106,0,248,96,18,0.3870967741935484,0.07258064516129033,0.416713871121129,0.022687315593866674
2016-01-18,2016,366,116,4,232,95,17,0.40948275862068967,0.07327586206896551,0.4091092616108157,0.03184679835248736
2016-01-25,2016,349,90,4,248,96,24,0.3870967741935484,0.0967741935483871,0.4103149858359896,0.04333082744799653
2016-02-01,2016,329,101,4,235,65,21,0.2765957446808511,0.08936170212765958,0.38710643505317144,0.05332179493093511
2016-02-08,2016,351,99,4,233,68,20,0.2918454935622318,0.08583690987124463,0.3731386912551769,0.06349087054824876
2016-02-15,2016,347,84,6,221,83,25,0.3755656108597285,0.11312217194570136,0.3645288370570874,0.07693669759701699
2016-02-22,2016,337,104,4,285,105,24,0.3684210526315789,0.08421052631578947,0.3565274145819807,0.08678733771081501
2016-02-29,2016,362,87,3,295,95,18,0.3220338983050847,0.061016949152542375,0.35226726338090764,0.08452237002394754
2016-03-07,2016,360,112,2,300,100,26,0.3333333333333333,0.08666666666666667,0.3455468332733808,0.08628312271211958
2016-03-14,2016,361,99,4,283,113,27,0.3992932862190813,0.09540636042402827,0.34427314922317975,0.08904943500650243
2016-03-21,2016,338,102,4,236,92,20,0.3898305084745763,0.0847457627118644,0.34461486600830826,0.0875458811519371
2016-03-28,2016,410,131,2,286,102,35,0.35664335664335667,0.12237762237762238,0.35462081750362145,0.09167287118318244
2016-04-04,2016,447,133,7,249,85,23,0.3413654618473896,0.09236947791164658,0.36081081353926614,0.0924894421882327
2016-04-11,2016,515,146,5,262,110,30,0.4198473282442748,0.11450381679389313,0.3663460282123345,0.09266214779425666
2016-04-18,2016,558,155,6,225,76,14,0.3377777777777778,0.06222222222222222,0.3625156188556093,0.08991360978256074
2016-04-25,2016,584,193,3,260,98,23,0.3769230769230769,0.08846153846153847,0.36937676618285836,0.09334418344618527
2016-05-02,2016,614,210,6,231,82,20,0.354978354978355,0.08658008658008658,0.372082393888486,0.09333336093536276
2016-05-09,2016,649,221,10,257,96,26,0.3735408560311284,0.10116731517509728,0.3688633401149919,0.09405348027924638
2016-05-16,2016,753,221,3,297,111,29,0.37373737373737376,0.09764309764309764,0.3668516982728416,0.09566564714565054
2016-05-23,2016,874,253,3,279,100,29,0.35842293906810035,0.1039426523297491,0.3670741460759346,0.09336127588966638
2016-05-30,2016,731,245,11,273,118,26,0.43223443223443225,0.09523809523809523,0.3784327673743149,0.09371985305547245
2016-06-06,2016,836,268,6,304,102,19,0.3355263157894737,0.0625,0.36789264081746476,0.08721937595623581
2016-06-13,2016,885,298,8,321,115,41,0.3582554517133956,0.1277258566978193,0.370452350059417,0.09540733026568546
2016-06-20,2016,765,242,7,326,118,17,0.3619631901840491,0.05214723926380368,0.3685823642170385,0.0908680428659686
2016-06-27,2016,718,239,4,356,119,21,0.3342696629213483,0.05898876404494382,0.3659937777099127,0.08741912754907574
2016-07-04,2016,699,216,6,373,120,30,0.32171581769436997,0.08042895442359249,0.35951564791781787,0.08482683245513765
2016-07-11,2016,697,234,8,345,122,28,0.3536231884057971,0.08115942028985507,0.35700137475137084,0.08276637278598233
2016-07-18,2016,626,200,4,294,113,31,0.3843537414965986,0.1054421768707483,0.36024272505493304,0.08295381335360723
2016-07-25,2016,618,204,8,317,128,32,0.4037854889589905,0.10094637223974763,0.3566866071455029,0.08366734797881378
2016-08-01,2016,543,186,4,341,135,28,0.39589442815249265,0.08211143695014662,0.36423262119088023,0.08611877759758212
2016-08-08,2016,468,177,4,338,123,38,0.363905325443787,0.11242603550295859,0.36493885540717913,0.08420629994822451
2016-08-15,2016,434,159,4,313,110,23,0.3514376996805112,0.07348242811501597,0.3636231690942369,0.08687319855462607
2016-08-22,2016,392,127,5,286,102,22,0.35664335664335667,0.07692307692307693,0.36641988080948795,0.0891149876643927
2016-08-29,2016,542,186,5,274,91,16,0.33211678832116787,0.058394160583941604,0.3677200021378377,0.08636063843443634
2016-09-05,2016,485,170,3,322,121,23,0.37577639751552794,0.07142857142857142,0.3704891532765541,0.08514428232677589
2016-09-12,2016,439,148,5,336,134,29,0.39880952380952384,0.08630952380952381,0.37229612606566975,0.08275270069412283
2016-09-19,2016,552,218,0,284,100,17,0.352112676056338,0.05985915492957746,0.36583702445283817,0.07761679853035156
2016-09-26,2016,553,160,4,322,108,19,0.33540372670807456,0.059006211180124224,0.3582756867722859,0.07472864530909874
2016-10-03,2016,471,148,4,271,117,23,0.4317343173431734,0.08487084870848709,0.3667543107597092,0.07128424695978981
2016-10-10,2016,446,144,1,312,122,20,0.391025641025641,0.0641025641025641,0.37170280342785045,0.07011176395823332
2016-10-17,2016,507,148,6,303,129,18,0.42574257425742573,0.0594059405940594,0.3803402056296091,0.06792212191710614
2016-10-24,2016,504,158,4,261,96,12,0.367816091954023,0.04597701149425287,0.38480261858371595,0.06636997828089505
2016-10-31,2016,452,143,2,290,104,20,0.3586206896551724,0.06896551724137931,0.3826581551011715,0.06606209650749603
2016-11-07,2016,475,149,5,312,116,14,0.3717948717948718,0.04487179487179487,0.37928132359933997,0.06088238039027991
2016-11-14,2016,465,141,0,326,112,17,0.34355828220858897,0.05214723926380368,0.37821202436837137,0.059918390932058196
2016-11-21,2016,458,137,4,312,115,28,0.3685897435897436,0.08974358974358974,0.38236027647858,0.06376056325249138
2016-11-28,2016,392,123,2,333,110,21,0.3303303303303303,0.06306306306306306,0.36968477810197464,0.06103459004681338
2016-12-05,2016,404,127,4,333,148,22,0.4444444444444444,0.06606606606606606,0.376362128529325,0.06128002779225113
2016-12-12,2016,343,114,4,312,118,15,0.3782051282051282,0.04807692307692308,0.3704199477727878,0.059863900602609085
2016-12-19,2016,366,136,3,343,120,23,0.3498542274052478,0.06705539358600583,0.36817471470419094,0.0624986983640782
2016-12-26,2016,419,143,5,371,152,25,0.40970350404312667,0.0673854447439353,0.37456006650268525,0.0623011893018977
2017-01-02,2017,423,120,2,331,99,23,0.2990936555891239,0.06948640483383686,0.36547241447696677,0.06537801554715296
2017-01-09,2017,361,106,5,362,128,22,0.35359116022099446,0.06077348066298342,0.36672652422851737,0.06645629572205042
2017-01-16,2017,358,124,7,325,115,23,0.35384615384615387,0.07076923076923076,0.36488357551056866,0.06408450085025555
2017-01-23,2017,384,117,2,320,109,22,0.340625,0.06875,0.3661704092192774,0.06479536796737266
2017-01-30,2017,322,110,3,320,113,26,0.353125,0.08125,0.35475547866372187,0.06669335970911441
2017-02-06,2017,426,150,5,292,115,26,0.3938356164383562,0.08904109589041095,0.3567092896928754,0.0718138813108004
2017-02-13,2017,437,150,4,277,107,34,0.3862815884476534,0.12274368231046931,0.36126270982317604,0.07877491740135834
2017-02-20,2017,529,162,5,294,93,23,0.3163265306122449,0.0782312925170068,0.3495905881443158,0.08013064837299226
2017-02-27,2017,550,177,4,294,88,42,0.29931972789115646,0.14285714285714285,0.34961884718206987,0.08930199062590552
2017-03-06,2017,514,171,2,274,101,31,0.3686131386861314,0.11313868613138686,0.3514965944902121,0.09584764130945594
2017-03-13,2017,566,221,5,285,101,39,0.3543859649122807,0.1368421052631579,0.3515640708734779,0.10410675062119684
2017-03-20,2017,608,192,3,329,109,26,0.331306990881459,0.0790273556231003,0.35039931973366023,0.10539142007408438
2017-03-27,2017,744,260,6,316,110,40,0.34810126582278483,0.12658227848101267,0.34977135296150835,0.11105795488421095
2017-04-03,2017,719,249,3,318,103,28,0.3238993710691824,0.0880503144654088,0.34102932229036165,0.11093410720608568
2017-04-10,2017,798,298,4,278,89,28,0.32014388489208634,0.10071942446043165,0.33276210934591577,0.10818107497483098
2017-04-17,2017,807,313,3,285,106,25,0.3719298245614035,0.08771929824561403,0.33971252108956057,0.10936707569090688
2017-04-24,2017,767,317,6,270,84,19,0.3111111111111111,0.07037037037037037,0.34118644399205494,0.10030622913006032
2017-05-01,2017,690,271,9,283,109,20,0.38515901060070673,0.0706713780918728,0.3432546779813769,0.09499781562512107
2017-05-08,2017,633,196,10,275,86,29,0.31272727272727274,0.10545454545454545,0.3380473414582508,0.0910743706490445
2017-05-15,2017,664,209,3,301,100,31,0.33222591362126247,0.10299003322259136,0.3381622068007263,0.09406970534898089
2017-05-22,2017,604,189,6,317,124,35,0.3911671924290221,0.11041009463722397,0.34354544762650596,0.0920481823685073
2017-05-29,2017,578,186,11,294,114,27,0.3877551020408163,0.09183673469387756,0.35152741399796017,0.0925214848970659
2017-06-05,2017,530,179,4,309,127,24,0.4110032362459547,0.07766990291262135,0.3628848329171937,0.08964029470358961
2017-06-12,2017,576,187,8,309,115,30,0.37216828478964403,0.0970873786407767,0.3629146404457238,0.09081130475298495
2017-06-19,2017,525,173,11,319,117,24,0.3667711598746082,0.07523510971786834,0.3698721465411609,0.0914193971714222
2017-06-26,2017,458,141,4,292,88,21,0.3013698630136986,0.07191780821917808,0.3593985030927849,0.09157520093733536
2017-07-03,2017,428,126,3,451,132,22,0.2926829268292683,0.04878048780487805,0.3568929598555343,0.08449094373112692
2017-07-10,2017,459,147,3,310,120,21,0.3870967741935484,0.06774193548387097,0.3637518174270701,0.08008493151378687
2017-07-17,2017,422,135,4,324,138,40,0.42592592592592593,0.12345679012345678,0.36809665911418304,0.08171576844956599
2017-07-24,2017,444,145,2,336,137,24,0.40773809523809523,0.07142857142857142,0.37059453326384295,0.07916474804140272
2017-07-31,2017,388,144,1,294,115,23,0.391156462585034,0.0782312925170068,0.36811368655622784,0.07923492174195089
2017-08-07,2017,361,107,1,323,131,32,0.4055727554179567,0.09907120743034056,0.3722892453847669,0.07948290034064638
2017-08-14,2017,349,96,6,346,154,39,0.44508670520231214,0.11271676300578035,0.3820786885507299,0.08416810700163538
2017-08-21,2017,366,119,5,284,108,26,0.38028169014084506,0.09154929577464789,0.3919426669416232,0.08662204294606911
2017-08-28,2017,397,121,6,292,126,24,0.4315068493150685,0.0821917808219178,0.40929565725234823,0.09079845457319909
2017-09-04,2017,340,95,4,330,127,24,0.38484848484848483,0.07272727272727272,0.40901462108421527,0.0914216217286243
2017-09-11,2017,349,102,2,316,117,24,0.370253164556962,0.0759493670886076,0.4020555259130948,0.08548319384926815
2017-09-18,2017,429,140,6,324,115,38,0.3549382716049383,0.11728395061728394,0.3954555479589502,0.0912151162478572
2017-09-25,2017,491,164,7,368,130,30,0.3532608695652174,0.08152173913043478,0.3907185988314731,0.09162642207453571
2017-10-02,2017,485,184,1,355,119,31,0.3352112676056338,0.08732394366197183,0.38192341285493275,0.09015801410348961
2017-10-09,2017,523,144,3,334,122,22,0.3652694610778443,0.0658682634730539,0.37194625733937425,0.0843019516618988
2017-10-16,2017,563,175,6,416,139,35,0.33413461538461536,0.08413461538461539,0.36617787299484555,0.08337511661314474
2017-10-23,2017,559,180,2,444,129,29,0.2905405405405405,0.06531531531531531,0.34855708439802957,0.08126555842481943
2017-10-30,2017,491,178,7,321,110,21,0.3426791277258567,0.06542056074766354,0.3432859147577011,0.0803522194273683
2017-11-06,2017,522,154,5,406,137,19,0.3374384236453202,0.046798029556650245,0.3391840721437458,0.07670830223587362
2017-11-13,2017,479,133,6,387,144,33,0.37209302325581395,0.08527131782945736,0.3413284161001053,0.07270672313739529
2017-11-20,2017,529,154,3,406,162,25,0.39901477832512317,0.06157635467980296,0.3470476546950935,0.07021355008106632
2017-11-27,2017,439,152,6,431,144,37,0.33410672853828305,0.08584686774941995,0.34690958731167465,0.07002891559199734
2017-12-04,2017,473,170,6,324,123,35,0.37962962962962965,0.10802469135802469,0.3487046083806478,0.07529846907761868
2017-12-11,2017,432,148,9,380,132,14,0.3473684210526316,0.03684210526315789,0.35035883408914986,0.06938690531243649
2017-12-18,2017,401,144,3,298,124,14,0.4161073825503356,0.04697986577181208,0.3660546893403742,0.0670949741194986
2017-12-25,2017,422,145,6,372,127,34,0.34139784946236557,0.0913978494623656,0.36589452955743784,0.07034213520883634
2018-01-01,2018,413,130,1,386,138,40,0.35751295336787564,0.10362694300518134,0.3684038457727573,0.07744574938990273
2018-01-08,2018,369,148,3,418,141,27,0.3373205741626794,0.0645933014354067,0.36405728963611544,0.07486099734064641
2018-01-15,2018,377,138,6,383,148,37,0.38642297650130547,0.09660574412532637,0.36248331440813825,0.07923967102133682
2018-01-22,2018,320,116,3,329,105,22,0.3191489361702128,0.0668693009118541,0.3606135903621295,0.07686747516664111
2018-01-29,2018,315,129,3,362,147,24,0.40607734806629836,0.06629834254143646,0.36391955516671304,0.07165168156456757
2018-02-05,2018,332,132,5,384,142,31,0.3697916666666667,0.08072916666666667,0.36672246086846744,0.07713756424000617
2018-02-12,2018,286,83,1,310,103,22,0.33225806451612905,0.07096774193548387,0.35624129611419164,0.08013604876046514
2018-02-19,2018,272,99,3,306,124,21,0.40522875816993464,0.06862745098039216,0.3642201597026377,0.07728974895021845
2018-02-26,2018,223,72,3,281,104,22,0.3701067615658363,0.07829181494661921,0.3657943857273828,0.07412285794289819
2018-03-05,2018,246,72,6,317,104,18,0.3280757097791798,0.056782334384858045,0.3646387776794454,0.07314648706157961
2018-03-12,2018,257,76,3,311,120,22,0.3858520900321543,0.0707395498392283,0.36456741687080146,0.06991321277581736
2018-03-19,2018,296,102,3,297,118,25,0.39730639730639733,0.08417508417508418,0.37433709951282457,0.07207643568372112
2018-03-26,2018,339,116,5,283,117,27,0.4134275618374558,0.09540636042402827,0.37525587623421924,0.07571493791904509
2018-04-02,2018,394,119,8,319,101,18,0.3166144200626959,0.05642633228840126,0.3686087204087229,0.07267708362176191
2018-04-09,2018,475,124,4,368,122,21,0.33152173913043476,0.057065217391304345,0.3685166797355111,0.07093926805373947
2018-04-16,2018,577,179,6,353,113,14,0.32011331444759206,0.039660056657223795,0.3578772492702183,0.06731834376334343
2018-04-23,2018,642,208,6,335,118,19,0.3522388059701492,0.056716417910447764,0.3556437548207574,0.064621419133822
2018-04-30,2018,693,220,4,328,107,20,0.32621951219512196,0.06097560975609756,0.3554117301227502,0.06514557855522693
2018-05-07,2018,801,270,1,361,130,26,0.3601108033240997,0.07202216066481995,0.35219406928424335,0.06530590490842589
2018-05-14,2018,942,253,4,367,116,27,0.31607629427792916,0.07356948228882834,0.34204030640568484,0.06398020467264391
2018-05-21,2018,1070,348,8,479,155,18,0.3235908141962422,0.037578288100208766,0.33081071295053316,0.05675169563216647
2018-05-28,2018,913,375,8,430,147,26,0.34186046511627904,0.06046511627906977,0.333966468582231,0.05725654363100003
2018-06-04,2018,945,360,8,511,175,27,0.3424657534246575,0.05283757338551859,0.3353344703690089,0.05672808813027681
2018-06-11,2018,1045,399,17,532,163,28,0.30639097744360905,0.05263157894736842,0.333619178243511,0.058349528416544894
2018-06-18,2018,1119,451,16,508,174,37,0.3425196850393701,0.07283464566929133,0.3324042881271636,0.060364306886400335
2018-06-25,2018,987,413,13,548,239,32,0.43613138686131386,0.058394160583941604,0.34614327246043763,0.060041625739880845
2018-07-02,2018,930,364,16,519,199,40,0.3834296724470135,0.07707129094412331,0.3490581311008018,0.06067276702479377
2018-07-09,2018,858,370,12,518,210,39,0.40540540540540543,0.07528957528957529,0.3602242699917363,0.060887778649887134
2018-07-16,2018,831,331,7,511,204,35,0.39921722113502933,0.0684931506849315,0.3696775708590847,0.06475213647297748
2018-07-23,2018,690,289,9,453,199,41,0.4392935982339956,0.09050772626931568,0.38185671249879927,0.06850746272175821
2018-07-30,2018,643,286,9,476,157,30,0.32983193277310924,0.06302521008403361,0.38027748491735575,0.0697809173090726
2018-08-06,2018,601,247,10,470,184,29,0.39148936170212767,0.06170212765957447,0.3909147829496706,0.07091473589809834
2018-08-13,2018,507,161,6,434,164,29,0.3778801843317972,0.06682027649769585,0.395334845361224,0.07016293975164892
2018-08-20,2018,448,182,9,448,180,31,0.4017857142857143,0.06919642857142858,0.391041636289274,0.07151322325008479
2018-08-27,2018,468,172,1,364,132,27,0.3626373626373626,0.07417582417582418,0.3884425975630677,0.0711512899040474
2018-09-03,2018,506,206,6,386,139,28,0.3601036269430052,0.07253886010362694,0.38277987525526763,0.07080745050580385
2018-09-10,2018,483,157,6,383,155,25,0.4046997389033943,0.06527415143603134,0.3834651899763133,0.07040507559969132
2018-09-17,2018,452,189,5,367,131,15,0.3569482288828338,0.04087193460490463,0.373172018807418,0.06420060164163995
2018-09-24,2018,483,180,3,345,139,21,0.4028985507246377,0.06086956521739131,0.38230534605135913,0.06393114603330965
2018-10-01,2018,412,152,3,339,137,13,0.40412979351032446,0.038348082595870206,0.3838854000273837,0.06101189040034663
2018-10-08,2018,477,161,2,309,95,24,0.3074433656957929,0.07766990291262135,0.37508079769788316,0.062368093702212316
2018-10-15,2018,499,184,8,355,137,19,0.38591549295774646,0.05352112676056338,0.37309702003188716,0.06040868097585416
2018-10-22,2018,437,172,2,337,138,15,0.4094955489614243,0.04451038575667656,0.3789542933223949,0.05670050117346072
2018-10-29,2018,459,154,5,360,132,17,0.36666666666666664,0.04722222222222222,0.3797746732878525,0.053535921438285124
2018-11-05,2018,532,195,6,358,144,24,0.4022346368715084,0.0670391061452514,0.3794665355338668,0.05375654077693763
2018-11-12,2018,473,185,2,369,119,20,0.3224932249322493,0.05420054200542006,0.37515966004004375,0.05542261670200206
2018-11-19,2018,508,196,8,338,126,18,0.3727810650887574,0.05325443786982249,0.3713949743355587,0.05447072578355596
2018-11-26,2018,464,175,1,316,134,13,0.4240506329113924,0.04113924050632911,0.3738850792606922,0.05481962052236332
2018-12-03,2018,460,168,4,356,127,20,0.35674157303370785,0.056179775280898875,0.3800473551779316,0.05213335456839801
2018-12-10,2018,444,181,4,327,133,16,0.40672782874617736,0.04892966360856269,0.3826488971514855,0.05155942167439793
2018-12-17,2018,395,170,0,320,115,18,0.359375,0.05625,0.3763838285313074,0.053026873454813356
2018-12-24,2018,375,154,5,305,120,17,0.39344262295081966,0.05573770491803279,0.37973082306682654,0.05409130879178967
2018-12-31,2018,371,131,2,362,134,14,0.3701657458563536,0.03867403314917127,0.37572221168993225,0.05054567466727966
2019-01-07,2019,350,135,5,401,137,24,0.341645885286783,0.059850374064837904,0.3781162942342489,0.05125190367470689
2019-01-14,2019,353,124,3,428,153,10,0.3574766355140187,0.02336448598130841,0.37620324053740656,0.04751565968864263
2019-01-21,2019,335,130,1,421,141,15,0.334916864608076,0.035629453681710214,0.36506151949949206,0.04682693633556527
2019-01-28,2019,297,113,2,403,141,28,0.34987593052109184,0.06947890818858561,0.364203314185415,0.04848932794902611
2019-02-04,2019,309,98,2,443,156,34,0.35214446952595935,0.07674943566591422,0.35738039428288776,0.05196679945619505
2019-02-11,2019,337,95,2,444,148,29,0.3333333333333333,0.06531531531531531,0.35412518594955444,0.05309996387060946
2019-02-18,2019,363,118,1,467,144,19,0.3083511777301927,0.04068522483940043,0.34348875529697603,0.05121840386078042
2019-02-25,2019,317,86,5,493,176,27,0.35699797160243407,0.05476673427991886,0.34184278351523617,0.05322999150212387
2019-03-04,2019,338,102,4,386,139,25,0.3601036269430052,0.06476683937823834,0.3441500012222639,0.053844549666298924
2019-03-11,2019,307,100,2,444,161,29,0.36261261261261263,0.06531531531531531,0.3447919983595881,0.05908840333304979
2019-03-18,2019,371,121,7,381,144,31,0.3779527559055118,0.08136482939632546,0.3501714847717676,0.06480532529737669
2019-03-25,2019,432,142,5,354,145,24,0.4096045197740113,0.06779661016949153,0.3576375584283826,0.06459503804498994
2019-04-01,2019,500,178,7,371,140,16,0.37735849056603776,0.0431266846361186,0.36078931105839235,0.060392194166265484
2019-04-08,2019,530,184,3,362,132,24,0.36464088397790057,0.06629834254143646,0.3647027548889632,0.06051507256953063
2019-04-15,2019,546,223,2,318,100,25,0.31446540880503143,0.07861635220125786,0.36546703377331813,0.0652564634897628
2019-04-22,2019,568,202,3,320,136,28,0.425,0.0875,0.3739672873230138,0.06934812170477295
2019-04-29,2019,579,213,3,324,132,26,0.4074074074074074,0.08024691358024691,0.3798802598810641,0.07128313098002402
2019-05-06,2019,702,264,3,325,124,28,0.38153846153846155,0.08615384615384615,0.38224599099679524,0.07388794733484037
2019-05-13,2019,675,234,6,331,118,25,0.3564954682779456,0.0755287009063444,0.3795638300433494,0.07315843127359273
2019-05-20,2019,635,220,3,317,128,28,0.4037854889589905,0.08832807570977919,0.3788364511914718,0.0757248644661287
2019-05-27,2019,762,274,2,344,132,23,0.38372093023255816,0.06686046511627906,0.3796317561497869,0.07869158702614874
2019-06-03,2019,761,285,6,374,128,23,0.3422459893048128,0.06149732620320856,0.3768323943156509,0.07809145998387026
2019-06-10,2019,709,283,2,389,145,28,0.37275064267352187,0.07197943444730077,0.3841180485492122,0.07726184526462564
2019-06-17,2019,741,284,7,394,161,42,0.4086294416243655,0.1065989847715736,0.3820717287522579,0.07964921836107233
2019-06-24,2019,699,275,7,392,131,30,0.33418367346938777,0.07653061224489796,0.37291876201000546,0.07918468069415371
2019-07-01,2019,727,292,5,427,158,35,0.3700234192037471,0.08196721311475409,0.37147938171816614,0.0786613515642672
2019-07-08,2019,741,274,4,460,149,32,0.3239130434782609,0.06956521739130435,0.3674065786182056,0.0779159161248872
2019-07-15,2019,623,250,5,477,168,38,0.3522012578616352,0.07966457023060797,0.36095854973103614,0.0768329779399908
2019-07-22,2019,593,237,3,490,176,37,0.35918367346938773,0.07551020408163266,0.35789139263563985,0.07791419531066
2019-07-29,2019,600,215,5,473,182,36,0.38477801268498946,0.07610993657505286,0.3632078955581619,0.07974077160714053
2019-08-05,2019,522,195,2,455,158,33,0.34725274725274724,0.07252747252747253,0.3600206586305651,0.079809276367162
2019-08-12,2019,451,157,2,472,181,32,0.3834745762711864,0.06779661016949153,0.3568763004614177,0.07495897954190174
2019-08-19,2019,400,141,6,461,182,38,0.3947939262472885,0.0824295010845987,0.3644525820586553,0.07569634064686433
2019-08-26,2019,456,171,3,486,164,39,0.3374485596707819,0.08024691358024691,0.3603807246170347,0.07548130320505093
2019-09-02,2019,488,179,5,400,141,37,0.3525,0.0925,0.36395409418225205,0.0783481510311379
2019-09-09,2019,484,163,3,392,127,27,0.3239795918367347,0.06887755102040816,0.3604263859291395,0.07699977362986292
2019-09-16,2019,458,157,2,447,149,30,0.3333333333333333,0.06711409395973154,0.3571950934121327,0.07595025986462528
2019-09-23,2019,488,185,3,402,154,29,0.38308457711442784,0.07213930348258707,0.3569834139658125,0.07545393072806705
2019-09-30,2019,439,138,3,425,131,29,0.30823529411764705,0.06823529411764706,0.35210623232392496,0.07491740842683887
2019-10-07,2019,420,168,4,423,161,27,0.3806146572104019,0.06382978723404255,0.3517487424413269,0.07442155555990775
2019-10-14,2019,456,168,7,409,141,38,0.34474327628361856,0.09290953545232274,0.34549241119586815,0.07573155985587325
2019-10-21,2019,465,151,3,404,139,21,0.34405940594059403,0.05198019801980198,0.3463187669795947,0.07219822041081764
2019-10-28,2019,439,165,1,419,180,28,0.4295942720763723,0.06682577565632458,0.3559555509891412,0.06898894236785821
2019-11-04,2019,476,161,4,433,147,29,0.3394919168591224,0.06697459584295612,0.35789459161693965,0.0687510729706767
2019-11-11,2019,433,142,1,421,140,23,0.332541567695962,0.05463182897862233,0.35779562091226824,0.06719078984803806
2019-11-18,2019,445,158,2,396,137,16,0.34595959595959597,0.04040404040404041,0.35315499826791424,0.06322388196321972
2019-11-25,2019,459,161,6,420,140,35,0.3333333333333333,0.08333333333333333,0.35629225316987506,0.06511113686518051
2019-12-02,2019,447,177,5,346,127,19,0.3670520231213873,0.05491329479768786,0.3545969239087482,0.06399657531063617
2019-12-09,2019,403,151,2,325,131,14,0.40307692307692305,0.043076923076923075,0.3618886297579113,0.05776749876371121
2019-12-16,2019,431,146,6,344,120,24,0.3488372093023256,0.06976744186046512,0.3624858551781277,0.05999090424379411
2019-12-23,2019,432,160,4,347,138,26,0.3976945244956772,0.07492795389048991,0.3584983867305409,0.06100367652306477
2019-12-30,2019,411,163,1,285,100,22,0.3508771929824561,0.07719298245614035,0.35992154624595757,0.0622809748497128
2020-01-06,2020,427,178,8,403,167,31,0.4143920595533499,0.07692307692307693,0.3701528577281311,0.06506738084276963
2020-01-13,2020,392,116,2,348,132,15,0.3793103448275862,0.04310344827586207,0.37432170133662984,0.06540480682674733
2020-01-20,2020,350,128,3,300,114,17,0.38,0.056666666666666664,0.38015503466996314,0.06207147349341399
2020-01-27,2020,345,118,4,334,136,22,0.40718562874251496,0.0658682634730539,0.38517173537260413,0.06344084457783475
2020-02-03,2020,308,120,5,296,138,23,0.46621621621621623,0.0777027027027027,0.39306414701501574,0.0677690670310572
2020-02-10,2020,326,123,3,286,109,25,0.3811188811188811,0.08741258741258741,0.39709935599208523,0.06997471022507248
2020-02-17,2020,373,107,2,314,128,30,0.40764331210191085,0.09554140127388536,0.3983429544428644,0.07255139114799691
2020-02-24,2020,367,139,1,302,111,21,0.3675496688741722,0.0695364238410596,0.40042701392932895,0.07159432132111182
2020-03-02,2020,365,110,1,321,121,18,0.37694704049844235,0.056074766355140186,0.3957463865474655,0.06898828250011974
2020-03-09,2020,417,146,3,335,120,30,0.3582089552238806,0.08955223880597014,0.3931087128470023,0.07479438131638325
2020-03-16,2020,268,99,2,347,121,28,0.34870317002881845,0.08069164265129683,0.38919660910060455,0.07779750331446202
2020-03-23,2020,239,78,5,275,104,26,0.3781818181818182,0.09454545454545454,0.3855711327805175,0.08138215219851208
2020-03-30,2020,117,49,2,196,87,18,0.44387755102040816,0.09183673469387756,0.3827787996310415,0.08314890619740896
2020-04-06,2020,80,28,0,147,73,18,0.4965986394557823,0.12244897959183673,0.3972137694231541,0.08752845521981512
2020-04-13,2020,64,19,1,193,89,19,0.46113989637305697,0.09844559585492228,0.4039008424570474,0.08789147954244474
2020-04-20,2020,61,17,5,256,120,24,0.46875,0.09375,0.41655088384777583,0.09091817656231228
2020-04-27,2020,46,11,0,236,124,31,0.5254237288135594,0.13135593220338984,0.4351104698871655,0.10032832229334349
2020-05-04,2020,51,15,3,282,135,36,0.4787234042553192,0.1276595744680851,0.45017477601609535,0.10509173925110786
2020-05-11,2020,59,17,1,347,207,68,0.5965417867435159,0.19596541786743515,0.4811546031054325,0.11950096115312515
2020-05-18,2020,46,17,1,387,232,72,0.599483204134367,0.18604651162790697,0.5088172763495011,0.1309385932884317
2020-05-25,2020,30,7,1,409,271,78,0.6625916870415648,0.19070904645476772,0.5361565433521457,0.14329763225854297
2020-06-01,2020,55,19,2,486,297,78,0.6111111111111112,0.16049382716049382,0.5504706023090618,0.14805323820462513
2020-06-08,2020,34,8,0,490,388,139,0.7918367346938775,0.2836734693877551,0.5918077070991644,0.1712067223962292
2020-06-15,2020,48,10,1,527,382,120,0.7248576850094877,0.22770398481973433,0.6238211677253503,0.187950970498696
2020-06-22,2020,39,13,0,516,321,122,0.622093023255814,0.2364341085271318,0.6359048295306321,0.20108574253916375
2020-06-29,2020,45,8,3,537,311,92,0.5791433891992551,0.1713221601489758,0.6484573276486242,0.2065435657492751
2020-07-06,2020,50,10,0,573,317,110,0.5532286212914486,0.19197207678883071,0.6430431819671157,0.20604439811444952
2020-07-13,2020,52,14,4,604,335,114,0.554635761589404,0.18874172185430463,0.6374372516489953,0.20638129939274924
2020-07-20,2020,63,11,0,688,378,112,0.5494186046511628,0.16279069767441862,0.6232906163501951,0.2028915057952056
2020-07-27,2020,61,15,1,681,315,79,0.46255506607929514,0.11600587371512482,0.6047211107212181,0.19733051161453447
2020-08-03,2020,76,15,2,789,303,71,0.3840304182509506,0.08998732572877059,0.5537453211658522,0.1731197436571614
2020-08-10,2020,118,16,2,698,328,77,0.4699140401146132,0.11031518624641834,0.5218773655539929,0.1584461438354969
2020-08-17,2020,92,28,0,688,318,60,0.4622093023255814,0.0872093023255814,0.5018919004377138,0.13979304306030313
2020-08-24,2020,84,24,0,632,299,71,0.47310126582278483,0.11234177215189874,0.4886366350156551,0.13242049456066848
2020-08-31,2020,77,21,3,633,263,47,0.4154818325434439,0.07424960505529225,0.47141828642215444,0.11770518559397616
2020-09-07,2020,75,24,3,515,250,46,0.4854368932038835,0.08932038834951456,0.46276842787396444,0.10527751890587742
2020-09-14,2020,60,14,2,479,254,61,0.5302713987473904,0.12734864300626306,0.4603750271359929,0.10084726207235796
2020-09-21,2020,83,25,3,442,264,50,0.5972850678733032,0.11312217194570136,0.47721627736024386,0.10048679935118005
2020-09-28,2020,96,32,0,397,203,33,0.5113350125944585,0.08312342569269521,0.49312935165318234,0.0996288118466706
2020-10-05,2020,101,23,0,334,162,27,0.48502994011976047,0.08083832335329341,0.4950188391538258,0.09594420398503
2020-10-12,2020,72,21,1,339,185,23,0.5457227138643068,0.06784660766961652,0.5054580155961664,0.09352386715303439
2020-10-19,2020,92,27,3,345,181,26,0.5246376811594203,0.07536231884057971,0.5119000675132459,0.08890143548911951
2020-10-26,2020,97,38,4,402,184,27,0.4577114427860697,0.06716417910447761,0.517178768793574,0.08801575724526768
2020-11-02,2020,74,28,3,364,173,34,0.47527472527472525,0.09340659340659341,0.5159084978024293,0.08852653287740253
2020-11-09,2020,90,31,0,406,182,34,0.4482758620689655,0.08374384236453201,0.5056590557176263,0.08307593279718616
2020-11-16,2020,101,30,4,376,186,26,0.4946808510638298,0.06914893617021277,0.49283352861644203,0.07757927832525008
2020-11-23,2020,86,21,1,456,209,29,0.4583333333333333,0.06359649122807018,0.48620831870880143,0.07513841151717196
2020-11-30,2020,81,14,0,457,219,38,0.47921225382932164,0.08315098468271334,0.48548110792249655,0.07542749418334944
2020-12-07,2020,85,11,0,475,256,28,0.5389473684210526,0.05894736842105263,0.48463418974208977,0.07431508927727896
2020-12-14,2020,103,26,0,485,221,28,0.4556701030927835,0.0577319587628866,0.4760132424837602,0.07211129426756732
2020-12-21,2020,109,19,0,443,227,30,0.5124153498871332,0.06772009029345373,0.48285123087139314,0.07218078316618934
2020-12-28,2020,79,26,1,487,238,28,0.4887063655030801,0.057494866529774126,0.48453018589993746,0.06769181730658692
2021-01-04,2021,183,34,1,690,350,104,0.5072463768115942,0.15072463768115943,0.4919015002427661,0.07606441672116535
2021-01-11,2021,171,35,4,732,381,135,0.5204918032786885,0.18442622950819673,0.4951278692696234,0.09047407838841334
2021-01-18,2021,161,32,0,883,460,190,0.5209513023782559,0.21517553793884484,0.5029551154002387,0.10942145922726017
2021-01-25,2021,173,43,1,958,544,196,0.5678496868475992,0.2045929018789144,0.5140347945275234,0.12460169887678531
2021-02-01,2021,129,33,2,927,516,198,0.5566343042071198,0.21359223300970873,0.5162456615007818,0.14393230695036732
2021-02-08,2021,122,25,2,866,473,144,0.546189376443418,0.16628175519630484,0.5275605706696112,0.1575010315045446
2021-02-15,2021,108,19,2,890,497,247,0.5584269662921348,0.27752808988764044,0.5333120227202363,0.18372703145381797
2021-02-22,2021,106,26,0,905,488,231,0.5392265193370166,0.25524861878453037,0.5396270419494784,0.20844625048566245
2021-03-01,2021,155,33,2,903,426,188,0.4717607973421927,0.2081949058693245,0.5351913445158032,0.21563003400918312
2021-03-08,2021,164,35,4,940,477,178,0.5074468085106383,0.18936170212765957,0.5335607201697969,0.21624696808661598
2021-03-15,2021,118,18,3,1005,527,197,0.5243781094527363,0.19601990049751244,0.533989071054107,0.21385251340644942
2021-03-22,2021,147,32,2,1031,604,273,0.585838991270611,0.26479146459747815,0.5362377341069834,0.2213773337462699
2021-03-29,2021,142,35,1,1064,617,225,0.5798872180451128,0.21146616541353383,0.5391443483367325,0.22111157529674802
2021-04-05,2021,147,42,3,1093,649,318,0.5937785910338518,0.2909423604757548,0.5450930001605367,0.23669415095667928
2021-04-12,2021,191,40,3,1150,687,283,0.5973913043478261,0.24608695652173912,0.5499635424174982,0.23276400928594157
2021-04-19,2021,169,34,1,1240,719,362,0.5798387096774194,0.29193548387096774,0.5550400662100485,0.23734986742174627
2021-04-26,2021,160,32,2,1099,678,271,0.6169244767970883,0.24658780709736125,0.5731855261419105,0.24214898007525087
2021-05-03,2021,142,29,0,1000,687,338,0.687,0.338,0.5956296750780807,0.2607287673092934
2021-05-10,2021,153,37,1,1028,599,229,0.5826848249027238,0.2227626459143969,0.6029180145093291,0.264071610486404
2021-05-17,2021,149,36,1,1026,588,223,0.5730994152046783,0.21734892787524365,0.6013255675010876,0.2581412933961247
2021-05-24,2021,188,50,3,898,520,242,0.579064587973274,0.26948775055679286,0.6012227387421077,0.26539399153903204
2021-05-31,2021,183,59,3,840,446,159,0.530952380952381,0.18928571428571428,0.5933694624819238,0.25268691076527694
2021-06-07,2021,171,57,0,679,401,110,0.5905743740795287,0.16200294550810015,0.5925173461983866,0.2421764093885721
2021-06-14,2021,174,43,1,602,278,103,0.46179401993355484,0.17109634551495018,0.5777617599804037,0.22707151709406992
2021-06-21,2021,224,71,2,448,244,67,0.5446428571428571,0.14955357142857142,0.5687265575236248,0.21494223763547118
2021-06-28,2021,194,68,3,441,168,56,0.38095238095238093,0.12698412698412698,0.5304706051426724,0.18856525350848707
2021-07-05,2021,275,76,1,444,160,47,0.36036036036036034,0.10585585585585586,0.5026800470748769,0.17395190475116942
2021-07-12,2021,238,74,2,478,166,32,0.3472803347280335,0.06694560669456066,0.4744526620152963,0.15515148960358405
2021-07-19,2021,200,53,1,464,146,37,0.3146551724137931,0.07974137931034483,0.44140148507036114,0.13143319319777805
2021-07-26,2021,197,58,1,336,136,39,0.40476190476190477,0.11607142857142858,0.4256276755465517,0.12228140748349232
2021-08-02,2021,184,59,3,449,125,25,0.27839643652561247,0.0556792873051225,0.3866054333523121,0.10899095020812012
2021-08-09,2021,193,56,4,407,147,35,0.36117936117936117,0.085995085995086,0.3740286010080379,0.0983532927681371
2021-08-16,2021,205,53,3,360,125,30,0.3472222222222222,0.08333333333333333,0.34935102164295856,0.09007576300623234
2021-08-23,2021,196,57,2,450,142,22,0.31555555555555553,0.04888888888888889,0.3411764184683554,0.08031385824432759
2021-08-30,2021,160,43,0,327,99,23,0.30275229357798167,0.07033639143730887,0.3339754101205581,0.07587392519200921
2021-09-06,2021,191,52,0,324,119,30,0.36728395061728397,0.09259259259259259,0.3364758621067143,0.07907979842926319
2021-09-13,2021,201,58,5,343,133,44,0.3877551020408163,0.1282798833819242,0.3456133533100923,0.08514711143821063
2021-09-20,2021,194,47,2,385,149,35,0.38701298701298703,0.09090909090909091,0.3433947385914775,0.08200181923041841
2021-09-27,2021,198,52,3,319,95,40,0.29780564263322884,0.12539184952978055,0.3458208893549296,0.09071588950850067
2021-10-04,2021,144,37,1,323,131,23,0.4055727554179567,0.07120743034055728,0.35137006363475404,0.08886743255168458
2021-10-11,2021,195,60,3,320,139,25,0.434375,0.078125,0.36226416085697627,0.08821639088501791
2021-10-18,2021,196,56,0,308,141,36,0.4577922077922078,0.11688311688311688,0.3800437423865578,0.0967156693842964
2021-10-25,2021,209,50,1,341,130,30,0.3812316715542522,0.08797653958944282,0.3898536646335916,0.09892068790331315
2021-11-01,2021,208,67,0,390,162,36,0.4153846153846154,0.09230769230769231,0.39586624772950807,0.09888507536770062
2021-11-08,2021,186,41,1,396,170,23,0.4292929292929293,0.05808080808080808,0.40105847613602214,0.0901101909550611
2021-11-15,2021,197,52,1,431,167,39,0.3874709976798144,0.09048723897911833,0.4011157274693756,0.09005745946381453
2021-11-22,2021,200,58,5,403,158,47,0.3920595533498759,0.11662531017369727,0.41289746630895646,0.08896164204430412
2021-11-29,2021,230,70,1,383,156,48,0.4073107049608355,0.12532637075718014,0.4131147100018163,0.09572650959638199
2021-12-06,2021,195,64,0,376,164,31,0.43617021276595747,0.08244680851063829,0.413339111597561,0.09626673566021177
2021-12-13,2021,196,56,0,538,147,33,0.2732342007434944,0.06133828996282528,0.3902693607164718,0.08932363229517533
2021-12-20,2021,215,58,2,406,141,38,0.3472906403940887,0.09359605911330049,0.3860267318214514,0.09002607223565753
2021-12-27,2021,269,70,4,494,211,46,0.4271255060728745,0.0931174089068826,0.38749434315748377,0.09012728681055632
2022-01-03,2022,450,101,5,532,253,45,0.4755639097744361,0.08458646616541353,0.39327821571767213,0.093440494071132
2022-01-10,2022,418,93,3,550,237,56,0.4309090909090909,0.10181818181818182,0.3987079773713317,0.09485686192601493
2022-01-17,2022,426,115,5,557,302,68,0.5421903052064632,0.12208258527827648,0.41747432135340506,0.09553902131408733
2022-01-24,2022,301,88,3,500,235,76,0.47,0.152,0.4253104832333007,0.0988732249694398
2022-01-31,2022,201,76,4,607,351,121,0.5782537067545305,0.19934102141680396,0.44307091998187226,0.11348500158271052
2022-02-07,2022,193,47,2,541,281,95,0.5194085027726433,0.1756007393715342,0.4738427077355159,0.12776780775879912
2022-02-14,2022,160,52,1,454,231,69,0.5088105726872246,0.15198237885462554,0.49403269927215787,0.13506609772646477
2022-02-21,2022,161,44,0,382,169,55,0.4424083769633508,0.14397905759162305,0.4959430581334674,0.14142380381205732
2022-02-28,2022,206,60,0,355,160,53,0.4507042253521127,0.14929577464788732,0.49283559758067697,0.14951246737236656
2022-03-07,2022,256,79,2,365,178,35,0.4876712328767123,0.0958904109589041,0.49993086532662967,0.14877149601495684
2022-03-14,2022,300,75,4,359,135,32,0.37604456824512533,0.08913649025069638,0.4791626482064624,0.14465323413650932
2022-03-21,2022,326,91,1,423,138,23,0.3262411347517731,0.054373522458628844,0.46119279005043406,0.1324499244438379
2022-03-28,2022,348,118,1,426,156,45,0.36619718309859156,0.1056338028169014,0.43468572459344174,0.12073652211885011
2022-04-04,2022,417,148,2,374,137,30,0.3663101604278075,0.08021390374331551,0.41554843180033724,0.10881316766532277
2022-04-11,2022,392,116,1,385,151,24,0.3922077922077922,0.06233766233766234,0.4009730842404082,0.09760757810070236
2022-04-18,2022,473,123,3,387,143,24,0.3695090439276486,0.06201550387596899,0.3918606676109454,0.0873621338862456
2022-04-25,2022,501,153,7,364,153,29,0.42032967032967034,0.07967032967032966,0.38806384823314016,0.07865895326405091
2022-05-02,2022,500,176,5,354,149,32,0.4209039548022599,0.0903954802259887,0.3797179384738336,0.07797208692243648
2022-05-09,2022,577,211,1,421,144,33,0.342042755344418,0.07838479809976247,0.37546771186124517,0.07662812540356974
2022-05-16,2022,647,219,6,433,140,37,0.3233256351039261,0.08545034642032333,0.37510327440526425,0.08051272839878156
2022-05-23,2022,685,207,5,470,135,32,0.2872340425531915,0.06808510638297872,0.36523288183708924,0.07581914134454122
2022-05-30,2022,609,188,1,472,183,36,0.3877118644067797,0.07627118644067797,0.3679080948344608,0.07532630168171152
2022-06-06,2022,627,210,8,454,165,43,0.3634361233480176,0.0947136563876652,0.364311636226989,0.07937330093796188
2022-06-13,2022,708,206,3,550,164,53,0.29818181818181816,0.09636363636363636,0.35539573300876015,0.08366681749892031
2022-06-20,2022,668,242,8,524,209,45,0.3988549618320611,0.08587786259541985,0.35271139444655897,0.08444275911455658
2022-06-27,2022,545,153,7,519,201,45,0.3872832369942196,0.08670520231213873,0.348508804720554,0.08398147437532534
2022-07-04,2022,607,188,10,635,247,49,0.3889763779527559,0.07716535433070866,0.3543755075465962,0.0838290439041936
2022-07-11,2022,649,195,5,509,225,45,0.44204322200392926,0.08840864440078586,0.3692152059090966,0.08419883115175142
2022-07-18,2022,546,169,4,481,207,40,0.4303534303534304,0.08316008316008316,0.3871051293841265,0.08608320324888948
2022-07-25,2022,444,166,5,450,230,44,0.5111111111111111,0.09777777777777778,0.4025300352221679,0.08877152716602695
2022-08-01,2022,465,122,6,513,210,58,0.4093567251461988,0.11306042884990253,0.4082701104469405,0.09106487372380662
2022-08-08,2022,397,103,8,493,205,55,0.4158215010141988,0.11156186612576065,0.4229750708009882,0.09296465244407215
2022-08-15,2022,323,99,3,421,189,36,0.4489311163895487,0.0855106888361045,0.4292345901206741,0.09291875572415773
2022-08-22,2022,385,94,5,478,181,44,0.3786610878661088,0.09205020920502092,0.4281568214796602,0.093586881585768
2022-08-29,2022,383,106,1,436,162,41,0.37155963302752293,0.09403669724770643,0.4259797283640061,0.09569579945039274
2022-09-05,2022,406,99,4,447,156,42,0.348993288590604,0.09395973154362416,0.4143484866873404,0.09638968534324752
2022-09-12,2022,314,85,3,405,142,37,0.3506172839506173,0.09135802469135802,0.4043814683869888,0.09741442803465687
2022-09-19,2022,369,89,2,460,177,44,0.3847826086956522,0.09565217391304348,0.3885904055850564,0.09714872755156509
2022-09-26,2022,374,110,3,364,128,24,0.3516483516483517,0.06593406593406594,0.3813768588978255,0.09125793218708551
2022-10-03,2022,384,103,5,409,160,42,0.39119804400978,0.10268948655256724,0.37829892677227317,0.09014888474043634
2022-10-10,2022,393,114,6,385,150,37,0.38961038961038963,0.09610389610389611,0.3708838359248783,0.0914730356489103
2022-10-17,2022,393,102,5,430,156,36,0.3627906976744186,0.08372093023255814,0.368900037150917,0.09043187577735244
2022-10-24,2022,360,105,2,414,149,34,0.35990338164251207,0.0821256038647343,0.3674430057277907,0.08894298910448092
2022-10-31,2022,369,119,2,380,148,45,0.3894736842105263,0.11842105263157894,0.372503055180281,0.09200065424047527
2022-11-07,2022,433,101,3,401,127,35,0.3167082294264339,0.08728179551122195,0.36826442336475806,0.09149112559295827
2022-11-14,2022,446,115,5,447,176,46,0.39373601789709173,0.1029082774049217,0.369383599514938,0.09239813852944304
2022-11-21,2022,440,119,1,458,162,47,0.3537117903930131,0.10262008733624454,0.36964152935802064,0.09698389120471537
2022-11-28,2022,440,125,3,558,165,46,0.2956989247311828,0.08243727598566308,0.357704139448196,0.09445236488385235
2022-12-05,2022,444,127,4,538,158,26,0.2936802973977695,0.048327137546468404,0.34571287792161853,0.08848027006417389
2022-12-12,2022,350,101,3,549,163,35,0.29690346083788705,0.06375227686703097,0.33747697331705206,0.08598418839348299
2022-12-19,2022,327,124,5,496,178,60,0.3588709677419355,0.12096774193548387,0.33734792157947996,0.09083945565232668
2022-12-26,2022,274,78,2,390,149,54,0.382051282051282,0.13846153846153847,0.33642012130957444,0.09334451638107162
2023-01-02,2023,310,102,6,539,183,51,0.3395176252319109,0.09461966604823747,0.3392712957852591,0.09426175019819857
2023-01-09,2023,260,77,0,470,172,54,0.3659574468085106,0.1148936170212766,0.33579897439918643,0.09575991765024293
2023-01-16,2023,265,78,3,438,138,34,0.3150684931506849,0.0776255707762557,0.33096856224389537,0.09263560308024432
2023-01-23,2023,228,58,2,443,143,41,0.3227990970654628,0.09255079006772009,0.33435608378568044,0.09389979234050144
2023-01-30,2023,250,93,2,514,157,58,0.30544747081712065,0.11284046692607004,0.3358269804630993,0.10196395851295165
2023-02-06,2023,258,91,8,552,152,46,0.2753623188405797,0.08333333333333333,0.3331343377134359,0.10441159057123944
2023-02-13,2023,275,66,2,465,151,32,0.3247311827956989,0.06881720430107527,0.32886686459515635,0.09789277336693837
2023-02-20,2023,306,90,1,570,145,39,0.2543859649122807,0.06842105263157895,0.31290869995278114,0.08913771263819342
2023-02-27,2023,306,91,0,507,160,29,0.3155818540433925,0.05719921104536489,0.30991672855421637,0.08446015576283436
2023-03-06,2023,291,80,1,580,188,49,0.32413793103448274,0.08448275862068966,0.3046892890824629,0.080658798462761
2023-03-13,2023,300,83,2,606,201,41,0.3316831683168317,0.06765676567656766,0.30676612347823123,0.07941269782529999
2023-03-20,2023,413,128,5,756,225,58,0.2976190476190476,0.07671957671957672,0.3036186172974293,0.07743379615678207
2023-03-27,2023,508,149,7,740,235,49,0.31756756756756754,0.06621621621621622,0.3051336293912352,0.07160576481805034
2023-04-03,2023,519,151,4,723,256,62,0.35408022130013833,0.08575380359612725,0.31497336719868,0.07190832360089958
2023-04-10,2023,709,199,5,718,212,46,0.29526462395543174,0.06406685236768803,0.3112900473436466,0.07131452960922617
2023-04-17,2023,780,234,5,763,269,56,0.35255570117955437,0.07339449541284404,0.32356126437705585,0.07193620995688431
2023-04-24,2023,969,307,6,822,231,49,0.28102189781021897,0.05961070559610705,0.3192412698479091,0.07223764677572708
2023-05-01,2023,1025,347,3,760,267,40,0.3513157894736842,0.05263157894736842,0.3226385021528093,0.06825624931656192
2023-05-08,2023,1078,355,6,650,216,45,0.3323076923076923,0.06923076923076923,0.3227165676516669,0.06845299976083712
2023-05-15,2023,1137,314,10,672,228,51,0.3392857142857143,0.07589285714285714,0.32792490098500027,0.06834965981374717
2023-05-22,2023,1145,386,6,670,205,35,0.30597014925373134,0.05223880597014925,0.3264752236957707,0.06660248353298881
2023-05-29,2023,1128,341,4,648,194,50,0.2993827160493827,0.07716049382716049,0.31963803553942627,0.06552831981186796
2023-06-05,2023,1050,349,11,709,185,44,0.2609308885754584,0.06205923836389281,0.3153463186169296,0.06527736806139355
2023-06-12,2023,1070,330,14,672,191,49,0.28422619047619047,0.07291666666666667,0.3068051297790091,0.06521763946812138
2023-06-19,2023,985,338,4,628,192,61,0.3057324840764331,0.09713375796178345,0.30989395306228584,0.06990802101383092
2023-06-26,2023,1005,332,6,648,194,41,0.2993827160493827,0.06327160493827161,0.3034023188842481,0.07123802426269384
2023-07-03,2023,1016,354,7,628,187,40,0.29777070063694266,0.06369426751592357,0.2990851949254044,0.07054596154833812
2023-07-10,2023,987,313,6,623,196,32,0.3146067415730337,0.051364365971107544,0.29600032333631937,0.06747990015186943
2023-07-17,2023,814,245,5,583,149,38,0.2555746140651801,0.06518010291595197,0.2897008814377505,0.06909756227009477
2023-07-24,2023,789,261,7,594,175,35,0.2946127946127946,0.058922558922558925,0.289104641258177,0.06681782040701957
2023-07-31,2023,772,278,8,597,186,39,0.31155778894472363,0.06532663316582915,0.2954330038043351,0.0672262447572616
2023-08-07,2023,628,200,7,555,172,33,0.3099099099099099,0.05945945945945946,0.29864346873355,0.06554409385636072
2023-08-14,2023,550,166,4,555,179,48,0.3225225225225225,0.08648648648648649,0.30074222353931124,0.0642131849219486
2023-08-21,2023,644,183,5,535,176,36,0.32897196261682243,0.06728971962616823,0.3044408793602412,0.06471544925793567
2023-08-28,2023,555,188,2,560,161,45,0.2875,0.08035714285714286,0.3031570417806233,0.06679830867558809
2023-09-04,2023,608,187,10,620,169,47,0.2725806451612903,0.07580645161290323,0.29790377972915544,0.06985356938081254
2023-09-11,2023,576,165,7,569,178,43,0.31282952548330406,0.07557117750439367,0.30506064365642094,0.07115245370436775
2023-09-18,2023,597,179,5,534,168,39,0.3146067415730337,0.07303370786516854,0.3075598870264508,0.07291634732219394
2023-09-25,2023,638,167,3,575,193,43,0.3356521739130435,0.07478260869565218,0.3105716851474908,0.07409834426342184
2023-10-02,2023,581,195,7,532,174,42,0.32706766917293234,0.07894736842105263,0.31271640505536863,0.07653433288362098
2023-10-09,2023,541,184,2,570,173,39,0.30350877192982456,0.06842105263157895,0.31033968623128133,0.07427615365175753
2023-10-16,2023,549,167,3,546,150,29,0.27472527472527475,0.05311355311355311,0.30355885024483786,0.07250413283768063
2023-10-23,2023,499,153,4,567,168,32,0.2962962962962963,0.0564373897707231,0.30465838728187494,0.06951416370187817
2023-10-30,2023,443,139,4,488,167,32,0.3422131147540984,0.06557377049180328,0.31336244598097596,0.06823507856174069
2023-11-06,2023,460,155,3,591,172,47,0.2910321489001692,0.07952622673434856,0.3106377739080841,0.06872945971548504
2023-11-13,2023,481,144,5,582,155,39,0.2663230240549828,0.06701030927835051,0.3046023092183277,0.06797653489213279
2023-11-20,2023,488,141,4,523,170,32,0.32504780114722753,0.06118546845124283,0.3032767626226007,0.06627689236158162
2023-11-27,2023,434,116,4,520,149,31,0.2865384615384615,0.05961538461538462,0.2982106116682919,0.06386039438587313
2023-12-04,2023,387,126,1,548,143,39,0.26094890510948904,0.07116788321167883,0.29289062831574997,0.0642037482083856
2023-12-11,2023,419,129,6,634,170,44,0.26813880126182965,0.0694006309148265,0.2920673191328193,0.06623963293354478
2023-12-18,2023,398,130,3,566,167,31,0.2950530035335689,0.054770318021201414,0.2919119075374784,0.06603124896485457
2023-12-25,2023,422,118,2,702,174,54,0.24786324786324787,0.07692307692307693,0.28011817417612206,0.06744991226876378
