date,year,neumonias_men5,hospitalizados_men5,defunciones_men5,neumonias_60mas,hospitalizados_60mas,defunciones_60mas,HR,CFR,HR_roll,CFR_roll
2000-01-03,2000,1146,247,19,0,0,0,0.21553228621291448,0.016579406631762654,0.21553228621291448,0.016579406631762654
2000-01-10,2000,1329,225,11,0,0,0,0.16930022573363432,0.008276899924755455,0.19241625597327439,0.012428153278259055
2000-01-17,2000,1195,242,14,0,0,0,0.20251046025104602,0.011715481171548118,0.1957809907325316,0.012190595909355409
2000-01-24,2000,1038,205,17,0,0,0,0.197495183044316,0.016377649325626204,0.1962095388104777,0.013237359263423107
2000-01-31,2000,1034,200,13,0,0,0,0.19342359767891681,0.012572533849129593,0.19565235058416552,0.013104394180564406
2000-02-07,2000,1007,178,16,0,0,0,0.17676266137040714,0.015888778550148957,0.19250406904853912,0.01356845824216183
2000-02-14,2000,1045,233,19,0,0,0,0.22296650717703348,0.01818181818181818,0.19685584592403832,0.014227509662112737
2000-02-21,2000,1083,189,15,0,0,0,0.1745152354570637,0.013850415512465374,0.1940632696156665,0.014180372893406817
2000-02-28,2000,954,173,9,0,0,0,0.18134171907756813,0.009433962264150943,0.1897894487237482,0.013287192347455352
2000-03-06,2000,1076,219,21,0,0,0,0.20353159851301114,0.019516728624535316,0.1940683703211703,0.014692170934927837
2000-03-13,2000,1189,205,20,0,0,0,0.1724137931034483,0.01682085786375105,0.19030628692772059,0.015330343021453204
2000-03-20,2000,1254,220,18,0,0,0,0.17543859649122806,0.014354066985645933,0.1875492136085846,0.015077395228955669
2000-03-27,2000,1094,193,13,0,0,0,0.17641681901279707,0.011882998171846435,0.1854233662753196,0.014991203269295273
2000-04-03,2000,999,196,9,0,0,0,0.1961961961961962,0.009009009009009009,0.18785255812854326,0.01413123207665278
2000-04-10,2000,1123,192,16,0,0,0,0.1709706144256456,0.014247551202137132,0.18135307153461977,0.01363944870419265
2000-04-17,2000,1195,254,19,0,0,0,0.2125523012552301,0.015899581589958158,0.18610770475939056,0.013895594463879248
2000-04-24,2000,1361,274,13,0,0,0,0.20132255694342396,0.009551800146950772,0.18860530949262255,0.013910324199229227
2000-05-01,2000,1489,263,14,0,0,0,0.17662860980523842,0.009402283411685695,0.18524243590415096,0.012646018547623025
2000-05-08,2000,1764,322,24,0,0,0,0.18253968253968253,0.013605442176870748,0.18650817208368023,0.012244091586762984
2000-05-15,2000,2054,447,16,0,0,0,0.21762414800389485,0.007789678675754625,0.1917813660227636,0.011423543048026572
2000-05-22,2000,2159,499,27,0,0,0,0.23112552107457157,0.012505789717461788,0.19861995378048541,0.011501391991228491
2000-05-29,2000,2176,539,22,0,0,0,0.24770220588235295,0.01011029411764706,0.205058204991255,0.011639052629808248
2000-06-05,2000,2391,525,14,0,0,0,0.21957340025094102,0.005855290673358427,0.21113355321941693,0.010590020063710908
2000-06-12,2000,2356,553,21,0,0,0,0.23471986417657045,0.008913412563667233,0.21390449858458446,0.009716748935424544
2000-06-19,2000,2408,487,31,0,0,0,0.20224252491694353,0.01287375415282392,0.2140194945812744,0.010131993186158686
2000-06-26,2000,2040,534,34,0,0,0,0.26176470588235295,0.016666666666666666,0.22466150659091375,0.011040041093031309
2000-07-03,2000,2390,567,40,0,0,0,0.23723849372384936,0.016736401673640166,0.2314988579889346,0.011431411030127486
2000-07-10,2000,2113,513,27,0,0,0,0.24278277330809275,0.012778040700425935,0.23464368615195932,0.012054956283211399
2000-07-17,2000,1913,400,22,0,0,0,0.20909566126502874,0.01150026136957658,0.23188995367576648,0.01192926523972575
2000-07-24,2000,1785,398,22,0,0,0,0.22296918767507004,0.012324929971988795,0.22879832639985612,0.012206094721518465
2000-07-31,2000,1915,433,25,0,0,0,0.22610966057441254,0.013054830287206266,0.22961535894029006,0.013106037173249445
2000-08-07,2000,1826,368,24,0,0,0,0.20153340635268346,0.013143483023001095,0.2254670517123042,0.013634795980666178
2000-08-14,2000,1589,374,20,0,0,0,0.23536815607300188,0.012586532410320957,0.22960775560681146,0.013598893262853308
2000-08-21,2000,1515,329,21,0,0,0,0.21716171617161717,0.013861386138613862,0.22403238189296948,0.013248233196846707
2000-08-28,2000,1525,315,18,0,0,0,0.20655737704918034,0.01180327868852459,0.22019724230863585,0.01263159282370726
2000-09-04,2000,1680,293,21,0,0,0,0.1744047619047619,0.0125,0.2116499908832195,0.01259683773615402
2000-09-11,2000,1573,260,21,0,0,0,0.1652892561983471,0.013350286077558804,0.20617419024988431,0.012828090824651795
2000-09-18,2000,1513,287,18,0,0,0,0.18968935888962327,0.011896893588896233,0.20201421165170347,0.012774586276765226
2000-09-25,2000,1289,254,20,0,0,0,0.19705197827773469,0.015515903801396431,0.19838200136461873,0.013082220466038998
2000-10-02,2000,1406,311,43,0,0,0,0.22119487908961594,0.03058321479374111,0.20083968545673528,0.015262186937381498
2000-10-09,2000,1344,243,20,0,0,0,0.18080357142857142,0.01488095238095238,0.19401911237618147,0.015548989433710426
2000-10-16,2000,1405,270,5,0,0,0,0.19217081850533807,0.0035587188612099642,0.1908952501678966,0.01426115602403494
2000-10-23,2000,1259,252,15,0,0,0,0.20015885623510724,0.011914217633042097,0.19009543506613746,0.014275023392099628
2000-10-30,2000,1176,231,17,0,0,0,0.19642857142857142,0.01445578231292517,0.19284841125661364,0.014519496181215273
2000-11-06,2000,1346,316,14,0,0,0,0.23476968796433878,0.010401188707280832,0.2015334652273626,0.014150859009930527
2000-11-13,2000,1216,242,10,0,0,0,0.19901315789473684,0.008223684210526315,0.2026989401030018,0.013691707837634287
2000-11-20,2000,1187,242,15,0,0,0,0.2038753159224937,0.012636899747262006,0.20355185730859668,0.013331832330867483
2000-11-27,2000,1172,269,14,0,0,0,0.2295221843003413,0.011945392491467578,0.20459277045993735,0.011002104543083294
2000-12-04,2000,1137,274,17,0,0,0,0.24098504837291118,0.014951627088830254,0.21211545507797983,0.011010938881568027
2000-12-11,2000,1277,271,17,0,0,0,0.21221613155833985,0.01331245105716523,0.21462111920960503,0.012230155406062435
2000-12-18,2000,952,153,14,0,0,0,0.16071428571428573,0.014705882352941176,0.20969054789450234,0.01257911349604982
2000-12-25,2000,875,163,5,0,0,0,0.18628571428571428,0.005714285714285714,0.20842269075164518,0.011486426421219888
2001-01-01,2001,902,166,8,0,0,0,0.18403547671840353,0.008869179600886918,0.2020809143459033,0.011294925282920648
2001-01-08,2001,1046,218,14,0,0,0,0.2084130019120459,0.01338432122370937,0.20325589484806694,0.01194000490956853
2001-01-15,2001,1001,195,10,0,0,0,0.19480519480519481,0.00999000999000999,0.20212212970840457,0.01160914368991203
2001-01-22,2001,825,159,8,0,0,0,0.19272727272727272,0.009696969696969697,0.197522765761771,0.011328090840599794
2001-01-29,2001,757,161,12,0,0,0,0.21268163804491413,0.015852047556142668,0.19398483947077136,0.011440643399013847
2001-02-05,2001,786,161,19,0,0,0,0.20483460559796438,0.024173027989821884,0.19306214872572444,0.012798215515595927
2001-02-12,2001,746,138,8,0,0,0,0.18498659517426275,0.010723860589812333,0.19609618740822155,0.012300462795204822
2001-02-19,2001,743,160,16,0,0,0,0.21534320323014805,0.021534320323014805,0.1997283735262758,0.014277967121295958
2001-02-26,2001,633,125,6,0,0,0,0.19747235387045814,0.009478672985781991,0.2014079831702826,0.014354153794407843
2001-03-05,2001,722,163,21,0,0,0,0.2257617728531856,0.029085872576177285,0.20357657953792507,0.01631684771346633
2001-03-12,2001,733,156,5,0,0,0,0.21282401091405184,0.0068212824010914054,0.2058289315515322,0.01592075676485151
2001-03-19,2001,725,162,11,0,0,0,0.22344827586206897,0.015172413793103448,0.20966905694338173,0.016605187276868227
2001-03-26,2001,688,167,9,0,0,0,0.24273255813953487,0.01308139534883721,0.21342542195520933,0.016258855750955044
2001-04-02,2001,673,174,8,0,0,0,0.2585438335809807,0.01188707280832095,0.22013907545308636,0.01472311135326743
2001-04-09,2001,656,170,13,0,0,0,0.25914634146341464,0.019817073170731708,0.22940904373923038,0.01585976292588235
2001-04-16,2001,879,195,11,0,0,0,0.22184300341296928,0.012514220705346985,0.23022151876208302,0.014732250473673873
2001-04-23,2001,872,189,8,0,0,0,0.21674311926605505,0.009174311926605505,0.23263036443653262,0.014694205341276812
2001-04-30,2001,1055,231,8,0,0,0,0.218957345971564,0.007582938388625593,0.2317798110763299,0.01200633856783285
2001-05-07,2001,1107,215,8,0,0,0,0.1942186088527552,0.007226738934056007,0.22945413581866783,0.012057020634453425
2001-05-14,2001,1367,307,7,0,0,0,0.22457937088514995,0.005120702267739576,0.22959552269655298,0.010800556693782942
2001-05-21,2001,1561,363,14,0,0,0,0.23254324151185138,0.008968609865470852,0.22832185811809252,0.010286458508362146
2001-05-28,2001,1529,1512,15,0,0,0,0.9888816219751472,0.009810333551340745,0.3196140816673633,0.010026866101239621
2001-06-04,2001,1889,488,23,0,0,0,0.2583377448385389,0.012175754367390153,0.31951300708925384,0.009071701250821927
2001-06-11,2001,1988,440,19,0,0,0,0.22132796780684105,0.009557344064386318,0.3194486276384878,0.008702091670701843
2001-06-18,2001,2054,458,25,0,0,0,0.22297955209347614,0.012171372930866602,0.3202281817419155,0.009076724296234481
2001-06-25,2001,1852,454,24,0,0,0,0.2451403887688985,0.012958963282937365,0.3235010620915823,0.009748727408023452
2001-07-02,2001,1988,523,22,0,0,0,0.2630784708249497,0.011066398390342052,0.3321085448381066,0.010228684840059208
2001-07-09,2001,2068,478,26,0,0,0,0.2311411992263056,0.012572533849129593,0.33292877338075105,0.01116016378773296
2001-07-16,2001,1915,466,17,0,0,0,0.2433420365535248,0.008877284595300261,0.3342786227609602,0.011148748128961636
2001-07-23,2001,1694,415,15,0,0,0,0.2449822904368359,0.00885478158205431,0.24129120631867132,0.011029304132800833
2001-07-30,2001,1545,396,8,0,0,0,0.2563106796116505,0.005177993527508091,0.24103782316531025,0.010154584027815574
2001-08-06,2001,1705,375,20,0,0,0,0.21994134897360704,0.011730205278592375,0.24086449581115602,0.010426191679591332
2001-08-13,2001,1405,353,13,0,0,0,0.2512455516014235,0.009252669039145907,0.24439774574964943,0.010061353693126244
2001-08-20,2001,1266,275,12,0,0,0,0.21721958925750395,0.009478672985781991,0.24090764581072513,0.009626317405981822
2001-08-27,2001,1366,293,14,0,0,0,0.2144948755490483,0.010248901903367497,0.23483469640123744,0.009524130345110004
2001-09-03,2001,1400,310,15,0,0,0,0.22142857142857142,0.010714285714285714,0.23362061792652067,0.009291849328254519
2001-09-10,2001,1384,322,11,0,0,0,0.23265895953757226,0.007947976878612716,0.2322852332995266,0.009175685863668575
2001-09-17,2001,1201,311,12,0,0,0,0.2589508742714405,0.009991673605328892,0.23403130627885216,0.009317797366577897
2001-09-24,2001,1230,293,17,0,0,0,0.23821138211382115,0.013821138211382113,0.2317688940916235,0.010398190452062151
2001-10-01,2001,1122,271,8,0,0,0,0.2415329768270945,0.0071301247771836,0.23446784757330946,0.009823180389386054
2001-10-08,2001,1088,223,11,0,0,0,0.20496323529411764,0.01011029411764706,0.2286825580348962,0.0099303835241987
2001-10-15,2001,1073,267,15,0,0,0,0.2488350419384902,0.013979496738117428,0.23263448962001948,0.010492986493240628
2001-10-22,2001,1070,272,18,0,0,0,0.2542056074766355,0.016822429906542057,0.2375983311109679,0.011314677493637449
2001-10-29,2001,910,260,20,0,0,0,0.2857142857142857,0.02197802197802198,0.24563404539668218,0.01272264452660448
2001-11-05,2001,1088,275,16,0,0,0,0.25275735294117646,0.014705882352941176,0.2481463445721327,0.013567382710895538
2001-11-12,2001,988,269,15,0,0,0,0.2722672064777328,0.015182186234817813,0.24981088609791924,0.014216196789581654
2001-11-19,2001,1013,227,11,0,0,0,0.2240868706811451,0.01085883514313919,0.24804532216883474,0.013845908906051287
2001-11-26,2001,871,201,13,0,0,0,0.23076923076923078,0.014925373134328358,0.24669985391160176,0.014820314950694382
2001-12-03,2001,910,225,13,0,0,0,0.24725274725274726,0.014285714285714285,0.25198604290643045,0.015342242471702787
2001-12-10,2001,948,218,14,0,0,0,0.229957805907173,0.014767932489451477,0.24962638840251583,0.015440796940619542
2001-12-17,2001,723,188,9,0,0,0,0.2600276625172891,0.012448132780082987,0.25035414528259753,0.014894009799812159
2001-12-24,2001,678,201,2,0,0,0,0.29646017699115046,0.0029498525073746312,0.2516973816922056,0.01251548861598124
2001-12-31,2001,682,179,6,0,0,0,0.2624633431085044,0.008797653958944282,0.2529106304631216,0.011776960066731628
2002-01-07,2002,826,206,9,0,0,0,0.24939467312348668,0.010895883777239709,0.25005156379384086,0.011241172259534363
2002-01-14,2002,767,228,9,0,0,0,0.29726205997392435,0.011734028683181226,0.25919846245543826,0.01135057145203962
2002-01-21,2002,719,206,14,0,0,0,0.2865090403337969,0.019471488178025034,0.266165938651009,0.011918835832501706
2002-01-28,2002,612,185,7,0,0,0,0.3022875816993464,0.011437908496732025,0.2730452929568339,0.011562860108878921
2002-02-04,2002,625,149,9,0,0,0,0.2384,0.0144,0.2741005672184373,0.011516868547697488
2002-02-11,2002,657,187,8,0,0,0,0.2846270928462709,0.0121765601217656,0.27717549600956004,0.011482921965407815
2002-02-18,2002,760,207,17,0,0,0,0.2723684210526316,0.02236842105263158,0.27416402651724514,0.013910243033564931
2002-02-25,2002,719,181,20,0,0,0,0.2517385257301808,0.027816411682892908,0.2728234243449547,0.01628758774905851
2002-03-04,2002,748,190,13,0,0,0,0.2540106951871658,0.017379679144385027,0.27340042710291457,0.017098062169951675
2002-03-11,2002,784,214,22,0,0,0,0.2729591836734694,0.02806122448979592,0.2703625675653577,0.019138961645778513
2002-03-18,2002,808,204,9,0,0,0,0.2524752475247525,0.011138613861386138,0.2661083434642272,0.018097352356198648
2002-03-25,2002,702,187,10,0,0,0,0.26638176638176636,0.014245014245014245,0.26162011654952966,0.01844824057473393
2002-04-01,2002,949,250,14,0,0,0,0.26343519494204426,0.014752370916754479,0.2647495159172852,0.018492286939328237
2002-04-08,2002,1022,291,9,0,0,0,0.2847358121330724,0.008806262230919765,0.2647631058281354,0.018070999702972507
2002-04-15,2002,1168,243,16,0,0,0,0.20804794520547945,0.0136986301369863,0.25672304634724136,0.016987275838516846
2002-04-22,2002,1084,272,4,0,0,0,0.25092250922509224,0.0036900369003690036,0.2566210442841053,0.01397147899070136
2002-04-29,2002,1079,241,10,0,0,0,0.22335495829471733,0.009267840593141797,0.2527890771725492,0.012957499171795955
2002-05-06,2002,1252,315,12,0,0,0,0.2515974440894569,0.009584664536741214,0.25011885972454767,0.010647929177664118
2002-05-13,2002,1412,363,12,0,0,0,0.25708215297450426,0.0084985835694051,0.25069472290576666,0.010317925391166488
2002-05-20,2002,1458,364,11,0,0,0,0.2496570644718793,0.0075445816186556925,0.24860413516703078,0.00948037131287167
2002-05-27,2002,1448,382,11,0,0,0,0.2638121546961326,0.007596685082872928,0.24865125513629183,0.008585910583636475
2002-06-03,2002,1529,408,23,0,0,0,0.2668410725964683,0.015042511445389144,0.2464144126942163,0.009365441735445148
2002-06-10,2002,1544,427,13,0,0,0,0.2765544041450777,0.008419689119170985,0.2549777200616661,0.008705574108218234
2002-06-17,2002,1404,378,20,0,0,0,0.2692307692307692,0.014245014245014245,0.2572662525623757,0.010024946276298888
2002-06-24,2002,1455,452,20,0,0,0,0.3106529209621993,0.013745704467353952,0.26817849789581094,0.010584679260575406
2002-07-01,2002,1433,418,23,0,0,0,0.2916957431960921,0.016050244242847175,0.27319078528414037,0.011392876723838652
2002-07-08,2002,1500,393,19,0,0,0,0.262,0.012666666666666666,0.27380551616232734,0.011913887110996349
2002-07-15,2002,1433,354,24,0,0,0,0.24703419399860432,0.01674808094905792,0.2734776573531679,0.013064324527296627
2002-07-22,2002,1406,388,24,0,0,0,0.2759601706970128,0.017069701280227598,0.274996159353278,0.014248451551965961
2002-07-29,2002,1226,383,19,0,0,0,0.31239804241435565,0.015497553017944535,0.2806907805805139,0.014305331748535384
2002-08-05,2002,1224,324,27,0,0,0,0.2647058823529412,0.022058823529411766,0.2792097153564968,0.016010223549815482
2002-08-12,2002,1069,295,13,0,0,0,0.27595884003741816,0.01216089803554724,0.28005072420732796,0.015749709023632107
2002-08-19,2002,1011,266,16,0,0,0,0.26310583580613256,0.01582591493570722,0.2741073385628196,0.016009735332176266
2002-08-26,2002,960,246,9,0,0,0,0.25625,0.009375,0.2696766206633081,0.015175329801820368
2002-09-02,2002,1038,251,16,0,0,0,0.2418111753371869,0.015414258188824663,0.26715301758045645,0.015518778742090119
2002-09-09,2002,1045,245,17,0,0,0,0.23444976076555024,0.016267942583732056,0.26557996342632467,0.015458761446424385
2002-09-16,2002,1070,269,9,0,0,0,0.2514018691588785,0.008411214953271028,0.2625101757340579,0.014376450655554814
2002-09-23,2002,1010,249,13,0,0,0,0.24653465346534653,0.01287128712871287,0.2542772521154318,0.014048167419400856
2002-09-30,2002,948,250,14,0,0,0,0.26371308016877637,0.014767932489451477,0.25415315184241116,0.01313680603940582
2002-10-07,2002,986,283,10,0,0,0,0.2870182555780933,0.010141987829614604,0.25553557878499555,0.012884442263664241
2002-10-14,2002,1034,229,5,0,0,0,0.22147001934235977,0.004835589941972921,0.25033110172702394,0.011510651639447454
2002-10-21,2002,1033,242,8,0,0,0,0.23426911907066797,0.007744433688286544,0.24758349161085746,0.011306830850483271
2002-10-28,2002,966,267,10,0,0,0,0.27639751552795033,0.010351966873706004,0.2519067841347029,0.010674044436093438
2002-11-04,2002,1068,248,7,0,0,0,0.23220973782771537,0.006554307116104869,0.2516267812674735,0.00945984000264004
2002-11-11,2002,945,213,9,0,0,0,0.2253968253968254,0.009523809523809525,0.24837615079721687,0.00959891432395735
2002-11-18,2002,946,242,14,0,0,0,0.2558139534883721,0.014799154334038054,0.2495360633000951,0.009839897724622999
2002-11-25,2002,949,264,8,0,0,0,0.2781875658587987,0.008429926238145416,0.2513453740113479,0.009047646943209742
2002-12-02,2002,1049,223,12,0,0,0,0.21258341277407056,0.011439466158245948,0.24204101866084504,0.009209831734288661
2002-12-09,2002,956,228,2,0,0,0,0.2384937238493724,0.0020920502092050207,0.2441689817242216,0.008866889267692673
2002-12-16,2002,908,196,9,0,0,0,0.21585903083700442,0.009911894273127754,0.24186772069501367,0.009137821840797825
2002-12-23,2002,727,198,22,0,0,0,0.2723521320495186,0.030261348005502064,0.2413620477602097,0.011626494482272333
2002-12-30,2002,779,223,14,0,0,0,0.2862644415917843,0.01797175866495507,0.2481188857307183,0.013053675925878607
2003-01-06,2003,867,254,14,0,0,0,0.29296424452133796,0.016147635524798153,0.2565648131212824,0.013881654176002185
2003-01-13,2003,782,220,8,0,0,0,0.2813299232736573,0.010230179028132993,0.25975430934444305,0.013310532262764052
2003-01-20,2003,797,198,7,0,0,0,0.24843161856963614,0.00878293601003764,0.2560348159332977,0.01335465848425058
2003-01-27,2003,718,196,15,0,0,0,0.27298050139275765,0.020891364902506964,0.2635844520106336,0.014536145827283208
2003-02-03,2003,708,180,9,0,0,0,0.2542372881355932,0.012711864406779662,0.2655523975464112,0.01586362260198004
2003-02-10,2003,804,207,5,0,0,0,0.2574626865671642,0.006218905472636816,0.27075285451268116,0.01540199900191867
2003-02-17,2003,808,209,16,0,0,0,0.25866336633663367,0.019801980198019802,0.26904175879857056,0.014094578025983387
2003-02-24,2003,798,196,14,0,0,0,0.24561403508771928,0.017543859649122806,0.26396045798556245,0.014041090649004355
2003-03-03,2003,798,222,7,0,0,0,0.2781954887218045,0.008771929824561403,0.26211436351062073,0.01311912743647476
2003-03-10,2003,838,219,9,0,0,0,0.2613365155131265,0.010739856801909307,0.25961518754055435,0.0131828371581968
2003-03-17,2003,935,241,15,0,0,0,0.25775401069518716,0.016042780748663103,0.26078048655624825,0.014090317750524984
2003-03-24,2003,822,227,9,0,0,0,0.2761557177615572,0.010948905109489052,0.26117738860234824,0.012847510276397744
2003-03-31,2003,983,261,10,0,0,0,0.26551373346897256,0.01017293997965412,0.26258694426902063,0.012530144723007052
2003-04-07,2003,967,234,14,0,0,0,0.2419855222337125,0.014477766287487074,0.2606522987273392,0.013562502324863335
2003-04-14,2003,845,225,6,0,0,0,0.26627218934911245,0.007100591715976331,0.261603401603899,0.0119748287646079
2003-04-21,2003,1074,271,6,0,0,0,0.25232774674115455,0.00558659217877095,0.2624426155605784,0.010480170330813918
2003-04-28,2003,942,260,10,0,0,0,0.2760084925690021,0.010615711252653927,0.2621692410414781,0.010710643009325484
2003-05-05,2003,1086,258,10,0,0,0,0.23756906077348067,0.009208103130755065,0.2591983091990224,0.010519173800431204
2003-05-12,2003,1223,283,15,0,0,0,0.2313982011447261,0.012264922322158627,0.25590383300521474,0.010046941497118142
2003-05-19,2003,1358,396,17,0,0,0,0.2916053019145803,0.012518409425625921,0.2578350310243427,0.010243129536635254
2003-05-26,2003,1039,282,15,0,0,0,0.2714148219441771,0.014436958614051972,0.2585726670837432,0.010776131865934983
2003-06-02,2003,1080,291,8,0,0,0,0.26944444444444443,0.007407407407407408,0.2620050323600847,0.009892337005925025
2003-06-09,2003,946,284,13,0,0,0,0.30021141649048627,0.013742071881606765,0.26624743575275645,0.01072252202662883
2003-06-16,2003,989,291,11,0,0,0,0.2942366026289181,0.011122345803842264,0.2714860427387269,0.011414491229762742
2003-06-23,2003,1059,320,22,0,0,0,0.3021718602455146,0.02077431539187913,0.27475646369829093,0.012684316747165893
2003-06-30,2003,1058,298,19,0,0,0,0.28166351606805295,0.017958412098298678,0.2802682706101125,0.013778105368108844
2003-07-07,2003,1217,347,22,0,0,0,0.28512736236647496,0.018077239112571898,0.28698441576283107,0.014504644966910505
2003-07-14,2003,1243,364,22,0,0,0,0.2928399034593725,0.017699115044247787,0.2871387409559301,0.015152233169238239
2003-07-21,2003,1140,320,15,0,0,0,0.2807017543859649,0.013157894736842105,0.2882996075111536,0.014992350184587005
2003-07-28,2003,1111,328,24,0,0,0,0.2952295229522952,0.021602160216021602,0.29152274232463493,0.01676669428566378
2003-08-04,2003,1155,322,18,0,0,0,0.2787878787878788,0.015584415584415584,0.288844800111809,0.01699698724851488
2003-08-11,2003,1076,293,10,0,0,0,0.27230483271375466,0.00929368029739777,0.28610332887241363,0.01676840406020932
2003-08-18,2003,1162,343,14,0,0,0,0.29518072289156627,0.012048192771084338,0.28522943670317,0.01567763873260997
2003-08-25,2003,1009,267,12,0,0,0,0.26461843409316155,0.011892963330029732,0.2830988014563086,0.014919457636576353
2003-09-01,2003,1164,328,22,0,0,0,0.281786941580756,0.018900343642611683,0.28268124885809376,0.015022345702831324
2003-09-08,2003,1296,369,21,0,0,0,0.2847222222222222,0.016203703703703703,0.28166653870344993,0.014835419285263314
2003-09-15,2003,1198,341,9,0,0,0,0.2846410684474123,0.007512520868113523,0.2821589529611309,0.01412974755167224
2003-09-22,2003,1028,307,16,0,0,0,0.29863813229571984,0.01556420233463035,0.282585029129059,0.013375002816498335
2003-09-29,2003,1078,296,10,0,0,0,0.274582560296846,0.00927643784786642,0.28205936431767986,0.01258650559942969
2003-10-06,2003,1100,297,17,0,0,0,0.27,0.015454545454545455,0.28177126022846055,0.013356613744073152
2003-10-13,2003,1050,326,14,0,0,0,0.31047619047619046,0.013333333333333334,0.28368319367653855,0.013517256314354275
2003-10-20,2003,1084,315,8,0,0,0,0.29059040590405905,0.007380073800738007,0.28692969015290076,0.01295314512319281
2003-10-27,2003,977,298,17,0,0,0,0.30501535312180145,0.017400204708290685,0.2898332415955314,0.012765627756402685
2003-11-03,2003,1147,334,16,0,0,0,0.2911944202266783,0.013949433304272014,0.2906422663460884,0.012483843956473725
2003-11-10,2003,1128,293,9,0,0,0,0.25975177304964536,0.007978723404255319,0.28753110442136753,0.012542119273491449
2003-11-17,2003,1056,310,9,0,0,0,0.2935606060606061,0.008522727272727272,0.2868964136419784,0.011661934890753563
2003-11-24,2003,987,304,13,0,0,0,0.3080040526849038,0.013171225937183385,0.2910741001904855,0.012148783401918184
2003-12-01,2003,933,287,4,0,0,0,0.30760986066452306,0.004287245444801715,0.29577533277355095,0.010752870900700215
2003-12-08,2003,867,268,14,0,0,0,0.3091118800461361,0.016147635524798153,0.2956047939697941,0.011104658674633318
2003-12-15,2003,853,247,10,0,0,0,0.2895662368112544,0.011723329425556858,0.2954767728331935,0.011647565627735675
2003-12-22,2003,811,249,7,0,0,0,0.3070283600493218,0.008631319358816275,0.29572839869913364,0.010551454959051375
2003-12-29,2003,2076,645,28,0,0,0,0.3106936416184971,0.01348747591522158,0.298165801373111,0.01049371028542007
2004-01-05,2004,988,275,12,0,0,0,0.2783400809716599,0.012145748987854251,0.3004893398633628,0.011014588483369937
2004-01-12,2004,879,241,8,0,0,0,0.27417519908987487,0.009101251422070534,0.29806616399202135,0.011086904002037844
2004-01-19,2004,747,257,12,0,0,0,0.34404283801874164,0.01606425702811245,0.30257101215875115,0.011448532888403976
2004-01-26,2004,744,234,12,0,0,0,0.31451612903225806,0.016129032258064516,0.303434295704718,0.012928756240061828
2004-02-02,2004,736,229,7,0,0,0,0.3111413043478261,0.009510869565217392,0.3036879737424293,0.012099160495114232
2004-02-09,2004,681,202,14,0,0,0,0.2966226138032305,0.020558002936857563,0.3045700208664262,0.013203494684026821
2004-02-16,2004,747,239,13,0,0,0,0.31994645247657294,0.01740294511378849,0.3061847824198326,0.014299947903398346
2004-02-23,2004,727,186,6,0,0,0,0.2558459422283356,0.008253094910591471,0.2993288199960624,0.013645650277819582
2004-03-01,2004,741,257,9,0,0,0,0.3468286099865047,0.012145748987854251,0.30788988612291807,0.013645650277819582
2004-03-08,2004,734,259,11,0,0,0,0.3528610354223433,0.014986376021798364,0.31772561566447666,0.014381290852785562
2004-03-15,2004,665,219,10,0,0,0,0.3293233082706767,0.015037593984962405,0.3158856744459685,0.014252957972391806
2004-03-22,2004,686,232,11,0,0,0,0.33819241982507287,0.016034985422740525,0.31884521079507033,0.014241202117976307
2004-03-29,2004,695,191,3,0,0,0,0.27482014388489207,0.004316546762589928,0.31430506573720357,0.013591911767647874
2004-04-05,2004,744,258,13,0,0,0,0.3467741935483871,0.01747311827956989,0.3205740132053482,0.013206301185486916
2004-04-12,2004,799,231,11,0,0,0,0.28911138923654567,0.01376720901126408,0.3167196303003448,0.012751834172671363
2004-04-19,2004,740,234,6,0,0,0,0.3162162162162162,0.008108108108108109,0.32426591454882986,0.012733710822360944
2004-04-26,2004,811,285,13,0,0,0,0.35141800246609123,0.016029593094944512,0.32483958860877815,0.013219191335747227
2004-05-03,2004,907,292,13,0,0,0,0.3219404630650496,0.014332965821389196,0.32097451706411645,0.01313751506069608
2004-05-10,2004,1006,280,12,0,0,0,0.2783300198807157,0.011928429423459244,0.3146003560153713,0.012748869490508186
2004-05-17,2004,1001,322,15,0,0,0,0.32167832167832167,0.014985014985014986,0.3125360937470274,0.012617623185792494
2004-05-24,2004,1112,379,15,0,0,0,0.3408273381294964,0.013489208633093525,0.32078699302760294,0.013764205919605444
2004-05-31,2004,1081,344,8,0,0,0,0.31822386679000925,0.0074005550416281225,0.3172182021828057,0.012505135514862722
2004-06-07,2004,1101,353,11,0,0,0,0.3206176203451408,0.009990917347865577,0.3211564810713801,0.01203309905693791
2004-06-14,2004,987,361,10,0,0,0,0.3657548125633232,0.010131712259371834,0.3273488056147685,0.012286049575845875
2004-06-21,2004,1057,346,13,0,0,0,0.3273415326395459,0.01229895931882687,0.3243392468864503,0.01181972035383117
2004-06-28,2004,1145,374,10,0,0,0,0.3266375545851528,0.008733624454148471,0.32492638332646323,0.011119802682926078
2004-07-05,2004,1079,332,15,0,0,0,0.3076923076923077,0.013901760889712697,0.3285966693029122,0.01136646911620776
2004-07-12,2004,1106,355,22,0,0,0,0.3209764918625678,0.019891500904159132,0.328508940575943,0.011979779856100778
2004-07-19,2004,935,332,11,0,0,0,0.35508021390374334,0.011764705882352941,0.33029055004772384,0.011764217012258205
2004-07-26,2004,1089,329,12,0,0,0,0.3021120293847567,0.011019283746556474,0.3282765703720673,0.01221655810037425
2004-08-02,2004,897,282,21,0,0,0,0.31438127090301005,0.023411371237458192,0.3274970266918009,0.013894114836573327
2004-08-09,2004,840,255,16,0,0,0,0.30357142857142855,0.01904761904761905,0.3197241036928141,0.01500860318510423
2004-08-16,2004,781,243,12,0,0,0,0.3111395646606914,0.015364916773367477,0.3176988576954573,0.015391847866921804
2004-08-23,2004,814,262,8,0,0,0,0.32186732186732187,0.009828009828009828,0.31710257860572844,0.015528646038654474
2004-08-30,2004,920,304,13,0,0,0,0.33043478260869563,0.014130434782608696,0.31994538797027694,0.015557230275266475
2004-09-06,2004,839,227,5,0,0,0,0.27056019070321813,0.0059594755661501785,0.31364335032535823,0.013815727108015353
2004-09-13,2004,900,279,18,0,0,0,0.31,0.02,0.30800832358739033,0.014845138872721236
2004-09-20,2004,911,269,12,0,0,0,0.29527991218441274,0.013172338090010977,0.3071543089373473,0.01511427066565305
2004-09-27,2004,1015,335,14,0,0,0,0.33004926108374383,0.013793103448275862,0.30911280770993904,0.013911987192005258
2004-10-04,2004,1006,327,18,0,0,0,0.3250497017892644,0.017892644135188866,0.31179759186216854,0.013767615327951486
2004-10-11,2004,1029,312,5,0,0,0,0.3032069970845481,0.004859086491739553,0.3108060209151506,0.012454386542747995
2004-10-18,2004,1000,310,23,0,0,0,0.31,0.023,0.30932260568173536,0.014100885314246766
2004-10-25,2004,957,321,14,0,0,0,0.335423197492163,0.014629049111807733,0.30994615754216875,0.014163212105396646
2004-11-01,2004,1050,314,17,0,0,0,0.29904761904761906,0.01619047619047619,0.3135070860852189,0.015442087183437397
2004-11-08,2004,1019,317,19,0,0,0,0.31108930323846906,0.018645731108930325,0.3136432489900275,0.015272803572053689
2004-11-15,2004,973,296,13,0,0,0,0.30421377183967113,0.013360739979445015,0.3147599814469348,0.015296353808232943
2004-11-22,2004,955,289,12,0,0,0,0.30261780104712044,0.012565445026178011,0.31133104894235686,0.015142896505470712
2004-11-29,2004,979,311,11,0,0,0,0.3176710929519918,0.011235955056179775,0.3104087228376978,0.014310810370594576
2004-12-06,2004,979,307,9,0,0,0,0.313585291113381,0.009193054136874362,0.3117060095913019,0.014852556326236426
2004-12-13,2004,852,256,18,0,0,0,0.3004694835680751,0.02112676056338028,0.31051469503731133,0.014618401396658962
2004-12-20,2004,832,259,8,0,0,0,0.3112980769230769,0.009615384615384616,0.3074990549661756,0.013991693334606072
2005-01-03,2005,1012,297,13,0,0,0,0.29347826086956524,0.012845849802371542,0.30680288519391885,0.01357361503609299
2005-01-10,2005,1013,294,8,0,0,0,0.29022704837117475,0.007897334649555774,0.3041951033355071,0.012230065478671172
2005-01-17,2005,820,248,19,0,0,0,0.3024390243902439,0.023170731707317073,0.30397325990432866,0.01345631444465518
2005-01-24,2005,750,223,12,0,0,0,0.29733333333333334,0.016,0.30331270144010525,0.013885633816382928
2005-01-31,2005,682,214,7,0,0,0,0.31378299120234604,0.010263929618768328,0.3028266887213995,0.013764130636706498
2005-02-07,2005,727,204,21,0,0,0,0.28060522696011003,0.02888583218707015,0.2987041807022407,0.01622572789298097
2005-02-14,2005,714,244,13,0,0,0,0.34173669467787116,0.018207282913165267,0.30386258209096517,0.015860793186704095
2005-02-21,2005,630,183,12,0,0,0,0.2904761904761905,0.01904761904761905,0.3012598462851044,0.017039822490733398
2005-02-28,2005,671,215,10,0,0,0,0.3204172876304024,0.014903129657228018,0.304627224630209,0.01729698247259046
2005-03-07,2005,700,240,14,0,0,0,0.34285714285714286,0.02,0.311205986440955,0.018809815641395985
2005-03-14,2005,679,193,10,0,0,0,0.28424153166421207,0.014727540500736377,0.30893129985020107,0.0177544167405734
2005-03-21,2005,740,226,8,0,0,0,0.3054054054054054,0.010810810810810811,0.30994030885921003,0.01710576809192475
2005-03-28,2005,903,286,10,0,0,0,0.3167220376522702,0.01107419712070875,0.3103076896654506,0.017207051529667304
2005-04-04,2005,860,277,7,0,0,0,0.32209302325581396,0.00813953488372093,0.31549366420241354,0.01461376436674865
2005-04-11,2005,998,300,9,0,0,0,0.30060120240480964,0.009018036072144289,0.31035172766828084,0.013465108511621027
2005-04-18,2005,1076,344,7,0,0,0,0.31970260223048325,0.006505576208178439,0.31400502913756745,0.011897353156690951
2005-04-25,2005,1052,351,14,0,0,0,0.33365019011406843,0.013307984790874524,0.3156591419480257,0.011697960048396766
2005-05-02,2005,1105,358,3,0,0,0,0.3239819004524887,0.0027149321266968325,0.313299736647444,0.009537326564233868
2005-05-09,2005,1169,377,3,0,0,0,0.32249786142001713,0.0025662959794696323,0.31808177786691955,0.008017170999075526
2005-05-16,2005,1203,349,13,0,0,0,0.29010806317539484,0.010806317539484621,0.3161696100881683,0.008016609340159752
2005-05-23,2005,1192,445,16,0,0,0,0.3733221476510067,0.013422818791946308,0.32324462383801034,0.008310187049064447
2005-05-30,2005,1150,422,12,0,0,0,0.36695652173913046,0.010434782608695653,0.3288525611484249,0.008597093014686287
2005-06-06,2005,1208,386,15,0,0,0,0.3195364238410596,0.012417218543046357,0.33121946382795614,0.009021990823549045
2005-06-13,2005,1300,443,18,0,0,0,0.34076923076923077,0.013846153846153847,0.3338527923952996,0.009939563028295972
2005-06-20,2005,1100,383,30,0,0,0,0.3481818181818182,0.02727272727272727,0.33566924590376834,0.011685155838527566
2005-06-27,2005,1191,414,23,0,0,0,0.34760705289672544,0.019311502938706968,0.3386223899592979,0.013759727190028832
2005-07-04,2005,1184,386,21,0,0,0,0.3260135135135135,0.017736486486486486,0.339061846470985,0.015656001003405938
2005-07-11,2005,1065,325,22,0,0,0,0.3051643192488263,0.020657276995305163,0.34094387848016383,0.016887370935383506
2005-07-18,2005,975,342,18,0,0,0,0.3507692307692308,0.018461538461538463,0.3381247638699419,0.017517210894082525
2005-07-25,2005,874,271,13,0,0,0,0.3100686498855835,0.014874141876430207,0.3310137798882485,0.018072130802549345
2005-08-01,2005,953,276,7,0,0,0,0.28961175236096537,0.007345225603357817,0.32727319595323673,0.017438131685088277
2005-08-08,2005,848,262,21,0,0,0,0.3089622641509434,0.024764150943396228,0.32329732512595083,0.018802881322243573
2005-08-15,2005,758,206,7,0,0,0,0.2717678100263852,0.009234828496042216,0.3137455741065217,0.016548143975157942
2005-08-22,2005,738,228,5,0,0,0,0.3089430894308943,0.006775067750677507,0.3089125786732928,0.01498108957665426
2005-08-29,2005,777,256,15,0,0,0,0.32947232947232946,0.019305019305019305,0.3093449306681448,0.015177156178970863
2005-09-05,2005,790,240,5,0,0,0,0.3037974683544304,0.006329113924050633,0.30917407430634536,0.013386135795064046
2005-09-12,2005,699,196,9,0,0,0,0.2804005722460658,0.012875536480686695,0.30037799199094967,0.012687885547457575
2005-09-19,2005,665,223,7,0,0,0,0.33533834586466166,0.010526315789473684,0.3035367039883345,0.01214440728658801
2005-09-26,2005,770,246,3,0,0,0,0.3194805194805195,0.003896103896103896,0.30727029987827875,0.01171326707318127
2005-10-03,2005,804,245,12,0,0,0,0.30472636815920395,0.014925373134328358,0.3067408128793113,0.010483419847047787
2005-10-10,2005,745,212,8,0,0,0,0.28456375838926173,0.010738255033557046,0.30834030642467086,0.01067134816423714
2005-10-17,2005,786,255,9,0,0,0,0.3244274809160305,0.011450381679389313,0.3102758553603129,0.011255762405326115
2005-10-24,2005,778,233,7,0,0,0,0.2994858611825193,0.008997429305912597,0.3065275468240866,0.009967313655437777
2005-10-31,2005,732,227,9,0,0,0,0.31010928961748635,0.012295081967213115,0.30731652448196856,0.010713059660833088
2005-11-07,2005,779,239,11,0,0,0,0.306803594351733,0.014120667522464698,0.310616902245177,0.01086870104105534
2005-11-14,2005,841,245,12,0,0,0,0.291319857312723,0.014268727705112961,0.30511459117618467,0.011336502530510249
2005-11-21,2005,762,214,15,0,0,0,0.28083989501312334,0.01968503937007874,0.3002845131177601,0.013310119464757103
2005-11-28,2005,769,231,10,0,0,0,0.30039011703511054,0.013003901170351105,0.2997424817272485,0.013069935469259946
2005-12-05,2005,835,250,10,0,0,0,0.2994011976047904,0.011976047904191617,0.30159716162918954,0.013224659578089267
2005-12-12,2005,820,229,11,0,0,0,0.27926829268292686,0.013414634146341463,0.29595226310005157,0.013470191136458289
2005-12-19,2005,748,211,3,0,0,0,0.2820855614973262,0.004010695187165776,0.29377722563940245,0.012846849371614934
2005-12-26,2005,686,228,14,0,0,0,0.3323615160349854,0.02040816326530612,0.29655875394158987,0.01386098453387656
2006-01-02,2006,826,257,14,15,7,1,0.31113801452784506,0.01694915254237288,0.29710055646360384,0.014214545161365083
2006-01-09,2006,824,245,14,25,9,1,0.2973300970873786,0.01699029126213592,0.2978518364354358,0.014554740605992952
2006-01-16,2006,765,221,5,21,8,0,0.28888888888888886,0.006535947712418301,0.2988579606699065,0.012911104148785399
2006-01-23,2006,743,203,17,13,6,1,0.2732166890982503,0.02288021534320323,0.295461282177799,0.014145643420391913
2006-01-30,2006,585,200,10,18,10,3,0.3418803418803419,0.017094017094017096,0.30077117521224295,0.0147853895691201
2006-02-06,2006,610,214,7,18,6,2,0.35081967213114756,0.011475409836065573,0.3097150976432705,0.014542986530335613
2006-02-13,2006,590,178,10,17,5,0,0.3016949152542373,0.01694915254237288,0.3121662668628844,0.0161602936997365
2006-02-20,2006,662,237,4,10,2,0,0.3580060422960725,0.006042296072507553,0.31537183264552027,0.01436456030063668
2006-02-27,2006,596,207,11,14,5,3,0.34731543624161076,0.018456375838926176,0.31989401035974097,0.014552963212705841
2006-03-06,2006,717,241,8,22,8,4,0.33612273361227335,0.011157601115760111,0.32474308992535283,0.013823876944408866
2006-03-13,2006,790,231,4,21,7,0,0.29240506329113924,0.005063291139240506,0.3251826117256341,0.013639794872761641
2006-03-20,2006,796,239,10,17,9,4,0.30025125628140703,0.01256281407035176,0.3285619326235287,0.012350119713655208
2006-03-27,2006,748,213,4,16,9,2,0.28475935828877,0.0053475935828877,0.3214218096745822,0.010881816774764031
2006-04-03,2006,1069,311,4,16,0,1,0.2909260991580917,0.0037418147801683817,0.31393511305295024,0.009915117392776883
2006-04-10,2006,916,292,5,24,7,3,0.31877729257641924,0.0054585152838427945,0.31607041021822296,0.008478787735460623
2006-04-17,2006,1195,353,11,24,8,6,0.295397489539749,0.009205020920502092,0.30824434112368254,0.00887412834145994
2006-04-24,2006,1146,367,10,23,8,3,0.32024432809773123,0.008726003490401396,0.3048604526056976,0.007657831797894343
2006-05-01,2006,1152,342,9,30,13,3,0.296875,0.0078125,0.2999544859041634,0.007239694158424329
2006-05-08,2006,1494,398,13,43,15,7,0.26639892904953144,0.008701472556894244,0.2967037191239625,0.007694466835631046
2006-05-15,2006,1508,465,15,57,12,3,0.3083554376657825,0.009946949602122016,0.2977167417970094,0.007367483777102328
2006-05-22,2006,1637,516,11,61,20,4,0.31521075137446547,0.006719609040928528,0.3015231659327213,0.007538985709357431
2006-05-29,2006,1413,456,11,76,20,4,0.3227176220806794,0.00778485491861288,0.30549710629804483,0.008044365726662995
2006-06-05,2006,1493,440,11,96,38,7,0.29470864032150035,0.007367716008037508,0.30248852476617993,0.008283015817187333
2006-06-12,2006,1464,464,13,69,20,6,0.31693989071038253,0.008879781420765027,0.3051813249125091,0.0082423608797202
2006-06-19,2006,1488,488,16,83,25,7,0.3279569892473118,0.010752688172043012,0.30614540755620673,0.008495696464925402
2006-06-26,2006,1308,410,12,73,15,5,0.31345565749235477,0.009174311926605505,0.30821798974275105,0.00866592295575109
2006-07-03,2006,1254,408,16,69,20,8,0.3253588516746411,0.012759170653907496,0.31558798007088973,0.009173135217877746
2006-07-10,2006,1228,351,9,78,23,5,0.28583061889250816,0.007328990228013029,0.31277237772423044,0.008845890296114123
2006-07-17,2006,1065,328,12,65,15,6,0.307981220657277,0.011267605633802818,0.31186868638458193,0.00941438987022341
2006-07-24,2006,1054,335,11,69,21,3,0.3178368121442125,0.010436432637571158,0.3112585851425235,0.009745837085093193
2006-07-31,2006,1137,318,10,87,25,7,0.2796833773087071,0.008795074758135445,0.30938042726592435,0.009924256928855436
2006-08-07,2006,1054,318,8,83,15,3,0.301707779886148,0.007590132827324478,0.30747641341289506,0.009763050854675367
2006-08-14,2006,965,276,13,67,25,3,0.2860103626943005,0.013471502590673576,0.3022330850937686,0.010102902657004188
2006-08-21,2006,900,283,10,87,23,4,0.31444444444444447,0.011111111111111112,0.3023566834627799,0.010345002555067389
2006-08-28,2006,819,260,3,55,21,6,0.31746031746031744,0.003663003663003663,0.3013693666859894,0.00920798168120441
2006-09-04,2006,808,274,12,75,37,3,0.33910891089108913,0.01485148514851485,0.30802915318581203,0.010148293546267137
2006-09-11,2006,918,252,8,67,28,6,0.27450980392156865,0.008714596949891068,0.30384522609384845,0.009829167460778169
2006-09-18,2006,798,252,6,96,27,5,0.3157894736842105,0.007518796992481203,0.3035893087863482,0.009464463005141924
2006-09-25,2006,772,237,5,77,34,5,0.3069948186528497,0.006476683937823834,0.3070032389543661,0.009174664152602973
2006-10-02,2006,776,238,10,60,26,5,0.30670103092783507,0.01288659793814433,0.30762739533457695,0.009836722291455453
2006-10-09,2006,887,265,4,67,15,3,0.2987598647125141,0.004509582863585118,0.30922108308685364,0.008716482325569399
2006-10-16,2006,876,252,10,70,30,4,0.2876712328767123,0.01141552511415525,0.3058744316408871,0.008754534075949914
2006-10-23,2006,814,233,6,68,25,2,0.28624078624078625,0.007371007371007371,0.30197199023844573,0.009218034539450378
2006-10-30,2006,872,227,4,81,23,3,0.2603211009174312,0.0045871559633027525,0.29212351399173847,0.007934993391298866
2006-11-06,2006,869,231,5,70,19,4,0.26582278481012656,0.005753739930955121,0.29103763660280824,0.007564886263931873
2006-11-13,2006,844,251,9,66,25,5,0.29739336492890994,0.01066350710900474,0.28873812300839563,0.007957975028497315
2006-11-20,2006,783,241,13,75,16,1,0.30779054916985954,0.016602809706257982,0.28883758932302184,0.009223740749551583
2006-11-27,2006,854,266,12,70,25,3,0.3114754098360656,0.01405152224824356,0.2894343866865507,0.009369356288313986
2006-12-04,2006,780,240,6,62,24,1,0.3076923076923077,0.007692307692307693,0.2905509420590249,0.009767196891904308
2006-12-11,2006,773,218,3,64,23,3,0.2820181112548512,0.0038809831824062097,0.2898443018562923,0.008825379150435679
2006-12-18,2006,703,198,4,83,23,1,0.28165007112375534,0.005689900426742532,0.2892704624666634,0.008615240782402573
2006-12-25,2006,616,187,7,47,18,5,0.30357142857142855,0.011363636363636364,0.29467675342341304,0.009462300832444275
2007-01-01,2007,721,237,8,77,25,1,0.3287101248266297,0.011095700416088766,0.30253767092547595,0.010130045893085981
2007-01-08,2007,786,225,8,78,24,5,0.2862595419847328,0.010178117048346057,0.3011459430574538,0.010069372135503647
2007-01-15,2007,707,220,6,77,27,5,0.31117397454031115,0.008486562942008486,0.30156887122876025,0.009054841289972457
2007-01-22,2007,652,193,11,70,28,7,0.2960122699386503,0.01687116564417178,0.2996359787415833,0.009407296714463486
2007-01-29,2007,634,209,7,73,26,5,0.32965299684542587,0.011041009463722398,0.30238106488572314,0.009825884435890324
2007-02-05,2007,650,201,5,71,26,5,0.30923076923076925,0.007692307692307693,0.30578264713271286,0.01030229999962801
2007-02-12,2007,710,193,6,69,18,1,0.271830985915493,0.008450704225352112,0.3045552614816801,0.010647400474454208
2007-02-19,2007,659,219,9,77,30,1,0.3323216995447648,0.013657056145675266,0.30814904535334714,0.01093407794720907
2007-02-26,2007,628,208,6,90,40,4,0.33121019108280253,0.009554140127388535,0.3084615536353687,0.01074138291112154
2007-03-05,2007,672,246,7,96,49,8,0.36607142857142855,0.010416666666666666,0.3184380394587057,0.010771201613411618
2007-03-12,2007,688,237,6,74,35,8,0.3444767441860465,0.00872093023255814,0.32260088566442263,0.010800497524730324
2007-03-19,2007,745,263,14,156,37,10,0.3530201342281879,0.01879194630872483,0.32972686870061485,0.011040595107799455
2007-03-26,2007,842,294,5,88,39,7,0.3491686460807601,0.0059382422802850355,0.33216632485503156,0.010402749209869784
2007-04-02,2007,924,288,6,77,23,5,0.3116883116883117,0.006493506493506494,0.3324735176622244,0.010252899060019634
2007-04-09,2007,1031,332,9,85,33,6,0.32201745877788557,0.008729388942774006,0.33874682677002343,0.010287734649697372
2007-04-16,2007,988,343,3,90,38,9,0.347165991902834,0.003036437246963563,0.3406023633147821,0.008960157287358408
2007-04-23,2007,1001,341,6,68,30,3,0.34065934065934067,0.005994005994005994,0.34178350701184934,0.008515140520685591
2007-04-30,2007,1077,401,9,74,36,13,0.372330547818013,0.008356545961002786,0.3425658969176725,0.008257625432477607
2007-05-07,2007,1236,425,11,74,30,13,0.34385113268608414,0.00889967637540453,0.3424876954801771,0.008279968700333405
2007-05-14,2007,1197,398,14,64,19,0,0.33249791144527985,0.011695906432748537,0.3399224176323137,0.007392963715836369
2007-05-21,2007,1309,427,10,94,30,6,0.32620320855614976,0.007639419404125287,0.3370517379417374,0.007605610856316399
2007-05-28,2007,1228,385,14,86,42,4,0.3135179153094462,0.011400651465798045,0.33728043839437916,0.008219003977852845
2007-06-04,2007,1269,422,14,108,43,4,0.3325453112687155,0.01103230890464933,0.33859641995573286,0.008506868973087259
2007-06-11,2007,1252,405,18,147,42,7,0.323482428115016,0.01437699680511182,0.33563597448225563,0.009924438917855792
2007-06-18,2007,1085,354,18,118,40,6,0.3262672811059908,0.016589861751152075,0.33383696703808685,0.01124892088749905
2007-06-25,2007,1008,357,16,122,61,7,0.3541666666666667,0.015873015873015872,0.3315664818941686,0.012188479626500687
2007-07-02,2007,1126,399,14,145,31,5,0.3543516873889876,0.012433392539964476,0.33287905123203154,0.012630194147070681
2007-07-09,2007,1058,359,17,149,54,11,0.3393194706994329,0.01606805293005671,0.33373174613880063,0.013176712459234203
2007-07-16,2007,909,292,5,128,57,7,0.32123212321232125,0.005500550055005501,0.3331103604708221,0.012909353790594229
2007-07-23,2007,833,294,10,95,51,10,0.35294117647058826,0.012004801920768308,0.3380382681159649,0.012984872597465513
2007-07-30,2007,836,263,10,101,38,8,0.3145933014354067,0.011961722488038277,0.3357942668868013,0.01310104929538913
2007-08-06,2007,828,295,11,117,67,2,0.35628019323671495,0.013285024154589372,0.33989398752701366,0.012964552714073823
2007-08-13,2007,815,274,4,97,47,5,0.3361963190184049,0.0049079754601227,0.3411351172660654,0.011504316927695152
2007-08-20,2007,797,269,10,116,47,8,0.33751568381430364,0.012547051442910916,0.33905374440952,0.011088571373932033
2007-08-27,2007,705,252,6,116,58,6,0.3574468085106383,0.00851063829787234,0.3394406345497264,0.010598227093670516
2007-09-03,2007,806,252,12,130,73,11,0.31265508684863524,0.01488833746898263,0.3361075865683767,0.010450762661036256
2007-09-10,2007,851,259,11,111,40,7,0.30434782608695654,0.012925969447708578,0.3339970494277061,0.01137894008512414
2007-09-17,2007,756,257,8,118,41,7,0.33994708994708994,0.010582010582010581,0.33237278861226877,0.011201091167779424
2007-09-24,2007,852,247,6,218,42,4,0.289906103286385,0.007042253521126761,0.32928688884364105,0.010586157546915486
2007-10-01,2007,819,277,8,111,47,6,0.33821733821733824,0.009768009768009768,0.32702903196621896,0.010146530748593034
2007-10-08,2007,952,296,12,107,44,3,0.31092436974789917,0.012605042016806723,0.32387003830740574,0.011108664068178536
2007-10-15,2007,932,297,5,140,43,7,0.3186695278969957,0.00536480686695279,0.32151426881774225,0.010210883496183772
2007-10-22,2007,932,292,5,99,43,6,0.3133047210300429,0.00536480686695279,0.31599650788266787,0.009817654567318828
2007-10-29,2007,792,254,6,102,28,2,0.3207070707070707,0.007575757575757576,0.31700300586497226,0.008903582080665695
2007-11-05,2007,902,307,4,117,35,6,0.34035476718403546,0.004434589800443459,0.32150387350210713,0.007842159624757556
2007-11-12,2007,878,271,9,141,39,9,0.3086560364464693,0.010250569476082005,0.3175924918145296,0.007800729486516484
2007-11-19,2007,876,279,6,112,32,8,0.3184931506849315,0.00684931506849315,0.3211658727393479,0.0077766121799372825
2007-11-26,2007,882,311,10,118,36,9,0.3526077097505669,0.011337868480725623,0.3229646691810014,0.007972844519026764
2007-12-03,2007,791,269,6,104,30,3,0.34007585335018964,0.007585335018963337,0.32660860463128777,0.007345381144296341
2007-12-10,2007,820,276,10,124,36,11,0.33658536585365856,0.012195121951219513,0.32884808437587065,0.008199170529829682
2007-12-17,2007,786,289,5,101,39,7,0.36768447837150126,0.006361323155216285,0.3356455540435529,0.008323735065862618
2007-12-24,2007,909,301,5,90,50,2,0.3311331133113311,0.005500550055005501,0.33694880936908544,0.008064334125768608
2007-12-31,2007,756,266,9,127,34,5,0.35185185185185186,0.011904761904761904,0.3383859449525625,0.008998105638808415
2008-01-07,2008,935,322,2,173,46,7,0.3443850267379679,0.0021390374331550803,0.3428520687389998,0.007984164133442549
2008-01-14,2008,920,309,8,131,40,8,0.3358695652173913,0.008695652173913044,0.3450241205555573,0.008214956271620034
2008-01-21,2008,764,253,5,117,39,5,0.331151832460733,0.006544502617801047,0.3423421358943281,0.007615785538754464
2008-01-28,2008,789,274,8,144,42,6,0.3472750316856781,0.010139416983523447,0.3432420331862641,0.007935045784324477
2008-02-04,2008,806,293,9,115,28,10,0.36352357320099254,0.011166253101736972,0.34660930910468085,0.007806437178139161
2008-02-11,2008,748,244,8,113,32,5,0.32620320855614976,0.0106951871657754,0.3414241503777619,0.00834817017945905
2008-02-18,2008,786,260,9,113,43,3,0.33078880407124683,0.011450381679389313,0.34138111172275143,0.009091899132507027
2008-02-25,2008,855,271,6,121,29,4,0.3169590643274854,0.007017543859649123,0.3370195132822056,0.008480996876867928
2008-03-03,2008,946,286,4,122,27,7,0.3023255813953488,0.004228329809725159,0.33176208261437823,0.00874215842393919
2008-03-10,2008,938,272,3,140,39,1,0.2899786780383795,0.0031982942430703624,0.3260257217170017,0.008054988682583853
2008-03-17,2008,884,274,9,127,40,4,0.30995475113122173,0.010180995475113122,0.32337608655081285,0.008509550289747862
2008-03-24,2008,1053,312,6,152,38,8,0.2962962962962963,0.005698005698005698,0.31700374462714015,0.007954373879058143
2008-03-31,2008,954,302,6,149,41,9,0.3165618448637317,0.006289308176100629,0.3111335285849825,0.007344755763353601
2008-04-07,2008,1094,347,4,125,35,5,0.3171846435100548,0.003656307129798903,0.3100062079542206,0.006464895758856539
2008-04-14,2008,1182,415,5,120,38,2,0.35109983079526225,0.004230118443316413,0.31254508629472255,0.0055623628543474265
2008-04-21,2008,1065,353,6,132,42,6,0.3314553990610329,0.005633802816901409,0.314357128136416,0.005389395224003962
2008-04-28,2008,1071,372,7,123,29,7,0.3473389355742297,0.006535947712418301,0.3199837974087761,0.0056778474618406054
2008-05-05,2008,1051,377,13,126,38,5,0.3587059942911513,0.012369172216936251,0.3285747119403726,0.006824207208573841
2008-05-12,2008,1004,341,15,136,43,7,0.3396414342629482,0.014940239043824702,0.33228554733183835,0.007419112654662788
2008-05-19,2008,1191,448,12,125,32,8,0.37615449202350965,0.010075566750629723,0.34226782179774007,0.00796630778624079
2008-05-26,2008,957,377,11,140,42,6,0.3939393939393939,0.011494252873563218,0.35194001543219783,0.008616925873423616
2008-06-02,2008,1023,395,6,137,38,3,0.386119257086999,0.005865102639296188,0.3605568421293159,0.008893025312110775
2008-06-09,2008,890,326,9,134,41,14,0.36629213483146067,0.010112359550561797,0.36245588013384067,0.009628305450516449
2008-06-16,2008,846,314,17,112,31,7,0.37115839243498816,0.02009456264775414,0.36741875430558507,0.01143590042937304
2008-06-23,2008,845,279,12,136,35,7,0.3301775147928994,0.014201183431952662,0.3652735767079188,0.012394054894314834
2008-06-30,2008,844,280,10,167,41,11,0.33175355450236965,0.011848341232227487,0.3619045217343211,0.01232895102122624
2008-07-07,2008,903,301,15,152,46,8,0.3333333333333333,0.016611295681063124,0.36111600911811925,0.012537833100881043
2008-07-14,2008,886,323,13,131,66,5,0.36455981941309257,0.014672686230248307,0.3596666750418171,0.013112473035833367
2008-07-21,2008,700,264,8,118,34,1,0.37714285714285717,0.011428571428571429,0.35756710794225,0.013104262855209391
2008-07-28,2008,793,306,13,153,40,5,0.3858764186633039,0.01639344262295082,0.3575367531392881,0.01442030535316622
2008-08-04,2008,684,227,7,114,36,2,0.33187134502923976,0.01023391812865497,0.3532341544140105,0.014435500175427867
2008-08-11,2008,619,223,8,137,31,4,0.3602584814216478,0.012924071082390954,0.35187166553734295,0.01353918872975747
2008-08-18,2008,653,231,8,127,34,8,0.3537519142419602,0.01225114854517611,0.3548184654684755,0.0132954343689104
2008-08-25,2008,611,195,8,127,31,9,0.3191489361702128,0.01309328968903437,0.3532428881769559,0.01345105292601126
2008-09-01,2008,717,238,5,164,53,6,0.3319386331938633,0.00697350069735007,0.3530685506595222,0.012246328553047128
2008-09-08,2008,686,213,10,116,37,6,0.3104956268221574,0.014577259475218658,0.3463105265856553,0.012234400208668424
2008-09-15,2008,679,272,6,111,37,10,0.4005891016200295,0.008836524300441826,0.3492413071453018,0.011910394317652222
2008-09-22,2008,718,266,12,123,39,14,0.37047353760445684,0.016713091922005572,0.34731594701294594,0.011950350480034067
2008-09-29,2008,601,216,4,123,39,10,0.3594009983361065,0.0066555740432612314,0.3507571536763043,0.011503057469359848
2008-10-06,2008,655,231,6,115,44,6,0.3526717557251908,0.00916030534351145,0.3498088129642472,0.01103258675199991
2008-10-13,2008,709,222,6,133,54,8,0.3131170662905501,0.00846262341325811,0.3447294569703209,0.010559021110510162
2008-10-20,2008,719,241,5,120,37,6,0.33518776077885953,0.006954102920723227,0.34673431004640176,0.009791622764471267
2008-10-27,2008,697,236,8,158,41,8,0.3385939741750359,0.011477761836441894,0.3475662276690483,0.010354655406857746
2008-11-03,2008,779,248,8,137,37,11,0.31835686777920413,0.010269576379974325,0.3485488827886792,0.009816195019952205
2008-11-10,2008,797,290,12,177,36,7,0.36386449184441655,0.015056461731493099,0.34395830656672755,0.010593687198833614
2008-11-17,2008,721,218,8,144,57,5,0.30235783633841884,0.011095700416088766,0.3354438439084728,0.009891513260594014
2008-11-24,2008,786,258,6,117,26,4,0.3282442748091603,0.007633587786259542,0.3315492534676045,0.010013764978468802
2008-12-01,2008,659,217,8,140,34,1,0.3292867981790592,0.012139605462822459,0.328626133774338,0.010386177493382678
2008-12-08,2008,735,227,11,105,28,1,0.308843537414966,0.014965986394557823,0.32809194266489006,0.011199097866045142
2008-12-15,2008,639,207,4,147,31,1,0.323943661971831,0.006259780907668232,0.3266864303140115,0.011112307614413269
2008-12-22,2008,561,209,3,112,33,3,0.37254901960784315,0.0053475935828877,0.3309308109931124,0.010346036582718994
2008-12-29,2008,1172,388,8,264,67,9,0.3310580204778157,0.006825938566552901,0.3325184550804388,0.009915581856041316
2009-01-05,2009,608,185,3,172,37,13,0.3042763157894737,0.004934210526315789,0.325069933073571,0.008650300455394153
2009-01-12,2009,501,150,7,122,43,4,0.2994011976047904,0.013972055888223553,0.32470035323186747,0.009009844889411
2009-01-19,2009,499,150,12,97,34,2,0.30060120240480964,0.02404809619238477,0.3212449691813236,0.011061658440176654
2009-01-26,2009,459,121,6,126,53,8,0.2636165577342048,0.013071895424836602,0.3130361891257168,0.011178194685428421
2009-02-02,2009,561,168,5,127,53,5,0.2994652406417112,0.008912655971479501,0.31186390202905995,0.01042152838254363
2009-02-09,2009,508,166,4,116,55,3,0.32677165354330706,0.007874015748031496,0.31221740097549444,0.010623307737589039
2009-02-16,2009,589,184,10,107,44,7,0.31239388794567063,0.01697792869269949,0.30469800951772286,0.012077099626315512
2009-02-23,2009,607,192,10,119,39,6,0.3163097199341021,0.016474464579901153,0.3028544719497587,0.013283165377984045
2009-03-02,2009,674,202,6,100,31,5,0.2997032640949555,0.008902077151335312,0.3022828404879439,0.013779148706111485
2009-03-09,2009,696,223,10,115,39,7,0.3204022988505747,0.014367816091954023,0.30490797814366694,0.013828618731577794
2009-03-16,2009,831,253,3,126,49,8,0.30445246690734057,0.0036101083032490976,0.3053893862064833,0.011273870245435833
2009-03-23,2009,925,295,8,113,28,3,0.31891891891891894,0.008648648648648649,0.3123021813545726,0.01072096439841234
2009-03-30,2009,914,291,7,126,40,5,0.31838074398249455,0.007658643326039387,0.3146666192721705,0.010564212817732326
2009-04-06,2009,1027,318,9,151,47,6,0.30963972736124634,0.008763388510223954,0.31252512849941294,0.010675384413006384
2009-04-13,2009,1202,426,9,154,47,7,0.3544093178036606,0.0074875207986688855,0.31777705723166166,0.009489083426252556
2009-04-20,2009,1190,458,9,121,41,6,0.38487394957983195,0.007563025210084034,0.3263475859373779,0.008375153505025417
2009-04-27,2009,1367,530,7,157,51,9,0.387710314557425,0.005120702267739576,0.3373484672451866,0.007902481644575951
2009-05-04,2009,1354,469,8,128,54,7,0.3463810930576071,0.005908419497784343,0.34059581652106563,0.006845057070304741
2009-05-11,2009,1394,524,25,143,58,9,0.37589670014347204,0.017934002869440458,0.34952634567558205,0.008635543891078661
2009-05-18,2009,1325,494,12,136,47,5,0.3728301886792453,0.009056603773584906,0.35626525439562284,0.008686538281695693
2009-05-25,2009,1412,521,22,120,44,8,0.3689801699716714,0.015580736543909348,0.36259018264426995,0.009676799933929437
2009-06-01,2009,1216,422,21,143,57,8,0.3470394736842105,0.017269736842105265,0.3672651509346405,0.010740093475414601
2009-06-08,2009,1184,394,18,146,55,4,0.3327702702702703,0.015202702702702704,0.3645602699929667,0.011704491213418829
2009-06-15,2009,984,355,9,123,51,2,0.36077235772357724,0.009146341463414634,0.3615475710109349,0.011902405745085155
2009-06-22,2009,921,344,12,130,31,3,0.3735070575461455,0.013029315960912053,0.35977216388452493,0.012890982456731714
2009-06-29,2009,856,314,19,157,62,7,0.36682242990654207,0.02219626168224299,0.3623273309906418,0.014926962729789044
2009-07-06,2009,873,274,13,147,57,12,0.3138602520045819,0.014891179839633447,0.35457277497328055,0.014546609851063168
2009-07-13,2009,807,246,9,181,74,11,0.3048327137546468,0.011152416356877323,0.34607309060770575,0.01480858642397472
2009-07-20,2009,622,233,7,152,52,11,0.3745980707395498,0.011254019292604502,0.3467753282036905,0.014267746767561613
2009-07-27,2009,625,225,18,161,53,6,0.36,0.0288,0.3483953939931642,0.01570902966229846
2009-08-03,2009,535,186,7,187,82,6,0.34766355140186916,0.013084112149532711,0.35025705413461405,0.015444205843152207
2009-08-10,2009,492,155,9,162,63,9,0.3150406504065041,0.018292682926829267,0.3445405907199799,0.016587498526079037
2009-08-17,2009,550,171,3,114,57,8,0.3109090909090909,0.005454545454545455,0.33671584489034806,0.015640652212783213
2009-08-24,2009,542,158,12,139,67,8,0.2915129151291513,0.02214022140221402,0.32730215554317427,0.01563364717777959
2009-08-31,2009,577,202,4,154,65,6,0.35008665511265163,0.006932409012131715,0.3318304559316829,0.014638800824341875
2009-09-07,2009,574,185,6,167,65,9,0.32229965156794427,0.010452961672473868,0.33401382315834516,0.014551368988791443
2009-09-14,2009,609,224,15,143,63,6,0.367816091954023,0.024630541871921183,0.33316607581015434,0.016223434311206028
2009-09-21,2009,518,199,6,133,72,8,0.3841698841698842,0.011583011583011582,0.3361873113313898,0.014071310759082476
2009-09-28,2009,530,179,11,116,65,4,0.33773584905660375,0.020754716981132074,0.33494634853823163,0.015030136363032395
2009-10-05,2009,629,213,7,138,58,8,0.3386327503974563,0.011128775834658187,0.3378953610371007,0.014134647976511011
2009-10-12,2009,565,212,5,132,54,6,0.3752212389380531,0.008849557522123894,0.3459343795407209,0.014559024484958315
2009-10-19,2009,533,215,8,123,52,7,0.40337711069418386,0.0150093808630394,0.35991740398634997,0.01366766941756149
2009-10-26,2009,620,207,11,135,59,5,0.3338709677419355,0.017741935483870968,0.3578904430650105,0.015018860226528895
2009-11-02,2009,614,207,4,135,51,12,0.33713355048859933,0.006514657980456026,0.35974468043009233,0.014526572265026664
2009-11-09,2009,666,235,3,129,58,1,0.35285285285285284,0.0045045045045045045,0.3578742755424461,0.01201081759409958
2009-11-16,2009,628,189,8,133,52,8,0.30095541401273884,0.012738853503184714,0.3474724667728029,0.01215529783412122
2009-11-23,2009,624,193,0,118,48,5,0.3092948717948718,0.0,0.34391734461508644,0.009560958211479712
2009-11-30,2009,605,204,5,125,48,0,0.3371900826446281,0.008264462809917356,0.34373701114598293,0.009202919083387108
2009-12-07,2009,667,255,6,120,53,4,0.3823088455772114,0.008995502248875561,0.3446229619758777,0.009221162174231067
2009-12-14,2009,590,214,6,107,43,3,0.36271186440677966,0.010169491525423728,0.33953980618995216,0.008616176007029106
2009-12-21,2009,569,210,5,136,59,7,0.36906854130052724,0.008787346221441126,0.34393950288477615,0.007496852349225377
2010-01-04,2010,712,256,6,174,65,6,0.3595505617977528,0.008426966292134831,0.34674162929842034,0.007735890888185227
2010-01-11,2010,634,214,4,147,73,12,0.33753943217665616,0.006309148264984227,0.3448274517138958,0.007961471358245193
2010-01-18,2010,504,180,11,149,57,7,0.35714285714285715,0.021825396825396824,0.3518508821051606,0.009097289273521707
2010-01-25,2010,490,179,10,135,45,11,0.3653061224489796,0.02040816326530612,0.358852288436924,0.011648309681684971
2010-02-01,2010,500,170,3,121,44,7,0.34,0.006,0.35920352810634554,0.011365251830445303
2010-02-08,2010,510,174,2,133,38,10,0.3411764705882353,0.00392156862745098,0.3540619812327235,0.01073101012776723
2010-02-15,2010,554,187,11,149,48,9,0.33754512635379064,0.019855595667870037,0.35091613897609986,0.011941773145573018
2010-02-22,2010,556,216,4,124,43,4,0.38848920863309355,0.007194244604316547,0.35334372239267064,0.011742635443432447
2010-03-01,2010,650,248,5,132,54,8,0.38153846153846155,0.007692307692307693,0.35609220986025925,0.011650803118454053
2010-03-08,2010,653,250,7,134,52,6,0.38284839203675347,0.010719754977029096,0.3617558298427714,0.012202128957459663
2010-03-15,2010,729,253,6,147,44,6,0.34705075445816186,0.00823045267489712,0.3604943170071845,0.0105027609386472
2010-03-22,2010,829,261,7,133,58,7,0.3148371531966224,0.008443908323281062,0.35418569585063986,0.009007229070894067
2010-03-29,2010,858,310,3,147,56,6,0.3613053613053613,0.0034965034965034965,0.35684886601381,0.008694292007957004
2010-04-05,2010,1016,321,7,164,65,13,0.3159448818897638,0.006889763779527559,0.3536949174265011,0.009065316401966575
2010-04-12,2010,1111,376,5,165,51,10,0.3384338433843384,0.004500450045004501,0.3538060070553195,0.0071459231991083845
2010-04-19,2010,1191,413,8,159,61,8,0.34676742233417296,0.006717044500419815,0.3485907837679545,0.007086273186121293
2010-04-26,2010,1185,470,12,131,58,6,0.39662447257383965,0.010126582278481013,0.35047653514737676,0.007390557509392957
2010-05-03,2010,1208,491,12,137,47,7,0.4064569536423841,0.009933774834437087,0.3534276053480806,0.007292309991568957
2010-05-10,2010,1106,439,12,157,50,4,0.3969258589511754,0.0108499095840868,0.3596619934097072,0.007619742105217667
2010-05-17,2010,1274,433,21,163,49,12,0.33987441130298274,0.016483516483516484,0.3627916506730023,0.008624693125247095
2010-05-24,2010,996,380,11,120,39,10,0.3815261044176707,0.01104417670682731,0.36531924356204093,0.00956815227653757
2010-05-31,2010,987,373,8,158,69,8,0.3779128672745694,0.008105369807497468,0.37306524173514166,0.00972010303003381
2010-06-07,2010,916,335,17,170,57,7,0.36572052401746724,0.018558951965065504,0.3764760768142828,0.011477415770041435
2010-06-14,2010,845,320,14,170,78,10,0.378698224852071,0.016568047337278107,0.38046742712902,0.01270879112464872
2010-06-21,2010,792,250,14,157,62,10,0.31565656565656564,0.017676767676767676,0.3703464387643608,0.013652564299434554
2010-06-28,2010,667,251,9,208,79,15,0.37631184407796103,0.013493253373313344,0.3665783000688079,0.014097499116794088
2010-07-05,2010,724,256,11,179,69,13,0.35359116022099446,0.015193370165745856,0.3611614627275353,0.014640431689501469
2010-07-12,2010,624,211,9,189,75,9,0.33814102564102566,0.014423076923076924,0.36094478951979064,0.014382876744446523
2010-07-19,2010,697,251,14,182,72,15,0.3601147776183644,0.020086083213773313,0.3582683736698774,0.015513115057814775
2010-07-26,2010,581,231,11,151,67,6,0.39759036144578314,0.0189328743545611,0.36072806044127903,0.01686655312619773
2010-08-02,2010,632,230,12,194,87,12,0.3639240506329114,0.0189873417721519,0.36050350126820957,0.01692010185208353
2010-08-09,2010,545,174,9,210,89,22,0.3192660550458716,0.01651376146788991,0.3530744800424347,0.01691331611841
2010-08-16,2010,512,178,5,188,76,17,0.34765625,0.009765625,0.357074440585364,0.015924423283814042
2010-08-23,2010,440,144,7,151,67,5,0.32727272727272727,0.015909090909090907,0.3509445509847097,0.016226402975786237
2010-08-30,2010,508,194,8,176,74,15,0.38188976377952755,0.015748031496062992,0.3544818764295264,0.01629573564207588
2010-09-06,2010,510,196,8,168,58,7,0.3843137254901961,0.01568627450980392,0.3602534639106727,0.016453635340416755
2010-09-13,2010,505,171,7,185,72,6,0.33861386138613864,0.013861386138613862,0.35756584938164443,0.015675548206021826
2010-09-20,2010,502,179,9,161,72,12,0.3565737051792829,0.017928286852589643,0.3524387673483319,0.015549974768275392
2010-09-27,2010,423,174,10,160,62,7,0.41134751773049644,0.02364066193853428,0.35836670073553006,0.01613163978907319
2010-10-04,2010,584,230,12,166,61,9,0.3938356164383562,0.02054794520547945,0.3676878959095906,0.01663591275627188
2010-10-11,2010,619,190,9,240,59,7,0.3069466882067851,0.014539579967689823,0.36259920068543877,0.01723265712723311
2010-10-18,2010,564,187,4,193,68,7,0.33156028368794327,0.0070921985815602835,0.3631351452373408,0.016130545586291782
2010-10-25,2010,508,170,5,179,98,11,0.3346456692913386,0.00984251968503937,0.35722963342631714,0.01539235660991383
2010-11-01,2010,551,212,10,216,103,10,0.38475499092558985,0.018148820326678767,0.35728479160574134,0.015700174837023184
2010-11-08,2010,576,208,7,210,100,7,0.3611111111111111,0.012152777777777778,0.3600969478213629,0.015486598791918674
2010-11-15,2010,566,196,9,342,94,9,0.3462897526501767,0.015901060070671377,0.35881145375522466,0.015233195444178891
2010-11-22,2010,580,193,4,170,71,10,0.33275862068965517,0.006896551724137931,0.3489878416251195,0.013140181667379349
2010-11-29,2010,562,172,3,204,93,10,0.30604982206405695,0.005338078291814947,0.3380146173283321,0.011238948303171284
2010-12-06,2010,554,199,8,192,91,8,0.3592057761732852,0.01444043321299639,0.3445470033241446,0.011226554958834605
2010-12-13,2010,633,238,4,200,93,13,0.37598736176935227,0.00631911532385466,0.3501003880843207,0.011129919551621403
2010-12-20,2010,476,181,9,145,50,12,0.3802521008403361,0.018907563025210083,0.3558011920279454,0.012263049969142742
2010-12-27,2010,621,262,11,180,80,13,0.4219001610305958,0.017713365539452495,0.3604443382910712,0.012208618120739458
2011-01-03,2011,597,202,5,181,69,8,0.33835845896147404,0.008375209380234505,0.35760025677236656,0.011736422071046549
2011-01-10,2011,559,184,7,165,71,9,0.3291592128801431,0.012522361359570662,0.35545893930111233,0.011314084732158959
2011-01-17,2011,463,142,4,152,72,8,0.30669546436285094,0.008639308855291577,0.3522010447602618,0.011531929373553166
2011-01-24,2011,490,156,6,165,68,6,0.3183673469387755,0.012244897959183673,0.3537407353696016,0.012395281831974256
2011-01-31,2011,416,122,2,141,58,12,0.2932692307692308,0.004807692307692308,0.3454986671940948,0.011191189218811246
2011-02-07,2011,456,172,6,136,55,5,0.37719298245614036,0.013157894736842105,0.3456493697799433,0.012046036645434676
2011-02-14,2011,451,167,3,143,76,17,0.37028824833702884,0.0066518847006651885,0.34440388821702994,0.010514076854866564
2011-02-21,2011,449,177,9,135,61,9,0.39420935412026725,0.0200445434298441,0.3409425373532388,0.010805474091165515
2011-02-28,2011,496,161,2,131,47,7,0.3245967741935484,0.004032258064516129,0.3392223267572481,0.010262605176700718
2011-03-07,2011,468,168,1,135,60,10,0.358974358974359,0.002136752136752137,0.3429492200190251,0.008964404023848403
2011-03-14,2011,643,194,8,135,63,8,0.30171073094867806,0.012441679626749611,0.3423261283422535,0.009439700370280656
2011-03-21,2011,646,205,7,146,72,10,0.3173374613003096,0.010835913312693499,0.34219739263744525,0.009263577289469384
2011-03-28,2011,704,236,8,164,68,9,0.3352272727272727,0.011363636363636364,0.3474421478822005,0.010083070296462392
2011-04-04,2011,933,322,11,141,69,11,0.34512325830653806,0.011789924973204717,0.34343343236350027,0.009912074076007719
2011-04-11,2011,977,344,7,200,71,12,0.35209825997952915,0.007164790174002047,0.34115968381881273,0.009976187260174825
2011-04-18,2011,1042,379,5,151,77,16,0.3637236084452975,0.0047984644913627635,0.33734896560944155,0.008070427392864659
2011-04-25,2011,1044,399,5,141,67,18,0.382183908045977,0.004789272030651341,0.3445473573409951,0.00816505413863156
2011-05-02,2011,1084,378,7,131,58,12,0.34870848708487084,0.006457564575645757,0.3432641233548091,0.008705155693493262
2011-05-09,2011,1025,357,12,141,68,13,0.34829268292682924,0.011707317073170732,0.34908686735207806,0.008613360374295902
2011-05-16,2011,1169,418,6,131,63,9,0.3575705731394354,0.0051325919589392645,0.3541160063319687,0.007900445205076623
2011-05-23,2011,1002,369,8,148,61,10,0.36826347305389223,0.007984031936127744,0.3582455313727962,0.007477994651638046
2011-05-30,2011,1009,386,9,160,66,14,0.38255698711595637,0.008919722497522299,0.36292474747397346,0.007119219342177744
2011-06-06,2011,987,362,3,170,76,12,0.3667679837892604,0.00303951367781155,0.3647584629501899,0.006603559780153931
2011-06-13,2011,944,369,12,140,72,10,0.3908898305084746,0.012711864406779662,0.36815424070808705,0.007592734769581043
2011-06-20,2011,840,294,10,177,77,11,0.35,0.011904761904761904,0.3641312522023399,0.008482171003844864
2011-06-27,2011,695,258,12,181,90,18,0.3712230215827338,0.017266187050359712,0.36694556901457276,0.009833248813184108
2011-07-04,2011,739,246,20,141,74,14,0.33288227334235454,0.02706359945872801,0.3650192678165134,0.01175278411137877
2011-07-11,2011,710,236,8,157,64,9,0.3323943661971831,0.011267605633802818,0.36187224194873185,0.012519660820736713
2011-07-18,2011,669,220,10,181,81,15,0.32884902840059793,0.014947683109118086,0.3569454363670701,0.013390117217360505
2011-07-25,2011,592,238,12,157,77,11,0.40202702702702703,0.02027027027027027,0.3593791913559539,0.014808935688954002
2011-08-01,2011,572,228,8,185,85,14,0.3986013986013986,0.013986013986013986,0.3633583682074712,0.016177248227479308
2011-08-08,2011,528,177,8,190,78,15,0.3352272727272727,0.015151515151515152,0.35640054848482094,0.016482204570571243
2011-08-15,2011,468,185,9,173,80,7,0.3952991452991453,0.019230769230769232,0.36206294164721414,0.017397955486322156
2011-08-22,2011,386,133,6,167,76,8,0.344559585492228,0.015544041450777202,0.3587300121359009,0.017182687286374343
2011-08-29,2011,453,171,7,208,93,19,0.37748344370860926,0.01545253863134658,0.3643051584316827,0.015731304682951665
2011-09-05,2011,455,170,11,168,80,9,0.37362637362637363,0.024175824175824177,0.3694591593603315,0.017344832000704333
2011-09-12,2011,474,160,6,182,89,20,0.33755274261603374,0.012658227848101266,0.37054712363726106,0.01705865009307723
2011-09-19,2011,435,159,9,196,78,10,0.36551724137931035,0.020689655172413793,0.3659834004312964,0.01711107320584517
2011-09-26,2011,439,157,7,217,114,11,0.357630979498861,0.015945330296127564,0.36086209804347924,0.01735598774460937
2011-10-03,2011,437,144,3,198,112,21,0.3295194508009153,0.006864988558352402,0.3601486203026846,0.016320171920464026
2011-10-10,2011,444,151,8,160,80,9,0.3400900900900901,0.018018018018018018,0.3532474884015527,0.016168578018870124
2011-10-17,2011,432,147,7,201,107,13,0.3402777777777778,0.016203703703703703,0.3527122624372464,0.01625103580048594
2011-10-24,2011,377,148,2,188,90,12,0.3925729442970822,0.005305039787798408,0.35459845001080553,0.014982598445042416
2011-10-31,2011,493,178,8,154,87,10,0.36105476673427994,0.016227180527383367,0.3530269991492938,0.013989017988987315
2011-11-07,2011,448,158,9,175,89,13,0.35267857142857145,0.020089285714285716,0.354917727750861,0.014917900222260371
2011-11-14,2011,401,138,4,169,85,18,0.34413965087281795,0.00997506234413965,0.35224552893754946,0.013578576118726104
2011-11-21,2011,513,186,3,167,96,12,0.36257309941520466,0.005847953216374269,0.3528632939270924,0.01231640398375694
2011-11-28,2011,565,204,4,145,66,13,0.36106194690265486,0.007079646017699115,0.3568061059398099,0.01234323616617528
2011-12-05,2011,443,170,3,133,73,7,0.3837471783295711,0.006772009029345372,0.362263241969745,0.010937485042591202
2011-12-12,2011,438,152,6,154,80,13,0.3470319634703196,0.0136986301369863,0.36310751518131273,0.010624350846751524
2011-12-19,2011,471,153,3,147,62,9,0.3248407643312102,0.006369426751592357,0.35464099268557875,0.01075739921722577
2011-12-26,2011,456,197,5,162,99,16,0.43201754385964913,0.010964912280701754,0.36351133982624984,0.010099615686390567
2012-01-02,2012,459,157,7,183,96,19,0.3420479302832244,0.015250544662309368,0.3621825096830815,0.009494773054893524
2012-01-09,2012,459,181,7,203,99,19,0.39433551198257083,0.015250544662309368,0.36845699232180057,0.010154208344664737
2012-01-16,2012,439,155,2,161,83,16,0.3530751708428246,0.004555808656036446,0.3672697512502531,0.009992690274622509
2012-01-23,2012,390,158,7,164,80,13,0.40512820512820513,0.017948717948717947,0.37277803352844685,0.011351324265999864
2012-01-30,2012,416,142,8,199,90,12,0.34134615384615385,0.019230769230769232,0.36747790546801967,0.012908669291177847
2012-02-06,2012,403,147,6,165,83,14,0.36476426799007444,0.01488833746898263,0.3696944435329891,0.013057382707677388
2012-02-13,2012,408,165,1,179,92,14,0.40441176470588236,0.0024509803921568627,0.37964081857982307,0.01256757691274795
2012-02-20,2012,394,160,3,184,88,23,0.40609137055837563,0.007614213197969543,0.3764000469171639,0.012148739527406425
2012-02-27,2012,453,168,6,181,91,15,0.3708609271523179,0.013245033112582781,0.38000167152580056,0.011898050583690601
2012-03-05,2012,423,167,8,147,73,17,0.3947990543735225,0.018912529550827423,0.38005961432466956,0.012355798694755359
2012-03-12,2012,474,193,4,172,81,23,0.40717299578059074,0.008438818565400843,0.38682184244189033,0.012841174933425908
2012-03-19,2012,507,199,9,180,95,25,0.39250493096646943,0.01775147928994083,0.3852439331716734,0.012816520101078768
2012-03-26,2012,603,260,4,203,91,18,0.4311774461028192,0.006633499170812604,0.39647284470375654,0.01124186134358419
2012-04-02,2012,680,323,6,155,92,24,0.475,0.008823529411764706,0.4102523112049972,0.01048376033643195
2012-04-09,2012,886,348,11,203,111,24,0.3927765237020316,0.012415349887133182,0.4087979060795159,0.01172930652330399
2012-04-16,2012,1012,409,5,193,101,19,0.4041501976284585,0.004940711462450593,0.40855525946327625,0.01139511880636412
2012-04-23,2012,1053,404,5,180,84,19,0.38366571699905033,0.004748338081671415,0.4101558581941178,0.0103330319275002
2012-04-30,2012,1111,412,8,181,79,24,0.3708370837083708,0.0072007200720072,0.40716061186097385,0.008869055742647671
2012-05-07,2012,1068,391,12,183,79,16,0.3661048689138577,0.011235955056179775,0.4020270960026322,0.009218697803995039
2012-05-14,2012,1091,406,17,207,120,24,0.3721356553620532,0.015582034830430797,0.39948093655208017,0.008947517246556284
2012-05-21,2012,1103,384,8,173,78,15,0.34814143245693563,0.007252946509519492,0.38910143484634474,0.009024948163894646
2012-05-28,2012,1053,359,8,197,76,25,0.3409306742640076,0.007597340930674264,0.37234276912934566,0.008871674603758341
2012-06-04,2012,1130,436,6,182,83,29,0.3858407079646018,0.005309734513274336,0.3714757921621669,0.007983472682025984
2012-06-11,2012,997,356,8,216,89,20,0.35707121364092276,0.00802407221664995,0.365590919163725,0.008368892776300903
2012-06-18,2012,854,334,9,178,86,13,0.3911007025761124,0.01053864168618267,0.36652029236085776,0.00909268072686481
2012-06-25,2012,735,295,5,179,88,22,0.4013605442176871,0.006802721088435374,0.37033572492452227,0.009042930853918333
2012-07-02,2012,724,254,8,177,89,11,0.35082872928176795,0.011049723756906077,0.3684262074705111,0.00901965194150912
2012-07-09,2012,690,227,10,215,117,16,0.3289855072463768,0.014492753623188406,0.36303243895605153,0.00888349179060382
2012-07-16,2012,632,245,8,218,120,18,0.3876582278481013,0.012658227848101266,0.3679720383799472,0.009559151957926542
2012-07-23,2012,580,201,11,207,122,16,0.34655172413793106,0.01896551724137931,0.3686746696141876,0.010980173996764674
2012-07-30,2012,517,193,10,183,76,13,0.3733075435203095,0.019342359767891684,0.3671080240586511,0.012734252153591842
2012-08-06,2012,488,181,7,202,95,10,0.3709016393442623,0.014344262295081968,0.3688368272715686,0.013524275913395844
2012-08-13,2012,461,178,10,211,111,10,0.38611713665943603,0.021691973969631236,0.368213881531984,0.014918442448826915
2012-08-20,2012,448,174,9,189,95,10,0.38839285714285715,0.020089285714285716,0.3665929206476302,0.016579263027058207
2012-08-27,2012,374,132,5,171,73,17,0.35294117647058826,0.013368983957219251,0.3668569765462328,0.016869170552097353
2012-09-03,2012,455,187,13,183,90,17,0.41098901098901097,0.02857142857142857,0.37710741451406204,0.018629004920627374
2012-09-10,2012,438,158,5,198,81,13,0.3607305936073059,0.01141552511415525,0.37374146023396265,0.01847366707888412
2012-09-17,2012,377,159,7,189,91,16,0.4217506631299735,0.01856763925729443,0.38314132760796793,0.018423932330873513
2012-09-24,2012,362,164,7,170,67,12,0.4530386740331492,0.019337016574585635,0.3931077189220729,0.018423264431710256
2012-10-01,2012,370,149,8,173,83,12,0.4027027027027027,0.021621621621621623,0.39708285184187797,0.019332934347527714
2012-10-08,2012,413,178,10,161,84,16,0.43099273607748184,0.024213075060532687,0.40269230176913373,0.019648071983890396
2012-10-15,2012,399,158,6,162,84,14,0.39598997493734334,0.015037593984962405,0.40364194149344446,0.01901661051772498
2012-10-22,2012,419,174,6,157,76,14,0.4152744630071599,0.014319809069212411,0.41143360231051596,0.019135463656724125
2012-10-29,2012,406,145,10,162,85,8,0.35714285714285715,0.024630541871921183,0.4047028330797467,0.018642852819285703
2012-11-05,2012,504,181,5,198,98,12,0.35912698412698413,0.00992063492063492,0.40450238189470644,0.01845599154509566
2012-11-12,2012,465,154,8,179,91,13,0.3311827956989247,0.017204301075268817,0.39318139846582534,0.01828557427234246
2012-11-19,2012,449,168,9,167,80,14,0.3741648106904232,0.0200445434298441,0.3833221655479846,0.018374015129249768
2012-11-26,2012,423,151,5,194,84,12,0.35697399527186763,0.01182033096926714,0.37760607711913025,0.017148853797705456
2012-12-03,2012,464,157,5,181,88,11,0.33836206896551724,0.010775862068965518,0.3660272437301346,0.01546920217375956
2012-12-10,2012,509,188,4,128,77,12,0.3693516699410609,0.007858546168958742,0.3626974556055994,0.014571821196759102
2012-12-17,2012,509,206,4,146,69,13,0.40471512770137524,0.007858546168958742,0.3613775386923763,0.013764163334227395
2012-12-24,2012,496,175,4,162,77,9,0.3528225806451613,0.008064516129032258,0.3608375041301643,0.01169341011636628
2012-12-31,2012,516,180,8,205,96,13,0.3488372093023256,0.015503875968992248,0.359551282277082,0.012391315247410946
2013-01-07,2013,602,203,12,223,117,24,0.3372093023255814,0.019933554817275746,0.36030459560541406,0.01273247196516181
2013-01-14,2013,594,225,4,197,99,22,0.3787878787878788,0.006734006734006734,0.36088247911759597,0.01106865487818214
2013-01-21,2013,511,185,3,212,108,11,0.36203522504892366,0.005870841487279843,0.36151513283972797,0.010324968692933728
2013-01-28,2013,458,179,8,198,78,26,0.39082969432314413,0.017467248908296942,0.3680735860094314,0.011161392047850157
2013-02-04,2013,446,172,10,170,80,5,0.38565022421524664,0.02242152466367713,0.3701109052937046,0.012981764359689956
2013-02-11,2013,422,145,4,193,92,20,0.34360189573459715,0.009478672985781991,0.3624717512978573,0.013184280211792862
2013-02-18,2013,419,157,7,224,87,22,0.3747016706443914,0.016706443914081145,0.3652066375477611,0.014264521184923972
2013-02-25,2013,417,158,4,189,74,18,0.37889688249400477,0.009592326139088728,0.368964096696721,0.013525577456186032
2013-03-04,2013,453,170,7,198,73,17,0.37527593818984545,0.01545253863134658,0.373722426179754,0.012965450432944886
2013-03-11,2013,473,182,5,205,81,17,0.38477801268498946,0.010570824524312896,0.37447119291689285,0.013445052656733158
2013-03-18,2013,579,191,6,161,66,17,0.3298791018998273,0.010362694300518135,0.3704516775232558,0.014006534258387944
2013-03-25,2013,608,254,4,175,80,13,0.41776315789473684,0.006578947368421052,0.37381836046970485,0.012645496565903457
2013-04-01,2013,840,325,6,194,74,13,0.3869047619047619,0.007142857142857143,0.3739751776808943,0.010735663125800958
2013-04-08,2013,891,345,14,178,78,15,0.3872053872053872,0.015712682379349047,0.37942561411474307,0.011514914299996841
2013-04-15,2013,981,334,2,166,73,11,0.34046890927624873,0.0020387359836901123,0.3751465189437252,0.009681450808697962
2013-04-22,2013,1002,361,12,170,87,12,0.3602794411177645,0.011976047904191617,0.37281933877169515,0.009979416029335823
2013-04-29,2013,969,359,13,166,58,12,0.37048503611971106,0.013415892672858616,0.37222047601292835,0.009724835284524828
2013-05-06,2013,953,354,13,146,57,8,0.37145855194123817,0.013641133263378805,0.37055554341995944,0.010108623876908066
2013-05-13,2013,963,335,11,172,77,8,0.34787123572170303,0.01142263759086189,0.3728045601476939,0.010241116788201035
2013-05-20,2013,953,325,10,214,96,17,0.3410283315844701,0.01049317943336831,0.3632127068589106,0.010730395796319441
2013-05-27,2013,939,333,13,187,80,16,0.3546325878594249,0.013844515441959531,0.35917868510324347,0.011568103083707242
2013-06-03,2013,1002,358,16,225,91,21,0.35728542914171657,0.015968063872255488,0.35543869034528464,0.011600025770320547
2013-06-10,2013,908,323,13,228,93,15,0.355726872246696,0.014317180616740088,0.35734593571659057,0.013134831349451793
2013-06-17,2013,859,317,14,226,106,13,0.3690337601862631,0.01629802095459837,0.3584402256001529,0.013675077980752636
2013-06-24,2013,746,299,10,172,81,15,0.4008042895442359,0.013404825737265416,0.3622301322782185,0.013673694613803487
2013-07-01,2013,716,250,12,253,125,13,0.34916201117318435,0.01675977653631285,0.35944306468221177,0.014063525022920242
2013-07-08,2013,658,238,13,190,102,14,0.3617021276595745,0.019756838905775075,0.3611719261744457,0.015105300187284391
2013-07-15,2013,645,262,9,205,103,25,0.4062015503875969,0.013953488372093023,0.3693185785248365,0.015537838804624981
2013-07-22,2013,575,230,10,213,111,11,0.4,0.017391304347826087,0.37498950504240847,0.015981187417858297
2013-07-29,2013,532,210,6,235,120,19,0.39473684210526316,0.011278195488721804,0.3796709316628517,0.015394953869916588
2013-08-05,2013,563,229,7,236,110,25,0.4067495559502664,0.012433392539964476,0.38604876712579805,0.015159480360319638
2013-08-12,2013,451,163,7,243,109,17,0.3614190687361419,0.015521064301552107,0.3850969306945329,0.015062360778688855
2013-08-19,2013,422,114,7,224,111,23,0.27014218009478674,0.016587677725118485,0.36876416701335174,0.015460217277170488
2013-08-26,2013,411,109,4,209,95,19,0.26520681265206814,0.009732360097323601,0.35826976719821224,0.014581790222296833
2013-09-02,2013,384,161,8,222,116,17,0.4192708333333333,0.020833333333333332,0.36546585540743204,0.014716352025741614
2013-09-09,2013,434,152,5,228,120,10,0.35023041474654376,0.01152073732718894,0.35846946345230046,0.014412258145128604
2013-09-16,2013,385,156,13,203,96,16,0.4051948051948052,0.033766233766233764,0.35911881410165103,0.016459124322429564
2013-09-23,2013,350,126,4,156,78,14,0.36,0.011428571428571429,0.3547767088384932,0.016477921314910767
2013-09-30,2013,361,132,1,190,100,18,0.3656509695290859,0.002770083102493075,0.3496393855358456,0.015270007635226842
2013-10-07,2013,362,146,3,211,87,9,0.40331491712707185,0.008287292817679558,0.35487636658471183,0.014365786199742773
2013-10-14,2013,414,167,10,169,75,9,0.4033816425120773,0.024154589371980676,0.3715312993868732,0.015311650155600546
2013-10-21,2013,384,146,9,195,97,21,0.3802083333333333,0.0234375,0.3859064894720313,0.017024792643435097
2013-10-28,2013,389,146,11,189,77,10,0.37532133676092544,0.028277634961439587,0.38041280240048037,0.017955330346948378
2013-11-04,2013,406,150,7,167,71,11,0.3694581280788177,0.017241379310344827,0.38281626656701456,0.018670410594842864
2013-11-11,2013,372,133,2,182,62,7,0.3575268817204301,0.005376344086021506,0.37685777613271765,0.015121674384816333
2013-11-18,2013,437,169,5,177,71,10,0.38672768878718533,0.011441647597254004,0.38019873723111586,0.015123308905901654
2013-11-25,2013,457,159,9,175,79,8,0.3479212253829322,0.019693654266958426,0.37798251921284665,0.017238755301459824
2013-12-02,2013,398,136,4,203,96,19,0.3417085427135678,0.010050251256281407,0.37028172241115864,0.017459125106285056
2013-12-09,2013,360,128,2,170,77,16,0.35555555555555557,0.005555555555555556,0.36430346154159343,0.015134245879231914
2013-12-16,2013,355,118,2,162,78,12,0.3323943661971831,0.005633802816901409,0.35832671564957463,0.01290878373134459
2013-12-23,2013,340,135,6,158,85,12,0.39705882352941174,0.01764705882352941,0.3610439014956355,0.01157996171410582
2013-12-30,2013,361,147,9,203,89,16,0.407202216066482,0.024930747922437674,0.3657619124940935,0.012541132790617424
2014-01-06,2014,336,112,3,213,100,13,0.3333333333333333,0.008928571428571428,0.3627377189457064,0.012985161208436164
2014-01-13,2014,300,112,3,186,87,15,0.37333333333333335,0.01,0.3610634245139749,0.012804955258779413
2014-01-20,2014,305,104,6,230,106,15,0.34098360655737703,0.019672131147540985,0.3601962221607805,0.012802264868852234
2014-01-27,2014,294,106,4,174,85,16,0.36054421768707484,0.013605442176870748,0.36255068153246883,0.013246663733925901
2014-02-03,2014,315,102,2,161,77,12,0.3238095238095238,0.006349206349206349,0.35858242756421493,0.01334587008313225
2014-02-10,2014,268,113,3,171,86,12,0.4216417910447761,0.011194029850746268,0.36973835567016405,0.014040898462362858
2014-02-17,2014,320,108,3,152,68,13,0.3375,0.009375,0.3622935027289876,0.01300689110942168
2014-02-24,2014,321,109,3,147,81,8,0.3395638629283489,0.009345794392523364,0.3538387085867209,0.011058771918182391
2014-03-03,2014,263,93,5,154,73,11,0.35361216730038025,0.019011406844106463,0.3563735628326018,0.012319126345124273
2014-03-10,2014,330,118,3,151,72,6,0.3575757575757576,0.00909090909090909,0.35440386586290484,0.012205489981487908
2014-03-17,2014,344,116,3,179,82,14,0.3372093023255814,0.00872093023255814,0.3539320778339303,0.010836589867115052
2014-03-24,2014,379,138,4,144,66,11,0.3641160949868074,0.010554089709762533,0.35437856249639693,0.010455170808726525
2014-03-31,2014,382,126,3,177,67,13,0.3298429319371728,0.007853403141361256,0.35513273851235305,0.01064319540774589
2014-04-07,2014,467,167,3,170,78,10,0.3576017130620985,0.006423982869379015,0.34712772876451836,0.010046939535074982
2014-04-14,2014,509,193,8,160,75,15,0.3791748526522593,0.015717092337917484,0.3523370853460508,0.010839701077314669
2014-04-21,2014,524,167,2,155,88,13,0.3187022900763359,0.003816793893129771,0.3497293887395492,0.01014857601489047
2014-04-28,2014,510,196,6,174,78,12,0.3843137254901961,0.011764705882352941,0.35356708351327615,0.009242738394671279
2014-05-05,2014,628,244,5,172,76,19,0.3885350318471338,0.007961783439490446,0.3574369927971981,0.009101597688243947
2014-05-12,2014,732,240,5,138,63,12,0.32786885245901637,0.006830601092896175,0.35626943656387755,0.008865306545786203
2014-05-19,2014,815,316,9,162,75,10,0.38773006134969323,0.011042944785276074,0.3592211823592383,0.008926413430225395
2014-05-26,2014,851,302,7,176,76,12,0.35487661574618096,0.008225616921269096,0.36235039283536424,0.008972940152713875
2014-06-02,2014,814,313,9,185,75,13,0.3845208845208845,0.011056511056511056,0.3657152892677125,0.00955200617610538
2014-06-09,2014,825,295,11,181,100,11,0.3575757575757576,0.013333333333333334,0.3630154023831498,0.009254036300532361
2014-06-16,2014,797,293,11,174,91,10,0.36762860727728985,0.013801756587202008,0.36913119203326905,0.01050215663729139
2014-06-23,2014,784,319,10,170,78,16,0.40688775510204084,0.012755102040816327,0.37195294573474963,0.010625956157099313
2014-06-30,2014,722,265,7,199,83,11,0.3670360110803324,0.009695290858725761,0.3692655681388995,0.010842644584503729
2014-07-07,2014,795,284,11,197,81,16,0.3572327044025157,0.013836477987421384,0.37293604963183685,0.01171837919631938
2014-07-14,2014,743,213,5,219,93,16,0.28667563930013457,0.006729475100942127,0.36030424687564205,0.011179195485777636
2014-07-21,2014,611,228,5,187,72,18,0.37315875613747956,0.008183306055646482,0.3625895144245544,0.011173906627574809
2014-07-28,2014,570,170,7,236,121,22,0.2982456140350877,0.012280701754385965,0.35180510561382977,0.011326930464809174
2014-08-04,2014,596,202,8,264,122,22,0.3389261744966443,0.013422818791946308,0.3494739077289406,0.011338116147135795
2014-08-11,2014,375,118,7,264,114,9,0.31466666666666665,0.018666666666666668,0.3428536651526127,0.011946229907068878
2014-08-18,2014,404,132,4,246,101,12,0.32673267326732675,0.009900990099009901,0.33283427992327347,0.011589465914343075
2014-08-25,2014,381,120,5,227,106,18,0.31496062992125984,0.013123359580052493,0.3263248572783894,0.012017974504508916
2014-09-01,2014,388,140,3,215,91,10,0.36082474226804123,0.007731958762886598,0.3267738620115801,0.011254909601442068
2014-09-08,2014,414,134,5,230,99,16,0.32367149758454106,0.012077294685990338,0.3313983442971309,0.011923387049573094
2014-09-15,2014,352,109,5,261,113,14,0.3096590909090909,0.014204545454545454,0.3234608861435823,0.012676041974435467
2014-09-22,2014,400,141,9,212,94,17,0.3525,0.0225,0.33024268438919635,0.01395345425513722
2014-09-29,2014,389,138,6,214,89,15,0.35475578406169667,0.015424164524421594,0.3322213855848279,0.01420362247169663
2014-10-06,2014,446,150,3,179,86,16,0.336322869955157,0.006726457399103139,0.3349284109958892,0.01271109631325119
2014-10-13,2014,488,155,6,188,84,20,0.3176229508196721,0.012295081967213115,0.33378969568993233,0.013010357796776591
2014-10-20,2014,444,178,6,192,83,14,0.4009009009009009,0.013513513513513514,0.3445322295623875,0.013059127038459219
2014-10-27,2014,436,152,4,169,93,9,0.3486238532110092,0.009174311926605505,0.34300711843025844,0.013239421183924082
2014-11-03,2014,471,158,2,201,85,10,0.3354564755838641,0.004246284501061571,0.34448024068017385,0.012260544910807986
2014-11-10,2014,502,178,4,211,100,12,0.3545816733067729,0.00796812749003984,0.3500955634798841,0.011480992665244783
2014-11-17,2014,512,166,0,167,87,9,0.32421875,0.0,0.34656040722988407,0.008668492665244784
2014-11-24,2014,540,190,2,147,77,10,0.35185185185185186,0.003703703703703704,0.34619741570365353,0.007203435062655049
2014-12-01,2014,424,139,0,161,87,11,0.3278301886792453,0.0,0.3451358305441645,0.006362627887767157
2014-12-08,2014,476,160,3,190,65,11,0.33613445378151263,0.0063025210084033615,0.3474497684143946,0.005613557767915937
2014-12-15,2014,446,135,5,183,78,17,0.30269058295964124,0.011210762331838564,0.33517347867173714,0.005325713870206568
2014-12-22,2014,399,143,1,165,73,12,0.3583959899749373,0.002506265664160401,0.3363949957672282,0.00449220808740093
2014-12-29,2014,817,301,6,376,155,23,0.3684210526315789,0.0073439412484700125,0.3405155678981925,0.004879415180826986
2015-01-05,2015,365,114,8,197,92,1,0.31232876712328766,0.021917808219178082,0.3352339546252569,0.006623125271969265
2015-01-12,2015,310,129,3,193,79,1,0.4161290322580645,0.00967741935483871,0.34672273990751495,0.007832802691324105
2015-01-19,2015,315,102,8,183,80,1,0.3238095238095238,0.025396825396825397,0.34321744890222394,0.010544442902964316
2015-01-26,2015,288,103,6,181,61,2,0.3576388888888889,0.020833333333333332,0.3469435364284294,0.013148609569630983
2015-02-02,2015,363,97,2,153,68,2,0.26721763085399447,0.005509641873278237,0.3383289335624896,0.013049499677740342
2015-02-09,2015,327,95,2,173,65,3,0.290519877675841,0.0061162079510703364,0.3368075954020146,0.012412680380144314
2015-02-16,2015,310,97,2,180,69,1,0.31290322580645163,0.0064516129032258064,0.3311209998809539,0.01290584878502749
2015-02-23,2015,328,109,4,181,70,1,0.3323170731707317,0.012195121951219513,0.326608002448348,0.013512246372871177
2015-03-02,2015,349,113,3,179,69,3,0.3237822349570201,0.008595988538681949,0.3280396859275645,0.011847018912809159
2015-03-09,2015,413,143,7,177,71,2,0.34624697336561744,0.01694915254237288,0.3193044285660086,0.012755985561250932
2015-03-16,2015,510,173,6,161,75,1,0.3392156862745098,0.011764705882352941,0.32123019887413184,0.011051970621941874
2015-03-23,2015,514,151,5,171,77,0,0.29377431906614787,0.009727626459143969,0.31324712764628926,0.009663757262668203
2015-03-30,2015,668,215,5,203,88,2,0.3218562874251497,0.0074850299401197605,0.32007695971768363,0.009910680771023394
2015-04-06,2015,768,263,6,273,130,6,0.3424479166666667,0.0078125,0.32656796459153686,0.010122717277139603
2015-04-13,2015,741,260,5,203,96,3,0.3508771929824561,0.006747638326585695,0.3313147104885374,0.010159720455059588
2015-04-20,2015,745,258,1,202,94,3,0.34630872483221475,0.0013422818791946308,0.3330636669462228,0.008803115446056478
2015-04-27,2015,921,319,5,217,76,3,0.3463626492942454,0.0054288816503800215,0.335886218738376,0.008407227085018737
2015-05-04,2015,862,325,6,258,93,0,0.37703016241299303,0.0069605568445475635,0.3397341173692979,0.007158652622790572
2015-05-11,2015,946,338,4,286,95,0,0.3572938689217759,0.004228329809725159,0.3419938902002062,0.0062166056137121
2015-05-18,2015,761,306,6,197,85,1,0.4021024967148489,0.00788436268068331,0.35553491240629376,0.0059861976414045176
2015-05-25,2015,817,300,6,298,124,2,0.3671970624235006,0.0073439412484700125,0.36120250928108766,0.0059685615549483
2015-06-01,2015,693,279,7,268,109,5,0.4025974025974026,0.010101010101010102,0.3687211950224296,0.006254625317574562
2015-06-08,2015,718,298,4,237,111,3,0.415041782729805,0.005571030640668524,0.3767417687408483,0.006107549356834916
2015-06-15,2015,653,241,4,230,99,3,0.36906584992343033,0.006125574272588055,0.37958640937725024,0.006705460906009093
2015-06-22,2015,611,220,2,300,124,2,0.36006546644844517,0.0032733224222585926,0.38129926152152516,0.006436016002493915
2015-06-29,2015,541,195,7,275,108,3,0.36044362292051757,0.012939001848428836,0.3792259440849658,0.007183321627979074
2015-07-06,2015,520,167,5,261,89,2,0.3211538461538462,0.009615384615384616,0.3747084412389745,0.007856703478686507
2015-07-13,2015,410,143,6,226,90,2,0.348780487804878,0.014634146341463415,0.3680431901252282,0.00870042643628402
2015-07-20,2015,395,145,6,254,100,6,0.3670886075949367,0.015189873417721518,0.36802963327165766,0.009681167957440458
2015-07-27,2015,370,137,7,264,115,2,0.37027027027027026,0.01891891891891892,0.3639887417307662,0.01078340655967906
2015-08-03,2015,349,123,5,218,83,1,0.3524355300859599,0.014326647564469915,0.3561629601502855,0.011877858675154234
2015-08-10,2015,366,100,6,240,84,2,0.273224043715847,0.01639344262295082,0.3441827343743376,0.01316134221894958
2015-08-17,2015,320,93,5,231,109,0,0.290625,0.015625,0.33550267606828194,0.014705301916167254
2015-08-24,2015,356,126,3,245,95,6,0.3539325842696629,0.008426966292134831,0.3346887962369251,0.014141297471630504
2015-08-31,2015,367,125,8,227,83,3,0.3405994550408719,0.021798365122615803,0.3371194973478034,0.0156641700350344
2015-09-07,2015,336,96,4,226,89,1,0.2857142857142857,0.011904761904761904,0.3292362220864793,0.015322996980446714
2015-09-14,2015,359,110,2,247,94,2,0.3064066852367688,0.005571030640668524,0.3216509817917083,0.01412064163331509
2015-09-21,2015,357,120,4,210,92,4,0.33613445378151263,0.011204481792717087,0.3173840047306136,0.01315633699253986
2015-09-28,2015,375,130,3,223,92,1,0.3466666666666667,0.008,0.316662896803202,0.01236550604698112
2015-10-05,2015,429,128,3,206,75,0,0.29836829836829837,0.006993006993006993,0.3198059286347584,0.011190451593238141
2015-10-12,2015,399,104,1,188,70,4,0.2606516290726817,0.002506265664160401,0.3160592572688436,0.009550609801258193
2015-10-19,2015,376,89,2,193,84,1,0.23670212765957446,0.005319148936170213,0.3014054501925825,0.009162132631762616
2015-10-26,2015,389,100,3,185,74,2,0.2570694087403599,0.007712082262210797,0.29096419440501853,0.007401347274211989
2015-11-02,2015,442,144,4,208,84,4,0.3257918552036199,0.00904977375565611,0.2959738905911853,0.007044473755573765
2015-11-09,2015,446,138,4,212,97,1,0.3094170403587444,0.008968609865470852,0.2963501849814323,0.007469171158674057
2015-11-16,2015,493,145,6,219,103,0,0.29411764705882354,0.012170385395537525,0.2910980841410961,0.007589909109026611
2015-11-23,2015,435,146,0,204,77,1,0.335632183908046,0.0,0.28971877379626854,0.006589909109026612
2015-11-30,2015,464,143,5,212,98,2,0.3081896551724138,0.010775862068965518,0.29094644339678294,0.007062765993521427
2015-12-07,2015,413,128,3,223,90,1,0.3099273607748184,0.007263922518159807,0.29710590985955004,0.0076574731002713526
2015-12-14,2015,376,108,0,180,80,1,0.2872340425531915,0.0,0.3034223992212522,0.006992579483250076
2015-12-21,2015,365,112,1,185,80,1,0.30684931506849317,0.0027397260273972603,0.3096448875122689,0.006371034953898384
2016-01-04,2016,431,132,5,278,99,22,0.3062645011600928,0.01160092807424594,0.30720396825682794,0.006689929243722113
2016-01-11,2016,385,106,0,248,96,18,0.2753246753246753,0.0,0.3029424226275693,0.005568853010538256
2016-01-18,2016,366,116,4,232,95,17,0.31693989071038253,0.01092896174863388,0.3057952030840142,0.0054136750546753005
2016-01-25,2016,349,90,4,248,96,24,0.25787965616045844,0.011461318051575931,0.29607613711556574,0.0068463398111222925
2016-02-01,2016,329,101,4,235,65,21,0.3069908814589666,0.0121580547112462,0.29592629040138485,0.007019113891407377
2016-02-08,2016,351,99,4,233,68,20,0.28205128205128205,0.011396011396011397,0.2924417805609428,0.007535625001138826
2016-02-15,2016,347,84,6,221,83,25,0.2420749279538905,0.01729106628242075,0.2867968912360302,0.00969700828644142
2016-02-22,2016,337,104,4,285,105,24,0.3086053412462908,0.011869436201780416,0.2870163945082549,0.010838222058239314
2016-02-29,2016,362,87,3,295,95,18,0.24033149171270718,0.008287292817679558,0.27877476832733167,0.010424017651168516
2016-03-07,2016,360,112,2,300,100,26,0.3111111111111111,0.005555555555555556,0.28324807280063613,0.01111846209561296
2016-03-14,2016,361,99,4,283,113,27,0.2742382271468144,0.0110803324099723,0.2779103648551901,0.011137383428280263
2016-03-21,2016,338,102,4,236,92,20,0.30177514792899407,0.011834319526627219,0.28339730132625707,0.011184008612661675
2016-03-28,2016,410,131,2,286,102,35,0.3195121951219512,0.004878048780487805,0.2849624655341302,0.010274007871316874
2016-04-04,2016,447,133,7,249,85,23,0.2975391498881432,0.015659955257270694,0.28689844901373784,0.010807000853974286
2016-04-11,2016,515,146,5,262,110,30,0.283495145631068,0.009708737864077669,0.292075976223385,0.009859209801681403
2016-04-18,2016,558,155,6,225,76,14,0.2777777777777778,0.010752688172043012,0.28822253078982085,0.009719616297964227
2016-04-25,2016,584,193,3,260,98,23,0.3304794520547945,0.005136986301369863,0.29949102583258175,0.009325827983425515
2016-05-02,2016,614,210,6,231,82,20,0.34201954397394135,0.009771986970684038,0.3033545799404356,0.009852881910316575
2016-05-09,2016,649,221,10,257,96,26,0.3405238828967643,0.015408320493066256,0.31164028690917933,0.010393880420703319
2016-05-16,2016,753,221,3,297,111,29,0.29349269588313415,0.00398406374501992,0.3106049804034468,0.009412598448002407
2016-05-23,2016,874,253,3,279,100,29,0.2894736842105263,0.003432494279176201,0.3068501665395187,0.009231904135338457
2016-05-30,2016,731,245,11,273,118,26,0.33515731874145005,0.015047879616963064,0.311552437646182,0.009155394680300003
2016-06-06,2016,836,268,6,304,102,19,0.32057416267942584,0.007177033492822967,0.3161873147772268,0.008838931633893165
2016-06-13,2016,885,298,8,321,115,41,0.3367231638418079,0.00903954802259887,0.32355548803523054,0.008624789115212647
2016-06-20,2016,765,242,7,326,118,17,0.31633986928104574,0.009150326797385621,0.321788040188512,0.009126456677214618
2016-06-27,2016,718,239,4,356,119,21,0.3328690807799443,0.005571030640668524,0.3206442322892623,0.00860133713596268
2016-07-04,2016,699,216,6,373,120,30,0.3090128755364807,0.008583690987124463,0.31670535636922686,0.007748258447719954
2016-07-11,2016,697,234,8,345,122,28,0.3357245337159254,0.011477761836441894,0.32198433609832583,0.0086849707091477
2016-07-18,2016,626,200,4,294,113,31,0.3194888178913738,0.006389776357827476,0.3257362278084317,0.00905463096897911
2016-07-25,2016,618,204,8,317,128,32,0.3300970873786408,0.012944983818770227,0.3251036988880806,0.008791768994205005
2016-08-01,2016,543,186,4,341,135,28,0.3425414364640884,0.007366482504604052,0.32784960811116337,0.00881545012067764
2016-08-08,2016,468,177,4,338,123,38,0.3782051282051282,0.008547008547008548,0.3330348536565784,0.00875388268622885
2016-08-15,2016,434,159,4,313,110,23,0.3663594470046083,0.009216589861751152,0.33928730087202374,0.008762165569274543
2016-08-22,2016,392,127,5,286,102,22,0.3239795918367347,0.012755102040816327,0.33817611475412257,0.009660174494293019
2016-08-29,2016,542,186,5,274,91,16,0.34317343173431736,0.00922509225092251,0.3424461842788521,0.009740349652267773
2016-09-05,2016,485,170,3,322,121,23,0.35051546391752575,0.006185567010309278,0.34429505055405213,0.009078825299001196
2016-09-12,2016,439,148,5,336,134,29,0.33712984054669703,0.011389521640091117,0.3465001783859676,0.009703793459284151
2016-09-19,2016,552,218,0,284,100,17,0.39492753623188404,0.0,0.354603984492623,0.008085670481937873
2016-09-26,2016,553,160,4,322,108,19,0.28933092224231466,0.007233273056057866,0.3479526702149013,0.0080690193008696
2016-10-03,2016,471,148,4,271,117,23,0.31422505307855625,0.008492569002123142,0.3399551608240798,0.008062214357758925
2016-10-10,2016,446,144,1,312,122,20,0.32286995515695066,0.002242152466367713,0.33451897434312255,0.007190409683335995
2016-10-17,2016,507,148,6,303,129,18,0.29191321499013806,0.011834319526627219,0.330510677237298,0.007075311869062356
2016-10-24,2016,504,158,4,261,96,12,0.3134920634920635,0.007936507936507936,0.32680050620701623,0.006914238829760534
2016-10-31,2016,452,143,2,290,104,20,0.3163716814159292,0.004424778761061947,0.3225325333943167,0.006694140298604618
2016-11-07,2016,475,149,5,312,116,14,0.3136842105263158,0.010526315789473684,0.31960182964176903,0.006586239567277438
2016-11-14,2016,465,141,0,326,112,17,0.3032258064516129,0.0,0.3081391134192351,0.006586239567277438
2016-11-21,2016,458,137,4,312,115,28,0.29912663755458513,0.008733624454148471,0.3093635778332689,0.006773783492038764
2016-11-28,2016,392,123,2,333,110,21,0.3137755102040816,0.00510204081632653,0.3093073849739596,0.006349967468814188
2016-12-05,2016,404,127,4,333,148,22,0.31435643564356436,0.009900990099009901,0.3082431950347863,0.007307322172894461
2016-12-12,2016,343,114,4,312,118,15,0.3323615160349854,0.011661807580174927,0.3132992326653923,0.007285758179587924
2016-12-19,2016,366,136,3,343,120,23,0.37158469945355194,0.00819672131147541,0.3205608121605783,0.007318284851458859
2016-12-26,2016,419,143,5,371,152,25,0.3412887828162291,0.011933174224343675,0.32367544983561575,0.008256834284369075
2017-01-02,2017,423,120,2,331,99,23,0.28368794326241137,0.004728132387706856,0.3199259164276277,0.007532061359148221
2017-01-09,2017,361,106,5,362,128,22,0.29362880886426596,0.013850415512465374,0.31872629172920935,0.009263363298206394
2017-01-16,2017,358,124,7,325,115,23,0.3463687150837989,0.019553072625698324,0.3246315514203611,0.010615794319650125
2017-01-23,2017,384,117,2,320,109,22,0.3046875,0.005208333333333333,0.3234955501448509,0.010629080884275974
2017-01-30,2017,322,110,3,320,113,26,0.3416149068322981,0.009316770186335404,0.3269028590434426,0.010556053395191662
2017-02-06,2017,426,150,5,292,115,26,0.352112676056338,0.011737089201877934,0.32937175404611163,0.010565463597904539
2017-02-13,2017,437,150,4,277,107,34,0.34324942791762014,0.009153318077803204,0.32582984510412016,0.010685038193695512
2017-02-20,2017,529,162,5,294,93,23,0.30623818525519847,0.00945179584120983,0.3214485204089914,0.01037486589580378
2017-02-27,2017,550,177,4,294,88,42,0.32181818181818184,0.007272727272727273,0.32621480022846266,0.010692940256431334
2017-03-06,2017,514,171,2,274,101,31,0.3326848249027237,0.0038910505836575876,0.33109680223326987,0.00944801964033036
2017-03-13,2017,566,221,5,285,101,39,0.39045936395759717,0.0088339222614841,0.3366081333424947,0.008108125844803582
2017-03-20,2017,608,192,3,329,109,26,0.3157894736842105,0.004934210526315789,0.337995880053021,0.00807386049392639
2017-03-27,2017,744,260,6,316,110,40,0.34946236559139787,0.008064516129032258,0.3389768123979085,0.007917328736763497
2017-04-03,2017,719,249,3,318,103,28,0.3463143254520167,0.004172461752433936,0.3382520185723683,0.006971750305582997
2017-04-10,2017,798,298,4,278,89,28,0.37343358395989973,0.005012531328320802,0.3420250380776533,0.006454151961897697
2017-04-17,2017,807,313,3,285,106,25,0.3878562577447336,0.0037174721189591076,0.3522272971388451,0.005737361496616356
2017-04-24,2017,767,317,6,270,84,19,0.4132985658409387,0.007822685788787484,0.3636623451416897,0.005806106311123883
2017-05-01,2017,690,271,9,283,109,20,0.3927536231884058,0.013043478260869565,0.37117094492740005,0.00695015977077538
2017-05-08,2017,633,196,10,275,86,29,0.30963665086887837,0.01579778830963665,0.36106810579131016,0.007820643026794449
2017-05-15,2017,664,209,3,301,100,31,0.3147590361445783,0.004518072289156626,0.36093930109885614,0.0077686257471495535
2017-05-22,2017,604,189,6,317,124,35,0.3129139072847682,0.009933774834437087,0.3563707438105274,0.008002283085325157
2017-05-29,2017,578,186,11,294,114,27,0.3217993079584775,0.01903114186851211,0.353306366623835,0.009859618099834929
2017-06-05,2017,530,179,4,309,127,24,0.33773584905660375,0.007547169811320755,0.34884414976092304,0.010176447910209923
2017-06-12,2017,576,187,8,309,115,30,0.3246527777777778,0.013888888888888888,0.3409437147650536,0.011447875006451145
2017-06-19,2017,525,173,11,319,117,24,0.3295238095238095,0.02095238095238095,0.3304718702254124,0.01308908690190033
2017-06-26,2017,458,141,4,292,88,21,0.3078602620087336,0.008733624454148471,0.31986020007795335,0.012550355176060193
2017-07-03,2017,428,126,3,451,132,22,0.29439252336448596,0.007009345794392523,0.31795468413990435,0.011451799861654675
2017-07-10,2017,459,147,3,310,120,21,0.3202614379084967,0.006535947712418301,0.3186424843603941,0.011704034289562387
2017-07-17,2017,422,135,4,324,138,40,0.31990521327014215,0.009478672985781991,0.31951639760856587,0.011647146558480499
2017-07-24,2017,444,145,2,336,137,24,0.32657657657657657,0.0045045045045045045,0.32011355618582826,0.009831316887979547
2017-07-31,2017,388,144,1,294,115,23,0.3711340206185567,0.002577319587628866,0.32428832763107235,0.009210085610018062
2017-08-07,2017,361,107,1,323,131,32,0.296398891966759,0.002770083102493075,0.320756591904695,0.007820234886718586
2017-08-14,2017,349,96,6,346,154,39,0.27507163323782235,0.017191977077363897,0.31395006986894664,0.007350184402341454
2017-08-21,2017,366,119,5,284,108,26,0.3251366120218579,0.01366120218579235,0.3161096136205872,0.007966131618796939
2017-08-28,2017,397,121,6,292,126,24,0.3047858942065491,0.015113350125944584,0.317408784975845,0.008979132160240946
2017-09-04,2017,340,95,4,330,127,24,0.27941176470588236,0.011764705882352941,0.3123025758255183,0.009632726931482776
2017-09-11,2017,349,102,2,316,117,24,0.2922636103151863,0.0057306590257879654,0.30884737545614876,0.009164225186483523
2017-09-18,2017,429,140,6,324,115,38,0.32634032634032634,0.013986013986013986,0.3088178441766175,0.010349413871672208
2017-09-25,2017,491,164,7,368,130,30,0.3340122199592668,0.014256619144602852,0.30417761909420626,0.011809326316293955
2017-10-02,2017,485,184,1,355,119,31,0.37938144329896906,0.002061855670103093,0.3145504380107325,0.011720797887245208
2017-10-09,2017,523,144,3,334,122,22,0.27533460803059273,0.0057361376673040155,0.31458330985982885,0.010288817960987724
2017-10-16,2017,563,175,6,416,139,35,0.3108348134991119,0.010657193605683837,0.31279558504448557,0.009913316888474159
2017-10-23,2017,559,180,2,444,129,29,0.3220035778175313,0.0035778175313059034,0.31494779549585833,0.008471375314144323
2017-10-30,2017,491,178,7,321,110,21,0.3625254582484725,0.014256619144602852,0.3253370071886821,0.008782864471925562
2017-11-06,2017,522,154,5,406,137,19,0.2950191570881226,0.009578544061302681,0.3256814505352992,0.009263850101364901
2017-11-13,2017,479,133,6,387,144,33,0.2776617954070981,0.012526096033402923,0.31959663416864564,0.00908136035728852
2017-11-20,2017,529,154,3,406,162,25,0.29111531190926276,0.005671077504725898,0.3142345206623951,0.0080081676523039
2017-11-27,2017,439,152,6,431,144,37,0.3462414578587699,0.01366742596810934,0.3100920224823702,0.009458863939554682
2017-12-04,2017,473,170,6,324,123,35,0.3594080338266385,0.012684989429175475,0.3206012007068759,0.010327470409788613
2017-12-11,2017,432,148,9,380,132,14,0.3425925925925926,0.020833333333333332,0.32457092309356106,0.011599487875744802
2017-12-18,2017,401,144,3,298,124,14,0.35910224438902744,0.007481296758104738,0.32920825641499807,0.012087422779094656
2017-12-25,2017,422,145,6,372,127,34,0.34360189573459715,0.014218009478672985,0.32684281110076363,0.012082596570853421
2018-01-01,2018,413,130,1,386,138,40,0.31476997578692495,0.002421307506053269,0.3293116634381139,0.011187942001447246
2018-01-08,2018,369,148,3,418,141,27,0.4010840108401084,0.008130081300813009,0.3447394403672402,0.010638440159873506
2018-01-15,2018,377,138,6,383,148,37,0.3660477453580902,0.015915119363395226,0.3541059945483437,0.011918945392207171
2018-01-22,2018,320,116,3,329,105,22,0.3625,0.009375,0.3561383123159974,0.011382392146193503
2018-01-29,2018,315,129,3,362,147,24,0.4095238095238095,0.009523809523809525,0.36240278427814376,0.010987244658022761
2018-02-05,2018,332,132,5,384,142,31,0.39759036144578314,0.015060240963855422,0.3692775053847926,0.01026560811183802
2018-02-12,2018,286,83,1,310,103,22,0.2902097902097902,0.0034965034965034965,0.36066594861238793,0.009767508954137867
2018-02-19,2018,272,99,3,306,124,21,0.3639705882352941,0.011029411764705883,0.3632120351749751,0.009368934239891977
2018-02-26,2018,223,72,3,281,104,22,0.32286995515695066,0.013452914798206279,0.3642245325962283,0.010747885151411105
2018-03-05,2018,246,72,6,317,104,18,0.2926829268292683,0.024390243902439025,0.35067439709487325,0.012780405476614357
2018-03-12,2018,257,76,3,311,120,22,0.29571984435797666,0.011673151750972763,0.34188340946985907,0.012250159525061548
2018-03-19,2018,296,102,3,297,118,25,0.34459459459459457,0.010135135135135136,0.3396452337941834,0.012345176416953442
2018-03-26,2018,339,116,5,283,117,27,0.3421828908554572,0.014749262536873156,0.33122761896063935,0.012998358043586395
2018-04-02,2018,394,119,8,319,101,18,0.3020304568527919,0.02030456852791878,0.3192826308865155,0.013653898989094315
2018-04-09,2018,475,124,4,368,122,21,0.26105263157894737,0.008421052631578947,0.3156379860576601,0.014269467630978746
2018-04-16,2018,577,179,6,353,113,14,0.31022530329289427,0.010398613518197574,0.30891982543986013,0.014190617850165208
2018-04-23,2018,642,208,6,335,118,19,0.32398753894080995,0.009345794392523364,0.30905952341284254,0.013677227799454843
2018-04-30,2018,693,220,4,328,107,20,0.31746031746031744,0.005772005772005772,0.3121566972417237,0.011349948033150687
2018-05-07,2018,801,270,1,361,130,26,0.33707865168539325,0.0012484394506866417,0.3173265481576507,0.010046858995614923
2018-05-14,2018,942,253,4,367,116,27,0.26857749469214437,0.004246284501061571,0.3078244106698445,0.009310752666355726
2018-05-21,2018,1070,348,8,479,155,18,0.3252336448598131,0.007476635514018692,0.30570575492038893,0.008401674288498917
2018-05-28,2018,913,375,8,430,147,26,0.41073384446878425,0.008762322015334063,0.319293678372388,0.006958893474425829
2018-06-04,2018,945,360,8,511,175,27,0.38095238095238093,0.008465608465608466,0.3342811470440672,0.0069644629536795176
2018-06-11,2018,1045,399,17,532,163,28,0.38181818181818183,0.016267942583732056,0.34323025685972813,0.0076981290868713284
2018-06-18,2018,1119,451,16,508,174,37,0.40303842716711347,0.014298480786416443,0.35311161788801604,0.008317214886107963
2018-06-25,2018,987,413,13,548,239,32,0.41843971631205673,0.013171225937183385,0.3657340427444835,0.009242117406755164
2018-07-02,2018,930,364,16,519,199,40,0.3913978494623656,0.017204301075268817,0.37252394246660503,0.011236600109827936
2018-07-09,2018,858,370,12,518,210,39,0.43123543123543123,0.013986013986013986,0.3928561845345159,0.012454066295446988
2018-07-16,2018,831,331,7,511,204,35,0.3983152827918171,0.00842358604091456,0.4019913892760164,0.012572435111308972
2018-07-23,2018,690,289,9,453,199,41,0.41884057971014493,0.013043478260869565,0.40300473118118646,0.013107579642000908
2018-07-30,2018,643,286,9,476,157,30,0.4447900466562986,0.013996889580093312,0.41098443939417617,0.013798989781311515
2018-08-06,2018,601,247,10,470,184,29,0.41098169717138106,0.016638935108153077,0.4146298788133261,0.013845363846864142
2018-08-13,2018,507,161,6,434,164,29,0.3175542406311637,0.011834319526627219,0.4039443554963324,0.013537343689390491
2018-08-20,2018,448,182,9,448,180,31,0.40625,0.020089285714285716,0.40242064095732527,0.014402101161528283
2018-08-27,2018,468,172,1,364,132,27,0.36752136752136755,0.002136752136752137,0.39943608071470055,0.012518657544213697
2018-09-03,2018,506,206,6,386,139,28,0.40711462450592883,0.011857707509881422,0.3964209798735127,0.012252619234697126
2018-09-10,2018,483,157,6,383,155,25,0.3250517598343685,0.012422360248447204,0.3872630395038316,0.012752466010638707
2018-09-17,2018,452,189,5,367,131,15,0.41814159292035397,0.011061946902654867,0.3871756661551078,0.01250477459086187
2018-09-24,2018,483,180,3,345,139,21,0.37267080745341613,0.006211180124223602,0.3781607612547475,0.011531560908878156
2018-10-01,2018,412,152,3,339,137,13,0.36893203883495146,0.007281553398058253,0.3729045539626938,0.010361888195116303
2018-10-08,2018,477,161,2,309,95,24,0.33752620545073375,0.0041928721174004195,0.37540104956514003,0.009406707268962953
2018-10-15,2018,499,184,8,355,137,19,0.3687374749498998,0.01603206412825651,0.3707119839338775,0.008899554570709303
2018-10-22,2018,437,172,2,337,138,15,0.39359267734553777,0.004576659038901602,0.3739708976618988,0.009204542933477985
2018-10-29,2018,459,154,5,360,132,17,0.3355119825708061,0.010893246187363835,0.36502056742000843,0.009083985268163286
2018-11-05,2018,532,195,6,358,144,24,0.36654135338345867,0.011278195488721804,0.3702067666136447,0.008940964673197611
2018-11-12,2018,473,185,2,369,119,20,0.39112050739957716,0.004228329809725159,0.36682913092354763,0.008086762536581398
2018-11-19,2018,508,196,8,338,126,18,0.3858267716535433,0.015748031496062992,0.36847362644856346,0.009278868958061322
2018-11-26,2018,464,175,1,316,134,13,0.3771551724137931,0.0021551724137931034,0.3695015181459187,0.00863807133502818
2018-12-03,2018,460,168,4,356,127,20,0.3652173913043478,0.008695652173913044,0.37296291637762047,0.009200918842092256
2018-12-10,2018,444,181,4,327,133,16,0.40765765765765766,0.009009009009009009,0.3778279392160902,0.008323036952186318
2018-12-17,2018,395,170,0,320,115,18,0.43037974683544306,0.0,0.38242632290232836,0.007750954572323618
2018-12-24,2018,375,154,5,305,120,17,0.4106666666666667,0.013333333333333334,0.39182065841431096,0.008055965465569805
2018-12-31,2018,371,131,2,362,134,14,0.353099730458221,0.005390835579514825,0.39014045554865623,0.007320045476918933
2019-01-07,2019,350,135,5,401,137,24,0.38571428571428573,0.014285714285714285,0.38946467783799477,0.008577218536417575
2019-01-14,2019,353,124,3,428,153,10,0.35127478753541075,0.0084985835694051,0.3851456798232282,0.007671037545585338
2019-01-21,2019,335,130,1,421,141,15,0.3880597014925373,0.0029850746268656717,0.3865087459580713,0.0077747753222194085
2019-01-28,2019,297,113,2,403,141,28,0.38047138047138046,0.006734006734006734,0.3884154946039503,0.00752956964223112
2019-02-04,2019,309,98,2,443,156,34,0.31715210355987056,0.006472491909385114,0.3771023003417269,0.007212505004778133
2019-02-11,2019,337,95,2,444,148,29,0.2818991097922849,0.005934718100890208,0.3585422207113322,0.00795434476738941
2019-02-18,2019,363,118,1,467,144,19,0.325068870523416,0.0027548209366391185,0.34784249619342583,0.006632030717802631
2019-02-25,2019,317,86,5,493,176,27,0.27129337539432175,0.015772870662460567,0.33761670181043846,0.00792978510317085
2019-03-04,2019,338,102,4,386,139,25,0.30177514792899407,0.011834319526627219,0.327124309587277,0.007623360758284967
2019-03-11,2019,307,100,2,444,161,29,0.3257328990228013,0.006514657980456026,0.3239315735232008,0.007375370059666332
2019-03-18,2019,371,121,7,381,144,31,0.3261455525606469,0.018867924528301886,0.31619230490671446,0.00936072629734586
2019-03-25,2019,432,142,5,354,145,24,0.3287037037037037,0.011574074074074073,0.3097213453107549,0.009965734714854277
2019-04-01,2019,500,178,7,371,140,16,0.356,0.014,0.3145773323657711,0.010906673226181137
2019-04-08,2019,530,184,3,362,132,24,0.3471698113207547,0.005660377358490566,0.3227361700568298,0.010872380633381182
2019-04-15,2019,546,223,2,318,100,25,0.4084249084249084,0.003663003663003663,0.33315567479451635,0.01098590347417675
2019-04-22,2019,568,202,3,320,136,28,0.35563380281690143,0.00528169014084507,0.3436982282223388,0.009674505908974814
2019-04-29,2019,579,213,3,324,132,26,0.36787564766839376,0.0051813471502590676,0.35196079068976377,0.008842884361928795
2019-05-06,2019,702,264,3,325,124,28,0.37606837606837606,0.004273504273504274,0.35825272532046065,0.008562740148559825
2019-05-13,2019,675,234,6,331,118,25,0.3466666666666667,0.008888888888888889,0.3608178645837131,0.0073153606936332
2019-05-20,2019,635,220,3,317,128,28,0.3464566929133858,0.004724409448818898,0.36303698823492336,0.006459152615476303
2019-05-27,2019,762,274,2,344,132,23,0.35958005249343833,0.0026246719160104987,0.36348449479660316,0.005037236604977615
2019-06-03,2019,761,285,6,374,128,23,0.3745072273324573,0.00788436268068331,0.36690167179806593,0.005315234770251708
2019-06-10,2019,709,283,2,389,145,28,0.3991537376586742,0.0028208744710860366,0.3657427754522867,0.005209968621262005
2019-06-17,2019,741,284,7,394,161,42,0.3832658569500675,0.009446693657219974,0.36919678221893243,0.005730594060808869
2019-06-24,2019,699,275,7,392,131,30,0.39341917024320455,0.010014306151645207,0.3723897225407838,0.006334713935982136
2019-07-01,2019,727,292,5,427,158,35,0.4016506189821183,0.0068775790921595595,0.37558750290500154,0.006660223288314047
2019-07-08,2019,741,274,4,460,149,32,0.3697705802968961,0.005398110661268556,0.37847549210878023,0.006223876009861505
2019-07-15,2019,623,250,5,477,168,38,0.4012841091492777,0.008025682182985553,0.3853289191382667,0.006636535101632337
2019-07-22,2019,593,237,3,490,176,37,0.3996627318718381,0.00505902192242833,0.39033925406056674,0.006940828852434566
2019-07-29,2019,600,215,5,473,182,36,0.35833333333333334,0.008333333333333333,0.3883175173106762,0.006996950184015818
2019-08-05,2019,522,195,2,455,158,33,0.3735632183908046,0.0038314176245210726,0.38511870240219254,0.007123268078195198
2019-08-12,2019,451,157,2,472,181,32,0.34811529933481156,0.004434589800443459,0.38072488270028554,0.0064967550960981345
2019-08-19,2019,400,141,6,461,182,38,0.3525,0.015,0.37560998641988497,0.007119966827142483
2019-08-26,2019,456,171,3,486,164,39,0.375,0.006578947368421052,0.3722786590471202,0.00708263786167517
2019-09-02,2019,488,179,5,400,141,37,0.3668032786885246,0.010245901639344262,0.3719077463460737,0.007688611733934632
2019-09-09,2019,484,163,3,392,127,27,0.3367768595041322,0.006198347107438017,0.36384434014043054,0.007460194849491191
2019-09-16,2019,458,157,2,447,149,30,0.34279475982532753,0.004366812227074236,0.3567358436346167,0.007373668637571928
2019-09-23,2019,488,185,3,402,154,29,0.3790983606557377,0.006147540983606557,0.3593314720499173,0.0071004445938560815
2019-09-30,2019,439,138,3,425,131,29,0.3143507972665148,0.00683371298405467,0.35192991940938106,0.0074757315137977814
2019-10-07,2019,420,168,4,423,161,27,0.4,0.009523809523809525,0.3584155069925296,0.00811188397921854
2019-10-14,2019,456,168,7,409,141,38,0.3684210526315789,0.015350877192982455,0.36040563857147695,0.008155743628341346
2019-10-21,2019,465,151,3,404,139,21,0.3247311827956989,0.0064516129032258064,0.3541220364209393,0.008139826820191941
2019-10-28,2019,439,165,1,419,180,28,0.37585421412300685,0.002277904328018223,0.3552534033502496,0.007143827156276186
2019-11-04,2019,476,161,4,433,147,29,0.3382352941176471,0.008403361344537815,0.355435707676939,0.00741945393591366
2019-11-11,2019,433,142,1,421,140,23,0.3279445727482679,0.0023094688221709007,0.35357943429230654,0.007162286010300744
2019-11-18,2019,445,158,2,396,137,16,0.3550561797752809,0.0044943820224719105,0.3505741616822494,0.006955641140158913
2019-11-25,2019,459,161,6,420,140,35,0.35076252723311546,0.013071895424836602,0.3551256279280745,0.007735413945256655
2019-12-02,2019,447,177,5,346,127,19,0.3959731543624161,0.011185682326621925,0.3546222722233765,0.007943148045608205
2019-12-09,2019,403,151,2,325,131,14,0.3746898263027295,0.004962779156327543,0.35540586893227033,0.006644635791026341
2019-12-16,2019,431,146,6,344,120,24,0.33874709976798145,0.013921113689095127,0.35715785855380566,0.007578323389260006
2019-12-23,2019,432,160,4,347,138,26,0.37037037037037035,0.009259259259259259,0.3564723780847261,0.008450992755665136
2019-12-30,2019,411,163,1,285,100,22,0.39659367396593675,0.0024330900243309003,0.3637671755657623,0.007704708840639271
2020-01-06,2020,427,178,8,403,167,31,0.4168618266978923,0.01873536299765808,0.37488183230946537,0.009757945612575168
2020-01-13,2020,392,116,2,348,132,15,0.29591836734693877,0.00510204081632653,0.36748960575592254,0.009833902961806997
2020-01-20,2020,350,128,3,300,114,17,0.3657142857142857,0.008571428571428572,0.3693585755660688,0.009271344605130991
2020-01-27,2020,345,118,4,334,136,22,0.34202898550724636,0.011594202898550725,0.36261555445917265,0.009322409676622092
2020-02-03,2020,308,120,5,296,138,23,0.38961038961038963,0.016233766233766232,0.36448062487263017,0.010731283061301928
2020-02-10,2020,326,123,3,286,109,25,0.3773006134969325,0.009202453987730062,0.36929981408874907,0.010141450598631295
2020-02-17,2020,373,107,2,314,128,30,0.2868632707774799,0.005361930294906166,0.35886142663963777,0.00965428447808716
2020-02-24,2020,367,139,1,302,111,21,0.3787465940054496,0.0027247956403269754,0.35663054164457686,0.009690747680086667
2020-03-02,2020,365,110,1,321,121,18,0.3013698630136986,0.0027397260273972603,0.34219404618405264,0.007691293058804066
2020-03-09,2020,417,146,3,335,120,30,0.3501199040767386,0.007194244604316547,0.34896923827527765,0.007952818532302817
2020-03-16,2020,268,99,2,347,121,28,0.3694029850746269,0.007462686567164179,0.3494303256953203,0.007814225781769768
2020-03-23,2020,239,78,5,275,104,26,0.3263598326359833,0.02092050209205021,0.3474716815864124,0.008980013180957204
2020-03-30,2020,117,49,2,196,87,18,0.4188034188034188,0.017094017094017096,0.35112081023554104,0.009087544538488562
2020-04-06,2020,80,28,0,147,73,18,0.35,0.0,0.34770823354842445,0.007937237790022304
2020-04-13,2020,64,19,1,193,89,19,0.296875,0.015625,0.34895969970123947,0.009220121503159033
2020-04-20,2020,61,17,5,256,120,24,0.2786885245901639,0.08196721311475409,0.3364524410243288,0.019125423687462423
2020-04-27,2020,46,11,0,236,124,31,0.2391304347826087,0.0,0.3286725124954425,0.018782957934037767
2020-05-04,2020,51,15,3,282,135,36,0.29411764705882354,0.058823529411764705,0.32167223036820314,0.025236618534968787
2020-05-11,2020,59,17,1,347,207,68,0.288135593220339,0.01694915254237288,0.3115138063864171,0.026422426781869873
2020-05-18,2020,46,17,1,387,232,72,0.3695652173913043,0.021739130434782608,0.3169144794808323,0.026524755324711425
2020-05-25,2020,30,7,1,409,271,78,0.23333333333333334,0.03333333333333333,0.2937307187970716,0.02855466985462595
2020-06-01,2020,55,19,2,486,297,78,0.34545454545454546,0.03636363636363636,0.2931625369788898,0.0331001244000805
2020-06-08,2020,34,8,0,490,388,139,0.23529411764705882,0.0,0.28546492668477214,0.031146999400080498
2020-06-15,2020,48,10,1,527,382,120,0.20833333333333334,0.020833333333333332,0.2766705277776683,0.023505264427402903
2020-06-22,2020,39,13,0,516,321,122,0.3333333333333333,0.0,0.2884458900965089,0.023505264427402903
2020-06-29,2020,45,8,3,537,311,92,0.17777777777777778,0.06666666666666667,0.27390340643637817,0.024485656584265644
2020-07-06,2020,50,10,0,573,317,110,0.2,0.0,0.2628864572838358,0.02236701251646904
2020-07-13,2020,52,14,4,604,335,114,0.2692307692307692,0.07692307692307693,0.2503446512637689,0.029265005827505824
2020-07-20,2020,63,11,0,688,378,112,0.1746031746031746,0.0,0.24300338142249908,0.02509833916083916
2020-07-27,2020,61,15,1,681,315,79,0.2459016393442623,0.01639344262295082,0.2305592681587137,0.022602064943253466
2020-08-03,2020,76,15,2,789,303,71,0.19736842105263158,0.02631578947368421,0.22581855608441026,0.025891538627463993
2020-08-10,2020,118,16,2,698,328,77,0.13559322033898305,0.01694915254237288,0.2167260419601165,0.025406016028593936
2020-08-17,2020,92,28,0,688,318,60,0.30434782608695654,0.0,0.2131028535543194,0.025406016028593936
2020-08-24,2020,84,24,0,632,299,71,0.2857142857142857,0.0,0.2265949170463829,0.017072682695260605
2020-08-31,2020,77,21,3,633,263,47,0.2727272727272727,0.03896103896103896,0.23568582613729194,0.021942812565390477
2020-09-07,2020,75,24,3,515,250,46,0.32,0.04,0.2420319799834458,0.017327427950005858
2020-09-14,2020,60,14,2,479,254,61,0.23333333333333334,0.03333333333333333,0.24937324982471565,0.021494094616672524
2020-09-21,2020,83,25,3,442,264,50,0.30120481927710846,0.03614457831325301,0.25628614731632143,0.0239629865779603
2020-09-28,2020,96,32,0,397,203,33,0.3333333333333333,0.0,0.27328176135140914,0.020673512893749774
2020-10-05,2020,101,23,0,334,162,27,0.22772277227722773,0.0,0.28479795534368973,0.018554868825953162
2020-10-12,2020,72,21,1,339,185,23,0.2916666666666667,0.013888888888888888,0.2832128104161535,0.020290979937064274
2020-10-19,2020,92,27,3,345,181,26,0.29347826086956524,0.03260869565217391,0.28418330731056346,0.024367066893586014
2020-10-26,2020,97,38,4,402,184,27,0.3917525773195876,0.041237113402061855,0.2990614703846028,0.024651576198713877
2020-11-02,2020,74,28,3,364,173,34,0.3783783783783784,0.04054054054054054,0.3063587676819001,0.024719143766281444
2020-11-09,2020,90,31,0,406,182,34,0.34444444444444444,0.0,0.320247656570789,0.020552477099614774
2020-11-16,2020,101,30,4,376,186,26,0.297029702970297,0.039603960396039604,0.31972576703243755,0.020984899859963102
2020-11-23,2020,86,21,1,456,209,29,0.2441860465116279,0.011627906976744186,0.3085823561797244,0.022438388232056124
2020-11-30,2020,81,14,0,457,219,38,0.1728395061728395,0.0,0.30172194791667584,0.022438388232056124
2020-12-07,2020,85,11,0,475,256,28,0.12941176470588237,0.0,0.2814400851715778,0.020702277120945013
2020-12-14,2020,103,26,0,485,221,28,0.2524271844660194,0.0,0.27630870062113455,0.016626190164423273
2020-12-21,2020,109,19,0,443,227,30,0.1743119266055046,0.0,0.24912861928187421,0.011471550989165542
2020-12-28,2020,79,26,1,487,238,28,0.3291139240506329,0.012658227848101266,0.24297056249090604,0.007986261902610632
2021-01-04,2021,183,34,1,690,350,104,0.18579234972677597,0.00546448087431694,0.22313905065119746,0.00866932201190025
2021-01-11,2021,171,35,4,732,381,135,0.2046783625730994,0.023391812865497075,0.21159513310154776,0.006642803570582433
2021-01-18,2021,161,32,0,883,460,190,0.19875776397515527,0.0,0.20591659778448868,0.005189315198489411
2021-01-25,2021,173,43,1,958,544,196,0.24855491329479767,0.005780346820809248,0.21538102367473347,0.005911858551090566
2021-02-01,2021,129,33,2,927,516,198,0.2558139534883721,0.015503875968992248,0.23118129727254466,0.007849843047214597
2021-02-08,2021,122,25,2,866,473,144,0.20491803278688525,0.01639344262295082,0.2252426533126529,0.00989902337508345
2021-02-15,2021,108,19,2,890,497,247,0.17592592592592593,0.018518518518518517,0.22544440322770554,0.012213838189898265
2021-02-22,2021,106,26,0,905,488,231,0.24528301886792453,0.0,0.214965540079867,0.010631559708885607
2021-03-01,2021,155,33,2,903,426,188,0.2129032258064516,0.012903225806451613,0.21835439958982647,0.01156140282540244
2021-03-08,2021,164,35,4,940,477,178,0.21341463414634146,0.024390243902439025,0.21944643353648172,0.011686206705020184
2021-03-15,2021,118,18,3,1005,527,197,0.15254237288135594,0.025423728813559324,0.2136695096497568,0.0148641728067151
2021-03-22,2021,147,32,2,1031,604,273,0.21768707482993196,0.013605442176870748,0.2098110298416486,0.015842309726222786
2021-03-29,2021,142,35,1,1064,617,225,0.24647887323943662,0.007042253521126761,0.20864414481053167,0.014784606920239602
2021-04-05,2021,147,42,3,1093,649,318,0.2857142857142857,0.02040816326530612,0.2187436764264567,0.015286447000534014
2021-04-12,2021,191,40,3,1150,687,283,0.2094240837696335,0.015706806282722512,0.22293094615692016,0.014934982971059513
2021-04-19,2021,169,34,1,1240,719,362,0.20118343195266272,0.005917159763313609,0.21741849779251243,0.015674627941473715
2021-04-26,2021,160,32,2,1099,678,271,0.2,0.0125,0.21580559456670598,0.015624224715667264
2021-05-03,2021,142,29,0,1000,687,338,0.20422535211267606,0.0,0.2146569343124978,0.012575444227862383
2021-05-10,2021,153,37,1,1028,599,229,0.24183006535947713,0.006535947712418301,0.22581789587226295,0.010214471590219756
2021-05-17,2021,149,36,1,1026,588,223,0.24161073825503357,0.006711409395973154,0.22880835380040065,0.009352717492607557
2021-05-24,2021,188,50,3,898,520,242,0.26595744680851063,0.015957446808510637,0.23124317549653492,0.01046711665353054
2021-05-31,2021,183,59,3,840,446,159,0.3224043715846995,0.01639344262295082,0.23582943623033664,0.009965276573236129
2021-06-07,2021,171,57,0,679,401,110,0.3333333333333333,0.0,0.2513180924257991,0.008001925787895815
2021-06-14,2021,174,43,1,602,278,103,0.2471264367816092,0.005747126436781609,0.2570609680294174,0.007980671622079315
2021-06-21,2021,224,71,2,448,244,67,0.3169642857142857,0.008928571428571428,0.27168150374370315,0.0075342430506507435
2021-06-28,2021,194,68,3,441,168,56,0.35051546391752575,0.015463917525773196,0.2899677677193094,0.009467232741372393
2021-07-05,2021,275,76,1,444,160,47,0.27636363636363637,0.0036363636363636364,0.2942844640948293,0.009104784731865559
2021-07-12,2021,238,74,2,478,166,32,0.31092436974789917,0.008403361344537815,0.30294866803143744,0.009316278725436142
2021-07-19,2021,200,53,1,464,146,37,0.265,0.005,0.3028289871803736,0.007946597874372314
2021-07-26,2021,197,58,1,336,136,39,0.29441624365482233,0.005076142131979695,0.299330471189139,0.006531935313000922
2021-08-02,2021,184,59,3,449,125,25,0.32065217391304346,0.016304347826086956,0.29774532626160277,0.008569978791261793
2021-08-09,2021,193,56,4,407,147,35,0.29015544041450775,0.02072538860103627,0.30312395171571505,0.010442261561793623
2021-08-16,2021,205,53,3,360,125,30,0.25853658536585367,0.014634146341463415,0.2958204891721611,0.011155458425905124
2021-08-23,2021,196,57,2,450,142,22,0.29081632653061223,0.01020408163265306,0.2883580969987969,0.010497978939265106
2021-08-30,2021,160,43,0,327,99,23,0.26875,0.0,0.2874063924533423,0.010043433484719652
2021-09-06,2021,191,52,0,324,119,30,0.27225130890052357,0.0,0.2825722598474204,0.008993013316652424
2021-09-13,2021,201,58,5,343,133,44,0.2885572139303483,0.024875621890547265,0.2855169115887139,0.011477466052970833
2021-09-20,2021,194,47,2,385,149,35,0.2422680412371134,0.010309278350515464,0.2789983862865003,0.012131608080287805
2021-09-27,2021,198,52,3,319,95,40,0.26262626262626265,0.015151515151515152,0.2717451473756527,0.011987503995966329
2021-10-04,2021,144,37,1,323,131,23,0.2569444444444444,0.006944444444444444,0.2675937728793948,0.010264885976392349
2021-10-11,2021,195,60,3,320,139,25,0.3076923076923077,0.015384615384615385,0.27373823817020154,0.010358694606786345
2021-10-18,2021,196,56,0,308,141,36,0.2857142857142857,0.0,0.2731004830681607,0.009083184402704713
2021-10-25,2021,209,50,1,341,130,30,0.23923444976076555,0.004784688995215311,0.2694110392882564,0.009681270527106628
2021-11-01,2021,208,67,0,390,162,36,0.32211538461538464,0.0,0.27564404875261406,0.009681270527106628
2021-11-08,2021,186,41,1,396,170,23,0.22043010752688172,0.005376344086021506,0.26712816045218074,0.007243860801540908
2021-11-15,2021,197,52,1,431,167,39,0.2639593908629442,0.005076142131979695,0.26983957915540957,0.006589718774223937
2021-11-22,2021,200,58,5,403,158,47,0.29,0.025,0.27326129632712676,0.007820779380284543
2021-11-29,2021,230,70,1,383,156,48,0.30434782608695654,0.004347826086956522,0.27918671903244074,0.007496202085598552
2021-12-06,2021,195,64,0,376,164,31,0.3282051282051282,0.0,0.2817508215965433,0.005573125162521629
2021-12-13,2021,196,56,0,538,147,33,0.2857142857142857,0.0,0.2817508215965433,0.005573125162521629
2021-12-20,2021,215,58,2,406,141,38,0.26976744186046514,0.009302325581395349,0.28556744560900577,0.006137829735794134
2021-12-27,2021,269,70,4,494,211,46,0.26022304832713755,0.01486988847583643,0.2778309035729749,0.007996565795273688
2022-01-03,2022,450,101,5,532,253,45,0.22444444444444445,0.011111111111111112,0.2783326956876703,0.008713411673409888
2022-01-10,2022,418,93,3,550,237,56,0.22248803827751196,0.007177033492822967,0.27314877661449116,0.008976023093515298
2022-01-17,2022,426,115,5,557,302,68,0.2699530516431925,0.011737089201877934,0.2706429080698903,0.0073181592437500395
2022-01-24,2022,301,88,3,500,235,76,0.292358803986711,0.009966777408637873,0.2691442803073596,0.008020528158960209
2022-01-31,2022,201,76,4,607,351,121,0.3781094527363184,0.01990049751243781,0.2753823208737583,0.010508090348014934
2022-02-07,2022,193,47,2,541,281,95,0.24352331606217617,0.010362694300518135,0.2701084496672446,0.011803427135579702
2022-02-14,2022,160,52,1,454,231,69,0.325,0.00625,0.2770125194346865,0.011421886437905282
2022-02-21,2022,161,44,0,382,169,55,0.2732919254658385,0.0,0.27864612907702413,0.009563150378425728
2022-02-28,2022,206,60,0,355,160,53,0.2912621359223301,0.0,0.2869983405117598,0.00817426148953684
2022-03-07,2022,256,79,2,365,178,35,0.30859375,0.0078125,0.2977615544770708,0.00825369480293397
2022-03-14,2022,300,75,4,359,135,32,0.25,0.013333333333333334,0.29526742302167175,0.008453225319365895
2022-03-21,2022,326,91,1,423,138,23,0.2791411042944785,0.003067484662576687,0.29361521056014267,0.0075908137261082465
2022-03-28,2022,348,118,1,426,156,45,0.3390804597701149,0.0028735632183908046,0.2887365864393673,0.0054624469393523695
2022-04-04,2022,417,148,2,374,137,30,0.354916067146283,0.004796163069544364,0.30266068032488064,0.0047666305354806485
2022-04-11,2022,392,116,1,385,151,24,0.29591836734693877,0.002551020408163265,0.299025476243248,0.004304258086501056
2022-04-18,2022,473,123,3,387,143,24,0.26004228329809725,0.006342494714587738,0.29736927097228033,0.005097069925824524
2022-04-25,2022,501,153,7,364,153,29,0.30538922155688625,0.013972055888223553,0.29913515667659984,0.006843576911852467
2022-05-02,2022,500,176,5,354,149,32,0.352,0.01,0.30456093792659983,0.0071170144118524676
2022-05-09,2022,577,211,1,421,144,33,0.36568457538994803,0.0017331022530329288,0.31902150985034333,0.0056669855268149175
2022-05-16,2022,647,219,6,433,140,37,0.3384853168469861,0.00927357032457496,0.32643953641940676,0.006442746234564702
2022-05-23,2022,685,207,5,470,135,32,0.3021897810218978,0.0072992700729927005,0.32182820157587966,0.006995959591389939
2022-05-30,2022,609,188,1,472,183,36,0.30870279146141216,0.0016420361247947454,0.31605154211527076,0.006601693723296236
2022-06-06,2022,627,210,8,454,165,43,0.3349282296650718,0.012759170653907496,0.32092777490503743,0.007877712504014265
2022-06-13,2022,708,206,3,550,164,53,0.2909604519774011,0.00423728813559322,0.3247925459899504,0.00761456168163995
2022-06-20,2022,668,242,8,524,209,45,0.36227544910179643,0.011976047904191617,0.3319033244330642,0.007365060683635959
2022-06-27,2022,545,153,7,519,201,45,0.28073394495412846,0.012844036697247707,0.3229950675523302,0.007720565270791922
2022-07-04,2022,607,188,10,635,247,49,0.30971993410214166,0.016474464579901153,0.3159994873913544,0.00956323556165045
2022-07-11,2022,649,195,5,509,225,45,0.300462249614792,0.007704160246533128,0.3112466039873302,0.009367059301895221
2022-07-18,2022,546,169,4,481,207,40,0.30952380952380953,0.007326007326007326,0.31216335755006913,0.009370401458522049
2022-07-25,2022,444,166,5,450,230,44,0.3738738738738739,0.01126126126126126,0.3203097428516269,0.010572804600580363
2022-08-01,2022,465,122,6,513,210,58,0.2623655913978495,0.012903225806451613,0.31123941306822406,0.010590811494648378
2022-08-08,2022,397,103,8,493,205,55,0.2594458438287154,0.020151133501259445,0.3073000870496384,0.012580042165356655
2022-08-15,2022,323,99,3,421,189,36,0.3065015479876161,0.009287925696594427,0.3003283494103658,0.012244026889407008
2022-08-22,2022,385,94,5,478,181,44,0.24415584415584415,0.012987012987012988,0.2957560868105803,0.012261898925627669
2022-08-29,2022,383,106,1,436,162,41,0.27676240208877284,0.0026109660574412533,0.29163639530890917,0.010528961610320181
2022-09-05,2022,406,99,4,447,156,42,0.2438423645320197,0.009852216748768473,0.2845589096735627,0.010797468673099598
2022-09-12,2022,314,85,3,405,142,37,0.27070063694267515,0.009554140127388535,0.2797060131009208,0.01107598527327225
2022-09-19,2022,369,89,2,460,177,44,0.24119241192411925,0.005420054200542005,0.2631208303572015,0.010345834390682342
2022-09-26,2022,374,110,3,364,128,24,0.29411764705882354,0.008021390374331552,0.2670898373148233,0.009735604961667334
2022-10-03,2022,384,103,5,409,160,42,0.2682291666666667,0.013020833333333334,0.2681877526695672,0.00884431744067657
2022-10-10,2022,393,114,6,385,150,37,0.2900763358778626,0.015267175572519083,0.26613460115584797,0.009591723675167153
2022-10-17,2022,393,102,5,430,156,36,0.2595419847328244,0.01272264631043257,0.26805786872797055,0.0095586778405946
2022-10-24,2022,360,105,2,414,149,34,0.2916666666666667,0.005555555555555556,0.2699209018002073,0.009926751527858888
2022-10-31,2022,369,119,2,380,148,45,0.3224932249322493,0.005420054200542005,0.27975225935023595,0.00937273120933058
2022-11-07,2022,433,101,3,401,127,35,0.23325635103926096,0.006928406466512702,0.2750717236123092,0.0090445145017211
2022-11-14,2022,446,115,5,447,176,46,0.257847533632287,0.011210762331838564,0.27715361382583015,0.00976835301813317
2022-11-21,2022,440,119,1,458,162,47,0.27045454545454545,0.0022727272727272726,0.2741957261252954,0.009049770130432636
2022-11-28,2022,440,125,3,558,165,46,0.2840909090909091,0.006818181818181818,0.2761784439283257,0.008274438691038697
2022-12-05,2022,444,127,4,538,158,26,0.28603603603603606,0.009009009009009009,0.27567340644809735,0.007492167870599938
2022-12-12,2022,350,101,3,549,163,35,0.2885714285714286,0.008571428571428572,0.2793020869279229,0.006973265653224437
2022-12-19,2022,327,124,5,496,178,60,0.37920489296636084,0.01529051987767584,0.29024436521538466,0.008190136193489473
2022-12-26,2022,274,78,2,390,149,54,0.2846715328467153,0.0072992700729927005,0.2855166537046929,0.008425038177545809
2023-01-02,2023,310,102,6,539,183,51,0.32903225806451614,0.01935483870967742,0.2974886420828498,0.0099783422079414
2023-01-09,2023,260,77,0,470,172,54,0.29615384615384616,0.0,0.3022769311480447,0.00857699691646158
2023-01-16,2023,265,78,3,438,138,34,0.2943396226415094,0.011320754716981131,0.3052625657964152,0.009708000346993312
2023-01-23,2023,228,58,2,443,143,41,0.2543859649122807,0.008771929824561403,0.30154944777408665,0.00995221884779076
2023-01-30,2023,250,93,2,514,157,58,0.372,0.008,0.3122949432695821,0.009826092721664634
2023-02-06,2023,258,91,8,552,152,46,0.35271317829457366,0.031007751937984496,0.32031266198497527,0.012630633142484124
2023-02-13,2023,275,66,2,465,151,32,0.24,0.007272727272727273,0.30291205036418023,0.011628409066865552
2023-02-20,2023,306,90,1,570,145,39,0.29411764705882354,0.0032679738562091504,0.3040928146406937,0.01112449703976761
2023-02-27,2023,306,91,0,507,160,29,0.2973856209150327,0.0,0.30013698499700825,0.008705142201057932
2023-03-06,2023,291,80,1,580,188,49,0.27491408934707906,0.003436426116838488,0.29748201539616237,0.009134695465662743
2023-03-13,2023,300,83,2,606,201,41,0.27666666666666667,0.006666666666666667,0.29527289589930705,0.008552934459373435
2023-03-20,2023,413,128,5,756,225,58,0.3099273607748184,0.012106537530266344,0.30221557038212427,0.008969760422586553
2023-03-27,2023,508,149,7,740,235,49,0.2933070866141732,0.013779527559055118,0.2923789562088959,0.00969220136746844
2023-04-03,2023,519,151,4,723,256,62,0.2909441233140655,0.007707129094412331,0.28465782433633235,0.006779623512021922
2023-04-10,2023,709,199,5,718,212,46,0.28067700987306066,0.007052186177715092,0.28974245057046494,0.006752055875145399
2023-04-17,2023,780,234,5,763,269,56,0.3,0.00641025641025641,0.290477744688112,0.0071448411944013065
2023-04-24,2023,969,307,6,822,231,49,0.31682146542827655,0.006191950464396285,0.29290722525226753,0.007918835002450842
2023-05-01,2023,1025,347,3,760,267,40,0.3385365853658537,0.002926829268292683,0.30086003725461435,0.007855135396382615
2023-05-08,2023,1078,355,6,650,216,45,0.3293135435992579,0.0055658627087198514,0.30744089687118825,0.007717534901639264
2023-05-15,2023,1137,314,10,672,228,51,0.27616534740545295,0.008795074758135445,0.30322064520001757,0.007303602055122902
2023-05-22,2023,1145,386,6,670,205,35,0.337117903930131,0.005240174672489083,0.3086969973645123,0.006236182944302148
2023-05-29,2023,1128,341,4,648,194,50,0.30230496453900707,0.0035460992907801418,0.31011710251763003,0.005716054218848124
2023-06-05,2023,1050,349,11,709,185,44,0.3323809523809524,0.010476190476190476,0.3165800953311164,0.0061440547561575475
2023-06-12,2023,1070,330,14,672,191,49,0.308411214953271,0.013084112149532711,0.31763149720027534,0.006978286723567084
2023-06-19,2023,985,338,4,628,192,61,0.3431472081218274,0.0040609137055837565,0.32092221503696916,0.006711907128715519
2023-06-26,2023,1005,332,6,648,194,41,0.33034825870646767,0.005970149253731343,0.31989867420454593,0.007092322126895351
2023-07-03,2023,1016,354,7,628,187,40,0.3484251968503937,0.006889763779527559,0.3222876308609379,0.0072578097607463145
2023-07-10,2023,987,313,6,623,196,32,0.3171225937183384,0.0060790273556231,0.3274072866500486,0.006918303835432272
2023-07-17,2023,814,245,5,583,149,38,0.300982800982801,0.006142506142506142,0.32289039878163234,0.007031095269184403
2023-07-24,2023,789,261,7,594,175,35,0.33079847908745247,0.008871989860583017,0.326452088100188,0.007696831590409763
2023-07-31,2023,772,278,8,597,186,39,0.3601036269430052,0.010362694300518135,0.3299174224204446,0.00768264456845072
2023-08-07,2023,628,200,7,555,172,33,0.3184713375796178,0.011146496815286623,0.33117493774873796,0.0074404426516699596
2023-08-14,2023,550,166,4,555,179,48,0.3018181818181818,0.007272727272727273,0.32600880946078226,0.0078419193475629
2023-08-21,2023,644,183,5,535,176,36,0.2841614906832298,0.007763975155279503,0.3202354634578775,0.008066147585256419
2023-08-28,2023,555,188,2,560,161,45,0.3387387387387387,0.0036036036036036037,0.3190246561939206,0.007655377563265924
2023-09-04,2023,608,187,10,620,169,47,0.30756578947368424,0.01644736842105263,0.3178300556633389,0.008951420196444616
2023-09-11,2023,576,165,7,569,178,43,0.2864583333333333,0.012152777777777778,0.3160144972071554,0.00970270415085357
2023-09-18,2023,597,179,5,534,168,39,0.2998324958123953,0.008375209380234505,0.3121437492977733,0.009640606590810006
2023-09-25,2023,638,167,3,575,193,43,0.2617554858934169,0.004702194357366771,0.29985023166657476,0.008933044097916086
2023-10-02,2023,581,195,7,532,174,42,0.33562822719449226,0.012048192771084338,0.30199484286843403,0.0090457560923908
2023-10-09,2023,541,184,2,570,173,39,0.34011090573012936,0.0036968576709796672,0.30678143335742747,0.00859877239217235
2023-10-16,2023,549,167,3,546,150,29,0.30418943533697634,0.00546448087431694,0.30928492643914585,0.00831133560705203
2023-10-23,2023,499,153,4,567,168,32,0.3066132264529058,0.008016032064128256,0.3052692374034167,0.00886288916461761
2023-10-30,2023,443,139,4,488,167,32,0.31376975169300225,0.009029345372460496,0.3060447326808315,0.007935636283543594
2023-11-06,2023,460,155,3,591,172,47,0.33695652173913043,0.006521739130434782,0.3123570062315561,0.00723175645262572
2023-11-13,2023,481,144,5,582,155,39,0.2993762993762994,0.010395010395010396,0.3122999816770441,0.007484231579472706
2023-11-20,2023,488,141,4,523,170,32,0.2889344262295082,0.00819672131147541,0.31569734921905546,0.007921047448736285
2023-11-27,2023,434,116,4,520,149,31,0.2672811059907834,0.009216589861751152,0.3071539590685919,0.007567097085069637
2023-12-04,2023,387,126,1,548,143,39,0.32558139534883723,0.002583979328165375,0.3053377702709304,0.00742798729221785
2023-12-11,2023,419,129,6,634,170,44,0.30787589498806683,0.014319809069212411,0.30579857772731667,0.008534903316579785
2023-12-18,2023,398,130,3,566,167,31,0.32663316582914576,0.007537688442211055,0.30830107014934666,0.008475110363840134
2023-12-25,2023,422,118,2,702,174,54,0.2796208530805687,0.004739336492890996,0.3040324578227925,0.007938859253893947
