date,actual,predicted,lower_ci,upper_ci,model,region
2005-12-26,6.605680170819316,6.3543695251403145,5.2463963865675565,7.398423908883723,random_forest,HUANUCO
2006-01-02,6.802896056094311,6.787081928289709,5.699757065031052,8.16309458999642,random_forest,HUANUCO
2006-01-09,6.8725864539887285,6.838024644720878,5.756810583132634,7.9648042686223395,random_forest,HUANUCO
2006-01-16,6.626659315492596,7.001721595152937,5.739959032150745,8.248380240599117,random_forest,HUANUCO
2006-01-23,6.0081711127132875,6.619017921041216,5.943690543626903,7.183572191380548,random_forest,HUANUCO
2006-01-30,5.5663938250137805,6.118568750820881,5.026848466366671,7.386757218044573,random_forest,HUANUCO
2006-02-06,4.5061283345349645,5.517520267813114,4.79800064318238,6.551615344305065,random_forest,HUANUCO
2006-02-13,3.7551069454458035,5.221562540581752,4.634087737533772,6.487116677079533,random_forest,HUANUCO
2006-02-20,4.108528775605409,5.067505298146031,4.10895717976001,6.471977856566223,random_forest,HUANUCO
2006-02-27,5.080438808544323,5.017579598297126,4.146090387735767,5.940466504985992,random_forest,HUANUCO
2006-03-06,6.0965265702531894,5.423534427960797,4.548135415281634,6.817403776251399,random_forest,HUANUCO
2006-03-13,5.831460197633485,6.6821260545333745,5.504021224367922,8.043184428893637,random_forest,HUANUCO
2006-03-20,5.5663938250137805,6.273300342114176,5.001480496566624,7.662583931827751,random_forest,HUANUCO
2006-03-27,4.815372435924619,5.373496997952608,4.661961215436784,6.521098473636308,random_forest,HUANUCO
2006-04-03,6.140704299023139,5.030295174968055,4.295097531784528,6.258057886438869,random_forest,HUANUCO
2006-04-10,6.096526570253189,6.788584820668948,5.683016303301257,8.067797955722185,random_forest,HUANUCO
2006-04-17,7.2451475182719065,6.51925585459983,5.461270456858055,8.133510920623833,random_forest,HUANUCO
2006-04-24,6.759192501802448,7.895401005862882,6.696635834929975,8.753763593993375,random_forest,HUANUCO
2006-05-01,7.819457992281265,7.319201164397506,6.466124407967489,8.42898184165077,random_forest,HUANUCO
2006-05-08,10.735188091098008,8.674164958804676,7.050106177777136,9.77915509172844,random_forest,HUANUCO
2006-05-15,12.85571907205564,11.015860586584152,9.345977094263116,12.091434403546987,random_forest,HUANUCO
2006-05-22,13.562562732374849,11.868325524120989,10.482395082131479,14.597923180621198,random_forest,HUANUCO
2006-05-29,12.723185885745787,11.57193311996178,8.884476518232669,14.403712185161671,random_forest,HUANUCO
2006-06-05,11.707098124036923,11.22207200815573,9.080092661640958,13.772776250103579,random_forest,HUANUCO
2006-06-12,12.76736361451574,10.83425959654633,8.673188990320437,13.436029046456449,random_forest,HUANUCO
2006-06-19,12.193053140506379,11.331543408298458,8.673188990320437,14.108674869963002,random_forest,HUANUCO
2006-06-26,12.016342225426577,10.98287200358525,8.842539001235815,13.679580786594702,random_forest,HUANUCO
2006-07-03,11.088609921257612,10.784467322370451,8.444714115054952,13.577502264622938,random_forest,HUANUCO
2006-07-10,10.3817662609384,10.481503772439268,8.204542761985284,12.705650108358817,random_forest,HUANUCO
2006-07-17,9.895811244468945,9.68795698437666,8.204542761985284,11.68457603489185,random_forest,HUANUCO
2006-07-24,8.835545753990129,9.198328096835382,7.584786643355726,11.16750951988604,random_forest,HUANUCO
2006-07-31,8.570479381370426,8.167119268149222,6.8263632531443745,9.31120624258963,random_forest,HUANUCO
2006-08-07,8.658834838910325,8.142847192686423,6.844280001858136,9.172752371354761,random_forest,HUANUCO
2006-08-14,7.598569348431511,8.206563178592823,6.889694089365739,9.303435224371684,random_forest,HUANUCO
2006-08-21,6.670837044262547,7.02338401574966,5.867604445876514,8.240753242562823,random_forest,HUANUCO
2006-08-28,5.080438808544322,6.691145478482773,5.73779440221334,7.413309757964153,random_forest,HUANUCO
2006-09-04,5.478038367473879,5.4998020144292585,4.430696250528085,6.5461682998931945,random_forest,HUANUCO
2006-09-11,4.550306063304914,5.764904726874499,4.657669047329845,6.845156592697512,random_forest,HUANUCO
2006-09-18,4.373595148225111,4.90719643443631,4.154984224171324,6.203601574114378,random_forest,HUANUCO
2006-09-25,4.108528775605408,5.258567041728759,3.931817860525606,6.3145687288648675,random_forest,HUANUCO
2006-10-02,4.5061283345349645,4.581929816439607,3.948605397458187,5.925298356266413,random_forest,HUANUCO
2006-10-09,4.992083351004421,4.794848376407849,3.948605397458187,6.422905678814267,random_forest,HUANUCO
2006-10-16,5.080438808544323,5.519999610751916,4.404785890471162,6.723964992572046,random_forest,HUANUCO
2006-10-23,5.0362610797743725,5.672152920160528,4.5525760485395095,6.865785870428249,random_forest,HUANUCO
2006-10-30,5.698927011323633,5.159146716112698,4.779883911350095,5.844388728042241,random_forest,HUANUCO
2006-11-06,5.478038367473879,5.434884235124401,4.605513513549045,6.782876160088856,random_forest,HUANUCO
2006-11-13,5.875637926403435,5.5386023818126215,4.631101848446306,6.607629654013571,random_forest,HUANUCO
2006-11-20,5.478038367473879,6.357157427036942,5.21553489718731,7.514186572784692,random_forest,HUANUCO
2006-11-27,6.582481586722646,5.5312369964400405,4.667591975394437,6.424635031381771,random_forest,HUANUCO
2006-12-04,6.538303857952695,6.7917348941417215,5.758899604181361,8.00798123907765,random_forest,HUANUCO
2006-12-11,6.670837044262547,6.721687466982044,5.614242375663597,8.111329443570215,random_forest,HUANUCO
2006-12-18,6.449948400412793,6.865376734469031,5.834735123453417,8.273741161748983,random_forest,HUANUCO
2006-12-25,6.361592942872892,6.419881116266408,5.6680997075747905,6.9847334949311675,random_forest,HUANUCO
2007-01-01,6.209881972916986,6.412146009158367,5.549844588136061,7.193712784136657,random_forest,HUANUCO
2007-01-08,5.266539844850073,6.42343262723302,5.547152547154389,7.575648422989644,random_forest,HUANUCO
2007-01-15,5.204076322371097,5.7073334583912185,4.610207895374825,6.799658828621497,random_forest,HUANUCO
2007-01-22,4.6355637829524055,5.486868709396862,4.5413791149714475,6.528245072600707,random_forest,HUANUCO
2007-01-29,5.160344588569658,5.046965421585865,3.931817860525606,6.264188046979253,random_forest,HUANUCO
2007-02-05,4.723027250555281,5.610071960503972,4.917771464141799,6.399699767730881,random_forest,HUANUCO
2007-02-12,5.291539789973972,5.225617133530364,3.9877763169675435,6.317632150568217,random_forest,HUANUCO
2007-02-19,4.591832049150967,5.478995619997168,4.679730541706528,6.596817033336511,random_forest,HUANUCO
2007-02-26,4.679295516753842,4.965191979529382,4.020173318065507,5.913106688074152,random_forest,HUANUCO
2007-03-05,3.979587775930838,5.151300171419108,4.6361492061652445,6.027680288110812,random_forest,HUANUCO
2007-03-12,3.760929106923648,4.630930748973575,3.966655155212767,5.913710955740314,random_forest,HUANUCO
2007-03-19,3.4548069703135837,4.429870583429004,3.868215128326593,5.20485124341535,random_forest,HUANUCO
2007-03-26,3.4548069703135837,4.545776848669745,3.870258441427243,5.655549079884834,random_forest,HUANUCO
2007-04-02,3.673465639320773,4.697730870268169,3.8757767848922793,5.789744407368404,random_forest,HUANUCO
2007-04-09,4.416905113945216,4.686288063285489,3.8757767848922793,5.69841832782845,random_forest,HUANUCO
2007-04-16,5.116612854768221,4.46885358527094,3.6005794163183764,5.347968059347597,random_forest,HUANUCO
2007-04-23,6.253637933605604,5.568850240529728,4.528445403483283,6.422198046915699,random_forest,HUANUCO
2007-04-30,6.647223537818544,6.720810828168215,5.649125438645206,8.195099549409356,random_forest,HUANUCO
2007-05-07,8.30902942227318,7.581899487402713,6.20978566240675,8.372914518541515,random_forest,HUANUCO
2007-05-14,8.52768809128037,9.082239823857835,7.183609438891866,10.500233420407096,random_forest,HUANUCO
2007-05-21,9.271127565904813,8.729795973597225,6.873651193256625,10.58145271197382,random_forest,HUANUCO
2007-05-28,8.177834220868869,9.944006727478532,8.003724783359987,12.183320161479521,random_forest,HUANUCO
2007-06-04,8.440224623677494,8.486730451373996,7.117964419385205,10.287908919295107,random_forest,HUANUCO
2007-06-11,8.92127369549331,8.418559101882854,6.890174402793401,9.73731019626829,random_forest,HUANUCO
2007-06-18,9.31485929970625,8.498674910497853,7.437268328092371,9.970267978070144,random_forest,HUANUCO
2007-06-25,8.833810227890433,8.839580581612717,7.647729379399764,11.44425550816293,random_forest,HUANUCO
2007-07-02,7.5218582138473,8.426234769459109,7.546755486823961,9.594927751851698,random_forest,HUANUCO
2007-07-09,7.303199544840112,7.921694517850874,6.858461607739701,8.953252038422178,random_forest,HUANUCO
2007-07-16,7.128272609634361,7.704448195890581,6.79107530448321,8.644469786270397,random_forest,HUANUCO
2007-07-23,6.690955271619981,7.520822098304595,6.546899547250237,8.52183795165407,random_forest,HUANUCO
2007-07-30,5.685125394186912,7.228957283039537,5.960633468765147,8.385844227616015,random_forest,HUANUCO
2007-08-06,6.078710998399853,5.584544456577989,4.640700660391806,6.424201837127038,random_forest,HUANUCO
2007-08-13,6.078710998399853,6.439262241266586,5.433857028590106,7.747650533573992,random_forest,HUANUCO
2007-08-20,7.040809142031485,6.377177433289742,5.340489597289733,7.282055505402194,random_forest,HUANUCO
2007-08-27,5.860052329392663,6.858288148391623,5.5866801980534495,8.206935557741316,random_forest,HUANUCO
2007-09-03,5.553930192782599,6.203235141329726,4.787045790562156,7.294391154374248,random_forest,HUANUCO
2007-09-10,4.023319509732275,5.284991147968479,4.566172256882969,6.512014355911767,random_forest,HUANUCO
2007-09-17,4.198246444938026,4.273056826205583,3.6058788001136857,4.9078123814594905,random_forest,HUANUCO
2007-09-24,4.723027250555281,4.489000241806034,3.71338254689987,5.556035935135199,random_forest,HUANUCO
2007-10-01,5.072881120966783,4.9802439903379305,4.198981694256488,6.136295187258311,random_forest,HUANUCO
2007-10-08,5.379003257576848,5.299382671308263,4.2868127865185945,6.452863489956045,random_forest,HUANUCO
2007-10-15,4.985417653363907,5.423455167917648,4.462430712193374,6.499334890952027,random_forest,HUANUCO
2007-10-22,5.116612854768221,5.438584854457415,4.560891054515338,6.444870325735802,random_forest,HUANUCO
2007-10-29,5.204076322371097,5.438841617163548,4.701594997039345,6.210633470823496,random_forest,HUANUCO
2007-11-05,5.772588861789788,5.527403902259253,4.698752464810254,6.288055780818434,random_forest,HUANUCO
2007-11-12,7.040809142031485,5.757151121328102,4.831497220171882,6.772232699932106,random_forest,HUANUCO
2007-11-19,6.428564868811354,6.91929231872601,5.883613697244894,8.286502413793785,random_forest,HUANUCO
2007-11-26,5.772588861789788,6.525726050526799,5.727362306737035,7.166160427241341,random_forest,HUANUCO
2007-12-03,4.766758984356718,6.228858542542804,5.250622589377675,7.134350391912524,random_forest,HUANUCO
2007-12-10,4.810490718158156,5.585000372665222,4.271925641619426,6.4790269315098055,random_forest,HUANUCO
2007-12-17,5.204076322371097,5.718686620527672,4.562991217104552,6.488347995654445,random_forest,HUANUCO
2007-12-24,4.32944164634234,5.485375092180813,4.788362293533357,6.430128322104321,random_forest,HUANUCO
2007-12-31,4.766758984356718,4.452027778277769,3.692549272406409,5.233752954467386,random_forest,HUANUCO
2008-01-07,4.111146147283977,5.024398447175794,4.182475541081873,5.788128631005036,random_forest,HUANUCO
2008-01-14,5.161291424507668,4.482160399915591,3.6777827893352955,5.257136610552708,random_forest,HUANUCO
2008-01-21,4.943151569713088,4.99007819042742,4.24161765666572,6.044834667575714,random_forest,HUANUCO
2008-01-28,5.380598611280618,5.04932092379618,4.35632830228814,6.167395474863853,random_forest,HUANUCO
2008-02-04,4.636938640615817,5.079049676022795,4.35632830228814,6.292936714673153,random_forest,HUANUCO
2008-02-11,4.549449232302312,4.66041948732186,3.874801529494966,5.342758744029719,random_forest,HUANUCO
2008-02-18,4.330725711518546,4.647623124367385,3.9322581792500295,5.225965860170265,random_forest,HUANUCO
2008-02-25,4.24323630320504,4.7515448056346665,3.8296756358296027,5.317651908122266,random_forest,HUANUCO
2008-03-03,3.6308104450104977,4.7339720439192075,3.665994801463027,5.519210457688945,random_forest,HUANUCO
2008-03-10,3.7182998533240035,4.131496712129918,3.52769319331598,5.098791747122546,random_forest,HUANUCO
2008-03-17,4.724428048929323,3.758479510929673,3.4548069703135837,4.814457243237009,random_forest,HUANUCO
2008-03-24,5.905535061161655,4.953827818959003,3.52769319331598,6.190793388264638,random_forest,HUANUCO
2008-03-31,6.474216215199443,6.101828587026471,5.1702522658498085,7.022652785913115,random_forest,HUANUCO
2008-04-07,6.386726806885938,6.568619831428674,5.46501767804633,7.557273223374277,random_forest,HUANUCO
2008-04-14,6.56170562351295,6.405080654395178,5.462259788623769,7.245811456292349,random_forest,HUANUCO
2008-04-21,7.217876185864244,6.525418064542745,5.5412556622157165,7.628159988622349,random_forest,HUANUCO
2008-04-28,8.486472606410082,7.367000766990246,5.991132090261039,9.37883969996026,random_forest,HUANUCO
2008-05-05,9.273877281231636,8.95174997573562,7.767301142003977,10.815821749000355,random_forest,HUANUCO
2008-05-12,9.930047843582933,9.994192711825972,8.15401294170352,12.098276543759809,random_forest,HUANUCO
2008-05-19,10.236260772680204,10.35040189543772,8.48662282963933,12.43719768133002,random_forest,HUANUCO
2008-05-26,10.32375018099371,9.782103614045464,8.365040528654701,11.619409902023378,random_forest,HUANUCO
2008-06-02,9.580090210328908,9.942592299885629,8.365040528654701,11.896984907221503,random_forest,HUANUCO
2008-06-09,8.180259677312813,9.309391000478183,7.6393260301823505,11.139892462880097,random_forest,HUANUCO
2008-06-16,7.480344410804764,7.897477145372531,7.013020593432511,8.905831380422661,random_forest,HUANUCO
2008-06-23,7.261620890020999,7.511668711025867,6.847946940762721,8.592593185046304,random_forest,HUANUCO
2008-06-30,7.261620890020999,7.464140190269288,6.744330060631543,8.60612168923608,random_forest,HUANUCO
2008-07-07,7.874046748215541,7.491731110875561,6.6654476788475945,8.761289254029439,random_forest,HUANUCO
2008-07-14,7.042897369237234,7.94961944809344,7.124590035887326,8.972828944712363,random_forest,HUANUCO
2008-07-21,5.905535061161654,6.631543572144279,5.676617073500976,7.922151854873391,random_forest,HUANUCO
2008-07-28,4.855662161399581,5.924302373418995,5.384905853812108,6.803586430358668,random_forest,HUANUCO
2008-08-04,4.9431515697130886,5.4908422266343795,4.574657252892074,6.420401805984836,random_forest,HUANUCO
2008-08-11,5.818045652848149,5.240316950163937,4.365104515585697,6.2796253797017,random_forest,HUANUCO
2008-08-18,6.474216215199443,6.199840605175312,4.946637199300101,7.143058414090754,random_forest,HUANUCO
2008-08-25,7.5678338191182695,6.310900913548628,5.394480590050273,7.103823979478925,random_forest,HUANUCO
2008-09-01,7.217876185864245,7.197159518423023,6.0456825813771635,8.354707405200557,random_forest,HUANUCO
2008-09-08,5.99302446947516,7.034794669378734,5.6723049353871575,8.349598696579458,random_forest,HUANUCO
2008-09-15,4.4619598239888045,5.942069205624831,5.004689117454144,7.112454136301198,random_forest,HUANUCO
2008-09-22,4.1994915990482875,4.534043396550419,3.976676695191915,5.490513027144445,random_forest,HUANUCO
2008-09-29,4.286981007361793,4.371966010236124,4.020686343686615,4.8719625763307555,random_forest,HUANUCO
2008-10-06,4.811917457242829,4.528309949700803,3.9100493508393104,5.1222710470846495,random_forest,HUANUCO
2008-10-13,4.943151569713088,5.316994618529347,4.822323667861707,6.148897024703994,random_forest,HUANUCO
2008-10-20,4.943151569713088,5.165230478589642,4.811176906428553,5.642269159369251,random_forest,HUANUCO
2008-10-27,4.811917457242829,5.147585938145328,4.701130145592569,5.732356986323669,random_forest,HUANUCO
2008-11-03,4.1994915990482875,5.443969235287716,4.7660800793011635,6.177535224256217,random_forest,HUANUCO
2008-11-10,4.330725711518546,4.67096822722204,3.983954839245621,5.326087811757102,random_forest,HUANUCO
2008-11-17,3.9370233741077687,4.77304130735418,3.869023273129683,5.174522579540401,random_forest,HUANUCO
2008-11-24,4.505704528145558,4.24868304246362,3.594962248125218,5.065923787540983,random_forest,HUANUCO
2008-12-01,3.8057892616375093,4.675888092987174,3.7064034228046325,5.546994696401162,random_forest,HUANUCO
2008-12-08,3.893278669951016,4.431457644805989,3.6094638904089713,5.106201730615817,random_forest,HUANUCO
2008-12-15,3.2808528117564735,4.584091338832921,3.628780695496949,5.106201730615817,random_forest,HUANUCO
2008-12-22,3.4995763325402387,3.9246322422059667,3.389356718156471,5.030324481786699,random_forest,HUANUCO
2008-12-29,4.855662161399581,4.116896327190666,3.4550769335291256,5.062184896500925,random_forest,HUANUCO
2009-01-05,4.855908744374845,5.255537745806032,4.219968592936681,6.16675338276853,random_forest,HUANUCO
2009-01-12,4.374963581625824,5.223730884701658,4.241960606859547,6.175082251929396,random_forest,HUANUCO
2009-01-19,2.6692186146930386,4.5132100991597035,3.542214610867199,5.134104971061078,random_forest,HUANUCO
2009-01-26,2.625460932484956,4.184452831746106,3.4548069703135837,5.094973100783273,random_forest,HUANUCO
2009-02-02,2.4504302036526253,4.360367565377931,3.472713418168714,5.111700596040799,random_forest,HUANUCO
2009-02-09,2.494187885860708,4.282537033506559,3.4627101817501926,5.098525831656271,random_forest,HUANUCO
2009-02-16,2.187884110404129,3.4948284508923915,2.479601991791347,4.9205204518487715,random_forest,HUANUCO
2009-02-23,2.0128533815717984,3.2359394997617197,2.479601991791347,4.746577862437786,random_forest,HUANUCO
2009-03-02,2.0128533815717984,3.2720423228430633,2.48306614163282,4.740859769259439,random_forest,HUANUCO
2009-03-09,2.7567339791092036,3.287983014438409,2.485326955213571,4.735265132828745,random_forest,HUANUCO
2009-03-16,3.238068483398113,2.5532927986751934,2.1003687459879634,3.5426163140581983,random_forest,HUANUCO
2009-03-23,3.4568568944385265,3.477448919053373,2.2753994748202944,4.887144456676275,random_forest,HUANUCO
2009-03-30,4.0257067631436,3.7559537803529506,2.458744163272161,4.952437747062952,random_forest,HUANUCO
2009-04-06,4.9446180895133365,4.197838106614599,2.5085914562542015,5.129651171942357,random_forest,HUANUCO
2009-04-13,6.694925377836642,5.590211449119365,4.385261405631868,6.336076059738529,random_forest,HUANUCO
2009-04-20,7.745109750830626,7.067851077505628,6.087618784326521,8.190753369644192,random_forest,HUANUCO
2009-04-27,9.014082534865024,8.82181312753196,6.95563264948958,10.413805875413368,random_forest,HUANUCO
2009-05-04,8.707778759408447,9.654234762121991,8.391605173911563,10.466808008592983,random_forest,HUANUCO
2009-05-11,9.101597899281188,9.193333525834504,8.122714745134102,10.332617967340472,random_forest,HUANUCO
2009-05-18,9.45165935694585,9.160862980082307,8.066352383955213,10.332617967340472,random_forest,HUANUCO
2009-05-25,9.757963132402429,8.831322634696958,7.677681597474455,10.303324697124967,random_forest,HUANUCO
2009-06-01,9.276628628113519,9.091170211688445,7.841667236073044,10.358042618175487,random_forest,HUANUCO
2009-06-08,7.7888674330387095,8.915218011459888,7.677681597474455,9.848338410580839,random_forest,HUANUCO
2009-06-15,6.957471471085139,8.543307953145998,7.297545936007747,9.956744670252862,random_forest,HUANUCO
2009-06-22,5.688498687050742,7.069027815878109,5.70021803935678,8.156519595822058,random_forest,HUANUCO
2009-06-29,5.732256369258824,5.835390355495031,4.7233661010878905,7.456566760046499,random_forest,HUANUCO
2009-07-06,4.4195259030163445,5.853450772946812,4.729937719575103,7.099142881874818,random_forest,HUANUCO
2009-07-13,4.4195259030163445,4.384942465605456,3.846254003346711,5.121553534708788,random_forest,HUANUCO
2009-07-20,3.6318876232708566,4.413596915171227,3.8763080834590053,5.215590749040189,random_forest,HUANUCO
2009-07-27,4.113222127559766,4.213189705048252,3.5215238889398313,4.868135559170614,random_forest,HUANUCO
2009-08-03,3.3693415300223606,4.558618474764286,3.688380401070727,5.067613631927884,random_forest,HUANUCO
2009-08-10,3.3693415300223606,3.830938595075786,3.3251696570087215,4.82349208124972,random_forest,HUANUCO
2009-08-17,2.975522390149616,4.0196942836653795,3.3851353221452762,4.924905920191756,random_forest,HUANUCO
2009-08-24,3.1943108011900296,3.6641287853423385,2.4205291208104356,4.962260578477061,random_forest,HUANUCO
2009-08-31,2.800491661317286,3.3428494820933987,2.8661281846294098,4.568135180161924,random_forest,HUANUCO
2009-09-07,3.4568568944385256,3.1363780297734847,2.397629267121539,3.586520985930506,random_forest,HUANUCO
2009-09-14,3.631887623270856,3.9668501771370446,3.0296725218821186,4.9338504233033795,random_forest,HUANUCO
2009-09-21,3.544372258854691,4.192948917571507,3.0329825573640528,4.95582137720109,random_forest,HUANUCO
2009-09-28,3.150553118981947,3.9166774019580823,3.0769747460686623,4.96952397321825,random_forest,HUANUCO
2009-10-05,3.0192800723576987,3.1513245701901593,2.3503345056016354,3.6402505698049774,random_forest,HUANUCO
2009-10-12,3.1943108011900296,3.1240554221958146,2.2222338909374737,3.601281748060887,random_forest,HUANUCO
2009-10-19,2.53794556806879,3.0755284231590942,2.222890256170595,3.6040189686347173,random_forest,HUANUCO
2009-10-26,2.6254609324849554,2.7915338683533815,2.17686655113388,3.457147201223447,random_forest,HUANUCO
2009-11-02,2.494187885860707,2.694978098876337,2.1003687459879634,3.4129278761953494,random_forest,HUANUCO
2009-11-09,2.888007025733451,2.690246417255012,2.0878665510713685,3.4129278761953494,random_forest,HUANUCO
2009-11-16,2.4066725214445417,2.7769633878889888,2.1003687459879634,3.4225442023388335,random_forest,HUANUCO
2009-11-23,2.4066725214445417,2.6020339127235492,2.161191924257199,2.881078726050505,random_forest,HUANUCO
2009-11-30,2.4504302036526244,2.509033436526025,2.0704676631457737,2.8338568940009488,random_forest,HUANUCO
2009-12-07,2.888007025733451,2.5062414533029154,2.0711969578492417,2.8338568940009488,random_forest,HUANUCO
2009-12-14,2.756733979109203,2.624329171519884,2.0822822373419556,3.407019765087768,random_forest,HUANUCO
2009-12-21,2.494187885860707,2.743176111663868,2.4139133760004037,3.3429111763481307,random_forest,HUANUCO
2009-12-28,1.4440035128667237,2.587681348901575,2.26281914118547,3.041259673769772,random_forest,HUANUCO
2010-01-04,2.0132299684434756,2.5736695097024307,2.056611063779881,2.975758518902559,random_forest,HUANUCO
2010-01-11,2.494928073849867,2.5381499255280824,2.056611063779881,2.862092753936887,random_forest,HUANUCO
2010-01-18,3.3703414330954353,2.416515065600003,1.8233622876273323,2.8225892908323673,random_forest,HUANUCO
2010-01-25,2.8450934175480946,3.2401234159338124,2.158675384849419,4.527259263664895,random_forest,HUANUCO
2010-02-01,2.2760747340384744,2.691183762543073,1.86827698305712,3.4777297565097087,random_forest,HUANUCO
2010-02-08,2.1009920621893605,2.4031605562218163,1.8233622876273323,2.800491661317286,random_forest,HUANUCO
2010-02-15,2.319845402000753,2.34996576183872,2.013041675007637,2.9256326732544795,random_forest,HUANUCO
2010-02-22,2.100992062189361,2.388744313168862,2.013041675007637,3.1079463113697177,random_forest,HUANUCO
2010-03-01,2.3636160699630318,2.1507733738747774,1.728428447219261,2.993928535761236,random_forest,HUANUCO
2010-03-08,2.713781413661259,2.2595452176051745,1.656137109737991,3.1262279335900978,random_forest,HUANUCO
2010-03-15,3.5016534369822714,2.7885921719426108,2.0293676930585023,3.3839274240917216,random_forest,HUANUCO
2010-03-22,3.545424104944549,3.64664442313095,2.482909856022123,4.855225605329162,random_forest,HUANUCO
2010-03-29,3.6329654408691057,3.6374388046973793,2.4936633964200574,4.856964855123296,random_forest,HUANUCO
2010-04-05,3.939360116605055,3.6780323682398604,2.8003271207507505,4.920934725239613,random_forest,HUANUCO
2010-04-12,4.858544143812902,4.349036770772339,3.1487575401159864,5.0765633850826015,random_forest,HUANUCO
2010-04-19,5.558874831209358,6.027462103493244,4.66737876577745,6.584764067761252,random_forest,HUANUCO
2010-04-26,5.865269506945307,6.101223704626472,4.672717197851117,6.621355656957576,random_forest,HUANUCO
2010-05-03,7.397242885625052,5.972449754477756,4.554187446935906,7.037765708516378,random_forest,HUANUCO
2010-05-10,8.185114908946064,8.050141766529686,6.855675989699109,9.97191688950152,random_forest,HUANUCO
2010-05-17,8.929216264304797,9.014129128879771,8.091144957892876,10.1818879539973,random_forest,HUANUCO
2010-05-24,9.323152275965304,9.152909817117196,8.493282687766259,10.084513366073864,random_forest,HUANUCO
2010-05-31,8.929216264304797,9.272148388391493,8.326454831409933,10.279981779143295,random_forest,HUANUCO
2010-06-07,9.191840272078467,9.068448174242427,7.711493773772502,10.146576506307857,random_forest,HUANUCO
2010-06-14,8.797904260417962,8.29045280172083,7.289245743786887,9.89759219583594,random_forest,HUANUCO
2010-06-21,9.366922943927582,8.109409252871695,7.247861895639439,9.865779347572216,random_forest,HUANUCO
2010-06-28,9.14806960411619,8.175650262741557,7.249460635674118,9.708059453181198,random_forest,HUANUCO
2010-07-05,8.403968248757456,8.271404073961998,7.42112868767012,9.364521959091341,random_forest,HUANUCO
2010-07-12,6.915765538039989,8.22299075840155,7.282040781151001,9.367875348624532,random_forest,HUANUCO
2010-07-19,6.565600194341761,5.95732682542879,5.162732785774443,7.325171554973269,random_forest,HUANUCO
2010-07-26,5.427562827322522,6.1959042699926705,5.145193365563621,7.394516618834599,random_forest,HUANUCO
2010-08-02,5.9090401749075845,5.355642076088826,4.476397134839323,6.285273814933265,random_forest,HUANUCO
2010-08-09,5.252480155473408,5.744834832285735,4.438688945573203,6.920149805267286,random_forest,HUANUCO
2010-08-16,4.5083788001146745,5.405546087049475,4.351681854245835,6.34663913278315,random_forest,HUANUCO
2010-08-23,3.1077174253217645,4.266004123413927,3.5434971052105295,5.3466387912385835,random_forest,HUANUCO
2010-08-30,2.5386987418121447,3.2148606136533417,2.7418045395386765,3.514441508567669,random_forest,HUANUCO
2010-09-06,2.4511574058875882,3.119429610386787,2.516066726964749,3.4795592334168624,random_forest,HUANUCO
2010-09-13,2.8888640855103724,3.0157720990290118,2.291766407333979,3.4936238033046503,random_forest,HUANUCO
2010-09-20,2.6262400777367017,3.1833087423565036,2.6504028113435623,3.5006145920523406,random_forest,HUANUCO
2010-09-27,2.6262400777367017,2.6605283367799073,2.0968743645733308,3.37878206185206,random_forest,HUANUCO
2010-10-04,2.9764054214349294,2.711457721645325,2.00744020955194,3.431017829247941,random_forest,HUANUCO
2010-10-11,3.2828000971708775,2.811740132978059,2.423324247899639,3.4322535279324815,random_forest,HUANUCO
2010-10-18,3.457882769019992,3.0530107284834465,2.4443401526325963,3.6459543653906668,random_forest,HUANUCO
2010-10-25,2.9326347534726502,3.4904196044434435,3.030419960490117,4.069754787588339,random_forest,HUANUCO
2010-11-01,3.2390294292085997,2.7926574894123393,2.318524966749453,3.4714386653329186,random_forest,HUANUCO
2010-11-08,3.414112101057713,3.1553592812223665,2.441495957567389,4.264563900360177,random_forest,HUANUCO
2010-11-15,3.370341433095435,3.4764527038046062,2.5468186536276516,4.330725711518546,random_forest,HUANUCO
2010-11-22,3.1952587612463215,3.207437747516929,2.53794556806879,3.5796741912764274,random_forest,HUANUCO
2010-11-29,3.50165343698227,2.8714441033562137,2.3359133755189023,3.4356725747547223,random_forest,HUANUCO
2010-12-06,3.895589448642776,3.573702930685852,2.873490316717114,4.708443126070365,random_forest,HUANUCO
2010-12-13,3.589194772906827,3.8204614083387263,2.9398137360537255,5.007983919451648,random_forest,HUANUCO
2010-12-20,3.457882769019992,3.62417992930638,2.913672972184367,4.375625805021179,random_forest,HUANUCO
2010-12-27,3.7205067767936626,3.5610897463693534,2.9732787650391037,4.375625805021179,random_forest,HUANUCO
2011-01-03,3.6332123166836197,4.207342454129226,3.19451177713972,5.02038962958584,random_forest,HUANUCO
2011-01-10,3.458454481432551,4.015754009062157,2.9098858668374925,4.979212830510349,random_forest,HUANUCO
2011-01-17,3.1086399612602116,3.63366158851706,2.9098858668374925,4.482095468502495,random_forest,HUANUCO
2011-01-24,3.152423622686412,2.8640638130412572,2.1502137537513364,3.550992045344735,random_forest,HUANUCO
2011-01-31,2.8897216541292106,2.8635870872350253,2.165459248912599,3.503034305503273,random_forest,HUANUCO
2011-02-07,2.495668701293408,2.6529620590709206,2.1007512197348763,3.423705258682375,random_forest,HUANUCO
2011-02-14,2.80215433127681,2.5476642713816102,2.135459241314552,3.1978003312995398,random_forest,HUANUCO
2011-02-21,3.021072638407811,2.6775934932376244,2.144123861826862,3.4099378718377893,random_forest,HUANUCO
2011-02-28,2.9772889769816113,2.9082839602310813,2.208848305616257,3.484605103951111,random_forest,HUANUCO
2011-03-07,2.7145870084244095,2.984108884562715,2.2308770394258723,3.5059258739558055,random_forest,HUANUCO
2011-03-14,2.5832360241458088,2.847159152361605,2.39469630692936,3.4184727193277253,random_forest,HUANUCO
2011-03-21,2.93350531555541,2.7640444692643498,2.307889553859795,3.369840399412715,random_forest,HUANUCO
2011-03-28,3.021072638407811,2.957313043281949,2.4945374886580876,3.4842014825642944,random_forest,HUANUCO
2011-04-04,3.6778275598008143,2.9370825259976354,2.515708250649685,3.519690322446951,random_forest,HUANUCO
2011-04-11,4.115664174062817,4.009325620392313,3.456935926839902,4.842734619543167,random_forest,HUANUCO
2011-04-18,4.72863543402962,4.505899431013318,3.237785453728699,5.160818006538663,random_forest,HUANUCO
2011-04-25,4.991337402586821,5.572928153691647,3.632187269548924,6.6719727058015685,random_forest,HUANUCO
2011-05-02,5.035121064013022,5.791234569769188,4.5027337500666045,6.799537381179339,random_forest,HUANUCO
2011-05-09,5.998361615389427,5.374632178393449,4.727912752465452,6.498579874603743,random_forest,HUANUCO
2011-05-16,7.005385828192032,6.5344596320640385,4.948530716047595,7.857400927286447,random_forest,HUANUCO
2011-05-23,7.443222442454034,7.5099824583986825,5.973854957095597,8.563012435940124,random_forest,HUANUCO
2011-05-30,7.049169489618232,8.189063478474594,7.121326300766903,8.97164939958491,random_forest,HUANUCO
2011-06-06,6.698900198208631,7.083044684930813,5.602440136156561,8.463348615043788,random_forest,HUANUCO
2011-06-13,7.268087796749234,6.72450198560561,5.530896697309374,8.272439065794135,random_forest,HUANUCO
2011-06-20,6.786467521061031,7.447451495352944,6.664095673127646,8.451456916185547,random_forest,HUANUCO
2011-06-27,6.3048472453728275,6.668469511363288,5.5295603168435665,8.04862767682602,random_forest,HUANUCO
2011-07-04,5.604308662553625,6.448258319468555,5.40753885993261,7.4009541800707535,random_forest,HUANUCO
2011-07-11,5.516741339701224,5.427464062187832,4.483834592787928,6.470547446952422,random_forest,HUANUCO
2011-07-18,5.166472048291623,5.278151878930211,4.374483774679343,6.721438817085361,random_forest,HUANUCO
2011-07-25,5.341606693996423,5.189704457545926,4.433342304237431,6.085001135842381,random_forest,HUANUCO
2011-08-01,5.472957678275023,5.475141755575465,4.493655833933073,6.609600989215586,random_forest,HUANUCO
2011-08-08,5.516741339701224,5.439391477910748,4.406839971014005,6.460298710105444,random_forest,HUANUCO
2011-08-15,4.4659334654724185,5.318939302599324,4.320237908755726,6.3108549623281665,random_forest,HUANUCO
2011-08-22,3.7216112212270147,3.801016375269113,2.9615511551121894,4.784974614413556,random_forest,HUANUCO
2011-08-29,2.7145870084244095,3.7581025703802418,2.997573644074554,4.491433096019239,random_forest,HUANUCO
2011-09-05,2.8897216541292106,2.7584957084727013,2.4067179096104954,3.4400280249503052,random_forest,HUANUCO
2011-09-12,3.1086399612602116,2.828096675663965,2.4005003689444218,3.4876761375404324,random_forest,HUANUCO
2011-09-19,3.4589092526698137,2.9941124987434766,2.5237434499342046,3.544397905719228,random_forest,HUANUCO
2011-09-26,3.4151255912436134,3.3829926624699183,2.873565466102448,3.896711740523978,random_forest,HUANUCO
2011-10-03,3.5464765755222136,3.3289408923940678,2.953721174838825,3.6228243191696596,random_forest,HUANUCO
2011-10-10,3.634043898374614,3.50065435882785,2.96336454001306,4.184203151649324,random_forest,HUANUCO
2011-10-17,3.5464765755222136,3.5673397113057845,3.0048395895856452,4.308934292174342,random_forest,HUANUCO
2011-10-24,3.5026929140960132,3.506302286580222,3.0415615913425627,3.781132140045044,random_forest,HUANUCO
2011-10-31,3.8091785440794155,3.5517848693892824,3.095611332444934,3.8713264428878946,random_forest,HUANUCO
2011-11-07,4.0280968512104165,3.6996443403759582,3.174878360304985,4.6368994138616975,random_forest,HUANUCO
2011-11-14,3.984313189784217,3.9986052322247443,3.2161425618941584,5.020212583733001,random_forest,HUANUCO
2011-11-21,3.6778275598008148,3.919117334546411,3.2365336969982956,4.92289332877449,random_forest,HUANUCO
2011-11-28,3.5464765755222136,3.777699203053341,3.295988960058725,4.593690881992101,random_forest,HUANUCO
2011-12-05,3.064856299834011,3.6703701444738046,3.2457834185614205,4.484806052500265,random_forest,HUANUCO
2011-12-12,3.152423622686412,3.0438967859834345,2.498843772701822,3.5679772659138727,random_forest,HUANUCO
2011-12-19,2.75837066985061,3.028418248348699,2.521481740137999,3.502808119329306,random_forest,HUANUCO
2011-12-26,3.3713419298174134,2.7159765465358223,1.9690956993637154,3.283027925333153,random_forest,HUANUCO
2012-01-02,3.765878055478996,3.3736398042004585,2.8164260056022994,4.448178879827594,random_forest,HUANUCO
2012-01-09,5.0800016583409935,3.788682081548856,3.1495054057876355,4.755175702792527,random_forest,HUANUCO
2012-01-16,4.248281854668463,5.108230697368363,4.308758327920548,6.474249480797964,random_forest,HUANUCO
2012-01-23,3.7665179330050282,3.794451425931123,2.8218054256050573,5.120184958904551,random_forest,HUANUCO
2012-01-30,2.8905835299806024,3.7974581321439307,2.8530258440509364,5.053603899962805,random_forest,HUANUCO
2012-02-06,2.9343802501318232,2.7677944399577354,2.4070224875201185,3.2100170701388633,random_forest,HUANUCO
2012-02-13,2.6715999292244956,2.9404853136994986,2.5229395432550317,3.2838847820014356,random_forest,HUANUCO
2012-02-20,2.408819608317167,2.844909256734379,2.432702866630262,3.392733819241558,random_forest,HUANUCO
2012-02-27,3.2409572911903726,2.41490996152252,2.030695772212167,2.892394584642075,random_forest,HUANUCO
2012-03-05,3.459940891946479,3.3300200924724646,2.7690003675589385,4.180830105210588,random_forest,HUANUCO
2012-03-12,4.029298253912356,3.4791176746039705,2.86306610868992,4.033465410471526,random_forest,HUANUCO
2012-03-19,4.204485134517242,4.01236049412333,3.0185738273679292,5.012061377411226,random_forest,HUANUCO
2012-03-26,4.423468735273349,4.025451768513228,3.3834567253047276,5.048001463544669,random_forest,HUANUCO
2012-04-02,4.554858895727013,4.070971617858822,3.0767226221819004,5.104993687653012,random_forest,HUANUCO
2012-04-09,4.861435936785561,4.171898364557103,3.430054560438295,5.05443941810431,random_forest,HUANUCO
2012-04-16,6.043947380868537,5.4353101567210755,4.272851302972116,6.360856096547521,random_forest,HUANUCO
2012-04-23,6.700898183136856,6.797582447662939,5.758178386544761,7.921079990258415,random_forest,HUANUCO
2012-04-30,6.963678504044185,7.28453113853755,6.2336185651699285,8.336491265974244,random_forest,HUANUCO
2012-05-07,6.8760850637417406,7.149565151622824,5.774349370771526,8.175174036205137,random_forest,HUANUCO
2012-05-14,7.357848985405177,7.069735037859112,5.64226060640905,8.360150984059365,random_forest,HUANUCO
2012-05-21,7.708222746614946,7.488966501461953,6.716143288986509,8.701779543429435,random_forest,HUANUCO
2012-05-28,7.48923914585884,7.795724061999443,6.729161853738195,9.253976598689999,random_forest,HUANUCO
2012-06-04,8.321376828732046,7.366165098154652,6.756482478031556,8.098761752956207,random_forest,HUANUCO
2012-06-11,8.8469374705467,8.218510450869521,6.895771773538506,9.692607168335348,random_forest,HUANUCO
2012-06-18,8.80314075039548,8.962939091326511,7.733834299069815,9.813395299164924,random_forest,HUANUCO
2012-06-25,8.14618994812716,8.90573343028905,7.697552332466754,9.813395299164924,random_forest,HUANUCO
2012-07-02,7.489239145858839,7.618289489725424,6.627446920791285,8.998571230797781,random_forest,HUANUCO
2012-07-09,7.226458824951512,7.258434761863984,6.454395003757575,7.971337335973862,random_forest,HUANUCO
2012-07-16,6.350524421927086,6.799539366612597,5.639115939479698,7.859854433188561,random_forest,HUANUCO
2012-07-23,5.386996578600216,5.881050095803943,4.979712950511672,6.805913175533682,random_forest,HUANUCO
2012-07-30,5.16801297784411,5.357589942329403,4.457331811721929,5.993875586653719,random_forest,HUANUCO
2012-08-06,5.080419537541668,5.324825621612412,4.49612024985152,6.048018311081509,random_forest,HUANUCO
2012-08-13,4.9928260972392255,5.012211059916893,4.332543925106456,5.787741125475908,random_forest,HUANUCO
2012-08-20,3.8103146531562504,5.088117714208928,4.332712532260353,5.879563991990387,random_forest,HUANUCO
2012-08-27,2.452616328468389,3.3843386035724,2.80196770601584,4.276591640124564,random_forest,HUANUCO
2012-09-03,2.2774294478635038,2.7202168288615707,2.362051177888996,3.110322756361237,random_forest,HUANUCO
2012-09-10,2.452616328468389,2.5053429483068115,2.0129938170926946,3.0357629964606856,random_forest,HUANUCO
2012-09-17,2.8029900896781594,2.785959166491824,2.406659509676178,3.15793515920179,random_forest,HUANUCO
2012-09-24,2.5402097687708314,2.920392270992929,2.5459941900019833,3.4316814378586438,random_forest,HUANUCO
2012-10-01,3.0657704105854875,2.7149605526678475,1.9294145872792705,3.251768905322912,random_forest,HUANUCO
2012-10-08,2.9343802501318237,3.086910641778649,2.5816955558452537,3.502396811052939,random_forest,HUANUCO
2012-10-15,2.6278032090732744,2.947293924996589,2.4892717616626396,3.4584145595059996,random_forest,HUANUCO
2012-10-22,2.5402097687708314,2.7616730067771185,2.417865109503114,3.274681863505162,random_forest,HUANUCO
2012-10-29,2.5402097687708314,2.803183507952149,2.475396671923313,3.2402139294305434,random_forest,HUANUCO
2012-11-05,2.584006488922053,2.727788222812162,2.3087860798431885,3.1384006192531193,random_forest,HUANUCO
2012-11-12,2.584006488922053,2.647161774572296,2.1111407041787547,3.06447836661105,random_forest,HUANUCO
2012-11-19,2.9343802501318237,2.6276375527786993,2.2511901586508625,3.3194174816159934,random_forest,HUANUCO
2012-11-26,3.5037376120977,2.730910807474318,2.341373627741508,3.414112101057714,random_forest,HUANUCO
2012-12-03,2.8905835299806024,3.579086831874744,2.986875088043008,4.006575816221534,random_forest,HUANUCO
2012-12-10,2.8905835299806015,2.8932010507163155,2.363604162510816,3.371482909675117,random_forest,HUANUCO
2012-12-17,3.240957291190373,3.0204774809779478,2.437229086823255,3.502695524539986,random_forest,HUANUCO
2012-12-24,3.8979080934586925,3.4016572716262288,2.8745439253565572,3.787650646342459,random_forest,HUANUCO
2012-12-31,3.503737612097701,4.293521058643187,3.1498055289013975,5.067967277870677,random_forest,HUANUCO
2013-01-07,3.460396204782637,3.874622892879792,2.98376128877559,4.954118416831392,random_forest,HUANUCO
2013-01-14,3.6797830826221976,3.5650725786854545,2.9550161010176086,4.578859347413772,random_forest,HUANUCO
2013-01-21,4.030495076224542,3.678421122672383,2.9325499918670284,4.75888559639781,random_forest,HUANUCO
2013-01-28,3.2419199526153926,3.8056426066930262,2.948069935141217,4.770970755507,random_forest,HUANUCO
2013-02-04,2.497154558095639,3.299283384945738,2.867601884705115,3.7661662130530553,random_forest,HUANUCO
2013-02-11,2.190486454469858,2.6474889714632996,2.2536323603475092,3.186431766310186,random_forest,HUANUCO
2013-02-18,2.102866996291064,2.2669069080756143,2.030481117695311,2.797687228181548,random_forest,HUANUCO
2013-02-25,2.0590572672016663,2.309670448353783,2.0130793336948045,2.985172186092175,random_forest,HUANUCO
2013-03-04,2.102866996291064,2.3887961409571132,2.0129773414170584,2.808260695976645,random_forest,HUANUCO
2013-03-11,2.6285837453638305,2.402692538681843,2.012946586822538,2.947355155376972,random_forest,HUANUCO
2013-03-18,4.468592367118515,2.916242845093774,2.1125108128817076,3.4031694340671446,random_forest,HUANUCO
2013-03-25,4.906689658012488,4.317952689332629,3.5669093304908372,5.024007786701553,random_forest,HUANUCO
2013-04-01,5.388596677995859,5.670187865036792,4.362276795278102,6.584570796518043,random_forest,HUANUCO
2013-04-08,4.775260470744296,5.559554081614811,4.549835222000146,6.529559041774959,random_forest,HUANUCO
2013-04-15,6.571459363409584,5.085385155037002,4.187582822118299,6.127646172492304,random_forest,HUANUCO
2013-04-22,7.622892861555118,7.293628224917497,6.500348811683495,8.163980220618523,random_forest,HUANUCO
2013-04-29,7.929560965180898,8.037102212184902,6.916725466557636,8.929895476965356,random_forest,HUANUCO
2013-05-06,6.834317737945967,8.191932211477578,7.008670980124164,8.973191505121537,random_forest,HUANUCO
2013-05-13,6.264791259783803,7.148938153775507,5.880165400378239,8.461956665874245,random_forest,HUANUCO
2013-05-20,6.96574692521416,6.696194110254518,5.208173720439417,8.200475468137478,random_forest,HUANUCO
2013-05-27,6.352410717962599,7.099779579907706,5.663688772940079,8.374644824414535,random_forest,HUANUCO
2013-06-03,6.264791259783803,6.771356813937674,5.483976701566091,7.487395188660284,random_forest,HUANUCO
2013-06-10,4.600021554386708,6.522833153729237,5.359393547932104,7.607683152583852,random_forest,HUANUCO
2013-06-17,4.600021554386708,4.806909415156659,3.675871424629914,5.859157890650181,random_forest,HUANUCO
2013-06-24,3.8114464307775577,4.808923286947951,3.692480728476924,5.893585568007289,random_forest,HUANUCO
2013-07-01,3.899065888956352,3.776705711928451,2.5832809332561544,4.7486216819601275,random_forest,HUANUCO
2013-07-08,3.8114464307775577,3.820427318348807,2.7445365026898387,4.829354989332369,random_forest,HUANUCO
2013-07-15,4.074304805313941,3.829074159206921,2.9658456220116176,4.816548112438028,random_forest,HUANUCO
2013-07-22,3.4171588689729817,4.019724054137177,3.211147924802256,4.836403881198082,random_forest,HUANUCO
2013-07-29,3.022871307168407,3.582693138167564,2.852617378623528,4.399669805165783,random_forest,HUANUCO
2013-08-05,2.4971545580956396,3.10006122479673,2.6375541634636175,3.452441453427491,random_forest,HUANUCO
2013-08-12,2.7600129326320233,2.5458573968118476,1.7286167406550996,3.2471501161816656,random_forest,HUANUCO
2013-08-19,2.847632390810818,2.934631832771103,2.505623585895004,3.4464378928846084,random_forest,HUANUCO
2013-08-26,2.5409642871850373,2.9205617116681744,2.5585976030048165,3.3484757339639124,random_forest,HUANUCO
2013-09-02,2.4533448290062423,2.7492119002120514,2.3630008190126226,3.202043379249947,random_forest,HUANUCO
2013-09-09,2.190486454469859,2.745800861736559,2.3106869137850103,3.2050244769655034,random_forest,HUANUCO
2013-09-16,2.3219156417380513,2.4166363293180257,2.0131013012623193,2.947904932505541,random_forest,HUANUCO
2013-09-23,2.847632390810818,2.4194166536544506,2.06639382316401,2.8714005793750514,random_forest,HUANUCO
2013-09-30,2.6285837453638314,2.98827336485353,2.4926225155699875,3.8031753464122704,random_forest,HUANUCO
2013-10-07,2.8038226617214206,2.8122502152088464,2.370878267935254,3.34355024092209,random_forest,HUANUCO
2013-10-14,2.190486454469859,2.7316294540923707,2.418941287417396,3.1854936522533617,random_forest,HUANUCO
2013-10-21,2.321915641738051,2.307112984929723,2.0357612284093514,2.84644328950861,random_forest,HUANUCO
2013-10-28,2.102866996291065,2.6079391811264143,2.079006567110546,3.2699876687973046,random_forest,HUANUCO
2013-11-04,2.4971545580956396,2.3564002862503903,2.057012161262603,2.8565808358830957,random_forest,HUANUCO
2013-11-11,2.6723934744532287,2.801127055443198,2.190486454469859,3.6958171702862757,random_forest,HUANUCO
2013-11-18,2.935251848989612,2.933075016126357,2.306119836477154,3.6804225726892605,random_forest,HUANUCO
2013-11-25,2.891442119900215,3.1148493385670677,2.3924518361823197,3.6087718805452456,random_forest,HUANUCO
2013-12-02,2.891442119900215,3.075255735360367,2.4189418267829335,3.5325747982319013,random_forest,HUANUCO
2013-12-09,2.409535099916845,3.1457916851165924,2.491493068875178,3.521847736683649,random_forest,HUANUCO
2013-12-16,2.365725370827448,2.472281697557718,1.6716940950974244,3.0645220998713483,random_forest,HUANUCO
2013-12-23,2.3219156417380504,2.416319606128728,1.6712906240429617,3.1791498350264984,random_forest,HUANUCO
2013-12-30,3.0666810362578047,2.3004116655376596,1.6712906240429617,3.0468199975980665,random_forest,HUANUCO
2014-01-06,3.2860811317559366,2.9922386745575165,2.4863790412486217,3.562285981365052,random_forest,HUANUCO
2014-01-13,3.1548471945161594,3.291095707347657,2.642530616525013,3.888630797917053,random_forest,HUANUCO
2014-01-20,2.1911372878979063,3.022156586447816,2.5523165280318953,3.4671515851530406,random_forest,HUANUCO
2014-01-27,1.8843780675921993,2.2479143219219866,2.0405330220432973,2.786894698891235,random_forest,HUANUCO
2014-02-03,2.10349179638199,2.2447883813479126,2.046234995513717,2.695369364326349,random_forest,HUANUCO
2014-02-10,2.2787827794138233,2.251636508584213,2.0308971317999087,2.682053811249159,random_forest,HUANUCO
2014-02-17,1.8405553218342412,2.3566944915494656,2.046176043103811,2.7844497063145908,random_forest,HUANUCO
2014-02-24,1.7529098303183244,2.326105542165551,2.0357712324450787,2.6701637721569487,random_forest,HUANUCO
2014-03-03,1.796732576076283,2.3787946125091395,2.0582392637170055,2.7141651851426056,random_forest,HUANUCO
2014-03-10,2.10349179638199,2.1545000062261797,1.7182743145588883,2.689656744093415,random_forest,HUANUCO
2014-03-17,1.709087084560366,2.3872545762333415,1.7642432548228137,3.8004601642420477,random_forest,HUANUCO
2014-03-24,1.9720235591081154,2.248354571550052,1.633745664725641,3.8004601642420477,random_forest,HUANUCO
2014-03-31,1.9720235591081154,2.3382372784770014,1.633745664725641,3.8004601642420477,random_forest,HUANUCO
2014-04-07,2.234960033655865,1.9757630786279579,1.6337104911421403,2.5617559096068487,random_forest,HUANUCO
2014-04-14,2.1911372878979063,1.8888652452144576,1.610792860306363,2.494619562201845,random_forest,HUANUCO
2014-04-21,2.322605525171781,1.989647927340158,1.610792860306363,2.6502381527227605,random_forest,HUANUCO
2014-04-28,2.7608329827513636,2.440356712887903,1.610792860306363,3.4902542604705498,random_forest,HUANUCO
2014-05-05,3.5934651521525693,3.051212786954612,2.2985794879572,3.985122902050393,random_forest,HUANUCO
2014-05-12,4.426097321553775,3.623475168481234,2.816667899981486,4.555248367282768,random_forest,HUANUCO
2014-05-19,4.645211050343566,4.1144074650449385,3.095675623063618,4.911927537103552,random_forest,HUANUCO
2014-05-26,4.338451830037859,4.3319359795200505,3.1514588326114783,5.44711839915776,random_forest,HUANUCO
2014-06-02,3.900224372458277,4.187524029364314,3.4065080177615386,4.774044819478624,random_forest,HUANUCO
2014-06-09,3.944047118216235,3.880818662415394,3.043180389367693,4.859303239468225,random_forest,HUANUCO
2014-06-16,4.6890337961015245,3.8690342341072936,3.2608005199782597,4.707367546845444,random_forest,HUANUCO
2014-06-23,5.696956948534563,5.046897386145251,3.5763034732876346,7.0114221352098065,random_forest,HUANUCO
2014-06-30,6.0037161688402705,5.649118150942161,4.421419114008568,6.9934301402832055,random_forest,HUANUCO
2014-07-07,5.083438507923148,6.224766361851522,4.509773728701527,7.3805053618353,random_forest,HUANUCO
2014-07-14,3.7249333894264436,5.637137055720873,4.354240699455761,6.992201865895074,random_forest,HUANUCO
2014-07-21,2.936123965783196,3.5388721280798277,2.620291956054706,4.306285667355101,random_forest,HUANUCO
2014-07-28,2.6293647454774884,2.789365855132537,2.430965009669701,3.20308173832802,random_forest,HUANUCO
2014-08-04,2.8484784742672797,2.676373624029038,2.3116884323164166,3.034272260590696,random_forest,HUANUCO
2014-08-11,2.58554199971953,2.7490786477138225,2.355232957512768,3.235088788050477,random_forest,HUANUCO
2014-08-18,2.1911372878979063,2.639497715517569,2.364535529634451,2.967837599678635,random_forest,HUANUCO
2014-08-25,1.9282008133501574,2.3184651321553416,2.0408749536410586,2.5406000369161097,random_forest,HUANUCO
2014-09-01,2.10349179638199,2.33307498268765,2.0405617754682344,2.649085950352115,random_forest,HUANUCO
2014-09-08,2.2787827794138233,2.3652313035054044,2.102097230196452,2.6356453110235054,random_forest,HUANUCO
2014-09-15,1.6652643388024078,2.350688303385783,1.8230262235310577,2.753543641856795,random_forest,HUANUCO
2014-09-22,1.6214415930444492,2.0414869095189054,1.7086273861313275,2.4439378246789847,random_forest,HUANUCO
2014-09-29,1.4461506100126167,2.0516573372907048,1.709087084560366,2.4749036557954605,random_forest,HUANUCO
2014-10-06,1.9720235591081152,2.148365781066078,1.7523620459963498,2.4849067585659403,random_forest,HUANUCO
2014-10-13,1.665264338802408,1.9943830416691886,1.709087084560366,2.4390699005033603,random_forest,HUANUCO
2014-10-20,2.059669050624032,1.8145524578745829,1.5557074744075123,2.3446370964413945,random_forest,HUANUCO
2014-10-27,1.5776188472864916,1.856081379204638,1.5446422311036276,2.380624361432356,random_forest,HUANUCO
2014-11-03,1.6214415930444497,1.8441372275277201,1.5551596900855378,2.393247584904495,random_forest,HUANUCO
2014-11-10,1.3146823727387422,1.7924388386939958,1.5337961015285329,2.2150068866673194,random_forest,HUANUCO
2014-11-17,1.489973355770575,1.6571841183289722,1.3845796522226856,2.0866829476329456,random_forest,HUANUCO
2014-11-24,1.6652643388024078,1.6853572457786623,1.393453758238672,2.150601248071796,random_forest,HUANUCO
2014-12-01,1.8843780675921986,1.6929882572772164,1.4022920793022269,2.086172656654716,random_forest,HUANUCO
2014-12-08,1.9720235591081152,1.7022698622284793,1.4127357663721736,2.137198182408154,random_forest,HUANUCO
2014-12-15,2.147314542139948,1.8774931410799047,1.498299677464587,2.155658869398775,random_forest,HUANUCO
2014-12-22,2.0158463048660735,1.8883849375963992,1.4395079208329298,2.341513966692741,random_forest,HUANUCO
2014-12-29,2.804655728509321,2.000042033503342,1.6172419132426452,2.5617559096068487,random_forest,HUANUCO
2015-01-05,2.629560111565066,3.2916003107796645,2.4759581313419,4.031028759635542,random_forest,HUANUCO
2015-01-12,2.3667278322640253,2.8798413582523614,2.343647965363788,3.4254244526209128,random_forest,HUANUCO
2015-01-19,1.4465804154052881,2.739958616496033,2.1169526827558687,3.345749365058314,random_forest,HUANUCO
2015-01-26,1.5342519557328818,1.9955306141075224,1.521823101348234,2.3652038250397163,random_forest,HUANUCO
2015-02-02,1.7095950363880688,1.8262477846706728,1.4457854204646337,2.2548664114011725,random_forest,HUANUCO
2015-02-09,1.5342519557328815,1.8517152128459164,1.4722289425236383,2.2487955598565432,random_forest,HUANUCO
2015-02-16,1.3150731049138977,1.8414268534118423,1.4524453867774962,2.6288780025973835,random_forest,HUANUCO
2015-02-23,1.3150731049138977,1.7187836820552846,1.446150610012617,2.0268802462087026,random_forest,HUANUCO
2015-03-02,1.8411023468794585,1.731386681968793,1.472225143738602,2.030453886785393,random_forest,HUANUCO
2015-03-09,1.972609657370849,1.7672359702431193,1.3732115412762484,2.0819456130509946,random_forest,HUANUCO
2015-03-16,2.104116967862239,1.8011418397578693,1.3835171656518952,2.169686518722178,random_forest,HUANUCO
2015-03-23,2.0164454275346455,1.871135643779166,1.4983168696802938,2.2499328051231675,random_forest,HUANUCO
2015-03-30,2.4548031291726136,2.095739092662156,1.6126548482306249,2.7459650674608245,random_forest,HUANUCO
2015-04-06,3.068503911465768,2.8221178899556985,1.796732576076283,3.965357587599953,random_forest,HUANUCO
2015-04-13,3.8575477744141096,2.8984636067432183,2.147206975339451,3.7161278654570573,random_forest,HUANUCO
2015-04-20,4.7342631776900435,3.925133214704347,2.9110835014329757,4.800045275280247,random_forest,HUANUCO
2015-04-27,4.909606258345231,5.067427837226132,3.985501533761135,6.686648919791257,random_forest,HUANUCO
2015-05-04,5.3041281898194015,5.004168478332699,4.007925285772747,6.063150352782076,random_forest,HUANUCO
2015-05-11,5.260292419655605,5.4565339811756175,4.04175836148924,6.817803923825111,random_forest,HUANUCO
2015-05-18,5.347963959983198,5.865291269216552,4.190506752811764,6.8400249583565635,random_forest,HUANUCO
2015-05-25,5.567142810802181,5.713664122209187,4.007299258602409,6.841916686777688,random_forest,HUANUCO
2015-06-01,4.909606258345231,5.463993646038765,4.0288542572616395,6.643812122711606,random_forest,HUANUCO
2015-06-08,5.216456649491808,5.161418922583479,3.782212628159729,6.104368827484975,random_forest,HUANUCO
2015-06-15,5.260292419655605,5.454797752946528,4.245405250156118,6.2059117978730205,random_forest,HUANUCO
2015-06-22,5.347963959983198,5.524474379606028,4.55361295749423,6.297963258768917,random_forest,HUANUCO
2015-06-29,4.383577016379669,5.47370578211261,4.984394121971607,6.284910489399506,random_forest,HUANUCO
2015-07-06,3.901383544577906,3.965321576020981,3.13998937056806,5.309854608501135,random_forest,HUANUCO
2015-07-13,3.8575477744141096,3.6300162555255344,2.7480543428335307,4.226433368089081,random_forest,HUANUCO
2015-07-20,3.8137120042503128,3.406882979315961,2.63571864987125,4.163947269137334,random_forest,HUANUCO
2015-07-27,2.8493250606467844,3.6421013789767254,2.9658598962646874,4.088644283873343,random_forest,HUANUCO
2015-08-03,2.542474669500207,2.675334473496865,2.3784352463974763,3.075542572287873,random_forest,HUANUCO
2015-08-10,2.3232958186812236,2.57405621602631,2.190700687139924,2.9778071509930446,random_forest,HUANUCO
2015-08-17,2.3232958186812236,2.3236358008545954,1.6975322528119023,2.9365645629907293,random_forest,HUANUCO
2015-08-24,1.9287738872070526,2.378747040488785,1.8186384232543773,2.936188613964663,random_forest,HUANUCO
2015-08-31,2.016445427534646,2.1077336048906523,1.6506567568830883,2.4189375588282758,random_forest,HUANUCO
2015-09-07,1.7534308065518658,2.1071733532801504,1.636049174963769,2.3874447580721267,random_forest,HUANUCO
2015-09-14,1.6219234960604754,1.8542555961613925,1.5337961015285329,2.3512045135938178,random_forest,HUANUCO
2015-09-21,1.4904161855690852,1.6491185043407186,1.3368542337344917,2.0012387229467543,random_forest,HUANUCO
2015-09-28,1.5780877258966788,1.6369848511389151,1.3150731049138977,1.9939349319870945,random_forest,HUANUCO
2015-10-05,1.5780877258966788,1.8127328977609776,1.3149428608555125,2.641191081558403,random_forest,HUANUCO
2015-10-12,1.2274015645863048,1.7438580341938064,1.31487773882632,2.641191081558403,random_forest,HUANUCO
2015-10-19,1.2274015645863048,1.516526725637575,1.2712275664457222,1.9897717711400884,random_forest,HUANUCO
2015-10-26,1.2712373347501016,1.5664964728718231,1.2712373347501011,1.9282965427330703,random_forest,HUANUCO
2015-11-02,1.4465804154052886,1.551849786299724,1.2712373347501011,1.906433034545548,random_forest,HUANUCO
2015-11-09,1.841102346879459,1.4999644957531992,1.2712275664457222,1.8783472125188587,random_forest,HUANUCO
2015-11-16,2.191788508189833,1.807388997062412,1.5045862634808598,2.089456731194671,random_forest,HUANUCO
2015-11-23,2.323295818681223,1.9331315982052169,1.5120996313458899,2.2915064845076647,random_forest,HUANUCO
2015-11-30,1.7095950363880688,2.1347349842835563,1.5163085729794186,2.9418415064426195,random_forest,HUANUCO
2015-12-07,1.4027446452414918,1.7676680898166985,1.4898491900426767,2.293436869697752,random_forest,HUANUCO
2015-12-14,1.4465804154052886,1.5894710492183244,1.3805608994754142,1.8975126035501022,random_forest,HUANUCO
2015-12-21,1.709595036388073,1.6354390697436714,1.4131500587671768,1.884378067592199,random_forest,HUANUCO
2015-12-28,1.1397300242587114,1.7485122477620436,1.3369909899957964,2.024700523153356,random_forest,HUANUCO
2016-01-04,1.402992256091812,1.4629549997301208,1.2493194496682032,1.939339094563638,random_forest,HUANUCO
2016-01-11,1.2277664647867768,1.524226004752411,1.2566254113621689,1.8586290137681185,random_forest,HUANUCO
2016-01-18,1.5785568832972856,1.499339451280992,1.2382509177018446,1.8304995670895845,random_forest,HUANUCO
2016-01-25,1.447010476355845,1.5421893981095618,1.2274015645863046,1.8992292781304418,random_forest,HUANUCO
2016-02-01,1.3593128717282177,1.4385190353269286,1.2274015645863046,1.857379366547175,random_forest,HUANUCO
2016-02-08,1.973196104121608,1.4636810775613123,1.23854295722749,1.8521015925606137,random_forest,HUANUCO
2016-02-15,1.534708080983472,1.9462859772408623,1.5984534066659293,2.25060149982626,random_forest,HUANUCO
2016-02-22,1.622405685611099,1.4630321389348369,1.2378277641752262,1.9282008133501574,random_forest,HUANUCO
2016-02-29,1.4908592786696584,1.4761066235800924,1.244795835087952,1.9282008133501574,random_forest,HUANUCO
2016-03-07,2.104742511063048,1.5821221596903547,1.251921245232788,1.8991432448221648,random_forest,HUANUCO
2016-03-14,2.411684127259744,1.9111418698123783,1.5449899501785023,2.2863028984546467,random_forest,HUANUCO
2016-03-21,1.8854984994939807,2.5457744641094964,1.5778322521761556,3.9868476296930906,random_forest,HUANUCO
2016-03-28,1.3593128717282177,2.020568929523244,1.5847203623078652,2.279047608999207,random_forest,HUANUCO
2016-04-04,1.5785568832972856,1.786840680396286,1.410853006132563,2.075121843674259,random_forest,HUANUCO
2016-04-11,2.3678353249459305,1.8115621968276316,1.4243482129571008,2.1228179273892906,random_forest,HUANUCO
2016-04-18,2.4993817318873712,2.2126455038928103,1.563638070869646,3.160462030059074,random_forest,HUANUCO
2016-04-25,2.36783532494593,2.8721179833787867,1.6205484027927937,4.0527844863410065,random_forest,HUANUCO
2016-05-02,1.929347301807794,2.432297108574954,1.7964104897038387,2.9649619364096576,random_forest,HUANUCO
2016-05-09,2.1485913133768624,2.0757149874796177,1.4617928852058424,2.6069647153525106,random_forest,HUANUCO
2016-05-16,2.8940209527116934,2.2382025973379207,1.840988420113219,2.7825853962015876,random_forest,HUANUCO
2016-05-23,4.297182626753728,3.026925477700053,2.293456359006471,4.031028759635542,random_forest,HUANUCO
2016-05-30,5.393402684599068,4.268817280571589,3.424791966791745,4.855112414561001,random_forest,HUANUCO
2016-06-06,6.314227533189154,5.137089577626958,4.212402733148521,6.220600981643398,random_forest,HUANUCO
2016-06-13,7.103505974837798,5.692955698840199,4.465984155035409,7.111660181129743,random_forest,HUANUCO
2016-06-20,7.278901184093052,6.772578017137297,6.293997745843401,7.395802132739659,random_forest,HUANUCO
2016-06-27,6.007285916992458,7.000807621810144,6.1368972815249085,7.789545867153012,random_forest,HUANUCO
2016-07-04,4.297182626753728,5.421480474441923,3.9859582527248714,6.527930842421511,random_forest,HUANUCO
2016-07-11,3.6394505920465243,4.136415379744866,3.6504296086749672,5.275815441656482,random_forest,HUANUCO
2016-07-18,3.420206580477456,3.3778853059755125,2.642103112239512,4.093437933757441,random_forest,HUANUCO
2016-07-25,2.718625743456439,3.3895184124896645,2.6090103313574855,4.563103804813921,random_forest,HUANUCO
2016-08-01,2.323986522632116,2.662906999446351,2.2413230425939505,3.2073131961327723,random_forest,HUANUCO
2016-08-08,2.3239865226321164,2.2059119717403153,1.7855985193101471,2.5511619947437993,random_forest,HUANUCO
2016-08-15,2.9817185573393203,2.211470552172045,1.8585031107699659,2.6062220041575768,random_forest,HUANUCO
2016-08-22,2.630928138828811,2.8686985178169784,2.234756242540314,3.6179611028460545,random_forest,HUANUCO
2016-08-29,2.3678353249459296,2.5599979074892745,1.88507681169981,3.0043223231130742,random_forest,HUANUCO
2016-09-05,1.9731961041216077,2.0313566101042486,1.5779623659904827,2.8707657975681924,random_forest,HUANUCO
2016-09-12,1.8854984994939803,2.0602970603350323,1.578084907943239,2.3879567033338023,random_forest,HUANUCO
2016-09-19,3.3325089758498287,1.9224897028631927,1.5253945425676614,2.3371426380373004,random_forest,HUANUCO
2016-09-26,5.17415867303,3.2883907879668937,2.5517816841774628,4.151660625747558,random_forest,HUANUCO
2016-10-03,5.744193103109577,4.806499262753168,3.767624021291347,6.212017542424313,random_forest,HUANUCO
2016-10-10,4.428729033695169,4.980729011938663,3.767624021291347,6.393480330873549,random_forest,HUANUCO
2016-10-17,3.0694161619669473,4.352002255064686,3.153169477237895,5.8525232428525,random_forest,HUANUCO
2016-10-24,2.8501721503978796,2.7996181226976256,2.2538800249291175,4.325111754257138,random_forest,HUANUCO
2016-10-31,3.1571137665945748,2.590392500382296,2.016316527543837,3.211373334971211,random_forest,HUANUCO
2016-11-07,2.7624745457702526,2.926063346090048,2.2575456344293103,4.352298674603792,random_forest,HUANUCO
2016-11-14,2.674776941142625,2.629314439904818,2.202961457341543,3.185061608126508,random_forest,HUANUCO
2016-11-21,2.2801377203183026,2.707304912954917,2.2318413125917513,3.20781745460858,random_forest,HUANUCO
2016-11-28,3.595601789732711,2.169729283585578,1.6325899155830819,2.747714868007864,random_forest,HUANUCO
2016-12-05,4.56027544063661,3.595170078258637,2.629888665667074,5.11176775351316,random_forest,HUANUCO
2016-12-12,4.428729033695169,4.363453796932324,3.0235521394184577,5.730707670019227,random_forest,HUANUCO
2016-12-19,3.1132649642807606,4.018628833451474,2.8787049098134156,5.290574545341574,random_forest,HUANUCO
2016-12-26,2.104742511063048,3.073176634607745,2.5406347947170977,3.7991670544929073,random_forest,HUANUCO
2017-01-02,2.3242342807530956,2.413626343049107,1.66511937250853,3.420206580477456,random_forest,HUANUCO
2017-01-09,1.9297124190387105,2.5503380432011604,1.8832518512318746,3.4183758924623375,random_forest,HUANUCO
2017-01-16,1.7544736885967058,2.1855750158235425,1.6897682894902837,3.040647950226322,random_forest,HUANUCO
2017-01-23,1.140407897587857,1.7159606586517948,1.4465773453667694,2.21009783971551,random_forest,HUANUCO
2017-01-30,1.1404078975878573,1.6174445064400813,1.2566254113621693,2.0012582653636457,random_forest,HUANUCO
2017-02-06,1.140407897587857,1.4641944811703402,1.183272049587885,1.9396157059296617,random_forest,HUANUCO
2017-02-13,1.4474407930922812,1.4827880270200824,1.2058226161689793,1.9204285490610382,random_forest,HUANUCO
2017-02-20,1.5790263197370396,1.650185550124357,1.1985171925612765,2.016280146521066,random_forest,HUANUCO
2017-02-27,1.7544736885967058,1.6502799063032936,1.205466802783513,2.0457633976401564,random_forest,HUANUCO
2017-03-06,1.6667500041668701,1.8497904391164839,1.4286134331662006,2.1482004650390314,random_forest,HUANUCO
2017-03-13,1.6667500041668701,1.858760234212465,1.3142330752051343,2.148200465039031,random_forest,HUANUCO
2017-03-20,1.6228881619519522,1.8610857049388805,1.3436942898103954,2.148200465039031,random_forest,HUANUCO
2017-03-27,2.587848690680143,1.8509596005945943,1.3581782789082983,2.148200465039032,random_forest,HUANUCO
2017-04-03,3.5528092194083336,2.9326802284673197,1.7671939496889526,4.382944561968328,random_forest,HUANUCO
2017-04-10,3.772118430482923,4.375436410530268,2.744648634635701,5.1007229879812215,random_forest,HUANUCO
2017-04-17,4.03528948377243,3.9682063013861733,2.555796300430816,5.063832931144556,random_forest,HUANUCO
2017-04-24,3.9037039571276764,3.9773168899268527,2.7839754020516114,4.872360851197481,random_forest,HUANUCO
2017-05-01,4.8686644858558665,3.9792203683645675,3.1538884522558748,4.698381201629818,random_forest,HUANUCO
2017-05-08,3.9475657993425934,5.344879042711334,4.807275004479523,6.022404094157397,random_forest,HUANUCO
2017-05-15,3.684394746053087,4.006228050294679,3.1256311968044317,4.698381201629818,random_forest,HUANUCO
2017-05-22,2.763296059539814,4.062226660337322,3.373041511447311,4.622167111230394,random_forest,HUANUCO
2017-05-29,3.1141907972591567,2.9937020113013775,2.1465426834738683,4.305972002950854,random_forest,HUANUCO
2017-06-05,2.8948815861845674,3.241022740746543,2.2362889180044894,4.362982817894664,random_forest,HUANUCO
2017-06-12,2.9387434283994853,3.2060092278771806,2.2418476038512094,4.363612315717845,random_forest,HUANUCO
2017-06-19,2.45626316403539,3.157351238050176,2.2572089849209576,4.295656883842019,random_forest,HUANUCO
2017-06-26,1.9737828996712947,2.6452759602798315,2.179337829520456,3.354236272629597,random_forest,HUANUCO
2017-07-03,1.5351644775221172,2.2572325873892614,1.830582695613093,2.815750840581536,random_forest,HUANUCO
2017-07-10,1.6667500041668706,1.8821765748982162,1.446830907383211,2.7196222213468295,random_forest,HUANUCO
2017-07-17,1.886059215241459,1.7979526004415258,1.4032152457642257,2.4569041869549615,random_forest,HUANUCO
2017-07-24,2.105368426316048,2.021740807295493,1.6115783861811794,2.6744772016922376,random_forest,HUANUCO
2017-07-31,1.842197373026541,2.092064986295725,1.62144159304445,2.8386863331989454,random_forest,HUANUCO
2017-08-07,1.7983355308116236,1.92939570809589,1.565442666081843,2.2224484582268125,random_forest,HUANUCO
2017-08-14,1.4035789508773637,2.0690280797911806,1.5579690571539793,2.7173347927594103,random_forest,HUANUCO
2017-08-21,1.4913026353071992,1.5954014272304464,1.2274250587501447,2.016640661093369,random_forest,HUANUCO
2017-08-28,1.3158552664475283,1.6482661607751457,1.3191792374548872,2.027281630816306,random_forest,HUANUCO
2017-09-04,1.1842697398027748,1.5234736335456869,1.1750213703627008,2.0271901292883516,random_forest,HUANUCO
2017-09-11,1.0526842131580216,1.452262719656485,1.184017709975272,1.9611433977963395,random_forest,HUANUCO
2017-09-18,1.140407897587857,1.407773004151395,1.1222799165579858,1.7766471509372186,random_forest,HUANUCO
2017-09-25,1.359717108662446,1.4372595965880752,1.1290454128037621,2.104003539237091,random_forest,HUANUCO
2017-10-02,1.6228881619519526,1.596751641166031,1.1976622160627917,2.1039998992211704,random_forest,HUANUCO
2017-10-09,1.5790263197370347,1.7039750529528552,1.2566123869563304,2.201130991615555,random_forest,HUANUCO
2017-10-16,1.535164477522117,1.5893112849233113,1.2587378577240862,1.920473084229191,random_forest,HUANUCO
2017-10-23,1.140407897587857,1.516865004773991,1.227668717008122,1.8843994339680004,random_forest,HUANUCO
2017-10-30,1.3158552664475283,1.3502606293554806,1.1402253932300104,1.6114495794878416,random_forest,HUANUCO
2017-11-06,1.579026319737035,1.4371189734510372,1.190046581610957,1.7320400110448393,random_forest,HUANUCO
2017-11-13,1.7106118463817879,1.5189325286025812,1.2276772798159397,1.8627402072358288,random_forest,HUANUCO
2017-11-20,1.5790263197370347,1.5545052483050714,1.227401564586305,1.9732031716687952,random_forest,HUANUCO
2017-11-27,1.315855266447528,1.487040365512258,1.1985210056267277,1.913999323550212,random_forest,HUANUCO
2017-12-04,1.886059215241459,1.4544170654492399,1.1948630218267522,1.7383504673625882,random_forest,HUANUCO
2017-12-11,2.1053684263160477,1.9616127061418114,1.4325506877311567,2.457694967147343,random_forest,HUANUCO
2017-12-18,2.500125006250308,2.124480648690889,1.5781538682636285,2.674742233806167,random_forest,HUANUCO
2017-12-25,1.9737828996712947,2.423703284064946,1.6219234960604751,3.4599408919464794,random_forest,HUANUCO
2018-01-01,2.0641071400776574,1.9473921113305288,1.388486697508965,2.8157448086434265,random_forest,HUANUCO
2018-01-08,2.022701378507237,2.1231977047546233,1.5548670138505103,3.067303851953859,random_forest,HUANUCO
2018-01-15,2.1563095598004,2.168675168907122,1.5870226517624593,3.244811371222202,random_forest,HUANUCO
2018-01-22,1.4522084790492478,2.349108484737274,1.6430624334636403,3.1716640302447927,random_forest,HUANUCO
2018-01-29,0.9241326684858829,1.5535364066585509,1.249492152660183,1.8985814403828634,random_forest,HUANUCO
2018-02-05,0.836120033391989,1.3241214987034364,1.0322702830368702,1.6230044400646555,random_forest,HUANUCO
2018-02-12,1.0561516211267243,1.3513529076248012,1.0965460553729394,1.5959970523946125,random_forest,HUANUCO
2018-02-19,1.0561516211267243,1.3558748618803618,1.1184769764803983,1.5785147594391131,random_forest,HUANUCO
2018-02-26,0.7481073982980949,1.429024171087203,1.1184769764803983,1.8938413267221907,random_forest,HUANUCO
2018-03-05,0.9241326684858832,1.228668837732678,0.8507888059076381,2.1063795105654326,random_forest,HUANUCO
2018-03-12,1.0561516211267241,1.2532047763433765,0.8507310157748263,2.210281244758618,random_forest,HUANUCO
2018-03-19,1.4962147965961947,1.2580499014216096,0.8496330032514038,2.235991873267738,random_forest,HUANUCO
2018-03-26,1.8922716545187181,1.910354424457602,1.5004569280110895,2.4411731135240013,random_forest,HUANUCO
2018-04-02,1.9802842896126123,2.0458489341188324,1.5886065798308484,2.5959397385695224,random_forest,HUANUCO
2018-04-09,1.848265336971771,2.045227031213755,1.5637700713379672,2.472687166024544,random_forest,HUANUCO
2018-04-16,1.71624638433093,1.9687358007083764,1.4133681321867444,2.4345432381941334,random_forest,HUANUCO
2018-04-23,1.9802842896126123,1.6250635258323396,1.20902139056152,2.3183275752786385,random_forest,HUANUCO
2018-04-30,2.7723980054576587,2.111183146561544,1.569035370618657,2.6792286144957616,random_forest,HUANUCO
2018-05-07,3.476499086208811,3.387013811017467,2.285612038189904,4.016578426577952,random_forest,HUANUCO
2018-05-14,6.4249223618542635,3.9284846869104553,2.355965206484927,5.041954338053211,random_forest,HUANUCO
2018-05-21,6.864985537323733,6.547983497507507,4.994349480014466,7.161971044589549,random_forest,HUANUCO
2018-05-28,6.7329665846828926,6.536958789053815,4.99652238313419,7.090880929186037,random_forest,HUANUCO
2018-06-04,5.060726517898904,6.53257837027491,5.024045822650693,7.087882480843742,random_forest,HUANUCO
2018-06-11,6.1168781390256335,4.752116571394967,3.7165310670181757,5.5454920990336944,random_forest,HUANUCO
2018-06-18,8.669244556748561,5.162317629561714,4.165763469343314,6.3887496289571715,random_forest,HUANUCO
2018-06-25,9.109307732218031,6.931077210060636,5.234077445539763,8.009222512353379,random_forest,HUANUCO
2018-07-02,7.481073982980991,6.450675699773824,4.8350598844078805,7.975556971740244,random_forest,HUANUCO
2018-07-09,5.8088339161970035,6.3199914581151715,4.5153429767412545,7.827287359622344,random_forest,HUANUCO
2018-07-16,5.060726517898904,5.055525003521233,3.9145359032707923,7.242952830084634,random_forest,HUANUCO
2018-07-23,5.544796010915323,4.69143470809822,3.0881609739433755,6.793632436729759,random_forest,HUANUCO
2018-07-30,4.488644389788593,4.840849512688359,3.123557207694763,6.6720438355964555,random_forest,HUANUCO
2018-08-06,3.740536991490494,3.4908252794183423,2.9107030619380994,4.194634487172159,random_forest,HUANUCO
2018-08-13,2.7723980054576582,3.1615361007666745,2.7965864250922876,4.08825136932229,random_forest,HUANUCO
2018-08-20,2.288328512441241,2.634800954071644,2.0278207474658876,3.1139041363818927,random_forest,HUANUCO
2018-08-27,1.8922716545187175,2.385624812230272,1.853620538503379,3.170555442653205,random_forest,HUANUCO
2018-09-03,1.7162463843309295,2.2010096522204035,1.4934582800163598,2.992867590562764,random_forest,HUANUCO
2018-09-10,1.5842274316900935,1.7456333351602609,1.2719725665917134,2.6090037376719044,random_forest,HUANUCO
2018-09-17,1.7162463843309295,1.5963211705425535,1.1398694458300471,1.943714989295397,random_forest,HUANUCO
2018-09-24,1.540221114143141,1.6072057303438856,1.249651216518718,2.478933127423077,random_forest,HUANUCO
2018-10-01,1.4962147965961943,1.4697014491881726,1.1986635270296617,1.6733552348836112,random_forest,HUANUCO
2018-10-08,1.5402211141431412,1.4799773838948524,1.1982270013895215,1.8632793282646658,random_forest,HUANUCO
2018-10-15,2.332334829988188,1.478955283912983,1.2095577528177581,1.762639035407699,random_forest,HUANUCO
2018-10-22,2.376341147535135,2.008941066930022,1.5517999167857823,2.893441555305072,random_forest,HUANUCO
2018-10-29,2.2883285124412405,1.939907221771234,1.5562905584612807,2.7469101280046475,random_forest,HUANUCO
2018-11-05,2.0242906071595583,2.0570281296993023,1.5797214678240399,3.040255082712401,random_forest,HUANUCO
2018-11-12,2.1563095598003996,2.1324876933963126,1.603882014539443,3.0877656599884964,random_forest,HUANUCO
2018-11-19,2.5523664177229226,2.256555793628036,1.6071655773619682,3.2442032042214155,random_forest,HUANUCO
2018-11-26,2.1563095598003996,2.4661595105667926,1.7097873569102948,3.4646989326286373,random_forest,HUANUCO
2018-12-03,2.59637273526987,2.1415585421459493,1.5758240711420837,3.1833204950162575,random_forest,HUANUCO
2018-12-10,2.3763411475351344,2.581784731433736,1.9499196055369683,3.651059618817892,random_forest,HUANUCO
2018-12-17,2.4203474650820813,2.3892219196668543,1.843487945407173,3.244811371222202,random_forest,HUANUCO
2018-12-24,2.0682969247065053,2.281086209457777,1.6921852735394722,2.8419977857023153,random_forest,HUANUCO
2018-12-31,2.0242906071595583,2.261108059919563,1.5780728780740225,2.9356683823835628,random_forest,HUANUCO
2019-01-07,1.9787655422906347,2.105064693073773,1.774187767965405,2.6917737921647595,random_forest,HUANUCO
2019-01-14,1.8448136385127327,2.0571158328874484,1.6743731149535954,2.667447722559892,random_forest,HUANUCO
2019-01-21,1.4037839874747318,1.9229554372317643,1.1330695031332185,2.762775301162211,random_forest,HUANUCO
2019-01-28,1.272179238648975,1.377762209249631,0.9962244115198743,1.7779294819213298,random_forest,HUANUCO
2019-02-04,1.2283109890403894,1.4996259659426636,1.0863390903123635,1.9616170782220816,random_forest,HUANUCO
2019-02-11,1.4037839874747318,1.449869222471159,1.0980854622775562,1.93059330150714,random_forest,HUANUCO
2019-02-18,1.4915204866919025,1.6090847347871884,1.1061838229313103,2.082703620269626,random_forest,HUANUCO
2019-02-25,2.017939481994929,1.6916579678267964,1.1898517686673749,2.049181833437408,random_forest,HUANUCO
2019-03-04,2.2372807300378565,1.9493775424612567,1.5352103548424199,2.450677425470616,random_forest,HUANUCO
2019-03-11,2.588226726906541,2.0237194292487604,1.5578514209612906,2.661123557254657,random_forest,HUANUCO
2019-03-18,1.9740712323863434,2.9387681660454676,1.6616348910151142,3.83190312668379,random_forest,HUANUCO
2019-03-25,1.4476522370833171,1.998997387058181,1.4472386746251673,2.5617727027241797,random_forest,HUANUCO
2019-04-01,1.6231252355176593,1.81653729537575,1.4035618325677128,2.3565153637765657,random_forest,HUANUCO
2019-04-08,1.8863347331691724,1.9731040530189357,1.4692021008500105,2.4778420078130368,random_forest,HUANUCO
2019-04-15,2.544358477297956,2.069415458566407,1.506374571203911,2.76305521315556,random_forest,HUANUCO
2019-04-22,2.6759632261237125,2.337577220617521,1.7408151093917623,3.472333801023634,random_forest,HUANUCO
2019-04-29,3.070777472600982,2.8317174344546823,1.958575544414668,4.023621446572089,random_forest,HUANUCO
2019-05-06,2.9830409733838112,3.604507096555506,2.5499575409852797,4.475156129904984,random_forest,HUANUCO
2019-05-13,3.0269092229923964,3.543728436882493,2.556387173134671,4.220062128133549,random_forest,HUANUCO
2019-05-20,3.0269092229923964,3.409886593831444,2.423494097892991,4.338800678192497,random_forest,HUANUCO
2019-05-27,3.421723469469672,2.9447509960632847,2.3234586395814136,3.2933244923184017,random_forest,HUANUCO
2019-06-03,3.3778552198610807,3.976024200174811,2.4228128651802847,5.909162523226666,random_forest,HUANUCO
2019-06-10,2.851436224558054,3.8341972998385647,2.5784593543551333,5.909162523226666,random_forest,HUANUCO
2019-06-17,2.3688854788636133,3.0024320504586295,2.358499035471284,3.8775647138266693,random_forest,HUANUCO
2019-06-24,2.368885478863614,2.525430544711724,1.927699774263759,3.390974045601581,random_forest,HUANUCO
2019-07-01,2.6759632261237125,2.555768214129651,1.879114011471823,3.390974045601581,random_forest,HUANUCO
2019-07-08,2.851436224558055,2.4858033221434357,2.104090455581507,3.002415047759064,random_forest,HUANUCO
2019-07-15,2.5443584772979557,2.703339523112525,2.3181923828428745,3.9702647354526683,random_forest,HUANUCO
2019-07-22,2.412753728472199,2.3139671808087936,1.9164233923544367,2.9082429981244156,random_forest,HUANUCO
2019-07-29,2.281148979646442,2.2646780003343245,1.8509753864937244,2.903175087799677,random_forest,HUANUCO
2019-08-05,2.368885478863614,2.2391016963036416,1.7953283708892835,2.937885795793829,random_forest,HUANUCO
2019-08-12,1.9740712323863436,2.3327258678576133,1.7228556920610512,2.918460056648958,random_forest,HUANUCO
2019-08-19,1.974071232386344,1.9296674719934497,1.591161883753705,2.3140549790587706,random_forest,HUANUCO
2019-08-26,1.3599157378661462,1.955055894401549,1.5800016640695165,2.7216924541274206,random_forest,HUANUCO
2019-09-02,1.754729984343416,1.6017062057417621,1.237017674253017,1.9462874964917085,random_forest,HUANUCO
2019-09-09,1.4476522370833171,1.64559919834155,1.3001279239151298,2.2166944941020774,random_forest,HUANUCO
2019-09-16,2.368885478863614,1.5168499880779738,1.3093144414379982,1.7259673689237525,random_forest,HUANUCO
2019-09-23,2.325017229255028,2.306481604761915,1.753854281825106,2.9009706333076704,random_forest,HUANUCO
2019-09-30,2.456621978080785,2.1763165692880637,1.7652962789227433,2.88082063781571,random_forest,HUANUCO
2019-10-07,2.061807731603515,2.1901677159359605,1.7654168731290516,2.807154435327878,random_forest,HUANUCO
2019-10-14,1.7985982339520017,2.126903888176438,1.6198564185477002,2.647777258489658,random_forest,HUANUCO
2019-10-21,1.7108617347348305,1.6918980903236958,1.4007727930411498,2.1705286078861743,random_forest,HUANUCO
2019-10-28,1.272179238648975,1.6576621599347614,1.3747522847381097,2.162741193370559,random_forest,HUANUCO
2019-11-04,1.754729984343416,1.3986852991092635,1.162034613984491,1.66738306358304,random_forest,HUANUCO
2019-11-11,2.1056759812121,1.5874556039098213,1.2546478337021758,2.027097001793253,random_forest,HUANUCO
2019-11-18,2.7636997253408833,2.3602046794691316,1.856354262732265,2.864206853937852,random_forest,HUANUCO
2019-11-25,2.1934124804292714,2.8630986224906394,2.139982668592276,4.206531137137607,random_forest,HUANUCO
2019-12-02,1.9740712323863434,2.367148006768815,1.8396266836056268,2.983077857596919,random_forest,HUANUCO
2019-12-09,1.842466483560587,1.9027958172545538,1.423087085363601,2.457109267481827,random_forest,HUANUCO
2019-12-16,1.7985982339520012,1.72988249252977,1.278192771057103,2.5431712781313216,random_forest,HUANUCO
2019-12-23,2.3688854788636133,1.5714986857496436,1.1944007838548845,2.1342930587436255,random_forest,HUANUCO
2019-12-30,2.2372807300378565,2.243432062251825,1.6826743317494914,2.9671897144107646,random_forest,HUANUCO
2020-01-06,2.6316869142669534,2.058526091511475,1.5580331239534777,2.801306388050708,random_forest,HUANUCO
2020-01-13,1.9295548839130123,2.28535856040875,1.6001450215726896,3.5845670495161914,random_forest,HUANUCO
2020-01-20,1.7537698378771258,1.7765670256585384,1.33972839013883,2.265746646480514,random_forest,HUANUCO
2020-01-27,1.4030158703016997,1.3789266502340667,1.03227028303687,1.8271709685241566,random_forest,HUANUCO
2020-02-03,1.4468601162486276,1.4922058443624902,1.0713203107533884,1.987174512168247,random_forest,HUANUCO
2020-02-10,1.4468601162486279,1.557317425741612,1.2496967607245748,2.00581106326429,random_forest,HUANUCO
2020-02-17,1.6660813459832695,1.579522264464663,1.2673273673209255,2.0932155180865806,random_forest,HUANUCO
2020-02-24,1.9729910676117672,1.652579169047992,1.2857969878031357,2.0353876856300053,random_forest,HUANUCO
2020-03-02,1.885302575717911,1.9863423273284846,1.5561774664570491,2.36808555570855,random_forest,HUANUCO
2020-03-09,1.797614083824054,1.935488934122921,1.4034825544057674,2.6103203681222187,random_forest,HUANUCO
2020-03-16,1.4468601162486279,1.7854849348737845,1.4182162640984897,2.3462956008715956,random_forest,HUANUCO
2020-03-23,1.315327378407843,1.8793515216807668,1.4691778626645642,2.4778420078130368,random_forest,HUANUCO
2020-03-30,0.9645734108324167,1.6263166503480462,1.201320097692724,2.272351746980639,random_forest,HUANUCO
2020-04-06,0.6138194432569904,1.1055439732331778,0.8513512164304486,1.4620510530870359,random_forest,HUANUCO
2020-04-13,0.5699751973100621,1.1266938316692956,0.8801263509389361,1.4621707955951324,random_forest,HUANUCO
2020-04-20,0.5261309513631337,1.1410454411852615,0.8801263509389361,1.4621707955951324,random_forest,HUANUCO
2020-04-27,0.4384424594692771,0.7587056139591306,0.5480530743365979,1.2612560880566823,random_forest,HUANUCO
2020-05-04,0.21922122973463573,0.7864374597623642,0.5480530743365979,1.2988875210914987,random_forest,HUANUCO
2020-05-11,0.13153273784077912,0.7850302883769494,0.5480530743365979,1.2906652864475814,random_forest,HUANUCO
2020-05-18,0.1753769837877074,0.8145215795133016,0.5480530743365979,1.3171037741084812,random_forest,HUANUCO
2020-05-25,0.1315327378407849,0.3068332760169885,0.15345486081424325,0.5718032622164562,random_forest,HUANUCO
2020-06-01,0.08768849189385082,0.30914534641008906,0.15345486081424325,0.5718032622164562,random_forest,HUANUCO
2020-06-08,0.043844245946922523,0.3141867182313955,0.15345486081424325,0.6017393703979198,random_forest,HUANUCO
2020-06-15,0.0,0.3284330385128111,0.15345486081424325,0.6316017151325899,random_forest,HUANUCO
2020-06-22,0.0,0.10938357963862004,0.021922122973461262,0.30272016034911997,random_forest,HUANUCO
2020-06-29,0.043844245946922523,0.10938357963862004,0.021922122973461262,0.30272016034911997,random_forest,HUANUCO
2020-07-06,0.043844245946922523,0.10157338065530228,0.021922122973461262,0.23697814934314182,random_forest,HUANUCO
2020-07-13,0.08768849189385082,0.10938357963862004,0.021922122973461262,0.30272016034911997,random_forest,HUANUCO
2020-07-20,0.08768849189385082,0.07941248411519108,0.0073073743244870875,0.15361144740691376,random_forest,HUANUCO
2020-07-27,0.08768849189385082,0.08231907924530767,0.0073073743244870875,0.16660813459832186,random_forest,HUANUCO
2020-08-03,0.3507539675754206,0.08506178040843218,0.0073073743244870875,0.17537698378770888,random_forest,HUANUCO
2020-08-10,0.3945982135223489,0.12372593604863144,0.0,0.3288318446019564,random_forest,HUANUCO
2020-08-17,0.4822867054162055,0.34310715743412507,0.08768849189385082,0.5348998005525194,random_forest,HUANUCO
2020-08-24,0.1753769837877074,0.3807013109872016,0.08768849189385082,0.8353241737714813,random_forest,HUANUCO
2020-08-31,0.1753769837877074,0.35028490208377777,0.08768849189385082,0.8423565736156565,random_forest,HUANUCO
2020-09-07,0.21922122973463573,0.3965408566595273,0.08768849189385082,1.0561516211267241,random_forest,HUANUCO
2020-09-14,0.3507539675754206,0.34226425193878096,0.1490704362195539,1.0772156902420074,random_forest,HUANUCO
2020-09-21,0.3507539675754206,0.4107626358349847,0.16649852398345663,1.0973348762093333,random_forest,HUANUCO
2020-09-28,0.3945982135223489,0.3987497330549673,0.1753769837877074,1.1131811226810207,random_forest,HUANUCO
2020-10-05,0.3945982135223489,0.3934941206755994,0.16660813459832174,1.0773661478785452,random_forest,HUANUCO
2020-10-12,0.6138194432569903,0.32339035324371657,0.1753769837877074,0.4828347584905422,random_forest,HUANUCO
2020-10-19,0.48228670541620544,0.33396246192087,0.1753769837877074,0.8655267532454693,random_forest,HUANUCO
2020-10-26,0.39459821352234886,0.3261644922323623,0.1753769837877074,0.8625362880220862,random_forest,HUANUCO
2020-11-02,0.263065475681564,0.32819645015051235,0.17510295725053912,0.5122469401466067,random_forest,HUANUCO
2020-11-09,0.3945982135223489,0.33347142544744024,0.15169627292736318,0.5480530743365979,random_forest,HUANUCO
2020-11-16,0.4822867054162055,0.4001640549612011,0.22652860405912378,0.5553604486610859,random_forest,HUANUCO
2020-11-23,0.3507539675754206,0.3916974758906983,0.18999173243668352,0.5627200185164631,random_forest,HUANUCO
2020-11-30,0.263065475681564,0.39541730902572375,0.17537698378770744,0.5699751973100621,random_forest,HUANUCO
2020-12-07,0.13153273784077912,0.34159854830277825,0.16803639412538082,0.5480530743365979,random_forest,HUANUCO
2020-12-14,0.1753769837877074,0.27748058112049906,0.12038899199593484,0.5042088283896696,random_forest,HUANUCO
2020-12-21,0.13153273784077912,0.2769917016052417,0.08768849189385082,0.4093591096578148,random_forest,HUANUCO
2020-12-28,0.21922122973463573,0.27089469419159184,0.07965038013691397,0.48228670541620544,random_forest,HUANUCO
2021-01-04,0.2633864962003074,0.25327775250151363,0.05469569681878796,0.9903621763940386,random_forest,HUANUCO
2021-01-11,0.43929851418592625,0.3176284271858043,0.06560978232771998,0.9903621763940386,random_forest,HUANUCO
2021-01-18,0.5274150334381074,0.40490239719263266,0.15345486081424328,0.9947942412326953,random_forest,HUANUCO
2021-01-25,0.48346378065159795,0.4373993585401668,0.16423323794286315,1.0016938031623772,random_forest,HUANUCO
2021-02-01,0.3955612750785791,0.44461043619610296,0.24078065916286504,0.5524503397520404,random_forest,HUANUCO
2021-02-08,0.2637075167190508,0.43400120978820533,0.22652860405912378,0.5699751973100621,random_forest,HUANUCO
2021-02-15,0.3076587695055602,0.3881466513750061,0.13153273784078057,0.5482851363870823,random_forest,HUANUCO
2021-02-22,0.17580501114603195,0.42521235184751316,0.19395859278426278,0.5489775537896339,random_forest,HUANUCO
2021-03-01,0.21975626393254136,0.19406948509296468,0.1266307075647685,0.3069097216284923,random_forest,HUANUCO
2021-03-08,0.395561275078579,0.252556467326324,0.08768849189385082,0.5081985614320039,random_forest,HUANUCO
2021-03-15,0.7471712973706545,0.36503507654847683,0.17551252578451015,0.5483821203683099,random_forest,HUANUCO
2021-03-22,0.7911225501571638,0.7798669569096404,0.270949795216127,1.3183113470920258,random_forest,HUANUCO
2021-03-29,0.9669275613032017,0.8301520195297305,0.5407674884680668,1.2028393462832143,random_forest,HUANUCO
2021-04-05,1.0548300668762205,0.8369500319624026,0.5519188965364067,1.2028393462832145,random_forest,HUANUCO
2021-04-12,1.406440089168296,1.0491998049759481,0.6910071705893467,1.5531727047026622,random_forest,HUANUCO
2021-04-19,1.4064400891682958,1.6518351026498967,1.12429426826195,2.2815780286158893,random_forest,HUANUCO
2021-04-26,1.0548300668762205,1.5417404930170866,1.21520413951868,1.9569722036859092,random_forest,HUANUCO
2021-05-03,0.8790250557301827,1.2067570407054362,0.7691728568588534,1.4709783941335814,random_forest,HUANUCO
2021-05-10,0.7471712973706545,0.9601780994759878,0.6591504619329941,1.3462315939988307,random_forest,HUANUCO
2021-05-17,0.7911225501571639,0.9609585829310046,0.5918973202835263,1.3510728057945054,random_forest,HUANUCO
2021-05-24,0.879025055730183,0.8954492500782825,0.6909337928506184,1.246052352189833,random_forest,HUANUCO
2021-05-31,1.09878131966273,0.9272058177928333,0.6909337928506184,1.2892367484042708,random_forest,HUANUCO
2021-06-07,1.5822451003143339,1.2629924179830747,0.8307560942310104,1.5434135250975665,random_forest,HUANUCO
2021-06-14,1.5382938475278243,1.669613091008385,1.126669802085496,2.2927239387883827,random_forest,HUANUCO
2021-06-21,1.1866838252357488,1.5896608395508207,1.0979556624273423,2.055972730145087,random_forest,HUANUCO
2021-06-28,0.8350738029436734,1.263672225420166,0.8873078586792333,1.6155156817729992,random_forest,HUANUCO
2021-07-05,0.5713662862246168,0.8950211029391336,0.6804953703138225,1.2465099182385888,random_forest,HUANUCO
2021-07-12,0.6153175390111262,0.43358860368541446,0.018727756483042625,0.9938495215056231,random_forest,HUANUCO
2021-07-19,0.35161002229206967,0.48898922054191485,0.17001824261641618,0.7218356936467126,random_forest,HUANUCO
2021-07-26,0.4395125278650885,0.3484054371131298,0.10219884948104856,0.6408044141880916,random_forest,HUANUCO
2021-08-02,0.26370751671905085,0.3788053200790007,0.131532737840781,0.6582950295574473,random_forest,HUANUCO
2021-08-09,0.483463780651598,0.31544312238284217,0.13153273784078157,0.5824079770181122,random_forest,HUANUCO
2021-08-16,0.39556127507857913,0.3680474902110609,0.2048169278701692,0.6009344481260337,random_forest,HUANUCO
2021-08-23,0.7471712973706546,0.3441152190316526,0.2138161091372275,0.5417075963056731,random_forest,HUANUCO
2021-08-30,0.6153175390111263,0.8907802345783377,0.3444513572205497,1.2025143677221217,random_forest,HUANUCO
2021-09-06,0.7032200445841452,0.47887032150204706,0.24113378173348274,0.936183306264835,random_forest,HUANUCO
2021-09-13,0.4395125278650886,0.7377697853233233,0.39506636844551635,1.1362658725860628,random_forest,HUANUCO
2021-09-20,0.4395125278650886,0.5051890796363052,0.2520795649251019,1.0174400100504648,random_forest,HUANUCO
2021-09-27,0.483463780651598,0.3981352567886179,0.238831633766877,0.6495796837878522,random_forest,HUANUCO
2021-10-04,0.39556127507857913,0.40735789673891143,0.24876104686737321,0.6495796837878522,random_forest,HUANUCO
2021-10-11,0.6153175390111262,0.4254360305078319,0.24577924337580837,0.6484843296890619,random_forest,HUANUCO
2021-10-18,0.5274150334381074,0.45929266869873875,0.2634412343144008,0.7916719408169954,random_forest,HUANUCO
2021-10-25,0.6592687917976356,0.4092566219461054,0.25262898978935255,0.5717908177949407,random_forest,HUANUCO
2021-11-01,1.0548300668762205,0.47122413222121823,0.27771323014988725,0.8033190228054206,random_forest,HUANUCO
2021-11-08,1.1866838252357488,1.1247115731488415,0.5490047814708847,1.6340972504214213,random_forest,HUANUCO
2021-11-15,1.0548300668762205,1.3468556871149904,0.8090774916427439,1.756179230963245,random_forest,HUANUCO
2021-11-22,0.6592687917976355,1.0787774380920094,0.6456812172782662,1.6294966662453725,random_forest,HUANUCO
2021-11-29,0.7471712973706545,0.7770578774338357,0.378767407559869,1.0843774169219094,random_forest,HUANUCO
2021-12-06,0.8350738029436733,0.8075354172785211,0.439084500506764,1.082456349794432,random_forest,HUANUCO
2021-12-13,0.6153175390111262,0.9305050991724956,0.6153175390111262,1.1866838252357488,random_forest,HUANUCO
2021-12-20,0.4395125278650885,0.6074007951128422,0.27419202932542336,0.9904369806235768,random_forest,HUANUCO
2021-12-27,0.5274150334381074,0.46798355733490754,0.23876062886107083,0.7584887449631809,random_forest,HUANUCO
2022-01-03,0.5719255027476713,0.4594539739201359,0.29249183603292433,0.637293165404381,random_forest,HUANUCO
2022-01-10,0.7050840996609935,0.4652864104642844,0.24891263989011314,0.6776520727661933,random_forest,HUANUCO
2022-01-17,0.794477849295491,0.8289451691333699,0.39553452336868383,1.1119039799214865,random_forest,HUANUCO
2022-01-24,1.0151661407664623,0.9527558603822992,0.5926826438260738,1.1719549827660103,random_forest,HUANUCO
2022-01-31,1.1475791156490451,1.0686453034173602,0.6438359167972194,1.4148234304801035,random_forest,HUANUCO
2022-02-07,0.8827531658838796,1.182498019556875,0.6969198928181561,1.5654670853849455,random_forest,HUANUCO
2022-02-14,0.8827531658838795,0.8871909942348518,0.6078741352527731,1.1661826959757429,random_forest,HUANUCO
2022-02-21,0.6620648744129083,0.9527590106875107,0.6686084330147688,1.155307826822925,random_forest,HUANUCO
2022-02-28,1.456542723708405,0.7702554288498841,0.43950306004843004,1.0561516211267241,random_forest,HUANUCO
2022-03-07,1.5006803820025993,1.4251664256295151,1.0104340021844866,2.062173300350253,random_forest,HUANUCO
2022-03-14,1.5448180402967935,1.530966301327995,1.0550613388700587,2.2816926073137203,random_forest,HUANUCO
2022-03-21,1.2358544322374336,1.5656386357422374,1.055210702032746,2.324863451807002,random_forest,HUANUCO
2022-03-28,1.8537816483561533,1.2585962451890458,0.8921976397404727,1.6973885674384426,random_forest,HUANUCO
2022-04-04,2.3834335478864843,1.709118562400204,1.1842786050367917,2.3911800464997106,random_forest,HUANUCO
2022-04-11,2.5158465227690674,2.62593053935484,1.9420716554409916,3.3974265172717577,random_forest,HUANUCO
2022-04-18,2.824810130828427,2.5462129691818602,1.8353109942633357,3.4601110017512355,random_forest,HUANUCO
2022-04-25,2.824810130828427,2.996356924680886,2.051863734688815,3.4276787395896684,random_forest,HUANUCO
2022-05-02,3.0896360805935927,3.0431328711727827,2.2975412514181577,3.4506065395837293,random_forest,HUANUCO
2022-05-09,2.824810130828427,3.123732323236167,2.497925785316698,3.9415274959025988,random_forest,HUANUCO
2022-05-16,2.95722310571101,3.038845983040519,2.20635847704957,3.438417894536551,random_forest,HUANUCO
2022-05-23,2.5599841810632618,2.990576294953922,2.824810130828427,3.366059232170523,random_forest,HUANUCO
2022-05-30,2.0303322815329308,2.3781319713290943,1.78225586065135,3.2053645604215415,random_forest,HUANUCO
2022-06-06,1.5889556985909878,2.0747828679017086,1.5435189925224428,2.7880828626984813,random_forest,HUANUCO
2022-06-13,1.6772310151793761,1.6137762601198458,1.2243833061436826,1.992838857256426,random_forest,HUANUCO
2022-06-20,1.9420569649445418,1.6174414732325044,1.3229176396836477,1.9515064703642833,random_forest,HUANUCO
2022-06-27,2.295158231298096,1.9960748640143804,1.3531220014076488,2.546392786604679,random_forest,HUANUCO
2022-07-04,1.8537816483561533,2.320458798529236,1.8444570617388196,2.676488637106472,random_forest,HUANUCO
2022-07-11,1.5889556985909878,1.6741079329766189,1.2629226812099021,2.28139144746349,random_forest,HUANUCO
2022-07-18,1.7655063317677648,1.5088410458759993,1.1210315815486676,1.9208432149258208,random_forest,HUANUCO
2022-07-25,2.1627452564155134,1.6648256645877502,1.1637702625633646,2.3320218550808547,random_forest,HUANUCO
2022-08-01,2.0744699398271247,2.203591972735029,1.6529950637027007,2.6698487848200934,random_forest,HUANUCO
2022-08-08,1.456542723708405,1.8535359737404198,1.469323783848751,2.350351277041473,random_forest,HUANUCO
2022-08-15,1.0151661407664623,1.5181578837268785,1.12872538249304,1.9768056866983768,random_forest,HUANUCO
2022-08-22,0.7944778492954909,0.9960459871617886,0.5788631096741962,1.3549591553580482,random_forest,HUANUCO
2022-08-29,0.9268908241780739,0.7981954907469903,0.5274150334381075,1.2567872879490785,random_forest,HUANUCO
2022-09-05,1.0593037990606566,0.8492023303970214,0.5274150334381075,1.264627471791442,random_forest,HUANUCO
2022-09-12,1.3682674071200165,1.237946007772005,0.6681034718030228,1.5306269180834504,random_forest,HUANUCO
2022-09-19,1.1475791156490451,1.4907378349914813,1.0249537609512822,2.0795738429070814,random_forest,HUANUCO
2022-09-26,1.2799920905316278,1.1530795806441776,0.7102941480602659,1.5767740026527823,random_forest,HUANUCO
2022-10-03,1.0593037990606566,1.4628559163693227,0.9302196610181479,1.9361364876581124,random_forest,HUANUCO
2022-10-10,0.9268908241780737,1.1888963689208858,0.7365746064878846,1.4949294863881675,random_forest,HUANUCO
2022-10-17,0.7503401910012967,0.9320042202264125,0.6008125227398655,1.3737710749480117,random_forest,HUANUCO
2022-10-24,1.2358544322374334,0.9214733726634919,0.5567158686291137,1.3776317030260221,random_forest,HUANUCO
2022-10-31,1.4124050654142106,1.315608568315392,0.9955408878104242,1.742204099088686,random_forest,HUANUCO
2022-11-07,1.5006803820025991,1.367018960616872,0.9841932569497562,1.7837361683966397,random_forest,HUANUCO
2022-11-14,1.1034414573548508,1.4690956410023508,1.0887729360261122,1.9699886898731738,random_forest,HUANUCO
2022-11-21,1.015166140766462,1.0490014976463924,0.6938926120483414,1.6687748065365196,random_forest,HUANUCO
2022-11-28,1.5006803820025991,0.8401736572579906,0.6440149597094974,1.1771171055865624,random_forest,HUANUCO
2022-12-05,1.7655063317677646,1.4968155100781857,1.002658171351069,2.2659677448437163,random_forest,HUANUCO
2022-12-12,1.9420569649445418,1.792026801353677,1.113199231172919,2.393266110764853,random_forest,HUANUCO
2022-12-19,1.5448180402967935,1.949185196062563,1.2204229900209225,2.5929664477138408,random_forest,HUANUCO
2022-12-26,1.1034414573548508,1.5562141339120625,0.9982061754788425,2.3380948702285167,random_forest,HUANUCO
2023-01-02,1.1058601942362243,1.0721913147546998,0.7699998995379027,1.5919539892411827,random_forest,HUANUCO
2023-01-09,0.8863812712059397,1.1062650889777623,0.7836405336924311,1.5066596004749728,random_forest,HUANUCO
2023-01-16,1.0207292355936215,0.9013572179406483,0.647045931851111,1.2369578736947888,random_forest,HUANUCO
2023-01-23,0.9763497036112897,1.1580322699647008,0.7828735352845491,1.4938913892989119,random_forest,HUANUCO
2023-01-30,1.3757654914522746,0.9850965954088758,0.7486999243683955,1.3211791686410346,random_forest,HUANUCO
2023-02-06,1.1982473635229478,1.3776664703302077,1.0212066944722777,1.7001245440539257,random_forest,HUANUCO
2023-02-13,1.0207292355936215,1.1327984935123854,0.8125062887026505,1.6451294736764326,random_forest,HUANUCO
2023-02-20,0.7544520436996317,0.9665818825557335,0.7052280844754107,1.3692839031590303,random_forest,HUANUCO
2023-02-27,1.0207292355936215,0.9951965085320215,0.6701754380771137,1.3969579750147807,random_forest,HUANUCO
2023-03-06,1.3313859594699429,1.1879995792806821,0.7607889042228129,1.521071714332621,random_forest,HUANUCO
2023-03-13,1.464524555416938,1.3929261005856255,0.9890860502823471,1.8187378888781947,random_forest,HUANUCO
2023-03-20,1.908319875240254,1.4814830414605424,1.1389257916101923,1.9610815698797768,random_forest,HUANUCO
2023-03-27,2.0414584711872488,2.024269801279988,1.418380333316437,2.6203716533511905,random_forest,HUANUCO
2023-04-03,2.574012854975228,2.0604080763318793,1.496862097254241,2.7672225287881775,random_forest,HUANUCO
2023-04-10,3.017808174798544,2.6084252417212763,1.9779371963579568,3.099221807485003,random_forest,HUANUCO
2023-04-17,4.0385374103921725,3.058760972811208,2.7548747323370897,3.4202456467405367,random_forest,HUANUCO
2023-04-24,4.748609922109478,5.2076639419411945,2.890823997305568,7.070164992886375,random_forest,HUANUCO
2023-05-01,5.769339157703105,5.590128864970902,3.015413299356237,7.070164992886375,random_forest,HUANUCO
2023-05-08,5.63620056175611,5.997469591013709,3.487925572847586,7.427218632459253,random_forest,HUANUCO
2023-05-15,5.9024777536501,6.146295138752863,4.512318309229929,7.427218632459253,random_forest,HUANUCO
2023-05-22,5.991236817614763,5.2518145524171205,3.2074520090880556,6.270900250439948,random_forest,HUANUCO
2023-05-29,7.1894841811377175,5.241063626774655,3.138711708719953,7.058173271354831,random_forest,HUANUCO
2023-06-05,7.6332795009610335,5.430185662213323,3.0051444442480304,7.701105570715726,random_forest,HUANUCO
2023-06-12,7.322622777084711,6.072872635084882,4.649732028546752,8.197936895820758,random_forest,HUANUCO
2023-06-19,6.390652605455748,7.079695607458846,5.2404886847727035,8.51638693393853,random_forest,HUANUCO
2023-06-26,5.813718689685437,6.768462663588829,4.848750620696176,8.347777723622842,random_forest,HUANUCO
2023-07-03,4.881748518056472,5.860668899442817,4.6155670755855525,8.293707506719404,random_forest,HUANUCO
2023-07-10,4.393573666250824,5.479702309874782,4.1145906906395435,7.582544328301019,random_forest,HUANUCO
2023-07-17,3.372844430657197,4.4443457455689135,3.417463303116598,5.3573812797831675,random_forest,HUANUCO
2023-07-24,3.5059830266041927,3.0598246683663306,2.2976894979065023,4.637192142335723,random_forest,HUANUCO
2023-07-31,3.2840853666925347,2.932050614272452,2.2686409703661514,4.063251471540143,random_forest,HUANUCO
2023-08-07,3.150946770745539,2.875247144777928,2.226130476534311,3.889537200941333,random_forest,HUANUCO
2023-08-14,2.3077356630812385,3.095806226861905,2.4272154717622536,3.431369565827874,random_forest,HUANUCO
2023-08-21,1.5976631513639326,2.08612273959385,1.861133387551417,2.4524063339589595,random_forest,HUANUCO
2023-08-28,0.9763497036112897,1.6442727631854945,1.208424881831796,1.9175097323468318,random_forest,HUANUCO
2023-09-04,0.8875906396466263,1.0208808909505966,0.6258097144190974,1.6792236209135527,random_forest,HUANUCO
2023-09-11,1.0651087675759527,0.9259871578857328,0.599668390912866,1.3061492220101827,random_forest,HUANUCO
2023-09-18,1.3313859594699426,1.1999316583264237,0.809954634139754,1.5205656712267115,random_forest,HUANUCO
2023-09-25,1.2870064274876112,1.4238145807059832,1.0570983162503742,1.925222659886132,random_forest,HUANUCO
2023-10-02,1.2870064274876112,1.3455650776623183,1.011273280734094,1.8092935183941254,random_forest,HUANUCO
2023-10-09,1.2870064274876112,1.3807684710679595,1.0023545856712663,2.0630981592206217,random_forest,HUANUCO
2023-10-16,1.1982473635229478,1.382857269030643,0.9772649263477922,2.0682091642099496,random_forest,HUANUCO
2023-10-23,0.9763497036112897,1.1929426670929844,0.7803248860936529,1.7255728127022687,random_forest,HUANUCO
2023-10-30,1.1538678315406161,1.0226182658115286,0.6895105711180184,1.4382229367274368,random_forest,HUANUCO
2023-11-06,1.2870064274876112,1.2285070501423752,0.9289419102614099,1.5856432838351822,random_forest,HUANUCO
2023-11-13,1.5976631513639326,1.3532391024947867,1.020019718621729,1.7359809544248965,random_forest,HUANUCO
2023-11-20,1.908319875240254,1.4949226154860127,1.0661475022469222,2.1511597647880945,random_forest,HUANUCO
2023-11-27,1.8639403432579222,2.0176258860362686,1.199616290476503,2.5808639642854843,random_forest,HUANUCO
2023-12-04,1.8639403432579222,1.8242070096455885,1.4030289593176046,2.4787050547964755,random_forest,HUANUCO
2023-12-11,1.3757654914522746,1.8415170698082057,1.3924332100480938,2.491139026380613,random_forest,HUANUCO
2023-12-18,1.3313859594699429,1.5016418895712855,1.063367397348457,1.8520038213962993,random_forest,HUANUCO
2023-12-25,0.9319701716289582,1.4491831564058397,1.0338870058516927,1.8378481569068117,random_forest,HUANUCO
2005-12-26,6.605680170819316,6.113422870635986,5.613821506500244,6.647357940673828,xgboost,HUANUCO
2006-01-02,6.802896056094311,7.250640392303467,6.495185375213623,8.272664070129395,xgboost,HUANUCO
2006-01-09,6.8725864539887285,7.00376558303833,6.6143107414245605,7.480670928955078,xgboost,HUANUCO
2006-01-16,6.626659315492596,7.069509983062744,6.47293758392334,7.6674065589904785,xgboost,HUANUCO
2006-01-23,6.0081711127132875,6.374784469604492,6.012214660644531,6.7710466384887695,xgboost,HUANUCO
2006-01-30,5.5663938250137805,5.996806621551514,5.577466011047363,6.3702712059021,xgboost,HUANUCO
2006-02-06,4.5061283345349645,5.741393089294434,5.450262546539307,6.135042667388916,xgboost,HUANUCO
2006-02-13,3.7551069454458035,5.147650718688965,4.796329498291016,5.619543075561523,xgboost,HUANUCO
2006-02-20,4.108528775605409,4.701971530914307,4.058873176574707,5.563562870025635,xgboost,HUANUCO
2006-02-27,5.080438808544323,4.807547092437744,4.198879241943359,5.715831279754639,xgboost,HUANUCO
2006-03-06,6.0965265702531894,5.6312103271484375,5.276016712188721,6.019169330596924,xgboost,HUANUCO
2006-03-13,5.831460197633485,6.53212833404541,6.1310272216796875,7.045638084411621,xgboost,HUANUCO
2006-03-20,5.5663938250137805,6.008086204528809,5.618299961090088,6.377285957336426,xgboost,HUANUCO
2006-03-27,4.815372435924619,5.375758647918701,5.048438549041748,5.764357566833496,xgboost,HUANUCO
2006-04-03,6.140704299023139,5.289802551269531,4.931089401245117,5.654884338378906,xgboost,HUANUCO
2006-04-10,6.096526570253189,6.834082126617432,6.40493631362915,7.244819164276123,xgboost,HUANUCO
2006-04-17,7.2451475182719065,6.81369161605835,6.475037574768066,7.219075679779053,xgboost,HUANUCO
2006-04-24,6.759192501802448,7.9643964767456055,7.451979637145996,8.45359992980957,xgboost,HUANUCO
2006-05-01,7.819457992281265,7.753936767578125,7.322259902954102,8.15819263458252,xgboost,HUANUCO
2006-05-08,10.735188091098008,8.654688835144043,8.05040168762207,9.0847749710083,xgboost,HUANUCO
2006-05-15,12.85571907205564,11.469112396240234,10.734685897827148,12.128276824951172,xgboost,HUANUCO
2006-05-22,13.562562732374849,12.4229736328125,11.60483455657959,13.363884925842285,xgboost,HUANUCO
2006-05-29,12.723185885745787,12.213441848754883,11.503664016723633,13.434505462646484,xgboost,HUANUCO
2006-06-05,11.707098124036923,11.815442085266113,10.873688697814941,13.149417877197266,xgboost,HUANUCO
2006-06-12,12.76736361451574,11.094677925109863,10.25036907196045,11.96141529083252,xgboost,HUANUCO
2006-06-19,12.193053140506379,11.82713508605957,10.842453002929688,12.866728782653809,xgboost,HUANUCO
2006-06-26,12.016342225426577,11.40139102935791,10.454093933105469,12.389335632324219,xgboost,HUANUCO
2006-07-03,11.088609921257612,10.924511909484863,9.889100074768066,12.05749225616455,xgboost,HUANUCO
2006-07-10,10.3817662609384,10.77719497680664,9.811266899108887,11.489396095275879,xgboost,HUANUCO
2006-07-17,9.895811244468945,9.981417655944824,9.411199569702148,10.859784126281738,xgboost,HUANUCO
2006-07-24,8.835545753990129,9.273860931396484,8.672505378723145,9.832139015197754,xgboost,HUANUCO
2006-07-31,8.570479381370426,7.9633402824401855,7.488252639770508,8.55216121673584,xgboost,HUANUCO
2006-08-07,8.658834838910325,7.8585896492004395,7.414291858673096,8.227685928344727,xgboost,HUANUCO
2006-08-14,7.598569348431511,7.923362731933594,7.501672267913818,8.494669914245605,xgboost,HUANUCO
2006-08-21,6.670837044262547,7.0019683837890625,6.582010269165039,7.4166717529296875,xgboost,HUANUCO
2006-08-28,5.080438808544322,6.493180274963379,6.256938457489014,6.733973503112793,xgboost,HUANUCO
2006-09-04,5.478038367473879,5.194671630859375,4.705219268798828,5.757843971252441,xgboost,HUANUCO
2006-09-11,4.550306063304914,5.661198139190674,5.12906551361084,6.248452186584473,xgboost,HUANUCO
2006-09-18,4.373595148225111,4.761582374572754,4.140357494354248,5.144965648651123,xgboost,HUANUCO
2006-09-25,4.108528775605408,5.4374098777771,4.913679599761963,5.995547294616699,xgboost,HUANUCO
2006-10-02,4.5061283345349645,4.674527645111084,4.278219699859619,5.292300224304199,xgboost,HUANUCO
2006-10-09,4.992083351004421,4.924798488616943,4.532471656799316,5.633156776428223,xgboost,HUANUCO
2006-10-16,5.080438808544323,5.631533622741699,5.225221633911133,6.116993427276611,xgboost,HUANUCO
2006-10-23,5.0362610797743725,5.745568752288818,5.253567695617676,6.280632019042969,xgboost,HUANUCO
2006-10-30,5.698927011323633,5.36395263671875,5.108859539031982,5.72138786315918,xgboost,HUANUCO
2006-11-06,5.478038367473879,5.64970588684082,5.286790370941162,6.340192794799805,xgboost,HUANUCO
2006-11-13,5.875637926403435,5.6987128257751465,5.219792366027832,6.282461643218994,xgboost,HUANUCO
2006-11-20,5.478038367473879,6.300226211547852,5.695595741271973,6.914515018463135,xgboost,HUANUCO
2006-11-27,6.582481586722646,5.420802116394043,5.08895206451416,5.759936809539795,xgboost,HUANUCO
2006-12-04,6.538303857952695,6.734675884246826,6.313238143920898,7.16756534576416,xgboost,HUANUCO
2006-12-11,6.670837044262547,6.781184673309326,6.2835869789123535,7.289225101470947,xgboost,HUANUCO
2006-12-18,6.449948400412793,7.044026851654053,6.5403265953063965,7.711309432983398,xgboost,HUANUCO
2006-12-25,6.361592942872892,6.44127893447876,6.106503009796143,6.805495738983154,xgboost,HUANUCO
2007-01-01,6.209881972916986,6.3894429206848145,5.835021018981934,6.970435619354248,xgboost,HUANUCO
2007-01-08,5.266539844850073,6.431646823883057,5.796666145324707,7.144217491149902,xgboost,HUANUCO
2007-01-15,5.204076322371097,5.710458278656006,5.110965728759766,6.273950099945068,xgboost,HUANUCO
2007-01-22,4.6355637829524055,5.288034915924072,4.937906742095947,5.641435146331787,xgboost,HUANUCO
2007-01-29,5.160344588569658,4.984224796295166,4.420876979827881,5.368456840515137,xgboost,HUANUCO
2007-02-05,4.723027250555281,5.520864486694336,5.120477676391602,5.803633689880371,xgboost,HUANUCO
2007-02-12,5.291539789973972,5.255838871002197,4.677982330322266,5.609818458557129,xgboost,HUANUCO
2007-02-19,4.591832049150967,5.530988693237305,5.0721588134765625,5.996179103851318,xgboost,HUANUCO
2007-02-26,4.679295516753842,5.044182777404785,4.740023136138916,5.267769813537598,xgboost,HUANUCO
2007-03-05,3.979587775930838,5.298855304718018,4.969862937927246,5.610871315002441,xgboost,HUANUCO
2007-03-12,3.760929106923648,4.7636332511901855,4.410966873168945,5.0815558433532715,xgboost,HUANUCO
2007-03-19,3.4548069703135837,4.362935543060303,3.9078636169433594,4.988074779510498,xgboost,HUANUCO
2007-03-26,3.4548069703135837,4.57555627822876,4.156982898712158,5.145563125610352,xgboost,HUANUCO
2007-04-02,3.673465639320773,4.5526909828186035,4.121180057525635,5.285116672515869,xgboost,HUANUCO
2007-04-09,4.416905113945216,4.5028252601623535,4.076585292816162,5.086652755737305,xgboost,HUANUCO
2007-04-16,5.116612854768221,4.722398281097412,4.299500942230225,5.152767181396484,xgboost,HUANUCO
2007-04-23,6.253637933605604,5.625915050506592,5.0530829429626465,6.255547046661377,xgboost,HUANUCO
2007-04-30,6.647223537818544,6.495857238769531,6.0729594230651855,6.854824542999268,xgboost,HUANUCO
2007-05-07,8.30902942227318,7.656290054321289,7.223172187805176,8.145874977111816,xgboost,HUANUCO
2007-05-14,8.52768809128037,9.041853904724121,8.363195419311523,9.664073944091797,xgboost,HUANUCO
2007-05-21,9.271127565904813,8.961583137512207,8.271350860595703,9.633478164672852,xgboost,HUANUCO
2007-05-28,8.177834220868869,9.855633735656738,8.921334266662598,11.008130073547363,xgboost,HUANUCO
2007-06-04,8.440224623677494,9.368083953857422,8.386800765991211,10.27450180053711,xgboost,HUANUCO
2007-06-11,8.92127369549331,9.116595268249512,8.33331298828125,10.037345886230469,xgboost,HUANUCO
2007-06-18,9.31485929970625,9.070430755615234,8.268111228942871,10.094327926635742,xgboost,HUANUCO
2007-06-25,8.833810227890433,9.442072868347168,8.596107482910156,10.35008430480957,xgboost,HUANUCO
2007-07-02,7.5218582138473,8.495080947875977,8.101400375366211,8.9479398727417,xgboost,HUANUCO
2007-07-09,7.303199544840112,7.9441046714782715,7.515435695648193,8.41457748413086,xgboost,HUANUCO
2007-07-16,7.128272609634361,7.769944190979004,7.394478797912598,8.293889999389648,xgboost,HUANUCO
2007-07-23,6.690955271619981,7.65997314453125,7.221261024475098,8.090733528137207,xgboost,HUANUCO
2007-07-30,5.685125394186912,7.121102809906006,6.680300712585449,7.540623188018799,xgboost,HUANUCO
2007-08-06,6.078710998399853,6.080700397491455,5.665902614593506,6.532483100891113,xgboost,HUANUCO
2007-08-13,6.078710998399853,6.575935363769531,6.1601948738098145,6.908639907836914,xgboost,HUANUCO
2007-08-20,7.040809142031485,6.10990047454834,5.801506042480469,6.4004034996032715,xgboost,HUANUCO
2007-08-27,5.860052329392663,7.011936664581299,6.613321781158447,7.476519584655762,xgboost,HUANUCO
2007-09-03,5.553930192782599,6.138008117675781,5.6836957931518555,6.533883094787598,xgboost,HUANUCO
2007-09-10,4.023319509732275,5.658120632171631,5.25131368637085,6.064630508422852,xgboost,HUANUCO
2007-09-17,4.198246444938026,4.929179668426514,4.5196380615234375,5.543737411499023,xgboost,HUANUCO
2007-09-24,4.723027250555281,4.9368815422058105,4.2108869552612305,5.462878704071045,xgboost,HUANUCO
2007-10-01,5.072881120966783,5.157708644866943,4.808418273925781,5.488630771636963,xgboost,HUANUCO
2007-10-08,5.379003257576848,5.379781246185303,4.94923734664917,5.908022880554199,xgboost,HUANUCO
2007-10-15,4.985417653363907,5.413341045379639,4.856196880340576,5.841521739959717,xgboost,HUANUCO
2007-10-22,5.116612854768221,5.406256198883057,5.0686163902282715,5.913797855377197,xgboost,HUANUCO
2007-10-29,5.204076322371097,5.291335105895996,5.041933059692383,5.615841865539551,xgboost,HUANUCO
2007-11-05,5.772588861789788,5.412343502044678,5.071117401123047,5.777987480163574,xgboost,HUANUCO
2007-11-12,7.040809142031485,5.58233118057251,5.149996280670166,6.228134632110596,xgboost,HUANUCO
2007-11-19,6.428564868811354,6.701732158660889,6.49018669128418,6.922232627868652,xgboost,HUANUCO
2007-11-26,5.772588861789788,6.682635307312012,6.26863956451416,7.090208530426025,xgboost,HUANUCO
2007-12-03,4.766758984356718,6.270317077636719,5.676205158233643,6.878447532653809,xgboost,HUANUCO
2007-12-10,4.810490718158156,5.53407621383667,5.009472370147705,5.990535736083984,xgboost,HUANUCO
2007-12-17,5.204076322371097,5.385452747344971,4.923266410827637,5.720543384552002,xgboost,HUANUCO
2007-12-24,4.32944164634234,5.483634948730469,5.215628623962402,5.842521667480469,xgboost,HUANUCO
2007-12-31,4.766758984356718,4.61939811706543,4.309066295623779,4.98116397857666,xgboost,HUANUCO
2008-01-07,4.111146147283977,4.7875494956970215,4.428963661193848,5.127861022949219,xgboost,HUANUCO
2008-01-14,5.161291424507668,4.461256980895996,4.063889026641846,4.778908729553223,xgboost,HUANUCO
2008-01-21,4.943151569713088,5.148289680480957,4.674714088439941,5.530214309692383,xgboost,HUANUCO
2008-01-28,5.380598611280618,5.071315288543701,4.761289119720459,5.346833229064941,xgboost,HUANUCO
2008-02-04,4.636938640615817,5.13553524017334,4.78104829788208,5.475774765014648,xgboost,HUANUCO
2008-02-11,4.549449232302312,4.643176078796387,4.196291446685791,5.04750394821167,xgboost,HUANUCO
2008-02-18,4.330725711518546,4.65505838394165,4.4057159423828125,5.023451805114746,xgboost,HUANUCO
2008-02-25,4.24323630320504,4.6246747970581055,4.25658655166626,4.900415897369385,xgboost,HUANUCO
2008-03-03,3.6308104450104977,4.617976665496826,4.313082218170166,5.000264644622803,xgboost,HUANUCO
2008-03-10,3.7182998533240035,4.20885705947876,3.874091386795044,4.616612434387207,xgboost,HUANUCO
2008-03-17,4.724428048929323,3.7141506671905518,3.4012205600738525,4.069466590881348,xgboost,HUANUCO
2008-03-24,5.905535061161655,4.419885158538818,4.124853134155273,4.975957870483398,xgboost,HUANUCO
2008-03-31,6.474216215199443,5.730240345001221,5.215473651885986,6.423051834106445,xgboost,HUANUCO
2008-04-07,6.386726806885938,6.452803134918213,5.952027797698975,6.949141025543213,xgboost,HUANUCO
2008-04-14,6.56170562351295,6.439155578613281,6.141017436981201,6.691318988800049,xgboost,HUANUCO
2008-04-21,7.217876185864244,6.5392231941223145,6.134531021118164,6.9106831550598145,xgboost,HUANUCO
2008-04-28,8.486472606410082,7.167665481567383,6.8506388664245605,7.513357639312744,xgboost,HUANUCO
2008-05-05,9.273877281231636,8.803107261657715,8.332477569580078,9.377988815307617,xgboost,HUANUCO
2008-05-12,9.930047843582933,9.991503715515137,8.945816040039062,11.088823318481445,xgboost,HUANUCO
2008-05-19,10.236260772680204,10.722578048706055,9.596105575561523,11.646008491516113,xgboost,HUANUCO
2008-05-26,10.32375018099371,9.976414680480957,9.221166610717773,10.901679039001465,xgboost,HUANUCO
2008-06-02,9.580090210328908,10.063387870788574,9.336159706115723,10.706363677978516,xgboost,HUANUCO
2008-06-09,8.180259677312813,9.256649017333984,8.547551155090332,9.891969680786133,xgboost,HUANUCO
2008-06-16,7.480344410804764,8.1743745803833,7.7957563400268555,8.69573974609375,xgboost,HUANUCO
2008-06-23,7.261620890020999,7.694089412689209,7.315060615539551,8.105993270874023,xgboost,HUANUCO
2008-06-30,7.261620890020999,7.3486223220825195,7.024194240570068,7.720320701599121,xgboost,HUANUCO
2008-07-07,7.874046748215541,7.368165493011475,7.042114734649658,7.658954620361328,xgboost,HUANUCO
2008-07-14,7.042897369237234,7.700572490692139,7.3735456466674805,8.020113945007324,xgboost,HUANUCO
2008-07-21,5.905535061161654,6.942385196685791,6.666707992553711,7.300091743469238,xgboost,HUANUCO
2008-07-28,4.855662161399581,6.149630546569824,5.560089588165283,6.6783976554870605,xgboost,HUANUCO
2008-08-04,4.9431515697130886,5.5952324867248535,5.155302047729492,6.230925559997559,xgboost,HUANUCO
2008-08-11,5.818045652848149,5.019235134124756,4.676374435424805,5.452208995819092,xgboost,HUANUCO
2008-08-18,6.474216215199443,5.813619136810303,5.402495861053467,6.286299228668213,xgboost,HUANUCO
2008-08-25,7.5678338191182695,6.161028861999512,5.789253234863281,6.512461185455322,xgboost,HUANUCO
2008-09-01,7.217876185864245,6.940275192260742,6.481510162353516,7.438431739807129,xgboost,HUANUCO
2008-09-08,5.99302446947516,6.441166400909424,6.024378299713135,6.868027210235596,xgboost,HUANUCO
2008-09-15,4.4619598239888045,5.7483696937561035,5.266157150268555,6.184483051300049,xgboost,HUANUCO
2008-09-22,4.1994915990482875,4.776360034942627,4.3681182861328125,5.525878429412842,xgboost,HUANUCO
2008-09-29,4.286981007361793,4.688626289367676,4.348632335662842,5.05465841293335,xgboost,HUANUCO
2008-10-06,4.811917457242829,4.643515110015869,4.389147758483887,4.8715715408325195,xgboost,HUANUCO
2008-10-13,4.943151569713088,5.1694183349609375,4.845901012420654,5.551637649536133,xgboost,HUANUCO
2008-10-20,4.943151569713088,5.165450572967529,4.95408821105957,5.410332202911377,xgboost,HUANUCO
2008-10-27,4.811917457242829,5.132564067840576,4.9810967445373535,5.352168083190918,xgboost,HUANUCO
2008-11-03,4.1994915990482875,5.243844509124756,4.918161869049072,5.691894054412842,xgboost,HUANUCO
2008-11-10,4.330725711518546,4.745353698730469,4.478691577911377,5.060768127441406,xgboost,HUANUCO
2008-11-17,3.9370233741077687,4.656445503234863,4.341073989868164,4.880420684814453,xgboost,HUANUCO
2008-11-24,4.505704528145558,4.0895514488220215,3.7566704750061035,4.547661304473877,xgboost,HUANUCO
2008-12-01,3.8057892616375093,4.572914123535156,4.187612056732178,4.944072723388672,xgboost,HUANUCO
2008-12-08,3.893278669951016,4.2494916915893555,3.9217143058776855,4.575980186462402,xgboost,HUANUCO
2008-12-15,3.2808528117564735,4.355094909667969,4.012960910797119,4.712658405303955,xgboost,HUANUCO
2008-12-22,3.4995763325402387,3.7213003635406494,3.3882081508636475,4.136005401611328,xgboost,HUANUCO
2008-12-29,4.855662161399581,3.9033021926879883,3.457784414291382,4.3657379150390625,xgboost,HUANUCO
2009-01-05,4.855908744374845,5.079981803894043,4.641687393188477,5.532438278198242,xgboost,HUANUCO
2009-01-12,4.374963581625824,5.0768866539001465,4.723618507385254,5.424068927764893,xgboost,HUANUCO
2009-01-19,2.6692186146930386,4.45079231262207,4.21823787689209,4.83928108215332,xgboost,HUANUCO
2009-01-26,2.625460932484956,3.87188982963562,3.531156539916992,4.3012566566467285,xgboost,HUANUCO
2009-02-02,2.4504302036526253,4.1464314460754395,3.8976242542266846,4.449929237365723,xgboost,HUANUCO
2009-02-09,2.494187885860708,4.0520429611206055,3.7225961685180664,4.536199569702148,xgboost,HUANUCO
2009-02-16,2.187884110404129,2.844507932662964,2.3112146854400635,3.4166879653930664,xgboost,HUANUCO
2009-02-23,2.0128533815717984,2.8972625732421875,2.3242673873901367,3.6183149814605713,xgboost,HUANUCO
2009-03-02,2.0128533815717984,2.953951358795166,2.262054920196533,3.5418717861175537,xgboost,HUANUCO
2009-03-09,2.7567339791092036,3.3095881938934326,2.4355337619781494,3.9129137992858887,xgboost,HUANUCO
2009-03-16,3.238068483398113,2.650291919708252,2.251347541809082,3.0351011753082275,xgboost,HUANUCO
2009-03-23,3.4568568944385265,3.3837366104125977,2.8657279014587402,3.8068320751190186,xgboost,HUANUCO
2009-03-30,4.0257067631436,3.503070116043091,2.927401542663574,3.945772171020508,xgboost,HUANUCO
2009-04-06,4.9446180895133365,3.987384557723999,3.2745869159698486,4.716362953186035,xgboost,HUANUCO
2009-04-13,6.694925377836642,5.611113548278809,4.997013568878174,6.133235454559326,xgboost,HUANUCO
2009-04-20,7.745109750830626,7.041390419006348,6.419576644897461,7.651947975158691,xgboost,HUANUCO
2009-04-27,9.014082534865024,9.147833824157715,8.333660125732422,9.770553588867188,xgboost,HUANUCO
2009-05-04,8.707778759408447,10.068729400634766,9.566768646240234,10.63731575012207,xgboost,HUANUCO
2009-05-11,9.101597899281188,9.637176513671875,9.07624626159668,10.2653169631958,xgboost,HUANUCO
2009-05-18,9.45165935694585,9.575242042541504,9.010785102844238,10.463456153869629,xgboost,HUANUCO
2009-05-25,9.757963132402429,8.830489158630371,8.255216598510742,9.63081169128418,xgboost,HUANUCO
2009-06-01,9.276628628113519,9.30213737487793,8.714784622192383,10.137615203857422,xgboost,HUANUCO
2009-06-08,7.7888674330387095,8.633270263671875,8.232354164123535,9.419764518737793,xgboost,HUANUCO
2009-06-15,6.957471471085139,8.201176643371582,7.810436725616455,8.59908676147461,xgboost,HUANUCO
2009-06-22,5.688498687050742,7.130685329437256,6.634376525878906,7.414218902587891,xgboost,HUANUCO
2009-06-29,5.732256369258824,6.093136310577393,5.543608665466309,6.659544944763184,xgboost,HUANUCO
2009-07-06,4.4195259030163445,5.9243574142456055,5.346231460571289,6.367080211639404,xgboost,HUANUCO
2009-07-13,4.4195259030163445,4.552182674407959,4.3330559730529785,4.820596218109131,xgboost,HUANUCO
2009-07-20,3.6318876232708566,4.83095121383667,4.481559753417969,5.139071464538574,xgboost,HUANUCO
2009-07-27,4.113222127559766,4.402390003204346,4.099463939666748,4.752533912658691,xgboost,HUANUCO
2009-08-03,3.3693415300223606,4.451635360717773,4.1500349044799805,4.745959758758545,xgboost,HUANUCO
2009-08-10,3.3693415300223606,3.809898853302002,3.56485652923584,4.122488498687744,xgboost,HUANUCO
2009-08-17,2.975522390149616,3.9227731227874756,3.6731884479522705,4.249634742736816,xgboost,HUANUCO
2009-08-24,3.1943108011900296,3.9572982788085938,3.6607701778411865,4.409954071044922,xgboost,HUANUCO
2009-08-31,2.800491661317286,3.4866440296173096,3.0139663219451904,3.880106210708618,xgboost,HUANUCO
2009-09-07,3.4568568944385256,3.181241512298584,2.8295624256134033,3.5068225860595703,xgboost,HUANUCO
2009-09-14,3.631887623270856,3.672119140625,3.1379499435424805,3.964852809906006,xgboost,HUANUCO
2009-09-21,3.544372258854691,3.993842601776123,3.660639762878418,4.369827747344971,xgboost,HUANUCO
2009-09-28,3.150553118981947,3.800555467605591,3.4191722869873047,4.053071022033691,xgboost,HUANUCO
2009-10-05,3.0192800723576987,3.282437324523926,3.0389606952667236,3.5823891162872314,xgboost,HUANUCO
2009-10-12,3.1943108011900296,3.2198915481567383,2.8519856929779053,3.651071548461914,xgboost,HUANUCO
2009-10-19,2.53794556806879,2.916403293609619,2.4898998737335205,3.256546974182129,xgboost,HUANUCO
2009-10-26,2.6254609324849554,2.727234125137329,2.4364168643951416,3.0028648376464844,xgboost,HUANUCO
2009-11-02,2.494187885860707,2.6589057445526123,2.414933443069458,2.9403281211853027,xgboost,HUANUCO
2009-11-09,2.888007025733451,2.699721097946167,2.3536126613616943,3.0247080326080322,xgboost,HUANUCO
2009-11-16,2.4066725214445417,2.692305088043213,2.351146936416626,2.9674577713012695,xgboost,HUANUCO
2009-11-23,2.4066725214445417,2.67578125,2.372074604034424,2.885469436645508,xgboost,HUANUCO
2009-11-30,2.4504302036526244,2.492269277572632,2.204198122024536,2.7727673053741455,xgboost,HUANUCO
2009-12-07,2.888007025733451,2.515632390975952,2.287742853164673,2.8120367527008057,xgboost,HUANUCO
2009-12-14,2.756733979109203,2.817502737045288,2.435244083404541,3.339674472808838,xgboost,HUANUCO
2009-12-21,2.494187885860707,2.8307747840881348,2.5951690673828125,3.196242570877075,xgboost,HUANUCO
2009-12-28,1.4440035128667237,2.542405128479004,2.3233518600463867,2.8162171840667725,xgboost,HUANUCO
2010-01-04,2.0132299684434756,2.961609363555908,2.346245288848877,3.494147777557373,xgboost,HUANUCO
2010-01-11,2.494928073849867,2.7352118492126465,2.327068567276001,3.221243143081665,xgboost,HUANUCO
2010-01-18,3.3703414330954353,2.710928440093994,2.4283368587493896,3.0510294437408447,xgboost,HUANUCO
2010-01-25,2.8450934175480946,2.93996524810791,2.368426561355591,3.508998394012451,xgboost,HUANUCO
2010-02-01,2.2760747340384744,2.8504717350006104,2.5169379711151123,3.3805620670318604,xgboost,HUANUCO
2010-02-08,2.1009920621893605,2.619856595993042,2.402857542037964,2.983949899673462,xgboost,HUANUCO
2010-02-15,2.319845402000753,2.3618927001953125,2.1035587787628174,2.7171285152435303,xgboost,HUANUCO
2010-02-22,2.100992062189361,2.461198329925537,2.153686285018921,2.9238407611846924,xgboost,HUANUCO
2010-03-01,2.3636160699630318,2.1860973834991455,1.9189679622650146,2.802549123764038,xgboost,HUANUCO
2010-03-08,2.713781413661259,2.3938636779785156,2.093174695968628,2.913797378540039,xgboost,HUANUCO
2010-03-15,3.5016534369822714,2.8375985622406006,2.5935075283050537,3.1261472702026367,xgboost,HUANUCO
2010-03-22,3.545424104944549,3.628831624984741,3.1576290130615234,4.061148643493652,xgboost,HUANUCO
2010-03-29,3.6329654408691057,3.665879726409912,3.2665653228759766,4.254876136779785,xgboost,HUANUCO
2010-04-05,3.939360116605055,3.7243831157684326,3.31074595451355,4.159723281860352,xgboost,HUANUCO
2010-04-12,4.858544143812902,4.368763446807861,3.726862907409668,4.787205696105957,xgboost,HUANUCO
2010-04-19,5.558874831209358,5.908303737640381,5.119970321655273,6.591999530792236,xgboost,HUANUCO
2010-04-26,5.865269506945307,6.192112922668457,5.614903926849365,6.69120454788208,xgboost,HUANUCO
2010-05-03,7.397242885625052,6.575528621673584,5.998775005340576,7.032135963439941,xgboost,HUANUCO
2010-05-10,8.185114908946064,7.856898784637451,7.342768669128418,8.350375175476074,xgboost,HUANUCO
2010-05-17,8.929216264304797,8.813627243041992,8.333251953125,9.4168701171875,xgboost,HUANUCO
2010-05-24,9.323152275965304,9.299897193908691,8.986810684204102,9.74002742767334,xgboost,HUANUCO
2010-05-31,8.929216264304797,9.213287353515625,8.715278625488281,9.746453285217285,xgboost,HUANUCO
2010-06-07,9.191840272078467,8.631103515625,8.24843978881836,9.09249496459961,xgboost,HUANUCO
2010-06-14,8.797904260417962,7.897122859954834,7.391596794128418,8.5337553024292,xgboost,HUANUCO
2010-06-21,9.366922943927582,7.490256309509277,7.19036340713501,7.89247989654541,xgboost,HUANUCO
2010-06-28,9.14806960411619,7.5727009773254395,7.113733768463135,7.986338138580322,xgboost,HUANUCO
2010-07-05,8.403968248757456,7.950820446014404,7.464689254760742,8.664130210876465,xgboost,HUANUCO
2010-07-12,6.915765538039989,7.961408615112305,7.418553352355957,8.642515182495117,xgboost,HUANUCO
2010-07-19,6.565600194341761,5.921958923339844,5.320065021514893,6.512143135070801,xgboost,HUANUCO
2010-07-26,5.427562827322522,5.7982378005981445,5.27686071395874,6.170292854309082,xgboost,HUANUCO
2010-08-02,5.9090401749075845,5.2359418869018555,4.7722086906433105,5.729425430297852,xgboost,HUANUCO
2010-08-09,5.252480155473408,5.655167102813721,4.941472053527832,6.224180698394775,xgboost,HUANUCO
2010-08-16,4.5083788001146745,5.221548080444336,4.75331974029541,5.690257549285889,xgboost,HUANUCO
2010-08-23,3.1077174253217645,4.559278964996338,4.1979193687438965,5.026458263397217,xgboost,HUANUCO
2010-08-30,2.5386987418121447,3.2056796550750732,2.9056341648101807,3.5491833686828613,xgboost,HUANUCO
2010-09-06,2.4511574058875882,3.20072078704834,2.9381704330444336,3.561767339706421,xgboost,HUANUCO
2010-09-13,2.8888640855103724,2.9359142780303955,2.613157033920288,3.2910337448120117,xgboost,HUANUCO
2010-09-20,2.6262400777367017,2.8711724281311035,2.6504995822906494,3.1603033542633057,xgboost,HUANUCO
2010-09-27,2.6262400777367017,2.530272960662842,2.2799620628356934,2.8035154342651367,xgboost,HUANUCO
2010-10-04,2.9764054214349294,2.5839052200317383,2.356128215789795,2.888347864151001,xgboost,HUANUCO
2010-10-11,3.2828000971708775,2.7183592319488525,2.529386281967163,2.966864585876465,xgboost,HUANUCO
2010-10-18,3.457882769019992,2.9394149780273438,2.6592798233032227,3.25576114654541,xgboost,HUANUCO
2010-10-25,2.9326347534726502,3.3452000617980957,2.8879690170288086,3.749262809753418,xgboost,HUANUCO
2010-11-01,3.2390294292085997,2.91233229637146,2.52419114112854,3.218932628631592,xgboost,HUANUCO
2010-11-08,3.414112101057713,2.9917654991149902,2.7276716232299805,3.257911205291748,xgboost,HUANUCO
2010-11-15,3.370341433095435,3.132246494293213,2.733513355255127,3.3800644874572754,xgboost,HUANUCO
2010-11-22,3.1952587612463215,3.1378705501556396,2.9336206912994385,3.3450465202331543,xgboost,HUANUCO
2010-11-29,3.50165343698227,2.889061689376831,2.6252241134643555,3.146791696548462,xgboost,HUANUCO
2010-12-06,3.895589448642776,3.371073007583618,3.1029551029205322,3.795206069946289,xgboost,HUANUCO
2010-12-13,3.589194772906827,3.627014398574829,3.087024211883545,4.064979553222656,xgboost,HUANUCO
2010-12-20,3.457882769019992,3.49410343170166,3.1641669273376465,3.7712368965148926,xgboost,HUANUCO
2010-12-27,3.7205067767936626,3.3223702907562256,2.9690213203430176,3.5762383937835693,xgboost,HUANUCO
2011-01-03,3.6332123166836197,4.2539381980896,3.589414358139038,4.689797401428223,xgboost,HUANUCO
2011-01-10,3.458454481432551,4.0061445236206055,3.524367332458496,4.442684650421143,xgboost,HUANUCO
2011-01-17,3.1086399612602116,3.6237452030181885,3.407278299331665,3.8380515575408936,xgboost,HUANUCO
2011-01-24,3.152423622686412,2.901796579360962,2.652860164642334,3.1984386444091797,xgboost,HUANUCO
2011-01-31,2.8897216541292106,2.8455398082733154,2.579401969909668,3.1491663455963135,xgboost,HUANUCO
2011-02-07,2.495668701293408,2.7241365909576416,2.4955193996429443,3.0245542526245117,xgboost,HUANUCO
2011-02-14,2.80215433127681,2.5536465644836426,2.3155388832092285,2.7682056427001953,xgboost,HUANUCO
2011-02-21,3.021072638407811,2.668962001800537,2.4308109283447266,2.9143078327178955,xgboost,HUANUCO
2011-02-28,2.9772889769816113,2.7686564922332764,2.566620349884033,2.933138847351074,xgboost,HUANUCO
2011-03-07,2.7145870084244095,2.8987419605255127,2.629044771194458,3.204335927963257,xgboost,HUANUCO
2011-03-14,2.5832360241458088,2.9840891361236572,2.7334487438201904,3.2353761196136475,xgboost,HUANUCO
2011-03-21,2.93350531555541,3.0017621517181396,2.8236067295074463,3.193659543991089,xgboost,HUANUCO
2011-03-28,3.021072638407811,3.2066049575805664,2.9903204441070557,3.407794952392578,xgboost,HUANUCO
2011-04-04,3.6778275598008143,3.120137929916382,2.9447131156921387,3.2726047039031982,xgboost,HUANUCO
2011-04-11,4.115664174062817,3.847579002380371,3.5083553791046143,4.13002872467041,xgboost,HUANUCO
2011-04-18,4.72863543402962,4.525581359863281,4.0754218101501465,4.823694705963135,xgboost,HUANUCO
2011-04-25,4.991337402586821,5.633513927459717,5.06304931640625,6.18073844909668,xgboost,HUANUCO
2011-05-02,5.035121064013022,5.8963303565979,5.448051929473877,6.243354797363281,xgboost,HUANUCO
2011-05-09,5.998361615389427,5.66372013092041,5.297159671783447,6.0102667808532715,xgboost,HUANUCO
2011-05-16,7.005385828192032,6.624249458312988,5.995429039001465,7.165070533752441,xgboost,HUANUCO
2011-05-23,7.443222442454034,7.467705249786377,6.811614990234375,8.018930435180664,xgboost,HUANUCO
2011-05-30,7.049169489618232,7.849295616149902,7.584072589874268,8.115331649780273,xgboost,HUANUCO
2011-06-06,6.698900198208631,6.933855056762695,6.540253162384033,7.33479118347168,xgboost,HUANUCO
2011-06-13,7.268087796749234,6.665998458862305,6.083155155181885,7.244056224822998,xgboost,HUANUCO
2011-06-20,6.786467521061031,7.352412700653076,6.994539260864258,7.7012481689453125,xgboost,HUANUCO
2011-06-27,6.3048472453728275,6.507704734802246,6.06540060043335,6.976442813873291,xgboost,HUANUCO
2011-07-04,5.604308662553625,6.467423439025879,6.042325973510742,6.904379844665527,xgboost,HUANUCO
2011-07-11,5.516741339701224,5.487833023071289,5.077147960662842,5.974298477172852,xgboost,HUANUCO
2011-07-18,5.166472048291623,5.322481155395508,4.918604373931885,5.796178340911865,xgboost,HUANUCO
2011-07-25,5.341606693996423,5.267636775970459,5.032052993774414,5.572446346282959,xgboost,HUANUCO
2011-08-01,5.472957678275023,5.508412837982178,5.2429304122924805,5.829028606414795,xgboost,HUANUCO
2011-08-08,5.516741339701224,5.671646595001221,5.307568073272705,6.088230609893799,xgboost,HUANUCO
2011-08-15,4.4659334654724185,5.484125137329102,5.106489658355713,5.9344353675842285,xgboost,HUANUCO
2011-08-22,3.7216112212270147,4.185998916625977,3.472273111343384,4.999798774719238,xgboost,HUANUCO
2011-08-29,2.7145870084244095,3.771000623703003,3.4430394172668457,4.042694568634033,xgboost,HUANUCO
2011-09-05,2.8897216541292106,2.9840035438537598,2.7137553691864014,3.3730008602142334,xgboost,HUANUCO
2011-09-12,3.1086399612602116,3.096991777420044,2.8392717838287354,3.3861448764801025,xgboost,HUANUCO
2011-09-19,3.4589092526698137,3.1719589233398438,2.981264591217041,3.2983951568603516,xgboost,HUANUCO
2011-09-26,3.4151255912436134,3.4165101051330566,3.065023899078369,3.7259833812713623,xgboost,HUANUCO
2011-10-03,3.5464765755222136,3.4528110027313232,3.2510454654693604,3.6387410163879395,xgboost,HUANUCO
2011-10-10,3.634043898374614,3.6822221279144287,3.468980312347412,3.95320987701416,xgboost,HUANUCO
2011-10-17,3.5464765755222136,3.696458578109741,3.460042715072632,3.9496397972106934,xgboost,HUANUCO
2011-10-24,3.5026929140960132,3.561155080795288,3.398287773132324,3.7613601684570312,xgboost,HUANUCO
2011-10-31,3.8091785440794155,3.48549485206604,3.215611219406128,3.80460786819458,xgboost,HUANUCO
2011-11-07,4.0280968512104165,3.7898478507995605,3.4529471397399902,4.084641933441162,xgboost,HUANUCO
2011-11-14,3.984313189784217,4.042618274688721,3.7535228729248047,4.3385162353515625,xgboost,HUANUCO
2011-11-21,3.6778275598008148,3.7759006023406982,3.518340587615967,4.015641212463379,xgboost,HUANUCO
2011-11-28,3.5464765755222136,3.8537442684173584,3.592038869857788,4.127262115478516,xgboost,HUANUCO
2011-12-05,3.064856299834011,3.7003989219665527,3.425044059753418,3.961970806121826,xgboost,HUANUCO
2011-12-12,3.152423622686412,3.164944648742676,2.9782869815826416,3.415907859802246,xgboost,HUANUCO
2011-12-19,2.75837066985061,3.013979434967041,2.7931408882141113,3.157846450805664,xgboost,HUANUCO
2011-12-26,3.3713419298174134,2.7165558338165283,2.27864933013916,2.9233596324920654,xgboost,HUANUCO
2012-01-02,3.765878055478996,3.4568490982055664,2.966557741165161,3.8791563510894775,xgboost,HUANUCO
2012-01-09,5.0800016583409935,3.717772960662842,3.378723382949829,4.14130163192749,xgboost,HUANUCO
2012-01-16,4.248281854668463,4.759442329406738,4.344586372375488,5.248134613037109,xgboost,HUANUCO
2012-01-23,3.7665179330050282,3.7800333499908447,3.0287349224090576,4.4312567710876465,xgboost,HUANUCO
2012-01-30,2.8905835299806024,3.6123316287994385,3.269094944000244,4.005768775939941,xgboost,HUANUCO
2012-02-06,2.9343802501318232,2.724748373031616,2.5429277420043945,2.916102409362793,xgboost,HUANUCO
2012-02-13,2.6715999292244956,2.956812620162964,2.7714321613311768,3.1417198181152344,xgboost,HUANUCO
2012-02-20,2.408819608317167,2.9155805110931396,2.664141893386841,3.111337661743164,xgboost,HUANUCO
2012-02-27,3.2409572911903726,2.522315740585327,2.304086208343506,2.7146480083465576,xgboost,HUANUCO
2012-03-05,3.459940891946479,3.2588350772857666,2.9803390502929688,3.504770040512085,xgboost,HUANUCO
2012-03-12,4.029298253912356,3.5892062187194824,3.3561720848083496,3.927070379257202,xgboost,HUANUCO
2012-03-19,4.204485134517242,4.142795085906982,3.873060941696167,4.469354629516602,xgboost,HUANUCO
2012-03-26,4.423468735273349,4.320610523223877,3.9530675411224365,4.747791290283203,xgboost,HUANUCO
2012-04-02,4.554858895727013,4.445915222167969,4.110147953033447,4.799236297607422,xgboost,HUANUCO
2012-04-09,4.861435936785561,4.349419116973877,4.068480491638184,4.657834053039551,xgboost,HUANUCO
2012-04-16,6.043947380868537,5.11661434173584,4.714805603027344,5.351593494415283,xgboost,HUANUCO
2012-04-23,6.700898183136856,6.572028160095215,6.299683570861816,6.879095554351807,xgboost,HUANUCO
2012-04-30,6.963678504044185,7.072442531585693,6.714126110076904,7.417475700378418,xgboost,HUANUCO
2012-05-07,6.8760850637417406,7.344991207122803,6.976624488830566,7.675906181335449,xgboost,HUANUCO
2012-05-14,7.357848985405177,7.262899875640869,6.812461853027344,7.723666667938232,xgboost,HUANUCO
2012-05-21,7.708222746614946,7.899020195007324,7.318248271942139,8.380146980285645,xgboost,HUANUCO
2012-05-28,7.48923914585884,8.105957984924316,7.499234676361084,8.624658584594727,xgboost,HUANUCO
2012-06-04,8.321376828732046,7.51779842376709,7.199810981750488,7.843550682067871,xgboost,HUANUCO
2012-06-11,8.8469374705467,8.343805313110352,7.389793395996094,9.192242622375488,xgboost,HUANUCO
2012-06-18,8.80314075039548,8.809121131896973,8.184406280517578,9.245732307434082,xgboost,HUANUCO
2012-06-25,8.14618994812716,8.623590469360352,8.143080711364746,9.072525978088379,xgboost,HUANUCO
2012-07-02,7.489239145858839,7.711155414581299,7.286612510681152,8.34088134765625,xgboost,HUANUCO
2012-07-09,7.226458824951512,7.261279106140137,7.0199408531188965,7.599673271179199,xgboost,HUANUCO
2012-07-16,6.350524421927086,6.750709533691406,6.172597885131836,7.101668834686279,xgboost,HUANUCO
2012-07-23,5.386996578600216,6.112100124359131,5.681230068206787,6.546083450317383,xgboost,HUANUCO
2012-07-30,5.16801297784411,5.37279748916626,4.994977951049805,5.649003982543945,xgboost,HUANUCO
2012-08-06,5.080419537541668,5.416918754577637,5.203501224517822,5.6573028564453125,xgboost,HUANUCO
2012-08-13,4.9928260972392255,5.0442728996276855,4.750946521759033,5.370160102844238,xgboost,HUANUCO
2012-08-20,3.8103146531562504,4.963307857513428,4.677042007446289,5.386432647705078,xgboost,HUANUCO
2012-08-27,2.452616328468389,3.220066785812378,2.9086434841156006,3.6960816383361816,xgboost,HUANUCO
2012-09-03,2.2774294478635038,2.686185598373413,2.5408034324645996,2.964864730834961,xgboost,HUANUCO
2012-09-10,2.452616328468389,2.4821219444274902,2.222627878189087,2.907554864883423,xgboost,HUANUCO
2012-09-17,2.8029900896781594,2.8312580585479736,2.6305348873138428,3.05147385597229,xgboost,HUANUCO
2012-09-24,2.5402097687708314,2.777337074279785,2.5994598865509033,2.9035279750823975,xgboost,HUANUCO
2012-10-01,3.0657704105854875,2.691607713699341,2.5584301948547363,2.8699913024902344,xgboost,HUANUCO
2012-10-08,2.9343802501318237,3.0975759029388428,2.873995065689087,3.2755239009857178,xgboost,HUANUCO
2012-10-15,2.6278032090732744,2.893995761871338,2.6849982738494873,3.2091236114501953,xgboost,HUANUCO
2012-10-22,2.5402097687708314,2.726304054260254,2.552914619445801,2.8930866718292236,xgboost,HUANUCO
2012-10-29,2.5402097687708314,2.8541293144226074,2.7327888011932373,2.9697272777557373,xgboost,HUANUCO
2012-11-05,2.584006488922053,2.6891608238220215,2.5435941219329834,2.8422741889953613,xgboost,HUANUCO
2012-11-12,2.584006488922053,2.493102788925171,2.300187826156616,2.7208168506622314,xgboost,HUANUCO
2012-11-19,2.9343802501318237,2.5550637245178223,2.3472108840942383,2.747072696685791,xgboost,HUANUCO
2012-11-26,3.5037376120977,2.6952478885650635,2.487464666366577,2.901489019393921,xgboost,HUANUCO
2012-12-03,2.8905835299806024,3.4263648986816406,3.2359824180603027,3.6122162342071533,xgboost,HUANUCO
2012-12-10,2.8905835299806015,2.879506826400757,2.739149808883667,3.0461835861206055,xgboost,HUANUCO
2012-12-17,3.240957291190373,2.984581232070923,2.7662997245788574,3.1695914268493652,xgboost,HUANUCO
2012-12-24,3.8979080934586925,3.349635362625122,3.0592639446258545,3.5762627124786377,xgboost,HUANUCO
2012-12-31,3.503737612097701,4.2689337730407715,3.7627625465393066,4.840461254119873,xgboost,HUANUCO
2013-01-07,3.460396204782637,3.8365509510040283,3.428415298461914,4.243921756744385,xgboost,HUANUCO
2013-01-14,3.6797830826221976,3.539020538330078,3.3097424507141113,3.795128107070923,xgboost,HUANUCO
2013-01-21,4.030495076224542,3.5758235454559326,3.3300163745880127,3.930309534072876,xgboost,HUANUCO
2013-01-28,3.2419199526153926,3.705493688583374,3.339219331741333,4.106065273284912,xgboost,HUANUCO
2013-02-04,2.497154558095639,3.308723211288452,3.114807367324829,3.552022933959961,xgboost,HUANUCO
2013-02-11,2.190486454469858,2.609405040740967,2.397639036178589,2.7820186614990234,xgboost,HUANUCO
2013-02-18,2.102866996291064,2.418566942214966,2.257699489593506,2.592848539352417,xgboost,HUANUCO
2013-02-25,2.0590572672016663,2.5802106857299805,2.344939708709717,2.8061161041259766,xgboost,HUANUCO
2013-03-04,2.102866996291064,2.4407098293304443,2.2538020610809326,2.7263753414154053,xgboost,HUANUCO
2013-03-11,2.6285837453638305,2.5137405395507812,2.1754417419433594,2.7775211334228516,xgboost,HUANUCO
2013-03-18,4.468592367118515,2.9433064460754395,2.720601797103882,3.1321823596954346,xgboost,HUANUCO
2013-03-25,4.906689658012488,4.283938884735107,4.068317890167236,4.521119594573975,xgboost,HUANUCO
2013-04-01,5.388596677995859,5.347366809844971,4.928647518157959,5.723143100738525,xgboost,HUANUCO
2013-04-08,4.775260470744296,5.654448986053467,5.39740514755249,6.011359691619873,xgboost,HUANUCO
2013-04-15,6.571459363409584,5.279909133911133,4.944475173950195,5.707515239715576,xgboost,HUANUCO
2013-04-22,7.622892861555118,7.279151916503906,6.87397575378418,7.674264430999756,xgboost,HUANUCO
2013-04-29,7.929560965180898,8.111522674560547,7.43698787689209,8.662471771240234,xgboost,HUANUCO
2013-05-06,6.834317737945967,8.294309616088867,7.526515483856201,8.898301124572754,xgboost,HUANUCO
2013-05-13,6.264791259783803,7.360644340515137,6.887526512145996,7.802210330963135,xgboost,HUANUCO
2013-05-20,6.96574692521416,6.795186996459961,6.205533504486084,7.404303550720215,xgboost,HUANUCO
2013-05-27,6.352410717962599,7.160534858703613,6.729330062866211,7.661304473876953,xgboost,HUANUCO
2013-06-03,6.264791259783803,6.570469856262207,6.170511245727539,7.1133832931518555,xgboost,HUANUCO
2013-06-10,4.600021554386708,6.5099778175354,6.074015140533447,7.070331573486328,xgboost,HUANUCO
2013-06-17,4.600021554386708,4.83541202545166,4.3637189865112305,5.391034126281738,xgboost,HUANUCO
2013-06-24,3.8114464307775577,4.725750923156738,4.187129020690918,5.420278549194336,xgboost,HUANUCO
2013-07-01,3.899065888956352,3.755488157272339,3.279589891433716,4.258068561553955,xgboost,HUANUCO
2013-07-08,3.8114464307775577,3.91176438331604,3.523934841156006,4.193113803863525,xgboost,HUANUCO
2013-07-15,4.074304805313941,3.8724966049194336,3.4979779720306396,4.206225395202637,xgboost,HUANUCO
2013-07-22,3.4171588689729817,3.9302093982696533,3.513683795928955,4.360440254211426,xgboost,HUANUCO
2013-07-29,3.022871307168407,3.6170105934143066,3.3138206005096436,3.8312795162200928,xgboost,HUANUCO
2013-08-05,2.4971545580956396,3.136133909225464,2.9305338859558105,3.2999160289764404,xgboost,HUANUCO
2013-08-12,2.7600129326320233,2.631545305252075,2.2009596824645996,2.8993630409240723,xgboost,HUANUCO
2013-08-19,2.847632390810818,2.931138277053833,2.7329318523406982,3.1307878494262695,xgboost,HUANUCO
2013-08-26,2.5409642871850373,2.865000009536743,2.7136292457580566,3.000007152557373,xgboost,HUANUCO
2013-09-02,2.4533448290062423,2.719123363494873,2.5781495571136475,2.853811740875244,xgboost,HUANUCO
2013-09-09,2.190486454469859,2.7515993118286133,2.597007989883423,2.8934836387634277,xgboost,HUANUCO
2013-09-16,2.3219156417380513,2.5373642444610596,2.3396031856536865,2.764539957046509,xgboost,HUANUCO
2013-09-23,2.847632390810818,2.384955883026123,2.1710753440856934,2.5530765056610107,xgboost,HUANUCO
2013-09-30,2.6285837453638314,2.849653720855713,2.6687679290771484,3.0974576473236084,xgboost,HUANUCO
2013-10-07,2.8038226617214206,2.827521324157715,2.575270175933838,3.072023630142212,xgboost,HUANUCO
2013-10-14,2.190486454469859,2.7740960121154785,2.569960832595825,2.9768195152282715,xgboost,HUANUCO
2013-10-21,2.321915641738051,2.3222668170928955,2.0737597942352295,2.499885082244873,xgboost,HUANUCO
2013-10-28,2.102866996291065,2.569016218185425,2.3313918113708496,2.8170480728149414,xgboost,HUANUCO
2013-11-04,2.4971545580956396,2.3594136238098145,2.187598466873169,2.504467248916626,xgboost,HUANUCO
2013-11-11,2.6723934744532287,2.7727417945861816,2.522956132888794,3.1397671699523926,xgboost,HUANUCO
2013-11-18,2.935251848989612,2.710071325302124,2.526895046234131,2.9095234870910645,xgboost,HUANUCO
2013-11-25,2.891442119900215,2.9955177307128906,2.702899932861328,3.3294248580932617,xgboost,HUANUCO
2013-12-02,2.891442119900215,2.927720546722412,2.5746097564697266,3.235889434814453,xgboost,HUANUCO
2013-12-09,2.409535099916845,3.117239236831665,2.7187771797180176,3.3810932636260986,xgboost,HUANUCO
2013-12-16,2.365725370827448,2.6601569652557373,2.1216869354248047,2.960371255874634,xgboost,HUANUCO
2013-12-23,2.3219156417380504,2.570821523666382,2.144688367843628,2.794332265853882,xgboost,HUANUCO
2013-12-30,3.0666810362578047,2.508063793182373,2.2980477809906006,2.816185474395752,xgboost,HUANUCO
2014-01-06,3.2860811317559366,2.955897569656372,2.597815990447998,3.3000643253326416,xgboost,HUANUCO
2014-01-13,3.1548471945161594,3.1955809593200684,2.867135524749756,3.5509376525878906,xgboost,HUANUCO
2014-01-20,2.1911372878979063,2.9739699363708496,2.8192760944366455,3.182614326477051,xgboost,HUANUCO
2014-01-27,1.8843780675921993,2.2486014366149902,2.1004505157470703,2.435216188430786,xgboost,HUANUCO
2014-02-03,2.10349179638199,2.2212071418762207,2.043154001235962,2.4380757808685303,xgboost,HUANUCO
2014-02-10,2.2787827794138233,2.341094493865967,2.192272901535034,2.499347686767578,xgboost,HUANUCO
2014-02-17,1.8405553218342412,2.349074602127075,2.139967441558838,2.6376209259033203,xgboost,HUANUCO
2014-02-24,1.7529098303183244,2.335470676422119,2.1038835048675537,2.6110827922821045,xgboost,HUANUCO
2014-03-03,1.796732576076283,2.535801887512207,2.2574422359466553,2.7471530437469482,xgboost,HUANUCO
2014-03-10,2.10349179638199,2.4653961658477783,2.0345537662506104,2.762730836868286,xgboost,HUANUCO
2014-03-17,1.709087084560366,2.6606054306030273,2.2317569255828857,2.9864792823791504,xgboost,HUANUCO
2014-03-24,1.9720235591081154,2.4701733589172363,2.0668435096740723,2.878627300262451,xgboost,HUANUCO
2014-03-31,1.9720235591081154,2.583540916442871,2.1596717834472656,2.9703447818756104,xgboost,HUANUCO
2014-04-07,2.234960033655865,2.1348557472229004,1.9338595867156982,2.439960241317749,xgboost,HUANUCO
2014-04-14,2.1911372878979063,2.2774839401245117,1.924670696258545,2.866356372833252,xgboost,HUANUCO
2014-04-21,2.322605525171781,2.2537426948547363,1.9719001054763794,2.6927783489227295,xgboost,HUANUCO
2014-04-28,2.7608329827513636,2.368756055831909,1.963446021080017,2.7806143760681152,xgboost,HUANUCO
2014-05-05,3.5934651521525693,3.099236011505127,2.893615484237671,3.3556220531463623,xgboost,HUANUCO
2014-05-12,4.426097321553775,3.4010989665985107,3.159574508666992,3.7025325298309326,xgboost,HUANUCO
2014-05-19,4.645211050343566,4.006882667541504,3.56681489944458,4.39512300491333,xgboost,HUANUCO
2014-05-26,4.338451830037859,4.308349132537842,3.8573410511016846,4.892866134643555,xgboost,HUANUCO
2014-06-02,3.900224372458277,4.226715564727783,3.9646010398864746,4.438499450683594,xgboost,HUANUCO
2014-06-09,3.944047118216235,3.9464261531829834,3.5987889766693115,4.356372356414795,xgboost,HUANUCO
2014-06-16,4.6890337961015245,3.932067632675171,3.670210123062134,4.284396648406982,xgboost,HUANUCO
2014-06-23,5.696956948534563,4.501076698303223,4.018806457519531,4.952774524688721,xgboost,HUANUCO
2014-06-30,6.0037161688402705,5.36540412902832,4.888635158538818,5.806258201599121,xgboost,HUANUCO
2014-07-07,5.083438507923148,6.001433849334717,5.4015421867370605,6.562450408935547,xgboost,HUANUCO
2014-07-14,3.7249333894264436,5.5661420822143555,5.190148830413818,6.003366947174072,xgboost,HUANUCO
2014-07-21,2.936123965783196,3.888298511505127,3.4098005294799805,4.442000865936279,xgboost,HUANUCO
2014-07-28,2.6293647454774884,2.8498098850250244,2.694925546646118,2.9959716796875,xgboost,HUANUCO
2014-08-04,2.8484784742672797,2.7295773029327393,2.535377264022827,2.9858007431030273,xgboost,HUANUCO
2014-08-11,2.58554199971953,2.84713077545166,2.6638286113739014,3.0548486709594727,xgboost,HUANUCO
2014-08-18,2.1911372878979063,2.6926050186157227,2.567345142364502,2.836698055267334,xgboost,HUANUCO
2014-08-25,1.9282008133501574,2.2477355003356934,2.0692622661590576,2.475311756134033,xgboost,HUANUCO
2014-09-01,2.10349179638199,2.254486083984375,2.09031081199646,2.5272083282470703,xgboost,HUANUCO
2014-09-08,2.2787827794138233,2.359405755996704,2.126561403274536,2.6804895401000977,xgboost,HUANUCO
2014-09-15,1.6652643388024078,2.4035987854003906,2.0532896518707275,2.8332505226135254,xgboost,HUANUCO
2014-09-22,1.6214415930444492,2.164233922958374,1.9906163215637207,2.3580329418182373,xgboost,HUANUCO
2014-09-29,1.4461506100126167,2.1444756984710693,1.9012701511383057,2.4129340648651123,xgboost,HUANUCO
2014-10-06,1.9720235591081152,2.1460962295532227,1.988113522529602,2.3595240116119385,xgboost,HUANUCO
2014-10-13,1.665264338802408,1.8600257635116577,1.6275420188903809,2.0942089557647705,xgboost,HUANUCO
2014-10-20,2.059669050624032,1.709191083908081,1.6068916320800781,1.9010779857635498,xgboost,HUANUCO
2014-10-27,1.5776188472864916,1.80825936794281,1.6294238567352295,2.0619874000549316,xgboost,HUANUCO
2014-11-03,1.6214415930444497,1.7929898500442505,1.6016770601272583,1.9663183689117432,xgboost,HUANUCO
2014-11-10,1.3146823727387422,1.8264644145965576,1.6319239139556885,2.020411968231201,xgboost,HUANUCO
2014-11-17,1.489973355770575,1.778542399406433,1.5075184106826782,2.035090446472168,xgboost,HUANUCO
2014-11-24,1.6652643388024078,1.7015513181686401,1.4132843017578125,2.0816738605499268,xgboost,HUANUCO
2014-12-01,1.8843780675921986,1.7014386653900146,1.3549165725708008,2.0572965145111084,xgboost,HUANUCO
2014-12-08,1.9720235591081152,1.660903811454773,1.4361481666564941,1.9504477977752686,xgboost,HUANUCO
2014-12-15,2.147314542139948,1.8666973114013672,1.6195473670959473,2.089629888534546,xgboost,HUANUCO
2014-12-22,2.0158463048660735,1.8929470777511597,1.6870408058166504,2.0996768474578857,xgboost,HUANUCO
2014-12-29,2.804655728509321,2.0753581523895264,1.7796440124511719,2.3819031715393066,xgboost,HUANUCO
2015-01-05,2.629560111565066,3.142049551010132,2.7895519733428955,3.4564027786254883,xgboost,HUANUCO
2015-01-12,2.3667278322640253,2.8871495723724365,2.710331439971924,3.124081611633301,xgboost,HUANUCO
2015-01-19,1.4465804154052881,2.4110841751098633,2.240267753601074,2.634953737258911,xgboost,HUANUCO
2015-01-26,1.5342519557328818,2.014416456222534,1.80234694480896,2.2206356525421143,xgboost,HUANUCO
2015-02-02,1.7095950363880688,1.7579522132873535,1.5220783948898315,2.0289361476898193,xgboost,HUANUCO
2015-02-09,1.5342519557328815,1.8115274906158447,1.6454713344573975,1.9719069004058838,xgboost,HUANUCO
2015-02-16,1.3150731049138977,1.7925795316696167,1.6015269756317139,2.0410850048065186,xgboost,HUANUCO
2015-02-23,1.3150731049138977,1.6446706056594849,1.5224179029464722,1.8003246784210205,xgboost,HUANUCO
2015-03-02,1.8411023468794585,1.6358921527862549,1.5279901027679443,1.7606571912765503,xgboost,HUANUCO
2015-03-09,1.972609657370849,1.8275336027145386,1.6310001611709595,2.0172290802001953,xgboost,HUANUCO
2015-03-16,2.104116967862239,1.844269037246704,1.622024655342102,2.044257640838623,xgboost,HUANUCO
2015-03-23,2.0164454275346455,2.0212411880493164,1.8385752439498901,2.1879475116729736,xgboost,HUANUCO
2015-03-30,2.4548031291726136,1.9925755262374878,1.816770076751709,2.1870219707489014,xgboost,HUANUCO
2015-04-06,3.068503911465768,2.5776705741882324,2.383727788925171,2.8766846656799316,xgboost,HUANUCO
2015-04-13,3.8575477744141096,2.789740800857544,2.326958179473877,3.1727304458618164,xgboost,HUANUCO
2015-04-20,4.7342631776900435,3.505181312561035,3.059591770172119,3.8751614093780518,xgboost,HUANUCO
2015-04-27,4.909606258345231,4.600323677062988,4.097806930541992,5.099620819091797,xgboost,HUANUCO
2015-05-04,5.3041281898194015,5.143893718719482,4.832525730133057,5.568358898162842,xgboost,HUANUCO
2015-05-11,5.260292419655605,5.485665798187256,5.046414375305176,5.801689624786377,xgboost,HUANUCO
2015-05-18,5.347963959983198,5.856203556060791,5.402361869812012,6.221731662750244,xgboost,HUANUCO
2015-05-25,5.567142810802181,5.5713629722595215,4.9614787101745605,5.94256591796875,xgboost,HUANUCO
2015-06-01,4.909606258345231,5.335111141204834,4.844022274017334,5.740264415740967,xgboost,HUANUCO
2015-06-08,5.216456649491808,5.04478120803833,4.474238395690918,5.501723289489746,xgboost,HUANUCO
2015-06-15,5.260292419655605,5.404225826263428,4.850823879241943,5.807190418243408,xgboost,HUANUCO
2015-06-22,5.347963959983198,5.3039326667785645,4.771255970001221,5.7188544273376465,xgboost,HUANUCO
2015-06-29,4.383577016379669,5.4247727394104,5.115260124206543,5.698444843292236,xgboost,HUANUCO
2015-07-06,3.901383544577906,4.2633867263793945,3.9943768978118896,4.578322410583496,xgboost,HUANUCO
2015-07-13,3.8575477744141096,3.6576647758483887,3.335103988647461,4.040027141571045,xgboost,HUANUCO
2015-07-20,3.8137120042503128,3.586582660675049,3.2389914989471436,3.883030414581299,xgboost,HUANUCO
2015-07-27,2.8493250606467844,3.6497695446014404,3.41351056098938,3.888728380203247,xgboost,HUANUCO
2015-08-03,2.542474669500207,2.6690735816955566,2.518510103225708,2.8039348125457764,xgboost,HUANUCO
2015-08-10,2.3232958186812236,2.62526273727417,2.5250611305236816,2.755889415740967,xgboost,HUANUCO
2015-08-17,2.3232958186812236,2.310772657394409,2.092412233352661,2.5695040225982666,xgboost,HUANUCO
2015-08-24,1.9287738872070526,2.301347017288208,2.09364652633667,2.5085301399230957,xgboost,HUANUCO
2015-08-31,2.016445427534646,2.103184223175049,1.9239228963851929,2.324089527130127,xgboost,HUANUCO
2015-09-07,1.7534308065518658,2.10516619682312,1.8884661197662354,2.3149056434631348,xgboost,HUANUCO
2015-09-14,1.6219234960604754,1.8462369441986084,1.5864570140838623,2.1294808387756348,xgboost,HUANUCO
2015-09-21,1.4904161855690852,1.6028800010681152,1.4142316579818726,1.861117959022522,xgboost,HUANUCO
2015-09-28,1.5780877258966788,1.5621058940887451,1.431111216545105,1.6751539707183838,xgboost,HUANUCO
2015-10-05,1.5780877258966788,1.7398064136505127,1.4794716835021973,2.042961597442627,xgboost,HUANUCO
2015-10-12,1.2274015645863048,1.6592624187469482,1.4827024936676025,2.034370183944702,xgboost,HUANUCO
2015-10-19,1.2274015645863048,1.5233184099197388,1.315686821937561,1.6629886627197266,xgboost,HUANUCO
2015-10-26,1.2712373347501016,1.5518710613250732,1.3929671049118042,1.6896177530288696,xgboost,HUANUCO
2015-11-02,1.4465804154052886,1.5189416408538818,1.3993474245071411,1.6527315378189087,xgboost,HUANUCO
2015-11-09,1.841102346879459,1.515938401222229,1.3806253671646118,1.7325071096420288,xgboost,HUANUCO
2015-11-16,2.191788508189833,1.7653433084487915,1.6278362274169922,1.9282407760620117,xgboost,HUANUCO
2015-11-23,2.323295818681223,1.9660388231277466,1.7840087413787842,2.1333398818969727,xgboost,HUANUCO
2015-11-30,1.7095950363880688,2.0987517833709717,1.832214117050171,2.397841215133667,xgboost,HUANUCO
2015-12-07,1.4027446452414918,1.7825602293014526,1.6162129640579224,1.9241020679473877,xgboost,HUANUCO
2015-12-14,1.4465804154052886,1.6776927709579468,1.558997631072998,1.7847837209701538,xgboost,HUANUCO
2015-12-21,1.709595036388073,1.7210601568222046,1.5664063692092896,1.8476234674453735,xgboost,HUANUCO
2015-12-28,1.1397300242587114,1.7931498289108276,1.6204816102981567,1.950821876525879,xgboost,HUANUCO
2016-01-04,1.402992256091812,1.6116653680801392,1.3388639688491821,1.9449857473373413,xgboost,HUANUCO
2016-01-11,1.2277664647867768,1.5332505702972412,1.385588526725769,1.7292335033416748,xgboost,HUANUCO
2016-01-18,1.5785568832972856,1.4141786098480225,1.2813124656677246,1.5190365314483643,xgboost,HUANUCO
2016-01-25,1.447010476355845,1.539275884628296,1.3953226804733276,1.6903338432312012,xgboost,HUANUCO
2016-02-01,1.3593128717282177,1.3969060182571411,1.2900418043136597,1.534316897392273,xgboost,HUANUCO
2016-02-08,1.973196104121608,1.4998364448547363,1.382568359375,1.697540283203125,xgboost,HUANUCO
2016-02-15,1.534708080983472,1.8272593021392822,1.6903572082519531,1.947624921798706,xgboost,HUANUCO
2016-02-22,1.622405685611099,1.5982331037521362,1.4730792045593262,1.7696866989135742,xgboost,HUANUCO
2016-02-29,1.4908592786696584,1.4866005182266235,1.373280644416809,1.612339735031128,xgboost,HUANUCO
2016-03-07,2.104742511063048,1.6131285429000854,1.4854378700256348,1.737483263015747,xgboost,HUANUCO
2016-03-14,2.411684127259744,1.8780324459075928,1.6913790702819824,2.0209903717041016,xgboost,HUANUCO
2016-03-21,1.8854984994939807,2.3604061603546143,1.868878960609436,2.7394795417785645,xgboost,HUANUCO
2016-03-28,1.3593128717282177,2.060885190963745,1.8339661359786987,2.3340280055999756,xgboost,HUANUCO
2016-04-04,1.5785568832972856,1.7882211208343506,1.6276017427444458,1.993865966796875,xgboost,HUANUCO
2016-04-11,2.3678353249459305,1.8040688037872314,1.6081805229187012,2.0544447898864746,xgboost,HUANUCO
2016-04-18,2.4993817318873712,2.1156790256500244,1.7812856435775757,2.443610191345215,xgboost,HUANUCO
2016-04-25,2.36783532494593,2.4849929809570312,2.027984857559204,2.8494150638580322,xgboost,HUANUCO
2016-05-02,1.929347301807794,2.4763436317443848,2.2150330543518066,2.6846015453338623,xgboost,HUANUCO
2016-05-09,2.1485913133768624,2.2600462436676025,2.001444101333618,2.5111491680145264,xgboost,HUANUCO
2016-05-16,2.8940209527116934,2.4839189052581787,2.1935994625091553,2.711259603500366,xgboost,HUANUCO
2016-05-23,4.297182626753728,3.1171576976776123,2.7855682373046875,3.5435938835144043,xgboost,HUANUCO
2016-05-30,5.393402684599068,4.009402751922607,3.6979076862335205,4.354024410247803,xgboost,HUANUCO
2016-06-06,6.314227533189154,5.01451301574707,4.760024070739746,5.408047676086426,xgboost,HUANUCO
2016-06-13,7.103505974837798,5.763550758361816,5.180943489074707,6.4593987464904785,xgboost,HUANUCO
2016-06-20,7.278901184093052,6.495419502258301,6.189795970916748,6.825339317321777,xgboost,HUANUCO
2016-06-27,6.007285916992458,6.8949198722839355,6.19791841506958,7.500243186950684,xgboost,HUANUCO
2016-07-04,4.297182626753728,5.488537788391113,4.852714538574219,6.070591926574707,xgboost,HUANUCO
2016-07-11,3.6394505920465243,4.073681831359863,3.4357333183288574,4.505748748779297,xgboost,HUANUCO
2016-07-18,3.420206580477456,3.4305548667907715,3.085283041000366,3.921978235244751,xgboost,HUANUCO
2016-07-25,2.718625743456439,3.169802188873291,2.791926145553589,3.405569314956665,xgboost,HUANUCO
2016-08-01,2.323986522632116,2.694169282913208,2.4800872802734375,2.8489789962768555,xgboost,HUANUCO
2016-08-08,2.3239865226321164,2.2187044620513916,2.037813425064087,2.3771417140960693,xgboost,HUANUCO
2016-08-15,2.9817185573393203,2.211333990097046,2.0635650157928467,2.3711342811584473,xgboost,HUANUCO
2016-08-22,2.630928138828811,2.7197186946868896,2.4633684158325195,3.0618386268615723,xgboost,HUANUCO
2016-08-29,2.3678353249459296,2.399350166320801,2.180630683898926,2.5966389179229736,xgboost,HUANUCO
2016-09-05,1.9731961041216077,2.0836968421936035,1.8976964950561523,2.3978915214538574,xgboost,HUANUCO
2016-09-12,1.8854984994939803,2.045599937438965,1.8849828243255615,2.253955602645874,xgboost,HUANUCO
2016-09-19,3.3325089758498287,1.8837727308273315,1.7254976034164429,2.029439926147461,xgboost,HUANUCO
2016-09-26,5.17415867303,3.178623914718628,2.8002071380615234,3.4547696113586426,xgboost,HUANUCO
2016-10-03,5.744193103109577,4.4352617263793945,3.9401607513427734,4.997635841369629,xgboost,HUANUCO
2016-10-10,4.428729033695169,4.617308139801025,4.121696949005127,5.284567832946777,xgboost,HUANUCO
2016-10-17,3.0694161619669473,4.067624092102051,3.6108577251434326,4.579958915710449,xgboost,HUANUCO
2016-10-24,2.8501721503978796,2.938814640045166,2.5669336318969727,3.3282828330993652,xgboost,HUANUCO
2016-10-31,3.1571137665945748,2.784548282623291,2.3364691734313965,3.249315023422241,xgboost,HUANUCO
2016-11-07,2.7624745457702526,2.810100555419922,2.5127434730529785,3.1357460021972656,xgboost,HUANUCO
2016-11-14,2.674776941142625,2.6099448204040527,2.4299304485321045,2.7985293865203857,xgboost,HUANUCO
2016-11-21,2.2801377203183026,2.7039711475372314,2.4902875423431396,2.89156174659729,xgboost,HUANUCO
2016-11-28,3.595601789732711,2.2364349365234375,2.0305299758911133,2.4499919414520264,xgboost,HUANUCO
2016-12-05,4.56027544063661,3.528928518295288,3.0847015380859375,4.174026012420654,xgboost,HUANUCO
2016-12-12,4.428729033695169,4.2539520263671875,3.62804913520813,4.861536026000977,xgboost,HUANUCO
2016-12-19,3.1132649642807606,3.8001294136047363,3.3266255855560303,4.50394344329834,xgboost,HUANUCO
2016-12-26,2.104742511063048,3.174813985824585,2.8786211013793945,3.3929049968719482,xgboost,HUANUCO
2017-01-02,2.3242342807530956,2.6837732791900635,2.3131613731384277,3.0273256301879883,xgboost,HUANUCO
2017-01-09,1.9297124190387105,2.5940802097320557,2.2868385314941406,2.8450369834899902,xgboost,HUANUCO
2017-01-16,1.7544736885967058,2.194159507751465,1.930823802947998,2.4026317596435547,xgboost,HUANUCO
2017-01-23,1.140407897587857,1.7961910963058472,1.5508087873458862,2.0053818225860596,xgboost,HUANUCO
2017-01-30,1.1404078975878573,1.613355040550232,1.4790313243865967,1.7842274904251099,xgboost,HUANUCO
2017-02-06,1.140407897587857,1.4206645488739014,1.2917780876159668,1.6073282957077026,xgboost,HUANUCO
2017-02-13,1.4474407930922812,1.467766284942627,1.333926796913147,1.6091054677963257,xgboost,HUANUCO
2017-02-20,1.5790263197370396,1.5704654455184937,1.3133810758590698,1.8332897424697876,xgboost,HUANUCO
2017-02-27,1.7544736885967058,1.7857131958007812,1.4806997776031494,2.016807794570923,xgboost,HUANUCO
2017-03-06,1.6667500041668701,1.8322879076004028,1.5852394104003906,2.02246356010437,xgboost,HUANUCO
2017-03-13,1.6667500041668701,1.7684229612350464,1.613311767578125,1.8934228420257568,xgboost,HUANUCO
2017-03-20,1.6228881619519522,1.8468571901321411,1.6535812616348267,2.047999382019043,xgboost,HUANUCO
2017-03-27,2.587848690680143,1.8414591550827026,1.625819444656372,2.0513949394226074,xgboost,HUANUCO
2017-04-03,3.5528092194083336,2.6185543537139893,2.1201019287109375,3.2847867012023926,xgboost,HUANUCO
2017-04-10,3.772118430482923,4.189906120300293,3.730524778366089,4.584824562072754,xgboost,HUANUCO
2017-04-17,4.03528948377243,4.024123668670654,3.5640101432800293,4.439358234405518,xgboost,HUANUCO
2017-04-24,3.9037039571276764,4.065847873687744,3.643533706665039,4.448978424072266,xgboost,HUANUCO
2017-05-01,4.8686644858558665,3.8093409538269043,3.5637564659118652,4.083084583282471,xgboost,HUANUCO
2017-05-08,3.9475657993425934,5.079750061035156,4.7186970710754395,5.3581223487854,xgboost,HUANUCO
2017-05-15,3.684394746053087,3.8242807388305664,3.477287530899048,4.236987590789795,xgboost,HUANUCO
2017-05-22,2.763296059539814,3.9325501918792725,3.5810739994049072,4.28053092956543,xgboost,HUANUCO
2017-05-29,3.1141907972591567,2.984354257583618,2.6991100311279297,3.359546661376953,xgboost,HUANUCO
2017-06-05,2.8948815861845674,3.2666404247283936,2.7989237308502197,3.760636329650879,xgboost,HUANUCO
2017-06-12,2.9387434283994853,3.3182265758514404,2.9638545513153076,3.718743324279785,xgboost,HUANUCO
2017-06-19,2.45626316403539,3.27900767326355,2.998119354248047,3.5757930278778076,xgboost,HUANUCO
2017-06-26,1.9737828996712947,2.7543015480041504,2.4952399730682373,3.042612075805664,xgboost,HUANUCO
2017-07-03,1.5351644775221172,2.261889696121216,1.9456464052200317,2.618501663208008,xgboost,HUANUCO
2017-07-10,1.6667500041668706,2.291799306869507,1.8999300003051758,2.575819730758667,xgboost,HUANUCO
2017-07-17,1.886059215241459,1.9363259077072144,1.7062761783599854,2.223825693130493,xgboost,HUANUCO
2017-07-24,2.105368426316048,1.7779871225357056,1.5640579462051392,1.9217420816421509,xgboost,HUANUCO
2017-07-31,1.842197373026541,1.9794615507125854,1.8394248485565186,2.155168056488037,xgboost,HUANUCO
2017-08-07,1.7983355308116236,1.817851185798645,1.6671444177627563,1.957035779953003,xgboost,HUANUCO
2017-08-14,1.4035789508773637,1.8575266599655151,1.722629427909851,2.030029535293579,xgboost,HUANUCO
2017-08-21,1.4913026353071992,1.5196329355239868,1.3364570140838623,1.6888427734375,xgboost,HUANUCO
2017-08-28,1.3158552664475283,1.6052899360656738,1.448420524597168,1.7858377695083618,xgboost,HUANUCO
2017-09-04,1.1842697398027748,1.4949144124984741,1.343583106994629,1.6024994850158691,xgboost,HUANUCO
2017-09-11,1.0526842131580216,1.4017778635025024,1.2840367555618286,1.5511478185653687,xgboost,HUANUCO
2017-09-18,1.140407897587857,1.3958399295806885,1.2249001264572144,1.662795066833496,xgboost,HUANUCO
2017-09-25,1.359717108662446,1.4432951211929321,1.2587592601776123,1.6155197620391846,xgboost,HUANUCO
2017-10-02,1.6228881619519526,1.609829306602478,1.3614935874938965,1.7840511798858643,xgboost,HUANUCO
2017-10-09,1.5790263197370347,1.7419586181640625,1.4876314401626587,1.9486749172210693,xgboost,HUANUCO
2017-10-16,1.535164477522117,1.5061287879943848,1.3214763402938843,1.6605993509292603,xgboost,HUANUCO
2017-10-23,1.140407897587857,1.4585219621658325,1.289124846458435,1.5986953973770142,xgboost,HUANUCO
2017-10-30,1.3158552664475283,1.2645729780197144,1.1615161895751953,1.393626093864441,xgboost,HUANUCO
2017-11-06,1.579026319737035,1.4231173992156982,1.2843893766403198,1.5677918195724487,xgboost,HUANUCO
2017-11-13,1.7106118463817879,1.552923560142517,1.4311339855194092,1.683565378189087,xgboost,HUANUCO
2017-11-20,1.5790263197370347,1.6004267930984497,1.4508873224258423,1.7126600742340088,xgboost,HUANUCO
2017-11-27,1.315855266447528,1.6300686597824097,1.5115888118743896,1.7615976333618164,xgboost,HUANUCO
2017-12-04,1.886059215241459,1.508978009223938,1.4088001251220703,1.654342532157898,xgboost,HUANUCO
2017-12-11,2.1053684263160477,1.8368583917617798,1.5806617736816406,2.069777011871338,xgboost,HUANUCO
2017-12-18,2.500125006250308,2.0575144290924072,1.816156029701233,2.301285743713379,xgboost,HUANUCO
2017-12-25,1.9737828996712947,2.238539457321167,1.9897912740707397,2.4809799194335938,xgboost,HUANUCO
2018-01-01,2.0641071400776574,1.817003607749939,1.4273935556411743,2.2148029804229736,xgboost,HUANUCO
2018-01-08,2.022701378507237,1.9883270263671875,1.734633207321167,2.2512388229370117,xgboost,HUANUCO
2018-01-15,2.1563095598004,2.1192820072174072,1.8649442195892334,2.385402202606201,xgboost,HUANUCO
2018-01-22,1.4522084790492478,2.08308482170105,1.7480765581130981,2.5158026218414307,xgboost,HUANUCO
2018-01-29,0.9241326684858829,1.4851081371307373,1.3054637908935547,1.6863410472869873,xgboost,HUANUCO
2018-02-05,0.836120033391989,1.2546063661575317,1.0190412998199463,1.4692007303237915,xgboost,HUANUCO
2018-02-12,1.0561516211267243,1.441667914390564,1.315134048461914,1.6239032745361328,xgboost,HUANUCO
2018-02-19,1.0561516211267243,1.3954312801361084,1.3028680086135864,1.4893306493759155,xgboost,HUANUCO
2018-02-26,0.7481073982980949,1.4852579832077026,1.305605411529541,1.7550472021102905,xgboost,HUANUCO
2018-03-05,0.9241326684858832,1.292723298072815,1.032684564590454,1.584078073501587,xgboost,HUANUCO
2018-03-12,1.0561516211267241,1.3228617906570435,1.0879608392715454,1.5919451713562012,xgboost,HUANUCO
2018-03-19,1.4962147965961947,1.3257464170455933,1.0632996559143066,1.6123042106628418,xgboost,HUANUCO
2018-03-26,1.8922716545187181,1.6961702108383179,1.5230449438095093,1.9198561906814575,xgboost,HUANUCO
2018-04-02,1.9802842896126123,2.0138323307037354,1.86717689037323,2.15468430519104,xgboost,HUANUCO
2018-04-09,1.848265336971771,2.0534932613372803,1.9184774160385132,2.1648387908935547,xgboost,HUANUCO
2018-04-16,1.71624638433093,1.9549148082733154,1.7514793872833252,2.119537830352783,xgboost,HUANUCO
2018-04-23,1.9802842896126123,1.7637579441070557,1.5604465007781982,1.995125651359558,xgboost,HUANUCO
2018-04-30,2.7723980054576587,2.1062331199645996,1.989499807357788,2.1914544105529785,xgboost,HUANUCO
2018-05-07,3.476499086208811,3.0190494060516357,2.49381422996521,3.3696210384368896,xgboost,HUANUCO
2018-05-14,6.4249223618542635,3.8633692264556885,3.3392751216888428,4.544919013977051,xgboost,HUANUCO
2018-05-21,6.864985537323733,6.003479480743408,5.2818684577941895,6.573310375213623,xgboost,HUANUCO
2018-05-28,6.7329665846828926,6.714980602264404,5.586592197418213,7.1295366287231445,xgboost,HUANUCO
2018-06-04,5.060726517898904,6.670709609985352,5.524290084838867,7.073137283325195,xgboost,HUANUCO
2018-06-11,6.1168781390256335,4.777974605560303,4.111235618591309,5.319206714630127,xgboost,HUANUCO
2018-06-18,8.669244556748561,5.178040981292725,4.548397064208984,5.7724714279174805,xgboost,HUANUCO
2018-06-25,9.109307732218031,6.817885398864746,5.647826671600342,8.059874534606934,xgboost,HUANUCO
2018-07-02,7.481073982980991,5.475649833679199,4.58629846572876,6.468053340911865,xgboost,HUANUCO
2018-07-09,5.8088339161970035,5.174759387969971,4.375790596008301,6.068479061126709,xgboost,HUANUCO
2018-07-16,5.060726517898904,4.944211483001709,4.251017093658447,5.794204235076904,xgboost,HUANUCO
2018-07-23,5.544796010915323,4.8895263671875,4.068535327911377,6.296318531036377,xgboost,HUANUCO
2018-07-30,4.488644389788593,4.979301452636719,4.224616050720215,6.035158634185791,xgboost,HUANUCO
2018-08-06,3.740536991490494,3.257253408432007,2.857565402984619,3.994149923324585,xgboost,HUANUCO
2018-08-13,2.7723980054576582,3.3447186946868896,3.0076568126678467,3.830563545227051,xgboost,HUANUCO
2018-08-20,2.288328512441241,2.7253355979919434,2.47147536277771,2.967970371246338,xgboost,HUANUCO
2018-08-27,1.8922716545187175,2.366572618484497,2.1471364498138428,2.6296322345733643,xgboost,HUANUCO
2018-09-03,1.7162463843309295,2.276810646057129,1.7899267673492432,2.753007411956787,xgboost,HUANUCO
2018-09-10,1.5842274316900935,1.8727895021438599,1.4516115188598633,2.4034528732299805,xgboost,HUANUCO
2018-09-17,1.7162463843309295,1.5858337879180908,1.3363467454910278,2.0184271335601807,xgboost,HUANUCO
2018-09-24,1.540221114143141,1.7621010541915894,1.5439974069595337,2.0799548625946045,xgboost,HUANUCO
2018-10-01,1.4962147965961943,1.4990136623382568,1.331276774406433,1.7518447637557983,xgboost,HUANUCO
2018-10-08,1.5402211141431412,1.4594956636428833,1.3164499998092651,1.6299114227294922,xgboost,HUANUCO
2018-10-15,2.332334829988188,1.5298042297363281,1.409548044204712,1.666254997253418,xgboost,HUANUCO
2018-10-22,2.376341147535135,1.8188287019729614,1.5813217163085938,2.07509708404541,xgboost,HUANUCO
2018-10-29,2.2883285124412405,1.8640000820159912,1.6525399684906006,2.1719582080841064,xgboost,HUANUCO
2018-11-05,2.0242906071595583,2.093020439147949,1.8898402452468872,2.414180040359497,xgboost,HUANUCO
2018-11-12,2.1563095598003996,2.23172664642334,1.9349157810211182,2.5422751903533936,xgboost,HUANUCO
2018-11-19,2.5523664177229226,2.457542657852173,2.082949161529541,2.8907341957092285,xgboost,HUANUCO
2018-11-26,2.1563095598003996,2.757019519805908,2.375537872314453,3.2140636444091797,xgboost,HUANUCO
2018-12-03,2.59637273526987,2.1776983737945557,1.9286155700683594,2.4712350368499756,xgboost,HUANUCO
2018-12-10,2.3763411475351344,2.709536552429199,2.2984750270843506,3.0556533336639404,xgboost,HUANUCO
2018-12-17,2.4203474650820813,2.45798397064209,2.2307276725769043,2.752002477645874,xgboost,HUANUCO
2018-12-24,2.0682969247065053,2.3801462650299072,2.0263609886169434,2.7399942874908447,xgboost,HUANUCO
2018-12-31,2.0242906071595583,2.3299002647399902,2.0719447135925293,2.711888313293457,xgboost,HUANUCO
2019-01-07,1.9787655422906347,2.155853033065796,2.047032356262207,2.3046422004699707,xgboost,HUANUCO
2019-01-14,1.8448136385127327,2.038438320159912,1.8741828203201294,2.2110137939453125,xgboost,HUANUCO
2019-01-21,1.4037839874747318,1.8063815832138062,1.57126784324646,2.079369068145752,xgboost,HUANUCO
2019-01-28,1.272179238648975,1.2949881553649902,1.030228614807129,1.5819348096847534,xgboost,HUANUCO
2019-02-04,1.2283109890403894,1.3450101613998413,1.1808340549468994,1.4765677452087402,xgboost,HUANUCO
2019-02-11,1.4037839874747318,1.295526385307312,1.0705660581588745,1.4713166952133179,xgboost,HUANUCO
2019-02-18,1.4915204866919025,1.513960361480713,1.2903729677200317,1.6923545598983765,xgboost,HUANUCO
2019-02-25,2.017939481994929,1.5858129262924194,1.4330615997314453,1.7108783721923828,xgboost,HUANUCO
2019-03-04,2.2372807300378565,2.014204502105713,1.703973650932312,2.2929913997650146,xgboost,HUANUCO
2019-03-11,2.588226726906541,2.076323986053467,1.7000840902328491,2.410012722015381,xgboost,HUANUCO
2019-03-18,1.9740712323863434,2.6937718391418457,2.07798433303833,3.32690167427063,xgboost,HUANUCO
2019-03-25,1.4476522370833171,2.1213459968566895,1.807479739189148,2.4684627056121826,xgboost,HUANUCO
2019-04-01,1.6231252355176593,1.887734055519104,1.6238377094268799,2.1766445636749268,xgboost,HUANUCO
2019-04-08,1.8863347331691724,2.004737138748169,1.7177798748016357,2.2907588481903076,xgboost,HUANUCO
2019-04-15,2.544358477297956,2.1376254558563232,1.9002315998077393,2.4259707927703857,xgboost,HUANUCO
2019-04-22,2.6759632261237125,2.310680627822876,1.9340282678604126,2.7191288471221924,xgboost,HUANUCO
2019-04-29,3.070777472600982,2.689157009124756,2.241593837738037,3.0814952850341797,xgboost,HUANUCO
2019-05-06,2.9830409733838112,3.6745009422302246,3.1773078441619873,4.118955612182617,xgboost,HUANUCO
2019-05-13,3.0269092229923964,3.5456111431121826,2.9816298484802246,4.105139255523682,xgboost,HUANUCO
2019-05-20,3.0269092229923964,3.320464849472046,2.7899935245513916,4.04691743850708,xgboost,HUANUCO
2019-05-27,3.421723469469672,2.80684494972229,2.5312654972076416,3.14353609085083,xgboost,HUANUCO
2019-06-03,3.3778552198610807,3.686568260192871,2.690155029296875,4.472686767578125,xgboost,HUANUCO
2019-06-10,2.851436224558054,3.711667060852051,2.9165289402008057,4.496706008911133,xgboost,HUANUCO
2019-06-17,2.3688854788636133,2.8660471439361572,2.5544357299804688,3.1618621349334717,xgboost,HUANUCO
2019-06-24,2.368885478863614,2.2588350772857666,1.8912760019302368,2.6422932147979736,xgboost,HUANUCO
2019-07-01,2.6759632261237125,2.3589272499084473,1.917472243309021,2.7905216217041016,xgboost,HUANUCO
2019-07-08,2.851436224558055,2.5388998985290527,2.394866704940796,2.7135207653045654,xgboost,HUANUCO
2019-07-15,2.5443584772979557,2.726062297821045,2.45318341255188,3.295001268386841,xgboost,HUANUCO
2019-07-22,2.412753728472199,2.3571865558624268,2.0516698360443115,2.6003522872924805,xgboost,HUANUCO
2019-07-29,2.281148979646442,2.2273333072662354,1.984941005706787,2.4370157718658447,xgboost,HUANUCO
2019-08-05,2.368885478863614,2.2191877365112305,2.01347279548645,2.4686808586120605,xgboost,HUANUCO
2019-08-12,1.9740712323863436,2.272247552871704,2.0555620193481445,2.4514505863189697,xgboost,HUANUCO
2019-08-19,1.974071232386344,1.9296354055404663,1.8288953304290771,2.135833501815796,xgboost,HUANUCO
2019-08-26,1.3599157378661462,1.8826179504394531,1.7127395868301392,2.1067681312561035,xgboost,HUANUCO
2019-09-02,1.754729984343416,1.5473560094833374,1.4065327644348145,1.715428113937378,xgboost,HUANUCO
2019-09-09,1.4476522370833171,1.7378095388412476,1.6265915632247925,1.9095505475997925,xgboost,HUANUCO
2019-09-16,2.368885478863614,1.5655657052993774,1.4105154275894165,1.7025628089904785,xgboost,HUANUCO
2019-09-23,2.325017229255028,2.3873867988586426,2.0537168979644775,2.9499757289886475,xgboost,HUANUCO
2019-09-30,2.456621978080785,2.293266534805298,1.8919005393981934,2.8324551582336426,xgboost,HUANUCO
2019-10-07,2.061807731603515,2.2012431621551514,1.9716743230819702,2.483778715133667,xgboost,HUANUCO
2019-10-14,1.7985982339520017,2.172515869140625,1.9905625581741333,2.3361656665802,xgboost,HUANUCO
2019-10-21,1.7108617347348305,1.6333218812942505,1.4839253425598145,1.7912715673446655,xgboost,HUANUCO
2019-10-28,1.272179238648975,1.7875021696090698,1.608959674835205,1.9686681032180786,xgboost,HUANUCO
2019-11-04,1.754729984343416,1.4636948108673096,1.3302937746047974,1.6129188537597656,xgboost,HUANUCO
2019-11-11,2.1056759812121,1.6913783550262451,1.5060975551605225,1.8326119184494019,xgboost,HUANUCO
2019-11-18,2.7636997253408833,2.2922215461730957,2.1056323051452637,2.4666409492492676,xgboost,HUANUCO
2019-11-25,2.1934124804292714,2.572441577911377,2.25968861579895,2.9406204223632812,xgboost,HUANUCO
2019-12-02,1.9740712323863434,2.2892649173736572,2.025728940963745,2.530869483947754,xgboost,HUANUCO
2019-12-09,1.842466483560587,1.8814022541046143,1.7058558464050293,2.0950214862823486,xgboost,HUANUCO
2019-12-16,1.7985982339520012,1.8795387744903564,1.6000556945800781,2.3082540035247803,xgboost,HUANUCO
2019-12-23,2.3688854788636133,1.534035563468933,1.2776750326156616,1.8086857795715332,xgboost,HUANUCO
2019-12-30,2.2372807300378565,2.2557504177093506,2.0664801597595215,2.52154803276062,xgboost,HUANUCO
2020-01-06,2.6316869142669534,1.957624912261963,1.7281572818756104,2.169034242630005,xgboost,HUANUCO
2020-01-13,1.9295548839130123,2.2534658908843994,1.9195219278335571,2.658266544342041,xgboost,HUANUCO
2020-01-20,1.7537698378771258,1.7509413957595825,1.560804009437561,2.044774293899536,xgboost,HUANUCO
2020-01-27,1.4030158703016997,1.3118904829025269,1.15785551071167,1.5117998123168945,xgboost,HUANUCO
2020-02-03,1.4468601162486276,1.4063183069229126,1.2491098642349243,1.5908069610595703,xgboost,HUANUCO
2020-02-10,1.4468601162486279,1.5177795886993408,1.4054557085037231,1.704232096672058,xgboost,HUANUCO
2020-02-17,1.6660813459832695,1.6689773797988892,1.5434765815734863,1.8173366785049438,xgboost,HUANUCO
2020-02-24,1.9729910676117672,1.5557976961135864,1.4176501035690308,1.753700613975525,xgboost,HUANUCO
2020-03-02,1.885302575717911,1.9942383766174316,1.819961428642273,2.222956657409668,xgboost,HUANUCO
2020-03-09,1.797614083824054,1.993800401687622,1.7437955141067505,2.2441532611846924,xgboost,HUANUCO
2020-03-16,1.4468601162486279,1.964260220527649,1.702609658241272,2.207409381866455,xgboost,HUANUCO
2020-03-23,1.315327378407843,1.9936803579330444,1.741574764251709,2.2380452156066895,xgboost,HUANUCO
2020-03-30,0.9645734108324167,1.6568412780761719,1.4877331256866455,1.868479609489441,xgboost,HUANUCO
2020-04-06,0.6138194432569904,1.3886492252349854,1.1814733743667603,1.593117356300354,xgboost,HUANUCO
2020-04-13,0.5699751973100621,1.214264988899231,1.0376640558242798,1.4064832925796509,xgboost,HUANUCO
2020-04-20,0.5261309513631337,1.2256535291671753,1.09438157081604,1.4000300168991089,xgboost,HUANUCO
2020-04-27,0.4384424594692771,0.7427212595939636,0.6208447813987732,1.0055614709854126,xgboost,HUANUCO
2020-05-04,0.21922122973463573,0.7390743494033813,0.5317177176475525,1.045141577720642,xgboost,HUANUCO
2020-05-11,0.13153273784077912,0.7773453593254089,0.5993582606315613,1.0367748737335205,xgboost,HUANUCO
2020-05-18,0.1753769837877074,0.8431835174560547,0.664925217628479,1.1306447982788086,xgboost,HUANUCO
2020-05-25,0.1315327378407849,0.27519235014915466,0.18651029467582703,0.4048183560371399,xgboost,HUANUCO
2020-06-01,0.08768849189385082,0.412749320268631,0.12734055519104004,0.8637531995773315,xgboost,HUANUCO
2020-06-08,0.043844245946922523,0.39230772852897644,0.16871653497219086,0.7930068969726562,xgboost,HUANUCO
2020-06-15,0.0,0.4591979682445526,0.15174171328544617,0.8811324238777161,xgboost,HUANUCO
2020-06-22,0.0,0.23181815445423126,0.0612352192401886,0.43034982681274414,xgboost,HUANUCO
2020-06-29,0.043844245946922523,0.2714293599128723,0.08826670795679092,0.5237830281257629,xgboost,HUANUCO
2020-07-06,0.043844245946922523,0.2967934310436249,0.10891968011856079,0.615079402923584,xgboost,HUANUCO
2020-07-13,0.08768849189385082,0.316313773393631,0.12941884994506836,0.6279627084732056,xgboost,HUANUCO
2020-07-20,0.08768849189385082,0.06958191841840744,0.008172187954187393,0.11809708923101425,xgboost,HUANUCO
2020-07-27,0.08768849189385082,0.07855198532342911,0.012545253150165081,0.13859884440898895,xgboost,HUANUCO
2020-08-03,0.3507539675754206,0.09189554303884506,0.027588671073317528,0.2109232395887375,xgboost,HUANUCO
2020-08-10,0.3945982135223489,0.21062970161437988,0.1193898394703865,0.44494009017944336,xgboost,HUANUCO
2020-08-17,0.4822867054162055,0.36529621481895447,0.2619320750236511,0.4215078353881836,xgboost,HUANUCO
2020-08-24,0.1753769837877074,0.4877416491508484,0.33571046590805054,0.6441420316696167,xgboost,HUANUCO
2020-08-31,0.1753769837877074,0.27907809615135193,0.12295840680599213,0.40768009424209595,xgboost,HUANUCO
2020-09-07,0.21922122973463573,0.43116137385368347,0.2717002332210541,0.5759358406066895,xgboost,HUANUCO
2020-09-14,0.3507539675754206,0.3471924066543579,0.21075588464736938,0.5272781252861023,xgboost,HUANUCO
2020-09-21,0.3507539675754206,0.39458540081977844,0.19422383606433868,0.5802317261695862,xgboost,HUANUCO
2020-09-28,0.3945982135223489,0.4141864478588104,0.22623300552368164,0.5687399506568909,xgboost,HUANUCO
2020-10-05,0.3945982135223489,0.4158720076084137,0.24906235933303833,0.5878200531005859,xgboost,HUANUCO
2020-10-12,0.6138194432569903,0.4230634272098541,0.3337090015411377,0.5457809567451477,xgboost,HUANUCO
2020-10-19,0.48228670541620544,0.56270831823349,0.4012220501899719,0.6928877830505371,xgboost,HUANUCO
2020-10-26,0.39459821352234886,0.45017215609550476,0.2898108959197998,0.6549156308174133,xgboost,HUANUCO
2020-11-02,0.263065475681564,0.42574942111968994,0.3039141297340393,0.5588804483413696,xgboost,HUANUCO
2020-11-09,0.3945982135223489,0.42951762676239014,0.28355205059051514,0.574996292591095,xgboost,HUANUCO
2020-11-16,0.4822867054162055,0.41579875349998474,0.33083873987197876,0.5311148166656494,xgboost,HUANUCO
2020-11-23,0.3507539675754206,0.42626962065696716,0.32762518525123596,0.560567319393158,xgboost,HUANUCO
2020-11-30,0.263065475681564,0.4336244761943817,0.33430832624435425,0.5827135443687439,xgboost,HUANUCO
2020-12-07,0.13153273784077912,0.32385674118995667,0.18640653789043427,0.46530774235725403,xgboost,HUANUCO
2020-12-14,0.1753769837877074,0.3063259720802307,0.17855624854564667,0.4445669651031494,xgboost,HUANUCO
2020-12-21,0.13153273784077912,0.25505179166793823,0.09037481993436813,0.40740084648132324,xgboost,HUANUCO
2020-12-28,0.21922122973463573,0.19522365927696228,0.0,0.38002264499664307,xgboost,HUANUCO
2021-01-04,0.2633864962003074,0.27407822012901306,0.13485482335090637,0.4240258038043976,xgboost,HUANUCO
2021-01-11,0.43929851418592625,0.2551090121269226,0.14097794890403748,0.39521053433418274,xgboost,HUANUCO
2021-01-18,0.5274150334381074,0.3240140378475189,0.23100422322750092,0.4543391168117523,xgboost,HUANUCO
2021-01-25,0.48346378065159795,0.4172886312007904,0.3026907444000244,0.5373963117599487,xgboost,HUANUCO
2021-02-01,0.3955612750785791,0.4185616672039032,0.2842492163181305,0.5151728391647339,xgboost,HUANUCO
2021-02-08,0.2637075167190508,0.4646884500980377,0.34001198410987854,0.599544882774353,xgboost,HUANUCO
2021-02-15,0.3076587695055602,0.4176996052265167,0.24685555696487427,0.5450285077095032,xgboost,HUANUCO
2021-02-22,0.17580501114603195,0.4413866400718689,0.3198004961013794,0.5696191191673279,xgboost,HUANUCO
2021-03-01,0.21975626393254136,0.26133182644844055,0.18578457832336426,0.3333284556865692,xgboost,HUANUCO
2021-03-08,0.395561275078579,0.33287397027015686,0.24975301325321198,0.43293800950050354,xgboost,HUANUCO
2021-03-15,0.7471712973706545,0.45128610730171204,0.3432855010032654,0.541095495223999,xgboost,HUANUCO
2021-03-22,0.7911225501571638,0.735305905342102,0.4711153209209442,0.9941407442092896,xgboost,HUANUCO
2021-03-29,0.9669275613032017,0.8794058561325073,0.7015180587768555,1.1005711555480957,xgboost,HUANUCO
2021-04-05,1.0548300668762205,0.9142736792564392,0.7156674861907959,1.1065526008605957,xgboost,HUANUCO
2021-04-12,1.406440089168296,1.0732063055038452,0.8000373244285583,1.417811632156372,xgboost,HUANUCO
2021-04-19,1.4064400891682958,1.4966317415237427,1.2523471117019653,1.7842965126037598,xgboost,HUANUCO
2021-04-26,1.0548300668762205,1.50801682472229,1.3930819034576416,1.7002770900726318,xgboost,HUANUCO
2021-05-03,0.8790250557301827,1.2404924631118774,0.9881298542022705,1.3863246440887451,xgboost,HUANUCO
2021-05-10,0.7471712973706545,0.9682319760322571,0.7757872343063354,1.1193445920944214,xgboost,HUANUCO
2021-05-17,0.7911225501571639,0.8836961984634399,0.719885528087616,1.066259741783142,xgboost,HUANUCO
2021-05-24,0.879025055730183,0.7491114735603333,0.6399326324462891,0.8679292798042297,xgboost,HUANUCO
2021-05-31,1.09878131966273,0.688033938407898,0.5488839745521545,0.7968190908432007,xgboost,HUANUCO
2021-06-07,1.5822451003143339,1.0652414560317993,0.8533017635345459,1.2071133852005005,xgboost,HUANUCO
2021-06-14,1.5382938475278243,1.575097680091858,1.3965764045715332,1.7961455583572388,xgboost,HUANUCO
2021-06-21,1.1866838252357488,1.5520833730697632,1.36328125,1.7418895959854126,xgboost,HUANUCO
2021-06-28,0.8350738029436734,1.2400379180908203,0.9821161031723022,1.4470139741897583,xgboost,HUANUCO
2021-07-05,0.5713662862246168,0.9752448201179504,0.7834479212760925,1.1880935430526733,xgboost,HUANUCO
2021-07-12,0.6153175390111262,0.6311471462249756,0.4752658009529114,0.8003445863723755,xgboost,HUANUCO
2021-07-19,0.35161002229206967,0.5101847648620605,0.4207759499549866,0.5952678918838501,xgboost,HUANUCO
2021-07-26,0.4395125278650885,0.36244285106658936,0.2572643458843231,0.4809296131134033,xgboost,HUANUCO
2021-08-02,0.26370751671905085,0.42339324951171875,0.3008872866630554,0.5369496941566467,xgboost,HUANUCO
2021-08-09,0.483463780651598,0.36193329095840454,0.26250505447387695,0.46442103385925293,xgboost,HUANUCO
2021-08-16,0.39556127507857913,0.386493057012558,0.30613523721694946,0.4831627905368805,xgboost,HUANUCO
2021-08-23,0.7471712973706546,0.37247294187545776,0.3068891167640686,0.4410043954849243,xgboost,HUANUCO
2021-08-30,0.6153175390111263,0.5978258848190308,0.48320475220680237,0.6974185109138489,xgboost,HUANUCO
2021-09-06,0.7032200445841452,0.5810021162033081,0.4966190457344055,0.6728003621101379,xgboost,HUANUCO
2021-09-13,0.4395125278650886,0.6614839434623718,0.531062662601471,0.7712991833686829,xgboost,HUANUCO
2021-09-20,0.4395125278650886,0.6182593107223511,0.48848021030426025,0.7518135905265808,xgboost,HUANUCO
2021-09-27,0.483463780651598,0.4836495816707611,0.39944159984588623,0.6044828295707703,xgboost,HUANUCO
2021-10-04,0.39556127507857913,0.4838201403617859,0.4042286276817322,0.5864678025245667,xgboost,HUANUCO
2021-10-11,0.6153175390111262,0.5221521854400635,0.42079830169677734,0.6311933994293213,xgboost,HUANUCO
2021-10-18,0.5274150334381074,0.5028351545333862,0.4167065918445587,0.5857635140419006,xgboost,HUANUCO
2021-10-25,0.6592687917976356,0.46566444635391235,0.3986697793006897,0.5578963160514832,xgboost,HUANUCO
2021-11-01,1.0548300668762205,0.5106641054153442,0.4298132658004761,0.6056432723999023,xgboost,HUANUCO
2021-11-08,1.1866838252357488,1.0513263940811157,0.8947044610977173,1.20084810256958,xgboost,HUANUCO
2021-11-15,1.0548300668762205,1.3016539812088013,1.099633812904358,1.4361997842788696,xgboost,HUANUCO
2021-11-22,0.6592687917976355,1.1098476648330688,0.949077844619751,1.3026797771453857,xgboost,HUANUCO
2021-11-29,0.7471712973706545,0.798647940158844,0.5456000566482544,1.0189461708068848,xgboost,HUANUCO
2021-12-06,0.8350738029436733,0.7782735824584961,0.6419261693954468,0.8921710252761841,xgboost,HUANUCO
2021-12-13,0.6153175390111262,0.8868434429168701,0.8391605615615845,0.9856685996055603,xgboost,HUANUCO
2021-12-20,0.4395125278650885,0.698687732219696,0.5942601561546326,0.791693389415741,xgboost,HUANUCO
2021-12-27,0.5274150334381074,0.5416048765182495,0.44760432839393616,0.6435403227806091,xgboost,HUANUCO
2022-01-03,0.5719255027476713,0.5250703692436218,0.4404621720314026,0.5834971070289612,xgboost,HUANUCO
2022-01-10,0.7050840996609935,0.5171499848365784,0.4190654456615448,0.5951650738716125,xgboost,HUANUCO
2022-01-17,0.794477849295491,0.7017790675163269,0.4931112825870514,0.8677148818969727,xgboost,HUANUCO
2022-01-24,1.0151661407664623,0.7921366095542908,0.6585037708282471,0.9086481332778931,xgboost,HUANUCO
2022-01-31,1.1475791156490451,0.965282678604126,0.7910959720611572,1.127502202987671,xgboost,HUANUCO
2022-02-07,0.8827531658838796,1.1265616416931152,0.9318721294403076,1.2961218357086182,xgboost,HUANUCO
2022-02-14,0.8827531658838795,0.8890073895454407,0.7518435120582581,1.0192909240722656,xgboost,HUANUCO
2022-02-21,0.6620648744129083,0.9883275628089905,0.8434092402458191,1.0922666788101196,xgboost,HUANUCO
2022-02-28,1.456542723708405,0.7999883890151978,0.6452345252037048,0.8946126699447632,xgboost,HUANUCO
2022-03-07,1.5006803820025993,1.4440643787384033,1.303489089012146,1.6016815900802612,xgboost,HUANUCO
2022-03-14,1.5448180402967935,1.5411474704742432,1.3596965074539185,1.7971612215042114,xgboost,HUANUCO
2022-03-21,1.2358544322374336,1.614355206489563,1.3569138050079346,1.7846142053604126,xgboost,HUANUCO
2022-03-28,1.8537816483561533,1.30604088306427,1.1489375829696655,1.517099380493164,xgboost,HUANUCO
2022-04-04,2.3834335478864843,1.7831270694732666,1.5995538234710693,1.9346386194229126,xgboost,HUANUCO
2022-04-11,2.5158465227690674,2.5985817909240723,2.271329402923584,2.8853509426116943,xgboost,HUANUCO
2022-04-18,2.824810130828427,2.467057466506958,2.1602258682250977,2.6827237606048584,xgboost,HUANUCO
2022-04-25,2.824810130828427,2.9495656490325928,2.4743869304656982,3.32778000831604,xgboost,HUANUCO
2022-05-02,3.0896360805935927,3.001347541809082,2.4649300575256348,3.607577323913574,xgboost,HUANUCO
2022-05-09,2.824810130828427,3.216689348220825,2.8642303943634033,3.793196678161621,xgboost,HUANUCO
2022-05-16,2.95722310571101,3.047427177429199,2.4337942600250244,3.698960304260254,xgboost,HUANUCO
2022-05-23,2.5599841810632618,2.8608243465423584,2.7099053859710693,2.965313673019409,xgboost,HUANUCO
2022-05-30,2.0303322815329308,2.489252805709839,2.2779431343078613,2.681229829788208,xgboost,HUANUCO
2022-06-06,1.5889556985909878,2.1805825233459473,1.9412645101547241,2.4112932682037354,xgboost,HUANUCO
2022-06-13,1.6772310151793761,1.7228387594223022,1.5980861186981201,1.8562451601028442,xgboost,HUANUCO
2022-06-20,1.9420569649445418,1.5214283466339111,1.3519513607025146,1.6649491786956787,xgboost,HUANUCO
2022-06-27,2.295158231298096,1.823299527168274,1.5649579763412476,2.072643756866455,xgboost,HUANUCO
2022-07-04,1.8537816483561533,2.2089319229125977,1.9622670412063599,2.4244611263275146,xgboost,HUANUCO
2022-07-11,1.5889556985909878,1.738031268119812,1.514652967453003,1.9226335287094116,xgboost,HUANUCO
2022-07-18,1.7655063317677648,1.459040880203247,1.308732032775879,1.6333088874816895,xgboost,HUANUCO
2022-07-25,2.1627452564155134,1.6399561166763306,1.4756296873092651,1.8095782995224,xgboost,HUANUCO
2022-08-01,2.0744699398271247,2.173119306564331,1.9786856174468994,2.3277668952941895,xgboost,HUANUCO
2022-08-08,1.456542723708405,1.8651211261749268,1.6717320680618286,2.0152175426483154,xgboost,HUANUCO
2022-08-15,1.0151661407664623,1.4247279167175293,1.2048920392990112,1.6348379850387573,xgboost,HUANUCO
2022-08-22,0.7944778492954909,1.1160143613815308,0.9340649247169495,1.262352705001831,xgboost,HUANUCO
2022-08-29,0.9268908241780739,0.8161699175834656,0.681618332862854,0.9281277656555176,xgboost,HUANUCO
2022-09-05,1.0593037990606566,0.8098809123039246,0.6545906662940979,0.9288286566734314,xgboost,HUANUCO
2022-09-12,1.3682674071200165,1.1014885902404785,0.9185428619384766,1.282948613166809,xgboost,HUANUCO
2022-09-19,1.1475791156490451,1.4219228029251099,1.2181228399276733,1.6582921743392944,xgboost,HUANUCO
2022-09-26,1.2799920905316278,1.1166831254959106,0.9642826318740845,1.2989104986190796,xgboost,HUANUCO
2022-10-03,1.0593037990606566,1.3574286699295044,1.1485705375671387,1.4699211120605469,xgboost,HUANUCO
2022-10-10,0.9268908241780737,1.14006769657135,0.8820008635520935,1.307595133781433,xgboost,HUANUCO
2022-10-17,0.7503401910012967,0.9762208461761475,0.7989696860313416,1.1364905834197998,xgboost,HUANUCO
2022-10-24,1.2358544322374334,0.9268014430999756,0.8201425671577454,1.0447636842727661,xgboost,HUANUCO
2022-10-31,1.4124050654142106,1.2681068181991577,1.1399396657943726,1.4151957035064697,xgboost,HUANUCO
2022-11-07,1.5006803820025991,1.3273886442184448,1.1987700462341309,1.506361484527588,xgboost,HUANUCO
2022-11-14,1.1034414573548508,1.4577070474624634,1.2782855033874512,1.6513257026672363,xgboost,HUANUCO
2022-11-21,1.015166140766462,1.1572113037109375,0.9801303744316101,1.3558621406555176,xgboost,HUANUCO
2022-11-28,1.5006803820025991,0.8562083840370178,0.7196627259254456,1.055895447731018,xgboost,HUANUCO
2022-12-05,1.7655063317677646,1.6414053440093994,1.4510877132415771,1.8494073152542114,xgboost,HUANUCO
2022-12-12,1.9420569649445418,1.7665106058120728,1.4693554639816284,2.073140859603882,xgboost,HUANUCO
2022-12-19,1.5448180402967935,1.889663815498352,1.6618677377700806,2.118015766143799,xgboost,HUANUCO
2022-12-26,1.1034414573548508,1.6832020282745361,1.5200655460357666,1.8392431735992432,xgboost,HUANUCO
2023-01-02,1.1058601942362243,1.2004468441009521,1.0459636449813843,1.4743547439575195,xgboost,HUANUCO
2023-01-09,0.8863812712059397,1.2634254693984985,1.0947257280349731,1.514512300491333,xgboost,HUANUCO
2023-01-16,1.0207292355936215,0.9305984973907471,0.8292787671089172,1.0795668363571167,xgboost,HUANUCO
2023-01-23,0.9763497036112897,1.0797007083892822,0.8867263793945312,1.2627496719360352,xgboost,HUANUCO
2023-01-30,1.3757654914522746,0.955196738243103,0.8427991271018982,1.099290370941162,xgboost,HUANUCO
2023-02-06,1.1982473635229478,1.2982642650604248,1.173359751701355,1.4151734113693237,xgboost,HUANUCO
2023-02-13,1.0207292355936215,1.1192398071289062,1.008363962173462,1.2616106271743774,xgboost,HUANUCO
2023-02-20,0.7544520436996317,0.952124834060669,0.8037087917327881,1.0990906953811646,xgboost,HUANUCO
2023-02-27,1.0207292355936215,1.0231943130493164,0.891376256942749,1.1430765390396118,xgboost,HUANUCO
2023-03-06,1.3313859594699429,1.248453140258789,1.0417588949203491,1.413818597793579,xgboost,HUANUCO
2023-03-13,1.464524555416938,1.3511661291122437,1.1764613389968872,1.5447006225585938,xgboost,HUANUCO
2023-03-20,1.908319875240254,1.4801007509231567,1.2467485666275024,1.7156647443771362,xgboost,HUANUCO
2023-03-27,2.0414584711872488,1.9616260528564453,1.6655724048614502,2.1930108070373535,xgboost,HUANUCO
2023-04-03,2.574012854975228,2.1125805377960205,1.8612412214279175,2.3821773529052734,xgboost,HUANUCO
2023-04-10,3.017808174798544,2.5995826721191406,2.3654966354370117,2.7519891262054443,xgboost,HUANUCO
2023-04-17,4.0385374103921725,3.0911672115325928,2.916170835494995,3.306972026824951,xgboost,HUANUCO
2023-04-24,4.748609922109478,4.850519180297852,3.1692800521850586,6.426469802856445,xgboost,HUANUCO
2023-05-01,5.769339157703105,5.486238956451416,4.015912055969238,6.373176574707031,xgboost,HUANUCO
2023-05-08,5.63620056175611,5.9291486740112305,4.695316791534424,6.608063697814941,xgboost,HUANUCO
2023-05-15,5.9024777536501,5.946877956390381,4.936520099639893,6.460143566131592,xgboost,HUANUCO
2023-05-22,5.991236817614763,5.422263145446777,4.68544340133667,5.8388261795043945,xgboost,HUANUCO
2023-05-29,7.1894841811377175,5.456932067871094,4.289282321929932,6.418242931365967,xgboost,HUANUCO
2023-06-05,7.6332795009610335,5.8850297927856445,5.104945182800293,6.748116970062256,xgboost,HUANUCO
2023-06-12,7.322622777084711,6.1116943359375,5.678794860839844,6.80202054977417,xgboost,HUANUCO
2023-06-19,6.390652605455748,6.9975690841674805,5.904815673828125,7.575959205627441,xgboost,HUANUCO
2023-06-26,5.813718689685437,7.011755466461182,4.8415093421936035,8.326159477233887,xgboost,HUANUCO
2023-07-03,4.881748518056472,5.5905537605285645,4.985385894775391,6.347548961639404,xgboost,HUANUCO
2023-07-10,4.393573666250824,5.0461626052856445,4.535595417022705,5.644084453582764,xgboost,HUANUCO
2023-07-17,3.372844430657197,4.305417537689209,3.7043044567108154,5.335268020629883,xgboost,HUANUCO
2023-07-24,3.5059830266041927,3.1745617389678955,2.832581043243408,3.7230162620544434,xgboost,HUANUCO
2023-07-31,3.2840853666925347,3.1512506008148193,2.7871103286743164,3.6452267169952393,xgboost,HUANUCO
2023-08-07,3.150946770745539,2.8758578300476074,2.581338882446289,3.2739133834838867,xgboost,HUANUCO
2023-08-14,2.3077356630812385,2.951749324798584,2.6901695728302,3.209275245666504,xgboost,HUANUCO
2023-08-21,1.5976631513639326,2.1179749965667725,1.927736759185791,2.382399559020996,xgboost,HUANUCO
2023-08-28,0.9763497036112897,1.4887484312057495,1.2854465246200562,1.628739356994629,xgboost,HUANUCO
2023-09-04,0.8875906396466263,1.0563256740570068,0.8026498556137085,1.3092291355133057,xgboost,HUANUCO
2023-09-11,1.0651087675759527,0.9971535205841064,0.7953501343727112,1.173976182937622,xgboost,HUANUCO
2023-09-18,1.3313859594699426,1.2318896055221558,1.0338536500930786,1.436185359954834,xgboost,HUANUCO
2023-09-25,1.2870064274876112,1.3261027336120605,1.1576169729232788,1.487808346748352,xgboost,HUANUCO
2023-10-02,1.2870064274876112,1.2617805004119873,1.0579532384872437,1.39824378490448,xgboost,HUANUCO
2023-10-09,1.2870064274876112,1.2933847904205322,1.1797982454299927,1.4429322481155396,xgboost,HUANUCO
2023-10-16,1.1982473635229478,1.4620853662490845,1.270815134048462,1.6802183389663696,xgboost,HUANUCO
2023-10-23,0.9763497036112897,1.3941904306411743,1.2576587200164795,1.5891717672348022,xgboost,HUANUCO
2023-10-30,1.1538678315406161,1.119525671005249,0.9345487356185913,1.3414759635925293,xgboost,HUANUCO
2023-11-06,1.2870064274876112,1.269663691520691,1.1271806955337524,1.40714693069458,xgboost,HUANUCO
2023-11-13,1.5976631513639326,1.3578661680221558,1.2468605041503906,1.4691776037216187,xgboost,HUANUCO
2023-11-20,1.908319875240254,1.528618574142456,1.36025869846344,1.7361316680908203,xgboost,HUANUCO
2023-11-27,1.8639403432579222,2.0761678218841553,1.7909820079803467,2.294800043106079,xgboost,HUANUCO
2023-12-04,1.8639403432579222,1.972570776939392,1.7770739793777466,2.2381436824798584,xgboost,HUANUCO
2023-12-11,1.3757654914522746,1.9008561372756958,1.624559760093689,2.2266623973846436,xgboost,HUANUCO
2023-12-18,1.3313859594699429,1.464440941810608,1.2857921123504639,1.6456232070922852,xgboost,HUANUCO
2023-12-25,0.9319701716289582,1.4398505687713623,1.2542318105697632,1.5564035177230835,xgboost,HUANUCO
