date,actual,predicted,lower_ci,upper_ci,model,region
2005-12-26,4.019207172738956,5.643483386611281,4.611610943139475,6.89641375442156,random_forest,LORETO
2006-01-02,2.8488825596688794,5.967697919103152,4.677375197950822,7.342853657762867,random_forest,LORETO
2006-01-09,3.208965077600851,5.995374050764264,4.725353254101775,7.422656016886945,random_forest,LORETO
2006-01-16,5.3203941347975094,6.0441993333671995,4.933602945696105,7.563498421725939,random_forest,LORETO
2006-01-23,6.574487037999778,5.437154877776914,3.6287987115180167,6.75965968915302,random_forest,LORETO
2006-01-30,6.688495483745439,6.966457573875767,5.498947090229192,8.48120746317315,random_forest,LORETO
2006-02-06,4.256315307838007,6.95587301139996,5.805296189444686,8.312158046309053,random_forest,LORETO
2006-02-13,3.9902956010981327,5.600845469824548,4.31642520937914,7.188833016878969,random_forest,LORETO
2006-02-20,4.446329384080776,5.177486100119522,3.4015518770242106,7.173102847838417,random_forest,LORETO
2006-02-27,4.370323753583668,5.723598276651764,3.7677498509224083,7.432808090683547,random_forest,LORETO
2006-03-06,4.978368797560526,5.20866309998245,3.538378944050702,7.189822293317333,random_forest,LORETO
2006-03-13,4.066301231595239,4.873050783631484,3.073484030228947,7.2097135876819305,random_forest,LORETO
2006-03-20,5.092377243306188,4.440791007740761,3.2363368963180026,6.510800869024382,random_forest,LORETO
2006-03-27,4.636343460323544,5.170313379088669,3.89741696621248,7.1533899823500775,random_forest,LORETO
2006-04-03,5.928439178774366,5.206448428014963,3.89741696621248,7.1533899823500775,random_forest,LORETO
2006-04-10,6.3084673312599024,6.31710536539788,4.303681322202452,7.988121137980481,random_forest,LORETO
2006-04-17,7.676568680207833,6.463273081605165,4.458363608909484,7.831740669742194,random_forest,LORETO
2006-04-24,8.968664398658655,8.035117304220478,7.0326507693136024,10.108239981576125,random_forest,LORETO
2006-05-01,11.172827683074765,9.257058583082548,7.373625086021493,10.82507012381889,random_forest,LORETO
2006-05-08,13.22497970649666,11.683858078247212,9.578492043416082,14.533433224858015,random_forest,LORETO
2006-05-15,16.455219002623718,14.465521174897185,12.191864939972529,18.086417868202453,random_forest,LORETO
2006-05-22,22.839691964380723,17.501310575388267,15.660778081562544,18.58474619109132,random_forest,LORETO
2006-05-29,27.628046685698482,17.33263492316259,15.956726569107355,18.58474619109132,random_forest,LORETO
2006-06-05,32.606415483259006,16.998709580065956,14.371355914355163,18.58474619109132,random_forest,LORETO
2006-06-12,30.858285981825542,24.815024867859822,16.649491716353637,30.946959217405496,random_forest,LORETO
2006-06-19,28.312097360172448,24.215733530321142,16.36156628609793,30.11960626043178,random_forest,LORETO
2006-06-26,22.38365818139808,19.40305064333957,14.453687332734319,30.117231084478746,random_forest,LORETO
2006-07-03,18.089340058311524,23.187556968185795,14.697360941281618,30.66776520137946,random_forest,LORETO
2006-07-10,16.189199295883842,20.19887607342849,14.371355914355163,30.69657043050893,random_forest,LORETO
2006-07-17,13.719016304727859,18.38725460264383,12.881908350185684,30.055054256197085,random_forest,LORETO
2006-07-24,13.072968445502449,14.937313892261058,11.262886805957777,24.30945084411854,random_forest,LORETO
2006-07-31,11.742869911803071,12.027261065500948,10.192270596096341,14.939784153569079,random_forest,LORETO
2006-08-07,11.134824867826213,10.57454749031926,9.094404909633685,11.799462631481212,random_forest,LORETO
2006-08-14,10.07074604086671,11.173100847020718,9.49837340266223,11.934512338674217,random_forest,LORETO
2006-08-21,9.006667213907212,9.590362936039515,8.538050586892027,11.316106976192787,random_forest,LORETO
2006-08-28,9.158678474901427,9.000251244705192,7.195170447466857,11.114296691128892,random_forest,LORETO
2006-09-04,8.018594017444817,9.347201700497124,8.093640374210059,10.988787861761704,random_forest,LORETO
2006-09-11,6.270464516011351,7.685686020178071,6.921157593351599,8.738652125510908,random_forest,LORETO
2006-09-18,4.598340645074992,6.890045704721154,5.496687976718048,8.018530044750706,random_forest,LORETO
2006-09-25,3.990295601098134,5.540198322307646,4.2671873857823375,7.194863243388645,random_forest,LORETO
2006-10-02,4.256315307838009,4.519972903502236,3.4195890803835067,6.1087864340449185,random_forest,LORETO
2006-10-09,4.674346275572099,4.773211416137747,3.4264555786482016,6.277301369909662,random_forest,LORETO
2006-10-16,5.776427917780154,5.059731316851951,3.5312649367323927,6.4642839905721665,random_forest,LORETO
2006-10-23,5.396399765294618,5.894880570503023,4.588733532601403,7.539588021853631,random_forest,LORETO
2006-10-30,6.118453255017137,5.528596597069242,4.696623859629276,6.4878113710713645,random_forest,LORETO
2006-11-06,6.004444809271476,6.196804735444857,4.811067715194794,7.838593972673443,random_forest,LORETO
2006-11-13,6.536484222751227,5.916225319814421,4.689279796972962,7.571753548704041,random_forest,LORETO
2006-11-20,5.852433548277261,6.571672578482208,4.736345735361357,7.983619185201773,random_forest,LORETO
2006-11-27,5.852433548277261,5.61780583496264,3.4327359494950125,7.303041915235302,random_forest,LORETO
2006-12-04,5.586413841537386,5.916908852675486,3.4327359494950125,7.92069284906923,random_forest,LORETO
2006-12-11,5.586413841537386,5.339345322837519,3.3344783172581187,7.597966206016293,random_forest,LORETO
2006-12-18,5.054374428057636,5.295503310262299,3.3084158048133347,7.5924817070432375,random_forest,LORETO
2006-12-25,4.560337829826438,4.368341905045591,3.2389907640255715,5.719423694907324,random_forest,LORETO
2007-01-01,4.977161888166406,4.8498740264289495,3.0289238186348655,7.140870883085999,random_forest,LORETO
2007-01-08,6.372101117662692,4.791248699492628,3.1388374058707553,7.08923602675933,random_forest,LORETO
2007-01-15,8.22369650672325,7.068689356495274,4.98880911798915,8.364696503868336,random_forest,LORETO
2007-01-22,8.298457384057096,9.214168782956584,7.268909910644804,11.089055024218702,random_forest,LORETO
2007-01-29,6.95276159204784,9.232079150271426,7.256529674795502,11.089686476421134,random_forest,LORETO
2007-02-05,6.018250625374743,6.961891330918341,5.158610922343194,8.376689250201926,random_forest,LORETO
2007-02-12,6.317294134710134,6.281631304991242,4.433837227543168,7.912752385789413,random_forest,LORETO
2007-02-19,8.22369650672325,7.064235720034996,5.672700669491611,8.267298699900211,random_forest,LORETO
2007-02-26,8.261076945390174,8.736657627944696,7.228524812235558,10.675213619277393,random_forest,LORETO
2007-03-05,9.046066157395577,8.34597769040139,6.866425955222133,10.812473342690218,random_forest,LORETO
2007-03-12,7.476087733384773,9.925393818876177,7.9277803795168715,11.362142105910443,random_forest,LORETO
2007-03-19,8.560120454725565,7.06571234585461,5.592466468685432,8.295803810423449,random_forest,LORETO
2007-03-26,8.186316068056327,8.82757615486616,7.43180751270019,10.71749382544638,random_forest,LORETO
2007-04-02,8.971305280061728,8.556148309737004,7.2580884386620514,10.153060528735388,random_forest,LORETO
2007-04-09,10.16747931740329,8.993758921688208,7.358219334011692,10.747574095194699,random_forest,LORETO
2007-04-16,11.13937072274331,9.844102953624137,8.659298454629553,11.243860433133312,random_forest,LORETO
2007-04-23,12.671968708087187,11.420858176462167,8.824571951145714,14.405667630043016,random_forest,LORETO
2007-04-30,11.774838180081014,15.422640866071333,12.445526737956985,19.7500695973356,random_forest,LORETO
2007-05-07,12.671968708087187,12.131408163469262,9.052129124757093,15.673499928121402,random_forest,LORETO
2007-05-14,13.232675288091045,12.723705600019503,11.724161517342798,14.447831336228333,random_forest,LORETO
2007-05-21,14.989555905436466,14.111337373505185,11.841792411606928,16.23272974558624,random_forest,LORETO
2007-05-28,15.699784240108018,14.569373012778312,12.620786149966097,15.937723775029665,random_forest,LORETO
2007-06-04,14.989555905436466,15.4286482190428,13.095900529535674,17.93965114444638,random_forest,LORETO
2007-06-11,16.821197400115732,14.391742799489894,12.70488220216367,15.71967106390783,random_forest,LORETO
2007-06-18,12.971012217422578,15.520395782014223,13.136145190293451,18.160096904324043,random_forest,LORETO
2007-06-25,10.279620633404063,12.25318631973425,11.026010380740388,14.520417207730626,random_forest,LORETO
2007-07-02,7.775131242720164,9.969102481694822,8.687896858408404,11.611379492305089,random_forest,LORETO
2007-07-09,8.821783525394032,7.467559977163225,6.378458926527863,9.101290139082138,random_forest,LORETO
2007-07-16,11.513175109412549,8.40768130513883,6.961157925877817,10.161753555868419,random_forest,LORETO
2007-07-23,10.503903265405604,11.221041027353163,9.428538221778801,12.573564686923577,random_forest,LORETO
2007-07-30,11.4384142320787,9.23023109834921,8.262860684352429,11.071013030315264,random_forest,LORETO
2007-08-06,10.915088090741767,10.876909292351483,9.123983582576441,12.386894585527044,random_forest,LORETO
2007-08-13,11.251512038744082,10.669402706399278,8.672812095741516,12.12395663403241,random_forest,LORETO
2007-08-20,10.802946774740995,11.111268441393097,9.12103025034233,12.419831555537417,random_forest,LORETO
2007-08-27,9.49463142139866,10.54336986993329,8.571212624370887,12.10104449244089,random_forest,LORETO
2007-09-03,7.849892120054011,9.326168711989235,8.021165285633119,11.020469707665663,random_forest,LORETO
2007-09-10,6.429435450710906,7.207115538981837,6.355564735824468,8.690951990059798,random_forest,LORETO
2007-09-17,6.541576766711677,6.405462986004896,4.773540690955247,8.086183313759749,random_forest,LORETO
2007-09-24,7.363946417384002,6.654167579632817,4.760755161662366,8.187330025568107,random_forest,LORETO
2007-10-01,6.765859398713221,7.75799026699621,6.47773479364642,8.80079165330104,random_forest,LORETO
2007-10-08,7.849892120054012,6.817947165251885,5.069491796619468,8.377218625656734,random_forest,LORETO
2007-10-15,7.401326856050925,7.8694882395506545,6.662927618955904,8.963856605593184,random_forest,LORETO
2007-10-22,10.279620633404061,7.514335415701605,6.248795409720004,8.34203444721098,random_forest,LORETO
2007-10-29,9.56939229873251,9.9069169932421,7.725023635608071,11.407914102328762,random_forest,LORETO
2007-11-05,9.345109666730965,9.02664173280111,7.47621854053298,11.178397591892795,random_forest,LORETO
2007-11-12,6.27991369604321,9.054678546963816,7.414574895732966,11.014777034205368,random_forest,LORETO
2007-11-19,5.569685361371657,5.854848424712519,4.68660925107418,7.3180708294723305,random_forest,LORETO
2007-11-26,4.784696149366256,5.524632893461777,4.557897103653678,6.429708363915209,random_forest,LORETO
2007-12-03,5.420163606703962,5.076844809429585,3.990295601098134,6.150283140795115,random_forest,LORETO
2007-12-10,6.055631064041667,5.599256896842694,4.766745999196818,6.764315203143452,random_forest,LORETO
2007-12-17,7.363946417384002,5.922450185189918,4.6958731276315415,7.738784813263338,random_forest,LORETO
2007-12-24,9.756294492067129,7.244788683799578,4.816237057118729,8.887076275892873,random_forest,LORETO
2007-12-31,9.419870544064814,9.789569574087338,7.574964277146263,11.808044533395659,random_forest,LORETO
2008-01-07,12.499962118332428,8.896827781398366,6.71678692407755,11.112032987783088,random_forest,LORETO
2008-01-14,14.19697746192386,12.697493258288358,9.16678330174143,15.076360474768439,random_forest,LORETO
2008-01-21,15.801681861445529,15.095143054847938,13.184988774178029,17.39182317950293,random_forest,LORETO
2008-01-28,13.248248492734191,15.392206753695646,13.253439203088645,17.616529283023677,random_forest,LORETO
2008-02-04,10.287746036257277,15.988970082263206,12.510334567289433,18.93368290676725,random_forest,LORETO
2008-02-11,8.178388036017479,10.125681576413198,7.339776341401352,12.558150233123708,random_forest,LORETO
2008-02-18,7.290237299074403,8.083122520773761,6.683635888897224,10.190109082655326,random_forest,LORETO
2008-02-25,6.365080281425368,7.305571602068737,5.770574832571715,8.491862492395665,random_forest,LORETO
2008-03-03,8.067369193899593,6.840200387558677,5.11648531450188,8.22369650672325,random_forest,LORETO
2008-03-10,8.141381755311516,7.602598741985441,6.549963069930937,8.74327302616707,random_forest,LORETO
2008-03-17,8.51144456237113,8.513487171713368,7.209652935619655,10.075612695857108,random_forest,LORETO
2008-03-24,7.845331509663825,8.825458551253455,7.264714077249452,10.354046473143825,random_forest,LORETO
2008-03-31,7.290237299074403,7.708015011626926,6.402372645171701,9.457876539372922,random_forest,LORETO
2008-04-07,7.216224737662482,7.245990596798829,6.003046610565235,8.907797230611266,random_forest,LORETO
2008-04-14,7.179218456956519,7.227696198986858,6.293222357079575,8.006595862014844,random_forest,LORETO
2008-04-21,7.5862875447220945,7.392433269267637,6.220814737824804,8.651774299569993,random_forest,LORETO
2008-04-28,7.438262421898249,8.074070139295223,6.831086751467349,9.356972177041978,random_forest,LORETO
2008-05-05,5.661960948012101,7.894407496251512,6.540236141077623,9.303493375560846,random_forest,LORETO
2008-05-12,3.9596720355378765,5.821498009061296,4.4251111455670005,7.209921308038373,random_forest,LORETO
2008-05-19,3.7006280705961463,4.479395623177416,3.437131053303293,5.8491224001705175,random_forest,LORETO
2008-05-26,3.848653193419992,4.427105391270643,3.520850845905414,5.6755071336990675,random_forest,LORETO
2008-06-02,4.736803930363066,4.681377498778434,3.551062735954346,5.746860693113966,random_forest,LORETO
2008-06-09,4.181709719773646,5.08071886428964,4.0124193577548475,6.235694477849679,random_forest,LORETO
2008-06-16,3.922665754831915,4.795323375492287,3.821244783285003,5.730466803013267,random_forest,LORETO
2008-06-23,2.775471052947111,4.655596129005035,3.510242493819005,5.562940880364948,random_forest,LORETO
2008-06-30,2.2203768423576897,4.665881338108734,3.5140564117816866,5.544536683514893,random_forest,LORETO
2008-07-07,3.6266155091842234,3.4535225945992103,2.4979239476524002,5.028599032580288,random_forest,LORETO
2008-07-14,5.550942105894218,3.7164428145999553,2.5162768243328424,5.078671437466981,random_forest,LORETO
2008-07-21,8.844501088724783,5.0258993638861575,3.236661826245155,6.506176977590504,random_forest,LORETO
2008-07-28,8.992526211548629,9.816032829599836,7.186418186244494,11.63109073042124,random_forest,LORETO
2008-08-04,7.068199614838636,9.472879437671505,7.376153159855489,11.543017742034017,random_forest,LORETO
2008-08-11,3.700628070596147,7.135748864124812,5.815928815795429,8.523966386202368,random_forest,LORETO
2008-08-18,1.7763014738861533,4.123364913863066,2.841937844508522,5.450374607518127,random_forest,LORETO
2008-08-25,2.5904396494173043,4.124495100267591,2.71467095997927,5.451521013482192,random_forest,LORETO
2008-09-01,5.032854176010758,3.2566393143549903,2.1014016498880244,5.435668120345864,random_forest,LORETO
2008-09-08,5.809986070835948,5.142965258322843,3.4193803372308396,7.70949406336228,random_forest,LORETO
2008-09-15,6.439092842837293,6.180889609096408,4.151876856416643,8.344842160064353,random_forest,LORETO
2008-09-22,4.588778807539221,6.6152117733597535,4.148995969006137,8.639622370387343,random_forest,LORETO
2008-09-29,4.070690877655761,5.077456447700835,3.9999294318339413,6.168153888968268,random_forest,LORETO
2008-10-06,4.255722281185569,4.453483357378263,2.5977483898567315,5.645312194463308,random_forest,LORETO
2008-10-13,6.180048877895562,4.508769103850831,2.8860181364623054,5.629539571954633,random_forest,LORETO
2008-10-20,7.549281264016134,6.330000569035518,4.801702188678943,8.345309136919399,random_forest,LORETO
2008-10-27,7.216224737662482,8.225327243554025,5.788283281909144,9.796918176925155,random_forest,LORETO
2008-11-03,7.956350351781709,7.075581948984915,4.144703439067684,9.344252701069763,random_forest,LORETO
2008-11-10,8.178388036017479,7.5780217734349735,4.455011048933498,9.240310162580052,random_forest,LORETO
2008-11-17,8.69647596590094,8.073811030788805,6.075402063871203,9.768910390117217,random_forest,LORETO
2008-11-24,7.327243579780365,8.329636679515232,6.656763124168191,10.025565497877505,random_forest,LORETO
2008-12-01,6.994187053426713,7.2763404724431835,4.944656798705068,9.662360525856295,random_forest,LORETO
2008-12-08,7.253231018368442,6.494395509111968,5.045830481090597,8.146728989488155,random_forest,LORETO
2008-12-15,6.587117965661137,6.847533846773755,4.6331796362380375,8.466196486470565,random_forest,LORETO
2008-12-22,5.217885579540565,6.378519419814553,4.3696526051216615,7.9103174681817015,random_forest,LORETO
2008-12-29,6.587117965661136,5.373539593811196,4.019979680689021,6.827921500382238,random_forest,LORETO
2009-01-05,6.860794495436417,7.3669444090129055,5.46792097307419,8.249254402810482,random_forest,LORETO
2009-01-12,8.245759793072788,7.248447513469822,4.965186695498707,8.343343771119903,random_forest,LORETO
2009-01-19,5.49592477178173,8.311980895853162,7.184803175467902,9.527892197208933,random_forest,LORETO
2009-01-26,4.689855805253743,5.822671453324826,4.074529012304732,7.466277291533549,random_forest,LORETO
2009-02-02,4.2501818235112045,5.090725034626142,3.9235891987421287,6.480487899012691,random_forest,LORETO
2009-02-09,5.569203768738819,4.629308308132201,3.598881084017091,5.9459150091439685,random_forest,LORETO
2009-02-16,6.448551732223894,6.306984783785778,4.237025976290489,8.31253664989406,random_forest,LORETO
2009-02-23,8.24388715767259,7.242156679940769,5.705270153595901,8.304792307030832,random_forest,LORETO
2009-03-02,10.149141078556921,7.976160431724596,6.3282497910947315,9.25218531199187,random_forest,LORETO
2009-03-09,12.164313494876888,10.45017858252519,7.945181302083891,12.278511341803645,random_forest,LORETO
2009-03-16,13.629893434018678,14.504708665275508,11.397904535718448,25.68424792718169,random_forest,LORETO
2009-03-23,13.886369923368493,14.173249177496288,10.88085500759921,17.977640956002247,random_forest,LORETO
2009-03-30,12.970382461404874,13.97920845838368,10.766823128523452,17.46135087135755,random_forest,LORETO
2009-04-06,10.845291549649275,12.318237084969027,10.279785880305528,14.552482297729114,random_forest,LORETO
2009-04-13,13.373416944668866,10.420745352866083,7.9095501738192695,13.439500778693711,random_forest,LORETO
2009-04-20,14.399322902068121,15.094408680343525,10.619485616725516,25.095973395423428,random_forest,LORETO
2009-04-27,18.209830743836786,18.133890827429465,11.585515004475623,28.1916827255706,random_forest,LORETO
2009-05-04,17.58695926970152,18.242960684904443,12.495772145115842,26.943996011224517,random_forest,LORETO
2009-05-11,20.188363661678206,16.73547663794245,12.818964473646293,19.200119105247957,random_forest,LORETO
2009-05-18,19.968526670806934,15.25895018199644,13.028600715915267,17.754668219637576,random_forest,LORETO
2009-05-25,20.15172416319966,15.145781382003994,12.889372939143362,17.720160853731265,random_forest,LORETO
2009-06-01,17.147285287958983,15.379182561310385,13.044091758120139,17.720160853731265,random_forest,LORETO
2009-06-08,14.509241397503756,17.171009024027647,13.392475811729746,20.192015638069226,random_forest,LORETO
2009-06-15,11.651360516177258,16.46736179484872,13.039822984754753,20.14450094778532,random_forest,LORETO
2009-06-22,11.761279011612894,11.573059643052622,9.935939835492725,13.644849658625434,random_forest,LORETO
2009-06-29,11.248326032913267,11.646603192524708,10.2811569607766,13.704895308797635,random_forest,LORETO
2009-07-06,9.672827598335838,11.064362689543042,9.780875503859491,11.901924731714422,random_forest,LORETO
2009-07-13,7.694294680494418,9.482911184159615,7.909378969420853,11.621784204276462,random_forest,LORETO
2009-07-20,6.228714741352626,8.194034335121225,6.2985965256134255,10.260236308080595,random_forest,LORETO
2009-07-27,5.862319756567177,6.022801039082896,4.000117354910807,8.580261865566632,random_forest,LORETO
2009-08-03,6.2653542398311695,5.703219130466607,4.205803199989864,7.548055506441685,random_forest,LORETO
2009-08-10,6.595109726138074,6.534411194994407,4.721356536815342,7.966792907746814,random_forest,LORETO
2009-08-17,6.5218307291809845,6.997821545595895,5.230083045613837,8.33823154957879,random_forest,LORETO
2009-08-24,6.9615047109235215,6.972994227695919,5.085728484697986,8.387264085686292,random_forest,LORETO
2009-08-31,6.301993738309715,6.9928559257984295,5.75467533085337,8.123224929180193,random_forest,LORETO
2009-09-07,5.825680258088632,6.698782364540594,5.13972323154152,8.017756959017568,random_forest,LORETO
2009-09-14,4.763134802210833,5.951704837854563,4.5925716697617425,7.221629379622731,random_forest,LORETO
2009-09-21,5.312727279389005,4.659643719592268,3.829992522525463,5.919212042041876,random_forest,LORETO
2009-09-28,5.605843267217363,5.767827504455272,4.281804436528645,7.461970597880099,random_forest,LORETO
2009-10-05,7.254620698751881,5.933096484823845,4.47512218580702,7.600918766903828,random_forest,LORETO
2009-10-12,7.511097188101694,7.543551636341184,5.828873433088306,9.377273251760982,random_forest,LORETO
2009-10-19,7.511097188101695,7.749983016753737,6.425211249705123,9.275783272267821,random_forest,LORETO
2009-10-26,6.118796245916992,7.75298288299486,7.074531947596865,8.875671867910976,random_forest,LORETO
2009-11-02,6.045517248959901,6.077177924541639,4.461552282735401,7.492451960564887,random_forest,LORETO
2009-11-09,6.558470227659529,6.41088452679879,5.233122399466618,7.584433810416962,random_forest,LORETO
2009-11-16,5.825680258088632,6.800608537846424,5.413069533012518,7.74637671274693,random_forest,LORETO
2009-11-23,5.569203768738819,5.747000863210896,4.762218960664853,6.744066544452264,random_forest,LORETO
2009-11-30,4.799774300689378,5.689194337614945,4.872954915632119,6.814463378519618,random_forest,LORETO
2009-12-07,5.202808783953371,5.1846358797901075,4.117357477963233,6.0502434298122,random_forest,LORETO
2009-12-14,4.506658312861019,5.433047178608813,4.151711898125702,6.592472137721587,random_forest,LORETO
2009-12-21,3.993705334161391,4.766104411115984,3.5971254319615196,6.037700013376118,random_forest,LORETO
2009-12-28,2.125090911755605,4.343971765880661,2.6381571287864536,5.856621617506574,random_forest,LORETO
2010-01-04,2.584503992517721,3.9455666512694356,2.507805643303855,5.671202524054226,random_forest,LORETO
2010-01-11,3.627991551133281,4.524492368993018,2.8120807701153745,5.622117625679465,random_forest,LORETO
2010-01-18,5.0429082560752585,4.258312148942368,2.3788372193844296,5.493661313043104,random_forest,LORETO
2010-01-25,5.224307833631922,5.564302739408899,4.024120877501332,7.70949406336228,random_forest,LORETO
2010-02-01,4.970348425052593,6.053933774440336,4.086311007269723,8.204023874910158,random_forest,LORETO
2010-02-08,6.022465974881243,4.999846218758751,4.0220009983825165,6.462106384294167,random_forest,LORETO
2010-02-15,6.022465974881243,6.819805261319067,5.483585617883078,8.244526974767657,random_forest,LORETO
2010-02-22,6.276425383460572,6.68733531178227,5.563315910966668,8.227229870639384,random_forest,LORETO
2010-03-01,6.1675856369265745,6.840873421430503,5.5878645992114,8.234259991047969,random_forest,LORETO
2010-03-08,5.623386904256583,6.545672866627897,4.4408781506016,8.181694388472662,random_forest,LORETO
2010-03-15,5.804786481813246,5.329035840134569,4.064294404549864,6.660041241821291,random_forest,LORETO
2010-03-22,6.1675856369265745,5.496855528116,4.136327005567821,6.828763378793677,random_forest,LORETO
2010-03-29,7.945301496981879,5.783903732443778,4.2030666254431654,7.446400371930818,random_forest,LORETO
2010-04-05,9.577897694991854,7.7527698876340505,5.794555991599819,9.143376960892754,random_forest,LORETO
2010-04-12,11.355613555047158,10.961629393309034,7.2709033061650015,13.299198325582763,random_forest,LORETO
2010-04-19,14.258006795953778,13.262590090834289,11.880708769502325,14.761976091150649,random_forest,LORETO
2010-04-26,18.430197079757047,16.43642419705197,12.702365807049846,21.35828295197651,random_forest,LORETO
2010-05-03,20.969791165550337,18.928274308123665,14.94096509304773,24.121231345262512,random_forest,LORETO
2010-05-10,20.53443217941435,20.21658568988246,17.256883486562742,25.15098032278883,random_forest,LORETO
2010-05-17,20.498152263903012,19.56578581232286,17.06783686097191,22.151432579724144,random_forest,LORETO
2010-05-24,16.507361557656413,19.578460257318913,16.744601370243835,22.151432579724144,random_forest,LORETO
2010-05-31,14.947325190669103,17.821373667645478,13.23602202320696,21.67835767425037,random_forest,LORETO
2010-06-07,10.847694737888501,16.28309173441292,12.96558850133589,19.92624806746861,random_forest,LORETO
2010-06-14,10.70257507584317,11.450442610121335,7.9542004825627295,14.461170276428062,random_forest,LORETO
2010-06-21,8.562060060674535,10.497960420559123,7.787988533376499,13.094662589921422,random_forest,LORETO
2010-06-28,5.986186059369909,8.055693952324217,5.9453378446823635,10.673816716202692,random_forest,LORETO
2010-07-05,5.151748002609256,5.632975896201132,4.149484357835569,7.618565488912305,random_forest,LORETO
2010-07-12,5.6596668197679145,4.745777282774933,2.264784379204844,6.174680556273559,random_forest,LORETO
2010-07-19,6.7843442006192305,5.74265413226357,4.301887565043775,7.9868305398568245,random_forest,LORETO
2010-07-26,6.348985214483238,6.750246160903947,5.219430931678843,8.36122804625909,random_forest,LORETO
2010-08-02,5.6596668197679145,6.442519713795111,5.186562806639477,8.021738438196524,random_forest,LORETO
2010-08-09,5.6596668197679145,5.752856580088415,4.371645058773181,6.848704145788081,random_forest,LORETO
2010-08-16,6.3127052989719035,5.935231572923617,4.707756523515864,6.971389790606578,random_forest,LORETO
2010-08-23,6.5303847920399,6.393196901223692,5.381825257198801,7.594043527012375,random_forest,LORETO
2010-08-30,5.804786481813245,6.447432914455118,5.440722954665556,7.895090424576563,random_forest,LORETO
2010-09-06,5.33314758016592,5.773707835562405,4.862782589676621,6.55717117898351,random_forest,LORETO
2010-09-13,5.768506566301913,5.821737991008271,4.821677850477956,7.02883672400771,random_forest,LORETO
2010-09-20,5.405707411188586,6.038787779951496,4.725580709370618,7.5570795528413095,random_forest,LORETO
2010-09-27,4.4624296078939345,5.689873325288565,4.851950227138119,6.555013810387942,random_forest,LORETO
2010-10-04,4.426149692382602,4.571305743601957,3.756675136505422,5.88518683844791,random_forest,LORETO
2010-10-11,5.841066397324578,4.783140800015665,3.746203951193285,6.05644201697761,random_forest,LORETO
2010-10-18,6.494104876528568,6.254035320930567,5.319521965688705,7.954584049152335,random_forest,LORETO
2010-10-25,5.695946735279247,6.730933098554026,5.124814800667244,8.176049444211763,random_forest,LORETO
2010-11-01,4.93406850954126,5.609631326625643,4.604242495618441,6.506455238171792,random_forest,LORETO
2010-11-08,5.006628340563926,5.315763954702617,4.175905602704745,6.111849574068542,random_forest,LORETO
2010-11-15,4.752668931984596,5.457563196342596,4.377218483233901,6.193804903843742,random_forest,LORETO
2010-11-22,4.244750114825938,5.221059567572425,4.13719286577092,6.156757947023122,random_forest,LORETO
2010-11-29,3.7368312976672784,4.863439783667696,3.6406523635668764,5.954439462546662,random_forest,LORETO
2010-12-06,3.809391128689944,3.6808395894547563,2.0405897426664827,5.881195826812144,random_forest,LORETO
2010-12-13,3.845671044201277,3.693468697174467,2.105500940839646,5.370810350485299,random_forest,LORETO
2010-12-20,3.555431720110615,3.457170091839315,2.306488262197128,5.030790030146593,random_forest,LORETO
2010-12-27,3.265192396019953,3.4292907640535684,2.1726974754357853,5.25605008383853,random_forest,LORETO
2011-01-03,3.8622078860888145,3.6653784925549604,2.321382649588632,5.304943740204102,random_forest,LORETO
2011-01-10,4.968199857974753,4.021857005456204,2.5222381631720983,5.308659657891123,random_forest,LORETO
2011-01-17,4.454992717524006,5.519876597511715,4.174472963647037,6.797275174446796,random_forest,LORETO
2011-01-24,3.5927360625193607,4.898707436214926,3.890267407632984,5.959413538124783,random_forest,LORETO
2011-01-31,2.694552046889522,4.0894180720814255,2.4015523582756786,5.3347604809465095,random_forest,LORETO
2011-02-07,4.167573832522458,3.9856944882396905,2.4633836856218894,5.113490842013607,random_forest,LORETO
2011-02-14,4.454992717524006,4.705423475136604,3.765267959503503,5.385505709571065,random_forest,LORETO
2011-02-21,5.173539930027878,4.633511763354484,3.6930596463136167,5.828726882186825,random_forest,LORETO
2011-02-28,4.957975766276716,5.308497250503924,4.114868489948408,7.19790379780699,random_forest,LORETO
2011-03-07,5.137612569402684,5.072842587236615,4.087512327363462,6.229299158100404,random_forest,LORETO
2011-03-14,7.868091976917394,5.214443612438197,4.471596562430824,6.317219532640421,random_forest,LORETO
2011-03-21,8.550711828796073,8.765452334001509,6.943382653787113,10.37536268903331,random_forest,LORETO
2011-03-28,10.203370417554975,8.727707112210588,6.509003390192637,10.979953492213888,random_forest,LORETO
2011-04-04,11.245263875685588,11.324976570659429,7.67936533207151,13.726998784393114,random_forest,LORETO
2011-04-11,13.329050791946814,13.33963393470306,11.039431583471384,17.357602644779252,random_forest,LORETO
2011-04-18,13.400905513197202,15.97747447630965,12.670853593719997,19.90002870796494,random_forest,LORETO
2011-04-25,11.281191236310782,15.868403823145536,11.762567322297102,19.830246034923526,random_forest,LORETO
2011-05-02,9.880024171928234,13.372642783094825,10.351939044389216,17.722380315057592,random_forest,LORETO
2011-05-09,10.490789302556523,9.672523041846064,7.351961112420373,13.023905327940716,random_forest,LORETO
2011-05-16,11.604537481937525,10.220138717051702,7.4527738492717095,13.47124364053132,random_forest,LORETO
2011-05-23,11.85602900631388,12.529877682851843,9.970411125865835,15.592925004979058,random_forest,LORETO
2011-05-30,11.784174285063493,12.943881969685899,10.391761949404835,15.803234533477761,random_forest,LORETO
2011-06-06,10.56264402380691,11.979191030267023,10.113891806811058,14.111115596763756,random_forest,LORETO
2011-06-13,10.706353466307684,10.25548555410477,7.935537622722848,12.603067665036978,random_forest,LORETO
2011-06-20,11.137481793810005,9.762446077729646,7.810344437499281,11.727970723455003,random_forest,LORETO
2011-06-27,11.029699711934427,10.692683056591843,8.669470752557489,12.449175248558003,random_forest,LORETO
2011-07-04,12.251229973191009,10.737505906469307,9.535442421766263,11.383706171981139,random_forest,LORETO
2011-07-11,11.7482469244383,11.465162760065043,9.746068353533737,14.408346652948948,random_forest,LORETO
2011-07-18,11.96381108818946,11.023721625116353,9.872185984506308,13.045773094756425,random_forest,LORETO
2011-07-25,10.490789302556523,11.185362431974434,9.827875076011058,13.59141929917749,random_forest,LORETO
2011-08-01,8.874058074422814,10.211796413209987,7.98313435276736,11.884029666052365,random_forest,LORETO
2011-08-08,7.904019337542587,8.007653892786934,6.12832528769063,10.336089206407886,random_forest,LORETO
2011-08-15,6.3232154700340715,7.4991717316363795,5.965243458710683,10.345948561184475,random_forest,LORETO
2011-08-22,6.071723945657716,5.993467220165717,4.644298471192274,7.235322218702718,random_forest,LORETO
2011-08-29,6.107651306282911,6.09826606432485,5.125888203385956,7.000170479280729,random_forest,LORETO
2011-09-05,6.574706994410427,6.297002466952296,5.316840371062392,7.6119656279390435,random_forest,LORETO
2011-09-12,5.640595618155395,6.268464235641139,5.50670523107985,7.2554954208316245,random_forest,LORETO
2011-09-19,4.4190653568988125,5.484228472390254,4.678274005332096,6.228344786490052,random_forest,LORETO
2011-09-26,4.275355914398038,4.994261415138535,4.0612007518541775,5.942636376973425,random_forest,LORETO
2011-10-03,4.526847438774394,5.293780058371973,4.185606625385282,6.102151867525579,random_forest,LORETO
2011-10-10,5.281322011903458,5.3611636192803305,4.215944173427481,6.1016443525716495,random_forest,LORETO
2011-10-17,4.7424116025255545,5.804188325846946,4.625672558251755,7.163239152603815,random_forest,LORETO
2011-10-24,4.634629520649974,4.841082449706805,3.75463974744953,6.098123176911642,random_forest,LORETO
2011-10-31,5.281322011903458,4.81008345283693,3.747663950799792,6.124945577884055,random_forest,LORETO
2011-11-07,5.317249372528651,5.450006747802904,4.546853392200176,6.8718908190341645,random_forest,LORETO
2011-11-14,5.71245033940578,5.431983441857568,4.557560761759831,7.029096593216345,random_forest,LORETO
2011-11-21,5.460958815029426,5.999775832179585,4.8749486320431386,7.652504263451389,random_forest,LORETO
2011-11-28,8.155510861918943,5.57077535797319,4.577360957610184,7.1152880188932395,random_forest,LORETO
2011-12-05,8.981840156298395,8.353131038246655,6.795886120956115,9.878725447150014,random_forest,LORETO
2011-12-12,7.580673091915845,8.414415407013811,6.424829655760232,11.339880021391387,random_forest,LORETO
2011-12-19,5.209467290653071,7.60711130232665,5.135132167752654,9.728593466555258,random_forest,LORETO
2011-12-26,5.137612569402684,5.60651061942026,4.292238511113306,7.561040947166859,random_forest,LORETO
2012-01-02,5.875490238553965,5.8028912605522445,4.415921014003746,7.26724885884833,random_forest,LORETO
2012-01-09,5.9286734428293455,6.487878067852698,4.807483049093714,8.202340256981513,random_forest,LORETO
2012-01-16,5.977707421110278,6.201625854651906,4.812797665437078,7.928621060215802,random_forest,LORETO
2012-01-23,6.048870604694923,6.267086683683398,4.8124816368824375,7.858845744313765,random_forest,LORETO
2012-01-30,6.191196971864216,6.573274337569846,5.632218493114259,8.116531716274448,random_forest,LORETO
2012-02-06,5.835381053940986,6.510255972290605,5.6151508749015395,8.178239410187045,random_forest,LORETO
2012-02-13,5.728636278564017,6.007495808971554,5.032250787236477,7.093903634813152,random_forest,LORETO
2012-02-20,5.337238768848462,6.124599480807498,4.752640490737268,8.012166025640123,random_forest,LORETO
2012-02-27,5.266075585263817,5.812524573707798,4.678951462134365,7.62125670452208,random_forest,LORETO
2012-03-05,5.337238768848462,5.97484724276587,4.612322690006185,8.019299106573154,random_forest,LORETO
2012-03-12,5.657473094979371,5.959734501570905,4.484543960377477,7.919566308881518,random_forest,LORETO
2012-03-19,5.728636278564017,6.427331611649728,5.120397236526059,8.050871098823812,random_forest,LORETO
2012-03-26,6.262360155448863,6.303711657146041,4.968786995300282,8.085441073606589,random_forest,LORETO
2012-04-02,7.899113377895723,6.923101395164328,5.561082647508117,8.296044692239436,random_forest,LORETO
2012-04-09,9.393540233173292,8.463688187464355,6.054245129574805,10.16723061451529,random_forest,LORETO
2012-04-16,10.99471186382783,10.370964987685888,6.317178092330967,12.468808324174635,random_forest,LORETO
2012-04-23,11.386109373543382,12.66417514072921,11.19300276943516,14.013098831035128,random_forest,LORETO
2012-04-30,10.959130272035507,12.32686877401627,10.644828494340395,13.877803764131341,random_forest,LORETO
2012-05-07,10.78122231307389,11.55337216881328,10.590873597189914,13.325039792063412,random_forest,LORETO
2012-05-14,10.460987986942984,11.51902413994801,10.11311470701612,13.4812861159575,random_forest,LORETO
2012-05-21,11.279364598166415,11.009543179646961,8.180125305127987,13.198828134990315,random_forest,LORETO
2012-05-28,11.955414842220554,11.722833432767912,10.497125405885612,13.60713853806711,random_forest,LORETO
2012-06-04,11.741925291466613,11.156149164801263,10.385204967980293,12.009169380978767,random_forest,LORETO
2012-06-11,10.460987986942984,10.964427714680301,10.230424413971,11.920504344426806,random_forest,LORETO
2012-06-18,8.930979539873093,10.331380900449066,8.118311903288774,11.788689820753435,random_forest,LORETO
2012-06-25,7.7567870107264305,7.521529219415552,5.78963562034671,11.080517665762082,random_forest,LORETO
2012-07-02,7.116318358464617,6.959952135992074,5.578942859896916,9.133975948867356,random_forest,LORETO
2012-07-09,6.9384103995030015,6.959732236112324,5.247829992735966,9.130833530514309,random_forest,LORETO
2012-07-16,6.582594481579771,6.911817634328892,5.440934906624191,8.429534738104687,random_forest,LORETO
2012-07-23,5.835381053940986,6.486489317501708,5.3911976198295,7.9493744145886645,random_forest,LORETO
2012-07-30,5.194912401679171,5.707779121667806,4.372508121696023,6.512837557479856,random_forest,LORETO
2012-08-06,5.2304939934714945,5.522928201168061,4.571703829729896,6.235853670059751,random_forest,LORETO
2012-08-13,5.443983544225432,5.534567493953209,4.663629714863567,6.407784103997618,random_forest,LORETO
2012-08-20,5.40840195243311,6.071802582575663,4.624010563448646,8.385174270854224,random_forest,LORETO
2012-08-27,4.732351708378972,5.767885306657363,4.74863974213762,7.548792216080212,random_forest,LORETO
2012-09-03,5.0881676263022015,4.873845979855472,4.157341181131859,5.901442720147452,random_forest,LORETO
2012-09-10,5.550728319602402,5.453723847234696,4.584585827837993,6.904495040124852,random_forest,LORETO
2012-09-17,6.262360155448863,6.083103093149741,4.603064935364094,8.387470904943576,random_forest,LORETO
2012-09-24,5.87096264573331,6.830432628819073,4.983919753696859,8.21925618112185,random_forest,LORETO
2012-10-01,4.625606933002001,5.823992218543986,4.532207657325752,7.289277652977034,random_forest,LORETO
2012-10-08,4.198627831494125,4.816253677610316,3.922192921634441,5.767513560271986,random_forest,LORETO
2012-10-15,4.3765357904557405,4.1182521637474405,3.0212737003018377,5.660383977033949,random_forest,LORETO
2012-10-22,4.447698974040387,4.7429830885356505,3.7970221720767254,5.813500849899017,random_forest,LORETO
2012-10-29,4.412117382248064,4.57797936776401,3.5759582628782507,5.56261757632042,random_forest,LORETO
2012-11-05,4.910259667340586,4.544984292413976,3.4734707674743355,5.633167238943237,random_forest,LORETO
2012-11-12,5.194912401679171,4.974596365194376,4.1597983541872905,5.951697093657353,random_forest,LORETO
2012-11-19,5.337238768848462,5.283157305510767,4.4769882232789335,6.076979524159993,random_forest,LORETO
2012-11-26,5.123749218094525,5.321492764587916,4.4865126053419555,6.367715838846412,random_forest,LORETO
2012-12-03,5.550728319602402,5.350030704522089,4.472214582636344,6.68612156975605,random_forest,LORETO
2012-12-10,5.728636278564017,6.056814270921689,4.7871757787703855,8.012547263382476,random_forest,LORETO
2012-12-17,6.2267785636565405,5.668140118039774,4.873361364847994,6.808807166459314,random_forest,LORETO
2012-12-24,5.977707421110278,6.246165283863509,4.831388801041133,8.027312119907332,random_forest,LORETO
2012-12-31,6.404686522618154,5.751601867665542,4.710591148196344,6.370543283718123,random_forest,LORETO
2013-01-07,6.734722168798818,5.923481497601737,4.7418530998838975,7.522588542145774,random_forest,LORETO
2013-01-14,7.5639177423776305,6.523881625562049,5.610350931636081,8.104944191852429,random_forest,LORETO
2013-01-21,7.259929804232121,6.8308879254962935,5.467981130454592,8.265240303864728,random_forest,LORETO
2013-01-28,7.048475538089438,6.596290345242208,5.504011898776914,8.067369193899594,random_forest,LORETO
2013-02-04,7.013233160398991,6.619058040021933,5.590127932207517,8.06073845155878,random_forest,LORETO
2013-02-11,6.837021271946754,6.824403693276744,5.839560626723419,7.502646848521646,random_forest,LORETO
2013-02-18,6.414112739661388,6.739304151094535,5.68720214442045,7.585236968785291,random_forest,LORETO
2013-02-25,5.638780430471551,6.4520507463842725,5.573550390690156,7.983310137129068,random_forest,LORETO
2013-03-04,5.779749941233341,5.55062588997514,4.414315925601981,7.587266900339602,random_forest,LORETO
2013-03-11,6.2026584735187065,6.095198553093759,5.322513075740218,7.329261917070047,random_forest,LORETO
2013-03-18,6.4845974950422836,6.638750425003068,5.73736734225879,8.072406899882564,random_forest,LORETO
2013-03-25,6.6960517611849655,6.607591548928659,5.663277394214849,8.095296727399557,random_forest,LORETO
2013-04-01,8.599140156469113,7.168859809428503,5.806875422595094,8.338875277061897,random_forest,LORETO
2013-04-08,10.149804774848787,8.631483666161197,5.979189163448411,10.432663933252979,random_forest,LORETO
2013-04-15,12.193862680894725,11.704585585264505,10.768576776113536,13.673090727922961,random_forest,LORETO
2013-04-22,12.017650792442488,12.592188658619973,10.894974663446087,14.328664849010949,random_forest,LORETO
2013-04-29,11.171833727871757,11.38915883922301,10.461600166887495,13.580367111235635,random_forest,LORETO
2013-05-06,9.550684354111185,10.645821847125008,9.774945179967434,11.764609210527157,random_forest,LORETO
2013-05-13,8.000019735731511,9.861176364130028,6.266512761645342,11.557496618199625,random_forest,LORETO
2013-05-20,6.378870361970942,6.877443959584598,5.420425581276605,9.808180166102689,random_forest,LORETO
2013-05-27,6.132173718137811,6.013149688091844,4.666871057520336,7.491838444891307,random_forest,LORETO
2013-06-03,5.674022808161998,6.131180784957947,5.410117070342405,7.539192828440336,random_forest,LORETO
2013-06-10,7.189445048851226,6.082876865211091,5.067061038930988,7.720740183066913,random_forest,LORETO
2013-06-17,6.414112739661388,7.260156997527727,6.25918183785953,8.481608411992664,random_forest,LORETO
2013-06-24,5.533053297400211,6.024085091317263,5.43396818890098,6.847395830282363,random_forest,LORETO
2013-07-01,4.0528734344014286,5.718571661567285,4.758986603811886,6.91027658188846,random_forest,LORETO
2013-07-08,3.8414191682587457,3.963144500040649,2.1081115491537394,5.730000811873645,random_forest,LORETO
2013-07-15,3.9471463013300876,3.774738618829118,2.1799089715564697,5.76683303785867,random_forest,LORETO
2013-07-22,3.9471463013300876,4.20736042085541,2.2774376808980787,5.684664931741181,random_forest,LORETO
2013-07-29,4.017631056710981,3.962662256722406,2.98518752597768,5.018646840717238,random_forest,LORETO
2013-08-05,4.193842945163218,4.00297552082054,2.9467465092688885,5.053655880884577,random_forest,LORETO
2013-08-12,5.356841408947974,4.384416558688369,3.3662063201325947,5.237907642974399,random_forest,LORETO
2013-08-19,4.933932876662609,5.367159284063242,4.740276232232881,6.029481215646181,random_forest,LORETO
2013-08-26,3.9823886790205343,5.0425346597039304,4.132513858554789,5.700050367394591,random_forest,LORETO
2013-09-02,2.5374511937122004,4.355140359552229,3.6996345626410765,5.319081710425716,random_forest,LORETO
2013-09-09,2.643178326783542,4.27094182025777,2.931182120530569,5.419823142219139,random_forest,LORETO
2013-09-16,2.6784207044739894,4.4512134131957355,3.2724577744524472,5.258954612215605,random_forest,LORETO
2013-09-23,2.819390215235778,3.566255994966036,2.540061885668571,5.005554057025005,random_forest,LORETO
2013-09-30,2.819390215235778,3.666958087213152,2.619683408323244,4.998073545396868,random_forest,LORETO
2013-10-07,3.030844481378461,3.6683558599989525,2.623423375009684,4.998073545396868,random_forest,LORETO
2013-10-14,3.242298747521144,3.7072624214319063,2.628905163818911,4.998073545396868,random_forest,LORETO
2013-10-21,3.242298747521144,3.234606478630688,2.7371580006247345,3.9012274160379885,random_forest,LORETO
2013-10-28,3.3127835029020383,3.247863822146933,2.742738043759055,4.0157595150376695,random_forest,LORETO
2013-11-04,3.3127835029020383,3.4310696480780023,2.6510581863584988,4.581947124857842,random_forest,LORETO
2013-11-11,2.7489054598548837,3.420737238888596,2.6524894005754356,4.581947124857842,random_forest,LORETO
2013-11-18,2.7841478375453312,3.123690280413284,2.6672724931021587,3.956105652242642,random_forest,LORETO
2013-11-25,3.41851063597338,3.2086864560208155,2.682160671160429,4.049049500735062,random_forest,LORETO
2013-12-02,4.0528734344014286,3.181594524531255,2.534462223535505,4.276605781984994,random_forest,LORETO
2013-12-09,4.123358189782324,3.923698887144164,2.4820301926542045,5.232867405584629,random_forest,LORETO
2013-12-16,2.7841478375453312,4.322627232562282,2.84026131593311,5.409950252295617,random_forest,LORETO
2013-12-23,2.537451193712201,3.2336506462405232,2.4676568770642366,4.110517319942698,random_forest,LORETO
2013-12-30,2.6784207044739894,3.5382384704275704,2.6197085930772137,4.567886845248605,random_forest,LORETO
2014-01-06,3.476348708587885,3.696118087528195,2.64898511716512,4.813573435036276,random_forest,LORETO
2014-01-13,3.5022724779241514,3.8048023146744314,2.7566881515948576,5.005554057025005,random_forest,LORETO
2014-01-20,2.827675190187344,3.7705843971748876,2.712021176018661,4.993725227325759,random_forest,LORETO
2014-01-27,2.5134890579443057,3.5682829852078326,2.685283725842476,4.652378437127668,random_forest,LORETO
2014-02-03,3.0022230414334756,3.4760998443350726,2.6336883843705157,4.605241044298858,random_forest,LORETO
2014-02-10,3.386228314174966,3.173938135871147,2.631431149878839,3.8428151989579256,random_forest,LORETO
2014-02-17,3.5258665951718715,3.217857068745746,2.6730487821765347,4.110948813451613,random_forest,LORETO
2014-02-24,3.0022230414334756,3.2127600270993364,2.6036268664098765,4.460775587156558,random_forest,LORETO
2014-03-03,3.421137884424192,3.114817671812274,2.5694081702431375,4.103222823361421,random_forest,LORETO
2014-03-10,3.211680462928834,3.382585551558496,2.6958656814307607,3.9265772707723707,random_forest,LORETO
2014-03-17,3.0720421819319284,3.3854915059385884,2.6952270312220667,4.020514567433492,random_forest,LORETO
2014-03-24,3.5956857356703247,3.35623332122087,2.7489054598548837,3.8942827347944164,random_forest,LORETO
2014-03-31,4.084419719159494,3.5026321672429903,2.7280341167959152,4.993102657341588,random_forest,LORETO
2014-04-07,4.71279198364557,4.118585056554652,2.7883098181076873,5.214988830331747,random_forest,LORETO
2014-04-14,5.4808025291285505,5.023436898900556,3.966140773670633,6.4130338715970545,random_forest,LORETO
2014-04-21,5.725169520873135,6.0350492475919415,4.483913460264388,7.887716063267117,random_forest,LORETO
2014-04-28,5.794988661371588,6.4483417797793985,5.138219899194521,7.89447189627276,random_forest,LORETO
2014-05-05,6.004446082866946,5.989390125201149,5.280614339440531,7.017920989060163,random_forest,LORETO
2014-05-12,7.9244724465743985,6.240170752228274,5.575598696436742,7.370877245920205,random_forest,LORETO
2014-05-19,9.600131818537266,7.631844161214233,5.973802623924905,9.674717970912285,random_forest,LORETO
2014-05-26,10.088865802026435,10.520642488918973,7.199763200287428,13.364978152572007,random_forest,LORETO
2014-06-02,10.368142364020246,10.98040927572682,9.073897643385337,13.174837672455826,random_forest,LORETO
2014-06-09,9.879408380531077,10.943609832798057,8.788558212778062,12.855793070892732,random_forest,LORETO
2014-06-16,8.901940413552737,10.361436572308694,7.725540845610425,12.592539899130347,random_forest,LORETO
2014-06-23,6.2488130746115305,8.239963587204116,6.87148653504817,10.697018770197095,random_forest,LORETO
2014-06-30,5.341164248131644,5.941442205078364,5.303823110430194,6.679555046441005,random_forest,LORETO
2014-07-07,5.376073818380871,5.572837355274841,4.434638632969754,7.015500550236454,random_forest,LORETO
2014-07-14,6.493180066356115,5.619359268474196,4.61945078795952,7.015500550236454,random_forest,LORETO
2014-07-21,5.550621669627003,6.289646813664812,5.619827099612602,7.377923617666388,random_forest,LORETO
2014-07-28,4.817520694393249,5.486383703398681,4.2939497833788725,6.874875882973243,random_forest,LORETO
2014-08-04,3.3513187439257397,5.03058102116243,3.9620782518273705,6.120293996762597,random_forest,LORETO
2014-08-11,3.6655048761687774,3.0762053295772835,2.451850329045888,4.0750506106260085,random_forest,LORETO
2014-08-18,3.3513187439257397,3.929874874402417,2.719918604204491,4.696716099898998,random_forest,LORETO
2014-08-25,3.5258665951718715,3.3249953630919657,2.60793310498028,3.9439295069836504,random_forest,LORETO
2014-09-01,3.2814996034272865,3.2253352403241577,2.682140733230203,3.927074124837919,random_forest,LORETO
2014-09-08,2.8974943306857956,3.222372033399839,2.6350154166657114,3.8712597720559474,random_forest,LORETO
2014-09-15,2.5833081984427584,3.0635618488318577,2.5882984719115383,3.8135399848324734,random_forest,LORETO
2014-09-22,2.269122066199721,2.923097384883554,2.6223378581285655,3.3215528366998943,random_forest,LORETO
2014-09-29,2.6531273389412116,2.9481027394217576,2.6226368066473063,3.4574916574688612,random_forest,LORETO
2014-10-06,3.9796910084118147,2.997355790590535,2.627167721601618,3.4574916574688612,random_forest,LORETO
2014-10-13,4.60806327289789,3.728596139246441,2.5524751511051775,4.869509330233971,random_forest,LORETO
2014-10-20,3.8749622976641356,4.6368730531707225,3.6654943176982253,5.492012543309614,random_forest,LORETO
2014-10-27,2.653127338941211,3.878821852805378,2.468507740904229,4.892265923602357,random_forest,LORETO
2014-11-03,2.7229464794396647,3.0127324709018386,2.4793574966106076,3.989525601536445,random_forest,LORETO
2014-11-10,3.0720421819319284,3.2215085765647022,2.5777212560706477,4.073632420467137,random_forest,LORETO
2014-11-17,3.2814996034272865,3.182324652853794,2.6756764002267204,3.7975126355310382,random_forest,LORETO
2014-11-24,3.2814996034272865,3.283229067328624,2.7576903501898595,3.9009473717415224,random_forest,LORETO
2014-12-01,2.827675190187343,3.3131198467190033,2.740665153423407,3.9579098327145665,random_forest,LORETO
2014-12-08,2.827675190187343,3.177434417704364,2.4517784831386886,3.898902515106103,random_forest,LORETO
2014-12-15,2.0945742149535893,3.2135452952914965,2.6392499911489953,3.8242795850358764,random_forest,LORETO
2014-12-22,2.5134890579443057,3.044904161877201,2.3912353919833342,3.8414191682587457,random_forest,LORETO
2014-12-29,3.0022230414334756,3.2230195470467566,2.4777067484388486,3.8917661440921814,random_forest,LORETO
2015-01-05,3.308245556056003,3.55568773018814,2.9657268168845783,4.116608794594156,random_forest,LORETO
2015-01-12,3.161423291553048,3.2417349776473663,2.7217475072672648,3.780392190652526,random_forest,LORETO
2015-01-19,2.593726915830454,3.1782308180134615,2.6250458854291945,3.9004775348243936,random_forest,LORETO
2015-01-26,2.7320590180080777,2.884235954816977,2.275318514918959,3.554067220657889,random_forest,LORETO
2015-02-02,4.288295167506347,3.1987946135135013,2.449882954157289,3.784537453933631,random_forest,LORETO
2015-02-09,5.46411803601615,4.269606172716566,3.2304169923260684,5.168454443201212,random_forest,LORETO
2015-02-16,5.913697368093428,6.249002391635637,4.692861784329975,7.672679604548001,random_forest,LORETO
2015-02-23,5.049121729483279,6.304541246566974,5.4293089818333815,7.887073401701919,random_forest,LORETO
2015-03-02,4.737874499583625,5.727455906920164,3.7321774434080606,7.641971480895507,random_forest,LORETO
2015-03-09,5.152870806116497,4.777826434375595,3.454712905186336,6.850195131337072,random_forest,LORETO
2015-03-16,5.948280393637835,6.254807287656743,4.992336307564522,7.905255898729394,random_forest,LORETO
2015-03-23,6.570774853437143,6.4715071977509515,5.25070915274509,7.916267057312533,random_forest,LORETO
2015-03-30,7.919512849668976,6.881686593620608,5.324924037163044,8.634003778792328,random_forest,LORETO
2015-04-06,9.371999922534028,9.119330790406853,7.428768909979681,10.176855424415411,random_forest,LORETO
2015-04-13,10.374907663321801,10.129095449251187,7.804934468393813,12.172541778889789,random_forest,LORETO
2015-04-20,9.475748999167246,10.657531901212629,9.44126661287498,12.391756413037282,random_forest,LORETO
2015-04-27,8.784088488279126,9.554036591219994,7.1603549553347765,11.493198100917652,random_forest,LORETO
2015-05-04,7.608265619769322,8.218853615772787,6.204623165317461,10.40249768486782,random_forest,LORETO
2015-05-11,7.435350492047292,6.911255150379651,5.903757444044943,8.054587765504394,random_forest,LORETO
2015-05-18,5.879114342549023,6.867054837590895,5.9612987174685275,7.919093608399307,random_forest,LORETO
2015-05-25,4.807040550672437,5.758606522277802,4.887269342873692,6.920311954965439,random_forest,LORETO
2015-06-01,3.8041328098846634,4.7354413993605196,3.5144055858198766,5.8514440720464505,random_forest,LORETO
2015-06-08,3.9424649120622868,3.7355460892213674,2.688845315374331,4.423453811397131,random_forest,LORETO
2015-06-15,4.322878193050753,4.015101657591831,3.3623715569726067,4.670590479315741,random_forest,LORETO
2015-06-22,4.737874499583626,4.75936156127231,3.630987412011852,5.5191086277309855,random_forest,LORETO
2015-06-29,4.495793320772783,4.713321870032928,3.651649535712896,5.411993534317914,random_forest,LORETO
2015-07-06,4.288295167506347,4.6803731254869065,3.1943332383571876,5.440309914838644,random_forest,LORETO
2015-07-13,3.8387158354290687,4.7661647185756015,3.7343492681921373,5.502163873231954,random_forest,LORETO
2015-07-20,3.734966758795851,3.8830277183740955,2.9986684095029084,4.566759449223609,random_forest,LORETO
2015-07-27,2.9049741457301077,3.810276057439628,3.07877914488295,4.3492631059893645,random_forest,LORETO
2015-08-03,2.5591438902860477,3.128950221427613,2.4593184896443043,4.0692404508328,random_forest,LORETO
2015-08-10,2.6283099413748596,2.9147721793928567,2.3476685992604804,3.9315745606155397,random_forest,LORETO
2015-08-17,3.3545534778073853,3.075222604880254,2.486330578814261,3.9619678508272473,random_forest,LORETO
2015-08-24,3.562051631073821,3.38811409517628,2.880779877844356,4.056842048185448,random_forest,LORETO
2015-08-31,3.389136503351791,3.050587219466921,2.6380297314005605,3.6161768394654636,random_forest,LORETO
2015-09-07,3.1816383500853553,3.0182989465429286,2.5824278643838197,3.622213131190297,random_forest,LORETO
2015-09-14,2.9395571712745134,3.0144713649223576,2.5552167216913517,3.4600677451246216,random_forest,LORETO
2015-09-21,3.0433062479077315,2.8027715698108016,2.3445824620530735,3.4327671078326314,random_forest,LORETO
2015-09-28,3.147055324540949,3.0664864947531916,2.3726871246057595,3.474290270677212,random_forest,LORETO
2015-10-05,3.492885579985009,3.160227644469714,2.664419115089887,3.457463037664402,random_forest,LORETO
2015-10-12,3.596634656618227,3.320835188322117,2.8623572794449728,3.938589321807891,random_forest,LORETO
2015-10-19,3.1124722989965434,3.2821217397132196,2.710241694252768,4.250114591559065,random_forest,LORETO
2015-10-26,3.0778892734521377,3.0646214843469015,2.561010704061898,3.7010325980165533,random_forest,LORETO
2015-11-02,3.250804401174167,3.1812414739805512,2.56609816523451,3.8242795850358764,random_forest,LORETO
2015-11-09,3.5274686055294153,3.2594549593705335,2.7921798111633773,3.840541520699922,random_forest,LORETO
2015-11-16,3.907881886517881,3.307027706897988,2.780742079766691,3.8247540455098274,random_forest,LORETO
2015-11-23,3.562051631073821,3.7790686143650496,2.7787182241346353,4.83561009591122,random_forest,LORETO
2015-11-30,4.149963065328723,3.1486589332241777,2.7112877448555,3.7948883295262306,random_forest,LORETO
2015-12-07,3.6658007077070387,4.175562117400587,3.0171718179343694,5.367470331725283,random_forest,LORETO
2015-12-14,3.319970452262979,3.3728199740033746,2.616001620300861,4.095502098238619,random_forest,LORETO
2015-12-21,2.3516457370196115,3.2836257219891967,2.3802820251549432,4.08743236546136,random_forest,LORETO
2015-12-28,1.41790404732065,2.6480360669915473,2.2421998745397933,3.3388439114616166,random_forest,LORETO
2016-01-04,1.5472623648253088,3.122515668700931,2.5832040408402,3.7489630289601283,random_forest,LORETO
2016-01-11,2.227064660252725,2.7499523896087545,1.7556709692444892,3.881418193349352,random_forest,LORETO
2016-01-18,3.631828522873672,2.779885930738244,1.7564794587288932,3.780505065136119,random_forest,LORETO
2016-01-25,4.488391853740102,3.3650713487442845,2.677775040170456,4.26502303627359,random_forest,LORETO
2016-02-01,4.111503988158873,4.371408601640229,3.3633246732174187,5.47246028257235,random_forest,LORETO
2016-02-08,3.631828522873672,3.9973321089815426,2.701787753322828,5.1959186791485905,random_forest,LORETO
2016-02-15,2.7067401255379266,3.589870751578567,2.722839972565174,4.545067749809351,random_forest,LORETO
2016-02-22,2.3641147931913538,2.856478885885857,2.5335179332256987,3.645259104469911,random_forest,LORETO
2016-02-29,2.672477592303269,2.840940869832678,1.8244770169774898,3.6852669456092007,random_forest,LORETO
2016-03-07,2.7410026587725835,3.3578223969483605,2.663102678432242,4.047522126927889,random_forest,LORETO
2016-03-14,3.289203190527099,3.290207634281295,2.701029097364244,4.04663831451271,random_forest,LORETO
2016-03-21,3.254940657292442,3.337684995021914,2.7496233906104504,3.986776256941394,random_forest,LORETO
2016-03-28,3.768878655812301,3.112519911857373,2.5338028141196687,3.6648676576430823,random_forest,LORETO
2016-04-04,4.0772414549242155,3.824627329372159,2.8816981306763036,4.563191897041924,random_forest,LORETO
2016-04-11,5.721843050187762,4.346490585116626,3.3622005052403945,5.150703927946579,random_forest,LORETO
2016-04-18,6.235781048707621,5.8145320021817835,5.0766882410848435,6.432993938777314,random_forest,LORETO
2016-04-25,6.612668914288851,6.804182260745148,5.445621438115354,8.094266458747343,random_forest,LORETO
2016-05-02,5.379217717841191,7.182182015010203,5.6391799753856375,8.529171283530568,random_forest,LORETO
2016-05-09,5.242167584902561,5.18659839497813,4.376584734527884,6.403910311663092,random_forest,LORETO
2016-05-16,5.584792917249135,5.502371776206239,4.862534324983701,6.188652855214534,random_forest,LORETO
2016-05-23,6.681193980758167,5.902455841312378,5.040519968129619,6.968600818061826,random_forest,LORETO
2016-05-30,5.8588931831263915,6.766650374631249,5.322390198815696,9.487421933122056,random_forest,LORETO
2016-06-06,5.75610558342242,5.314366615045032,4.4351719995175625,6.936341851256828,random_forest,LORETO
2016-06-13,4.76249211961736,6.104965278545019,4.836185066053973,7.265410143678471,random_forest,LORETO
2016-06-20,5.344955184606533,4.226925188790501,3.455579862105617,5.4762771577052005,random_forest,LORETO
2016-06-27,5.105117451963933,5.512944141754701,4.544994268449169,6.58718702355714,random_forest,LORETO
2016-07-04,5.310692651371876,5.533560986273328,4.422381256984321,6.5574181537768155,random_forest,LORETO
2016-07-11,4.454129320505445,5.597080131088472,4.711437706165801,6.696937755924489,random_forest,LORETO
2016-07-18,3.8374037222816146,4.3354222001618,3.508559725816389,5.3085175999506555,random_forest,LORETO
2016-07-25,3.049365457884498,3.49965653196918,2.6426623385554593,4.213527443016447,random_forest,LORETO
2016-08-01,3.1864155908231275,3.086676276614129,2.4385321337341317,3.9342151743699056,random_forest,LORETO
2016-08-08,3.049365457884498,3.1758857504804583,2.5342036423375487,3.759494323444192,random_forest,LORETO
2016-08-15,2.9465778581805266,3.247083943697688,2.633474029794228,3.661724919453059,random_forest,LORETO
2016-08-22,2.5354274593646395,3.0951026824510244,2.484350081407031,3.5716209383013613,random_forest,LORETO
2016-08-29,2.741002658772583,2.8824470632417984,2.3546090328983444,3.784433506007534,random_forest,LORETO
2016-09-05,2.9123153249458693,3.297041068192166,2.4908161201229166,4.133993087959081,random_forest,LORETO
2016-09-12,3.0151029246498413,3.1161745426984346,2.4262151323212398,3.9666048995972774,random_forest,LORETO
2016-09-19,2.775265192007241,3.1599858241193655,2.829384246417352,3.484083866147291,random_forest,LORETO
2016-09-26,3.1864155908231275,2.9118223401425984,2.4262151323212398,3.42323816354583,random_forest,LORETO
2016-10-03,3.700353589342986,3.2168747957059676,2.8840386115301664,3.5290633962226376,random_forest,LORETO
2016-10-10,3.0493654578844986,3.4877188349658863,2.8885115950406464,4.135655502216445,random_forest,LORETO
2016-10-17,2.295589726722039,3.13148905851761,2.6352541350822043,3.5752835198320803,random_forest,LORETO
2016-10-24,2.124277060548753,2.658830671682806,1.8644992561451712,3.3399297546810307,random_forest,LORETO
2016-10-31,2.3298522599566964,2.8126589870775605,1.7556808709649039,3.8513050431919575,random_forest,LORETO
2016-11-07,2.2613271934873818,3.092625642278272,1.8230753747062958,3.9600618451900096,random_forest,LORETO
2016-11-14,1.9529643943754664,2.806036838549908,2.0379375088850815,3.805759765642743,random_forest,LORETO
2016-11-21,1.9529643943754669,2.718847906514422,1.9986718351186534,3.7964359131123864,random_forest,LORETO
2016-11-28,1.6446015952635518,2.744820916695792,1.9986718351186534,3.7964359131123864,random_forest,LORETO
2016-12-05,1.6446015952635518,2.6821827117745998,1.8336333491219767,3.7964359131123864,random_forest,LORETO
2016-12-12,1.3362387961516367,1.8738911046426623,1.5312528212921008,2.3913643063731054,random_forest,LORETO
2016-12-19,1.3362387961516362,2.0744554171513374,1.5312528212921008,3.0726587904089886,random_forest,LORETO
2016-12-26,1.3362387961516362,2.05983415753212,1.495519037823445,3.0470566761475393,random_forest,LORETO
2017-01-02,1.9790462560971245,2.3506895480366143,1.5876806552786331,3.4801405190343813,random_forest,LORETO
2017-01-09,2.6535991195809623,2.1301268240073354,1.3362387961516364,3.317025782153574,random_forest,LORETO
2017-01-16,3.258997634171409,3.291286794729234,2.6370862503428043,4.070264732636186,random_forest,LORETO
2017-01-23,3.870059690578547,3.3513223651108457,2.7364611516240136,4.230937383799772,random_forest,LORETO
2017-01-30,3.462684986307122,3.687742492351453,2.7404012645642775,4.556207584091891,random_forest,LORETO
2017-02-06,2.749779253832127,3.096320977152965,2.530294636061016,3.8547810670770697,random_forest,LORETO
2017-02-13,2.0029256293345132,2.8046092594262304,2.3394151627466537,3.5227337287768696,random_forest,LORETO
2017-02-20,1.901081953266657,2.5842616309724558,1.719265256076517,3.312143931219716,random_forest,LORETO
2017-02-27,2.1047693054023697,2.373809085556507,1.5122921837040548,3.305594794896185,random_forest,LORETO
2017-03-06,1.7652903851761819,2.5101180312754106,1.9211659190496677,3.4224858128041546,random_forest,LORETO
2017-03-13,1.7652903851761819,1.9937342932673678,1.4133294959296152,2.8697917919513274,random_forest,LORETO
2017-03-20,1.6634467091083254,2.014233249788889,1.388926583704233,2.9795261901426113,random_forest,LORETO
2017-03-27,2.036873521357132,1.9889239457674293,1.397465522591321,2.8987611323863645,random_forest,LORETO
2017-04-03,2.3424045495607015,2.0546322837475492,1.5955597899037581,3.1037717332348875,random_forest,LORETO
2017-04-10,3.123206066080934,2.4302441318366097,1.5811521117565708,3.625648843090552,random_forest,LORETO
2017-04-17,4.549017531030923,3.3500682313511465,2.766961140937414,4.050577801364217,random_forest,LORETO
2017-04-24,5.601402183732106,4.7787794878517085,3.784740256648887,5.596615021253817,random_forest,LORETO
2017-05-01,5.397714831596393,5.904578804347546,5.13649746086601,6.636595909754646,random_forest,LORETO
2017-05-08,4.820600667211874,5.467281410218667,4.636049728560517,6.203975930648172,random_forest,LORETO
2017-05-15,5.49955850766425,4.726805079526674,3.505408245563681,5.563440841902413,random_forest,LORETO
2017-05-22,6.246412132161864,5.640783236090146,4.502827610610633,6.895313787072233,random_forest,LORETO
2017-05-29,6.484047376320195,6.143038949819611,5.32243445209726,7.594901268101545,random_forest,LORETO
2017-06-05,5.19402747946068,5.946752803557281,5.029703233407457,7.922819247605925,random_forest,LORETO
2017-06-12,4.515069639008305,5.054920957622603,4.330081341293383,5.766536655443485,random_forest,LORETO
2017-06-19,3.7342681224880727,4.5324054990028975,3.524226756507447,5.521325836053335,random_forest,LORETO
2017-06-26,3.089258174058315,3.3426913035689343,2.5952892663267058,4.056220706353494,random_forest,LORETO
2017-07-03,2.546091901696414,3.1372732397305376,2.436675198391132,3.9260945634121387,random_forest,LORETO
2017-07-10,2.410300333605939,2.6731654222221266,2.3883171528761364,3.037241949923481,random_forest,LORETO
2017-07-17,2.5460919016964145,2.826895927685908,2.1155686666849443,3.523077139202095,random_forest,LORETO
2017-07-24,2.95346660596784,2.9165111521253726,2.3244260986710183,3.8540902150075005,random_forest,LORETO
2017-07-31,2.8855708219226024,3.19144455463311,2.78743189753893,4.0831618488515735,random_forest,LORETO
2017-08-07,2.783727145854746,2.9184698150866017,2.489533220106593,3.368669824390505,random_forest,LORETO
2017-08-14,2.0029256293345132,2.92595823315215,2.4886398700779537,3.368669824390505,random_forest,LORETO
2017-08-21,1.9010819532666572,2.257420904521037,1.4417505804884725,2.961051710768615,random_forest,LORETO
2017-08-28,1.7992382771988007,2.0754094039289797,1.4338017360991984,2.725526941767752,random_forest,LORETO
2017-09-04,1.9010819532666572,2.0077701351512816,1.4065799857095271,2.6557945365086226,random_forest,LORETO
2017-09-11,1.6634467091083254,1.9965031831432252,1.4102440055432892,2.785031800961398,random_forest,LORETO
2017-09-18,1.9689777373118946,1.8093947769661796,1.442088039394351,2.1452085360655944,random_forest,LORETO
2017-09-25,2.546091901696414,2.071798099514462,1.5503167273199172,2.706403245074199,random_forest,LORETO
2017-10-02,2.783727145854746,3.0113469062595186,2.021172607615338,3.8502435342592265,random_forest,LORETO
2017-10-09,2.6479355777642706,3.3188030815888383,2.284366252998918,4.211676422393096,random_forest,LORETO
2017-10-16,2.274508765515464,2.9690624459746626,2.198606353324128,3.830368733444422,random_forest,LORETO
2017-10-23,2.0029256293345132,2.4543219330068857,1.848459182784152,3.5589042508998943,random_forest,LORETO
2017-10-30,1.52765514101785,2.127089407785027,1.772447131721435,2.61866837491854,random_forest,LORETO
2017-11-06,1.7652903851761819,1.888916898643181,1.4129920204186108,2.214698812523347,random_forest,LORETO
2017-11-13,1.9689777373118946,1.942185976600141,1.4893359567290363,2.673406504444495,random_forest,LORETO
2017-11-20,2.9874144979904584,1.927003911374433,1.4133294959296152,2.599845510638688,random_forest,LORETO
2017-11-27,2.8855708219226024,3.377863849323297,2.1949854069156505,4.518704692385512,random_forest,LORETO
2017-12-04,3.123206066080934,2.630997890359783,2.0212553464583287,3.5651170078703758,random_forest,LORETO
2017-12-11,2.95346660596784,3.2574460864483257,2.528313717378858,4.040585922209678,random_forest,LORETO
2017-12-18,2.749779253832127,2.857272933965045,2.0867080344500004,3.4160220379109174,random_forest,LORETO
2017-12-25,2.274508765515464,2.7727527075598326,2.0334751578742054,3.3845109034454612,random_forest,LORETO
2018-01-01,1.3189580186897576,2.4873111554449734,1.65912488753401,3.4600943664506265,random_forest,LORETO
2018-01-08,1.141703903288094,1.8560508279311883,1.3889946883200543,2.4183111081986426,random_forest,LORETO
2018-01-15,1.3661885006914287,2.004883604400024,1.4199448117255262,2.824829170789208,random_forest,LORETO
2018-01-22,1.8326918911714276,2.035387447588253,1.3881154234505808,2.824829170789208,random_forest,LORETO
2018-01-29,2.099265257159998,2.1490684084498084,1.6052828642596912,2.8609880854760013,random_forest,LORETO
2018-02-05,2.4324819646457114,2.4772965014585178,1.6756033242447013,3.2733588447343402,random_forest,LORETO
2018-02-12,2.5990903183885687,3.083768548377659,2.0695219287149085,4.019902953182193,random_forest,LORETO
2018-02-19,2.5990903183885683,3.138015498508781,2.2865528361013303,4.082559061443326,random_forest,LORETO
2018-02-26,2.2991952816514263,3.131358298428032,2.3633102435993094,4.070127258069515,random_forest,LORETO
2018-03-05,2.1659085986571402,2.093157324719715,1.4563502908890853,3.183453560069763,random_forest,LORETO
2018-03-12,2.39916029389714,2.0102869179426452,1.4746112890927932,2.859782104596095,random_forest,LORETO
2018-03-19,2.7656986721314247,2.710509112451506,1.7524866051622452,3.6353737764254417,random_forest,LORETO
2018-03-26,3.098915379617138,2.959279059152641,2.1437141710264336,4.090322973307049,random_forest,LORETO
2018-04-02,3.63206211159428,3.155981112189219,2.4726863264250327,4.041318614306909,random_forest,LORETO
2018-04-09,3.8319921360857077,3.4317695588209496,2.781097966954003,4.328590349837936,random_forest,LORETO
2018-04-16,4.331817197314277,3.406524741787647,2.709354209985905,4.876602740096551,random_forest,LORETO
2018-04-23,4.598390563302847,5.1322173454753,3.8777848562016275,5.633696647021932,random_forest,LORETO
2018-04-30,5.231502307525704,5.0527774694396355,3.7897634904130846,5.717231102865181,random_forest,LORETO
2018-05-07,5.86461405174856,5.427074125331696,4.669378370643272,6.20532161088527,random_forest,LORETO
2018-05-14,6.597690808217128,5.827397926596149,4.953560449815548,6.6066354957715685,random_forest,LORETO
2018-05-21,8.43038269938855,6.258958838770462,5.037087813407382,7.92887790503549,random_forest,LORETO
2018-05-28,8.463704370137123,9.096585739149585,5.46900926314754,10.245734724120693,random_forest,LORETO
2018-06-04,8.796921077622835,9.05556101027895,5.48934721614747,10.370397463787432,random_forest,LORETO
2018-06-11,8.497026040885693,8.845984953761878,5.656209161553722,10.27918967120046,random_forest,LORETO
2018-06-18,9.963179553822831,8.553753537796748,5.932223418026241,10.22850408302334,random_forest,LORETO
2018-06-25,9.829892870828546,9.067113164184187,7.132866113929976,10.114649230092438,random_forest,LORETO
2018-07-02,7.9638793089085524,8.906313752347588,6.928539347190426,10.090888152655088,random_forest,LORETO
2018-07-09,6.531047466719985,8.27249157848901,6.412098804074014,9.977285724262366,random_forest,LORETO
2018-07-16,5.8312923809999875,5.766131959605649,4.92700861022673,7.717292522107681,random_forest,LORETO
2018-07-23,5.964579063994272,5.444387508327811,4.789831737943291,6.126522494828707,random_forest,LORETO
2018-07-30,4.9982506122857036,5.810797929993268,4.790006407005304,8.023720254344115,random_forest,LORETO
2018-08-06,4.565068892554276,4.282224007478453,3.3580802118154347,5.766890354208116,random_forest,LORETO
2018-08-13,4.131887172822849,3.9918121955434542,3.1615412791942745,5.337012103865338,random_forest,LORETO
2018-08-20,3.9986004898285636,3.7015935209023336,2.689630337745487,4.537902403049471,random_forest,LORETO
2018-08-27,3.732027123839993,3.4698825667737574,2.6091820239799786,4.508945487420232,random_forest,LORETO
2018-09-03,4.0319221605771345,3.197066545437235,2.654977383305608,3.746516030742018,random_forest,LORETO
2018-09-10,3.9652788190799924,3.78512525768928,2.8482615205981303,4.594192759524322,random_forest,LORETO
2018-09-17,3.732027123839993,3.9362652956220785,3.2445201893090245,4.467912429482082,random_forest,LORETO
2018-09-24,3.0989153796171376,3.441949697573676,2.795076591002009,4.089532118950927,random_forest,LORETO
2018-10-01,2.6990553306342817,2.90226783191865,2.394462938641107,3.3956366768580026,random_forest,LORETO
2018-10-08,2.1659085986571402,2.671700534701104,2.1709419911093324,3.1676634143243327,random_forest,LORETO
2018-10-15,2.0992652571599977,2.1818815880931917,1.5785032215110173,2.6734207101685223,random_forest,LORETO
2018-10-22,2.4658036353942823,2.179536258746557,1.646472763097016,3.0222323093296373,random_forest,LORETO
2018-10-29,2.6990553306342817,2.85151972722527,2.1055438450079698,3.643968282233909,random_forest,LORETO
2018-11-05,3.6320621115942786,2.970654060124104,2.3318631944876227,3.8777941746513482,random_forest,LORETO
2018-11-12,3.9986004898285636,3.581520514821014,2.8773684470750287,4.529279588619013,random_forest,LORETO
2018-11-19,5.13153729527999,3.854151507864129,3.042994578355313,4.511122256274776,random_forest,LORETO
2018-11-26,4.964928941537132,5.182251390764963,3.6231840037053895,6.36582350040664,random_forest,LORETO
2018-12-03,4.731677246297132,4.808132541424144,3.488706370271801,6.423446267118386,random_forest,LORETO
2018-12-10,4.331817197314277,4.318987526592799,3.224974272626185,5.354886033582402,random_forest,LORETO
2018-12-17,3.532097099348565,3.8311511509100327,3.077517185756049,5.035194785616258,random_forest,LORETO
2018-12-24,3.6653837823428503,3.1647771878190203,2.476656280408682,4.009945269009121,random_forest,LORETO
2018-12-31,3.6320621115942786,3.332102151769667,2.5871766266868366,4.200473297849466,random_forest,LORETO
2019-01-07,4.637228953491377,3.4644265804245493,2.657048049330772,4.131373221523109,random_forest,LORETO
2019-01-14,5.208238463330429,4.407116094593081,3.593019934108941,5.479373355465747,random_forest,LORETO
2019-01-21,4.826578094033565,5.347537783577161,4.183087536837045,6.321142304764335,random_forest,LORETO
2019-01-28,3.874396021060958,4.931557131432465,3.6928931631510897,6.0909432641282,random_forest,LORETO
2019-02-04,3.1192171355999245,3.531368145999342,2.716844630063585,4.563063965594909,random_forest,LORETO
2019-02-11,3.3490541876967606,2.9329715914835726,2.4323394632898925,3.6523569816784924,random_forest,LORETO
2019-02-18,3.5132235106230723,3.2525277520828677,2.624807038096696,4.024629504855335,random_forest,LORETO
2019-02-25,3.546057375208335,3.3098735926022083,2.771329907338441,4.185198533710557,random_forest,LORETO
2019-03-04,3.546057375208335,3.5565920598996716,2.9656603383504327,4.27179712925999,random_forest,LORETO
2019-03-11,3.6445589689641213,3.4726130862786606,2.9167209973994823,4.263455548189596,random_forest,LORETO
2019-03-18,3.6773928335493835,3.5250948300006804,2.9338094715009335,4.419264759717773,random_forest,LORETO
2019-03-25,3.8415621564756957,3.55148998238127,2.888752658727412,4.445070909087916,random_forest,LORETO
2019-04-01,3.940063750231482,3.684025472408773,2.8388097526057674,4.301126705747101,random_forest,LORETO
2019-04-08,4.005731479402007,4.238287227061875,3.0545409248226165,5.580661398758208,random_forest,LORETO
2019-04-15,4.071399208572532,4.568247159422784,3.535074033021721,5.598064574584055,random_forest,LORETO
2019-04-22,4.071399208572533,4.616194477324479,3.5895982379538642,5.602045483846171,random_forest,LORETO
2019-04-29,3.940063750231483,4.406346332331617,3.643511674901414,5.567372535446201,random_forest,LORETO
2019-05-06,3.9072298856462204,4.088476584255434,2.962387181272126,5.543407468641175,random_forest,LORETO
2019-05-13,3.7758944273051713,3.544858717834291,2.7352893872090576,4.266214262387402,random_forest,LORETO
2019-05-20,4.169900802328319,3.5688856816456958,2.7352893872090576,4.328271392289746,random_forest,LORETO
2019-05-27,4.498239448180942,4.294345609632358,3.710090167223852,5.508665224365693,random_forest,LORETO
2019-06-03,5.351919927397763,4.242377215293075,3.6784678604840493,5.444223136667414,random_forest,LORETO
2019-06-10,5.778760167006173,5.423584607620946,4.4743666635273,6.498751411563112,random_forest,LORETO
2019-06-17,5.975763354517746,5.742958777868943,4.640330484933087,6.612005854742145,random_forest,LORETO
2019-06-24,5.483255385738812,5.721941998554607,4.761930295114986,7.218573509322084,random_forest,LORETO
2019-07-01,5.647424708665123,5.2835906250349955,4.638780879312833,6.5745881074939465,random_forest,LORETO
2019-07-08,6.074264948273534,5.5149460163625275,4.708974439600142,6.5483581453045225,random_forest,LORETO
2019-07-15,5.942929489932484,5.485255824570554,4.7619262282106325,6.571086467537437,random_forest,LORETO
2019-07-22,5.056415146130401,5.53806312519664,4.838495579365509,6.138539470964382,random_forest,LORETO
2019-07-29,4.268402396084106,4.7829299007492345,3.6333972229269764,5.66076321478335,random_forest,LORETO
2019-08-05,4.104233073157794,4.090971247152272,3.4123065841123315,5.346249022012739,random_forest,LORETO
2019-08-12,4.859411958618828,3.943126416090679,3.326767197094226,4.88382039763587,random_forest,LORETO
2019-08-19,4.531073312766204,4.540194337528226,3.866791672849506,5.320616378876302,random_forest,LORETO
2019-08-26,4.46540558359568,4.180521417931545,3.6984032134083606,4.923477205144817,random_forest,LORETO
2019-09-02,3.644558968964122,4.031505636068814,3.665379889197507,4.726533956146586,random_forest,LORETO
2019-09-09,2.955047812673613,3.2542510752754152,2.8684707196933448,3.8387158354290687,random_forest,LORETO
2019-09-16,2.6595430314062525,2.6889533686857328,2.305907899935153,3.1406638091070196,random_forest,LORETO
2019-09-23,2.2655366563831048,2.6019420494493115,2.1328504483965727,3.233163648416283,random_forest,LORETO
2019-09-30,2.6595430314062525,2.2863522434944854,1.6963168683573364,2.781221550173545,random_forest,LORETO
2019-10-07,2.462539843894678,3.255922313002503,2.244514613068929,4.047939507226556,random_forest,LORETO
2019-10-14,2.561041437650465,2.6834559263506343,2.16827745711047,3.210124980278459,random_forest,LORETO
2019-10-21,2.725210760576777,2.7972529688973156,2.2867285910027655,3.4099295446731013,random_forest,LORETO
2019-10-28,3.3162203231114984,3.040588472973369,2.3542646881445366,3.7398431793145908,random_forest,LORETO
2019-11-04,3.3162203231114984,3.351488793292076,2.85085776601366,3.813681394525421,random_forest,LORETO
2019-11-11,3.119217135599925,3.1495338275847513,2.5772716608935786,3.574847357654765,random_forest,LORETO
2019-11-18,2.6595430314062525,3.142230788636997,2.536830658990734,3.7702980732545615,random_forest,LORETO
2019-11-25,2.3968721147241534,2.682900867695558,2.1148603812644944,3.409197182875556,random_forest,LORETO
2019-12-02,2.0685334688715304,2.6617239882791996,2.07235602501472,3.3009245276810724,random_forest,LORETO
2019-12-09,2.035699604286268,2.145849778432009,1.3460972405626515,2.8031413975478525,random_forest,LORETO
2019-12-16,2.5938753022357273,2.054260307340169,1.3318465985467423,3.12105670241828,random_forest,LORETO
2019-12-23,2.4953737084799403,2.7143402988784535,1.9587019326512531,3.3530544338952506,random_forest,LORETO
2019-12-30,2.3968721147241534,2.8916846521368074,1.8169030014594314,3.747112986344249,random_forest,LORETO
2020-01-06,2.0578812410160747,2.5520266369503912,1.5338164067014106,3.5901814923179023,random_forest,LORETO
2020-01-13,2.862552250385645,2.178144363596298,1.532951699349597,2.9519759048610106,random_forest,LORETO
2020-01-20,3.081737074627025,3.167411160012797,2.3804934539577536,4.186658706699701,random_forest,LORETO
2020-01-27,3.276373100392942,3.0873465401510263,2.3758821072216993,3.9600618451900096,random_forest,LORETO
2020-02-03,3.1141764122546776,3.418631484587894,2.8104549316371714,4.020384805364879,random_forest,LORETO
2020-02-10,3.4385697885312063,3.1585109970503993,2.269013174922298,3.825132232343036,random_forest,LORETO
2020-02-17,3.5683271390418176,3.5282972647876734,3.018736444358648,3.8777518084978255,random_forest,LORETO
2020-02-24,3.5358878014141646,3.6194724200231394,3.0598236810479693,4.312354922892615,random_forest,LORETO
2020-03-02,3.3736911132759,3.5918925359982397,3.285426833357676,3.96991546810707,random_forest,LORETO
2020-03-09,2.887101048861108,3.4661120312984015,2.7191675765425765,3.8302921940866863,random_forest,LORETO
2020-03-16,2.562707672584579,2.6981151683929023,2.1339038177076435,3.412438030247196,random_forest,LORETO
2020-03-23,2.530268334956926,2.5695602519718572,2.0927916526526613,3.2062046283040164,random_forest,LORETO
2020-03-30,2.140996283425092,2.6834930235561654,2.1835130620064285,3.3115312053478636,random_forest,LORETO
2020-04-06,1.7192848942656054,2.246976520006997,1.7101650893997398,2.8854916100957695,random_forest,LORETO
2020-04-13,1.1029374793402011,1.864663829380587,1.6072266364168062,2.127530713381688,random_forest,LORETO
2020-04-20,1.1029374793402011,1.6597719270979179,1.2385976693463432,2.102449876731599,random_forest,LORETO
2020-04-27,0.9407407912019368,1.4336450796686913,1.1029374793402011,2.0617190574823248,random_forest,LORETO
2020-05-04,0.7461047654360197,1.4763166854863885,1.1029374793402011,2.0966889585216277,random_forest,LORETO
2020-05-11,0.681226090180714,1.5003001830697837,1.1103030998903007,2.1219287833446803,random_forest,LORETO
2020-05-18,0.7136654278083668,1.4556850847490654,1.1029374793402011,2.1219287833446803,random_forest,LORETO
2020-05-25,0.7136654278083668,0.8832353535722177,0.7028523152658158,1.194281517613578,random_forest,LORETO
2020-06-01,0.7461047654360197,0.9138322149112252,0.7028523152658158,1.297449310970144,random_forest,LORETO
2020-06-08,0.7461047654360197,0.9172654070512374,0.7028523152658158,1.297449310970144,random_forest,LORETO
2020-06-15,0.908301453574284,0.9246487387551707,0.7028523152658158,1.355420363426055,random_forest,LORETO
2020-06-22,0.8434227783189782,0.8260174755076581,0.7136654278083668,1.0240008897638178,random_forest,LORETO
2020-06-29,0.8434227783189782,0.8241948559672018,0.7136654278083668,1.0240008897638178,random_forest,LORETO
2020-07-06,0.8434227783189782,0.8252551417248464,0.7136654278083668,1.0240008897638178,random_forest,LORETO
2020-07-13,1.2651341674784653,0.8215935300355367,0.7136654278083668,1.0240008897638178,random_forest,LORETO
2020-07-20,1.3624521803614238,1.1514428396425131,0.7428428098190167,1.9698565405234507,random_forest,LORETO
2020-07-27,1.4597701932443823,1.5422383862853202,0.8434227783189782,2.227752321693697,random_forest,LORETO
2020-08-03,1.4597701932443823,1.6159268303562164,0.8434227783189782,2.3165770398879486,random_forest,LORETO
2020-08-10,1.9139209200315221,1.6561438296160067,0.8647786755905164,2.4707441523620406,random_forest,LORETO
2020-08-17,2.335632309191009,1.8802451499045887,1.350254690715135,2.728947184049836,random_forest,LORETO
2020-08-24,2.108556945797439,2.537974668230472,1.8058843394626611,3.25293773515253,random_forest,LORETO
2020-08-31,2.043678270542134,2.35510001381186,1.7079208200746507,3.086584924011554,random_forest,LORETO
2020-09-07,1.719284894265605,2.384735771339023,1.7394460870682962,2.967256091257378,random_forest,LORETO
2020-09-14,1.6868455566379523,1.8303333008118694,1.5086471367169974,2.169055853339363,random_forest,LORETO
2020-09-21,1.330012842733771,1.878964806520875,1.4806988104443402,2.399101190840396,random_forest,LORETO
2020-09-28,1.5895275437549936,1.5656642216023735,1.2411342375945482,1.9848611960660458,random_forest,LORETO
2020-10-05,1.946360257659175,1.833675692020111,1.3481712525917044,2.2508182662305423,random_forest,LORETO
2020-10-12,1.9787995952868276,2.141157626674891,1.4054901485917293,2.767037887229249,random_forest,LORETO
2020-10-19,1.6868455566379523,2.220775394029112,1.6554275415290836,2.7582086146868092,random_forest,LORETO
2020-10-26,1.4922095308720351,1.7380150646393295,1.333103583894783,2.1249716830307053,random_forest,LORETO
2020-11-02,1.2975735051061181,1.6459073571779683,1.333073936497555,2.0144525053062265,random_forest,LORETO
2020-11-09,0.9731801288295897,1.318548482908552,0.9076063249108342,1.6780973901094447,random_forest,LORETO
2020-11-16,0.8109834406913254,1.0453097806171698,0.7298850966221933,1.3625856203732098,random_forest,LORETO
2020-11-23,0.908301453574284,1.0116771057672822,0.7216941638712109,1.3301373867447712,random_forest,LORETO
2020-11-30,1.0704981417125483,1.0093110579260283,0.7297692418449516,1.322939644337257,random_forest,LORETO
2020-12-07,1.135376816967854,1.079345512225762,0.8326096657764271,1.3643203405264264,random_forest,LORETO
2020-12-14,1.3624521803614238,1.2255461169171933,0.8387499689702329,1.9393578351937932,random_forest,LORETO
2020-12-21,1.2651341674784653,1.4769718421637124,1.2195881377459186,1.9781790439130502,random_forest,LORETO
2020-12-28,1.167816154595507,1.2456592379616314,0.8434227783189782,1.9439477730804229,random_forest,LORETO
2021-01-04,1.966324031401873,1.2446939973272708,0.8754566242262855,1.7740534976389328,random_forest,LORETO
2021-01-11,2.671078342149553,2.448297184938865,1.7307730835784065,3.1429459885466753,random_forest,LORETO
2021-01-18,3.1178031380527913,2.9717105320901296,2.0557842312756436,3.445813624268521,random_forest,LORETO
2021-01-25,2.4749571302068563,3.6619014786861666,2.8855708219226024,4.518704692385512,random_forest,LORETO
2021-02-01,1.896395723145514,2.416893541553042,1.8300247067550528,3.226535727256652,random_forest,LORETO
2021-02-08,1.6071150196148427,1.8857610848200284,1.451087878269501,2.321385668147078,random_forest,LORETO
2021-02-15,1.3499766164764686,1.707790914559331,1.1536226423597666,2.0303596492940543,random_forest,LORETO
2021-02-22,1.542830418830249,1.609094314298008,1.090341195865202,1.9944729910552175,random_forest,LORETO
2021-03-01,1.4142612172610622,1.6113053129915331,1.304666487939734,2.002982685216299,random_forest,LORETO
2021-03-08,1.2856920156918752,1.8113197984846385,1.33083008308974,2.001665119027253,random_forest,LORETO
2021-03-15,0.867842110592017,1.5300159264758995,0.9566128956840384,1.971266979509985,random_forest,LORETO
2021-03-22,0.7071306086305332,0.9881452636756958,0.7201532953338974,1.364943060581427,random_forest,LORETO
2021-03-29,0.6107037074536429,0.8088318073390411,0.6941783494056236,1.0643346675632943,random_forest,LORETO
2021-04-05,0.7714152094151268,0.7787483247302613,0.6941783494056235,1.0241658467663224,random_forest,LORETO
2021-04-12,0.9964113121612043,0.7819061270857915,0.6941783494056236,1.0318953299356415,random_forest,LORETO
2021-04-19,1.2214074149072818,0.8205037513490102,0.6941783494056236,1.0921243667976501,random_forest,LORETO
2021-04-26,1.2214074149072818,1.281116230986034,0.8272390411260714,1.9719807365263538,random_forest,LORETO
2021-05-03,0.9964113121612043,1.2767480004246257,0.8191833679994299,1.9697995950618377,random_forest,LORETO
2021-05-10,0.899984410984314,1.0294040692761146,0.7006736509427689,1.3364267851021636,random_forest,LORETO
2021-05-17,1.2214074149072818,0.875351719941251,0.6663534687549634,1.165414583836257,random_forest,LORETO
2021-05-24,1.9606803239301076,1.1969169401296804,0.9106985111150795,1.6063978520472328,random_forest,LORETO
2021-05-31,2.2178187270684817,2.2730574580018317,1.704951418605486,2.8554728876106514,random_forest,LORETO
2021-06-07,2.410672529422263,2.1913024759023023,1.6936013822055136,2.876163399180976,random_forest,LORETO
2021-06-14,2.0571072251069977,2.5355099043023954,1.7408181537197729,3.139297054565562,random_forest,LORETO
2021-06-21,1.8321111223609206,2.09491362840403,1.6617609890738014,2.7534981207067206,random_forest,LORETO
2021-06-28,1.6713996203994366,1.806960055421561,1.3924733905371554,2.352663629650161,random_forest,LORETO
2021-07-05,1.9285380235378107,1.6141137801388232,1.219588137745919,2.0124986447319686,random_forest,LORETO
2021-07-12,1.6713996203994366,2.04222392665637,1.58608557695172,2.693329597842717,random_forest,LORETO
2021-07-19,1.864253422753217,1.8123765411527253,1.406682687205998,2.0188717035685073,random_forest,LORETO
2021-07-26,1.6392573200071396,1.8480156373839862,1.5274954268541328,2.329931022815959,random_forest,LORETO
2021-08-02,2.3785302290299657,1.7379482281638547,1.3463811545869426,1.9849096261434362,random_forest,LORETO
2021-08-09,2.0249649247147015,2.341183296787338,1.714566598179423,3.0735700180679415,random_forest,LORETO
2021-08-16,1.7678265215763267,2.0550407171164933,1.6110629848356155,2.8336355791902332,random_forest,LORETO
2021-08-23,1.6392573200071396,1.8198348417415737,1.5028992708112212,2.0823759480952764,random_forest,LORETO
2021-08-30,1.7035419207917333,1.8092694630101585,1.3327702962993377,2.1624452433445702,random_forest,LORETO
2021-09-06,1.6392573200071396,1.848342997996352,1.3331258194427038,2.207878895905513,random_forest,LORETO
2021-09-13,1.7678265215763267,1.882483963190233,1.3916441759349663,2.2240268052874237,random_forest,LORETO
2021-09-20,1.7999688219686236,1.8684318406787506,1.5361401352556612,2.2388977430949817,random_forest,LORETO
2021-09-27,1.8642534227532173,1.8614619779615504,1.4966847496492677,2.2185300470337808,random_forest,LORETO
2021-10-04,1.4464035176533592,1.8684008864229398,1.4782817025307131,2.250125944946598,random_forest,LORETO
2021-10-11,1.2856920156918752,1.6286179335486832,1.2847389743080693,2.1197558821648395,random_forest,LORETO
2021-10-18,1.5749727192225462,1.2337637359538685,0.8893660500480454,1.9196523955247855,random_forest,LORETO
2021-10-25,1.7678265215763271,1.7377144632207762,1.3086339874628696,2.143003684710774,random_forest,LORETO
2021-11-01,2.057107225106998,1.7947847898407339,1.3262447628317542,2.2191485839084266,random_forest,LORETO
2021-11-08,1.864253422753217,2.3676515942944554,1.6671157566664374,2.9048856763294366,random_forest,LORETO
2021-11-15,2.0892495254992944,1.7247066493670793,1.3966022237464641,2.13746297608774,random_forest,LORETO
2021-11-22,2.2178187270684817,2.338028065411978,1.6926986814885427,2.949272598174033,random_forest,LORETO
2021-11-29,2.6678109325606365,2.222477179322671,1.6001903760378702,2.8937678122868484,random_forest,LORETO
2021-12-06,2.603526331776043,2.930934461300623,2.1973010204354195,3.423705324345783,random_forest,LORETO
2021-12-13,2.5392417309914497,2.4466062167384908,1.9496606762400135,3.2782899238871925,random_forest,LORETO
2021-12-20,2.764237833737527,2.4241089098144886,1.9496606762400135,3.286402723699146,random_forest,LORETO
2021-12-27,3.9535029482525075,2.900875097574557,2.031135307877584,3.4741412173528885,random_forest,LORETO
2022-01-03,5.765865802172864,4.033997643048473,3.28080018296213,5.02233979319675,random_forest,LORETO
2022-01-10,6.171914912716777,5.723376232007631,4.882934622591983,6.540869092268661,random_forest,LORETO
2022-01-17,5.837968616611992,5.481093482325584,4.820983481155863,6.540869092268661,random_forest,LORETO
2022-01-24,4.210993756244716,5.532947888136691,4.816917468139451,6.509871139203312,random_forest,LORETO
2022-01-31,3.764373206339974,4.1572241441264675,3.3231866825358463,5.391615294486409,random_forest,LORETO
2022-02-07,3.6367673349386194,3.845351884081496,3.047434156421097,4.916646775935488,random_forest,LORETO
2022-02-14,3.349654124285571,3.8212548447633146,3.064429092764807,4.759855033044484,random_forest,LORETO
2022-02-21,3.1582453171835385,3.4163311114318335,2.7630968563075635,4.233254351259553,random_forest,LORETO
2022-02-28,2.9030335743808284,3.276256144068936,2.7309385531258408,3.7035202223747317,random_forest,LORETO
2022-03-07,3.285851188584894,2.872809622363647,2.3599710781848873,3.5430089350602954,random_forest,LORETO
2022-03-14,4.083387884843361,3.334028210750686,2.736721512956538,4.1346455325428275,random_forest,LORETO
2022-03-21,3.732471738489636,4.388581636259741,3.5034275215777706,5.607824826988106,random_forest,LORETO
2022-03-28,3.891979077741329,3.902150564780631,3.230059616472044,4.452615263942039,random_forest,LORETO
2022-04-04,4.051486416993023,3.9843413729446207,3.52730753341026,4.452615263942039,random_forest,LORETO
2022-04-11,4.466205499047427,3.9468014116441648,3.675874200220495,4.305336820699641,random_forest,LORETO
2022-04-18,5.168037791754878,4.155031226274786,3.599526437940837,5.167500769550004,random_forest,LORETO
2022-04-25,4.721417241850136,4.820253053761723,4.0024502444502765,5.567389318479367,random_forest,LORETO
2022-05-02,4.753318709700475,4.5414620313851595,3.8043320717745153,5.366005016795821,random_forest,LORETO
2022-05-09,4.306698159795733,4.539231950538963,3.7816059530286035,5.366005016795821,random_forest,LORETO
2022-05-16,5.263742195305895,4.076746626778981,3.5877753463582365,4.875581159414692,random_forest,LORETO
2022-05-23,5.965574488013348,5.376885455413453,4.1821685315162,6.3548097648138215,random_forest,LORETO
2022-05-30,6.220786230816056,5.89905546483808,4.415769507245031,6.540869092268661,random_forest,LORETO
2022-06-06,5.678461277360299,5.494851892322458,4.5357327490157,6.515380769920054,random_forest,LORETO
2022-06-13,5.933673020163009,5.308733084108975,4.413157436467943,6.124314297344155,random_forest,LORETO
2022-06-20,5.869870084462331,5.906111253577536,5.066450410741663,6.340106672078402,random_forest,LORETO
2022-06-27,5.550855405958944,5.70978625602265,4.970386266443754,6.320613172728057,random_forest,LORETO
2022-07-04,5.008530452503185,5.741113604802745,5.066810948301105,6.30273032442716,random_forest,LORETO
2022-07-11,5.104234856054201,4.611322455225758,4.005731479402008,5.9484306099255155,random_forest,LORETO
2022-07-18,5.13613632390454,4.808453094807342,4.039047376794624,5.558599553698322,random_forest,LORETO
2022-07-25,4.306698159795733,4.725454389685841,3.975628564379927,5.455585378460982,random_forest,LORETO
2022-08-01,3.445358527836587,4.324830209206703,3.5883280341563433,5.2176932958062485,random_forest,LORETO
2022-08-08,2.87113210653049,3.683957141400981,2.728544778323999,4.39912685800452,random_forest,LORETO
2022-08-15,2.4883144923264258,2.8152959012014986,2.3702617212592867,3.4497100458207157,random_forest,LORETO
2022-08-22,3.158245317183539,2.1975811322012273,1.7089299842803325,2.627877814634173,random_forest,LORETO
2022-08-29,3.222048252884216,2.960046788511796,2.465023830677416,3.727134852290355,random_forest,LORETO
2022-09-05,3.8919790777413295,2.9230861426449555,2.467025898460858,3.5834118189719564,random_forest,LORETO
2022-09-12,3.349654124285571,4.144846462608735,3.0504799654128174,5.422321892717141,random_forest,LORETO
2022-09-19,2.9030335743808284,3.2706096111133407,2.552751058557891,4.015433571935455,random_forest,LORETO
2022-09-26,2.36070862092507,2.775486167193957,2.3643081356208597,3.478273477896132,random_forest,LORETO
2022-10-03,2.2331027495237152,2.3028224929814956,1.607676870917636,2.8527054655532433,random_forest,LORETO
2022-10-10,2.5840188958774415,2.3264796438154436,1.889270293967096,2.684988222629186,random_forest,LORETO
2022-10-17,2.6797232994284577,2.59291767326027,2.263526011869589,3.0277364059271026,random_forest,LORETO
2022-10-24,2.4564130244760864,2.95905735476719,2.2531099573909104,3.7360288980530987,random_forest,LORETO
2022-10-31,2.009792474571344,2.4624926585866147,1.9623761622677371,2.8422336232287684,random_forest,LORETO
2022-11-07,2.169299813823038,2.2209994046171952,1.5471773354578389,2.9060261375562018,random_forest,LORETO
2022-11-14,2.201201281673377,2.475035327477628,1.8438103365456997,2.7940072878758677,random_forest,LORETO
2022-11-21,2.4564130244760864,2.5502354781660985,2.082625766347966,2.8772752134962483,random_forest,LORETO
2022-11-28,2.296905685224393,2.5739228955868763,2.0581355278339966,2.925887772119582,random_forest,LORETO
2022-12-05,2.743526235129135,2.3704555380400447,2.004885667522972,2.7661260818527986,random_forest,LORETO
2022-12-12,3.0944423814828608,3.0346363385296393,2.365354063276811,3.7392090571470216,random_forest,LORETO
2022-12-19,3.4134570599862486,2.9595026057154836,2.5117888298479425,3.5807817099411934,random_forest,LORETO
2022-12-26,2.711624767278796,3.2550928339841256,2.5978749232364926,3.924617695637623,random_forest,LORETO
2023-01-02,2.7362350951302012,2.7458106750581495,2.101844300215558,3.369388203436741,random_forest,LORETO
2023-01-09,2.9827379762675172,3.021523761149117,2.5097648453500194,3.455578477331734,random_forest,LORETO
2023-01-16,4.057463831513819,3.0134014752795277,2.5188324013957177,3.4690658934159972,random_forest,LORETO
2023-01-23,3.8672702144116085,4.71319488883968,3.512592525522602,5.565665954482023,random_forest,LORETO
2023-01-30,3.6770765973093984,3.7953542601706727,3.1109949244268957,4.731261504944224,random_forest,LORETO
2023-02-06,3.51858191639089,3.6758085639328546,3.0725815269982526,4.4865732710098065,random_forest,LORETO
2023-02-13,4.057463831513818,3.514485536196781,3.0991049521198812,4.08878565800481,random_forest,LORETO
2023-02-20,4.532947874269343,4.026688726704247,3.51385605235136,5.060252591203177,random_forest,LORETO
2023-02-27,4.84993723610636,4.853724112565301,3.972808542233628,5.27197101724069,random_forest,LORETO
2023-03-06,4.3110553209834315,4.705774371059819,3.9626867148805642,5.2466224379558,random_forest,LORETO
2023-03-13,3.32838829928868,4.209919199019311,3.516537739086497,5.239965278068004,random_forest,LORETO
2023-03-20,3.233291490737575,3.044455281350966,2.6132762658151187,3.6250937617763888,random_forest,LORETO
2023-03-27,3.8672702144116085,3.1386524357326686,2.6063103332880324,3.797574439254284,random_forest,LORETO
2023-04-03,4.215958512432327,3.864015070574285,3.265602644694433,4.410709706648458,random_forest,LORETO
2023-04-10,4.469550001901941,4.26892501809552,3.591211545917359,4.980221846166453,random_forest,LORETO
2023-04-17,4.723141491371554,4.724619815661728,3.7746797293653,5.243876754402394,random_forest,LORETO
2023-04-24,6.244690428189235,4.632670609873192,4.084757015454523,5.244475183863282,random_forest,LORETO
2023-05-01,6.466582981475145,6.0142277683046155,4.853092232772557,6.409238519516592,random_forest,LORETO
2023-05-08,7.576045747904704,6.091734373291751,4.473412708258379,8.726987221139272,random_forest,LORETO
2023-05-15,9.95346596168233,7.774766872488964,4.830482056515957,9.140009330067814,random_forest,LORETO
2023-05-22,11.665208515602218,8.877344550014506,7.081308102132305,9.912436824600077,random_forest,LORETO
2023-05-29,13.059961707685092,8.793042600607848,7.220465799806239,9.897008373897851,random_forest,LORETO
2023-06-05,11.221423409030395,8.853581991069435,7.247463387814269,9.89422923419232,random_forest,LORETO
2023-06-12,11.633509579418517,8.797912869595507,7.247463387814269,9.891679416255439,random_forest,LORETO
2023-06-19,10.333853195886748,10.658776408405531,7.486268694845697,12.28444237976901,random_forest,LORETO
2023-06-26,9.731573408396416,10.282095788000806,7.335416254792016,12.070275635835378,random_forest,LORETO
2023-07-03,9.097594684722383,9.153703970896927,6.932860826924989,11.752045538673663,random_forest,LORETO
2023-07-10,10.080261706417135,9.098013965656317,6.601380140880856,11.728870545771153,random_forest,LORETO
2023-07-17,10.016863834049731,10.038498337441391,8.795926475374156,11.564620998462154,random_forest,LORETO
2023-07-24,8.907401067620173,9.731792261449689,8.08322872684393,11.566281418928918,random_forest,LORETO
2023-07-31,6.942067024230671,9.703358902710246,8.08322872684393,11.559677473890646,random_forest,LORETO
2023-08-07,6.783572343312162,9.481935561288337,5.24440453334079,12.216770005198628,random_forest,LORETO
2023-08-14,6.18129255582183,7.503605627193012,5.964594990662827,11.813863318413704,random_forest,LORETO
2023-08-21,6.339787236740339,6.165540014049026,4.492800886206611,8.95891183891869,random_forest,LORETO
2023-08-28,6.434884045291444,6.063917867667976,4.490974921651749,7.456646421612762,random_forest,LORETO
2023-09-04,6.878669151863267,6.912140235890227,5.032073760203232,8.46678585466672,random_forest,LORETO
2023-09-11,7.037163832781775,6.7814545337073024,5.914955867227906,7.811146191267158,random_forest,LORETO
2023-09-18,6.2763893643729345,6.871992524001865,6.043564037350419,8.528281790863101,random_forest,LORETO
2023-09-25,5.674109576882603,6.401816137129283,5.059910574537694,7.125128380691548,random_forest,LORETO
2023-10-02,4.84993723610636,5.724438353573775,4.3187789815086095,6.890292095130625,random_forest,LORETO
2023-10-09,4.3110553209834315,4.487201095185956,3.8057276281000596,5.1201855899793705,random_forest,LORETO
2023-10-16,3.9306680867790114,3.9860938358165914,3.287125797984503,5.076782247519708,random_forest,LORETO
2023-10-23,3.6136787249419946,3.891300247801182,3.0371324741367687,5.077068990483906,random_forest,LORETO
2023-10-30,3.360087235472381,3.523801588056375,2.8999384788314253,4.318506076712975,random_forest,LORETO
2023-11-06,2.9480010650842594,3.141083325996475,2.6685639104890275,3.7068573235972684,random_forest,LORETO
2023-11-13,2.662710639430944,2.793813756687158,2.4100418760305495,3.5121212228602547,random_forest,LORETO
2023-11-20,2.884603192716856,2.53598250035651,2.186786366245993,2.9920112219244435,random_forest,LORETO
2023-11-27,2.7261085117983477,3.0259221995666725,2.424511556625748,3.934119314565842,random_forest,LORETO
2023-12-04,2.3774202137776292,3.0564948484625787,2.5707381223627723,3.7357411937894742,random_forest,LORETO
2023-12-11,1.9653340433895075,2.47305312667418,2.029368520743391,2.9920112219244435,random_forest,LORETO
2023-12-18,2.3774202137776292,2.3015857654220406,1.4055813840083446,2.751748211475377,random_forest,LORETO
2023-12-25,2.789506384165751,2.382003958670796,2.046562201114417,2.751470282805387,random_forest,LORETO
2005-12-26,4.019207172738956,5.405967712402344,4.90430212020874,6.029033660888672,xgboost,LORETO
2006-01-02,2.8488825596688794,6.179920673370361,5.495596885681152,6.845398902893066,xgboost,LORETO
2006-01-09,3.208965077600851,6.4183759689331055,5.690791606903076,7.0276079177856445,xgboost,LORETO
2006-01-16,5.3203941347975094,6.272413730621338,5.701200485229492,6.900920867919922,xgboost,LORETO
2006-01-23,6.574487037999778,5.578261852264404,4.86113977432251,6.038014888763428,xgboost,LORETO
2006-01-30,6.688495483745439,6.41855001449585,5.815154552459717,6.8036394119262695,xgboost,LORETO
2006-02-06,4.256315307838007,6.728334426879883,6.257543087005615,7.278761863708496,xgboost,LORETO
2006-02-13,3.9902956010981327,5.580665111541748,4.789331912994385,6.427969932556152,xgboost,LORETO
2006-02-20,4.446329384080776,5.057789325714111,4.059922695159912,6.479122638702393,xgboost,LORETO
2006-02-27,4.370323753583668,5.561845302581787,4.5964250564575195,6.309551239013672,xgboost,LORETO
2006-03-06,4.978368797560526,5.122912883758545,4.2088446617126465,5.871127605438232,xgboost,LORETO
2006-03-13,4.066301231595239,4.995411396026611,4.061948776245117,5.863395690917969,xgboost,LORETO
2006-03-20,5.092377243306188,4.698355197906494,4.074597358703613,5.237185478210449,xgboost,LORETO
2006-03-27,4.636343460323544,5.425356864929199,5.0025248527526855,5.964080810546875,xgboost,LORETO
2006-04-03,5.928439178774366,5.395790100097656,4.69981050491333,6.016814231872559,xgboost,LORETO
2006-04-10,6.3084673312599024,5.824066638946533,5.092091083526611,6.184001922607422,xgboost,LORETO
2006-04-17,7.676568680207833,6.347128391265869,5.918399810791016,6.791677951812744,xgboost,LORETO
2006-04-24,8.968664398658655,7.606187343597412,7.051828861236572,8.096470832824707,xgboost,LORETO
2006-05-01,11.172827683074765,9.11359977722168,8.518461227416992,9.89140510559082,xgboost,LORETO
2006-05-08,13.22497970649666,11.836772918701172,11.105196952819824,12.857269287109375,xgboost,LORETO
2006-05-15,16.455219002623718,14.714591026306152,13.434182167053223,16.099206924438477,xgboost,LORETO
2006-05-22,22.839691964380723,16.885969161987305,15.413276672363281,17.79169273376465,xgboost,LORETO
2006-05-29,27.628046685698482,16.918781280517578,16.14463996887207,17.903026580810547,xgboost,LORETO
2006-06-05,32.606415483259006,16.424394607543945,14.956259727478027,17.69458770751953,xgboost,LORETO
2006-06-12,30.858285981825542,28.520681381225586,21.588027954101562,31.995582580566406,xgboost,LORETO
2006-06-19,28.312097360172448,28.52601432800293,22.214359283447266,32.109432220458984,xgboost,LORETO
2006-06-26,22.38365818139808,25.001056671142578,18.16316795349121,31.24335289001465,xgboost,LORETO
2006-07-03,18.089340058311524,22.622529983520508,17.796335220336914,27.093582153320312,xgboost,LORETO
2006-07-10,16.189199295883842,18.633676528930664,16.70941162109375,22.104740142822266,xgboost,LORETO
2006-07-17,13.719016304727859,17.095977783203125,15.079591751098633,20.50963592529297,xgboost,LORETO
2006-07-24,13.072968445502449,14.210269927978516,12.74337100982666,16.116300582885742,xgboost,LORETO
2006-07-31,11.742869911803071,11.50722885131836,10.715797424316406,13.071746826171875,xgboost,LORETO
2006-08-07,11.134824867826213,10.421713829040527,9.615317344665527,11.292645454406738,xgboost,LORETO
2006-08-14,10.07074604086671,10.733901023864746,10.17016887664795,11.288740158081055,xgboost,LORETO
2006-08-21,9.006667213907212,9.626255989074707,9.079379081726074,10.170454978942871,xgboost,LORETO
2006-08-28,9.158678474901427,8.967249870300293,8.363443374633789,9.711379051208496,xgboost,LORETO
2006-09-04,8.018594017444817,9.232939720153809,8.792180061340332,9.693296432495117,xgboost,LORETO
2006-09-11,6.270464516011351,7.815453052520752,7.512382984161377,8.218032836914062,xgboost,LORETO
2006-09-18,4.598340645074992,7.201536655426025,6.647524356842041,7.462806224822998,xgboost,LORETO
2006-09-25,3.990295601098134,5.740390300750732,4.977711200714111,6.646559238433838,xgboost,LORETO
2006-10-02,4.256315307838009,4.394163608551025,3.58054256439209,5.12051248550415,xgboost,LORETO
2006-10-09,4.674346275572099,4.2139177322387695,3.466125249862671,4.771605014801025,xgboost,LORETO
2006-10-16,5.776427917780154,4.924647331237793,4.346864223480225,5.578620910644531,xgboost,LORETO
2006-10-23,5.396399765294618,5.56494665145874,4.725001811981201,6.2161030769348145,xgboost,LORETO
2006-10-30,6.118453255017137,5.822242736816406,5.501109600067139,6.2085137367248535,xgboost,LORETO
2006-11-06,6.004444809271476,6.386116981506348,5.912846565246582,6.981725215911865,xgboost,LORETO
2006-11-13,6.536484222751227,6.1939873695373535,5.814948558807373,6.701603412628174,xgboost,LORETO
2006-11-20,5.852433548277261,6.601576805114746,6.306066036224365,7.024455547332764,xgboost,LORETO
2006-11-27,5.852433548277261,5.343227863311768,4.312753677368164,6.151617527008057,xgboost,LORETO
2006-12-04,5.586413841537386,5.659300804138184,5.010622024536133,6.383760929107666,xgboost,LORETO
2006-12-11,5.586413841537386,5.717695713043213,4.959051132202148,6.664347171783447,xgboost,LORETO
2006-12-18,5.054374428057636,5.453033924102783,4.302267074584961,7.305725574493408,xgboost,LORETO
2006-12-25,4.560337829826438,4.3737640380859375,3.738797187805176,5.196769714355469,xgboost,LORETO
2007-01-01,4.977161888166406,4.743480205535889,3.5053837299346924,6.690275192260742,xgboost,LORETO
2007-01-08,6.372101117662692,4.894105911254883,4.0500688552856445,6.39910364151001,xgboost,LORETO
2007-01-15,8.22369650672325,7.09669303894043,6.469330787658691,7.721107006072998,xgboost,LORETO
2007-01-22,8.298457384057096,9.134302139282227,7.9596052169799805,10.567192077636719,xgboost,LORETO
2007-01-29,6.95276159204784,8.803828239440918,7.983165740966797,9.973315238952637,xgboost,LORETO
2007-02-05,6.018250625374743,7.070012092590332,6.403843402862549,7.752137184143066,xgboost,LORETO
2007-02-12,6.317294134710134,6.278285503387451,5.761251449584961,6.9122700691223145,xgboost,LORETO
2007-02-19,8.22369650672325,6.667181491851807,6.17843770980835,7.092859745025635,xgboost,LORETO
2007-02-26,8.261076945390174,8.631946563720703,8.063943862915039,9.287419319152832,xgboost,LORETO
2007-03-05,9.046066157395577,8.38508129119873,7.80589485168457,9.248970031738281,xgboost,LORETO
2007-03-12,7.476087733384773,9.33614730834961,8.700420379638672,10.118636131286621,xgboost,LORETO
2007-03-19,8.560120454725565,7.662596225738525,7.041411399841309,8.08538818359375,xgboost,LORETO
2007-03-26,8.186316068056327,8.85082721710205,8.340019226074219,9.369745254516602,xgboost,LORETO
2007-04-02,8.971305280061728,8.545537948608398,7.9601945877075195,8.988605499267578,xgboost,LORETO
2007-04-09,10.16747931740329,8.912272453308105,8.280012130737305,9.63418960571289,xgboost,LORETO
2007-04-16,11.13937072274331,9.974786758422852,9.437344551086426,10.47860336303711,xgboost,LORETO
2007-04-23,12.671968708087187,11.839482307434082,10.827934265136719,12.952414512634277,xgboost,LORETO
2007-04-30,11.774838180081014,14.743863105773926,13.747954368591309,16.015655517578125,xgboost,LORETO
2007-05-07,12.671968708087187,13.199078559875488,12.082913398742676,14.513877868652344,xgboost,LORETO
2007-05-14,13.232675288091045,12.59257698059082,12.13586139678955,13.032466888427734,xgboost,LORETO
2007-05-21,14.989555905436466,13.94460678100586,12.821757316589355,14.76205062866211,xgboost,LORETO
2007-05-28,15.699784240108018,14.335966110229492,13.636455535888672,14.964800834655762,xgboost,LORETO
2007-06-04,14.989555905436466,15.398988723754883,14.309347152709961,16.4365291595459,xgboost,LORETO
2007-06-11,16.821197400115732,14.581254005432129,13.806153297424316,15.391288757324219,xgboost,LORETO
2007-06-18,12.971012217422578,15.766735076904297,15.073257446289062,16.969430923461914,xgboost,LORETO
2007-06-25,10.279620633404063,12.606152534484863,12.17286491394043,13.158061981201172,xgboost,LORETO
2007-07-02,7.775131242720164,10.14136791229248,9.472113609313965,10.772612571716309,xgboost,LORETO
2007-07-09,8.821783525394032,7.660101413726807,6.960896015167236,8.6854829788208,xgboost,LORETO
2007-07-16,11.513175109412549,8.440146446228027,7.61879825592041,9.052835464477539,xgboost,LORETO
2007-07-23,10.503903265405604,10.894309043884277,10.236534118652344,11.610994338989258,xgboost,LORETO
2007-07-30,11.4384142320787,9.38484001159668,8.54727840423584,9.918487548828125,xgboost,LORETO
2007-08-06,10.915088090741767,10.503215789794922,9.953278541564941,11.082695960998535,xgboost,LORETO
2007-08-13,11.251512038744082,10.492560386657715,9.344040870666504,11.203557014465332,xgboost,LORETO
2007-08-20,10.802946774740995,11.079267501831055,10.464729309082031,11.498644828796387,xgboost,LORETO
2007-08-27,9.49463142139866,10.669983863830566,9.900140762329102,11.394676208496094,xgboost,LORETO
2007-09-03,7.849892120054011,9.116497993469238,8.353901863098145,9.661108016967773,xgboost,LORETO
2007-09-10,6.429435450710906,7.6255106925964355,7.145870685577393,8.260246276855469,xgboost,LORETO
2007-09-17,6.541576766711677,6.663376808166504,5.752918720245361,7.462255001068115,xgboost,LORETO
2007-09-24,7.363946417384002,6.6408586502075195,5.982387065887451,7.245724678039551,xgboost,LORETO
2007-10-01,6.765859398713221,7.60150146484375,7.089560031890869,8.193455696105957,xgboost,LORETO
2007-10-08,7.849892120054012,6.6484694480896,6.094082355499268,7.301086902618408,xgboost,LORETO
2007-10-15,7.401326856050925,7.576286792755127,7.185317039489746,8.028183937072754,xgboost,LORETO
2007-10-22,10.279620633404061,7.423773765563965,7.0487518310546875,7.805710315704346,xgboost,LORETO
2007-10-29,9.56939229873251,9.844305992126465,9.047881126403809,10.54684829711914,xgboost,LORETO
2007-11-05,9.345109666730965,9.136560440063477,8.47956657409668,9.698198318481445,xgboost,LORETO
2007-11-12,6.27991369604321,8.738030433654785,8.109907150268555,9.269306182861328,xgboost,LORETO
2007-11-19,5.569685361371657,6.067628383636475,5.539496421813965,6.57743501663208,xgboost,LORETO
2007-11-26,4.784696149366256,5.698520183563232,5.2125163078308105,6.153726100921631,xgboost,LORETO
2007-12-03,5.420163606703962,5.328829765319824,4.945502281188965,5.815868377685547,xgboost,LORETO
2007-12-10,6.055631064041667,5.6739301681518555,5.328937530517578,6.160759925842285,xgboost,LORETO
2007-12-17,7.363946417384002,5.791743278503418,5.500563621520996,6.041268348693848,xgboost,LORETO
2007-12-24,9.756294492067129,6.879988670349121,5.93117094039917,7.694023609161377,xgboost,LORETO
2007-12-31,9.419870544064814,9.822196006774902,8.984512329101562,10.965471267700195,xgboost,LORETO
2008-01-07,12.499962118332428,9.384048461914062,8.747218132019043,10.361780166625977,xgboost,LORETO
2008-01-14,14.19697746192386,12.166581153869629,11.26270580291748,13.173101425170898,xgboost,LORETO
2008-01-21,15.801681861445529,14.482175827026367,13.613962173461914,15.170156478881836,xgboost,LORETO
2008-01-28,13.248248492734191,14.991912841796875,14.339482307434082,15.956334114074707,xgboost,LORETO
2008-02-04,10.287746036257277,16.01464080810547,14.199443817138672,17.145795822143555,xgboost,LORETO
2008-02-11,8.178388036017479,11.54854965209961,10.189291000366211,12.691996574401855,xgboost,LORETO
2008-02-18,7.290237299074403,9.622870445251465,8.551342964172363,11.07958698272705,xgboost,LORETO
2008-02-25,6.365080281425368,7.928548336029053,7.3680524826049805,8.629010200500488,xgboost,LORETO
2008-03-03,8.067369193899593,6.740936756134033,6.219963550567627,7.277794361114502,xgboost,LORETO
2008-03-10,8.141381755311516,7.682685852050781,7.221590518951416,8.068819999694824,xgboost,LORETO
2008-03-17,8.51144456237113,8.297109603881836,7.456552505493164,9.047015190124512,xgboost,LORETO
2008-03-24,7.845331509663825,8.570413589477539,7.987790584564209,9.109556198120117,xgboost,LORETO
2008-03-31,7.290237299074403,7.881333351135254,7.41204833984375,8.372952461242676,xgboost,LORETO
2008-04-07,7.216224737662482,7.226801872253418,6.6775126457214355,7.818877696990967,xgboost,LORETO
2008-04-14,7.179218456956519,7.114714622497559,6.71620512008667,7.544633388519287,xgboost,LORETO
2008-04-21,7.5862875447220945,7.501497745513916,7.034499168395996,7.881121635437012,xgboost,LORETO
2008-04-28,7.438262421898249,7.945791244506836,7.535913467407227,8.398451805114746,xgboost,LORETO
2008-05-05,5.661960948012101,8.097208023071289,7.673028945922852,8.713522911071777,xgboost,LORETO
2008-05-12,3.9596720355378765,6.3625006675720215,5.862346649169922,6.853004455566406,xgboost,LORETO
2008-05-19,3.7006280705961463,5.621870040893555,5.005021095275879,6.258248805999756,xgboost,LORETO
2008-05-26,3.848653193419992,5.252764701843262,4.6092939376831055,5.869748115539551,xgboost,LORETO
2008-06-02,4.736803930363066,5.149537563323975,4.494874954223633,5.620216369628906,xgboost,LORETO
2008-06-09,4.181709719773646,4.9996843338012695,4.331930637359619,5.536012649536133,xgboost,LORETO
2008-06-16,3.922665754831915,4.654294967651367,3.9913153648376465,5.215763568878174,xgboost,LORETO
2008-06-23,2.775471052947111,4.623797416687012,3.9523565769195557,5.311150074005127,xgboost,LORETO
2008-06-30,2.2203768423576897,4.6939826011657715,3.972517728805542,5.48313570022583,xgboost,LORETO
2008-07-07,3.6266155091842234,3.588303565979004,2.7768142223358154,4.729030609130859,xgboost,LORETO
2008-07-14,5.550942105894218,4.1015944480896,3.4680840969085693,4.642765522003174,xgboost,LORETO
2008-07-21,8.844501088724783,4.809131145477295,4.091887474060059,5.525726318359375,xgboost,LORETO
2008-07-28,8.992526211548629,8.91499137878418,7.7920613288879395,10.179048538208008,xgboost,LORETO
2008-08-04,7.068199614838636,9.304479598999023,8.537192344665527,9.915834426879883,xgboost,LORETO
2008-08-11,3.700628070596147,7.716756343841553,7.171894550323486,8.177009582519531,xgboost,LORETO
2008-08-18,1.7763014738861533,4.833492755889893,4.181853294372559,5.366410255432129,xgboost,LORETO
2008-08-25,2.5904396494173043,4.6548871994018555,3.6012215614318848,6.174315929412842,xgboost,LORETO
2008-09-01,5.032854176010758,3.7499516010284424,3.154219388961792,4.600111961364746,xgboost,LORETO
2008-09-08,5.809986070835948,5.261510848999023,4.308986186981201,6.479372024536133,xgboost,LORETO
2008-09-15,6.439092842837293,5.879889965057373,4.573971748352051,7.230281352996826,xgboost,LORETO
2008-09-22,4.588778807539221,5.905884265899658,4.445571422576904,7.612645149230957,xgboost,LORETO
2008-09-29,4.070690877655761,4.703951358795166,3.8928728103637695,5.460877418518066,xgboost,LORETO
2008-10-06,4.255722281185569,4.623640060424805,4.128135681152344,4.9596381187438965,xgboost,LORETO
2008-10-13,6.180048877895562,4.388337135314941,4.058884620666504,4.756245136260986,xgboost,LORETO
2008-10-20,7.549281264016134,6.301246643066406,5.9210615158081055,6.669425010681152,xgboost,LORETO
2008-10-27,7.216224737662482,7.818238258361816,7.080455303192139,8.456332206726074,xgboost,LORETO
2008-11-03,7.956350351781709,6.308927536010742,5.076408386230469,7.3452630043029785,xgboost,LORETO
2008-11-10,8.178388036017479,6.8697404861450195,5.916398048400879,7.719101905822754,xgboost,LORETO
2008-11-17,8.69647596590094,7.098822593688965,6.028134346008301,8.128351211547852,xgboost,LORETO
2008-11-24,7.327243579780365,8.059805870056152,6.9780473709106445,8.966120719909668,xgboost,LORETO
2008-12-01,6.994187053426713,7.414561748504639,6.867152690887451,8.077497482299805,xgboost,LORETO
2008-12-08,7.253231018368442,6.757293701171875,6.354348659515381,7.207269191741943,xgboost,LORETO
2008-12-15,6.587117965661137,7.082142353057861,6.467820167541504,7.669760227203369,xgboost,LORETO
2008-12-22,5.217885579540565,6.377851486206055,5.59429931640625,7.137736797332764,xgboost,LORETO
2008-12-29,6.587117965661136,5.754851818084717,5.09975528717041,6.433147430419922,xgboost,LORETO
2009-01-05,6.860794495436417,7.782327175140381,7.321497917175293,8.18671703338623,xgboost,LORETO
2009-01-12,8.245759793072788,7.611772537231445,6.761974334716797,8.313810348510742,xgboost,LORETO
2009-01-19,5.49592477178173,8.474401473999023,7.847925662994385,8.82594108581543,xgboost,LORETO
2009-01-26,4.689855805253743,5.1072773933410645,4.31689977645874,5.986790180206299,xgboost,LORETO
2009-02-02,4.2501818235112045,4.903533935546875,4.318032264709473,5.37464714050293,xgboost,LORETO
2009-02-09,5.569203768738819,4.599934101104736,4.136288166046143,5.181176662445068,xgboost,LORETO
2009-02-16,6.448551732223894,6.017054557800293,5.336613178253174,6.742094993591309,xgboost,LORETO
2009-02-23,8.24388715767259,7.354041576385498,6.791586399078369,7.828310012817383,xgboost,LORETO
2009-03-02,10.149141078556921,8.020174026489258,7.295122146606445,8.659097671508789,xgboost,LORETO
2009-03-09,12.164313494876888,10.150874137878418,9.330448150634766,10.649956703186035,xgboost,LORETO
2009-03-16,13.629893434018678,13.732640266418457,12.413193702697754,15.173585891723633,xgboost,LORETO
2009-03-23,13.886369923368493,14.838988304138184,13.355347633361816,16.16710090637207,xgboost,LORETO
2009-03-30,12.970382461404874,14.770773887634277,12.916546821594238,16.2237606048584,xgboost,LORETO
2009-04-06,10.845291549649275,12.446537971496582,11.484197616577148,13.441417694091797,xgboost,LORETO
2009-04-13,13.373416944668866,11.016525268554688,9.572993278503418,12.72593879699707,xgboost,LORETO
2009-04-20,14.399322902068121,15.098992347717285,13.507868766784668,16.72909927368164,xgboost,LORETO
2009-04-27,18.209830743836786,18.01727867126465,14.911300659179688,21.576997756958008,xgboost,LORETO
2009-05-04,17.58695926970152,16.68575668334961,13.453653335571289,20.136524200439453,xgboost,LORETO
2009-05-11,20.188363661678206,15.84058952331543,13.429227828979492,17.399648666381836,xgboost,LORETO
2009-05-18,19.968526670806934,15.335062980651855,12.93379020690918,16.79883575439453,xgboost,LORETO
2009-05-25,20.15172416319966,15.04198169708252,13.302290916442871,16.589994430541992,xgboost,LORETO
2009-06-01,17.147285287958983,15.332175254821777,13.685426712036133,16.988176345825195,xgboost,LORETO
2009-06-08,14.509241397503756,16.937437057495117,15.769675254821777,18.458900451660156,xgboost,LORETO
2009-06-15,11.651360516177258,15.14309310913086,12.811922073364258,16.36954689025879,xgboost,LORETO
2009-06-22,11.761279011612894,11.054082870483398,10.047348022460938,12.387040138244629,xgboost,LORETO
2009-06-29,11.248326032913267,11.273075103759766,10.09267520904541,12.55317497253418,xgboost,LORETO
2009-07-06,9.672827598335838,11.446825981140137,10.935493469238281,11.933409690856934,xgboost,LORETO
2009-07-13,7.694294680494418,10.661730766296387,10.049362182617188,11.258321762084961,xgboost,LORETO
2009-07-20,6.228714741352626,8.285083770751953,7.5923542976379395,9.120843887329102,xgboost,LORETO
2009-07-27,5.862319756567177,6.343770503997803,5.331835746765137,7.39055061340332,xgboost,LORETO
2009-08-03,6.2653542398311695,5.302741527557373,4.530001163482666,5.970833778381348,xgboost,LORETO
2009-08-10,6.595109726138074,6.042029857635498,5.317867755889893,6.6699371337890625,xgboost,LORETO
2009-08-17,6.5218307291809845,6.361769676208496,5.771893501281738,7.084593772888184,xgboost,LORETO
2009-08-24,6.9615047109235215,6.653054237365723,5.954489707946777,7.414144039154053,xgboost,LORETO
2009-08-31,6.301993738309715,6.891289234161377,6.307931900024414,7.648354530334473,xgboost,LORETO
2009-09-07,5.825680258088632,6.6779279708862305,6.22900390625,7.178505897521973,xgboost,LORETO
2009-09-14,4.763134802210833,6.032670497894287,5.56654167175293,6.493015289306641,xgboost,LORETO
2009-09-21,5.312727279389005,5.0772480964660645,4.668326377868652,5.458807945251465,xgboost,LORETO
2009-09-28,5.605843267217363,5.6397223472595215,5.0791449546813965,6.280205249786377,xgboost,LORETO
2009-10-05,7.254620698751881,6.132910251617432,5.596677780151367,6.730393886566162,xgboost,LORETO
2009-10-12,7.511097188101694,7.715548992156982,7.092125415802002,8.291179656982422,xgboost,LORETO
2009-10-19,7.511097188101695,7.960540771484375,7.208682537078857,8.523978233337402,xgboost,LORETO
2009-10-26,6.118796245916992,7.713963031768799,7.219666004180908,8.110759735107422,xgboost,LORETO
2009-11-02,6.045517248959901,6.120759963989258,5.464751720428467,6.712371349334717,xgboost,LORETO
2009-11-09,6.558470227659529,6.559789180755615,6.179336071014404,6.928523063659668,xgboost,LORETO
2009-11-16,5.825680258088632,6.86489200592041,6.45798921585083,7.15884256362915,xgboost,LORETO
2009-11-23,5.569203768738819,5.456400394439697,5.067093849182129,5.800694465637207,xgboost,LORETO
2009-11-30,4.799774300689378,5.832271099090576,5.371138095855713,6.488467693328857,xgboost,LORETO
2009-12-07,5.202808783953371,5.040316581726074,4.596579551696777,5.436738014221191,xgboost,LORETO
2009-12-14,4.506658312861019,5.450977802276611,4.802176475524902,6.0419602394104,xgboost,LORETO
2009-12-21,3.993705334161391,5.039690017700195,4.501515865325928,5.561747074127197,xgboost,LORETO
2009-12-28,2.125090911755605,4.266116619110107,3.3068740367889404,5.09043550491333,xgboost,LORETO
2010-01-04,2.584503992517721,3.665827989578247,2.8454782962799072,4.5434722900390625,xgboost,LORETO
2010-01-11,3.627991551133281,4.990112781524658,4.010226726531982,5.902932643890381,xgboost,LORETO
2010-01-18,5.0429082560752585,4.795403480529785,4.1271891593933105,5.386552810668945,xgboost,LORETO
2010-01-25,5.224307833631922,5.931028366088867,4.7765350341796875,7.303394317626953,xgboost,LORETO
2010-02-01,4.970348425052593,5.73235559463501,4.876377582550049,6.900336742401123,xgboost,LORETO
2010-02-08,6.022465974881243,5.1038007736206055,4.485352516174316,5.6296868324279785,xgboost,LORETO
2010-02-15,6.022465974881243,6.577576160430908,6.078587055206299,7.221581935882568,xgboost,LORETO
2010-02-22,6.276425383460572,6.5223002433776855,5.92902946472168,7.108276844024658,xgboost,LORETO
2010-03-01,6.1675856369265745,6.6761088371276855,6.158773422241211,7.079044818878174,xgboost,LORETO
2010-03-08,5.623386904256583,6.328063488006592,5.613807201385498,7.144811153411865,xgboost,LORETO
2010-03-15,5.804786481813246,5.20481538772583,4.713376522064209,5.843564510345459,xgboost,LORETO
2010-03-22,6.1675856369265745,5.29457950592041,4.623292446136475,6.147706031799316,xgboost,LORETO
2010-03-29,7.945301496981879,5.492788314819336,4.793222427368164,6.4122843742370605,xgboost,LORETO
2010-04-05,9.577897694991854,7.798182010650635,7.166092395782471,8.282661437988281,xgboost,LORETO
2010-04-12,11.355613555047158,10.672575950622559,9.7498140335083,11.626049041748047,xgboost,LORETO
2010-04-19,14.258006795953778,12.777144432067871,12.191316604614258,13.440895080566406,xgboost,LORETO
2010-04-26,18.430197079757047,16.846345901489258,14.645187377929688,18.35431671142578,xgboost,LORETO
2010-05-03,20.969791165550337,17.922922134399414,16.542856216430664,19.870412826538086,xgboost,LORETO
2010-05-10,20.53443217941435,21.558626174926758,19.492389678955078,24.222362518310547,xgboost,LORETO
2010-05-17,20.498152263903012,20.74733543395996,19.256248474121094,22.341716766357422,xgboost,LORETO
2010-05-24,16.507361557656413,20.397632598876953,18.336782455444336,22.067564010620117,xgboost,LORETO
2010-05-31,14.947325190669103,18.003812789916992,16.47374725341797,20.36762809753418,xgboost,LORETO
2010-06-07,10.847694737888501,16.150571823120117,14.691888809204102,18.076290130615234,xgboost,LORETO
2010-06-14,10.70257507584317,11.914834976196289,10.466787338256836,13.31706714630127,xgboost,LORETO
2010-06-21,8.562060060674535,10.541738510131836,9.438796997070312,11.413599967956543,xgboost,LORETO
2010-06-28,5.986186059369909,8.03581428527832,6.991625785827637,9.40022087097168,xgboost,LORETO
2010-07-05,5.151748002609256,5.473189353942871,4.635140895843506,6.113227844238281,xgboost,LORETO
2010-07-12,5.6596668197679145,4.477658748626709,3.4979159832000732,5.486328601837158,xgboost,LORETO
2010-07-19,6.7843442006192305,5.679444789886475,4.817753314971924,6.291898727416992,xgboost,LORETO
2010-07-26,6.348985214483238,6.7207865715026855,6.2238616943359375,7.361832618713379,xgboost,LORETO
2010-08-02,5.6596668197679145,6.474851608276367,6.2437286376953125,7.001770973205566,xgboost,LORETO
2010-08-09,5.6596668197679145,5.563404560089111,4.915992736816406,6.074909210205078,xgboost,LORETO
2010-08-16,6.3127052989719035,5.813046455383301,5.341549873352051,6.245843887329102,xgboost,LORETO
2010-08-23,6.5303847920399,6.456998348236084,6.145945072174072,6.876173496246338,xgboost,LORETO
2010-08-30,5.804786481813245,6.669656753540039,6.154267311096191,7.327572822570801,xgboost,LORETO
2010-09-06,5.33314758016592,5.815022945404053,5.3835530281066895,6.394352912902832,xgboost,LORETO
2010-09-13,5.768506566301913,5.826544284820557,5.476842403411865,6.255479335784912,xgboost,LORETO
2010-09-20,5.405707411188586,6.077552318572998,5.452413558959961,6.603806018829346,xgboost,LORETO
2010-09-27,4.4624296078939345,5.242386817932129,4.929188251495361,5.5919108390808105,xgboost,LORETO
2010-10-04,4.426149692382602,4.3529157638549805,3.9859766960144043,4.728119373321533,xgboost,LORETO
2010-10-11,5.841066397324578,4.846599102020264,4.3243327140808105,5.315341949462891,xgboost,LORETO
2010-10-18,6.494104876528568,6.168647289276123,5.751138210296631,6.52390718460083,xgboost,LORETO
2010-10-25,5.695946735279247,6.993021488189697,6.564078330993652,7.493295192718506,xgboost,LORETO
2010-11-01,4.93406850954126,5.716148376464844,5.199092864990234,6.190769672393799,xgboost,LORETO
2010-11-08,5.006628340563926,5.229008674621582,4.9224090576171875,5.554721832275391,xgboost,LORETO
2010-11-15,4.752668931984596,5.425536155700684,5.086370468139648,5.820145606994629,xgboost,LORETO
2010-11-22,4.244750114825938,5.103593349456787,4.655581951141357,5.530468463897705,xgboost,LORETO
2010-11-29,3.7368312976672784,4.641809463500977,3.9698288440704346,5.400948524475098,xgboost,LORETO
2010-12-06,3.809391128689944,3.869765043258667,3.1768510341644287,4.561938762664795,xgboost,LORETO
2010-12-13,3.845671044201277,4.151844501495361,3.4698398113250732,4.899027347564697,xgboost,LORETO
2010-12-20,3.555431720110615,3.478742837905884,2.7765331268310547,4.133469104766846,xgboost,LORETO
2010-12-27,3.265192396019953,3.345050096511841,2.697256326675415,4.207045078277588,xgboost,LORETO
2011-01-03,3.8622078860888145,4.321234703063965,3.610921859741211,5.052192211151123,xgboost,LORETO
2011-01-10,4.968199857974753,4.652044773101807,3.779611349105835,5.167308807373047,xgboost,LORETO
2011-01-17,4.454992717524006,5.573517322540283,5.036438465118408,6.072614669799805,xgboost,LORETO
2011-01-24,3.5927360625193607,4.834297180175781,4.249697208404541,5.267399787902832,xgboost,LORETO
2011-01-31,2.694552046889522,3.974682569503784,3.3658275604248047,4.535713195800781,xgboost,LORETO
2011-02-07,4.167573832522458,3.943742036819458,3.3219027519226074,4.483851432800293,xgboost,LORETO
2011-02-14,4.454992717524006,4.709229946136475,4.278848648071289,5.081999778747559,xgboost,LORETO
2011-02-21,5.173539930027878,4.88021183013916,4.307026386260986,5.6013407707214355,xgboost,LORETO
2011-02-28,4.957975766276716,5.609482765197754,4.95661735534668,6.40895414352417,xgboost,LORETO
2011-03-07,5.137612569402684,5.574353218078613,5.1833953857421875,6.130959987640381,xgboost,LORETO
2011-03-14,7.868091976917394,5.444494724273682,4.913172721862793,5.773650169372559,xgboost,LORETO
2011-03-21,8.550711828796073,8.980250358581543,8.300597190856934,9.738917350769043,xgboost,LORETO
2011-03-28,10.203370417554975,8.88679313659668,8.033761978149414,9.616613388061523,xgboost,LORETO
2011-04-04,11.245263875685588,11.190471649169922,10.239945411682129,12.095603942871094,xgboost,LORETO
2011-04-11,13.329050791946814,12.842293739318848,11.773759841918945,13.677566528320312,xgboost,LORETO
2011-04-18,13.400905513197202,15.877044677734375,14.70657730102539,17.032320022583008,xgboost,LORETO
2011-04-25,11.281191236310782,16.10706901550293,14.542349815368652,17.599674224853516,xgboost,LORETO
2011-05-02,9.880024171928234,13.237926483154297,11.717619895935059,14.844381332397461,xgboost,LORETO
2011-05-09,10.490789302556523,9.953536987304688,8.304851531982422,11.445124626159668,xgboost,LORETO
2011-05-16,11.604537481937525,10.342098236083984,9.100118637084961,12.117731094360352,xgboost,LORETO
2011-05-23,11.85602900631388,11.969329833984375,11.141133308410645,13.06531810760498,xgboost,LORETO
2011-05-30,11.784174285063493,12.400315284729004,11.446511268615723,13.234825134277344,xgboost,LORETO
2011-06-06,10.56264402380691,12.171939849853516,11.481414794921875,12.91517162322998,xgboost,LORETO
2011-06-13,10.706353466307684,10.655335426330566,9.816081047058105,11.651331901550293,xgboost,LORETO
2011-06-20,11.137481793810005,9.729257583618164,8.861311912536621,11.088719367980957,xgboost,LORETO
2011-06-27,11.029699711934427,10.33575439453125,9.408985137939453,11.072039604187012,xgboost,LORETO
2011-07-04,12.251229973191009,10.247634887695312,9.539715766906738,10.856101036071777,xgboost,LORETO
2011-07-11,11.7482469244383,10.77877426147461,10.052495956420898,11.503135681152344,xgboost,LORETO
2011-07-18,11.96381108818946,11.023088455200195,10.5171480178833,11.56079387664795,xgboost,LORETO
2011-07-25,10.490789302556523,11.0496187210083,10.406039237976074,11.691351890563965,xgboost,LORETO
2011-08-01,8.874058074422814,10.083840370178223,8.942282676696777,10.670114517211914,xgboost,LORETO
2011-08-08,7.904019337542587,8.662678718566895,7.703023910522461,10.047370910644531,xgboost,LORETO
2011-08-15,6.3232154700340715,7.536474704742432,6.7987165451049805,8.382818222045898,xgboost,LORETO
2011-08-22,6.071723945657716,6.3152756690979,5.775903701782227,6.932613849639893,xgboost,LORETO
2011-08-29,6.107651306282911,5.987448215484619,5.5635223388671875,6.403532028198242,xgboost,LORETO
2011-09-05,6.574706994410427,6.402827739715576,6.0553364753723145,6.811806678771973,xgboost,LORETO
2011-09-12,5.640595618155395,6.238131046295166,5.784531593322754,6.706192970275879,xgboost,LORETO
2011-09-19,4.4190653568988125,5.493560791015625,5.11569881439209,5.949925422668457,xgboost,LORETO
2011-09-26,4.275355914398038,5.044644832611084,4.524644374847412,5.4674859046936035,xgboost,LORETO
2011-10-03,4.526847438774394,5.253719806671143,4.730576992034912,5.603100776672363,xgboost,LORETO
2011-10-10,5.281322011903458,5.218534469604492,4.7163848876953125,5.828114032745361,xgboost,LORETO
2011-10-17,4.7424116025255545,5.816054344177246,5.352084636688232,6.290976524353027,xgboost,LORETO
2011-10-24,4.634629520649974,5.01627779006958,4.414068698883057,5.590615749359131,xgboost,LORETO
2011-10-31,5.281322011903458,4.977935314178467,4.538954734802246,5.494377613067627,xgboost,LORETO
2011-11-07,5.317249372528651,5.703743934631348,5.323779582977295,6.080970764160156,xgboost,LORETO
2011-11-14,5.71245033940578,5.644010543823242,5.2386698722839355,6.068810939788818,xgboost,LORETO
2011-11-21,5.460958815029426,6.119923114776611,5.387578010559082,6.8233489990234375,xgboost,LORETO
2011-11-28,8.155510861918943,5.472579002380371,4.873740196228027,5.95112419128418,xgboost,LORETO
2011-12-05,8.981840156298395,7.9110541343688965,7.229931831359863,8.569221496582031,xgboost,LORETO
2011-12-12,7.580673091915845,7.948794364929199,7.2129316329956055,8.964693069458008,xgboost,LORETO
2011-12-19,5.209467290653071,7.431620121002197,6.491446495056152,8.373307228088379,xgboost,LORETO
2011-12-26,5.137612569402684,5.11108922958374,4.255195140838623,6.231634140014648,xgboost,LORETO
2012-01-02,5.875490238553965,6.034574508666992,5.165257930755615,6.903796672821045,xgboost,LORETO
2012-01-09,5.9286734428293455,6.619757652282715,5.830628395080566,7.42720365524292,xgboost,LORETO
2012-01-16,5.977707421110278,6.095700263977051,5.620250225067139,6.471343517303467,xgboost,LORETO
2012-01-23,6.048870604694923,6.121449947357178,5.623297691345215,6.608166217803955,xgboost,LORETO
2012-01-30,6.191196971864216,6.365968227386475,5.665348052978516,6.914889335632324,xgboost,LORETO
2012-02-06,5.835381053940986,6.3624067306518555,5.650720119476318,6.899385452270508,xgboost,LORETO
2012-02-13,5.728636278564017,5.910281181335449,5.460330963134766,6.3957839012146,xgboost,LORETO
2012-02-20,5.337238768848462,6.410447597503662,5.822235107421875,7.06658935546875,xgboost,LORETO
2012-02-27,5.266075585263817,6.138238906860352,5.574877738952637,6.747517108917236,xgboost,LORETO
2012-03-05,5.337238768848462,6.239044189453125,5.612923622131348,6.933004379272461,xgboost,LORETO
2012-03-12,5.657473094979371,6.008787155151367,5.266303539276123,6.8638081550598145,xgboost,LORETO
2012-03-19,5.728636278564017,6.306562423706055,5.7421393394470215,7.327104568481445,xgboost,LORETO
2012-03-26,6.262360155448863,6.284799098968506,5.703433036804199,6.964902877807617,xgboost,LORETO
2012-04-02,7.899113377895723,7.028019905090332,6.363633155822754,7.56972599029541,xgboost,LORETO
2012-04-09,9.393540233173292,8.674553871154785,7.789155960083008,9.653409957885742,xgboost,LORETO
2012-04-16,10.99471186382783,10.650552749633789,9.187291145324707,11.623190879821777,xgboost,LORETO
2012-04-23,11.386109373543382,12.799560546875,11.750121116638184,13.611612319946289,xgboost,LORETO
2012-04-30,10.959130272035507,12.719759941101074,11.867963790893555,13.566351890563965,xgboost,LORETO
2012-05-07,10.78122231307389,11.593555450439453,10.929734230041504,12.514748573303223,xgboost,LORETO
2012-05-14,10.460987986942984,11.088593482971191,10.344583511352539,11.945684432983398,xgboost,LORETO
2012-05-21,11.279364598166415,10.658923149108887,9.834400177001953,11.25474739074707,xgboost,LORETO
2012-05-28,11.955414842220554,11.628152847290039,10.899537086486816,12.352723121643066,xgboost,LORETO
2012-06-04,11.741925291466613,11.285874366760254,10.808891296386719,11.738327026367188,xgboost,LORETO
2012-06-11,10.460987986942984,11.098733901977539,10.587278366088867,11.724653244018555,xgboost,LORETO
2012-06-18,8.930979539873093,10.161809921264648,9.347744941711426,10.893356323242188,xgboost,LORETO
2012-06-25,7.7567870107264305,7.805990219116211,6.648156642913818,10.236132621765137,xgboost,LORETO
2012-07-02,7.116318358464617,6.917691230773926,6.055330276489258,7.78280782699585,xgboost,LORETO
2012-07-09,6.9384103995030015,6.900457382202148,5.550279140472412,8.14156436920166,xgboost,LORETO
2012-07-16,6.582594481579771,6.892066955566406,5.958202838897705,7.608046531677246,xgboost,LORETO
2012-07-23,5.835381053940986,6.27349853515625,5.801701068878174,6.825953006744385,xgboost,LORETO
2012-07-30,5.194912401679171,5.533112049102783,5.1484832763671875,5.994682312011719,xgboost,LORETO
2012-08-06,5.2304939934714945,5.380040645599365,5.165904998779297,5.701117992401123,xgboost,LORETO
2012-08-13,5.443983544225432,5.5221099853515625,5.248039722442627,5.8250885009765625,xgboost,LORETO
2012-08-20,5.40840195243311,5.854115962982178,5.4222002029418945,6.274994373321533,xgboost,LORETO
2012-08-27,4.732351708378972,5.624432563781738,5.0280327796936035,6.2913618087768555,xgboost,LORETO
2012-09-03,5.0881676263022015,4.754025936126709,4.424561023712158,5.04708194732666,xgboost,LORETO
2012-09-10,5.550728319602402,5.397592067718506,5.160429954528809,5.6387128829956055,xgboost,LORETO
2012-09-17,6.262360155448863,6.075919151306152,5.42705774307251,6.873617649078369,xgboost,LORETO
2012-09-24,5.87096264573331,6.455992698669434,5.886906147003174,7.136855602264404,xgboost,LORETO
2012-10-01,4.625606933002001,5.669250965118408,5.026883125305176,6.276291847229004,xgboost,LORETO
2012-10-08,4.198627831494125,5.095859050750732,4.731122016906738,5.441895484924316,xgboost,LORETO
2012-10-15,4.3765357904557405,4.5105299949646,4.219398498535156,4.9022135734558105,xgboost,LORETO
2012-10-22,4.447698974040387,4.848587989807129,4.489723205566406,5.326159477233887,xgboost,LORETO
2012-10-29,4.412117382248064,4.161487102508545,3.8291401863098145,4.712791442871094,xgboost,LORETO
2012-11-05,4.910259667340586,4.050525665283203,3.6725823879241943,4.582379341125488,xgboost,LORETO
2012-11-12,5.194912401679171,4.577032566070557,4.304640293121338,4.917649745941162,xgboost,LORETO
2012-11-19,5.337238768848462,5.140985012054443,4.757556915283203,5.434967041015625,xgboost,LORETO
2012-11-26,5.123749218094525,5.2936787605285645,4.784115314483643,5.663455009460449,xgboost,LORETO
2012-12-03,5.550728319602402,5.129243850708008,4.730025768280029,5.660109519958496,xgboost,LORETO
2012-12-10,5.728636278564017,6.019645690917969,5.456134796142578,6.656671524047852,xgboost,LORETO
2012-12-17,6.2267785636565405,5.597702980041504,5.197910308837891,5.9562859535217285,xgboost,LORETO
2012-12-24,5.977707421110278,5.980640888214111,5.443582534790039,6.658890247344971,xgboost,LORETO
2012-12-31,6.404686522618154,5.922778129577637,5.328579902648926,6.366100788116455,xgboost,LORETO
2013-01-07,6.734722168798818,6.272731304168701,5.865734577178955,6.77794075012207,xgboost,LORETO
2013-01-14,7.5639177423776305,6.648430347442627,6.095876693725586,7.091023921966553,xgboost,LORETO
2013-01-21,7.259929804232121,6.841438293457031,6.246090412139893,7.393629550933838,xgboost,LORETO
2013-01-28,7.048475538089438,6.58756160736084,6.073902606964111,7.111058235168457,xgboost,LORETO
2013-02-04,7.013233160398991,6.459059715270996,5.469601154327393,7.118300914764404,xgboost,LORETO
2013-02-11,6.837021271946754,6.904576778411865,6.566486358642578,7.197646141052246,xgboost,LORETO
2013-02-18,6.414112739661388,6.59699010848999,6.185614109039307,7.045707702636719,xgboost,LORETO
2013-02-25,5.638780430471551,6.368129253387451,5.952324390411377,6.688961982727051,xgboost,LORETO
2013-03-04,5.779749941233341,5.846921443939209,5.388585090637207,6.450335502624512,xgboost,LORETO
2013-03-11,6.2026584735187065,6.372625827789307,6.045775890350342,6.983755588531494,xgboost,LORETO
2013-03-18,6.4845974950422836,6.7221808433532715,6.0100202560424805,7.371322154998779,xgboost,LORETO
2013-03-25,6.6960517611849655,6.910731792449951,6.067442417144775,7.603504180908203,xgboost,LORETO
2013-04-01,8.599140156469113,7.359866619110107,6.690335750579834,7.8297553062438965,xgboost,LORETO
2013-04-08,10.149804774848787,9.179117202758789,8.379117965698242,10.108959197998047,xgboost,LORETO
2013-04-15,12.193862680894725,11.07213020324707,10.495124816894531,11.699551582336426,xgboost,LORETO
2013-04-22,12.017650792442488,12.786213874816895,12.09797191619873,13.731254577636719,xgboost,LORETO
2013-04-29,11.171833727871757,11.888307571411133,11.124279975891113,12.738958358764648,xgboost,LORETO
2013-05-06,9.550684354111185,10.944119453430176,10.561775207519531,11.384282112121582,xgboost,LORETO
2013-05-13,8.000019735731511,9.742456436157227,8.26756477355957,10.82392692565918,xgboost,LORETO
2013-05-20,6.378870361970942,8.125115394592285,7.270817756652832,8.768815994262695,xgboost,LORETO
2013-05-27,6.132173718137811,5.96596097946167,5.513262748718262,6.255061149597168,xgboost,LORETO
2013-06-03,5.674022808161998,6.1738667488098145,5.952926158905029,6.484240531921387,xgboost,LORETO
2013-06-10,7.189445048851226,5.966306209564209,5.595007419586182,6.312211990356445,xgboost,LORETO
2013-06-17,6.414112739661388,7.0960164070129395,6.63703727722168,7.537272930145264,xgboost,LORETO
2013-06-24,5.533053297400211,6.021878719329834,5.7294440269470215,6.370189189910889,xgboost,LORETO
2013-07-01,4.0528734344014286,5.650442123413086,5.376160144805908,6.019947528839111,xgboost,LORETO
2013-07-08,3.8414191682587457,4.451184272766113,3.885769844055176,4.986963272094727,xgboost,LORETO
2013-07-15,3.9471463013300876,4.5358805656433105,3.98659610748291,5.1073408126831055,xgboost,LORETO
2013-07-22,3.9471463013300876,4.521210193634033,4.194262981414795,4.988836765289307,xgboost,LORETO
2013-07-29,4.017631056710981,4.019441604614258,3.737332582473755,4.3458638191223145,xgboost,LORETO
2013-08-05,4.193842945163218,4.053750038146973,3.67425537109375,4.361721992492676,xgboost,LORETO
2013-08-12,5.356841408947974,4.25889778137207,3.894249677658081,4.625219345092773,xgboost,LORETO
2013-08-19,4.933932876662609,5.335077285766602,5.0773162841796875,5.630434989929199,xgboost,LORETO
2013-08-26,3.9823886790205343,4.8130011558532715,4.481557846069336,5.2034149169921875,xgboost,LORETO
2013-09-02,2.5374511937122004,4.13071870803833,3.6553657054901123,4.6424784660339355,xgboost,LORETO
2013-09-09,2.643178326783542,4.213822364807129,3.7632546424865723,4.7164154052734375,xgboost,LORETO
2013-09-16,2.6784207044739894,4.198668003082275,3.6922926902770996,4.636723518371582,xgboost,LORETO
2013-09-23,2.819390215235778,3.6116068363189697,3.022732734680176,4.043274879455566,xgboost,LORETO
2013-09-30,2.819390215235778,3.6139590740203857,2.9998176097869873,4.1023712158203125,xgboost,LORETO
2013-10-07,3.030844481378461,3.825188636779785,3.1947569847106934,4.400326251983643,xgboost,LORETO
2013-10-14,3.242298747521144,3.815361261367798,3.3272907733917236,4.455832481384277,xgboost,LORETO
2013-10-21,3.242298747521144,3.274230480194092,2.9838645458221436,3.5464346408843994,xgboost,LORETO
2013-10-28,3.3127835029020383,3.375230550765991,3.0925042629241943,3.685323715209961,xgboost,LORETO
2013-11-04,3.3127835029020383,3.4033021926879883,3.0543081760406494,3.7411797046661377,xgboost,LORETO
2013-11-11,2.7489054598548837,3.404512643814087,3.0745487213134766,3.762547016143799,xgboost,LORETO
2013-11-18,2.7841478375453312,3.2134249210357666,2.8739538192749023,3.5506906509399414,xgboost,LORETO
2013-11-25,3.41851063597338,3.525721311569214,2.9740805625915527,4.08344841003418,xgboost,LORETO
2013-12-02,4.0528734344014286,3.6722230911254883,3.0533244609832764,4.33203125,xgboost,LORETO
2013-12-09,4.123358189782324,4.0784525871276855,3.4814352989196777,4.595016002655029,xgboost,LORETO
2013-12-16,2.7841478375453312,4.0015082359313965,3.4242708683013916,4.6024556159973145,xgboost,LORETO
2013-12-23,2.537451193712201,3.2039825916290283,2.779639720916748,3.634592056274414,xgboost,LORETO
2013-12-30,2.6784207044739894,3.7637178897857666,3.2203986644744873,4.272944450378418,xgboost,LORETO
2014-01-06,3.476348708587885,3.8643147945404053,3.2858810424804688,4.374513149261475,xgboost,LORETO
2014-01-13,3.5022724779241514,3.807663679122925,3.0895164012908936,4.513098239898682,xgboost,LORETO
2014-01-20,2.827675190187344,3.7226974964141846,3.088437795639038,4.152247905731201,xgboost,LORETO
2014-01-27,2.5134890579443057,3.4289937019348145,2.932469367980957,3.7890424728393555,xgboost,LORETO
2014-02-03,3.0022230414334756,3.513176441192627,3.148341178894043,3.8569326400756836,xgboost,LORETO
2014-02-10,3.386228314174966,3.3581817150115967,3.0390982627868652,3.7530739307403564,xgboost,LORETO
2014-02-17,3.5258665951718715,3.547250986099243,3.1966657638549805,3.9171507358551025,xgboost,LORETO
2014-02-24,3.0022230414334756,3.4041430950164795,3.077239513397217,3.8701791763305664,xgboost,LORETO
2014-03-03,3.421137884424192,3.6325466632843018,3.2443814277648926,4.0878682136535645,xgboost,LORETO
2014-03-10,3.211680462928834,3.817990779876709,3.4435322284698486,4.373338222503662,xgboost,LORETO
2014-03-17,3.0720421819319284,3.7122392654418945,3.282456874847412,4.1921257972717285,xgboost,LORETO
2014-03-24,3.5956857356703247,3.6539621353149414,3.2914648056030273,4.007532596588135,xgboost,LORETO
2014-03-31,4.084419719159494,3.966477394104004,3.5466063022613525,4.605255126953125,xgboost,LORETO
2014-04-07,4.71279198364557,4.145233154296875,3.655200719833374,4.7458367347717285,xgboost,LORETO
2014-04-14,5.4808025291285505,4.953119277954102,4.469389915466309,5.542845726013184,xgboost,LORETO
2014-04-21,5.725169520873135,5.6598029136657715,5.050991058349609,6.402198314666748,xgboost,LORETO
2014-04-28,5.794988661371588,6.1106133460998535,5.592377185821533,6.723155498504639,xgboost,LORETO
2014-05-05,6.004446082866946,6.040765285491943,5.7889299392700195,6.486166000366211,xgboost,LORETO
2014-05-12,7.9244724465743985,6.203089237213135,5.901852607727051,6.5942463874816895,xgboost,LORETO
2014-05-19,9.600131818537266,7.648348808288574,6.985832214355469,8.69836711883545,xgboost,LORETO
2014-05-26,10.088865802026435,9.560067176818848,8.490859985351562,10.653658866882324,xgboost,LORETO
2014-06-02,10.368142364020246,10.70717716217041,10.073863983154297,11.17004680633545,xgboost,LORETO
2014-06-09,9.879408380531077,10.97624397277832,10.448372840881348,11.459901809692383,xgboost,LORETO
2014-06-16,8.901940413552737,10.471030235290527,9.370460510253906,11.278870582580566,xgboost,LORETO
2014-06-23,6.2488130746115305,8.372385025024414,7.628191947937012,9.290667533874512,xgboost,LORETO
2014-06-30,5.341164248131644,5.72153902053833,5.386351585388184,6.162124156951904,xgboost,LORETO
2014-07-07,5.376073818380871,5.399026870727539,4.935756683349609,5.8564558029174805,xgboost,LORETO
2014-07-14,6.493180066356115,5.707831382751465,5.4392409324646,6.107311725616455,xgboost,LORETO
2014-07-21,5.550621669627003,6.232817649841309,5.883546352386475,6.665388107299805,xgboost,LORETO
2014-07-28,4.817520694393249,5.398091793060303,5.01361608505249,5.906564712524414,xgboost,LORETO
2014-08-04,3.3513187439257397,5.351713180541992,4.995789051055908,5.720410346984863,xgboost,LORETO
2014-08-11,3.6655048761687774,3.2684175968170166,2.877110481262207,3.7179739475250244,xgboost,LORETO
2014-08-18,3.3513187439257397,3.9343109130859375,3.5759963989257812,4.269679546356201,xgboost,LORETO
2014-08-25,3.5258665951718715,3.2532835006713867,2.870504140853882,3.714134693145752,xgboost,LORETO
2014-09-01,3.2814996034272865,3.9107682704925537,3.05258846282959,4.691736221313477,xgboost,LORETO
2014-09-08,2.8974943306857956,3.9845070838928223,3.3224568367004395,4.772167682647705,xgboost,LORETO
2014-09-15,2.5833081984427584,3.7262251377105713,3.1802382469177246,4.595207691192627,xgboost,LORETO
2014-09-22,2.269122066199721,2.7857630252838135,2.557136297225952,3.035494565963745,xgboost,LORETO
2014-09-29,2.6531273389412116,2.7451775074005127,2.504249334335327,3.0124917030334473,xgboost,LORETO
2014-10-06,3.9796910084118147,3.3213846683502197,3.09197998046875,3.6119375228881836,xgboost,LORETO
2014-10-13,4.60806327289789,3.528210401535034,3.0679891109466553,4.011213302612305,xgboost,LORETO
2014-10-20,3.8749622976641356,4.467822551727295,4.065864562988281,4.959770202636719,xgboost,LORETO
2014-10-27,2.653127338941211,3.6376149654388428,3.0166444778442383,4.048386573791504,xgboost,LORETO
2014-11-03,2.7229464794396647,3.166743755340576,2.8188180923461914,3.514618158340454,xgboost,LORETO
2014-11-10,3.0720421819319284,3.3067312240600586,3.023488998413086,3.695927143096924,xgboost,LORETO
2014-11-17,3.2814996034272865,3.1833560466766357,2.9186153411865234,3.383596658706665,xgboost,LORETO
2014-11-24,3.2814996034272865,3.31965970993042,3.0156543254852295,3.7196238040924072,xgboost,LORETO
2014-12-01,2.827675190187343,3.309506893157959,2.954559803009033,3.537940263748169,xgboost,LORETO
2014-12-08,2.827675190187343,3.248544931411743,2.9826278686523438,3.50728440284729,xgboost,LORETO
2014-12-15,2.0945742149535893,3.1812567710876465,2.9795162677764893,3.428403615951538,xgboost,LORETO
2014-12-22,2.5134890579443057,2.859773874282837,2.519712448120117,3.197068929672241,xgboost,LORETO
2014-12-29,3.0022230414334756,3.2710776329040527,2.8836774826049805,3.5515849590301514,xgboost,LORETO
2015-01-05,3.308245556056003,3.5452003479003906,3.2844035625457764,3.8593380451202393,xgboost,LORETO
2015-01-12,3.161423291553048,3.198491096496582,3.0116288661956787,3.4023385047912598,xgboost,LORETO
2015-01-19,2.593726915830454,3.064659357070923,2.814711093902588,3.272782564163208,xgboost,LORETO
2015-01-26,2.7320590180080777,2.9465787410736084,2.7026615142822266,3.2292020320892334,xgboost,LORETO
2015-02-02,4.288295167506347,3.2945377826690674,3.093961715698242,3.4938862323760986,xgboost,LORETO
2015-02-09,5.46411803601615,4.278316020965576,3.969871759414673,4.619784355163574,xgboost,LORETO
2015-02-16,5.913697368093428,5.398105144500732,4.776966094970703,6.047397613525391,xgboost,LORETO
2015-02-23,5.049121729483279,5.552713871002197,5.113701343536377,6.078779220581055,xgboost,LORETO
2015-03-02,4.737874499583625,5.4246721267700195,4.63746976852417,6.013413429260254,xgboost,LORETO
2015-03-09,5.152870806116497,5.201664447784424,4.792210102081299,5.636826038360596,xgboost,LORETO
2015-03-16,5.948280393637835,5.97564172744751,5.490761756896973,6.410731315612793,xgboost,LORETO
2015-03-23,6.570774853437143,6.498544692993164,6.14016580581665,6.898371696472168,xgboost,LORETO
2015-03-30,7.919512849668976,6.640580177307129,6.1732001304626465,6.9925761222839355,xgboost,LORETO
2015-04-06,9.371999922534028,9.089910507202148,8.143277168273926,10.005803108215332,xgboost,LORETO
2015-04-13,10.374907663321801,10.045525550842285,8.636674880981445,11.08535099029541,xgboost,LORETO
2015-04-20,9.475748999167246,10.576528549194336,9.965522766113281,11.171637535095215,xgboost,LORETO
2015-04-27,8.784088488279126,9.328566551208496,8.42776870727539,10.388679504394531,xgboost,LORETO
2015-05-04,7.608265619769322,8.438840866088867,7.394937992095947,9.17137622833252,xgboost,LORETO
2015-05-11,7.435350492047292,6.8893585205078125,6.410822868347168,7.416200160980225,xgboost,LORETO
2015-05-18,5.879114342549023,6.878279685974121,6.5424299240112305,7.1968488693237305,xgboost,LORETO
2015-05-25,4.807040550672437,5.908229351043701,5.575745105743408,6.238126754760742,xgboost,LORETO
2015-06-01,3.8041328098846634,5.018723011016846,4.356704235076904,5.65855073928833,xgboost,LORETO
2015-06-08,3.9424649120622868,3.8193953037261963,3.483290910720825,4.140699863433838,xgboost,LORETO
2015-06-15,4.322878193050753,4.108221530914307,3.6430516242980957,4.558696269989014,xgboost,LORETO
2015-06-22,4.737874499583626,4.353726863861084,3.823307991027832,4.869813442230225,xgboost,LORETO
2015-06-29,4.495793320772783,4.517985820770264,4.185352325439453,4.781174659729004,xgboost,LORETO
2015-07-06,4.288295167506347,4.60165548324585,4.2650465965271,5.008948802947998,xgboost,LORETO
2015-07-13,3.8387158354290687,4.693505764007568,4.2924323081970215,5.128673553466797,xgboost,LORETO
2015-07-20,3.734966758795851,3.92905592918396,3.7005207538604736,4.172547340393066,xgboost,LORETO
2015-07-27,2.9049741457301077,3.8663556575775146,3.654137372970581,4.154598236083984,xgboost,LORETO
2015-08-03,2.5591438902860477,3.279646873474121,2.9488675594329834,3.6299047470092773,xgboost,LORETO
2015-08-10,2.6283099413748596,3.0112318992614746,2.7578842639923096,3.2719597816467285,xgboost,LORETO
2015-08-17,3.3545534778073853,2.9899895191192627,2.7599270343780518,3.3544349670410156,xgboost,LORETO
2015-08-24,3.562051631073821,3.4632151126861572,3.2263376712799072,3.7259562015533447,xgboost,LORETO
2015-08-31,3.389136503351791,2.9551119804382324,2.7401490211486816,3.2430105209350586,xgboost,LORETO
2015-09-07,3.1816383500853553,2.9264018535614014,2.6395130157470703,3.293576240539551,xgboost,LORETO
2015-09-14,2.9395571712745134,2.84413743019104,2.6131997108459473,3.0968635082244873,xgboost,LORETO
2015-09-21,3.0433062479077315,2.6951839923858643,2.437269926071167,2.9939818382263184,xgboost,LORETO
2015-09-28,3.147055324540949,2.932385206222534,2.762671947479248,3.0811009407043457,xgboost,LORETO
2015-10-05,3.492885579985009,3.18108868598938,3.0385494232177734,3.3250465393066406,xgboost,LORETO
2015-10-12,3.596634656618227,3.315845012664795,3.1438865661621094,3.463404417037964,xgboost,LORETO
2015-10-19,3.1124722989965434,3.367604970932007,3.1010327339172363,3.7262845039367676,xgboost,LORETO
2015-10-26,3.0778892734521377,3.003380298614502,2.832334041595459,3.1675329208374023,xgboost,LORETO
2015-11-02,3.250804401174167,3.0758659839630127,2.8873941898345947,3.2718420028686523,xgboost,LORETO
2015-11-09,3.5274686055294153,3.299116849899292,3.108497142791748,3.468519687652588,xgboost,LORETO
2015-11-16,3.907881886517881,3.417585611343384,3.213603973388672,3.626213788986206,xgboost,LORETO
2015-11-23,3.562051631073821,3.7060165405273438,3.1452062129974365,4.241401195526123,xgboost,LORETO
2015-11-30,4.149963065328723,3.218604564666748,3.0431180000305176,3.3849754333496094,xgboost,LORETO
2015-12-07,3.6658007077070387,4.198298931121826,3.7197265625,4.67282247543335,xgboost,LORETO
2015-12-14,3.319970452262979,3.3434977531433105,2.968005657196045,3.7281503677368164,xgboost,LORETO
2015-12-21,2.3516457370196115,3.149407386779785,2.82275128364563,3.447089195251465,xgboost,LORETO
2015-12-28,1.41790404732065,2.5933549404144287,2.4547224044799805,2.7466371059417725,xgboost,LORETO
2016-01-04,1.5472623648253088,3.200840473175049,2.9448935985565186,3.5422134399414062,xgboost,LORETO
2016-01-11,2.227064660252725,2.6348371505737305,1.925110101699829,3.31028413772583,xgboost,LORETO
2016-01-18,3.631828522873672,2.860050916671753,2.4696216583251953,3.1441876888275146,xgboost,LORETO
2016-01-25,4.488391853740102,3.4481136798858643,3.0699121952056885,3.8289248943328857,xgboost,LORETO
2016-02-01,4.111503988158873,4.191313743591309,3.749363422393799,4.837408542633057,xgboost,LORETO
2016-02-08,3.631828522873672,3.8024795055389404,3.3421342372894287,4.384829998016357,xgboost,LORETO
2016-02-15,2.7067401255379266,3.8383681774139404,3.5539236068725586,4.184015274047852,xgboost,LORETO
2016-02-22,2.3641147931913538,2.956169843673706,2.6593575477600098,3.2852895259857178,xgboost,LORETO
2016-02-29,2.672477592303269,2.9688024520874023,2.58971905708313,3.337684392929077,xgboost,LORETO
2016-03-07,2.7410026587725835,3.4553751945495605,3.148001194000244,3.778958320617676,xgboost,LORETO
2016-03-14,3.289203190527099,3.2739675045013428,2.928596258163452,3.6161293983459473,xgboost,LORETO
2016-03-21,3.254940657292442,3.5041165351867676,3.2502455711364746,3.7649013996124268,xgboost,LORETO
2016-03-28,3.768878655812301,3.286327600479126,2.9211671352386475,3.641291856765747,xgboost,LORETO
2016-04-04,4.0772414549242155,3.9146692752838135,3.6361727714538574,4.134950637817383,xgboost,LORETO
2016-04-11,5.721843050187762,4.403164863586426,3.865443468093872,4.6522440910339355,xgboost,LORETO
2016-04-18,6.235781048707621,5.814229488372803,5.493398189544678,6.158121585845947,xgboost,LORETO
2016-04-25,6.612668914288851,6.232206344604492,5.701620101928711,6.699609279632568,xgboost,LORETO
2016-05-02,5.379217717841191,6.796616077423096,6.197747707366943,7.511211395263672,xgboost,LORETO
2016-05-09,5.242167584902561,5.355237007141113,4.911830425262451,5.852721214294434,xgboost,LORETO
2016-05-16,5.584792917249135,5.47547721862793,5.050597667694092,5.77933406829834,xgboost,LORETO
2016-05-23,6.681193980758167,5.7406463623046875,5.357276439666748,6.145049571990967,xgboost,LORETO
2016-05-30,5.8588931831263915,6.877823829650879,5.955462455749512,7.953179359436035,xgboost,LORETO
2016-06-06,5.75610558342242,5.500495433807373,5.1142354011535645,5.934749603271484,xgboost,LORETO
2016-06-13,4.76249211961736,5.9188385009765625,5.49890661239624,6.5155463218688965,xgboost,LORETO
2016-06-20,5.344955184606533,4.469257831573486,4.166504383087158,5.038327693939209,xgboost,LORETO
2016-06-27,5.105117451963933,5.186794757843018,4.726874828338623,5.599123477935791,xgboost,LORETO
2016-07-04,5.310692651371876,5.094351768493652,4.672893047332764,5.583220958709717,xgboost,LORETO
2016-07-11,4.454129320505445,5.538807392120361,5.236845016479492,5.896378993988037,xgboost,LORETO
2016-07-18,3.8374037222816146,4.682406902313232,4.322644233703613,5.061141014099121,xgboost,LORETO
2016-07-25,3.049365457884498,3.4442403316497803,3.2226428985595703,3.7744712829589844,xgboost,LORETO
2016-08-01,3.1864155908231275,3.031252384185791,2.6539957523345947,3.3196282386779785,xgboost,LORETO
2016-08-08,3.049365457884498,2.9800589084625244,2.764651298522949,3.1637868881225586,xgboost,LORETO
2016-08-15,2.9465778581805266,3.1873321533203125,2.975100040435791,3.440887212753296,xgboost,LORETO
2016-08-22,2.5354274593646395,3.240051746368408,2.9400057792663574,3.463338613510132,xgboost,LORETO
2016-08-29,2.741002658772583,2.9370779991149902,2.7130520343780518,3.2202141284942627,xgboost,LORETO
2016-09-05,2.9123153249458693,3.444679021835327,3.148599624633789,3.827709674835205,xgboost,LORETO
2016-09-12,3.0151029246498413,3.2112162113189697,2.9582436084747314,3.513916492462158,xgboost,LORETO
2016-09-19,2.775265192007241,3.0819900035858154,2.9164974689483643,3.229813575744629,xgboost,LORETO
2016-09-26,3.1864155908231275,2.8456501960754395,2.5834574699401855,3.033104658126831,xgboost,LORETO
2016-10-03,3.700353589342986,3.272118330001831,3.1116557121276855,3.4223814010620117,xgboost,LORETO
2016-10-10,3.0493654578844986,3.5519983768463135,3.306697130203247,3.8185982704162598,xgboost,LORETO
2016-10-17,2.295589726722039,3.067258596420288,2.9219512939453125,3.227895736694336,xgboost,LORETO
2016-10-24,2.124277060548753,2.761096477508545,2.495617389678955,3.0150511264801025,xgboost,LORETO
2016-10-31,2.3298522599566964,3.0030930042266846,2.6049880981445312,3.3683056831359863,xgboost,LORETO
2016-11-07,2.2613271934873818,3.143890857696533,2.679494857788086,3.513972520828247,xgboost,LORETO
2016-11-14,1.9529643943754664,2.8597412109375,2.392091989517212,3.3056116104125977,xgboost,LORETO
2016-11-21,1.9529643943754669,2.867234230041504,2.4765961170196533,3.3214499950408936,xgboost,LORETO
2016-11-28,1.6446015952635518,2.869554042816162,2.4665136337280273,3.2821311950683594,xgboost,LORETO
2016-12-05,1.6446015952635518,2.7396914958953857,2.3253064155578613,3.20184326171875,xgboost,LORETO
2016-12-12,1.3362387961516367,1.9069398641586304,1.6952301263809204,2.1212265491485596,xgboost,LORETO
2016-12-19,1.3362387961516362,2.129040002822876,1.6834897994995117,2.579108476638794,xgboost,LORETO
2016-12-26,1.3362387961516362,2.1081278324127197,1.775844693183899,2.505930185317993,xgboost,LORETO
2017-01-02,1.9790462560971245,2.2367045879364014,1.7360055446624756,2.749074935913086,xgboost,LORETO
2017-01-09,2.6535991195809623,2.2697336673736572,1.812440276145935,2.819283962249756,xgboost,LORETO
2017-01-16,3.258997634171409,3.0963737964630127,2.527785301208496,3.5836024284362793,xgboost,LORETO
2017-01-23,3.870059690578547,3.361907482147217,2.9435863494873047,3.816638708114624,xgboost,LORETO
2017-01-30,3.462684986307122,3.50469970703125,2.9827985763549805,3.9977056980133057,xgboost,LORETO
2017-02-06,2.749779253832127,3.1883533000946045,3.031825065612793,3.5256617069244385,xgboost,LORETO
2017-02-13,2.0029256293345132,2.947434425354004,2.617237091064453,3.318838119506836,xgboost,LORETO
2017-02-20,1.901081953266657,2.624805212020874,2.2837817668914795,2.84578537940979,xgboost,LORETO
2017-02-27,2.1047693054023697,2.4319379329681396,2.096958875656128,2.934586763381958,xgboost,LORETO
2017-03-06,1.7652903851761819,2.4409546852111816,2.1023292541503906,2.7503364086151123,xgboost,LORETO
2017-03-13,1.7652903851761819,1.9911220073699951,1.7244623899459839,2.2575578689575195,xgboost,LORETO
2017-03-20,1.6634467091083254,1.9924976825714111,1.7183234691619873,2.2792181968688965,xgboost,LORETO
2017-03-27,2.036873521357132,1.9906461238861084,1.697383165359497,2.2842965126037598,xgboost,LORETO
2017-04-03,2.3424045495607015,2.026625156402588,1.8183883428573608,2.2845804691314697,xgboost,LORETO
2017-04-10,3.123206066080934,2.5455005168914795,2.1678409576416016,3.045849323272705,xgboost,LORETO
2017-04-17,4.549017531030923,3.349452018737793,3.0933470726013184,3.5821571350097656,xgboost,LORETO
2017-04-24,5.601402183732106,4.4469218254089355,4.112122058868408,5.075475215911865,xgboost,LORETO
2017-05-01,5.397714831596393,5.5944085121154785,4.987256050109863,6.026371002197266,xgboost,LORETO
2017-05-08,4.820600667211874,5.369025707244873,4.93331241607666,5.789559364318848,xgboost,LORETO
2017-05-15,5.49955850766425,4.621338844299316,4.163941383361816,5.095102310180664,xgboost,LORETO
2017-05-22,6.246412132161864,5.684028148651123,5.3400774002075195,6.165224075317383,xgboost,LORETO
2017-05-29,6.484047376320195,6.179703712463379,5.649247646331787,6.714253902435303,xgboost,LORETO
2017-06-05,5.19402747946068,6.077883720397949,5.516870021820068,6.693929195404053,xgboost,LORETO
2017-06-12,4.515069639008305,4.911864757537842,4.481852054595947,5.372655391693115,xgboost,LORETO
2017-06-19,3.7342681224880727,4.744979381561279,4.3193464279174805,5.280416011810303,xgboost,LORETO
2017-06-26,3.089258174058315,3.476029872894287,3.1140706539154053,3.7550129890441895,xgboost,LORETO
2017-07-03,2.546091901696414,3.134840250015259,2.933029890060425,3.3460233211517334,xgboost,LORETO
2017-07-10,2.410300333605939,2.569516658782959,2.4470770359039307,2.7513070106506348,xgboost,LORETO
2017-07-17,2.5460919016964145,2.783673048019409,2.5227396488189697,3.008845567703247,xgboost,LORETO
2017-07-24,2.95346660596784,2.8371973037719727,2.5514557361602783,3.125454902648926,xgboost,LORETO
2017-07-31,2.8855708219226024,3.1456058025360107,2.903285026550293,3.451841354370117,xgboost,LORETO
2017-08-07,2.783727145854746,2.9805409908294678,2.7541658878326416,3.196300745010376,xgboost,LORETO
2017-08-14,2.0029256293345132,2.996345043182373,2.7705633640289307,3.268317222595215,xgboost,LORETO
2017-08-21,1.9010819532666572,2.392916440963745,1.9239733219146729,2.901333808898926,xgboost,LORETO
2017-08-28,1.7992382771988007,2.1011054515838623,1.754190444946289,2.432506561279297,xgboost,LORETO
2017-09-04,1.9010819532666572,1.9931284189224243,1.7236131429672241,2.2140181064605713,xgboost,LORETO
2017-09-11,1.6634467091083254,1.8823081254959106,1.6490797996520996,2.1926615238189697,xgboost,LORETO
2017-09-18,1.9689777373118946,1.7905410528182983,1.5941892862319946,1.987029790878296,xgboost,LORETO
2017-09-25,2.546091901696414,2.005247116088867,1.6956191062927246,2.3049581050872803,xgboost,LORETO
2017-10-02,2.783727145854746,2.686377763748169,2.4706735610961914,2.9568045139312744,xgboost,LORETO
2017-10-09,2.6479355777642706,3.187567710876465,2.8354625701904297,3.464179277420044,xgboost,LORETO
2017-10-16,2.274508765515464,2.733429193496704,2.4859092235565186,3.036452293395996,xgboost,LORETO
2017-10-23,2.0029256293345132,2.417501211166382,2.1696860790252686,2.7666738033294678,xgboost,LORETO
2017-10-30,1.52765514101785,2.1449668407440186,1.9185798168182373,2.3810110092163086,xgboost,LORETO
2017-11-06,1.7652903851761819,1.7511470317840576,1.5746123790740967,1.9449173212051392,xgboost,LORETO
2017-11-13,1.9689777373118946,1.8169894218444824,1.5871460437774658,2.1120948791503906,xgboost,LORETO
2017-11-20,2.9874144979904584,1.7937880754470825,1.622904658317566,2.079207420349121,xgboost,LORETO
2017-11-27,2.8855708219226024,2.9476161003112793,2.608860492706299,3.3274903297424316,xgboost,LORETO
2017-12-04,3.123206066080934,2.435969352722168,2.1634953022003174,2.7605388164520264,xgboost,LORETO
2017-12-11,2.95346660596784,3.032227039337158,2.77730393409729,3.3117501735687256,xgboost,LORETO
2017-12-18,2.749779253832127,2.6772711277008057,2.2949697971343994,3.1050198078155518,xgboost,LORETO
2017-12-25,2.274508765515464,2.496612071990967,2.0281431674957275,2.838179111480713,xgboost,LORETO
2018-01-01,1.3189580186897576,2.494643449783325,2.1820757389068604,2.8634495735168457,xgboost,LORETO
2018-01-08,1.141703903288094,2.0294902324676514,1.7732882499694824,2.2635836601257324,xgboost,LORETO
2018-01-15,1.3661885006914287,2.1855759620666504,1.754166841506958,2.4987552165985107,xgboost,LORETO
2018-01-22,1.8326918911714276,2.1561224460601807,1.722805380821228,2.413141965866089,xgboost,LORETO
2018-01-29,2.099265257159998,2.2645156383514404,1.8769663572311401,2.6339004039764404,xgboost,LORETO
2018-02-05,2.4324819646457114,2.519092321395874,2.208678722381592,2.8485279083251953,xgboost,LORETO
2018-02-12,2.5990903183885687,2.8415846824645996,2.5306756496429443,3.178340435028076,xgboost,LORETO
2018-02-19,2.5990903183885683,2.8295631408691406,2.525695323944092,3.1894798278808594,xgboost,LORETO
2018-02-26,2.2991952816514263,2.9534099102020264,2.6816251277923584,3.269406795501709,xgboost,LORETO
2018-03-05,2.1659085986571402,2.124415636062622,1.7965599298477173,2.412794828414917,xgboost,LORETO
2018-03-12,2.39916029389714,2.1263585090637207,1.8493633270263672,2.4288687705993652,xgboost,LORETO
2018-03-19,2.7656986721314247,2.4667446613311768,2.164132595062256,2.7206132411956787,xgboost,LORETO
2018-03-26,3.098915379617138,2.77567982673645,2.4510140419006348,3.1207265853881836,xgboost,LORETO
2018-04-02,3.63206211159428,3.1397995948791504,2.9380648136138916,3.463427782058716,xgboost,LORETO
2018-04-09,3.8319921360857077,3.6101622581481934,3.350353240966797,3.8823835849761963,xgboost,LORETO
2018-04-16,4.331817197314277,3.5636305809020996,3.291990041732788,3.8491594791412354,xgboost,LORETO
2018-04-23,4.598390563302847,4.819305896759033,4.406523704528809,5.196054935455322,xgboost,LORETO
2018-04-30,5.231502307525704,4.860263347625732,4.410680770874023,5.23077392578125,xgboost,LORETO
2018-05-07,5.86461405174856,5.173599720001221,4.8325419425964355,5.55982780456543,xgboost,LORETO
2018-05-14,6.597690808217128,5.8851470947265625,5.573862552642822,6.156680107116699,xgboost,LORETO
2018-05-21,8.43038269938855,6.562769889831543,5.918095111846924,7.281380653381348,xgboost,LORETO
2018-05-28,8.463704370137123,8.886112213134766,7.116120338439941,9.941697120666504,xgboost,LORETO
2018-06-04,8.796921077622835,9.106295585632324,7.577124118804932,10.01814079284668,xgboost,LORETO
2018-06-11,8.497026040885693,8.923234939575195,7.7141618728637695,9.909354209899902,xgboost,LORETO
2018-06-18,9.963179553822831,8.39306926727295,7.360018253326416,9.203316688537598,xgboost,LORETO
2018-06-25,9.829892870828546,8.585931777954102,7.707889556884766,9.565723419189453,xgboost,LORETO
2018-07-02,7.9638793089085524,8.346386909484863,7.330585956573486,9.109603881835938,xgboost,LORETO
2018-07-09,6.531047466719985,7.765252590179443,6.595547676086426,8.936786651611328,xgboost,LORETO
2018-07-16,5.8312923809999875,5.985328674316406,5.330848693847656,7.203225612640381,xgboost,LORETO
2018-07-23,5.964579063994272,5.5395731925964355,4.986130237579346,6.002814292907715,xgboost,LORETO
2018-07-30,4.9982506122857036,5.754140377044678,5.28077507019043,6.419845104217529,xgboost,LORETO
2018-08-06,4.565068892554276,4.286821365356445,3.7123165130615234,5.004784107208252,xgboost,LORETO
2018-08-13,4.131887172822849,3.9939024448394775,3.5641162395477295,4.571781158447266,xgboost,LORETO
2018-08-20,3.9986004898285636,3.64188551902771,3.2331390380859375,4.038872241973877,xgboost,LORETO
2018-08-27,3.732027123839993,3.3562252521514893,2.9590659141540527,3.9605259895324707,xgboost,LORETO
2018-09-03,4.0319221605771345,3.18204402923584,2.9232163429260254,3.466836929321289,xgboost,LORETO
2018-09-10,3.9652788190799924,3.5651471614837646,3.166140556335449,3.9280824661254883,xgboost,LORETO
2018-09-17,3.732027123839993,3.889615535736084,3.6684722900390625,4.068941116333008,xgboost,LORETO
2018-09-24,3.0989153796171376,3.5127909183502197,3.1985678672790527,3.8766303062438965,xgboost,LORETO
2018-10-01,2.6990553306342817,2.896261692047119,2.658738136291504,3.2320802211761475,xgboost,LORETO
2018-10-08,2.1659085986571402,2.6736197471618652,2.4350099563598633,2.9029831886291504,xgboost,LORETO
2018-10-15,2.0992652571599977,2.2138755321502686,2.0246715545654297,2.382230281829834,xgboost,LORETO
2018-10-22,2.4658036353942823,2.2338130474090576,1.953420877456665,2.4655654430389404,xgboost,LORETO
2018-10-29,2.6990553306342817,2.718580484390259,2.5347344875335693,2.9837493896484375,xgboost,LORETO
2018-11-05,3.6320621115942786,2.917203664779663,2.642878532409668,3.2036314010620117,xgboost,LORETO
2018-11-12,3.9986004898285636,3.6992909908294678,3.30979323387146,4.039987564086914,xgboost,LORETO
2018-11-19,5.13153729527999,3.7984695434570312,3.4080851078033447,4.105196475982666,xgboost,LORETO
2018-11-26,4.964928941537132,4.46113395690918,3.952744483947754,4.934255123138428,xgboost,LORETO
2018-12-03,4.731677246297132,4.470765113830566,4.080168724060059,4.925967216491699,xgboost,LORETO
2018-12-10,4.331817197314277,4.3783040046691895,3.676581382751465,4.818876266479492,xgboost,LORETO
2018-12-17,3.532097099348565,3.682298421859741,3.1387784481048584,4.2645955085754395,xgboost,LORETO
2018-12-24,3.6653837823428503,2.9798357486724854,2.5997281074523926,3.4485630989074707,xgboost,LORETO
2018-12-31,3.6320621115942786,3.038160562515259,2.7389941215515137,3.4279122352600098,xgboost,LORETO
2019-01-07,4.637228953491377,3.266991138458252,2.754497528076172,3.570662498474121,xgboost,LORETO
2019-01-14,5.208238463330429,4.383298397064209,3.9165194034576416,4.742040634155273,xgboost,LORETO
2019-01-21,4.826578094033565,5.021742820739746,4.473738670349121,5.413180828094482,xgboost,LORETO
2019-01-28,3.874396021060958,4.693800926208496,4.2163286209106445,5.137275695800781,xgboost,LORETO
2019-02-04,3.1192171355999245,3.5693628787994385,3.2184195518493652,3.926433563232422,xgboost,LORETO
2019-02-11,3.3490541876967606,3.0891547203063965,2.7368061542510986,3.501465320587158,xgboost,LORETO
2019-02-18,3.5132235106230723,3.377812385559082,3.1134698390960693,3.626152753829956,xgboost,LORETO
2019-02-25,3.546057375208335,3.3411455154418945,3.006256580352783,3.607792615890503,xgboost,LORETO
2019-03-04,3.546057375208335,3.596480131149292,3.335914373397827,3.876919984817505,xgboost,LORETO
2019-03-11,3.6445589689641213,3.579744577407837,3.2906863689422607,3.9403045177459717,xgboost,LORETO
2019-03-18,3.6773928335493835,3.605983018875122,3.289584159851074,3.9538309574127197,xgboost,LORETO
2019-03-25,3.8415621564756957,3.769012451171875,3.4329941272735596,4.152000904083252,xgboost,LORETO
2019-04-01,3.940063750231482,3.762387990951538,3.5494425296783447,3.916093587875366,xgboost,LORETO
2019-04-08,4.005731479402007,4.179174900054932,3.8777661323547363,4.560110092163086,xgboost,LORETO
2019-04-15,4.071399208572532,4.44990348815918,4.042541980743408,4.788866996765137,xgboost,LORETO
2019-04-22,4.071399208572533,4.4581804275512695,4.103938102722168,4.762120723724365,xgboost,LORETO
2019-04-29,3.940063750231483,4.218514919281006,3.9537672996520996,4.535728454589844,xgboost,LORETO
2019-05-06,3.9072298856462204,4.052021026611328,3.6589391231536865,4.365233421325684,xgboost,LORETO
2019-05-13,3.7758944273051713,3.858128309249878,3.4409937858581543,4.212492942810059,xgboost,LORETO
2019-05-20,4.169900802328319,3.8760602474212646,3.472283363342285,4.167430877685547,xgboost,LORETO
2019-05-27,4.498239448180942,4.472531318664551,4.079065322875977,4.937937259674072,xgboost,LORETO
2019-06-03,5.351919927397763,4.401080131530762,4.124892234802246,4.710508823394775,xgboost,LORETO
2019-06-10,5.778760167006173,5.342787742614746,5.013642311096191,5.826045513153076,xgboost,LORETO
2019-06-17,5.975763354517746,5.44927453994751,5.045841217041016,5.9744553565979,xgboost,LORETO
2019-06-24,5.483255385738812,5.755136966705322,5.436185359954834,6.178268909454346,xgboost,LORETO
2019-07-01,5.647424708665123,5.449368000030518,4.935475826263428,6.2834858894348145,xgboost,LORETO
2019-07-08,6.074264948273534,5.545655250549316,5.031622409820557,6.258308410644531,xgboost,LORETO
2019-07-15,5.942929489932484,5.683737754821777,5.086590766906738,6.350482940673828,xgboost,LORETO
2019-07-22,5.056415146130401,5.665186882019043,5.246387481689453,5.988238334655762,xgboost,LORETO
2019-07-29,4.268402396084106,4.762130260467529,4.46126651763916,5.030003070831299,xgboost,LORETO
2019-08-05,4.104233073157794,4.275207042694092,3.955277442932129,4.6030120849609375,xgboost,LORETO
2019-08-12,4.859411958618828,4.06027364730835,3.790802478790283,4.318246364593506,xgboost,LORETO
2019-08-19,4.531073312766204,4.50395393371582,4.19723653793335,5.046926021575928,xgboost,LORETO
2019-08-26,4.46540558359568,4.170914649963379,3.9105284214019775,4.463641166687012,xgboost,LORETO
2019-09-02,3.644558968964122,4.046171188354492,3.855788230895996,4.3066606521606445,xgboost,LORETO
2019-09-09,2.955047812673613,3.2608914375305176,2.976361036300659,3.6148488521575928,xgboost,LORETO
2019-09-16,2.6595430314062525,2.702465772628784,2.541020393371582,2.858585834503174,xgboost,LORETO
2019-09-23,2.2655366563831048,2.6489644050598145,2.4306252002716064,2.9177026748657227,xgboost,LORETO
2019-09-30,2.6595430314062525,2.327423095703125,2.086930274963379,2.497655153274536,xgboost,LORETO
2019-10-07,2.462539843894678,3.0456271171569824,2.579613208770752,3.6100218296051025,xgboost,LORETO
2019-10-14,2.561041437650465,2.5380773544311523,2.3851490020751953,2.7084109783172607,xgboost,LORETO
2019-10-21,2.725210760576777,2.635686159133911,2.4717748165130615,2.8135223388671875,xgboost,LORETO
2019-10-28,3.3162203231114984,2.9549636840820312,2.569099187850952,3.2054593563079834,xgboost,LORETO
2019-11-04,3.3162203231114984,3.348440408706665,3.1300137042999268,3.5819859504699707,xgboost,LORETO
2019-11-11,3.119217135599925,3.1506333351135254,2.9961984157562256,3.303203821182251,xgboost,LORETO
2019-11-18,2.6595430314062525,3.1450226306915283,2.8795597553253174,3.39652681350708,xgboost,LORETO
2019-11-25,2.3968721147241534,2.7739686965942383,2.4530749320983887,3.0307767391204834,xgboost,LORETO
2019-12-02,2.0685334688715304,2.5424115657806396,2.268961191177368,2.801809072494507,xgboost,LORETO
2019-12-09,2.035699604286268,2.10941743850708,1.891318678855896,2.278590202331543,xgboost,LORETO
2019-12-16,2.5938753022357273,1.9604260921478271,1.4690760374069214,2.270878553390503,xgboost,LORETO
2019-12-23,2.4953737084799403,2.483325719833374,2.0746867656707764,2.7951152324676514,xgboost,LORETO
2019-12-30,2.3968721147241534,2.5314228534698486,1.942309856414795,2.9836742877960205,xgboost,LORETO
2020-01-06,2.0578812410160747,2.5131614208221436,2.123121500015259,2.8814640045166016,xgboost,LORETO
2020-01-13,2.862552250385645,2.1742653846740723,1.936389446258545,2.408773422241211,xgboost,LORETO
2020-01-20,3.081737074627025,3.0704054832458496,2.699772834777832,3.5620615482330322,xgboost,LORETO
2020-01-27,3.276373100392942,2.957690715789795,2.7418372631073,3.2344307899475098,xgboost,LORETO
2020-02-03,3.1141764122546776,3.374783515930176,3.1275858879089355,3.591942071914673,xgboost,LORETO
2020-02-10,3.4385697885312063,3.0100491046905518,2.7666938304901123,3.2090437412261963,xgboost,LORETO
2020-02-17,3.5683271390418176,3.4809107780456543,3.1745898723602295,3.722216844558716,xgboost,LORETO
2020-02-24,3.5358878014141646,3.587367296218872,3.402217388153076,3.779578924179077,xgboost,LORETO
2020-03-02,3.3736911132759,3.5696117877960205,3.4346418380737305,3.760328769683838,xgboost,LORETO
2020-03-09,2.887101048861108,3.4228522777557373,3.2396836280822754,3.6219284534454346,xgboost,LORETO
2020-03-16,2.562707672584579,2.8689732551574707,2.6678919792175293,3.0548665523529053,xgboost,LORETO
2020-03-23,2.530268334956926,2.6324493885040283,2.435868740081787,2.7775719165802,xgboost,LORETO
2020-03-30,2.140996283425092,2.6554908752441406,2.5182862281799316,2.867328405380249,xgboost,LORETO
2020-04-06,1.7192848942656054,2.378939390182495,2.1981663703918457,2.567661762237549,xgboost,LORETO
2020-04-13,1.1029374793402011,1.9823271036148071,1.8197987079620361,2.157036066055298,xgboost,LORETO
2020-04-20,1.1029374793402011,1.7883518934249878,1.5877388715744019,2.075881004333496,xgboost,LORETO
2020-04-27,0.9407407912019368,1.3947209119796753,1.1579105854034424,1.7747726440429688,xgboost,LORETO
2020-05-04,0.7461047654360197,1.4431538581848145,1.243964433670044,1.7728297710418701,xgboost,LORETO
2020-05-11,0.681226090180714,1.5317209959030151,1.2916723489761353,1.8339658975601196,xgboost,LORETO
2020-05-18,0.7136654278083668,1.4322924613952637,1.2173337936401367,1.8054980039596558,xgboost,LORETO
2020-05-25,0.7136654278083668,0.8460829854011536,0.7624937295913696,1.0056025981903076,xgboost,LORETO
2020-06-01,0.7461047654360197,0.8709219694137573,0.6730931997299194,1.0548030138015747,xgboost,LORETO
2020-06-08,0.7461047654360197,1.0384783744812012,0.7409588694572449,1.3422983884811401,xgboost,LORETO
2020-06-15,0.908301453574284,1.0792962312698364,0.7970845103263855,1.353177785873413,xgboost,LORETO
2020-06-22,0.8434227783189782,0.8242362141609192,0.6600415110588074,0.9429668188095093,xgboost,LORETO
2020-06-29,0.8434227783189782,0.8823180794715881,0.7499649524688721,1.0384178161621094,xgboost,LORETO
2020-07-06,0.8434227783189782,0.9147661924362183,0.7240376472473145,1.0577454566955566,xgboost,LORETO
2020-07-13,1.2651341674784653,0.9134404063224792,0.7355749011039734,1.0795079469680786,xgboost,LORETO
2020-07-20,1.3624521803614238,1.1949636936187744,0.9639593958854675,1.4875813722610474,xgboost,LORETO
2020-07-27,1.4597701932443823,1.4408280849456787,1.1209560632705688,1.7550768852233887,xgboost,LORETO
2020-08-03,1.4597701932443823,1.4894472360610962,1.1854199171066284,1.8147543668746948,xgboost,LORETO
2020-08-10,1.9139209200315221,1.464252233505249,1.1935737133026123,1.7472676038742065,xgboost,LORETO
2020-08-17,2.335632309191009,1.892350673675537,1.6711357831954956,2.1033174991607666,xgboost,LORETO
2020-08-24,2.108556945797439,2.4538815021514893,2.1058249473571777,2.7338905334472656,xgboost,LORETO
2020-08-31,2.043678270542134,2.2238152027130127,2.0008718967437744,2.420170545578003,xgboost,LORETO
2020-09-07,1.719284894265605,2.3101398944854736,2.130176544189453,2.4892354011535645,xgboost,LORETO
2020-09-14,1.6868455566379523,1.8311799764633179,1.531461477279663,2.0586228370666504,xgboost,LORETO
2020-09-21,1.330012842733771,1.89239501953125,1.6420629024505615,2.064769983291626,xgboost,LORETO
2020-09-28,1.5895275437549936,1.6735210418701172,1.4703279733657837,1.8960939645767212,xgboost,LORETO
2020-10-05,1.946360257659175,1.7095211744308472,1.5284783840179443,1.9429274797439575,xgboost,LORETO
2020-10-12,1.9787995952868276,2.154942512512207,1.9052706956863403,2.376620292663574,xgboost,LORETO
2020-10-19,1.6868455566379523,2.256840467453003,2.038315534591675,2.46286940574646,xgboost,LORETO
2020-10-26,1.4922095308720351,1.803598403930664,1.671355962753296,1.9523755311965942,xgboost,LORETO
2020-11-02,1.2975735051061181,1.7959263324737549,1.6458535194396973,1.9711512327194214,xgboost,LORETO
2020-11-09,0.9731801288295897,1.4035580158233643,1.174074411392212,1.6522140502929688,xgboost,LORETO
2020-11-16,0.8109834406913254,1.275246024131775,1.06141996383667,1.4900099039077759,xgboost,LORETO
2020-11-23,0.908301453574284,1.179692029953003,0.9402387738227844,1.3619637489318848,xgboost,LORETO
2020-11-30,1.0704981417125483,1.2256418466567993,0.9942585229873657,1.4391270875930786,xgboost,LORETO
2020-12-07,1.135376816967854,1.162248134613037,1.0012485980987549,1.4385533332824707,xgboost,LORETO
2020-12-14,1.3624521803614238,1.1765999794006348,1.0114408731460571,1.33297598361969,xgboost,LORETO
2020-12-21,1.2651341674784653,1.4220551252365112,1.299415111541748,1.5531928539276123,xgboost,LORETO
2020-12-28,1.167816154595507,1.1971065998077393,1.0385369062423706,1.3553777933120728,xgboost,LORETO
2021-01-04,1.966324031401873,1.3561488389968872,1.1632047891616821,1.5426524877548218,xgboost,LORETO
2021-01-11,2.671078342149553,2.443763017654419,2.183868885040283,2.6327602863311768,xgboost,LORETO
2021-01-18,3.1178031380527913,2.9781036376953125,2.676182985305786,3.2287161350250244,xgboost,LORETO
2021-01-25,2.4749571302068563,3.534919261932373,3.165900230407715,3.8503739833831787,xgboost,LORETO
2021-02-01,1.896395723145514,2.34576416015625,2.0499649047851562,2.5604002475738525,xgboost,LORETO
2021-02-08,1.6071150196148427,1.8808786869049072,1.6261295080184937,2.1204352378845215,xgboost,LORETO
2021-02-15,1.3499766164764686,1.6626741886138916,1.4655168056488037,1.8329601287841797,xgboost,LORETO
2021-02-22,1.542830418830249,1.655463695526123,1.4677678346633911,1.7962825298309326,xgboost,LORETO
2021-03-01,1.4142612172610622,1.662941336631775,1.5129480361938477,1.7658429145812988,xgboost,LORETO
2021-03-08,1.2856920156918752,1.6452292203903198,1.4662582874298096,1.7932651042938232,xgboost,LORETO
2021-03-15,0.867842110592017,1.5388046503067017,1.395341157913208,1.6751909255981445,xgboost,LORETO
2021-03-22,0.7071306086305332,1.1931782960891724,1.0458893775939941,1.334981918334961,xgboost,LORETO
2021-03-29,0.6107037074536429,0.9713666439056396,0.8232372999191284,1.1972583532333374,xgboost,LORETO
2021-04-05,0.7714152094151268,1.0162338018417358,0.8914061784744263,1.218705177307129,xgboost,LORETO
2021-04-12,0.9964113121612043,1.085960030555725,0.8565969467163086,1.3642685413360596,xgboost,LORETO
2021-04-19,1.2214074149072818,1.1371592283248901,0.8957945108413696,1.3922276496887207,xgboost,LORETO
2021-04-26,1.2214074149072818,1.323900580406189,1.2001895904541016,1.4435209035873413,xgboost,LORETO
2021-05-03,0.9964113121612043,1.3710811138153076,1.2182142734527588,1.566260814666748,xgboost,LORETO
2021-05-10,0.899984410984314,1.1864174604415894,1.0033832788467407,1.4154913425445557,xgboost,LORETO
2021-05-17,1.2214074149072818,1.0588771104812622,0.9383950233459473,1.199849247932434,xgboost,LORETO
2021-05-24,1.9606803239301076,1.2152647972106934,1.0163240432739258,1.4271396398544312,xgboost,LORETO
2021-05-31,2.2178187270684817,2.1359007358551025,1.9154176712036133,2.340040922164917,xgboost,LORETO
2021-06-07,2.410672529422263,2.245858669281006,1.9184420108795166,2.5189216136932373,xgboost,LORETO
2021-06-14,2.0571072251069977,2.4069161415100098,2.175640821456909,2.719043731689453,xgboost,LORETO
2021-06-21,1.8321111223609206,2.1139118671417236,1.915678858757019,2.3405354022979736,xgboost,LORETO
2021-06-28,1.6713996203994366,1.8665118217468262,1.6805614233016968,2.0589711666107178,xgboost,LORETO
2021-07-05,1.9285380235378107,1.7179293632507324,1.4718542098999023,2.0049688816070557,xgboost,LORETO
2021-07-12,1.6713996203994366,2.0637011528015137,1.782145619392395,2.2392821311950684,xgboost,LORETO
2021-07-19,1.864253422753217,1.7961589097976685,1.5979094505310059,2.0459797382354736,xgboost,LORETO
2021-07-26,1.6392573200071396,1.928907036781311,1.708863377571106,2.2149813175201416,xgboost,LORETO
2021-08-02,2.3785302290299657,1.7424393892288208,1.5118412971496582,1.9460272789001465,xgboost,LORETO
2021-08-09,2.0249649247147015,2.4174492359161377,2.132326364517212,2.6603682041168213,xgboost,LORETO
2021-08-16,1.7678265215763267,2.114326000213623,1.9113385677337646,2.3353843688964844,xgboost,LORETO
2021-08-23,1.6392573200071396,1.7856428623199463,1.7001173496246338,1.9149612188339233,xgboost,LORETO
2021-08-30,1.7035419207917333,1.8004138469696045,1.648615837097168,1.9775428771972656,xgboost,LORETO
2021-09-06,1.6392573200071396,1.906866192817688,1.682572841644287,2.140094518661499,xgboost,LORETO
2021-09-13,1.7678265215763267,1.8345019817352295,1.5632284879684448,2.0636942386627197,xgboost,LORETO
2021-09-20,1.7999688219686236,1.8678247928619385,1.6898785829544067,2.06530499458313,xgboost,LORETO
2021-09-27,1.8642534227532173,1.9040381908416748,1.6949552297592163,2.150787115097046,xgboost,LORETO
2021-10-04,1.4464035176533592,2.0229098796844482,1.767297387123108,2.2587785720825195,xgboost,LORETO
2021-10-11,1.2856920156918752,1.639444351196289,1.482348084449768,1.8290205001831055,xgboost,LORETO
2021-10-18,1.5749727192225462,1.4692636728286743,1.2468187808990479,1.7476694583892822,xgboost,LORETO
2021-10-25,1.7678265215763271,1.7888891696929932,1.538013219833374,2.0441951751708984,xgboost,LORETO
2021-11-01,2.057107225106998,1.7730036973953247,1.5970734357833862,1.9587836265563965,xgboost,LORETO
2021-11-08,1.864253422753217,2.3661510944366455,2.0363285541534424,2.6457009315490723,xgboost,LORETO
2021-11-15,2.0892495254992944,1.8940246105194092,1.712869644165039,2.0671377182006836,xgboost,LORETO
2021-11-22,2.2178187270684817,2.419382333755493,2.028207302093506,2.7230818271636963,xgboost,LORETO
2021-11-29,2.6678109325606365,2.360339641571045,2.1446878910064697,2.63531231880188,xgboost,LORETO
2021-12-06,2.603526331776043,2.753833055496216,2.463862419128418,3.0902185440063477,xgboost,LORETO
2021-12-13,2.5392417309914497,2.524519443511963,2.366565227508545,2.7242722511291504,xgboost,LORETO
2021-12-20,2.764237833737527,2.536635160446167,2.3655683994293213,2.7639987468719482,xgboost,LORETO
2021-12-27,3.9535029482525075,2.6917800903320312,2.3914449214935303,3.042581081390381,xgboost,LORETO
2022-01-03,5.765865802172864,3.8786139488220215,3.5606396198272705,4.241580486297607,xgboost,LORETO
2022-01-10,6.171914912716777,5.183804512023926,4.669332027435303,5.653021335601807,xgboost,LORETO
2022-01-17,5.837968616611992,5.389729976654053,4.789783477783203,5.954978942871094,xgboost,LORETO
2022-01-24,4.210993756244716,5.4234089851379395,4.91220760345459,5.792198181152344,xgboost,LORETO
2022-01-31,3.764373206339974,4.191044330596924,3.7444159984588623,4.690532207489014,xgboost,LORETO
2022-02-07,3.6367673349386194,3.7673304080963135,3.3879454135894775,4.27890682220459,xgboost,LORETO
2022-02-14,3.349654124285571,3.7393836975097656,3.4014625549316406,4.073962688446045,xgboost,LORETO
2022-02-21,3.1582453171835385,3.417271375656128,3.181262493133545,3.793360471725464,xgboost,LORETO
2022-02-28,2.9030335743808284,3.182570457458496,2.9499969482421875,3.4128522872924805,xgboost,LORETO
2022-03-07,3.285851188584894,2.738492727279663,2.567704916000366,2.9476230144500732,xgboost,LORETO
2022-03-14,4.083387884843361,3.2866971492767334,2.973628044128418,3.649587631225586,xgboost,LORETO
2022-03-21,3.732471738489636,4.463873863220215,3.9902188777923584,4.853061199188232,xgboost,LORETO
2022-03-28,3.891979077741329,3.814227342605591,3.4324791431427,4.355438232421875,xgboost,LORETO
2022-04-04,4.051486416993023,4.002652168273926,3.648946523666382,4.453977584838867,xgboost,LORETO
2022-04-11,4.466205499047427,4.0795392990112305,3.854410171508789,4.403569221496582,xgboost,LORETO
2022-04-18,5.168037791754878,4.424478054046631,4.073062419891357,4.806667327880859,xgboost,LORETO
2022-04-25,4.721417241850136,4.885702610015869,4.497440814971924,5.14502477645874,xgboost,LORETO
2022-05-02,4.753318709700475,4.663310527801514,4.228118419647217,5.108393669128418,xgboost,LORETO
2022-05-09,4.306698159795733,4.6966633796691895,4.248605728149414,5.038567543029785,xgboost,LORETO
2022-05-16,5.263742195305895,4.2348198890686035,3.9469645023345947,4.504847049713135,xgboost,LORETO
2022-05-23,5.965574488013348,5.199203014373779,4.776296615600586,5.898895740509033,xgboost,LORETO
2022-05-30,6.220786230816056,5.38771390914917,4.754167079925537,6.19191312789917,xgboost,LORETO
2022-06-06,5.678461277360299,5.333502769470215,4.753655910491943,6.073816299438477,xgboost,LORETO
2022-06-13,5.933673020163009,5.015801906585693,4.515291690826416,5.585547924041748,xgboost,LORETO
2022-06-20,5.869870084462331,5.61555290222168,5.0556864738464355,6.1033124923706055,xgboost,LORETO
2022-06-27,5.550855405958944,5.561987400054932,5.123773574829102,6.117713451385498,xgboost,LORETO
2022-07-04,5.008530452503185,5.5752058029174805,5.049571990966797,6.1876301765441895,xgboost,LORETO
2022-07-11,5.104234856054201,4.83957052230835,4.4942426681518555,5.234105587005615,xgboost,LORETO
2022-07-18,5.13613632390454,5.025087356567383,4.702186107635498,5.201879978179932,xgboost,LORETO
2022-07-25,4.306698159795733,4.888829231262207,4.484465599060059,5.16011381149292,xgboost,LORETO
2022-08-01,3.445358527836587,4.382950782775879,3.86283802986145,4.785233497619629,xgboost,LORETO
2022-08-08,2.87113210653049,3.618689775466919,3.2573351860046387,3.847869634628296,xgboost,LORETO
2022-08-15,2.4883144923264258,2.8328804969787598,2.5909459590911865,3.0844454765319824,xgboost,LORETO
2022-08-22,3.158245317183539,2.4126009941101074,2.2148585319519043,2.6814584732055664,xgboost,LORETO
2022-08-29,3.222048252884216,3.0476291179656982,2.8327884674072266,3.312041997909546,xgboost,LORETO
2022-09-05,3.8919790777413295,3.0376853942871094,2.706019878387451,3.3431875705718994,xgboost,LORETO
2022-09-12,3.349654124285571,3.9160027503967285,3.677274465560913,4.254969596862793,xgboost,LORETO
2022-09-19,2.9030335743808284,3.235753059387207,2.975447654724121,3.459904670715332,xgboost,LORETO
2022-09-26,2.36070862092507,2.822458505630493,2.5883255004882812,3.0889718532562256,xgboost,LORETO
2022-10-03,2.2331027495237152,2.280399799346924,2.0023910999298096,2.552896022796631,xgboost,LORETO
2022-10-10,2.5840188958774415,2.334599256515503,2.1502954959869385,2.6296021938323975,xgboost,LORETO
2022-10-17,2.6797232994284577,2.60499906539917,2.3951973915100098,2.9046084880828857,xgboost,LORETO
2022-10-24,2.4564130244760864,2.760573387145996,2.4811079502105713,3.13494610786438,xgboost,LORETO
2022-10-31,2.009792474571344,2.4601686000823975,2.2678680419921875,2.647679567337036,xgboost,LORETO
2022-11-07,2.169299813823038,2.3518216609954834,2.054405927658081,2.5791196823120117,xgboost,LORETO
2022-11-14,2.201201281673377,2.2822604179382324,2.0630507469177246,2.4955592155456543,xgboost,LORETO
2022-11-21,2.4564130244760864,2.3914525508880615,2.202500820159912,2.6068034172058105,xgboost,LORETO
2022-11-28,2.296905685224393,2.5061182975769043,2.2409629821777344,2.7414145469665527,xgboost,LORETO
2022-12-05,2.743526235129135,2.371074914932251,2.194889783859253,2.580396890640259,xgboost,LORETO
2022-12-12,3.0944423814828608,2.9428093433380127,2.6111021041870117,3.2785987854003906,xgboost,LORETO
2022-12-19,3.4134570599862486,3.123202085494995,2.8663954734802246,3.3928232192993164,xgboost,LORETO
2022-12-26,2.711624767278796,3.26733660697937,2.9390978813171387,3.6276822090148926,xgboost,LORETO
2023-01-02,2.7362350951302012,2.984236240386963,2.4684815406799316,3.4183261394500732,xgboost,LORETO
2023-01-09,2.9827379762675172,3.1497952938079834,2.8641645908355713,3.4074158668518066,xgboost,LORETO
2023-01-16,4.057463831513819,3.169537305831909,2.859079360961914,3.4787776470184326,xgboost,LORETO
2023-01-23,3.8672702144116085,4.42453670501709,3.933847188949585,4.939309597015381,xgboost,LORETO
2023-01-30,3.6770765973093984,3.785139560699463,3.4888532161712646,4.195535182952881,xgboost,LORETO
2023-02-06,3.51858191639089,3.707958459854126,3.4674172401428223,3.9138028621673584,xgboost,LORETO
2023-02-13,4.057463831513818,3.517502546310425,3.3064968585968018,3.7475926876068115,xgboost,LORETO
2023-02-20,4.532947874269343,4.08447790145874,3.8964431285858154,4.421794414520264,xgboost,LORETO
2023-02-27,4.84993723610636,4.733580589294434,4.46082878112793,4.975200653076172,xgboost,LORETO
2023-03-06,4.3110553209834315,4.68660831451416,4.373565673828125,4.912497520446777,xgboost,LORETO
2023-03-13,3.32838829928868,4.164096355438232,3.8120975494384766,4.669404983520508,xgboost,LORETO
2023-03-20,3.233291490737575,3.2185418605804443,2.9732425212860107,3.562171459197998,xgboost,LORETO
2023-03-27,3.8672702144116085,3.131385326385498,2.8395793437957764,3.4069080352783203,xgboost,LORETO
2023-04-03,4.215958512432327,3.656846046447754,3.463106632232666,3.830674886703491,xgboost,LORETO
2023-04-10,4.469550001901941,4.138427257537842,3.8130476474761963,4.490649700164795,xgboost,LORETO
2023-04-17,4.723141491371554,4.555691719055176,4.108430862426758,4.921711444854736,xgboost,LORETO
2023-04-24,6.244690428189235,4.683993816375732,4.545048236846924,4.960386276245117,xgboost,LORETO
2023-05-01,6.466582981475145,5.850701808929443,5.604118347167969,6.116890907287598,xgboost,LORETO
2023-05-08,7.576045747904704,6.067866325378418,5.386336803436279,7.82083797454834,xgboost,LORETO
2023-05-15,9.95346596168233,7.180074691772461,6.0986647605896,8.279952049255371,xgboost,LORETO
2023-05-22,11.665208515602218,9.09378719329834,7.848196029663086,9.866802215576172,xgboost,LORETO
2023-05-29,13.059961707685092,8.386628150939941,7.179078578948975,9.27564525604248,xgboost,LORETO
2023-06-05,11.221423409030395,8.439680099487305,7.129819869995117,9.387125968933105,xgboost,LORETO
2023-06-12,11.633509579418517,8.190153121948242,6.8653178215026855,9.260774612426758,xgboost,LORETO
2023-06-19,10.333853195886748,10.841206550598145,9.048012733459473,11.933464050292969,xgboost,LORETO
2023-06-26,9.731573408396416,10.170055389404297,8.079154014587402,11.425446510314941,xgboost,LORETO
2023-07-03,9.097594684722383,8.541394233703613,7.671575546264648,9.703981399536133,xgboost,LORETO
2023-07-10,10.080261706417135,8.501753807067871,7.2427873611450195,9.684937477111816,xgboost,LORETO
2023-07-17,10.016863834049731,9.776150703430176,9.055521965026855,10.541627883911133,xgboost,LORETO
2023-07-24,8.907401067620173,9.488758087158203,8.67361831665039,10.328292846679688,xgboost,LORETO
2023-07-31,6.942067024230671,9.079912185668945,8.509100914001465,10.01709270477295,xgboost,LORETO
2023-08-07,6.783572343312162,7.927032947540283,6.828551769256592,9.492122650146484,xgboost,LORETO
2023-08-14,6.18129255582183,6.926386833190918,6.1212849617004395,8.006964683532715,xgboost,LORETO
2023-08-21,6.339787236740339,5.890159606933594,5.4561543464660645,6.567734718322754,xgboost,LORETO
2023-08-28,6.434884045291444,5.837606430053711,5.156332015991211,6.3644185066223145,xgboost,LORETO
2023-09-04,6.878669151863267,6.408786296844482,5.414227485656738,6.9538798332214355,xgboost,LORETO
2023-09-11,7.037163832781775,6.653637409210205,6.233066558837891,7.147339344024658,xgboost,LORETO
2023-09-18,6.2763893643729345,6.715204238891602,6.227077960968018,7.036651134490967,xgboost,LORETO
2023-09-25,5.674109576882603,6.204448223114014,5.66847038269043,6.577668190002441,xgboost,LORETO
2023-10-02,4.84993723610636,5.576852798461914,5.146064758300781,6.12056827545166,xgboost,LORETO
2023-10-09,4.3110553209834315,4.338075637817383,4.008297443389893,4.689363479614258,xgboost,LORETO
2023-10-16,3.9306680867790114,3.880364179611206,3.599722385406494,4.179549694061279,xgboost,LORETO
2023-10-23,3.6136787249419946,3.8045403957366943,3.4147891998291016,4.1911444664001465,xgboost,LORETO
2023-10-30,3.360087235472381,3.5541250705718994,3.244741916656494,3.84368896484375,xgboost,LORETO
2023-11-06,2.9480010650842594,3.240473747253418,3.0574560165405273,3.4504945278167725,xgboost,LORETO
2023-11-13,2.662710639430944,2.916900873184204,2.6211800575256348,3.1800267696380615,xgboost,LORETO
2023-11-20,2.884603192716856,2.6731202602386475,2.5581843852996826,2.832449197769165,xgboost,LORETO
2023-11-27,2.7261085117983477,3.06650972366333,2.7169618606567383,3.3169357776641846,xgboost,LORETO
2023-12-04,2.3774202137776292,3.1217401027679443,2.8211562633514404,3.351991891860962,xgboost,LORETO
2023-12-11,1.9653340433895075,2.6273138523101807,2.4367127418518066,2.818880558013916,xgboost,LORETO
2023-12-18,2.3774202137776292,2.2202322483062744,1.9024255275726318,2.511167049407959,xgboost,LORETO
2023-12-25,2.789506384165751,2.506763458251953,2.3110015392303467,2.686048984527588,xgboost,LORETO
