date,actual,predicted,lower_ci,upper_ci,model,region
2005-12-26,5.938123151859479,7.286352128040833,6.1395660787529565,8.43601800122046,random_forest,UCAYALI
2006-01-02,8.884262561691338,5.6564850639871285,4.841414925660766,7.208516802034221,random_forest,UCAYALI
2006-01-09,8.841408546522159,7.951732280989095,6.450188234476423,9.607758612253306,random_forest,UCAYALI
2006-01-16,9.281611161845346,8.703295290642213,6.883435340121004,10.601953676623141,random_forest,UCAYALI
2006-01-23,6.5285909019759645,8.157459089310711,6.611635249783995,10.2601511499827,random_forest,UCAYALI
2006-01-30,6.44993318026541,6.168591282275262,4.787403545354448,8.147056127232373,random_forest,UCAYALI
2006-02-06,7.315168119081502,6.0530364889437935,4.360039120134395,8.156976868598237,random_forest,UCAYALI
2006-02-13,6.764564067107625,7.481763430198562,5.416817691401259,9.097852209191714,random_forest,UCAYALI
2006-02-20,6.685906345397072,6.421688919601925,4.872385507884791,8.312042357633594,random_forest,UCAYALI
2006-02-27,6.135302293423195,6.376543496711547,4.872385507884791,8.240159612102177,random_forest,UCAYALI
2006-03-06,8.573691666450362,6.439612489148574,4.841802388065904,8.239433699739873,random_forest,UCAYALI
2006-03-13,11.326711926319744,9.493171914506183,7.42227010566546,10.648085001598846,random_forest,UCAYALI
2006-03-20,13.450470412504695,11.491663692201335,9.800124787991756,13.650677650921464,random_forest,UCAYALI
2006-03-27,13.135839525662478,12.823670367139448,9.799434721310867,15.570548815606108,random_forest,UCAYALI
2006-04-03,15.416913455268537,12.22053815356545,10.17305470421402,15.022381581821005,random_forest,UCAYALI
2006-04-10,17.855302828295702,15.947992389513729,14.691474759277623,17.805311400533757,random_forest,UCAYALI
2006-04-17,19.821745871059548,17.42261887083455,16.161986759728023,18.10554654044537,random_forest,UCAYALI
2006-04-24,16.832752446058503,17.3144816260525,15.759260338703271,18.092191240837632,random_forest,UCAYALI
2006-05-01,13.214497247373032,16.92054329947996,15.250521829236249,18.078389095252906,random_forest,UCAYALI
2006-05-08,11.877315978293618,11.95952543045811,9.516240559560114,15.17812098959347,random_forest,UCAYALI
2006-05-15,14.630336238163002,11.393111974124954,9.479722138672518,13.724132535469264,random_forest,UCAYALI
2006-05-22,15.731544342110752,14.955404838393388,12.852080491693878,18.674589771394256,random_forest,UCAYALI
2006-05-29,14.944967125005213,15.844527930855648,13.231600647729389,17.923928859444757,random_forest,UCAYALI
2006-06-05,10.854765596056419,15.241110322591421,13.231600647729389,17.29563563683021,random_forest,UCAYALI
2006-06-12,9.910872935529776,10.561172421801754,8.989932496262869,13.459251541262697,random_forest,UCAYALI
2006-06-19,8.652349388160916,9.408045380387103,7.949044596992545,10.92389350529829,random_forest,UCAYALI
2006-06-26,10.06818837895088,8.39999713644607,6.880685084249537,9.596806793728154,random_forest,UCAYALI
2006-07-03,10.146846100661435,9.172896453822737,7.648769975967531,10.85991781223985,random_forest,UCAYALI
2006-07-10,11.248054204609188,9.588197772103658,7.5308837098868375,10.637738335389297,random_forest,UCAYALI
2006-07-17,11.248054204609188,10.538689572808257,8.947590453104485,12.278675350115895,random_forest,UCAYALI
2006-07-24,11.562685091451401,10.784192160770377,8.802666108232186,12.58598142895092,random_forest,UCAYALI
2006-07-31,10.933423317766973,11.463918456307102,9.322272714327754,12.802875917195234,random_forest,UCAYALI
2006-08-07,8.888322553292575,10.965189678498845,9.00197905358993,12.242895632731353,random_forest,UCAYALI
2006-08-14,7.236510397370947,9.150423680075981,8.026108261389837,10.197534195320301,random_forest,UCAYALI
2006-08-21,8.023087614476486,7.1132062037532755,4.360039120134395,9.435383159014322,random_forest,UCAYALI
2006-08-28,7.472483562502609,8.163240112134062,6.539870658758694,9.571174292191504,random_forest,UCAYALI
2006-09-04,6.449933180265411,7.212482096906988,5.895440528671951,8.636351322445515,random_forest,UCAYALI
2006-09-11,11.405369648030295,6.002845362907212,5.088614250671648,7.662447431693098,random_forest,UCAYALI
2006-09-18,13.214497247373032,11.088713703711909,9.310696599837865,12.311600048459837,random_forest,UCAYALI
2006-09-25,13.765101299346908,12.023440578935224,9.68291051904045,14.764738069215333,random_forest,UCAYALI
2006-10-02,7.000537232239285,13.522039719440283,10.863538187617495,16.985369502858457,random_forest,UCAYALI
2006-10-09,6.921879510528733,6.330728956532841,4.360039120134395,8.907243023933503,random_forest,UCAYALI
2006-10-16,6.135302293423194,6.018750151026654,4.360039120134395,7.8857471507933985,random_forest,UCAYALI
2006-10-23,6.135302293423194,5.757187779210133,4.360039120134395,7.802271652945793,random_forest,UCAYALI
2006-10-30,4.640805580922674,6.249385051400531,5.304856326290437,7.635790443808434,random_forest,UCAYALI
2006-11-06,4.876778746054335,5.115791507960613,3.9311761911451955,5.921449384948099,random_forest,UCAYALI
2006-11-13,5.348725076317657,5.1691172917404415,3.807700673463285,5.923071420431886,random_forest,UCAYALI
2006-11-20,6.843221788818179,5.286094570724367,3.9598867591959857,6.1366660367586325,random_forest,UCAYALI
2006-11-27,8.101745336187038,6.859968739720124,5.620248309953792,7.76096739981982,random_forest,UCAYALI
2006-12-04,8.101745336187038,7.942993248183115,6.567180745738577,9.41268494442886,random_forest,UCAYALI
2006-12-11,7.393825840792055,7.760689531998964,6.410975839128035,9.195764185873454,random_forest,UCAYALI
2006-12-18,9.360268883555898,6.847624986518451,5.510150312085823,8.437182141464454,random_forest,UCAYALI
2006-12-25,9.124295718424237,8.1445225244812,6.329849735569691,10.824385254754308,random_forest,UCAYALI
2007-01-01,9.075475981364287,8.679160367296651,6.915750695486302,10.119553028206655,random_forest,UCAYALI
2007-01-08,7.524531447888196,8.627686864434555,6.812649775872849,10.142987908982002,random_forest,UCAYALI
2007-01-15,8.561663646944762,7.7313987131942286,6.165202171662802,9.811933534580875,random_forest,UCAYALI
2007-01-22,8.407399437089902,7.855970658039125,6.420891237107252,9.663922364335168,random_forest,UCAYALI
2007-01-29,8.484531542017333,7.682068456533286,6.514214203019184,9.538069853406983,random_forest,UCAYALI
2007-02-05,8.561663646944764,7.824883185802951,6.489998302678333,9.884672425543352,random_forest,UCAYALI
2007-02-12,8.253135227235042,8.175832197780393,6.489791411746303,10.873704569647867,random_forest,UCAYALI
2007-02-19,7.558946282888169,7.49888893919619,6.405405044338451,9.02196968952436,random_forest,UCAYALI
2007-02-26,5.939172079412134,7.025762551109538,5.657518356279741,9.4366395512188,random_forest,UCAYALI
2007-03-05,5.0135868202829705,6.989493237688662,4.94386369903025,8.494148324632585,random_forest,UCAYALI
2007-03-12,5.244983135065261,4.935814515795269,3.735545245923297,7.596994304980615,random_forest,UCAYALI
2007-03-19,6.787625233613866,5.212610336497502,3.897484235694504,6.917293883518341,random_forest,UCAYALI
2007-03-26,9.101588381436775,6.870925138629435,5.154307882734972,8.592241379568124,random_forest,UCAYALI
2007-04-02,10.412834165203089,9.372559760262533,6.647241525031266,11.020164440495739,random_forest,UCAYALI
2007-04-09,10.104305745493368,12.500094884026717,10.227492750445348,14.927548396240775,random_forest,UCAYALI
2007-04-16,9.950041535638507,11.473519611137094,8.962732639785221,13.878503185621778,random_forest,UCAYALI
2007-04-23,10.258569955348227,11.183340285044638,8.661543608365903,13.837320373505708,random_forest,UCAYALI
2007-04-30,11.56981573911454,12.236730568297993,9.474615750782352,14.860951983434218,random_forest,UCAYALI
2007-05-07,11.492683634187111,12.920431461233203,10.585837824753565,14.978756014169056,random_forest,UCAYALI
2007-05-14,9.178720486364204,12.017819184224203,10.229717345707254,14.955822747497642,random_forest,UCAYALI
2007-05-21,8.793059961727053,8.549926520050436,7.173994136340876,9.899879424860712,random_forest,UCAYALI
2007-05-28,8.484531542017331,8.514453132435607,7.179455059456697,9.694665030104712,random_forest,UCAYALI
2007-06-04,10.72136258491281,8.53455923460138,7.302274311023137,9.868941194145302,random_forest,UCAYALI
2007-06-11,9.101588381436775,10.768196469847439,9.05519453457087,12.968110517107851,random_forest,UCAYALI
2007-06-18,8.17600312230761,8.311336338273422,7.080444590011503,9.166512646479559,random_forest,UCAYALI
2007-06-25,6.324832604049285,7.973391250354023,6.880505057375223,9.596807302532763,random_forest,UCAYALI
2007-07-02,5.862039974484703,6.007133935656418,4.841018723520706,7.393426535681783,random_forest,UCAYALI
2007-07-09,5.862039974484703,5.466976306945622,4.525957033062154,6.7950957930454985,random_forest,UCAYALI
2007-07-16,6.170568394194423,5.595877841413382,4.640420163105508,7.107332537046142,random_forest,UCAYALI
2007-07-23,6.093436289266994,6.264595604188816,4.975089190832203,7.881275784487948,random_forest,UCAYALI
2007-07-30,7.86747470259789,6.330239473688653,4.73430970746144,7.899571729152961,random_forest,UCAYALI
2007-08-06,7.5589462828881695,8.233303776075575,6.790301452635896,9.76781845764674,random_forest,UCAYALI
2007-08-13,7.79034259767046,7.354562592535464,5.793448106410004,9.188619903114766,random_forest,UCAYALI
2007-08-20,5.322115239992692,7.650394463956096,6.368332367787595,9.246616489012332,random_forest,UCAYALI
2007-08-27,4.705058400573249,5.031451698367772,4.143922681960375,5.92182601758159,random_forest,UCAYALI
2007-09-03,5.630643659702412,4.438714184888558,3.3984840349871326,5.7629245075813555,random_forest,UCAYALI
2007-09-10,6.479096813904145,5.962145397254722,5.023862354395106,7.802149262797019,random_forest,UCAYALI
2007-09-17,6.710493128686436,7.314890494500461,5.6536486218503,10.167974250576195,random_forest,UCAYALI
2007-09-24,7.636078387815599,7.2190197909622915,5.793771939362192,9.277752452531212,random_forest,UCAYALI
2007-10-01,8.561663646944764,7.362989823636276,5.970179540497946,8.767208854085379,random_forest,UCAYALI
2007-10-08,9.101588381436775,7.811055997631724,6.454581499335556,9.145550473182011,random_forest,UCAYALI
2007-10-15,8.253135227235042,7.847466088583178,6.553387374115125,9.111283110328007,random_forest,UCAYALI
2007-10-22,7.019021548396157,7.099097354229227,6.13666261151424,8.571773211057339,random_forest,UCAYALI
2007-10-29,6.093436289266993,6.411331932324964,5.128608661342179,8.383767220217885,random_forest,UCAYALI
2007-11-05,4.8593226104281095,5.863973915123679,4.927599934991865,8.053693390943064,random_forest,UCAYALI
2007-11-12,5.244983135065261,4.94941792579979,3.8461202599745965,5.691555715049324,random_forest,UCAYALI
2007-11-19,6.479096813904145,5.409361948281261,3.8631721066142486,6.60493611032508,random_forest,UCAYALI
2007-11-26,6.633361023759005,7.290468235136165,5.851935371217603,9.200275248284063,random_forest,UCAYALI
2007-12-03,6.093436289266993,7.419305942214381,5.8755806085722035,8.58626798570781,random_forest,UCAYALI
2007-12-10,6.016304184339563,6.589886450702192,4.7498638832454025,8.368189822351653,random_forest,UCAYALI
2007-12-17,7.019021548396156,6.273953198597363,4.692882468487767,8.43443404251655,random_forest,UCAYALI
2007-12-24,8.638795751872191,7.1841421764435625,5.218034584968749,9.305462240202365,random_forest,UCAYALI
2007-12-31,8.17600312230761,8.476707841995598,6.830194522765525,10.56837211582278,random_forest,UCAYALI
2008-01-07,6.9743511282084185,7.739063051894888,6.274625830949756,9.31395983187817,random_forest,UCAYALI
2008-01-14,6.663766341275139,6.951591195588742,5.142914090677184,9.01108431631514,random_forest,UCAYALI
2008-01-21,7.435061496970779,6.684938111743596,5.183373345910621,8.465652913781094,random_forest,UCAYALI
2008-01-28,11.415447954945032,7.1599130062298935,5.565184017457005,8.84404147151796,random_forest,UCAYALI
2008-02-04,11.415447954945032,12.181494349444097,8.99045734963249,14.191296981517118,random_forest,UCAYALI
2008-02-11,12.09136263648783,11.703161087660723,8.48663194745766,14.386449914550967,random_forest,UCAYALI
2008-02-18,9.613008804164238,12.459819142683228,9.588207590123139,15.078503527440569,random_forest,UCAYALI
2008-02-25,9.387703910316636,10.730613588934844,8.18543512519641,13.848075815683208,random_forest,UCAYALI
2008-03-03,10.063618591859436,9.066162899256096,7.235087770357021,11.715527022950155,random_forest,UCAYALI
2008-03-10,8.786890860056374,11.203244000824393,8.975507756018652,13.944188517051689,random_forest,UCAYALI
2008-03-17,8.18607780979611,8.875294083524084,6.742017226578443,10.837044063867861,random_forest,UCAYALI
2008-03-24,6.083232133885183,8.609484679419367,6.229441378669598,11.0462212627726,random_forest,UCAYALI
2008-03-31,6.75914681542798,5.917862625754455,4.520149333825311,8.041091576559227,random_forest,UCAYALI
2008-04-07,7.284858234405712,7.089639295017699,4.925711587143196,10.283646691887009,random_forest,UCAYALI
2008-04-14,8.035874547231044,7.944036941195659,5.682622281896952,10.91414106007406,random_forest,UCAYALI
2008-04-21,10.439126748272102,7.7213044449711195,5.80621163461168,10.420585025626044,random_forest,UCAYALI
2008-04-28,10.889736535967302,10.909002102607346,9.249678495797806,13.308480895382736,random_forest,UCAYALI
2008-05-05,9.688110435446772,10.658158474692494,9.031742766316416,12.239698142591527,random_forest,UCAYALI
2008-05-12,8.26117944107864,10.100634259491729,7.953105961170542,11.633837497187628,random_forest,UCAYALI
2008-05-19,7.8105696533834434,7.352195630343302,6.176106973192713,9.154032480749102,random_forest,UCAYALI
2008-05-26,8.411382703643708,7.326509573816585,6.0568188795599935,9.084768882159315,random_forest,UCAYALI
2008-06-02,7.510163128253311,8.754950074465656,6.749504606325424,10.725705249021477,random_forest,UCAYALI
2008-06-09,7.8105696533834434,6.819557911393947,5.880265784140517,8.621178086697892,random_forest,UCAYALI
2008-06-16,8.26117944107864,7.016485258232502,5.662072081867423,8.777571012949258,random_forest,UCAYALI
2008-06-23,8.861992491338906,7.266971939631861,5.983845447700692,8.757020226687237,random_forest,UCAYALI
2008-06-30,9.087297385186504,8.112252045400572,6.511975751568658,9.423224726908531,random_forest,UCAYALI
2008-07-07,10.364025116989568,8.042578919364058,6.357501832046038,9.269516567370273,random_forest,UCAYALI
2008-07-14,11.490549586227564,10.457370298781909,8.743587930801842,11.778536314169283,random_forest,UCAYALI
2008-07-21,11.340346323662496,11.359867135780387,9.39274422773596,13.2142058095823,random_forest,UCAYALI
2008-07-28,10.514228379554634,10.665177069820526,8.59742217425591,12.649913120909302,random_forest,UCAYALI
2008-08-04,9.012195753903972,10.09932581783165,7.94442989276593,11.683908102855108,random_forest,UCAYALI
2008-08-11,8.411382703643708,8.325020866947398,6.8128370215652065,10.068992139685117,random_forest,UCAYALI
2008-08-18,8.186077809796108,7.860337314843455,6.259335744952082,9.769086906117685,random_forest,UCAYALI
2008-08-25,8.035874547231042,7.217828662770032,6.112684683800315,8.52333342362584,random_forest,UCAYALI
2008-09-01,8.786890860056372,7.15774172065021,6.0399516824627755,8.478562919089978,random_forest,UCAYALI
2008-09-08,9.688110435446768,8.32388739174892,6.597358904303798,9.744160417706903,random_forest,UCAYALI
2008-09-15,9.087297385186504,9.689876314119804,7.308699894350222,11.695179049975902,random_forest,UCAYALI
2008-09-22,8.71178922877384,8.339095046707513,6.68450010321742,10.267089579638093,random_forest,UCAYALI
2008-09-29,6.909350077993046,8.393639401169551,6.833243478747096,9.913415329294368,random_forest,UCAYALI
2008-10-06,6.684045184145447,6.724765963068202,5.737382000263274,8.751309765958528,random_forest,UCAYALI
2008-10-13,6.233435396450247,6.2895756663807045,5.366332462523066,7.581655014267166,random_forest,UCAYALI
2008-10-20,7.6603663908183774,5.940301682611317,4.9652057039708914,7.663897244938689,random_forest,UCAYALI
2008-10-27,8.786890860056372,8.02582150849828,6.0027916615596855,9.75374373847542,random_forest,UCAYALI
2008-11-03,9.68811043544677,8.441435059257033,7.118030834327661,9.871906398847505,random_forest,UCAYALI
2008-11-10,8.26117944107864,8.961628623760808,7.173271936893068,11.449111284479246,random_forest,UCAYALI
2008-11-17,6.909350077993046,7.267970332841812,6.217895299162217,8.52659129478346,random_forest,UCAYALI
2008-11-24,5.257114189777318,6.3383264069801495,5.237224662888886,7.971281658380148,random_forest,UCAYALI
2008-12-01,6.383638659015314,4.789663346563241,3.3987448394359263,6.06118644882707,random_forest,UCAYALI
2008-12-08,5.782825608755048,6.199966568762986,4.884061337098151,8.305532296568781,random_forest,UCAYALI
2008-12-15,6.30853702773278,6.3024166428445145,4.8313299014334605,8.675426452544151,random_forest,UCAYALI
2008-12-22,5.031809295929718,6.8592714292135,5.663099752361401,8.626855872425821,random_forest,UCAYALI
2008-12-29,6.30853702773278,5.905990321539512,3.5488901937885173,8.278507961856404,random_forest,UCAYALI
2009-01-05,6.254600271234607,7.1928425985402145,5.906758172954909,8.728977114070851,random_forest,UCAYALI
2009-01-12,6.499143727134488,7.115022433873116,5.6457384328388,8.771864104899478,random_forest,UCAYALI
2009-01-19,6.512603350990538,6.873148727701166,5.608334443175271,8.992925471564057,random_forest,UCAYALI
2009-01-26,6.951655262293271,7.065315463904527,5.836585993598983,8.956894049118084,random_forest,UCAYALI
2009-02-02,8.12246035910056,7.579132022103292,5.94489603258208,9.648594586682846,random_forest,UCAYALI
2009-02-09,9.146914818806936,8.840439459758267,7.0325507739984605,10.908686219307954,random_forest,UCAYALI
2009-02-16,10.171369278513312,9.179981065025757,7.362819102731343,11.034219814590701,random_forest,UCAYALI
2009-02-23,10.464070552715134,10.77979295000932,8.929672733919798,13.333290360591674,random_forest,UCAYALI
2009-03-02,11.488525012421512,11.072746349491059,8.995485112785216,13.925012505879202,random_forest,UCAYALI
2009-03-09,13.976485843136997,11.462822821633749,9.201859987962246,14.441149414331981,random_forest,UCAYALI
2009-03-16,17.342550496457946,13.264872248665483,8.62940651023565,16.035328382243566,random_forest,UCAYALI
2009-03-23,19.464634734421157,16.64037065291672,14.769512155200779,18.469191808577246,random_forest,UCAYALI
2009-03-30,19.90368664572389,16.739405714930573,14.407088478668868,18.704275030593976,random_forest,UCAYALI
2009-04-06,19.098758141668878,16.518682687316907,13.901158927536654,18.697899256973,random_forest,UCAYALI
2009-04-13,16.903498585155216,18.036259630455117,14.597720781049714,19.76337167346236,random_forest,UCAYALI
2009-04-20,13.830135206036084,16.147250860248587,13.554197400058564,19.084720985325458,random_forest,UCAYALI
2009-04-27,11.342174375320598,12.805798778776662,8.114350794929372,16.338859698739856,random_forest,UCAYALI
2009-05-04,10.610421189816044,12.18921939278966,8.998856611530206,15.41632167443966,random_forest,UCAYALI
2009-05-11,11.122648419669233,10.234964192448892,8.576496031804204,13.522791817744118,random_forest,UCAYALI
2009-05-18,9.3664407744583,10.705926874880847,8.892862509435574,12.493250478860176,random_forest,UCAYALI
2009-05-25,8.927388863155569,8.614669600993325,7.307358721438918,9.955065019419308,random_forest,UCAYALI
2009-06-01,7.390707173596002,8.443199337532894,7.161433577063746,9.900622774244942,random_forest,UCAYALI
2009-06-08,8.415161633302379,7.708518088320967,6.066883662219726,9.874063651403182,random_forest,UCAYALI
2009-06-15,8.781038226054656,7.913249007939241,6.4372364834702065,9.778479621653334,random_forest,UCAYALI
2009-06-22,9.293265455907845,8.335359289277898,7.1500286257945245,10.108172720820411,random_forest,UCAYALI
2009-06-29,8.122460359100558,8.522090779218056,7.149924353229134,10.301518228349625,random_forest,UCAYALI
2009-07-06,8.122460359100558,7.723214806929081,6.2261840127657555,10.193695945901762,random_forest,UCAYALI
2009-07-13,7.829759084898735,8.136145920046934,6.112700013970086,10.416162041802146,random_forest,UCAYALI
2009-07-20,8.927388863155569,7.948969890067568,6.0271403094724745,10.480769514149943,random_forest,UCAYALI
2009-07-27,7.756583766348279,9.010032154719354,7.154661262103214,10.718435710409683,random_forest,UCAYALI
2009-08-03,7.976109721999646,7.646720244967276,6.178294073539805,9.104259690604044,random_forest,UCAYALI
2009-08-10,8.268810996201468,7.674611376303096,6.047233202142342,8.905738995855172,random_forest,UCAYALI
2009-08-17,8.122460359100556,7.689185192739433,6.1254312611475505,8.867836331802515,random_forest,UCAYALI
2009-08-24,8.195635677651012,7.8118780970371,6.134451920107955,9.002982475485776,random_forest,UCAYALI
2009-08-31,8.122460359100556,7.999501987855527,6.641093338928912,8.81144409924601,random_forest,UCAYALI
2009-09-07,9.220090137357388,8.086735675065762,6.722140873654849,8.980143511394356,random_forest,UCAYALI
2009-09-14,8.634687588953744,8.55788064292482,7.495428354611459,9.669415336943683,random_forest,UCAYALI
2009-09-21,7.537057810696911,8.173345173099174,6.671880930107024,9.538478263602576,random_forest,UCAYALI
2009-09-28,6.805304625192357,7.185298881806334,5.7315396037126,8.8719813193879,random_forest,UCAYALI
2009-10-05,6.293077395339169,6.43880167214116,5.226841016164715,9.393545029460574,random_forest,UCAYALI
2009-10-12,6.658953988091447,6.169897179106791,5.102387446186629,8.173642419206333,random_forest,UCAYALI
2009-10-19,6.219902076788713,6.552878301748269,5.052372709466458,8.519554520688148,random_forest,UCAYALI
2009-10-26,7.098005899394178,6.252547773507631,4.4526669491083615,7.763491454234875,random_forest,UCAYALI
2009-11-02,8.634687588953744,8.078960246112015,5.83952059227365,9.806076075758893,random_forest,UCAYALI
2009-11-09,9.951843322861944,8.36995338655514,6.9366798082848975,9.584385714904021,random_forest,UCAYALI
2009-11-16,10.537245871265588,9.519280161580472,7.355090077298256,11.539913525864474,random_forest,UCAYALI
2009-11-23,10.610421189816044,10.581185605486501,8.653676879751,12.676448471629998,random_forest,UCAYALI
2009-11-30,9.3664407744583,10.436708706126185,8.71731077055274,11.953391067364104,random_forest,UCAYALI
2009-12-07,9.073739500256478,8.880745970960948,7.549266982413685,10.213936099101788,random_forest,UCAYALI
2009-12-14,6.805304625192359,8.54980432636877,7.05547579298408,10.026067776218168,random_forest,UCAYALI
2009-12-21,6.219902076788714,6.40631210332678,4.358597633201205,9.121628191653851,random_forest,UCAYALI
2009-12-28,3.292889334770495,5.776226706390022,4.1341937456250335,7.408339652808561,random_forest,UCAYALI
2010-01-04,4.677707151478504,6.406505686951518,5.167767193920797,8.129350942287582,random_forest,UCAYALI
2010-01-11,5.350901412852007,6.452779808488657,5.129224081320595,8.090550765768853,random_forest,UCAYALI
2010-01-18,8.062024795363692,6.158855137119151,4.759969919253777,8.017679828543194,random_forest,UCAYALI
2010-01-25,7.348571273650091,7.832122367549942,6.506992557264096,9.796563653139474,random_forest,UCAYALI
2010-02-01,6.70646310410785,7.258091172292987,5.355646831318877,8.946272388776025,random_forest,UCAYALI
2010-02-08,5.636282821537448,6.871511575280838,5.234402401003387,8.589656853519395,random_forest,UCAYALI
2010-02-15,5.564937469366089,6.867029547842982,5.162508341612123,8.473225502066015,random_forest,UCAYALI
2010-02-22,5.850318878051528,6.838088446834248,5.391828090713017,8.72909743456142,random_forest,UCAYALI
2010-03-01,6.421081695422409,6.689754735001768,5.362467895514643,8.449664542363722,random_forest,UCAYALI
2010-03-08,6.278390991079689,7.164765851297196,5.885632697977478,8.839038700076001,random_forest,UCAYALI
2010-03-15,6.63511775193649,6.90305329163474,5.89405939717672,8.650318844704907,random_forest,UCAYALI
2010-03-22,8.133370147535052,7.2841582245330425,6.156254700136379,8.837640023943568,random_forest,UCAYALI
2010-03-29,10.131040008333136,9.38581051078081,7.180879957923138,10.963140533919486,random_forest,UCAYALI
2010-04-05,12.200055221302579,11.219428973620563,9.82516368636792,14.038233730279078,random_forest,UCAYALI
2010-04-12,14.982523955985625,12.937095595550169,9.455452480060504,16.137889897672554,random_forest,UCAYALI
2010-04-19,18.90651832541043,15.90483897867669,10.002831490897831,19.5727065743382,random_forest,UCAYALI
2010-04-26,20.476116073180354,16.860564228395113,13.672576659764406,19.739326888589055,random_forest,UCAYALI
2010-05-03,20.761497481865792,15.77915827745402,12.84375718571062,19.611541815585294,random_forest,UCAYALI
2010-05-10,18.12171945152547,17.157703781197416,12.625957303999211,20.573621387814548,random_forest,UCAYALI
2010-05-17,19.19189973409587,15.614380205341483,12.292048306551902,19.891277925592153,random_forest,UCAYALI
2010-05-24,17.479611281983228,15.583872827431954,12.167955024463293,19.715659064988813,random_forest,UCAYALI
2010-05-31,16.124049590727385,15.44850681896598,12.129393687485184,19.833266699210167,random_forest,UCAYALI
2010-06-07,11.415256347417618,15.417026389209713,11.407604580451,18.674482342760086,random_forest,UCAYALI
2010-06-14,9.060859725762732,11.223048887311668,9.114138807370987,14.204929059911757,random_forest,UCAYALI
2010-06-21,10.273730712675855,8.5143491930972,7.496547081859613,9.720345001343865,random_forest,UCAYALI
2010-06-28,9.988349303990415,10.601349038322759,8.945740084712929,12.769142460117134,random_forest,UCAYALI
2010-07-05,9.417586486619534,9.673761391687869,8.074105100107902,11.346685877894506,random_forest,UCAYALI
2010-07-12,6.635117751936488,8.74113659840143,7.454149932913138,10.547786688410111,random_forest,UCAYALI
2010-07-19,6.563772399765128,6.6697621924254005,5.6699136244091815,8.603000030759324,random_forest,UCAYALI
2010-07-26,6.492427047593768,6.725854832724443,5.570797532295804,8.692833823047312,random_forest,UCAYALI
2010-08-02,5.921664230222888,6.673034935247987,5.4633510494358415,9.01936533589465,random_forest,UCAYALI
2010-08-09,6.06435493456561,6.866027383140243,5.249395840283711,8.995151058311903,random_forest,UCAYALI
2010-08-16,6.064354934565608,6.8395255845892295,5.387971025296664,9.000660099872432,random_forest,UCAYALI
2010-08-23,5.636282821537448,6.862445040209989,5.249395840283711,8.995151058311903,random_forest,UCAYALI
2010-08-30,5.921664230222888,6.405873093147071,5.416457905676967,7.741809994108458,random_forest,UCAYALI
2010-09-06,6.064354934565607,6.576120018075469,5.6013531883621726,7.8591649568477315,random_forest,UCAYALI
2010-09-13,6.777808456279208,6.616376008732467,5.599954015875238,8.158578230784899,random_forest,UCAYALI
2010-09-20,6.991844512793288,7.361394586002731,5.7337202462393195,9.61521407853739,random_forest,UCAYALI
2010-09-27,6.064354934565607,7.7989606483837175,6.1547589039706265,9.253474918672136,random_forest,UCAYALI
2010-10-04,7.063189864964649,6.825352268325517,4.883619617560479,9.422914567601534,random_forest,UCAYALI
2010-10-11,7.56260733016417,8.070112940636426,6.318776835530943,9.131656428222122,random_forest,UCAYALI
2010-10-18,8.06202479536369,8.017415235142261,6.313510641528325,9.163608875602847,random_forest,UCAYALI
2010-10-25,6.563772399765128,7.8340666613560535,6.082385893928472,9.676131335223959,random_forest,UCAYALI
2010-11-01,4.209375778110244,6.750663499725577,5.302340559496825,8.790676530665849,random_forest,UCAYALI
2010-11-08,3.923994369424804,5.496618969931628,4.594027607291334,6.868153454452456,random_forest,UCAYALI
2010-11-15,4.138030425938884,5.750894939854044,4.777242948766419,7.010902570866125,random_forest,UCAYALI
2010-11-22,4.637447891138406,5.1376765958530255,3.9953397215961637,6.95233913778705,random_forest,UCAYALI
2010-11-29,4.3520664824529645,5.570913678535728,4.066685073767524,7.059129851059628,random_forest,UCAYALI
2010-12-06,4.138030425938884,5.471909352429199,4.0310123976818435,7.058513723895167,random_forest,UCAYALI
2010-12-13,4.3520664824529645,5.47537358816105,4.160165340753657,7.058513723895167,random_forest,UCAYALI
2010-12-20,3.7099583129107234,4.507347111186573,4.029060053923299,5.369761146902748,random_forest,UCAYALI
2010-12-27,2.9965047911971223,4.658262323221801,4.138030425938884,5.517026538349764,random_forest,UCAYALI
2011-01-03,3.5881334741121598,5.090641373299322,4.167078176465795,8.438672471630708,random_forest,UCAYALI
2011-01-10,4.270254900677841,5.012439425797975,4.17344829719538,8.336104050806242,random_forest,UCAYALI
2011-01-17,4.9419322955275495,4.31050022658979,3.5465260809912986,4.943440608409046,random_forest,UCAYALI
2011-01-24,4.593908894434059,5.689829253596927,4.171086544623623,7.713751183722736,random_forest,UCAYALI
2011-01-31,4.9419322955275495,4.687931417507866,3.834471096176552,6.557220683944842,random_forest,UCAYALI
2011-02-07,4.385094853777966,5.573667909457617,4.184999449451697,7.713751183722736,random_forest,UCAYALI
2011-02-14,4.4546995339966635,4.411729678361803,3.6232732351515997,5.136855165514175,random_forest,UCAYALI
2011-02-21,4.106676132903174,4.36988046844827,3.6284806529187814,4.9419322955275495,random_forest,UCAYALI
2011-02-28,4.315490173559268,4.441816570035002,3.866204634166002,4.944179220537604,random_forest,UCAYALI
2011-03-07,4.176280813121871,4.467514363751253,3.816902888257745,4.991440022673988,random_forest,UCAYALI
2011-03-14,4.385094853777965,4.238880019693473,4.007138774209214,4.5199092913173695,random_forest,UCAYALI
2011-03-21,5.498769737277132,4.274284702018899,4.011993409437548,4.687513590142355,random_forest,UCAYALI
2011-03-28,6.055607179026715,6.994025405677196,5.433040113221211,8.432684207112315,random_forest,UCAYALI
2011-04-04,7.865328864712861,7.120549017380525,5.636924761206041,8.494207498090082,random_forest,UCAYALI
2011-04-11,10.997539474554266,9.36334287851375,7.217764013115111,10.910808445985946,random_forest,UCAYALI
2011-04-18,12.59844711958432,11.493885931155242,9.364177160460848,13.728955859731494,random_forest,UCAYALI
2011-04-25,13.016075200896504,13.699787106502844,9.950008153319391,17.799950109437543,random_forest,UCAYALI
2011-05-02,12.87686584045911,13.28423702800656,9.326630295233914,17.326941564512165,random_forest,UCAYALI
2011-05-09,13.294493921771299,13.130346735761156,9.797505462427324,16.23176587316796,random_forest,UCAYALI
2011-05-16,12.59844711958432,13.189880368807305,9.612974994480329,16.017532683396986,random_forest,UCAYALI
2011-05-23,9.466236509742913,13.21768242002055,9.404488511350875,16.01275108249995,random_forest,UCAYALI
2011-05-30,8.630980347118538,9.668858990952723,8.445243208028275,10.817063665432682,random_forest,UCAYALI
2011-06-06,9.048608428430725,9.315525208636044,8.03496551579036,10.694690769203305,random_forest,UCAYALI
2011-06-13,9.60544587018031,9.03199164214121,7.671286931243368,10.501585773387216,random_forest,UCAYALI
2011-06-20,8.143747585587652,8.605848290794189,6.9621435282354645,10.311297536168897,random_forest,UCAYALI
2011-06-27,6.334025899901506,7.825304686588964,6.24377261456364,9.380039859327127,random_forest,UCAYALI
2011-07-04,6.473235260338902,5.956403424654371,4.745462415181916,6.764337647990688,random_forest,UCAYALI
2011-07-11,7.030072702088485,6.390453803185309,5.778973525880168,7.459557853160477,random_forest,UCAYALI
2011-07-18,7.16928206252588,7.3122532228639985,5.829377032158022,9.35051919234941,random_forest,UCAYALI
2011-07-25,5.707583777933224,8.08679188991003,6.362432109940792,9.719888171794633,random_forest,UCAYALI
2011-08-01,4.802722935090152,6.058471820015465,4.568421295976763,9.032161818060871,random_forest,UCAYALI
2011-08-08,4.1762808131218705,5.252506546461144,4.630480717509534,5.704071885694707,random_forest,UCAYALI
2011-08-15,3.3410246504974963,4.500793974207629,3.6548774431495676,5.565127042220133,random_forest,UCAYALI
2011-08-22,3.271419970278798,4.374313832033679,3.548845941026751,5.542727711418892,random_forest,UCAYALI
2011-08-29,3.3410246504974954,3.6608643706824817,3.216344715232982,4.4980582202613935,random_forest,UCAYALI
2011-09-05,4.593908894434058,3.7269397568325893,3.2256973092506263,4.75637986482197,random_forest,UCAYALI
2011-09-12,4.6635135746527565,4.6900898475289505,3.4770938761556405,5.542727711418892,random_forest,UCAYALI
2011-09-19,4.593908894434058,4.849483804622307,4.131665473613959,5.564706698489772,random_forest,UCAYALI
2011-09-26,3.1322106098414024,4.6509215054397135,3.9967280970543326,5.323511553784017,random_forest,UCAYALI
2011-10-03,2.644977848310517,4.193360446523144,3.258078191528832,4.854594994395993,random_forest,UCAYALI
2011-10-10,3.1322106098414024,4.2463372678450915,3.271313686345119,4.799768743165901,random_forest,UCAYALI
2011-10-17,3.8282574120283814,4.29595462516855,3.323113746670666,4.857827287701683,random_forest,UCAYALI
2011-10-24,3.7586527318096827,4.23067822436501,3.218346401612041,4.998312086504694,random_forest,UCAYALI
2011-10-31,3.2018152900601002,3.9955854902979864,3.0643577005192624,4.852705765575325,random_forest,UCAYALI
2011-11-07,3.3410246504974963,3.850147139390461,3.0394043695498048,4.825924495163053,random_forest,UCAYALI
2011-11-14,2.9233965691853085,4.0809766566146335,3.1048031720199587,5.1370242706548135,random_forest,UCAYALI
2011-11-21,2.7841872087479125,3.4697809619673246,2.9122695442170023,4.650145254280672,random_forest,UCAYALI
2011-11-28,2.6449778483105164,3.5484678248280117,2.938018213587671,4.709916694798555,random_forest,UCAYALI
2011-12-05,2.7841872087479125,3.555818083699197,2.941490854133232,4.711573949089477,random_forest,UCAYALI
2011-12-12,3.3410246504974954,3.5732285640047157,2.941490854133232,4.711573949089477,random_forest,UCAYALI
2011-12-19,3.062605929622704,3.278105512989209,2.7563453366604334,4.3226837401011355,random_forest,UCAYALI
2011-12-26,3.1322106098414024,3.1043555635993156,2.700661592485475,3.61781082101066,random_forest,UCAYALI
2012-01-02,3.029453546964083,3.520397046745048,2.7377840886021136,4.502324476536158,random_forest,UCAYALI
2012-01-09,3.755322170179415,3.488348847618216,2.7240288779874664,4.502324476536158,random_forest,UCAYALI
2012-01-16,4.280664848403308,3.80445606591139,3.006387913595492,4.636506341764985,random_forest,UCAYALI
2012-01-23,4.280664848403308,4.1116106733654645,2.9598630916463877,5.164667272227382,random_forest,UCAYALI
2012-01-30,3.533247176459873,4.175814617928354,3.1315475621882296,5.164667272227382,random_forest,UCAYALI
2012-02-06,3.057617748859505,3.6159749378703063,2.7530876451650483,4.59600385086017,random_forest,UCAYALI
2012-02-13,2.8537765656022045,3.3091449236042885,2.7145825285292147,4.112128135138625,random_forest,UCAYALI
2012-02-20,2.7858295045164376,3.3047448076833548,2.7145825285292142,4.13725231971705,random_forest,UCAYALI
2012-02-27,3.7370883597171733,3.2481703484956848,2.7140853522419377,4.13725231971705,random_forest,UCAYALI
2012-03-05,4.280664848403308,3.6492485268351196,2.997800802344085,4.434716054790111,random_forest,UCAYALI
2012-03-12,5.367817825775578,3.931582838282067,3.096128068463323,4.757988328863786,random_forest,UCAYALI
2012-03-19,5.77550019229018,6.489648930097435,4.299069923619593,8.230659347118175,random_forest,UCAYALI
2012-03-26,6.862653169662448,6.57876271212634,4.31736829884062,8.274672685572131,random_forest,UCAYALI
2012-04-02,7.67801790269165,7.677828209834963,5.878000827214456,10.736451814921415,random_forest,UCAYALI
2012-04-09,8.629276757892386,9.897821356642698,7.407950790953295,11.259602917465974,random_forest,UCAYALI
2012-04-16,8.493382635720854,9.930432773733088,7.974770683762233,10.989337131386625,random_forest,UCAYALI
2012-04-23,8.765170880063922,9.899755314327862,7.97830234752436,11.000437653562026,random_forest,UCAYALI
2012-04-30,8.493382635720854,9.7398114143472,7.97711860904888,10.975131924738909,random_forest,UCAYALI
2012-05-07,6.930600230748216,8.600607075512446,7.279153160479438,10.496935659727066,random_forest,UCAYALI
2012-05-14,5.367817825775578,7.185208190067804,5.658352815631271,9.224939919265873,random_forest,UCAYALI
2012-05-21,3.261458932116806,6.207868027396127,4.071313382333103,7.676477619105198,random_forest,UCAYALI
2012-05-28,4.1447707262317754,3.591427886471066,2.742344460362654,4.965017521962418,random_forest,UCAYALI
2012-06-04,5.299870764689811,4.412228993653287,3.4758957659435445,5.359359619313793,random_forest,UCAYALI
2012-06-11,7.678017902691651,5.810469865102566,3.5663995591184943,7.795287682888396,random_forest,UCAYALI
2012-06-18,7.813912024863185,8.008845929221124,6.329281889363213,10.602949584153764,random_forest,UCAYALI
2012-06-25,6.522917864233615,7.711216384040263,6.2813212544081685,10.034966156983607,random_forest,UCAYALI
2012-07-02,6.18318255880478,5.987559741205109,4.604752493275031,7.22305867816484,random_forest,UCAYALI
2012-07-09,5.571659009032878,6.460124576064917,5.717730555736688,7.300454245150492,random_forest,UCAYALI
2012-07-16,5.97934137554748,6.219652699960743,4.916927892496781,7.123190274829624,random_forest,UCAYALI
2012-07-23,4.89218839817521,6.270400683243994,5.030082447714784,7.375160638609427,random_forest,UCAYALI
2012-07-30,5.2319237036040445,4.6494693336590425,3.342347596620684,6.546189186198424,random_forest,UCAYALI
2012-08-06,5.096029581432511,5.890684692096199,3.983258666345028,7.67922933141786,random_forest,UCAYALI
2012-08-13,4.89218839817521,5.657731731360976,3.6524983158780766,7.5946554309971175,random_forest,UCAYALI
2012-08-20,4.68834721491791,4.43232235584743,3.106589130145949,6.715341710368795,random_forest,UCAYALI
2012-08-27,4.484506031660609,4.69078535022391,3.3793094778234023,5.539681110095172,random_forest,UCAYALI
2012-09-03,4.212717787317541,4.119768137446104,3.178033690985379,5.096776180439523,random_forest,UCAYALI
2012-09-10,4.1447707262317754,3.9956272082049313,3.132631577843434,5.051863991726763,random_forest,UCAYALI
2012-09-17,4.6883472149179095,3.9633602418998195,3.017705995335327,5.051863991726763,random_forest,UCAYALI
2012-09-24,4.484506031660609,4.245576574884421,3.0649124279698388,5.150497117327401,random_forest,UCAYALI
2012-10-01,4.280664848403308,4.030613246268088,3.0326616078359203,4.689479665936006,random_forest,UCAYALI
2012-10-08,3.2614589321168057,3.9770029853378013,3.016871324885809,4.644657901626259,random_forest,UCAYALI
2012-10-15,3.193511871031039,3.1738194327019853,2.7319867886512337,3.9714666460055503,random_forest,UCAYALI
2012-10-22,3.5332471764598736,3.147314900907711,2.715383147716371,3.618265468725116,random_forest,UCAYALI
2012-10-29,3.8729824818887075,3.1813330148178727,2.784187208747913,4.029077038284586,random_forest,UCAYALI
2012-11-05,5.096029581432512,3.677604499263857,2.952556823799743,4.764818938902079,random_forest,UCAYALI
2012-11-12,5.367817825775579,5.136166027293182,3.45645241186017,7.247403018553582,random_forest,UCAYALI
2012-11-19,5.571659009032879,5.699827642588133,4.333459858179463,7.838539870668337,random_forest,UCAYALI
2012-11-26,4.280664848403309,5.717526485067582,4.51678088567635,7.771751591774169,random_forest,UCAYALI
2012-12-03,4.008876604060242,4.125551649438103,3.3084863856180258,5.002153477418311,random_forest,UCAYALI
2012-12-10,4.348611909489076,4.0637159720632505,3.2957776242805967,4.827638690143734,random_forest,UCAYALI
2012-12-17,5.028082520346744,4.210366560284951,3.3532315520539226,4.88702670389675,random_forest,UCAYALI
2012-12-24,6.658811986405149,4.949513495397623,3.8725293218235692,6.2893010726467855,random_forest,UCAYALI
2012-12-31,6.522917864233616,6.321396803666783,4.48450603166061,7.891805479561341,random_forest,UCAYALI
2013-01-07,7.482059607746561,6.069288581408781,3.9630123378273487,7.776835183400669,random_forest,UCAYALI
2013-01-14,5.811814238547659,9.019341023116807,6.818030117933809,11.136842301351187,random_forest,UCAYALI
2013-01-21,5.906611821453076,5.906550032727027,3.805035420802941,7.53122514800328,random_forest,UCAYALI
2013-01-28,5.0438482969711655,6.195367192485046,4.34664069011263,7.645907873741421,random_forest,UCAYALI
2013-02-04,4.579283322250137,5.953881867654778,4.287004275683955,7.761224734708422,random_forest,UCAYALI
2013-02-11,4.048351922568961,4.427836261084969,3.5977467023821177,5.183666053001459,random_forest,UCAYALI
2013-02-18,3.7828862227283735,4.274792969644429,3.4371359134786847,5.064292714840618,random_forest,UCAYALI
2013-02-25,4.6456497472102845,4.052263535791311,3.0286456079583624,4.975204622494039,random_forest,UCAYALI
2013-03-04,6.238443946253811,4.59479344494378,4.144925936779022,5.304387383241536,random_forest,UCAYALI
2013-03-11,6.6366424960146935,6.551603582752189,4.931997059805999,7.823039966181381,random_forest,UCAYALI
2013-03-18,6.570276071054546,6.821868576978847,4.878432044457294,7.903102950360159,random_forest,UCAYALI
2013-03-25,5.906611821453076,6.891518096591812,5.755818349454736,7.9170364653971825,random_forest,UCAYALI
2013-04-01,7.9639709952176325,6.522282304244513,5.559273418668347,7.788257635956758,random_forest,UCAYALI
2013-04-08,10.154063018902482,9.554593366548337,7.670104359031114,10.65217332284598,random_forest,UCAYALI
2013-04-15,12.211422192667037,11.655575184915593,10.246539912930464,13.660788243446929,random_forest,UCAYALI
2013-04-22,11.813223642906157,12.76023918778108,10.364545327505075,16.174184576935673,random_forest,UCAYALI
2013-04-29,10.353162293782923,12.03719675824011,9.509439296444814,14.213970716321429,random_forest,UCAYALI
2013-05-06,7.499406020496603,10.851951464680724,9.126617409281156,13.20711898373328,random_forest,UCAYALI
2013-05-13,6.039344671373371,7.674191777966645,4.903067948920447,9.772517080804196,random_forest,UCAYALI
2013-05-20,5.773878971532782,5.255495416268899,3.282412533885932,7.384984112252272,random_forest,UCAYALI
2013-05-27,6.5039096460943995,5.306357765948264,3.282412533885932,7.409610013291913,random_forest,UCAYALI
2013-06-03,6.1057110963335175,6.000671381277139,4.862366577146858,7.099901500099493,random_forest,UCAYALI
2013-06-10,5.840245396492929,6.467344718182713,5.263090152954843,7.962581039097049,random_forest,UCAYALI
2013-06-17,5.707512546572635,6.271755220600542,4.484396603750158,7.997775324356531,random_forest,UCAYALI
2013-06-24,6.238443946253811,6.044335303858421,4.620880845702407,7.764696864478844,random_forest,UCAYALI
2013-07-01,5.242947571851606,6.206189299780153,5.2795611283537776,7.306496163325761,random_forest,UCAYALI
2013-07-08,5.110214721931313,5.6454303497096,4.406331983363526,7.119096204646694,random_forest,UCAYALI
2013-07-15,4.1147183475291085,5.534565557586722,4.346970379888771,7.100518537266523,random_forest,UCAYALI
2013-07-22,4.778382597130578,4.089031796568791,3.288647128632926,5.265897234146928,random_forest,UCAYALI
2013-07-29,4.712016172170431,4.707216157005604,4.101462895244234,5.6442785219439155,random_forest,UCAYALI
2013-08-05,5.043848296971166,4.577005693000204,4.054920002882031,5.31689697939784,random_forest,UCAYALI
2013-08-12,4.313817622409549,5.140571967222886,4.195712880913889,6.804609220916016,random_forest,UCAYALI
2013-08-19,4.048351922568961,4.205338025838707,3.4447114821901255,4.7800181499783205,random_forest,UCAYALI
2013-08-26,6.172077521293665,4.242941377036604,3.608469220615039,4.747306490417344,random_forest,UCAYALI
2013-09-02,6.703008920974841,6.063491484428558,4.660846395829698,7.715675208805161,random_forest,UCAYALI
2013-09-09,7.167573895695868,6.454385666867437,4.920110367801992,7.677319019545183,random_forest,UCAYALI
2013-09-16,4.645649747210284,6.639226490435844,5.204523892882735,8.293208663459266,random_forest,UCAYALI
2013-09-23,3.716519797768226,4.465655868664063,3.362468630306104,5.646816450424363,random_forest,UCAYALI
2013-09-30,2.7210234233660215,3.5791029872387896,2.82074131975382,4.544607134951819,random_forest,UCAYALI
2013-10-07,2.190092023684846,3.3195128573312207,2.722144100055412,4.326117877010247,random_forest,UCAYALI
2013-10-14,2.5882905734457275,3.367344693257052,2.738591550688305,4.0082872096478575,random_forest,UCAYALI
2013-10-21,3.318321248007344,3.049586221903934,2.3891912985652866,3.782400724712606,random_forest,UCAYALI
2013-10-28,3.9156190726486666,3.49561212008495,2.9641209681541048,4.071618691283274,random_forest,UCAYALI
2013-11-04,3.915619072648667,4.40346963340601,3.306222310388147,5.351138796580415,random_forest,UCAYALI
2013-11-11,4.51291689728999,4.33797386069165,3.361171978926984,5.233056154622141,random_forest,UCAYALI
2013-11-18,4.579283322250136,4.502238871303382,3.6483363569828198,5.124384237287814,random_forest,UCAYALI
2013-11-25,4.645649747210283,4.211236675038645,3.3650409737194886,5.031769348425917,random_forest,UCAYALI
2013-12-02,3.451054097927638,4.46460929089005,3.407022506311466,6.087965549637883,random_forest,UCAYALI
2013-12-09,3.18558839808705,3.1108428238160517,2.6826204079629914,4.103149379044674,random_forest,UCAYALI
2013-12-16,2.853756273286315,3.256476574575566,2.716349290768173,4.135883012699272,random_forest,UCAYALI
2013-12-23,2.256458448644993,3.2817796857584187,2.6585149605623086,4.351615629069979,random_forest,UCAYALI
2013-12-30,2.4555577235254336,3.6009470001749544,2.7032990950006144,4.529546563258048,random_forest,UCAYALI
2014-01-06,2.046797797346328,3.652830255342817,2.749920923232101,4.503285632847536,random_forest,UCAYALI
2014-01-13,2.165951734728905,2.858030298997491,2.170071887301551,3.9607012616228845,random_forest,UCAYALI
2014-01-20,1.880872050111616,2.945191256679748,2.1549229410876802,4.201717731083154,random_forest,UCAYALI
2014-01-27,2.010587363912417,2.95359156569655,2.1848113354757337,4.106617167705691,random_forest,UCAYALI
2014-02-03,2.010587363912417,3.06095584722144,2.270303105551253,3.931416898851624,random_forest,UCAYALI
2014-02-10,1.4917261087092115,2.343553878504569,1.9587012383920968,3.329862144273171,random_forest,UCAYALI
2014-02-17,1.6214414225100129,2.4241662426024835,1.9587012383920968,3.400639623028612,random_forest,UCAYALI
2014-02-24,2.075445020812818,2.2340601967684357,1.9587012383920968,3.3944550865785277,random_forest,UCAYALI
2014-03-03,2.3348756484144206,2.1876403481189,1.9585052922410167,3.2614589321168053,random_forest,UCAYALI
2014-03-10,2.659163932916424,2.2097718708399023,1.801529516503459,2.5169658012636122,random_forest,UCAYALI
2014-03-17,2.27001799151402,2.705566944592713,1.8373633719409304,3.9864910221870087,random_forest,UCAYALI
2014-03-24,3.372598158820832,2.172862531170076,1.6990853031993496,3.1046531444146668,random_forest,UCAYALI
2014-03-31,3.761744100223236,3.8858659647153453,2.0875631043599188,5.330911128595063,random_forest,UCAYALI
2014-04-07,4.604893639928445,4.46895742365426,3.2845720154905096,5.680008976685099,random_forest,UCAYALI
2014-04-14,4.215747698526041,5.088498843600705,3.9052105096765306,5.902947278375352,random_forest,UCAYALI
2014-04-21,4.0860323847252396,4.584135920497842,3.459109435478879,5.609421511914978,random_forest,UCAYALI
2014-04-28,3.9563170709244377,4.847332754499356,3.7148595670169584,5.8369538742490725,random_forest,UCAYALI
2014-05-05,4.864324267530048,4.560271150100957,3.858993951120749,5.611266855303849,random_forest,UCAYALI
2014-05-12,6.03176209173726,4.995086190235021,3.9593136971004452,6.357550591733544,random_forest,UCAYALI
2014-05-19,7.134342259044073,6.200969550561524,4.7206220689336496,7.515882067897528,random_forest,UCAYALI
2014-05-26,6.420908033139665,6.72906491052454,4.915858883750985,7.8692253861311015,random_forest,UCAYALI
2014-06-02,5.966904434836859,5.862695459294182,4.369598267419244,7.2412433790267725,random_forest,UCAYALI
2014-06-09,6.096619748637661,5.879348758401359,4.586307060964044,7.315124772363335,random_forest,UCAYALI
2014-06-16,6.810053974542068,5.844198233339222,4.609615340319452,7.1215579637252375,random_forest,UCAYALI
2014-06-23,6.680338660741267,6.181895970415651,4.815645117491103,7.893349738399983,random_forest,UCAYALI
2014-06-30,6.03176209173726,5.818669154714011,4.315656807512525,6.908475781765373,random_forest,UCAYALI
2014-07-07,4.864324267530049,5.944254560978204,4.872956796789169,6.924173364054459,random_forest,UCAYALI
2014-07-14,5.253470208932452,4.7966966128593915,3.8184088075708535,5.666176551874184,random_forest,UCAYALI
2014-07-21,4.9291819244304484,5.076201111091354,3.921834068360088,6.799831147215888,random_forest,UCAYALI
2014-07-28,5.058897238231249,4.8874937236216525,4.2862142024187255,5.273183010029597,random_forest,UCAYALI
2014-08-04,4.669751296828846,4.760036289159245,4.21381405939111,5.552516710016867,random_forest,UCAYALI
2014-08-11,4.0860323847252396,4.561724506288583,3.9469775086657384,5.375023642424798,random_forest,UCAYALI
2014-08-18,3.956317070924438,4.423183287209467,3.4258104484793717,5.711463883232739,random_forest,UCAYALI
2014-08-25,3.17802518811963,4.645013407235671,3.5288334290460996,5.679398709564294,random_forest,UCAYALI
2014-09-01,3.1131675312192293,3.34870775843783,2.450292904877068,4.485821739004082,random_forest,UCAYALI
2014-09-08,3.2428828450200307,3.45415868815073,2.588165376066249,4.354387076256306,random_forest,UCAYALI
2014-09-15,3.2428828450200307,3.5910419821496444,2.683000635838269,4.401902587202676,random_forest,UCAYALI
2014-09-22,3.4374558157212327,3.337998343862478,2.856934778696123,3.8792392062231977,random_forest,UCAYALI
2014-09-29,2.9185945605180272,3.444430043336828,2.8431760380001205,4.385079530413559,random_forest,UCAYALI
2014-10-06,2.724021589816825,3.0820775307622705,2.3891912985652866,3.6703007839467388,random_forest,UCAYALI
2014-10-13,2.594306276016024,3.0220004221942176,2.3891912985652866,3.708984336670453,random_forest,UCAYALI
2014-10-20,2.8537369036176266,2.93743488442766,2.4065324464180247,3.574015629791744,random_forest,UCAYALI
2014-10-27,2.659163932916424,3.207514722946222,2.5674136883216505,3.767902160818375,random_forest,UCAYALI
2014-11-03,3.3077405019204313,2.8082953908179094,1.7931385131835826,3.501587316728225,random_forest,UCAYALI
2014-11-10,3.3077405019204313,3.475265304418099,2.9360390102689324,4.090617238939159,random_forest,UCAYALI
2014-11-17,4.021174727824839,3.2357043090099658,2.8960733235699294,4.13425305715353,random_forest,UCAYALI
2014-11-24,3.4374558157212327,4.36922362181985,3.67490712966613,5.159838557319184,random_forest,UCAYALI
2014-12-01,3.567171129522034,3.1720285710276532,2.8759094213190632,3.8952242608486123,random_forest,UCAYALI
2014-12-08,2.724021589816825,3.315740497941938,2.879690116173668,4.644160785680154,random_forest,UCAYALI
2014-12-15,3.372598158820832,2.7126474740334343,2.2122141653382283,3.3304743974572486,random_forest,UCAYALI
2014-12-22,3.2428828450200307,3.3703899771110017,2.8012414346945116,4.065558089329139,random_forest,UCAYALI
2014-12-29,4.540035983028045,3.303188145349565,2.704969816359302,4.132920312795332,random_forest,UCAYALI
2015-01-05,3.2962069613961194,4.637564880314447,3.6060791296603423,5.77377296398072,random_forest,UCAYALI
2015-01-12,3.212607301143711,3.60570670234561,2.820084942288722,4.424233888893219,random_forest,UCAYALI
2015-01-19,2.5366385733944625,3.5954635772880623,2.7327087487356274,4.4367221588149555,random_forest,UCAYALI
2015-01-26,3.1707982167430795,2.772504454876865,1.998985238408489,3.6157082673424648,random_forest,UCAYALI
2015-02-02,3.6781259314219725,3.4033391041509997,2.7004497392196742,4.2162738887871685,random_forest,UCAYALI
2015-02-09,3.4878780384173873,3.6850262717568665,2.777858633473708,4.553533614595381,random_forest,UCAYALI
2015-02-16,3.1073822524082177,3.497848524811142,2.857535861786494,4.37940995248443,random_forest,UCAYALI
2015-02-23,3.995205753096281,3.1711599685147673,2.6579406614735706,3.8539845271760567,random_forest,UCAYALI
2015-03-02,4.8196132894494825,4.51103420698884,3.368162810416937,5.803130886014694,random_forest,UCAYALI
2015-03-09,7.356251862843949,5.196274930424044,4.238970815976109,6.136613330013907,random_forest,UCAYALI
2015-03-16,8.94165097121549,6.717124579086192,5.33552690700976,7.898024644637258,random_forest,UCAYALI
2015-03-23,9.766058507568692,9.849249803204629,6.826698290009515,12.202462667002226,random_forest,UCAYALI
2015-03-30,8.370907292201736,9.464103408541172,6.826698290009515,12.205140822015656,random_forest,UCAYALI
2015-04-06,7.673331684518256,8.378136184812584,6.49692314939072,9.961038757638285,random_forest,UCAYALI
2015-04-13,7.03917204116964,7.894454994015464,5.661365670898374,9.649390875503801,random_forest,UCAYALI
2015-04-20,7.229419934174224,6.532266268207709,5.347612749768178,8.42662691266133,random_forest,UCAYALI
2015-04-27,7.546499755848534,6.425423323828896,5.080457444358356,8.781608197500836,random_forest,UCAYALI
2015-05-04,7.166003969839363,7.178496282811325,5.5891104557262885,8.63067867617503,random_forest,UCAYALI
2015-05-11,7.356251862843949,5.987745096770934,4.877392634740907,7.474327000762055,random_forest,UCAYALI
2015-05-18,5.5806048614678225,6.330628598713541,5.05144459706952,7.929452510683889,random_forest,UCAYALI
2015-05-25,5.707436790137546,5.381260199455362,3.7097720677333546,6.604626824582121,random_forest,UCAYALI
2015-06-01,4.185453646100865,5.789024663683309,4.6287035728612045,6.936907382330554,random_forest,UCAYALI
2015-06-08,4.185453646100866,4.325253983431517,3.370151584746127,6.150175010139253,random_forest,UCAYALI
2015-06-15,4.122037681766005,4.726916442944942,3.551971874229065,6.159762276055743,random_forest,UCAYALI
2015-06-22,4.122037681766005,4.7777073287755085,3.5992261999468083,6.159762276055743,random_forest,UCAYALI
2015-06-29,4.946445218119206,4.356367242941595,3.5648776323496527,5.055731825950274,random_forest,UCAYALI
2015-07-06,5.3269410041283765,5.6824387412501975,4.285572297428806,7.067198252737459,random_forest,UCAYALI
2015-07-13,5.707436790137546,5.207601748381362,4.161875213243612,7.259152330607845,random_forest,UCAYALI
2015-07-20,4.439117503440312,5.251652897507134,4.170033847820509,7.261379106529631,random_forest,UCAYALI
2015-07-27,3.614709967087111,4.347286165417518,3.7484110100200048,4.95275186789061,random_forest,UCAYALI
2015-08-03,3.4244620740825256,3.420483635298157,2.7093396369575156,4.345327261447253,random_forest,UCAYALI
2015-08-10,3.4878780384173873,3.3019991568804916,2.6773653966388995,3.97518096276517,random_forest,UCAYALI
2015-08-17,3.1707982167430795,3.4350413878344117,2.8537252757632725,4.432255396684708,random_forest,UCAYALI
2015-08-24,3.551294002752249,3.351192302486948,2.7495709374156645,4.2945573237651695,random_forest,UCAYALI
2015-08-31,3.1073822524082177,3.344385637018948,2.7966656741586786,4.213165627194294,random_forest,UCAYALI
2015-09-07,3.8683738244265577,3.2681868464644994,2.680454261171523,4.239683579134645,random_forest,UCAYALI
2015-09-14,3.297630145412803,4.409743231111239,3.2712693986634918,5.577743389387879,random_forest,UCAYALI
2015-09-21,4.3122855747705895,3.3791340235982483,2.7839901287656676,4.016482199918678,random_forest,UCAYALI
2015-09-28,4.122037681766004,4.076214066312696,3.249130633909182,5.296512959856056,random_forest,UCAYALI
2015-10-05,5.136693111123791,4.334352483421501,3.246872474715833,5.634053551363088,random_forest,UCAYALI
2015-10-12,4.248869610435728,5.552349215106242,4.408897062870719,7.007531924624549,random_forest,UCAYALI
2015-10-19,3.931789788761419,4.081503480313118,3.2646703905229666,5.485272529214316,random_forest,UCAYALI
2015-10-26,3.297630145412803,4.210379073509727,3.2022415614317197,5.256360435185817,random_forest,UCAYALI
2015-11-02,3.8683738244265577,3.1531927640779855,2.598438139221249,3.7209887460399087,random_forest,UCAYALI
2015-11-09,3.7415418957568343,4.324823309700986,3.0466826332841745,5.497470816985699,random_forest,UCAYALI
2015-11-16,4.0586217174311425,3.8441668762505077,2.863391596059042,5.1168007664877075,random_forest,UCAYALI
2015-11-23,3.614709967087111,4.4470621340487,3.367542980567018,5.236697885218299,random_forest,UCAYALI
2015-11-30,3.7415418957568343,3.222554937235371,2.7840855892521508,3.8971133115250653,random_forest,UCAYALI
2015-12-07,3.6781259314219725,3.726703217944302,2.8061091088565555,5.062622276398676,random_forest,UCAYALI
2015-12-14,3.9952057530962812,3.322930694838161,2.809656519594623,3.90071771135334,random_forest,UCAYALI
2015-12-21,3.8683738244265577,4.306222695132269,3.459348418495594,5.332421918292045,random_forest,UCAYALI
2015-12-28,2.4732226090596017,4.152612150191193,3.0690861067626494,5.167748376955401,random_forest,UCAYALI
2016-01-04,2.4428847678711207,2.8335527664720463,1.8051793839225656,3.816036744562517,random_forest,UCAYALI
2016-01-11,3.1018485776783504,2.6384677836103108,1.8709081255284215,3.4231048327035407,random_forest,UCAYALI
2016-01-18,4.714809838071094,3.4587982144249856,2.622532355797028,4.3313367978226305,random_forest,UCAYALI
2016-01-25,4.714809838071094,4.7306468871429255,3.3668313885586763,6.896254605924835,random_forest,UCAYALI
2016-02-01,4.528698923410393,4.535919546538997,3.367917339967803,6.42332931074512,random_forest,UCAYALI
2016-02-08,4.156477094088991,4.093371753042417,3.344772935232226,4.760692438237874,random_forest,UCAYALI
2016-02-15,4.714809838071094,4.258409380716441,3.657204752788179,5.165099516178166,random_forest,UCAYALI
2016-02-22,4.094440122535423,5.044613112403525,3.9409286962700434,6.819724284748368,random_forest,UCAYALI
2016-02-29,4.590735894963959,4.24733466898214,3.7250533865942814,4.869052682840653,random_forest,UCAYALI
2016-03-07,3.4120334354461854,4.92152661198654,3.7503714619676956,6.022001342153572,random_forest,UCAYALI
2016-03-14,3.9703661794282894,3.6746974001841446,2.8376722293374272,4.462755661159035,random_forest,UCAYALI
2016-03-21,3.5361073785533192,4.719566805818533,3.2054383480528847,5.702488692843196,random_forest,UCAYALI
2016-03-28,4.032403150981856,3.638177142331502,2.708151084238777,4.504840259295901,random_forest,UCAYALI
2016-04-04,4.652772866517527,4.439226743253706,3.5350224969458863,5.835618700144886,random_forest,UCAYALI
2016-04-11,5.521290468267465,4.975992621480049,3.4939710602339056,6.855653311124334,random_forest,UCAYALI
2016-04-18,7.32036264332091,6.192994038910262,4.341024715551208,7.519816266433198,random_forest,UCAYALI
2016-04-25,7.258325671767342,7.5465068629700305,6.162658798009687,9.636270187856496,random_forest,UCAYALI
2016-05-02,7.75462144419588,7.1162900118771315,5.740781437090699,8.31209486438673,random_forest,UCAYALI
2016-05-09,7.506473557981612,7.661826346601771,5.857214217685731,9.85731747605962,random_forest,UCAYALI
2016-05-16,8.747212989052953,6.285384889153138,5.324754679402866,7.546960995613016,random_forest,UCAYALI
2016-05-23,8.871286932160087,8.803476466676617,6.958023305404198,10.77410615368949,random_forest,UCAYALI
2016-05-30,9.181471789927924,8.280161781204324,7.051086142978214,9.24196748462253,random_forest,UCAYALI
2016-06-06,8.80924996060652,8.225782860465689,7.061225001816006,9.327027149305518,random_forest,UCAYALI
2016-06-13,9.305545733035059,8.055171260295827,6.630352481480024,9.190189763527366,random_forest,UCAYALI
2016-06-20,8.064806301963715,8.15805656158037,7.016514445448801,9.345845126001427,random_forest,UCAYALI
2016-06-27,9.305545733035055,8.198894554709764,6.0287164254933,10.749842303698092,random_forest,UCAYALI
2016-07-04,8.80924996060652,9.373480678341844,7.173581285808953,11.945956492826449,random_forest,UCAYALI
2016-07-11,10.422211220999264,9.355782220420599,7.071765368609475,11.945956492826449,random_forest,UCAYALI
2016-07-18,8.126843273517283,9.878280423705244,7.278603442941114,12.013745055464316,random_forest,UCAYALI
2016-07-25,7.196288700213777,8.79925704162083,5.7318693197033435,10.931466712540402,random_forest,UCAYALI
2016-08-01,5.21110561049963,5.642972162169665,4.684497217071226,7.0046630075831775,random_forest,UCAYALI
2016-08-08,5.335179553606764,4.7888773375652285,3.603278889324388,5.932050534480426,random_forest,UCAYALI
2016-08-15,4.900920752731795,4.856610708608397,3.6878778209592094,6.439788037913657,random_forest,UCAYALI
2016-08-22,4.094440122535423,4.848583922617849,4.229983456577094,5.484281153602014,random_forest,UCAYALI
2016-08-29,3.7842552647675873,4.22231120296309,3.502983675232015,5.193549828551046,random_forest,UCAYALI
2016-09-05,4.156477094088991,3.7827829055216937,2.768222917167817,5.306182858195838,random_forest,UCAYALI
2016-09-12,4.776846809624661,4.6994739490743695,3.8081871928338447,5.716413948556467,random_forest,UCAYALI
2016-09-19,4.342588008749692,4.815648257005779,4.0556258430560375,6.20905675625409,random_forest,UCAYALI
2016-09-26,2.9777746345712157,4.135387406153831,3.239516548214541,5.2992003017936,random_forest,UCAYALI
2016-10-03,2.9157376630176493,2.918047355586316,2.3158880963066535,3.7543540681869905,random_forest,UCAYALI
2016-10-10,2.2953679474819784,2.7901549303156483,2.2801647197106263,3.3860214911576545,random_forest,UCAYALI
2016-10-17,3.2879594923390507,2.7700668306303986,2.3223346687039856,3.2881438230373106,random_forest,UCAYALI
2016-10-24,3.7222182932140204,3.649801386143639,3.0726053183488506,4.315214455359881,random_forest,UCAYALI
2016-10-31,4.652772866517527,3.5670252710133035,2.904058067904541,4.370682629350618,random_forest,UCAYALI
2016-11-07,4.652772866517527,4.601864606730978,3.5117978171902964,5.8625180000813275,random_forest,UCAYALI
2016-11-14,3.7222182932140213,4.4529384478169876,3.4867895210866733,5.684055514722033,random_forest,UCAYALI
2016-11-21,3.5981443501068866,3.778891822098071,3.0273084577947778,4.509905001673878,random_forest,UCAYALI
2016-11-28,2.7296267483569476,3.5890473009076036,2.789988542328456,4.077163460709119,random_forest,UCAYALI
2016-12-05,3.0398116061247826,2.653698109149993,2.2407367970291374,3.3989013194706565,random_forest,UCAYALI
2016-12-12,2.5435158336962465,3.289226016607415,2.588801943190989,4.096531817484782,random_forest,UCAYALI
2016-12-19,2.9777746345712157,3.1315565001474295,2.361199210125071,3.5548432592690027,random_forest,UCAYALI
2016-12-26,2.853700691464082,3.077489623063557,2.373383422442395,3.8761926357474135,random_forest,UCAYALI
2017-01-02,2.8338962483978443,2.8951130226168735,2.1810365141804353,3.7346931855288994,random_forest,UCAYALI
2017-01-09,2.75205483377804,2.8874680208927197,2.5118832401353086,3.3957399182742662,random_forest,UCAYALI
2017-01-16,2.246516987918593,2.9719502973910212,2.292849382257199,3.5563454758926696,random_forest,UCAYALI
2017-01-23,1.9429336111728368,2.6636475202061134,1.7511567363108145,3.4075698560268357,random_forest,UCAYALI
2017-01-30,1.6393502344270805,2.07845532568857,1.5565837656096122,2.988814562382886,random_forest,UCAYALI
2017-02-06,2.853683741410105,1.8944945062485332,1.5409341506151677,2.5659191851864223,random_forest,UCAYALI
2017-02-13,3.035833767457559,2.4695692309622106,1.9655910850987135,3.3292510107738997,random_forest,UCAYALI
2017-02-20,3.8251505469965252,2.6353952721430036,1.5745618508365358,3.517804613927282,random_forest,UCAYALI
2017-02-27,3.2787004688541646,4.376770772941057,3.470756046125441,5.043415946409069,random_forest,UCAYALI
2017-03-06,3.7037171962982227,3.8825458602781633,3.219051081789,4.495145974709777,random_forest,UCAYALI
2017-03-13,3.4608504949016177,3.868256237299865,2.959234483444444,4.862172619080917,random_forest,UCAYALI
2017-03-20,3.7037171962982227,3.837424190389843,3.1175919278455124,4.420969217510753,random_forest,UCAYALI
2017-03-27,5.03948405397955,3.851362170484724,2.8632838110313275,4.761723522196909,random_forest,UCAYALI
2017-04-03,6.921700989803238,6.192589576706524,4.058592089766614,7.508187820193438,random_forest,UCAYALI
2017-04-10,9.836101406562497,7.119958346938224,6.215680461044038,8.380542538066107,random_forest,UCAYALI
2017-04-17,10.382551484704857,9.367363425960676,7.379344425730322,11.462587697700048,random_forest,UCAYALI
2017-04-24,10.01825143260995,9.507898486685733,7.387827129142142,11.564516645274482,random_forest,UCAYALI
2017-05-01,7.832451120040506,9.849047831382432,7.309412183933112,11.553460123652888,random_forest,UCAYALI
2017-05-08,6.739550963755785,7.298175150565432,5.82846424455163,8.583522618746832,random_forest,UCAYALI
2017-05-15,5.768084158169365,6.204016239115603,5.115778230416738,7.851541369411337,random_forest,UCAYALI
2017-05-22,5.707367482820214,5.749026249370276,4.152653614543986,7.133996712053836,random_forest,UCAYALI
2017-05-29,4.9180507032812475,5.809619905642429,4.289699341651103,7.2882060600106575,random_forest,UCAYALI
2017-06-05,4.7966173525829445,5.522812785816749,4.164829348209804,7.500783218430108,random_forest,UCAYALI
2017-06-12,3.7037171962982227,4.8979759212466805,3.8237225612628296,6.854889997214455,random_forest,UCAYALI
2017-06-19,4.189450599091432,3.6060800691422483,2.707193740397948,4.740141079130871,random_forest,UCAYALI
2017-06-26,3.703717196298222,4.340742856482747,3.3136941681430927,5.397732611381325,random_forest,UCAYALI
2017-07-03,3.825150546996524,3.857970072833531,2.8973398456035198,4.806057155176654,random_forest,UCAYALI
2017-07-10,3.5215671702507687,4.072676593877072,3.002546805296516,5.040602564611284,random_forest,UCAYALI
2017-07-17,3.2179837935050126,3.58362945389701,2.9494121299210283,4.239397397197146,random_forest,UCAYALI
2017-07-24,2.853683741410105,3.4956277150181,3.1227784934135276,4.133162514399659,random_forest,UCAYALI
2017-07-31,2.0643669618711384,2.6800899762099513,2.2125016597401395,3.2439434560955633,random_forest,UCAYALI
2017-08-07,2.3072336632677435,2.389162917579505,1.593418062656552,3.2436780139791543,random_forest,UCAYALI
2017-08-14,2.1858003125694414,2.815186560941208,1.9048016238981826,3.344406758661982,random_forest,UCAYALI
2017-08-21,2.2465169879185924,2.1227681755467662,1.5565837656096122,3.1934018155977406,random_forest,UCAYALI
2017-08-28,2.4286670139660465,2.2056500162477075,1.5565837656096122,3.2916738613096967,random_forest,UCAYALI
2017-09-04,2.853683741410105,2.600652167858698,1.5898437123225064,3.3448472763643937,random_forest,UCAYALI
2017-09-11,3.2179837935050117,2.5277738751843923,1.966370292435104,3.2042159631391955,random_forest,UCAYALI
2017-09-18,2.975117092108407,3.5274792547725027,2.903369685178425,4.090329699598573,random_forest,UCAYALI
2017-09-25,2.7929670660609536,2.8570967189377403,2.4235614563667895,3.3298075396279345,random_forest,UCAYALI
2017-10-02,3.6430005209490712,2.816246958634591,2.360020807411283,3.2783620795894617,random_forest,UCAYALI
2017-10-09,4.432317300488037,3.433362979330882,2.817586595612258,4.02004367246077,random_forest,UCAYALI
2017-10-16,4.7966173525829445,4.071972354109235,3.343289912837824,4.79961462096278,random_forest,UCAYALI
2017-10-23,3.703717196298222,4.5165330146648435,3.4023746299597835,6.587353530601301,random_forest,UCAYALI
2017-10-30,3.5822838455999197,3.861310342991517,2.954434400377738,4.749976888295878,random_forest,UCAYALI
2017-11-06,4.12873392374228,3.632962255665888,2.7282021038946667,4.317085709918606,random_forest,UCAYALI
2017-11-13,3.5822838455999193,4.149058387242644,3.4229850018088976,4.999312366423728,random_forest,UCAYALI
2017-11-20,3.0965504428067097,3.7976752246242396,2.9149511284317295,4.726808329812045,random_forest,UCAYALI
2017-11-27,2.12508363722029,3.4297418990818627,2.6297991399694474,4.359332103967766,random_forest,UCAYALI
2017-12-04,3.643000520949071,2.5526917601525736,1.5779496883162472,3.3249478671659154,random_forest,UCAYALI
2017-12-11,3.885867222345676,3.768137836866543,2.7857008328898845,4.656851645423963,random_forest,UCAYALI
2017-12-18,4.6751840018846424,3.8312978350324465,2.9271233698706824,4.833141564678693,random_forest,UCAYALI
2017-12-25,3.6430005209490717,4.363572563091513,3.33359648647896,5.84569644419651,random_forest,UCAYALI
2018-01-01,2.902723719287243,3.8052305838225062,2.8847147852278603,4.722101473808054,random_forest,UCAYALI
2018-01-08,2.3392893539128625,2.66717966017814,2.1424318460814415,3.2963117046711035,random_forest,UCAYALI
2018-01-15,3.4599991290346988,2.8636519474381577,2.2072959240843044,3.4741797528794534,random_forest,UCAYALI
2018-01-22,4.116205860403349,3.7676964125643506,2.780292193272323,4.656551886390077,random_forest,UCAYALI
2018-01-29,5.1303435361549,4.206504720757245,3.334463679042204,4.833176437601934,random_forest,UCAYALI
2018-02-05,5.1303435361549,5.804582414133741,3.976032082082398,8.596176634703223,random_forest,UCAYALI
2018-02-12,4.7724125917719995,5.963346839234092,3.923248604285052,8.596176634703223,random_forest,UCAYALI
2018-02-19,3.817930073417599,4.409360348200121,3.510584582120606,6.473432325039361,random_forest,UCAYALI
2018-02-26,3.5196542864318494,4.047723291867951,3.2892949212906775,4.755257391603227,random_forest,UCAYALI
2018-03-05,3.6986197586232996,3.657004211665801,2.934880393808814,4.098430711500125,random_forest,UCAYALI
2018-03-12,3.937240388211899,3.8133386741658253,3.001005793841295,4.971585016534507,random_forest,UCAYALI
2018-03-19,3.6986197586232996,4.26927220860116,3.381705491398291,5.233439982475196,random_forest,UCAYALI
2018-03-26,3.5196542864318494,4.11505725449131,3.07749827127848,4.971585016534507,random_forest,UCAYALI
2018-04-02,3.281033656843249,3.7803324079284484,3.065855560350387,4.580473331812899,random_forest,UCAYALI
2018-04-09,3.459999129034699,3.6732746704930634,2.9889440904275486,4.287428938768376,random_forest,UCAYALI
2018-04-16,4.1758610178005,3.5690933343465425,2.959710113817981,4.272144935171108,random_forest,UCAYALI
2018-04-23,5.18999869355205,4.421150165493636,3.60648927601421,5.497329446675644,random_forest,UCAYALI
2018-04-30,4.653102276977699,5.679410274963393,4.2221242970803115,7.686775532455162,random_forest,UCAYALI
2018-05-07,4.71275743437485,4.260480408978922,3.5756850619130995,5.481464438765338,random_forest,UCAYALI
2018-05-14,4.832067749169149,4.409926054240378,3.655316962961333,5.515140976395795,random_forest,UCAYALI
2018-05-21,5.6672399527292505,5.056552106203393,4.090003554966349,6.369488913079235,random_forest,UCAYALI
2018-05-28,5.7268951101264,5.358844447822939,4.458776015352814,6.97219811679307,random_forest,UCAYALI
2018-06-04,5.18999869355205,5.892250263146694,4.551500078815008,7.011737438246591,random_forest,UCAYALI
2018-06-11,6.084826054509301,5.018380261934039,4.24599428816922,5.790790700595809,random_forest,UCAYALI
2018-06-18,7.098963730260851,6.347690264408424,4.841649852839231,6.980921421414167,random_forest,UCAYALI
2018-06-25,10.320342229706952,6.7553642454853655,5.663877152227231,7.8919981101141214,random_forest,UCAYALI
2018-07-02,11.632755692444254,8.965282551738012,7.8519988208503815,10.06309428343141,random_forest,UCAYALI
2018-07-09,12.945169155181555,9.075350255476787,7.642873854529464,10.220231326804608,random_forest,UCAYALI
2018-07-16,11.394135062855653,8.588752423492497,7.600507156422041,10.180163224510324,random_forest,UCAYALI
2018-07-23,9.902756127926903,8.856696607926937,6.967919831984781,11.990686636827155,random_forest,UCAYALI
2018-07-30,8.113101406012403,8.493303881220701,6.226807791640846,11.822288127594014,random_forest,UCAYALI
2018-08-06,7.576204989438051,8.205660877742362,5.022620322736515,11.961024766899126,random_forest,UCAYALI
2018-08-13,9.246549396558251,7.204218551592154,4.928377678854957,10.629198924118299,random_forest,UCAYALI
2018-08-20,8.471032350395303,8.880420655496753,7.432954981610876,10.249059523308476,random_forest,UCAYALI
2018-08-27,6.86034310067225,8.461649693003165,6.272181775384507,9.863878477017161,random_forest,UCAYALI
2018-09-03,4.5337919621833995,6.5434316496672125,4.7870137130326205,9.466654234633145,random_forest,UCAYALI
2018-09-10,4.8917229065663,3.940381131755372,3.463813469589526,4.650614456381319,random_forest,UCAYALI
2018-09-17,4.951378063963449,4.591901633138184,4.125326020115485,5.294478414611616,random_forest,UCAYALI
2018-09-24,4.23551617519765,4.546573874124116,4.139946884318144,5.294399769954696,random_forest,UCAYALI
2018-10-01,4.175861017800499,3.917855563404665,3.138979211336505,4.8617001203599,random_forest,UCAYALI
2018-10-08,4.653102276977699,4.079945900586569,3.214414366249427,4.935482204389274,random_forest,UCAYALI
2018-10-15,4.95137806396345,4.253166743807247,3.367254022713218,4.8179599021670185,random_forest,UCAYALI
2018-10-22,4.175861017800499,4.690873578565912,4.141044574477216,5.818750678306124,random_forest,UCAYALI
2018-10-29,4.8917229065663,4.0679810578644,3.2420844903922577,4.867277042560769,random_forest,UCAYALI
2018-11-05,4.71275743437485,4.722560682793619,4.148670945437963,5.818750678306124,random_forest,UCAYALI
2018-11-12,4.772412591771999,4.247584744372203,3.479871168795379,4.868777913946192,random_forest,UCAYALI
2018-11-19,3.5196542864318485,4.243916968632221,3.559699890707076,4.858328500432203,random_forest,UCAYALI
2018-11-26,3.937240388211899,3.3493737365394853,2.758359461896712,4.01021259412153,random_forest,UCAYALI
2018-12-03,4.175861017800499,3.706058458586143,2.8250814008694882,4.706692112300279,random_forest,UCAYALI
2018-12-10,4.235516175197649,3.997304999749339,3.443271291919064,4.928832545902095,random_forest,UCAYALI
2018-12-17,3.5196542864318485,3.8967339731486983,3.1651838318301837,5.0327918239408795,random_forest,UCAYALI
2018-12-24,2.5651717680774486,3.3483242146380054,2.6879731641734224,3.9354366639783485,random_forest,UCAYALI
2018-12-31,2.3862062958859984,2.758116933635821,2.2248139946517616,3.4809161102115125,random_forest,UCAYALI
2019-01-07,2.7081760756389097,2.795867467836319,2.235173066424361,3.4986148066798206,random_forest,UCAYALI
2019-01-14,4.1472478620149476,2.692055000020846,1.9235001051750669,3.3032977845104687,random_forest,UCAYALI
2019-01-21,5.16382975143412,4.605754943223393,3.378358743048446,5.259107402866698,random_forest,UCAYALI
2019-01-28,5.105809192429242,5.196753655737842,4.400138773644022,7.127534270686639,random_forest,UCAYALI
2019-02-04,4.583624161385342,5.0690047536746325,4.376965971055494,6.230268026437242,random_forest,UCAYALI
2019-02-11,3.9453980123316863,4.126668698003703,3.382563850212164,4.832075518047673,random_forest,UCAYALI
2019-02-18,4.757685838399976,3.774843340726612,3.113427981726784,4.622271355503689,random_forest,UCAYALI
2019-02-25,4.989768074419487,4.380967837493733,3.6008679297488615,5.2919779235618725,random_forest,UCAYALI
2019-03-04,5.744035341482898,5.9099971207388196,4.446807763370308,7.338307253082429,random_forest,UCAYALI
2019-03-11,4.931747515414609,6.448842667570682,4.63811048698474,7.338307253082429,random_forest,UCAYALI
2019-03-18,4.757685838399975,6.353839129767729,4.495371599644183,7.338307253082429,random_forest,UCAYALI
2019-03-25,4.409562484370709,4.522691938031866,3.6222905162931682,6.792015930048261,random_forest,UCAYALI
2019-04-01,4.757685838399976,4.311077587347324,3.633346481412721,4.966763972947848,random_forest,UCAYALI
2019-04-08,4.409562484370709,4.622382674666558,3.8109030389936853,5.3556445809097575,random_forest,UCAYALI
2019-04-15,4.177480248351198,4.483230786459048,3.552795177540828,5.337084778414129,random_forest,UCAYALI
2019-04-22,4.1194596893463205,4.67456158556756,3.8490670982300457,5.322680483376864,random_forest,UCAYALI
2019-04-29,4.351541925365831,4.522088371787267,3.861713001973305,5.266492344022964,random_forest,UCAYALI
2019-05-06,5.105809192429243,4.369481555522014,3.5622224531125446,4.979734091043668,random_forest,UCAYALI
2019-05-13,5.802055900487777,5.3101056215386535,4.554393317350063,6.403816331038919,random_forest,UCAYALI
2019-05-20,5.744035341482899,5.242604582373241,4.312285574770589,6.957272381327607,random_forest,UCAYALI
2019-05-27,4.8157063974048535,5.264549619040828,4.287093377665657,6.131037780168875,random_forest,UCAYALI
2019-06-03,3.7713363353170535,5.187597994661401,4.0004849554493,6.158840640452386,random_forest,UCAYALI
2019-06-10,4.177480248351198,3.840833204865865,3.226155946392133,4.389030746449221,random_forest,UCAYALI
2019-06-17,4.40956248437071,4.2062172690135515,3.5576576364990147,5.161605988561085,random_forest,UCAYALI
2019-06-24,4.235500807356076,4.113888317643212,3.5092613557301977,5.156112909839832,random_forest,UCAYALI
2019-07-01,3.8293568943219314,4.070178092680842,3.1946619758809898,5.177672588451299,random_forest,UCAYALI
2019-07-08,3.1911307452682762,3.650715537728344,3.0133443058032934,4.270121738559252,random_forest,UCAYALI
2019-07-15,2.668945714224376,3.44188356802132,2.770885660065665,4.00509544988839,random_forest,UCAYALI
2019-07-22,2.436863478204865,2.506568280375286,1.9424276388782602,3.6168218356816046,random_forest,UCAYALI
2019-07-29,2.784986832234132,2.3259403408047774,1.9277544423355486,3.0604697796193654,random_forest,UCAYALI
2019-08-05,3.2491513042731537,2.298297651608729,1.942174652730972,3.0406983658920272,random_forest,UCAYALI
2019-08-12,3.133110186263398,3.39981408792961,2.9946517557452905,4.10204670464685,random_forest,UCAYALI
2019-08-19,2.8430073912390093,3.25136352128426,2.5997359847405335,4.080665778960631,random_forest,UCAYALI
2019-08-26,2.9590485092487646,2.8872877990710313,2.224168147241279,3.575469773688302,random_forest,UCAYALI
2019-09-02,3.3651924222829095,2.934636373633288,2.1855137027224005,3.8374931725116355,random_forest,UCAYALI
2019-09-09,4.003418571336565,3.4370510419900953,3.0127860167881306,4.1632204353120414,random_forest,UCAYALI
2019-09-16,3.8293568943219314,4.166808855745181,3.184527221413247,5.1613906603803565,random_forest,UCAYALI
2019-09-23,3.481233540292665,3.672321846346195,2.9517951177984894,4.708521481046142,random_forest,UCAYALI
2019-09-30,2.2047812421853537,3.5293498288478085,2.9149308257744697,4.107846749177583,random_forest,UCAYALI
2019-10-07,2.55290459621462,3.1529108939237656,2.1019354047434264,3.809563619079785,random_forest,UCAYALI
2019-10-14,2.784986832234131,2.9716439899063074,2.338994116717455,3.7413930059850378,random_forest,UCAYALI
2019-10-21,3.5392540992975428,3.0849589436227567,2.338994116717455,3.977960513266461,random_forest,UCAYALI
2019-10-28,3.307171863278032,3.507765880638776,2.7665568345276905,4.542545083502782,random_forest,UCAYALI
2019-11-04,3.7133157763121765,3.553440027546282,2.9293190624736827,4.293749387374682,random_forest,UCAYALI
2019-11-11,3.0750896272585204,3.8263731997149093,3.328812987113753,4.789146974127239,random_forest,UCAYALI
2019-11-18,3.1911307452682762,3.1247090769584833,2.247332614016337,4.046492566189274,random_forest,UCAYALI
2019-11-25,2.668945714224376,3.424485456213011,2.495675883421012,4.0800289181624665,random_forest,UCAYALI
2019-12-02,3.7133157763121756,3.042410702921186,2.3321797656523326,3.7196126861185785,random_forest,UCAYALI
2019-12-09,3.5392540992975423,3.5689586217375813,2.619767460890841,4.542545083502782,random_forest,UCAYALI
2019-12-16,4.0614391303414425,3.392168256510941,2.6149842156396583,4.222886151328428,random_forest,UCAYALI
2019-12-23,4.235500807356075,3.9364393513262184,3.375899548913161,4.977934493199002,random_forest,UCAYALI
2019-12-30,4.8157063974048535,3.946383158829396,3.269987264395431,5.132565887394012,random_forest,UCAYALI
2020-01-06,4.77687957233854,4.68107189362015,3.6279289595270057,6.259736158024009,random_forest,UCAYALI
2020-01-13,4.7337386555981915,4.159458404969964,3.4950574159329366,4.836203414265242,random_forest,UCAYALI
2020-01-20,4.752932389536756,4.335588061923369,3.6436883388653993,4.902519175670438,random_forest,UCAYALI
2020-01-27,4.017359519727496,4.392115253966347,3.6822480466298084,4.984528017204835,random_forest,UCAYALI
2020-02-03,3.734446877493165,4.40120869015443,3.5603481142447224,4.810433699104665,random_forest,UCAYALI
2020-02-10,4.017359519727496,3.6106568114926443,2.911842364968552,4.156253323679634,random_forest,UCAYALI
2020-02-17,5.262175145558551,4.51306126097684,3.514302451055934,5.1358198792197625,random_forest,UCAYALI
2020-02-24,5.318757674005417,6.226205181008638,4.794204157299012,7.247808156521984,random_forest,UCAYALI
2020-03-02,5.2055926171116855,5.663950796359785,4.634364148594163,7.200501435220305,random_forest,UCAYALI
2020-03-09,4.583184804196158,5.6463705326967855,4.6587821601298245,7.121031816562073,random_forest,UCAYALI
2020-03-16,4.4134372188555595,4.273271939932061,3.6571287896422837,4.836789367900574,random_forest,UCAYALI
2020-03-23,3.734446877493165,4.421788940798873,3.8157245266446163,5.091504978551024,random_forest,UCAYALI
2020-03-30,2.546213780108975,3.945844211082587,3.4387042808159336,4.421372752420152,random_forest,UCAYALI
2020-04-06,1.8672234387465807,2.480076083202259,1.7405446933423327,3.351236960243716,random_forest,UCAYALI
2020-04-13,0.961902983596722,2.4989275068955368,1.7405446933423327,3.4670947239418544,random_forest,UCAYALI
2020-04-20,0.7921553982561234,3.2021968574972464,2.0015644283779,3.9912545479105836,random_forest,UCAYALI
2020-04-27,0.5092427560217926,2.1948724725730147,0.9053204551498558,3.5534868695280473,random_forest,UCAYALI
2020-05-04,0.8487379267029898,2.418813356950032,1.0294933996265543,3.7425065742800987,random_forest,UCAYALI
2020-05-11,0.9053204551498558,1.878628403559377,1.0455461234336394,2.853683741410105,random_forest,UCAYALI
2020-05-18,0.7355728698092573,1.8817831052729184,1.0455461234336394,2.853683741410105,random_forest,UCAYALI
2020-05-25,0.3960776991280603,0.9219284836640227,0.6411339354253212,1.9795370925976112,random_forest,UCAYALI
2020-06-01,0.28291264223432794,1.0725584777286397,0.650699077138958,2.489897500754842,random_forest,UCAYALI
2020-06-08,0.16974758534059556,1.0302983735225213,0.6504161644967237,2.3211984985980485,random_forest,UCAYALI
2020-06-15,0.28291264223432794,1.098701963319249,0.6411339354253212,2.847314929267447,random_forest,UCAYALI
2020-06-22,0.45266022757492647,0.3804344045326583,0.22633011378746176,0.698120624789665,random_forest,UCAYALI
2020-06-29,0.5092427560217926,0.3804344045326583,0.22633011378746176,0.698120624789665,random_forest,UCAYALI
2020-07-06,0.6224078129155249,0.3893861197871014,0.22633011378746176,0.760024605316653,random_forest,UCAYALI
2020-07-13,0.961902983596722,0.3958522453990571,0.22633011378746176,0.7710548303561463,random_forest,UCAYALI
2020-07-20,1.244815625831053,0.7518782553385719,0.36180485332595846,1.0410953897757154,random_forest,UCAYALI
2020-07-27,1.0750680404904545,0.7257604516366568,0.3556616073802988,1.1312124414469746,random_forest,UCAYALI
2020-08-03,0.6789903413623911,0.6952227656862404,0.35485328554534346,1.0467999353363628,random_forest,UCAYALI
2020-08-10,0.961902983596722,0.6552140263785404,0.33918082330093374,0.9154110060562136,random_forest,UCAYALI
2020-08-17,0.8487379267029894,0.9971720928314939,0.6789903413623912,1.2023787294959034,random_forest,UCAYALI
2020-08-24,1.3013981542779192,0.9526400192642848,0.5846861272842808,1.1743905859605785,random_forest,UCAYALI
2020-08-31,0.7355728698092574,1.017344142363296,0.5936450276217013,1.470212253329361,random_forest,UCAYALI
2020-09-07,0.9053204551498558,0.8361360621786831,0.4526602275749264,1.1316505689373206,random_forest,UCAYALI
2020-09-14,0.5658252844686588,0.8675761799352779,0.641268655731147,1.2588305344766064,random_forest,UCAYALI
2020-09-21,0.5658252844686588,0.8639463547364795,0.5092427560217926,1.2641094124537648,random_forest,UCAYALI
2020-09-28,0.5092427560217926,0.9987112254067967,0.5019577554842586,1.273106890054486,random_forest,UCAYALI
2020-10-05,0.9053204551498558,0.9165498680036321,0.37255553373086303,1.2735784111248767,random_forest,UCAYALI
2020-10-12,1.2448156258310528,0.9626464603892756,0.5545087787792855,1.2641094124537648,random_forest,UCAYALI
2020-10-19,1.2448156258310528,0.8002848533462378,0.5279688785315887,1.394016936689077,random_forest,UCAYALI
2020-10-26,0.7355728698092573,0.8828308295037285,0.5654716436658659,1.8795020982799804,random_forest,UCAYALI
2020-11-02,0.5092427560217926,0.8007608778351653,0.5092427560217926,1.8795020982799804,random_forest,UCAYALI
2020-11-09,0.7921553982561235,0.8795856889853515,0.5205592617111658,1.6176563478568096,random_forest,UCAYALI
2020-11-16,1.1316505689373206,0.8937994628121922,0.5092427560217926,1.52636754605739,random_forest,UCAYALI
2020-11-23,1.1316505689373206,1.1034623724063255,0.622407812915525,1.52636754605739,random_forest,UCAYALI
2020-11-30,1.0184855120435883,0.9103610495449247,0.5092427560217926,1.52636754605739,random_forest,UCAYALI
2020-12-07,0.9053204551498558,0.8210416109102928,0.531875767400539,1.2544625191424088,random_forest,UCAYALI
2020-12-14,1.3579806827247853,0.8221583356967099,0.5184845690014473,1.258594773941411,random_forest,UCAYALI
2020-12-21,1.8106409102997147,0.8530589558088255,0.5233883881335091,1.3022854948906455,random_forest,UCAYALI
2020-12-28,2.0369710240871792,1.4382798649216442,0.5541315619229731,3.020128946117214,random_forest,UCAYALI
2021-01-04,2.1326597442564363,2.2289050124140037,1.4078890903933747,3.211534005904247,random_forest,UCAYALI
2021-01-11,2.0598491888511288,2.3940795792035523,1.750702227242757,3.2361633190389747,random_forest,UCAYALI
2021-01-18,3.2647189021690983,2.267863449843078,1.6165068632727335,3.552504484838069,random_forest,UCAYALI
2021-01-25,3.4860557768924267,3.7860048613492845,2.781890713588044,4.68379135229431,random_forest,UCAYALI
2021-02-01,3.596724214254092,3.6588518525979468,3.0601859319865756,4.332126843750547,random_forest,UCAYALI
2021-02-08,2.5453740593182794,3.6804118184452674,3.118104849756548,4.504692955940377,random_forest,UCAYALI
2021-02-15,2.5453740593182794,2.760186758648214,1.892460162888666,3.723109808843554,random_forest,UCAYALI
2021-02-22,2.6560424966799436,2.894646264086185,1.8357764121553104,3.758912918637229,random_forest,UCAYALI
2021-03-01,4.0393979637007495,2.798095909015977,2.0108285018971883,3.80831694628757,random_forest,UCAYALI
2021-03-08,4.205400619743246,4.425256204665494,3.473171370953685,5.268099285869803,random_forest,UCAYALI
2021-03-15,4.482071713147407,4.490824425513198,3.5581617778005232,5.242136015959488,random_forest,UCAYALI
2021-03-22,4.150066401062414,4.251387459020275,3.5542476267092176,5.154114219182599,random_forest,UCAYALI
2021-03-29,3.9840637450199172,4.343116769745024,3.6501704638410075,4.927940320693161,random_forest,UCAYALI
2021-04-05,3.707392651615756,4.274756705092782,3.3079877739928105,5.026394713200427,random_forest,UCAYALI
2021-04-12,2.656042496679944,3.687786029563944,2.6437146790077244,4.5979805740342705,random_forest,UCAYALI
2021-04-19,3.1540504648074346,2.96346580677794,2.0391302377290534,3.9325626424311246,random_forest,UCAYALI
2021-04-26,3.430721558211595,3.2209629495808128,2.3279110334796753,4.009062062285005,random_forest,UCAYALI
2021-05-03,3.1540504648074346,3.8289234032317996,2.7817525134861634,4.575558818654629,random_forest,UCAYALI
2021-05-10,2.434705621956615,3.0056753223448367,2.3342146383147417,3.8503860390846127,random_forest,UCAYALI
2021-05-17,2.4900398406374475,2.953523107837925,2.160164263465769,3.803623495524823,random_forest,UCAYALI
2021-05-24,3.098716246126602,2.9568127365873993,2.2467247691706382,3.9616821047780317,random_forest,UCAYALI
2021-05-31,2.600708277999112,3.0158140397278106,2.24825602362228,3.9787822641967043,random_forest,UCAYALI
2021-06-07,1.881363435148293,2.57341033364749,1.892460162888666,3.6742539333971687,random_forest,UCAYALI
2021-06-14,1.604692341744132,1.9626649409521333,0.8082207947258587,3.2603316604775103,random_forest,UCAYALI
2021-06-21,2.4900398406374475,1.799848013163333,0.7918982049450013,2.9482667743404263,random_forest,UCAYALI
2021-06-28,2.4347056219566157,2.780675962940129,1.8891783301750684,3.5339938625450102,random_forest,UCAYALI
2021-07-05,2.4900398406374475,2.811671263670534,1.983022633633068,3.6825191083627287,random_forest,UCAYALI
2021-07-12,1.9920318725099577,2.870986717501871,1.983022633633068,3.6825191083627287,random_forest,UCAYALI
2021-07-19,1.9366976538291256,2.21816986737801,1.3646077923565594,2.9455681943407193,random_forest,UCAYALI
2021-07-26,1.3833554670208033,2.141356741209086,1.1871014468152492,2.865611907446638,random_forest,UCAYALI
2021-08-02,1.05135015493581,1.7573696541260941,0.7261424484014464,2.8536960328014453,random_forest,UCAYALI
2021-08-09,1.881363435148293,1.0616115750017334,0.6358461634216557,2.3536406570548833,random_forest,UCAYALI
2021-08-16,2.4347056219566157,1.8571055425646759,0.8161356126931287,2.63381200004486,random_forest,UCAYALI
2021-08-23,2.9880478087649376,2.4871904603334167,1.931396067169405,3.525144536094731,random_forest,UCAYALI
2021-08-30,1.9366976538291256,2.9408623494875092,2.0259405306805434,3.7376686839882547,random_forest,UCAYALI
2021-09-06,1.9366976538291256,1.8783627527077977,1.1761661029791919,2.965457568374351,random_forest,UCAYALI
2021-09-13,1.2726870296591388,2.086075583121564,1.3024871576797434,2.7328142957150936,random_forest,UCAYALI
2021-09-20,1.826029216467461,1.3583208655653864,0.5543673224581683,2.3052675955348763,random_forest,UCAYALI
2021-09-27,1.6046923417441323,2.125270591253009,1.017892564904722,2.7295152109270187,random_forest,UCAYALI
2021-10-04,1.604692341744132,2.180160789987738,1.2554475336476092,2.7827639364366177,random_forest,UCAYALI
2021-10-11,1.1620185922974746,1.814518121727735,1.328021248339971,2.580950815830612,random_forest,UCAYALI
2021-10-18,0.6086764054891523,1.468067055186404,0.7126569457882765,1.9927253779355323,random_forest,UCAYALI
2021-10-25,0.55334218680832,1.258114287306445,0.5375340202452257,2.0111783518943165,random_forest,UCAYALI
2021-11-01,0.6086764054891521,0.9230755354124243,0.5370624991748351,1.7069428130003241,random_forest,UCAYALI
2021-11-08,0.7746790615316489,0.7517059437061703,0.5090138992313531,1.217938924818792,random_forest,UCAYALI
2021-11-15,0.8853474988933132,0.9676078657717032,0.4865289124595506,1.4569982289367995,random_forest,UCAYALI
2021-11-22,0.6086764054891521,1.1110085361019852,0.5542341506307581,1.5065070020428069,random_forest,UCAYALI
2021-11-29,0.4426737494466555,0.754129907359949,0.48659030144353005,1.2070939401998089,random_forest,UCAYALI
2021-12-06,0.38733953076582334,0.671640118743486,0.2734822208265169,1.1697494714248773,random_forest,UCAYALI
2021-12-13,0.55334218680832,0.6204074943007166,0.22633011378746176,1.0474840578726072,random_forest,UCAYALI
2021-12-20,0.6640106241699844,0.703349677756315,0.37358295050142853,1.307056407122607,random_forest,UCAYALI
2021-12-27,0.7746790615316489,0.7954226048519061,0.4139954998029013,1.5277282680653839,random_forest,UCAYALI
2022-01-03,0.7690001028517695,0.9281628243792404,0.457955794302263,1.2900816485885458,random_forest,UCAYALI
2022-01-10,1.1991801432026927,0.9473281396506419,0.4732071996811452,1.3013981542779192,random_forest,UCAYALI
2022-01-17,1.246563819731694,1.0242634970194275,0.6419262961244421,1.2933149359283667,random_forest,UCAYALI
2022-01-24,1.5175559544559754,0.9139625688451722,0.6318077075608107,1.4589866389263475,random_forest,UCAYALI
2022-01-31,1.4633575275111192,1.71785338227756,0.7770486239816609,2.6475823940693832,random_forest,UCAYALI
2022-02-07,1.3549606736214066,1.5500055864486726,0.7839374528915668,2.5200515990612327,random_forest,UCAYALI
2022-02-14,1.3549606736214066,1.5373548676495543,0.7270386859706389,2.506685247554888,random_forest,UCAYALI
2022-02-21,1.1923653927868374,1.5232136314468032,0.7207199560919548,2.5060027977066417,random_forest,UCAYALI
2022-02-28,1.30076224667655,1.1194652456544796,0.6675392830966564,1.5641973500588187,random_forest,UCAYALI
2022-03-07,0.9755716850074121,1.242049429506086,0.7199698089345156,1.6717925854617182,random_forest,UCAYALI
2022-03-14,1.1923653927868376,1.038199702162359,0.5981412205455506,1.545749320924979,random_forest,UCAYALI
2022-03-21,1.8427465161251135,1.1086715549554091,0.6080264202686132,1.5900374471754535,random_forest,UCAYALI
2022-03-28,2.8183182011325285,1.5468548565579934,0.8774045117247401,2.2643733342827392,random_forest,UCAYALI
2022-04-04,2.7641197741876717,2.8079022514759373,1.9586468939058554,3.9851725564132687,random_forest,UCAYALI
2022-04-11,2.655722920297959,2.746057650815064,1.927475284048987,3.8744982457389545,random_forest,UCAYALI
2022-04-18,2.5473260664082464,2.9770414264769127,1.9287268913762914,3.9846394024468488,random_forest,UCAYALI
2022-04-25,3.739691459195086,2.713045472898358,1.9805106872265008,3.6641821501655927,random_forest,UCAYALI
2022-05-02,4.227477301698793,3.459252281244519,2.6542301340160943,4.197852026263736,random_forest,UCAYALI
2022-05-09,4.227477301698793,4.447378582536624,3.7919803261928475,5.169691912010192,random_forest,UCAYALI
2022-05-16,3.902286740029655,4.32214482026093,3.7064278445949035,5.10257897474048,random_forest,UCAYALI
2022-05-23,3.631294605305373,3.799915583783933,2.88859730812372,4.66468879664209,random_forest,UCAYALI
2022-05-30,3.5770961783605166,3.2008526622971103,2.52179129624029,4.123786442873466,random_forest,UCAYALI
2022-06-06,4.173278874753937,3.2389369274377926,2.3893063299708976,4.247042668366032,random_forest,UCAYALI
2022-06-13,4.498469436423075,4.105727972647594,3.630242832525459,5.061126236716508,random_forest,UCAYALI
2022-06-20,4.390072582533363,4.346296575672535,3.691441277511372,5.111853799956995,random_forest,UCAYALI
2022-06-27,3.08931033585681,4.265926427662843,3.6992232345116505,4.968783885491273,random_forest,UCAYALI
2022-07-04,2.6015244933531028,2.6708805796079034,2.1302065827361756,3.7126748745762344,random_forest,UCAYALI
2022-07-11,3.143508762801666,2.635021271622648,1.9492170642539104,3.5847396460741163,random_forest,UCAYALI
2022-07-18,2.980913481967097,2.9302057761084788,2.3673129060250386,3.5381870242219295,random_forest,UCAYALI
2022-07-25,2.601524493353103,2.7937295774578823,2.0165712667998146,3.6891165005390034,random_forest,UCAYALI
2022-08-01,3.0893103358568097,2.7657869227936143,1.9643647631695416,3.683776559320108,random_forest,UCAYALI
2022-08-08,3.848088313084799,2.9907464206381853,2.1721257872662827,3.7291941302049803,random_forest,UCAYALI
2022-08-15,4.335874155588506,3.9199150986584286,3.1767526799364063,4.472067034837511,random_forest,UCAYALI
2022-08-22,2.8183182011325285,4.364150436759149,3.574810395368905,5.002208468975147,random_forest,UCAYALI
2022-08-29,2.113738650849396,2.7761081927515057,2.187646664581368,3.393815804256025,random_forest,UCAYALI
2022-09-05,1.517555954455976,2.7852628134044584,1.651418528674041,3.552205462338916,random_forest,UCAYALI
2022-09-12,2.1679370777942517,1.4356394589686217,0.742488801787861,2.2164822847191314,random_forest,UCAYALI
2022-09-19,2.3305323586288207,2.4575292050275097,1.4105614578722123,3.5530248365911716,random_forest,UCAYALI
2022-09-26,2.3305323586288207,2.5141586964802043,1.6822341679297976,3.437109008361851,random_forest,UCAYALI
2022-10-03,1.842746516125114,2.473589093358618,1.6822341679297976,3.552153401391579,random_forest,UCAYALI
2022-10-10,2.5473260664082464,1.581175529216366,1.0591021585828806,2.2622322815825497,random_forest,UCAYALI
2022-10-17,3.577096178360517,2.3985552099715144,1.494023904382468,3.516915556260248,random_forest,UCAYALI
2022-10-24,3.3603024705810918,3.305801061221906,1.9178500608882234,4.153366330460146,random_forest,UCAYALI
2022-10-31,2.5473260664082464,3.3361235694946556,2.1206048858552635,4.135489911976829,random_forest,UCAYALI
2022-11-07,2.059540223904539,2.7412437435893278,1.9160935708955797,3.672779546810792,random_forest,UCAYALI
2022-11-14,2.49312763946339,2.507040095427968,1.331857550849795,3.654491812002244,random_forest,UCAYALI
2022-11-21,2.49312763946339,2.904665687100901,1.9665277338576157,3.767306931162911,random_forest,UCAYALI
2022-11-28,2.276333931683965,2.905903636981732,1.7679282868525876,3.7355416577714684,random_forest,UCAYALI
2022-12-05,2.113738650849396,2.400171820281639,1.493257244960684,3.502689486997134,random_forest,UCAYALI
2022-12-12,2.0595402239045395,2.3294606996998244,1.4124803080848833,3.4696741663364024,random_forest,UCAYALI
2022-12-19,1.5717543814008323,2.339623290616862,1.382477711620282,3.4619135086733177,random_forest,UCAYALI
2022-12-26,1.9511433700148266,1.7099485484506314,1.1318282731855762,2.485247058627616,random_forest,UCAYALI
2023-01-02,1.6738214478472526,1.8883489055134457,1.2306225128625474,2.922504089166945,random_forest,UCAYALI
2023-01-09,1.7737785851459087,1.7708896465033088,1.1632719219234917,2.7633669841731487,random_forest,UCAYALI
2023-01-16,1.7537342582421502,1.832179534637745,1.1541382713787494,3.0663354138149836,random_forest,UCAYALI
2023-01-23,1.9663081077260476,1.8026236186319897,1.1290544982348545,3.0761579267465056,random_forest,UCAYALI
2023-01-30,2.1257384948389704,1.8289927017053234,1.2126302555539206,2.866910178687418,random_forest,UCAYALI
2023-02-06,2.1257384948389704,2.2617979552323058,1.3665208592324987,3.249187964985436,random_forest,UCAYALI
2023-02-13,2.019451570097022,2.2751529546370657,1.4345167955008598,3.249187964985436,random_forest,UCAYALI
2023-02-20,2.3383123443228677,2.071691685597701,1.263279763163299,3.423043087844428,random_forest,UCAYALI
2023-02-27,2.0725950324679965,2.3851246869910305,1.9413806563025828,3.359921224594582,random_forest,UCAYALI
2023-03-06,2.60402965617774,2.2855927136037084,1.639043344031066,3.160967242142539,random_forest,UCAYALI
2023-03-13,1.860021182984099,3.0266155611063414,2.023733539040428,4.048513519352573,random_forest,UCAYALI
2023-03-20,1.4348734840163047,1.9089466370997359,1.1142343974233835,2.637656777983007,random_forest,UCAYALI
2023-03-27,1.8068777206131248,1.4608499767785181,0.7876603465635506,2.3120320530850087,random_forest,UCAYALI
2023-04-03,2.869746968032611,1.7986989732323757,1.0565847265079489,2.711173928655134,random_forest,UCAYALI
2023-04-10,3.7200423659681996,2.812107231269462,2.1063108372210055,3.676344673816454,random_forest,UCAYALI
2023-04-17,3.0823208175165084,3.146587360117358,2.355548366301605,4.2071563261758085,random_forest,UCAYALI
2023-04-24,3.241751204629431,2.7239685435368157,2.1622269279299284,3.6081647519674704,random_forest,UCAYALI
2023-05-01,3.1354642798874828,3.0840762688587393,2.4896410674223306,3.9117812158581136,random_forest,UCAYALI
2023-05-08,3.8263292907101487,3.034681814947312,2.4232046021570968,3.9117812158581136,random_forest,UCAYALI
2023-05-15,3.8263292907101487,3.8623504992591675,2.666741309931043,4.872533372434871,random_forest,UCAYALI
2023-05-22,4.357763914419892,3.802529454506154,3.0495086658131054,4.377555347968854,random_forest,UCAYALI
2023-05-29,4.2514769896779425,4.079062293499646,3.0608247347808963,4.986077378629368,random_forest,UCAYALI
2023-06-05,4.676624688645737,3.930450850667406,3.303541700835647,4.602670887704961,random_forest,UCAYALI
2023-06-12,4.46405083916184,4.123016974439134,3.2941956777992862,4.9320882491766405,random_forest,UCAYALI
2023-06-19,4.517194301532815,4.305534112790572,3.6248701234783525,4.876209035719519,random_forest,UCAYALI
2023-06-26,4.995485462871583,4.043233644307587,3.0859423204733454,4.839412583208624,random_forest,UCAYALI
2023-07-03,4.889198538129635,5.027577133276044,3.704489490420375,5.778847676885826,random_forest,UCAYALI
2023-07-10,6.164641635033019,4.403316941876696,3.176220114267644,5.593181888070217,random_forest,UCAYALI
2023-07-17,5.261202774726455,5.258536929386178,4.495386547793813,5.983348767760398,random_forest,UCAYALI
2023-07-24,5.845780860807172,5.092632834069104,4.384654068690525,5.955263155417498,random_forest,UCAYALI
2023-07-31,4.304620452048917,5.129647716865542,4.428566223097792,5.983348767760398,random_forest,UCAYALI
2023-08-07,3.6668989035972253,4.331931593996731,3.2005973868289,4.890326091991761,random_forest,UCAYALI
2023-08-14,2.232025419580919,2.961157491053109,2.1844231071782856,4.044183268566565,random_forest,UCAYALI
2023-08-21,2.4445992690648164,2.1326026029611196,1.2864083850389425,2.989961555197663,random_forest,UCAYALI
2023-08-28,2.4977427314357907,2.433153941649665,1.399021995934701,3.1654218079846936,random_forest,UCAYALI
2023-09-04,3.0291773551455337,2.539203537898968,1.7736873370185628,3.2582154148306977,random_forest,UCAYALI
2023-09-11,2.710316580919688,3.1411468271528302,2.083906849936826,3.9634878778225837,random_forest,UCAYALI
2023-09-18,3.0291773551455337,3.0766367224621884,2.1018352341154873,3.897719218582714,random_forest,UCAYALI
2023-09-25,3.401181591742354,3.203995895628395,2.268549133022788,3.9594756925411856,random_forest,UCAYALI
2023-10-02,3.1886077422584562,3.168695012024848,2.2362731674920413,3.984311037726425,random_forest,UCAYALI
2023-10-09,3.0823208175165075,3.0811825641844677,2.391805144945326,3.818983372266628,random_forest,UCAYALI
2023-10-16,3.613755441226251,3.2150879231548783,2.6080870901390623,3.9008926924820164,random_forest,UCAYALI
2023-10-23,4.729768151016711,3.2857761371714194,2.513256138611896,4.001998063763292,random_forest,UCAYALI
2023-10-30,4.517194301532815,4.027296454928796,2.99897962428205,5.119131468085053,random_forest,UCAYALI
2023-11-06,4.729768151016711,3.8573763368364977,2.9538142684946695,4.75665131590793,random_forest,UCAYALI
2023-11-13,3.8263292907101487,3.9959638297205915,2.9538142684946695,4.8284152699123855,random_forest,UCAYALI
2023-11-20,3.7731858283391744,3.89342800942308,2.9408920423542533,4.810373816440578,random_forest,UCAYALI
2023-11-27,2.9760338927745598,3.960830242103619,2.9538142684946695,4.841356242951327,random_forest,UCAYALI
2023-12-04,2.6571731185487137,2.969269676738162,2.1484846747380804,3.974009070268414,random_forest,UCAYALI
2023-12-11,2.816603505661637,3.3323149559241902,2.5428299915890054,4.093873942023866,random_forest,UCAYALI
2023-12-18,2.6571731185487137,3.4272083115665963,2.586254414556697,4.11931682635253,random_forest,UCAYALI
2023-12-25,3.241751204629431,3.426272224239154,2.5150108542235197,4.12918099008776,random_forest,UCAYALI
2005-12-26,5.938123151859479,7.5814409255981445,6.748676776885986,8.156457901000977,xgboost,UCAYALI
2006-01-02,8.884262561691338,6.0334930419921875,5.26693058013916,6.6955718994140625,xgboost,UCAYALI
2006-01-09,8.841408546522159,8.521921157836914,7.688260555267334,9.42810344696045,xgboost,UCAYALI
2006-01-16,9.281611161845346,8.905075073242188,8.476899147033691,9.912047386169434,xgboost,UCAYALI
2006-01-23,6.5285909019759645,8.317667007446289,7.898003578186035,8.999792098999023,xgboost,UCAYALI
2006-01-30,6.44993318026541,6.1719536781311035,5.561576843261719,6.822940349578857,xgboost,UCAYALI
2006-02-06,7.315168119081502,6.173972129821777,5.3817877769470215,6.957081317901611,xgboost,UCAYALI
2006-02-13,6.764564067107625,7.485579490661621,6.868666648864746,8.226750373840332,xgboost,UCAYALI
2006-02-20,6.685906345397072,6.4290852546691895,5.937859535217285,6.941280364990234,xgboost,UCAYALI
2006-02-27,6.135302293423195,6.388855934143066,5.770380020141602,6.865051746368408,xgboost,UCAYALI
2006-03-06,8.573691666450362,6.36116361618042,5.826331615447998,7.000751972198486,xgboost,UCAYALI
2006-03-13,11.326711926319744,9.317047119140625,8.773294448852539,9.780064582824707,xgboost,UCAYALI
2006-03-20,13.450470412504695,11.70898151397705,10.882043838500977,12.49555778503418,xgboost,UCAYALI
2006-03-27,13.135839525662478,13.124678611755371,11.613432884216309,14.537129402160645,xgboost,UCAYALI
2006-04-03,15.416913455268537,13.278553009033203,12.580946922302246,14.099528312683105,xgboost,UCAYALI
2006-04-10,17.855302828295702,15.656792640686035,14.667128562927246,16.532995223999023,xgboost,UCAYALI
2006-04-17,19.821745871059548,17.608806610107422,16.71057891845703,18.066627502441406,xgboost,UCAYALI
2006-04-24,16.832752446058503,17.30961799621582,16.34542465209961,17.9400577545166,xgboost,UCAYALI
2006-05-01,13.214497247373032,16.694107055664062,15.456367492675781,17.779081344604492,xgboost,UCAYALI
2006-05-08,11.877315978293618,12.930895805358887,11.568268775939941,14.112709999084473,xgboost,UCAYALI
2006-05-15,14.630336238163002,11.736414909362793,10.766033172607422,13.097786903381348,xgboost,UCAYALI
2006-05-22,15.731544342110752,14.08120059967041,13.008076667785645,14.891886711120605,xgboost,UCAYALI
2006-05-29,14.944967125005213,15.331917762756348,14.073809623718262,16.101505279541016,xgboost,UCAYALI
2006-06-05,10.854765596056419,14.840350151062012,13.627164840698242,15.902023315429688,xgboost,UCAYALI
2006-06-12,9.910872935529776,10.57933521270752,9.745803833007812,11.28538990020752,xgboost,UCAYALI
2006-06-19,8.652349388160916,9.405621528625488,8.905488967895508,9.994026184082031,xgboost,UCAYALI
2006-06-26,10.06818837895088,8.229991912841797,7.935369968414307,8.582674026489258,xgboost,UCAYALI
2006-07-03,10.146846100661435,9.078598022460938,8.421502113342285,9.672147750854492,xgboost,UCAYALI
2006-07-10,11.248054204609188,9.23062515258789,8.7310791015625,9.895593643188477,xgboost,UCAYALI
2006-07-17,11.248054204609188,10.245962142944336,9.564489364624023,11.025005340576172,xgboost,UCAYALI
2006-07-24,11.562685091451401,10.305270195007324,9.67024040222168,11.11742115020752,xgboost,UCAYALI
2006-07-31,10.933423317766973,11.003265380859375,10.398194313049316,11.547673225402832,xgboost,UCAYALI
2006-08-07,8.888322553292575,10.691054344177246,9.987250328063965,11.329957962036133,xgboost,UCAYALI
2006-08-14,7.236510397370947,9.150429725646973,8.701712608337402,9.647043228149414,xgboost,UCAYALI
2006-08-21,8.023087614476486,6.967015743255615,6.40671443939209,7.723458290100098,xgboost,UCAYALI
2006-08-28,7.472483562502609,7.660386085510254,7.095021724700928,8.30478286743164,xgboost,UCAYALI
2006-09-04,6.449933180265411,6.929443359375,6.388690948486328,7.535114288330078,xgboost,UCAYALI
2006-09-11,11.405369648030295,5.940413951873779,5.444990634918213,6.627915382385254,xgboost,UCAYALI
2006-09-18,13.214497247373032,11.108722686767578,10.100924491882324,12.133660316467285,xgboost,UCAYALI
2006-09-25,13.765101299346908,11.90113639831543,10.94971752166748,12.838895797729492,xgboost,UCAYALI
2006-10-02,7.000537232239285,12.910348892211914,11.790321350097656,13.92225456237793,xgboost,UCAYALI
2006-10-09,6.921879510528733,7.184117794036865,6.279892921447754,8.021028518676758,xgboost,UCAYALI
2006-10-16,6.135302293423194,6.930276870727539,6.169590473175049,7.673833847045898,xgboost,UCAYALI
2006-10-23,6.135302293423194,6.546535968780518,5.873197078704834,7.295745849609375,xgboost,UCAYALI
2006-10-30,4.640805580922674,6.317251205444336,5.869819164276123,6.870582103729248,xgboost,UCAYALI
2006-11-06,4.876778746054335,5.70976448059082,5.028443336486816,6.546394348144531,xgboost,UCAYALI
2006-11-13,5.348725076317657,5.34077787399292,4.9025397300720215,5.8503618240356445,xgboost,UCAYALI
2006-11-20,6.843221788818179,5.5816168785095215,5.1845831871032715,6.143726348876953,xgboost,UCAYALI
2006-11-27,8.101745336187038,6.7069220542907715,6.0937981605529785,7.413578510284424,xgboost,UCAYALI
2006-12-04,8.101745336187038,7.352854251861572,6.596108913421631,7.865450382232666,xgboost,UCAYALI
2006-12-11,7.393825840792055,7.221014976501465,6.60538911819458,8.17117977142334,xgboost,UCAYALI
2006-12-18,9.360268883555898,6.022273540496826,5.219017028808594,6.877205848693848,xgboost,UCAYALI
2006-12-25,9.124295718424237,8.296238899230957,7.380457878112793,9.284161567687988,xgboost,UCAYALI
2007-01-01,9.075475981364287,8.816102027893066,8.113813400268555,9.317062377929688,xgboost,UCAYALI
2007-01-08,7.524531447888196,8.72831916809082,8.20541000366211,9.220868110656738,xgboost,UCAYALI
2007-01-15,8.561663646944762,7.642397880554199,7.0493974685668945,8.13232707977295,xgboost,UCAYALI
2007-01-22,8.407399437089902,7.889626502990723,7.1023054122924805,8.75869369506836,xgboost,UCAYALI
2007-01-29,8.484531542017333,7.321594715118408,6.77232027053833,7.908554553985596,xgboost,UCAYALI
2007-02-05,8.561663646944764,7.884033679962158,7.087874412536621,8.605925559997559,xgboost,UCAYALI
2007-02-12,8.253135227235042,8.049188613891602,7.176836013793945,8.842405319213867,xgboost,UCAYALI
2007-02-19,7.558946282888169,7.487578392028809,6.984522819519043,7.932834625244141,xgboost,UCAYALI
2007-02-26,5.939172079412134,7.0589070320129395,6.387823104858398,7.63106107711792,xgboost,UCAYALI
2007-03-05,5.0135868202829705,6.9821295738220215,6.026548385620117,7.587860107421875,xgboost,UCAYALI
2007-03-12,5.244983135065261,5.135168552398682,4.404531002044678,6.02916955947876,xgboost,UCAYALI
2007-03-19,6.787625233613866,5.352463722229004,4.774982929229736,5.969267845153809,xgboost,UCAYALI
2007-03-26,9.101588381436775,7.224747180938721,6.592166900634766,7.8568291664123535,xgboost,UCAYALI
2007-04-02,10.412834165203089,10.030771255493164,9.18856430053711,10.822327613830566,xgboost,UCAYALI
2007-04-09,10.104305745493368,12.023411750793457,10.950385093688965,13.846192359924316,xgboost,UCAYALI
2007-04-16,9.950041535638507,12.292346954345703,11.075148582458496,13.649271011352539,xgboost,UCAYALI
2007-04-23,10.258569955348227,11.555370330810547,9.813654899597168,13.053893089294434,xgboost,UCAYALI
2007-04-30,11.56981573911454,11.631035804748535,10.590054512023926,12.677550315856934,xgboost,UCAYALI
2007-05-07,11.492683634187111,13.2506742477417,12.213623046875,13.86523151397705,xgboost,UCAYALI
2007-05-14,9.178720486364204,12.75925064086914,11.967438697814941,13.770771026611328,xgboost,UCAYALI
2007-05-21,8.793059961727053,8.905166625976562,8.36446762084961,9.534090995788574,xgboost,UCAYALI
2007-05-28,8.484531542017331,8.615144729614258,8.083691596984863,9.139195442199707,xgboost,UCAYALI
2007-06-04,10.72136258491281,8.435206413269043,8.118473052978516,8.8949613571167,xgboost,UCAYALI
2007-06-11,9.101588381436775,10.570558547973633,10.047330856323242,11.048760414123535,xgboost,UCAYALI
2007-06-18,8.17600312230761,8.335192680358887,7.928767204284668,8.761438369750977,xgboost,UCAYALI
2007-06-25,6.324832604049285,7.7481560707092285,7.330674171447754,8.298535346984863,xgboost,UCAYALI
2007-07-02,5.862039974484703,6.085534572601318,5.3218302726745605,6.679949760437012,xgboost,UCAYALI
2007-07-09,5.862039974484703,5.519833564758301,5.000185012817383,5.971928596496582,xgboost,UCAYALI
2007-07-16,6.170568394194423,5.8026862144470215,5.38564920425415,6.166622638702393,xgboost,UCAYALI
2007-07-23,6.093436289266994,5.970223903656006,5.404265403747559,6.567862033843994,xgboost,UCAYALI
2007-07-30,7.86747470259789,5.982358932495117,5.3263349533081055,6.732827186584473,xgboost,UCAYALI
2007-08-06,7.5589462828881695,8.030159950256348,7.599738121032715,8.465888977050781,xgboost,UCAYALI
2007-08-13,7.79034259767046,7.2865309715271,6.752426624298096,8.03329849243164,xgboost,UCAYALI
2007-08-20,5.322115239992692,7.70559024810791,7.1539411544799805,8.415690422058105,xgboost,UCAYALI
2007-08-27,4.705058400573249,5.146210193634033,4.667431831359863,5.695062637329102,xgboost,UCAYALI
2007-09-03,5.630643659702412,4.516374588012695,3.9809048175811768,5.122735023498535,xgboost,UCAYALI
2007-09-10,6.479096813904145,6.072553634643555,5.597559452056885,6.555291175842285,xgboost,UCAYALI
2007-09-17,6.710493128686436,7.553354740142822,6.887274265289307,8.743379592895508,xgboost,UCAYALI
2007-09-24,7.636078387815599,7.178984642028809,6.537452220916748,8.196940422058105,xgboost,UCAYALI
2007-10-01,8.561663646944764,7.386698246002197,6.8970232009887695,7.882419586181641,xgboost,UCAYALI
2007-10-08,9.101588381436775,8.103501319885254,7.455174446105957,8.998444557189941,xgboost,UCAYALI
2007-10-15,8.253135227235042,7.98944091796875,7.556797981262207,8.574959754943848,xgboost,UCAYALI
2007-10-22,7.019021548396157,7.035986423492432,6.626078128814697,7.691682815551758,xgboost,UCAYALI
2007-10-29,6.093436289266993,6.394690990447998,5.857854843139648,6.863481521606445,xgboost,UCAYALI
2007-11-05,4.8593226104281095,6.11126708984375,5.574097156524658,6.713056564331055,xgboost,UCAYALI
2007-11-12,5.244983135065261,5.152255058288574,4.679693222045898,5.511734485626221,xgboost,UCAYALI
2007-11-19,6.479096813904145,5.555661201477051,5.001327991485596,6.115975856781006,xgboost,UCAYALI
2007-11-26,6.633361023759005,6.820544242858887,6.194640159606934,7.3723955154418945,xgboost,UCAYALI
2007-12-03,6.093436289266993,7.112802505493164,6.594868183135986,7.787375450134277,xgboost,UCAYALI
2007-12-10,6.016304184339563,6.502697467803955,5.937870502471924,7.2486572265625,xgboost,UCAYALI
2007-12-17,7.019021548396156,5.969101905822754,5.434598445892334,6.71345853805542,xgboost,UCAYALI
2007-12-24,8.638795751872191,6.8468499183654785,6.1070876121521,7.603429317474365,xgboost,UCAYALI
2007-12-31,8.17600312230761,8.878753662109375,8.133441925048828,9.680493354797363,xgboost,UCAYALI
2008-01-07,6.9743511282084185,7.883658409118652,7.2055487632751465,8.531405448913574,xgboost,UCAYALI
2008-01-14,6.663766341275139,7.376612186431885,6.927469730377197,7.857706069946289,xgboost,UCAYALI
2008-01-21,7.435061496970779,6.443406581878662,6.101644515991211,6.851667404174805,xgboost,UCAYALI
2008-01-28,11.415447954945032,7.324640274047852,6.491380214691162,8.141751289367676,xgboost,UCAYALI
2008-02-04,11.415447954945032,12.563577651977539,11.799379348754883,13.488397598266602,xgboost,UCAYALI
2008-02-11,12.09136263648783,12.095934867858887,10.517948150634766,13.010592460632324,xgboost,UCAYALI
2008-02-18,9.613008804164238,13.094758987426758,12.179361343383789,14.108477592468262,xgboost,UCAYALI
2008-02-25,9.387703910316636,10.381089210510254,9.45003890991211,11.397298812866211,xgboost,UCAYALI
2008-03-03,10.063618591859436,9.672815322875977,8.91594409942627,10.42934799194336,xgboost,UCAYALI
2008-03-10,8.786890860056374,10.905976295471191,9.970772743225098,11.878355026245117,xgboost,UCAYALI
2008-03-17,8.18607780979611,8.785211563110352,8.115789413452148,9.297741889953613,xgboost,UCAYALI
2008-03-24,6.083232133885183,7.970284938812256,7.3187689781188965,8.661413192749023,xgboost,UCAYALI
2008-03-31,6.75914681542798,6.26822566986084,5.204762935638428,7.0481414794921875,xgboost,UCAYALI
2008-04-07,7.284858234405712,7.282666206359863,6.576880931854248,7.905734062194824,xgboost,UCAYALI
2008-04-14,8.035874547231044,8.311271667480469,7.395832538604736,9.028216361999512,xgboost,UCAYALI
2008-04-21,10.439126748272102,8.273093223571777,7.302126407623291,9.225545883178711,xgboost,UCAYALI
2008-04-28,10.889736535967302,10.698688507080078,9.715025901794434,11.55208969116211,xgboost,UCAYALI
2008-05-05,9.688110435446772,10.89559555053711,9.907554626464844,11.861892700195312,xgboost,UCAYALI
2008-05-12,8.26117944107864,9.671902656555176,8.904550552368164,10.287269592285156,xgboost,UCAYALI
2008-05-19,7.8105696533834434,7.803125858306885,7.287415981292725,8.277000427246094,xgboost,UCAYALI
2008-05-26,8.411382703643708,7.484692096710205,7.033186912536621,8.024136543273926,xgboost,UCAYALI
2008-06-02,7.510163128253311,8.655842781066895,7.817103385925293,9.48686695098877,xgboost,UCAYALI
2008-06-09,7.8105696533834434,6.790591239929199,6.274208068847656,7.522854804992676,xgboost,UCAYALI
2008-06-16,8.26117944107864,7.3653106689453125,6.886031150817871,7.924278736114502,xgboost,UCAYALI
2008-06-23,8.861992491338906,7.180885314941406,6.742114543914795,7.64071798324585,xgboost,UCAYALI
2008-06-30,9.087297385186504,8.038872718811035,7.5819315910339355,8.377120971679688,xgboost,UCAYALI
2008-07-07,10.364025116989568,8.241806030273438,7.709705352783203,8.786885261535645,xgboost,UCAYALI
2008-07-14,11.490549586227564,9.799005508422852,9.229280471801758,10.41860294342041,xgboost,UCAYALI
2008-07-21,11.340346323662496,10.877516746520996,10.284799575805664,11.511280059814453,xgboost,UCAYALI
2008-07-28,10.514228379554634,10.442702293395996,9.648756980895996,11.673563957214355,xgboost,UCAYALI
2008-08-04,9.012195753903972,9.700570106506348,9.044474601745605,10.448715209960938,xgboost,UCAYALI
2008-08-11,8.411382703643708,7.979630947113037,7.386730194091797,8.813549041748047,xgboost,UCAYALI
2008-08-18,8.186077809796108,7.940213680267334,7.187924385070801,8.499801635742188,xgboost,UCAYALI
2008-08-25,8.035874547231042,7.151331901550293,6.656978607177734,7.657515525817871,xgboost,UCAYALI
2008-09-01,8.786890860056372,7.169116020202637,6.646309852600098,7.671936988830566,xgboost,UCAYALI
2008-09-08,9.688110435446768,8.585322380065918,7.808309555053711,9.638558387756348,xgboost,UCAYALI
2008-09-15,9.087297385186504,9.477792739868164,8.618138313293457,10.508722305297852,xgboost,UCAYALI
2008-09-22,8.71178922877384,8.548221588134766,7.600917339324951,9.407000541687012,xgboost,UCAYALI
2008-09-29,6.909350077993046,8.287271499633789,7.755589008331299,8.759081840515137,xgboost,UCAYALI
2008-10-06,6.684045184145447,6.426455497741699,6.116855621337891,6.8353190422058105,xgboost,UCAYALI
2008-10-13,6.233435396450247,5.967148780822754,5.561112403869629,6.3926849365234375,xgboost,UCAYALI
2008-10-20,7.6603663908183774,5.873225688934326,5.293297290802002,6.319757461547852,xgboost,UCAYALI
2008-10-27,8.786890860056372,7.624960899353027,6.879947662353516,8.316247940063477,xgboost,UCAYALI
2008-11-03,9.68811043544677,8.00739860534668,6.980308532714844,8.660982131958008,xgboost,UCAYALI
2008-11-10,8.26117944107864,8.650593757629395,7.849976062774658,9.529715538024902,xgboost,UCAYALI
2008-11-17,6.909350077993046,7.412353038787842,6.963133811950684,7.868171215057373,xgboost,UCAYALI
2008-11-24,5.257114189777318,6.108259677886963,5.846016883850098,6.516427040100098,xgboost,UCAYALI
2008-12-01,6.383638659015314,4.639002323150635,4.070491313934326,5.474092960357666,xgboost,UCAYALI
2008-12-08,5.782825608755048,6.2896928787231445,5.776073455810547,6.785982131958008,xgboost,UCAYALI
2008-12-15,6.30853702773278,6.49699592590332,5.735089302062988,7.189546585083008,xgboost,UCAYALI
2008-12-22,5.031809295929718,6.7342209815979,6.17898416519165,7.373015403747559,xgboost,UCAYALI
2008-12-29,6.30853702773278,6.786102294921875,6.017828941345215,7.714707851409912,xgboost,UCAYALI
2009-01-05,6.254600271234607,7.28865909576416,6.5899858474731445,8.150465965270996,xgboost,UCAYALI
2009-01-12,6.499143727134488,7.034101486206055,6.182040691375732,7.764863014221191,xgboost,UCAYALI
2009-01-19,6.512603350990538,6.7169508934021,6.198676109313965,7.454434871673584,xgboost,UCAYALI
2009-01-26,6.951655262293271,7.841550350189209,7.254310607910156,8.50492000579834,xgboost,UCAYALI
2009-02-02,8.12246035910056,8.26621150970459,7.562534332275391,9.132765769958496,xgboost,UCAYALI
2009-02-09,9.146914818806936,9.280423164367676,8.702095031738281,9.91578483581543,xgboost,UCAYALI
2009-02-16,10.171369278513312,8.780516624450684,8.16150951385498,9.40335750579834,xgboost,UCAYALI
2009-02-23,10.464070552715134,10.335602760314941,9.359036445617676,11.210288047790527,xgboost,UCAYALI
2009-03-02,11.488525012421512,10.788386344909668,9.994030952453613,11.61644458770752,xgboost,UCAYALI
2009-03-09,13.976485843136997,11.727823257446289,10.448771476745605,13.194275856018066,xgboost,UCAYALI
2009-03-16,17.342550496457946,13.438446998596191,11.859561920166016,14.670761108398438,xgboost,UCAYALI
2009-03-23,19.464634734421157,16.6347713470459,15.821439743041992,17.81993293762207,xgboost,UCAYALI
2009-03-30,19.90368664572389,16.48038673400879,14.831940650939941,17.97353744506836,xgboost,UCAYALI
2009-04-06,19.098758141668878,15.889119148254395,14.081075668334961,17.643924713134766,xgboost,UCAYALI
2009-04-13,16.903498585155216,16.818470001220703,14.8684720993042,18.680356979370117,xgboost,UCAYALI
2009-04-20,13.830135206036084,15.47830867767334,14.514174461364746,16.619686126708984,xgboost,UCAYALI
2009-04-27,11.342174375320598,12.967697143554688,10.808723449707031,15.627049446105957,xgboost,UCAYALI
2009-05-04,10.610421189816044,11.888687133789062,10.32450008392334,13.154642105102539,xgboost,UCAYALI
2009-05-11,11.122648419669233,10.152901649475098,9.508482933044434,10.811410903930664,xgboost,UCAYALI
2009-05-18,9.3664407744583,10.862192153930664,10.191569328308105,11.720972061157227,xgboost,UCAYALI
2009-05-25,8.927388863155569,8.703935623168945,8.162349700927734,9.467211723327637,xgboost,UCAYALI
2009-06-01,7.390707173596002,8.638306617736816,8.067607879638672,9.23906135559082,xgboost,UCAYALI
2009-06-08,8.415161633302379,7.697096347808838,6.693978309631348,8.513237953186035,xgboost,UCAYALI
2009-06-15,8.781038226054656,8.019096374511719,7.4516987800598145,8.571277618408203,xgboost,UCAYALI
2009-06-22,9.293265455907845,8.322168350219727,7.612746238708496,8.808064460754395,xgboost,UCAYALI
2009-06-29,8.122460359100558,8.602632522583008,7.869032382965088,9.198354721069336,xgboost,UCAYALI
2009-07-06,8.122460359100558,7.813591003417969,7.101544380187988,8.664140701293945,xgboost,UCAYALI
2009-07-13,7.829759084898735,7.928295612335205,7.2570624351501465,8.710071563720703,xgboost,UCAYALI
2009-07-20,8.927388863155569,7.758650302886963,7.237444877624512,8.578429222106934,xgboost,UCAYALI
2009-07-27,7.756583766348279,8.64721393585205,8.020614624023438,9.178451538085938,xgboost,UCAYALI
2009-08-03,7.976109721999646,7.46813440322876,6.976053714752197,8.115278244018555,xgboost,UCAYALI
2009-08-10,8.268810996201468,7.6612138748168945,7.189321517944336,8.104501724243164,xgboost,UCAYALI
2009-08-17,8.122460359100556,7.457394123077393,7.074371814727783,7.8617777824401855,xgboost,UCAYALI
2009-08-24,8.195635677651012,7.470560550689697,6.948538303375244,7.878463268280029,xgboost,UCAYALI
2009-08-31,8.122460359100556,8.216591835021973,7.756929874420166,8.62017822265625,xgboost,UCAYALI
2009-09-07,9.220090137357388,8.309383392333984,7.614656925201416,9.104351997375488,xgboost,UCAYALI
2009-09-14,8.634687588953744,8.79128360748291,8.232813835144043,9.297913551330566,xgboost,UCAYALI
2009-09-21,7.537057810696911,8.174735069274902,7.456000804901123,8.823259353637695,xgboost,UCAYALI
2009-09-28,6.805304625192357,7.467482566833496,6.940524101257324,8.097606658935547,xgboost,UCAYALI
2009-10-05,6.293077395339169,6.696723461151123,5.865373134613037,7.571671485900879,xgboost,UCAYALI
2009-10-12,6.658953988091447,6.031689643859863,5.427380084991455,7.263276100158691,xgboost,UCAYALI
2009-10-19,6.219902076788713,6.523614883422852,6.049354553222656,7.023500442504883,xgboost,UCAYALI
2009-10-26,7.098005899394178,6.573111057281494,5.829171180725098,7.368010520935059,xgboost,UCAYALI
2009-11-02,8.634687588953744,7.928103446960449,7.116092205047607,8.486900329589844,xgboost,UCAYALI
2009-11-09,9.951843322861944,8.4625883102417,7.872346878051758,9.137066841125488,xgboost,UCAYALI
2009-11-16,10.537245871265588,8.491374015808105,7.725220203399658,9.149789810180664,xgboost,UCAYALI
2009-11-23,10.610421189816044,9.670985221862793,8.742021560668945,10.315091133117676,xgboost,UCAYALI
2009-11-30,9.3664407744583,9.784982681274414,8.709975242614746,10.541010856628418,xgboost,UCAYALI
2009-12-07,9.073739500256478,8.7913179397583,8.023225784301758,9.2932767868042,xgboost,UCAYALI
2009-12-14,6.805304625192359,8.321228981018066,7.777543544769287,8.83342456817627,xgboost,UCAYALI
2009-12-21,6.219902076788714,6.160079002380371,5.407781600952148,7.040023326873779,xgboost,UCAYALI
2009-12-28,3.292889334770495,5.747149467468262,5.131982803344727,6.299952507019043,xgboost,UCAYALI
2010-01-04,4.677707151478504,6.4749040603637695,5.82390832901001,6.947741508483887,xgboost,UCAYALI
2010-01-11,5.350901412852007,6.194220066070557,5.828907489776611,6.7237629890441895,xgboost,UCAYALI
2010-01-18,8.062024795363692,5.959832191467285,5.611018180847168,6.364599227905273,xgboost,UCAYALI
2010-01-25,7.348571273650091,7.80702018737793,6.878316879272461,8.836604118347168,xgboost,UCAYALI
2010-02-01,6.70646310410785,6.881042957305908,5.918257713317871,7.78474760055542,xgboost,UCAYALI
2010-02-08,5.636282821537448,6.946138858795166,6.36232852935791,7.681338787078857,xgboost,UCAYALI
2010-02-15,5.564937469366089,6.891584873199463,6.164364814758301,7.615805149078369,xgboost,UCAYALI
2010-02-22,5.850318878051528,6.7677836418151855,6.339233875274658,7.328590393066406,xgboost,UCAYALI
2010-03-01,6.421081695422409,6.924098014831543,6.491008281707764,7.397219657897949,xgboost,UCAYALI
2010-03-08,6.278390991079689,7.409402847290039,6.744501113891602,8.352703094482422,xgboost,UCAYALI
2010-03-15,6.63511775193649,7.110443115234375,6.53448486328125,8.285937309265137,xgboost,UCAYALI
2010-03-22,8.133370147535052,7.969561576843262,7.262396335601807,8.848859786987305,xgboost,UCAYALI
2010-03-29,10.131040008333136,9.434934616088867,8.336776733398438,10.388175964355469,xgboost,UCAYALI
2010-04-05,12.200055221302579,11.202897071838379,10.600425720214844,11.953143119812012,xgboost,UCAYALI
2010-04-12,14.982523955985625,13.230427742004395,12.229209899902344,14.043288230895996,xgboost,UCAYALI
2010-04-19,18.90651832541043,16.278474807739258,14.594206809997559,17.99584197998047,xgboost,UCAYALI
2010-04-26,20.476116073180354,17.036115646362305,15.367683410644531,18.105504989624023,xgboost,UCAYALI
2010-05-03,20.761497481865792,16.300365447998047,14.972169876098633,17.367231369018555,xgboost,UCAYALI
2010-05-10,18.12171945152547,15.954140663146973,14.479683876037598,17.866735458374023,xgboost,UCAYALI
2010-05-17,19.19189973409587,14.595748901367188,13.035971641540527,16.091480255126953,xgboost,UCAYALI
2010-05-24,17.479611281983228,14.618903160095215,13.271646499633789,15.769353866577148,xgboost,UCAYALI
2010-05-31,16.124049590727385,14.34212589263916,13.089086532592773,15.77159309387207,xgboost,UCAYALI
2010-06-07,11.415256347417618,15.08255386352539,13.944599151611328,16.27642059326172,xgboost,UCAYALI
2010-06-14,9.060859725762732,11.525372505187988,9.977219581604004,12.995909690856934,xgboost,UCAYALI
2010-06-21,10.273730712675855,8.923182487487793,8.410623550415039,9.60889720916748,xgboost,UCAYALI
2010-06-28,9.988349303990415,10.181452751159668,9.536731719970703,10.861970901489258,xgboost,UCAYALI
2010-07-05,9.417586486619534,9.405787467956543,8.555851936340332,9.954717636108398,xgboost,UCAYALI
2010-07-12,6.635117751936488,9.200626373291016,8.645817756652832,9.785314559936523,xgboost,UCAYALI
2010-07-19,6.563772399765128,6.582651615142822,6.138806343078613,7.056972503662109,xgboost,UCAYALI
2010-07-26,6.492427047593768,6.741475582122803,6.250761985778809,7.112828731536865,xgboost,UCAYALI
2010-08-02,5.921664230222888,6.86309814453125,6.404734134674072,7.558415412902832,xgboost,UCAYALI
2010-08-09,6.06435493456561,6.837578773498535,6.246425628662109,7.677506923675537,xgboost,UCAYALI
2010-08-16,6.064354934565608,6.872877597808838,6.312849998474121,7.609758377075195,xgboost,UCAYALI
2010-08-23,5.636282821537448,6.893606185913086,6.300487995147705,7.640432834625244,xgboost,UCAYALI
2010-08-30,5.921664230222888,6.369167804718018,5.6597185134887695,6.9056572914123535,xgboost,UCAYALI
2010-09-06,6.064354934565607,6.618945121765137,5.966775894165039,7.225963592529297,xgboost,UCAYALI
2010-09-13,6.777808456279208,6.651907444000244,6.087840557098389,7.094522953033447,xgboost,UCAYALI
2010-09-20,6.991844512793288,7.090753555297852,6.489237308502197,7.742525577545166,xgboost,UCAYALI
2010-09-27,6.064354934565607,7.849238395690918,7.339677810668945,8.401934623718262,xgboost,UCAYALI
2010-10-04,7.063189864964649,6.835112571716309,6.2664079666137695,7.309260368347168,xgboost,UCAYALI
2010-10-11,7.56260733016417,8.117884635925293,7.394740104675293,8.583456039428711,xgboost,UCAYALI
2010-10-18,8.06202479536369,7.987488746643066,7.377772331237793,8.579923629760742,xgboost,UCAYALI
2010-10-25,6.563772399765128,8.016355514526367,6.925533771514893,8.734086990356445,xgboost,UCAYALI
2010-11-01,4.209375778110244,7.106961250305176,6.415050506591797,8.073769569396973,xgboost,UCAYALI
2010-11-08,3.923994369424804,5.58390474319458,5.227841377258301,6.07552433013916,xgboost,UCAYALI
2010-11-15,4.138030425938884,5.810708522796631,5.371859550476074,6.275765895843506,xgboost,UCAYALI
2010-11-22,4.637447891138406,5.218141555786133,4.628626823425293,6.053167343139648,xgboost,UCAYALI
2010-11-29,4.3520664824529645,5.9864068031311035,5.298579692840576,6.606564521789551,xgboost,UCAYALI
2010-12-06,4.138030425938884,5.7709550857543945,4.961271286010742,6.4443583488464355,xgboost,UCAYALI
2010-12-13,4.3520664824529645,5.647351264953613,4.856317043304443,6.378488063812256,xgboost,UCAYALI
2010-12-20,3.7099583129107234,4.343233108520508,3.8771424293518066,4.928309440612793,xgboost,UCAYALI
2010-12-27,2.9965047911971223,4.158121585845947,3.5365335941314697,5.085945129394531,xgboost,UCAYALI
2011-01-03,3.5881334741121598,5.202812194824219,4.427767276763916,6.195953845977783,xgboost,UCAYALI
2011-01-10,4.270254900677841,4.7353034019470215,4.285152435302734,5.334174633026123,xgboost,UCAYALI
2011-01-17,4.9419322955275495,4.64680290222168,4.221263885498047,5.352785110473633,xgboost,UCAYALI
2011-01-24,4.593908894434059,5.914256572723389,5.3715386390686035,6.307453155517578,xgboost,UCAYALI
2011-01-31,4.9419322955275495,5.422929763793945,4.817793846130371,6.24801778793335,xgboost,UCAYALI
2011-02-07,4.385094853777966,5.520151138305664,5.10025691986084,6.259716987609863,xgboost,UCAYALI
2011-02-14,4.4546995339966635,4.492274284362793,4.12551212310791,4.976086139678955,xgboost,UCAYALI
2011-02-21,4.106676132903174,4.1775221824646,3.8171563148498535,4.622186660766602,xgboost,UCAYALI
2011-02-28,4.315490173559268,4.420607566833496,4.041703224182129,4.848434925079346,xgboost,UCAYALI
2011-03-07,4.176280813121871,4.690073013305664,4.137270927429199,5.300673484802246,xgboost,UCAYALI
2011-03-14,4.385094853777965,4.419764041900635,4.194124698638916,4.861600399017334,xgboost,UCAYALI
2011-03-21,5.498769737277132,4.761507987976074,4.39348840713501,5.25975227355957,xgboost,UCAYALI
2011-03-28,6.055607179026715,6.227202892303467,5.792897701263428,6.58055305480957,xgboost,UCAYALI
2011-04-04,7.865328864712861,6.987193584442139,6.522317886352539,7.407767295837402,xgboost,UCAYALI
2011-04-11,10.997539474554266,9.039713859558105,8.405332565307617,9.722393035888672,xgboost,UCAYALI
2011-04-18,12.59844711958432,11.436511039733887,10.7769193649292,12.077635765075684,xgboost,UCAYALI
2011-04-25,13.016075200896504,12.94336986541748,10.64002513885498,15.247360229492188,xgboost,UCAYALI
2011-05-02,12.87686584045911,13.746535301208496,11.414554595947266,15.801143646240234,xgboost,UCAYALI
2011-05-09,13.294493921771299,13.328119277954102,11.973466873168945,14.995991706848145,xgboost,UCAYALI
2011-05-16,12.59844711958432,12.974710464477539,11.516888618469238,14.614953994750977,xgboost,UCAYALI
2011-05-23,9.466236509742913,12.799368858337402,11.255350112915039,14.297323226928711,xgboost,UCAYALI
2011-05-30,8.630980347118538,9.77343463897705,8.866317749023438,11.008833885192871,xgboost,UCAYALI
2011-06-06,9.048608428430725,9.177911758422852,8.490874290466309,10.144330978393555,xgboost,UCAYALI
2011-06-13,9.60544587018031,9.061760902404785,8.286452293395996,9.808298110961914,xgboost,UCAYALI
2011-06-20,8.143747585587652,8.695279121398926,7.769684314727783,9.46565055847168,xgboost,UCAYALI
2011-06-27,6.334025899901506,7.8336896896362305,7.044796466827393,8.610124588012695,xgboost,UCAYALI
2011-07-04,6.473235260338902,5.907418727874756,5.471064567565918,6.398288249969482,xgboost,UCAYALI
2011-07-11,7.030072702088485,6.623001575469971,6.29130744934082,7.14654541015625,xgboost,UCAYALI
2011-07-18,7.16928206252588,7.796620845794678,7.08505916595459,8.794885635375977,xgboost,UCAYALI
2011-07-25,5.707583777933224,8.217480659484863,7.489073753356934,8.953299522399902,xgboost,UCAYALI
2011-08-01,4.802722935090152,5.901770114898682,5.07558012008667,7.174110412597656,xgboost,UCAYALI
2011-08-08,4.1762808131218705,5.384978771209717,5.101101398468018,5.932971477508545,xgboost,UCAYALI
2011-08-15,3.3410246504974963,4.960537910461426,4.588464260101318,5.389678955078125,xgboost,UCAYALI
2011-08-22,3.271419970278798,4.582484722137451,4.0017313957214355,5.2496232986450195,xgboost,UCAYALI
2011-08-29,3.3410246504974954,3.6442534923553467,3.1456661224365234,4.227120399475098,xgboost,UCAYALI
2011-09-05,4.593908894434058,3.7275476455688477,3.362940549850464,4.174931526184082,xgboost,UCAYALI
2011-09-12,4.6635135746527565,5.251206398010254,4.5240159034729,6.0949506759643555,xgboost,UCAYALI
2011-09-19,4.593908894434058,5.31418514251709,4.7458086013793945,6.062888145446777,xgboost,UCAYALI
2011-09-26,3.1322106098414024,4.523420333862305,4.175826072692871,4.85761022567749,xgboost,UCAYALI
2011-10-03,2.644977848310517,4.304718017578125,3.979527235031128,4.555133819580078,xgboost,UCAYALI
2011-10-10,3.1322106098414024,4.422776699066162,3.9643306732177734,4.768703937530518,xgboost,UCAYALI
2011-10-17,3.8282574120283814,4.33002233505249,3.814513683319092,4.7306389808654785,xgboost,UCAYALI
2011-10-24,3.7586527318096827,4.185029029846191,3.814965009689331,4.509637832641602,xgboost,UCAYALI
2011-10-31,3.2018152900601002,3.739053249359131,3.354707956314087,4.181934833526611,xgboost,UCAYALI
2011-11-07,3.3410246504974963,3.5629801750183105,3.1456291675567627,4.033999443054199,xgboost,UCAYALI
2011-11-14,2.9233965691853085,3.9452924728393555,3.520045280456543,4.348663806915283,xgboost,UCAYALI
2011-11-21,2.7841872087479125,3.3860409259796143,2.8252573013305664,3.8082427978515625,xgboost,UCAYALI
2011-11-28,2.6449778483105164,3.299818754196167,3.018451452255249,3.6669607162475586,xgboost,UCAYALI
2011-12-05,2.7841872087479125,3.309338092803955,2.9727163314819336,3.7106244564056396,xgboost,UCAYALI
2011-12-12,3.3410246504974954,3.3628785610198975,2.9718310832977295,3.7962496280670166,xgboost,UCAYALI
2011-12-19,3.062605929622704,3.235520839691162,2.9988999366760254,3.5448415279388428,xgboost,UCAYALI
2011-12-26,3.1322106098414024,2.9523873329162598,2.6728055477142334,3.2419042587280273,xgboost,UCAYALI
2012-01-02,3.029453546964083,3.413167715072632,3.0879883766174316,3.7914915084838867,xgboost,UCAYALI
2012-01-09,3.755322170179415,3.4243252277374268,3.0618460178375244,3.836301565170288,xgboost,UCAYALI
2012-01-16,4.280664848403308,3.8494369983673096,3.469907522201538,4.269679546356201,xgboost,UCAYALI
2012-01-23,4.280664848403308,3.8692243099212646,3.433462619781494,4.230682849884033,xgboost,UCAYALI
2012-01-30,3.533247176459873,4.007724285125732,3.7062554359436035,4.250751495361328,xgboost,UCAYALI
2012-02-06,3.057617748859505,3.596449851989746,3.3576278686523438,3.9504098892211914,xgboost,UCAYALI
2012-02-13,2.8537765656022045,3.2537550926208496,3.0754663944244385,3.579470157623291,xgboost,UCAYALI
2012-02-20,2.7858295045164376,3.1053006649017334,2.79838490486145,3.371258497238159,xgboost,UCAYALI
2012-02-27,3.7370883597171733,3.0729124546051025,2.6933648586273193,3.343827247619629,xgboost,UCAYALI
2012-03-05,4.280664848403308,3.4630494117736816,3.135791301727295,3.851449728012085,xgboost,UCAYALI
2012-03-12,5.367817825775578,3.886629581451416,3.4304707050323486,4.367827415466309,xgboost,UCAYALI
2012-03-19,5.77550019229018,5.690796375274658,4.753403186798096,6.346959590911865,xgboost,UCAYALI
2012-03-26,6.862653169662448,6.213741779327393,5.403750896453857,6.952917575836182,xgboost,UCAYALI
2012-04-02,7.67801790269165,8.006061553955078,7.307979106903076,8.890852928161621,xgboost,UCAYALI
2012-04-09,8.629276757892386,9.836179733276367,8.845911026000977,10.820271492004395,xgboost,UCAYALI
2012-04-16,8.493382635720854,10.035470008850098,9.33187484741211,10.89621639251709,xgboost,UCAYALI
2012-04-23,8.765170880063922,10.072430610656738,9.43056583404541,10.604873657226562,xgboost,UCAYALI
2012-04-30,8.493382635720854,9.81672191619873,9.181005477905273,10.420358657836914,xgboost,UCAYALI
2012-05-07,6.930600230748216,8.700871467590332,8.247811317443848,9.214576721191406,xgboost,UCAYALI
2012-05-14,5.367817825775578,7.120457172393799,6.516444683074951,7.575511932373047,xgboost,UCAYALI
2012-05-21,3.261458932116806,6.493894100189209,6.065603733062744,6.876657962799072,xgboost,UCAYALI
2012-05-28,4.1447707262317754,4.351840019226074,3.7886478900909424,4.878477573394775,xgboost,UCAYALI
2012-06-04,5.299870764689811,4.418867111206055,3.9618124961853027,4.826090335845947,xgboost,UCAYALI
2012-06-11,7.678017902691651,5.367393970489502,4.523686408996582,6.0615057945251465,xgboost,UCAYALI
2012-06-18,7.813912024863185,7.869605541229248,7.184108734130859,8.743182182312012,xgboost,UCAYALI
2012-06-25,6.522917864233615,7.464299201965332,6.314444065093994,8.313142776489258,xgboost,UCAYALI
2012-07-02,6.18318255880478,5.819204330444336,5.322778224945068,6.27726936340332,xgboost,UCAYALI
2012-07-09,5.571659009032878,6.522461414337158,6.05473518371582,7.000452995300293,xgboost,UCAYALI
2012-07-16,5.97934137554748,6.225559711456299,5.7521820068359375,6.579130172729492,xgboost,UCAYALI
2012-07-23,4.89218839817521,6.1741623878479,5.756455421447754,6.6567888259887695,xgboost,UCAYALI
2012-07-30,5.2319237036040445,4.658820152282715,4.2019853591918945,5.082836627960205,xgboost,UCAYALI
2012-08-06,5.096029581432511,5.431779384613037,4.899353504180908,5.92471981048584,xgboost,UCAYALI
2012-08-13,4.89218839817521,5.1517462730407715,4.683826446533203,5.66598653793335,xgboost,UCAYALI
2012-08-20,4.68834721491791,4.327441692352295,3.8030009269714355,4.9615583419799805,xgboost,UCAYALI
2012-08-27,4.484506031660609,4.660336494445801,4.127589225769043,5.069252014160156,xgboost,UCAYALI
2012-09-03,4.212717787317541,4.421513080596924,4.000068187713623,4.8565778732299805,xgboost,UCAYALI
2012-09-10,4.1447707262317754,4.124222278594971,3.7611515522003174,4.662435531616211,xgboost,UCAYALI
2012-09-17,4.6883472149179095,3.8473403453826904,3.425597667694092,4.223607063293457,xgboost,UCAYALI
2012-09-24,4.484506031660609,4.027708530426025,3.250021457672119,4.622560501098633,xgboost,UCAYALI
2012-10-01,4.280664848403308,4.071775913238525,3.6573517322540283,4.416225433349609,xgboost,UCAYALI
2012-10-08,3.2614589321168057,3.9426770210266113,3.6262810230255127,4.195245742797852,xgboost,UCAYALI
2012-10-15,3.193511871031039,3.194202184677124,2.911031484603882,3.4427976608276367,xgboost,UCAYALI
2012-10-22,3.5332471764598736,3.1593010425567627,2.9127209186553955,3.3765347003936768,xgboost,UCAYALI
2012-10-29,3.8729824818887075,3.34679913520813,3.0694057941436768,3.8585824966430664,xgboost,UCAYALI
2012-11-05,5.096029581432512,3.5583536624908447,3.2685341835021973,3.8752336502075195,xgboost,UCAYALI
2012-11-12,5.367817825775579,4.6723408699035645,4.150266170501709,5.267500400543213,xgboost,UCAYALI
2012-11-19,5.571659009032879,5.508170127868652,4.840035438537598,6.082513809204102,xgboost,UCAYALI
2012-11-26,4.280664848403309,5.526280879974365,5.141899585723877,6.062863349914551,xgboost,UCAYALI
2012-12-03,4.008876604060242,4.018930912017822,3.6650636196136475,4.534168243408203,xgboost,UCAYALI
2012-12-10,4.348611909489076,4.0508294105529785,3.65889835357666,4.35731315612793,xgboost,UCAYALI
2012-12-17,5.028082520346744,4.05742883682251,3.743971109390259,4.353387355804443,xgboost,UCAYALI
2012-12-24,6.658811986405149,4.528348445892334,3.886667251586914,4.929854393005371,xgboost,UCAYALI
2012-12-31,6.522917864233616,6.062682628631592,5.583484172821045,6.660557270050049,xgboost,UCAYALI
2013-01-07,7.482059607746561,6.108493328094482,5.480086803436279,6.7032976150512695,xgboost,UCAYALI
2013-01-14,5.811814238547659,8.680085182189941,7.003048419952393,9.646530151367188,xgboost,UCAYALI
2013-01-21,5.906611821453076,6.166214942932129,5.404335975646973,6.783786296844482,xgboost,UCAYALI
2013-01-28,5.0438482969711655,6.745540142059326,5.976185321807861,7.323927879333496,xgboost,UCAYALI
2013-02-04,4.579283322250137,6.036550998687744,5.505641460418701,6.588772296905518,xgboost,UCAYALI
2013-02-11,4.048351922568961,4.387093544006348,4.1201887130737305,4.710177421569824,xgboost,UCAYALI
2013-02-18,3.7828862227283735,4.205733299255371,3.8547911643981934,4.635257720947266,xgboost,UCAYALI
2013-02-25,4.6456497472102845,4.010523796081543,3.735473871231079,4.3624701499938965,xgboost,UCAYALI
2013-03-04,6.238443946253811,4.637241840362549,4.367891311645508,4.916600227355957,xgboost,UCAYALI
2013-03-11,6.6366424960146935,6.784886360168457,6.360177040100098,7.2399210929870605,xgboost,UCAYALI
2013-03-18,6.570276071054546,7.033953666687012,6.715793132781982,7.589461326599121,xgboost,UCAYALI
2013-03-25,5.906611821453076,6.765264511108398,6.196661949157715,7.114401817321777,xgboost,UCAYALI
2013-04-01,7.9639709952176325,6.631065368652344,6.237171649932861,7.098940849304199,xgboost,UCAYALI
2013-04-08,10.154063018902482,9.287199020385742,8.489778518676758,10.055325508117676,xgboost,UCAYALI
2013-04-15,12.211422192667037,11.536863327026367,10.693110466003418,12.167534828186035,xgboost,UCAYALI
2013-04-22,11.813223642906157,13.458333015441895,12.792815208435059,14.702797889709473,xgboost,UCAYALI
2013-04-29,10.353162293782923,12.969295501708984,12.063776969909668,13.822051048278809,xgboost,UCAYALI
2013-05-06,7.499406020496603,10.673418045043945,10.06346321105957,11.378262519836426,xgboost,UCAYALI
2013-05-13,6.039344671373371,7.5197858810424805,6.572998523712158,8.223259925842285,xgboost,UCAYALI
2013-05-20,5.773878971532782,5.963647842407227,5.1904802322387695,6.66961669921875,xgboost,UCAYALI
2013-05-27,6.5039096460943995,5.7772674560546875,4.868083953857422,6.553628444671631,xgboost,UCAYALI
2013-06-03,6.1057110963335175,6.029974460601807,5.645524024963379,6.602781772613525,xgboost,UCAYALI
2013-06-10,5.840245396492929,6.589794635772705,6.1162495613098145,7.2256245613098145,xgboost,UCAYALI
2013-06-17,5.707512546572635,6.296814441680908,5.752773761749268,6.825229644775391,xgboost,UCAYALI
2013-06-24,6.238443946253811,5.887661933898926,5.217123031616211,6.591379642486572,xgboost,UCAYALI
2013-07-01,5.242947571851606,6.246827125549316,5.8365254402160645,6.570425987243652,xgboost,UCAYALI
2013-07-08,5.110214721931313,5.630598545074463,5.018105983734131,6.2071638107299805,xgboost,UCAYALI
2013-07-15,4.1147183475291085,5.261119365692139,4.823185920715332,5.802811145782471,xgboost,UCAYALI
2013-07-22,4.778382597130578,4.244258403778076,3.852503776550293,4.683960437774658,xgboost,UCAYALI
2013-07-29,4.712016172170431,4.809530258178711,4.460349082946777,5.172529697418213,xgboost,UCAYALI
2013-08-05,5.043848296971166,4.609720706939697,4.27028226852417,4.903108596801758,xgboost,UCAYALI
2013-08-12,4.313817622409549,4.951960563659668,4.497982025146484,5.547839641571045,xgboost,UCAYALI
2013-08-19,4.048351922568961,4.1296892166137695,3.952091693878174,4.32130241394043,xgboost,UCAYALI
2013-08-26,6.172077521293665,4.2360663414001465,3.914321184158325,4.532702922821045,xgboost,UCAYALI
2013-09-02,6.703008920974841,6.173245429992676,5.618325233459473,6.595855236053467,xgboost,UCAYALI
2013-09-09,7.167573895695868,6.412154197692871,6.010324478149414,6.860773086547852,xgboost,UCAYALI
2013-09-16,4.645649747210284,6.724063396453857,6.1089887619018555,7.476190090179443,xgboost,UCAYALI
2013-09-23,3.716519797768226,4.349562644958496,3.7883474826812744,4.83463716506958,xgboost,UCAYALI
2013-09-30,2.7210234233660215,3.7624075412750244,3.3194305896759033,4.24772310256958,xgboost,UCAYALI
2013-10-07,2.190092023684846,3.3872973918914795,2.9304494857788086,3.802544355392456,xgboost,UCAYALI
2013-10-14,2.5882905734457275,3.4319050312042236,3.0367910861968994,4.098081111907959,xgboost,UCAYALI
2013-10-21,3.318321248007344,2.9365382194519043,2.6253225803375244,3.161639928817749,xgboost,UCAYALI
2013-10-28,3.9156190726486666,3.486987590789795,3.1452078819274902,3.8569374084472656,xgboost,UCAYALI
2013-11-04,3.915619072648667,4.01727819442749,3.658452272415161,4.370132923126221,xgboost,UCAYALI
2013-11-11,4.51291689728999,3.919797420501709,3.633183717727661,4.15854024887085,xgboost,UCAYALI
2013-11-18,4.579283322250136,4.4273481369018555,4.225984573364258,4.611749172210693,xgboost,UCAYALI
2013-11-25,4.645649747210283,4.144010066986084,3.8555796146392822,4.519172668457031,xgboost,UCAYALI
2013-12-02,3.451054097927638,4.479213237762451,4.155797004699707,4.765071868896484,xgboost,UCAYALI
2013-12-09,3.18558839808705,3.432318687438965,3.0437707901000977,3.7651214599609375,xgboost,UCAYALI
2013-12-16,2.853756273286315,3.162774085998535,2.733815908432007,3.4179136753082275,xgboost,UCAYALI
2013-12-23,2.256458448644993,3.046462297439575,2.754385471343994,3.326674461364746,xgboost,UCAYALI
2013-12-30,2.4555577235254336,3.432818651199341,3.0125246047973633,3.846342086791992,xgboost,UCAYALI
2014-01-06,2.046797797346328,3.6577253341674805,3.310767412185669,3.9775619506835938,xgboost,UCAYALI
2014-01-13,2.165951734728905,2.812687397003174,2.3828065395355225,3.2855968475341797,xgboost,UCAYALI
2014-01-20,1.880872050111616,2.9094138145446777,2.5251996517181396,3.2060537338256836,xgboost,UCAYALI
2014-01-27,2.010587363912417,2.8315577507019043,2.4235951900482178,3.1614937782287598,xgboost,UCAYALI
2014-02-03,2.010587363912417,3.0453991889953613,2.5922470092773438,3.400517225265503,xgboost,UCAYALI
2014-02-10,1.4917261087092115,2.3001654148101807,2.066906213760376,2.65014910697937,xgboost,UCAYALI
2014-02-17,1.6214414225100129,2.3235108852386475,2.109837770462036,2.6020350456237793,xgboost,UCAYALI
2014-02-24,2.075445020812818,2.3729143142700195,2.03165340423584,2.7362558841705322,xgboost,UCAYALI
2014-03-03,2.3348756484144206,2.4799487590789795,2.14526104927063,2.8319954872131348,xgboost,UCAYALI
2014-03-10,2.659163932916424,2.5419530868530273,2.169217586517334,2.957202672958374,xgboost,UCAYALI
2014-03-17,2.27001799151402,3.021893262863159,2.597541570663452,3.601625442504883,xgboost,UCAYALI
2014-03-24,3.372598158820832,2.5646445751190186,2.142469882965088,2.9718704223632812,xgboost,UCAYALI
2014-03-31,3.761744100223236,3.8168983459472656,3.3585948944091797,4.404073238372803,xgboost,UCAYALI
2014-04-07,4.604893639928445,4.270737171173096,3.7522401809692383,4.904346942901611,xgboost,UCAYALI
2014-04-14,4.215747698526041,5.0175323486328125,4.542895793914795,5.547806739807129,xgboost,UCAYALI
2014-04-21,4.0860323847252396,4.469181537628174,4.076997756958008,4.9880828857421875,xgboost,UCAYALI
2014-04-28,3.9563170709244377,4.456711769104004,3.922654867172241,4.818304538726807,xgboost,UCAYALI
2014-05-05,4.864324267530048,4.054089069366455,3.803338050842285,4.369966506958008,xgboost,UCAYALI
2014-05-12,6.03176209173726,4.558267593383789,4.117355823516846,4.95269250869751,xgboost,UCAYALI
2014-05-19,7.134342259044073,5.6500749588012695,5.205965518951416,6.059347629547119,xgboost,UCAYALI
2014-05-26,6.420908033139665,6.126402378082275,5.634684085845947,6.8045878410339355,xgboost,UCAYALI
2014-06-02,5.966904434836859,5.8816609382629395,5.343494415283203,6.431941032409668,xgboost,UCAYALI
2014-06-09,6.096619748637661,5.9525322914123535,5.602754592895508,6.557014465332031,xgboost,UCAYALI
2014-06-16,6.810053974542068,5.841625690460205,5.286059856414795,6.3486785888671875,xgboost,UCAYALI
2014-06-23,6.680338660741267,6.15643835067749,5.593693256378174,6.625062465667725,xgboost,UCAYALI
2014-06-30,6.03176209173726,6.182928562164307,5.8042778968811035,6.485827922821045,xgboost,UCAYALI
2014-07-07,4.864324267530049,5.942227363586426,5.44317102432251,6.3047194480896,xgboost,UCAYALI
2014-07-14,5.253470208932452,4.875185489654541,4.533123970031738,5.171126842498779,xgboost,UCAYALI
2014-07-21,4.9291819244304484,5.027047157287598,4.686478614807129,5.511907577514648,xgboost,UCAYALI
2014-07-28,5.058897238231249,4.798475742340088,4.527195930480957,5.060020446777344,xgboost,UCAYALI
2014-08-04,4.669751296828846,4.711930751800537,4.476240158081055,5.05877161026001,xgboost,UCAYALI
2014-08-11,4.0860323847252396,4.4678874015808105,4.1840105056762695,5.027571201324463,xgboost,UCAYALI
2014-08-18,3.956317070924438,4.540891170501709,4.025640964508057,5.056286811828613,xgboost,UCAYALI
2014-08-25,3.17802518811963,4.724745273590088,4.1339111328125,5.3711676597595215,xgboost,UCAYALI
2014-09-01,3.1131675312192293,3.608720302581787,3.1096723079681396,4.006949424743652,xgboost,UCAYALI
2014-09-08,3.2428828450200307,3.514801502227783,3.0467560291290283,3.9334685802459717,xgboost,UCAYALI
2014-09-15,3.2428828450200307,3.5290420055389404,3.1778435707092285,4.011250972747803,xgboost,UCAYALI
2014-09-22,3.4374558157212327,3.290532350540161,2.8773696422576904,3.7319271564483643,xgboost,UCAYALI
2014-09-29,2.9185945605180272,3.533473491668701,3.2373714447021484,3.911547899246216,xgboost,UCAYALI
2014-10-06,2.724021589816825,3.0330262184143066,2.736159086227417,3.26699161529541,xgboost,UCAYALI
2014-10-13,2.594306276016024,3.0112807750701904,2.7008378505706787,3.3765320777893066,xgboost,UCAYALI
2014-10-20,2.8537369036176266,3.078429698944092,2.7547173500061035,3.3512840270996094,xgboost,UCAYALI
2014-10-27,2.659163932916424,2.9362034797668457,2.58740234375,3.198007106781006,xgboost,UCAYALI
2014-11-03,3.3077405019204313,2.761352062225342,2.467482328414917,3.022117853164673,xgboost,UCAYALI
2014-11-10,3.3077405019204313,3.425755023956299,3.0429699420928955,3.8018252849578857,xgboost,UCAYALI
2014-11-17,4.021174727824839,3.3236024379730225,3.081594705581665,3.5516207218170166,xgboost,UCAYALI
2014-11-24,3.4374558157212327,4.216835021972656,4.036003112792969,4.38446044921875,xgboost,UCAYALI
2014-12-01,3.567171129522034,3.389408588409424,3.1504390239715576,3.8785786628723145,xgboost,UCAYALI
2014-12-08,2.724021589816825,3.4237310886383057,3.0435574054718018,4.022456645965576,xgboost,UCAYALI
2014-12-15,3.372598158820832,2.7086031436920166,2.408461570739746,2.9600718021392822,xgboost,UCAYALI
2014-12-22,3.2428828450200307,3.3039896488189697,2.927205801010132,3.7482409477233887,xgboost,UCAYALI
2014-12-29,4.540035983028045,3.386326313018799,2.9838128089904785,3.7539167404174805,xgboost,UCAYALI
2015-01-05,3.2962069613961194,4.47884464263916,4.002468585968018,4.940809726715088,xgboost,UCAYALI
2015-01-12,3.212607301143711,3.3600237369537354,2.9370598793029785,3.8250343799591064,xgboost,UCAYALI
2015-01-19,2.5366385733944625,3.1657602787017822,2.639869451522827,3.775479316711426,xgboost,UCAYALI
2015-01-26,3.1707982167430795,2.6863327026367188,2.351412296295166,3.0424141883850098,xgboost,UCAYALI
2015-02-02,3.6781259314219725,2.9973409175872803,2.5131707191467285,3.3633480072021484,xgboost,UCAYALI
2015-02-09,3.4878780384173873,3.5592663288116455,3.1285738945007324,3.9512124061584473,xgboost,UCAYALI
2015-02-16,3.1073822524082177,3.300330877304077,3.0414302349090576,3.716318368911743,xgboost,UCAYALI
2015-02-23,3.995205753096281,3.2185943126678467,2.875819683074951,3.622526168823242,xgboost,UCAYALI
2015-03-02,4.8196132894494825,4.478860378265381,4.032673358917236,4.879378795623779,xgboost,UCAYALI
2015-03-09,7.356251862843949,5.329659938812256,4.7411274909973145,5.8799052238464355,xgboost,UCAYALI
2015-03-16,8.94165097121549,6.353330135345459,5.634641170501709,6.920584678649902,xgboost,UCAYALI
2015-03-23,9.766058507568692,8.466215133666992,7.343447208404541,9.603546142578125,xgboost,UCAYALI
2015-03-30,8.370907292201736,8.325577735900879,7.760792255401611,9.080577850341797,xgboost,UCAYALI
2015-04-06,7.673331684518256,8.479406356811523,7.685691833496094,9.410358428955078,xgboost,UCAYALI
2015-04-13,7.03917204116964,7.76006555557251,7.045176029205322,8.34555721282959,xgboost,UCAYALI
2015-04-20,7.229419934174224,6.878087520599365,6.187487602233887,7.468050003051758,xgboost,UCAYALI
2015-04-27,7.546499755848534,6.406646728515625,5.671278476715088,7.125855922698975,xgboost,UCAYALI
2015-05-04,7.166003969839363,6.7552361488342285,6.177408695220947,7.5457234382629395,xgboost,UCAYALI
2015-05-11,7.356251862843949,5.912065505981445,5.314790725708008,6.332859039306641,xgboost,UCAYALI
2015-05-18,5.5806048614678225,6.3051557540893555,5.679966449737549,6.98465633392334,xgboost,UCAYALI
2015-05-25,5.707436790137546,5.48599910736084,4.909596920013428,6.153372764587402,xgboost,UCAYALI
2015-06-01,4.185453646100865,5.707765102386475,5.3831634521484375,6.069655418395996,xgboost,UCAYALI
2015-06-08,4.185453646100866,4.1743950843811035,3.7890586853027344,4.801926136016846,xgboost,UCAYALI
2015-06-15,4.122037681766005,4.753752708435059,4.225951671600342,5.2771992683410645,xgboost,UCAYALI
2015-06-22,4.122037681766005,4.643455982208252,4.130542755126953,5.119761943817139,xgboost,UCAYALI
2015-06-29,4.946445218119206,4.365440368652344,4.117869853973389,4.880269527435303,xgboost,UCAYALI
2015-07-06,5.3269410041283765,5.260366439819336,4.697568416595459,5.78346061706543,xgboost,UCAYALI
2015-07-13,5.707436790137546,5.20961332321167,4.578402042388916,5.615877628326416,xgboost,UCAYALI
2015-07-20,4.439117503440312,5.257489204406738,4.617931365966797,5.791373252868652,xgboost,UCAYALI
2015-07-27,3.614709967087111,4.289128303527832,4.097257614135742,4.576205253601074,xgboost,UCAYALI
2015-08-03,3.4244620740825256,3.5377018451690674,3.163489580154419,3.949984073638916,xgboost,UCAYALI
2015-08-10,3.4878780384173873,3.5339951515197754,3.307870864868164,3.911142349243164,xgboost,UCAYALI
2015-08-17,3.1707982167430795,3.8022894859313965,3.4679131507873535,4.197936058044434,xgboost,UCAYALI
2015-08-24,3.551294002752249,3.348405361175537,3.0391271114349365,3.6896307468414307,xgboost,UCAYALI
2015-08-31,3.1073822524082177,3.3084940910339355,2.9550364017486572,3.685279369354248,xgboost,UCAYALI
2015-09-07,3.8683738244265577,3.2096967697143555,2.8889083862304688,3.558192491531372,xgboost,UCAYALI
2015-09-14,3.297630145412803,4.18734884262085,3.7666451930999756,4.670309066772461,xgboost,UCAYALI
2015-09-21,4.3122855747705895,3.4891915321350098,3.1453285217285156,3.807082176208496,xgboost,UCAYALI
2015-09-28,4.122037681766004,4.035515308380127,3.6829724311828613,4.3605194091796875,xgboost,UCAYALI
2015-10-05,5.136693111123791,4.409256935119629,3.8867714405059814,4.923923015594482,xgboost,UCAYALI
2015-10-12,4.248869610435728,5.184157848358154,4.810122966766357,5.75326681137085,xgboost,UCAYALI
2015-10-19,3.931789788761419,4.353005409240723,3.9155213832855225,4.972482204437256,xgboost,UCAYALI
2015-10-26,3.297630145412803,4.137787818908691,3.664669990539551,4.5187907218933105,xgboost,UCAYALI
2015-11-02,3.8683738244265577,3.4254276752471924,3.136944532394409,3.6940832138061523,xgboost,UCAYALI
2015-11-09,3.7415418957568343,4.057706356048584,3.6237971782684326,4.457396030426025,xgboost,UCAYALI
2015-11-16,4.0586217174311425,3.7447736263275146,3.3822951316833496,4.160045623779297,xgboost,UCAYALI
2015-11-23,3.614709967087111,4.330770969390869,3.8484714031219482,4.786288261413574,xgboost,UCAYALI
2015-11-30,3.7415418957568343,3.4032301902770996,3.12664794921875,3.7598612308502197,xgboost,UCAYALI
2015-12-07,3.6781259314219725,3.598064422607422,3.172405242919922,3.941450357437134,xgboost,UCAYALI
2015-12-14,3.9952057530962812,3.4221880435943604,3.2132577896118164,3.7463183403015137,xgboost,UCAYALI
2015-12-21,3.8683738244265577,4.239411354064941,3.909226179122925,4.669588088989258,xgboost,UCAYALI
2015-12-28,2.4732226090596017,4.049757957458496,3.6215927600860596,4.467822551727295,xgboost,UCAYALI
2016-01-04,2.4428847678711207,3.203644275665283,2.727717638015747,3.6142842769622803,xgboost,UCAYALI
2016-01-11,3.1018485776783504,2.787677764892578,2.3901164531707764,3.2801740169525146,xgboost,UCAYALI
2016-01-18,4.714809838071094,3.317241907119751,2.728759765625,3.7413010597229004,xgboost,UCAYALI
2016-01-25,4.714809838071094,4.396304607391357,3.9005126953125,4.956225395202637,xgboost,UCAYALI
2016-02-01,4.528698923410393,4.447307109832764,3.9328575134277344,4.9404778480529785,xgboost,UCAYALI
2016-02-08,4.156477094088991,4.044142246246338,3.7761166095733643,4.408046722412109,xgboost,UCAYALI
2016-02-15,4.714809838071094,4.286261558532715,4.018648624420166,4.597182750701904,xgboost,UCAYALI
2016-02-22,4.094440122535423,5.171784400939941,4.7103190422058105,5.783504962921143,xgboost,UCAYALI
2016-02-29,4.590735894963959,4.29737663269043,3.942255973815918,4.624759197235107,xgboost,UCAYALI
2016-03-07,3.4120334354461854,5.1806535720825195,4.746119976043701,5.836559772491455,xgboost,UCAYALI
2016-03-14,3.9703661794282894,4.0458245277404785,3.718658447265625,4.342580795288086,xgboost,UCAYALI
2016-03-21,3.5361073785533192,4.737429141998291,4.1911420822143555,5.159365653991699,xgboost,UCAYALI
2016-03-28,4.032403150981856,4.002829074859619,3.606171131134033,4.471371650695801,xgboost,UCAYALI
2016-04-04,4.652772866517527,4.376194477081299,3.834656238555908,4.883988857269287,xgboost,UCAYALI
2016-04-11,5.521290468267465,5.233019828796387,4.544765949249268,5.9676127433776855,xgboost,UCAYALI
2016-04-18,7.32036264332091,6.068026542663574,5.281892776489258,6.747186660766602,xgboost,UCAYALI
2016-04-25,7.258325671767342,7.488341331481934,6.659242153167725,8.466773986816406,xgboost,UCAYALI
2016-05-02,7.75462144419588,7.075931072235107,6.664251804351807,7.4342803955078125,xgboost,UCAYALI
2016-05-09,7.506473557981612,7.752386569976807,7.02618408203125,8.669568061828613,xgboost,UCAYALI
2016-05-16,8.747212989052953,6.659564018249512,5.8066606521606445,7.551516532897949,xgboost,UCAYALI
2016-05-23,8.871286932160087,8.016719818115234,7.462363243103027,8.618952751159668,xgboost,UCAYALI
2016-05-30,9.181471789927924,7.970420837402344,7.046119689941406,8.681683540344238,xgboost,UCAYALI
2016-06-06,8.80924996060652,8.107682228088379,7.260006427764893,8.880388259887695,xgboost,UCAYALI
2016-06-13,9.305545733035059,7.6704020500183105,6.8741583824157715,8.38826847076416,xgboost,UCAYALI
2016-06-20,8.064806301963715,7.99069881439209,7.182870864868164,8.76944351196289,xgboost,UCAYALI
2016-06-27,9.305545733035055,7.749848365783691,6.976943016052246,8.613752365112305,xgboost,UCAYALI
2016-07-04,8.80924996060652,8.522977828979492,7.6919264793396,9.535820960998535,xgboost,UCAYALI
2016-07-11,10.422211220999264,8.24776840209961,7.102032661437988,9.063835144042969,xgboost,UCAYALI
2016-07-18,8.126843273517283,8.803255081176758,7.427756309509277,10.693621635437012,xgboost,UCAYALI
2016-07-25,7.196288700213777,8.124612808227539,6.994683742523193,9.115833282470703,xgboost,UCAYALI
2016-08-01,5.21110561049963,6.213126182556152,5.506291389465332,7.080286502838135,xgboost,UCAYALI
2016-08-08,5.335179553606764,4.597428798675537,3.90973162651062,5.152707099914551,xgboost,UCAYALI
2016-08-15,4.900920752731795,4.587907314300537,4.004833221435547,5.111212253570557,xgboost,UCAYALI
2016-08-22,4.094440122535423,4.647238254547119,4.260399341583252,4.9918904304504395,xgboost,UCAYALI
2016-08-29,3.7842552647675873,4.140996932983398,3.8582684993743896,4.409071922302246,xgboost,UCAYALI
2016-09-05,4.156477094088991,3.98290753364563,3.5651817321777344,4.485025405883789,xgboost,UCAYALI
2016-09-12,4.776846809624661,4.506009578704834,4.21555757522583,4.758302211761475,xgboost,UCAYALI
2016-09-19,4.342588008749692,4.754707336425781,4.361636638641357,5.069430828094482,xgboost,UCAYALI
2016-09-26,2.9777746345712157,3.99680757522583,3.486365556716919,4.391247272491455,xgboost,UCAYALI
2016-10-03,2.9157376630176493,2.983262777328491,2.665940046310425,3.360374689102173,xgboost,UCAYALI
2016-10-10,2.2953679474819784,2.8255016803741455,2.518666982650757,3.0756068229675293,xgboost,UCAYALI
2016-10-17,3.2879594923390507,2.718118906021118,2.5158886909484863,2.9591071605682373,xgboost,UCAYALI
2016-10-24,3.7222182932140204,3.5639398097991943,3.1444807052612305,3.8743746280670166,xgboost,UCAYALI
2016-10-31,4.652772866517527,3.6163511276245117,3.2052299976348877,3.940512180328369,xgboost,UCAYALI
2016-11-07,4.652772866517527,4.55744743347168,4.16328763961792,5.0497236251831055,xgboost,UCAYALI
2016-11-14,3.7222182932140213,4.409753799438477,4.12528133392334,4.740840911865234,xgboost,UCAYALI
2016-11-21,3.5981443501068866,3.7918593883514404,3.375019073486328,4.244043350219727,xgboost,UCAYALI
2016-11-28,2.7296267483569476,3.5078232288360596,3.199219226837158,3.707930088043213,xgboost,UCAYALI
2016-12-05,3.0398116061247826,2.8119022846221924,2.5753016471862793,3.0817630290985107,xgboost,UCAYALI
2016-12-12,2.5435158336962465,3.168316602706909,2.865027904510498,3.5053017139434814,xgboost,UCAYALI
2016-12-19,2.9777746345712157,3.0842196941375732,2.7173337936401367,3.3639276027679443,xgboost,UCAYALI
2016-12-26,2.853700691464082,2.9252781867980957,2.757037401199341,3.131347894668579,xgboost,UCAYALI
2017-01-02,2.8338962483978443,2.9522159099578857,2.620821475982666,3.308460235595703,xgboost,UCAYALI
2017-01-09,2.75205483377804,2.8923087120056152,2.650907278060913,3.1344432830810547,xgboost,UCAYALI
2017-01-16,2.246516987918593,2.8501713275909424,2.5460739135742188,3.1735622882843018,xgboost,UCAYALI
2017-01-23,1.9429336111728368,2.4753470420837402,2.088702917098999,2.8115694522857666,xgboost,UCAYALI
2017-01-30,1.6393502344270805,2.0726065635681152,1.7008808851242065,2.4365382194519043,xgboost,UCAYALI
2017-02-06,2.853683741410105,1.996768832206726,1.7960712909698486,2.333936929702759,xgboost,UCAYALI
2017-02-13,3.035833767457559,2.4508907794952393,2.192901611328125,2.7379958629608154,xgboost,UCAYALI
2017-02-20,3.8251505469965252,2.7127013206481934,2.36607027053833,2.9953787326812744,xgboost,UCAYALI
2017-02-27,3.2787004688541646,4.207729816436768,3.84795880317688,4.563013553619385,xgboost,UCAYALI
2017-03-06,3.7037171962982227,4.275153160095215,3.9417366981506348,4.642863750457764,xgboost,UCAYALI
2017-03-13,3.4608504949016177,4.135709762573242,3.6492528915405273,4.555646896362305,xgboost,UCAYALI
2017-03-20,3.7037171962982227,4.098394393920898,3.7640748023986816,4.532658576965332,xgboost,UCAYALI
2017-03-27,5.03948405397955,4.003972053527832,3.6285743713378906,4.4085893630981445,xgboost,UCAYALI
2017-04-03,6.921700989803238,6.098634719848633,5.222843647003174,6.8348774909973145,xgboost,UCAYALI
2017-04-10,9.836101406562497,7.003603458404541,6.3179707527160645,7.541460037231445,xgboost,UCAYALI
2017-04-17,10.382551484704857,8.578787803649902,7.493926048278809,9.824159622192383,xgboost,UCAYALI
2017-04-24,10.01825143260995,8.887472152709961,7.20890474319458,10.33472728729248,xgboost,UCAYALI
2017-05-01,7.832451120040506,9.651861190795898,8.248421669006348,10.479239463806152,xgboost,UCAYALI
2017-05-08,6.739550963755785,7.309394359588623,6.565561294555664,8.146432876586914,xgboost,UCAYALI
2017-05-15,5.768084158169365,6.550865650177002,5.675620079040527,7.888599395751953,xgboost,UCAYALI
2017-05-22,5.707367482820214,5.741654396057129,4.345801830291748,6.753541469573975,xgboost,UCAYALI
2017-05-29,4.9180507032812475,5.950109481811523,5.263239860534668,6.544965744018555,xgboost,UCAYALI
2017-06-05,4.7966173525829445,5.415482044219971,4.99465799331665,6.129080295562744,xgboost,UCAYALI
2017-06-12,3.7037171962982227,5.1011738777160645,4.433725833892822,5.834298610687256,xgboost,UCAYALI
2017-06-19,4.189450599091432,3.917788028717041,3.392831802368164,4.457427501678467,xgboost,UCAYALI
2017-06-26,3.703717196298222,4.237255573272705,3.9459316730499268,4.642857551574707,xgboost,UCAYALI
2017-07-03,3.825150546996524,3.9469151496887207,3.5272958278656006,4.325026035308838,xgboost,UCAYALI
2017-07-10,3.5215671702507687,3.970828056335449,3.5774567127227783,4.327813148498535,xgboost,UCAYALI
2017-07-17,3.2179837935050126,3.7505593299865723,3.4465627670288086,4.069447040557861,xgboost,UCAYALI
2017-07-24,2.853683741410105,3.410911798477173,3.1925203800201416,3.571434736251831,xgboost,UCAYALI
2017-07-31,2.0643669618711384,2.829085350036621,2.548290491104126,3.0669267177581787,xgboost,UCAYALI
2017-08-07,2.3072336632677435,2.662179470062256,2.4068121910095215,3.0158793926239014,xgboost,UCAYALI
2017-08-14,2.1858003125694414,2.80672287940979,2.3807694911956787,3.0986785888671875,xgboost,UCAYALI
2017-08-21,2.2465169879185924,2.3341832160949707,2.0149641036987305,2.693549633026123,xgboost,UCAYALI
2017-08-28,2.4286670139660465,2.30743145942688,1.8653383255004883,2.761460304260254,xgboost,UCAYALI
2017-09-04,2.853683741410105,2.6018564701080322,2.2309327125549316,2.959383010864258,xgboost,UCAYALI
2017-09-11,3.2179837935050117,2.481858491897583,2.2595374584198,2.730780601501465,xgboost,UCAYALI
2017-09-18,2.975117092108407,3.448195457458496,3.1928815841674805,3.723404884338379,xgboost,UCAYALI
2017-09-25,2.7929670660609536,3.013563871383667,2.729926109313965,3.3425846099853516,xgboost,UCAYALI
2017-10-02,3.6430005209490712,2.8818771839141846,2.7248542308807373,3.0601584911346436,xgboost,UCAYALI
2017-10-09,4.432317300488037,3.5311508178710938,3.3615918159484863,3.7561912536621094,xgboost,UCAYALI
2017-10-16,4.7966173525829445,4.2178120613098145,3.9387145042419434,4.536606311798096,xgboost,UCAYALI
2017-10-23,3.703717196298222,4.772953510284424,4.351871490478516,5.158579349517822,xgboost,UCAYALI
2017-10-30,3.5822838455999197,3.7546303272247314,3.395644426345825,4.044279098510742,xgboost,UCAYALI
2017-11-06,4.12873392374228,3.553147554397583,3.30999493598938,3.863049030303955,xgboost,UCAYALI
2017-11-13,3.5822838455999193,4.329253196716309,4.085521221160889,4.533188343048096,xgboost,UCAYALI
2017-11-20,3.0965504428067097,3.6042640209198,3.181352376937866,3.9314687252044678,xgboost,UCAYALI
2017-11-27,2.12508363722029,3.375560760498047,3.164839744567871,3.613774061203003,xgboost,UCAYALI
2017-12-04,3.643000520949071,2.728651523590088,2.433572769165039,3.014141321182251,xgboost,UCAYALI
2017-12-11,3.885867222345676,3.85748553276062,3.3713951110839844,4.2879486083984375,xgboost,UCAYALI
2017-12-18,4.6751840018846424,3.933069944381714,3.5509321689605713,4.301595211029053,xgboost,UCAYALI
2017-12-25,3.6430005209490717,4.5156707763671875,3.78521728515625,5.2052717208862305,xgboost,UCAYALI
2018-01-01,2.902723719287243,3.5804381370544434,3.244366407394409,3.943411350250244,xgboost,UCAYALI
2018-01-08,2.3392893539128625,2.7198574542999268,2.4164161682128906,3.124601125717163,xgboost,UCAYALI
2018-01-15,3.4599991290346988,2.9436569213867188,2.6284561157226562,3.3411195278167725,xgboost,UCAYALI
2018-01-22,4.116205860403349,3.6861085891723633,3.386918544769287,4.009147644042969,xgboost,UCAYALI
2018-01-29,5.1303435361549,4.068813800811768,3.741191864013672,4.4447126388549805,xgboost,UCAYALI
2018-02-05,5.1303435361549,5.488162040710449,4.6593337059021,6.190758228302002,xgboost,UCAYALI
2018-02-12,4.7724125917719995,5.617619037628174,4.800901412963867,6.229947566986084,xgboost,UCAYALI
2018-02-19,3.817930073417599,4.623542308807373,4.163761615753174,5.2396955490112305,xgboost,UCAYALI
2018-02-26,3.5196542864318494,4.0437846183776855,3.637368679046631,4.340879440307617,xgboost,UCAYALI
2018-03-05,3.6986197586232996,3.640378713607788,3.421994686126709,3.902007818222046,xgboost,UCAYALI
2018-03-12,3.937240388211899,3.759347677230835,3.4519705772399902,4.166618824005127,xgboost,UCAYALI
2018-03-19,3.6986197586232996,4.249134540557861,3.884206771850586,4.810494899749756,xgboost,UCAYALI
2018-03-26,3.5196542864318494,4.366086006164551,3.730536460876465,4.866055965423584,xgboost,UCAYALI
2018-04-02,3.281033656843249,3.5824880599975586,3.3407061100006104,3.8557581901550293,xgboost,UCAYALI
2018-04-09,3.459999129034699,3.757479190826416,3.519943952560425,3.955665111541748,xgboost,UCAYALI
2018-04-16,4.1758610178005,3.346465587615967,3.070042371749878,3.6327223777770996,xgboost,UCAYALI
2018-04-23,5.18999869355205,4.256743431091309,3.9317445755004883,4.6118035316467285,xgboost,UCAYALI
2018-04-30,4.653102276977699,5.727742671966553,5.1440815925598145,6.301640033721924,xgboost,UCAYALI
2018-05-07,4.71275743437485,4.5127081871032715,4.2126784324646,4.945964336395264,xgboost,UCAYALI
2018-05-14,4.832067749169149,4.634359359741211,4.271924018859863,5.051009654998779,xgboost,UCAYALI
2018-05-21,5.6672399527292505,5.230510234832764,4.709856033325195,5.629507064819336,xgboost,UCAYALI
2018-05-28,5.7268951101264,5.578509330749512,4.9387617111206055,6.207313060760498,xgboost,UCAYALI
2018-06-04,5.18999869355205,5.693243503570557,4.957475662231445,6.323533535003662,xgboost,UCAYALI
2018-06-11,6.084826054509301,5.003523826599121,4.494601726531982,5.458616256713867,xgboost,UCAYALI
2018-06-18,7.098963730260851,6.172759532928467,5.644808292388916,6.643649101257324,xgboost,UCAYALI
2018-06-25,10.320342229706952,7.175622463226318,6.765727519989014,7.860393524169922,xgboost,UCAYALI
2018-07-02,11.632755692444254,8.564102172851562,7.918641567230225,9.355746269226074,xgboost,UCAYALI
2018-07-09,12.945169155181555,8.60753345489502,8.208051681518555,9.186572074890137,xgboost,UCAYALI
2018-07-16,11.394135062855653,8.103484153747559,7.602548122406006,8.614145278930664,xgboost,UCAYALI
2018-07-23,9.902756127926903,8.53406810760498,7.379101276397705,10.092970848083496,xgboost,UCAYALI
2018-07-30,8.113101406012403,7.700300216674805,6.658462047576904,9.13939094543457,xgboost,UCAYALI
2018-08-06,7.576204989438051,7.868246555328369,6.324750900268555,9.308688163757324,xgboost,UCAYALI
2018-08-13,9.246549396558251,7.171971797943115,5.921504497528076,8.313399314880371,xgboost,UCAYALI
2018-08-20,8.471032350395303,8.729570388793945,7.907294273376465,9.549507141113281,xgboost,UCAYALI
2018-08-27,6.86034310067225,8.31122875213623,6.529541015625,9.433734893798828,xgboost,UCAYALI
2018-09-03,4.5337919621833995,6.704269886016846,5.453490257263184,8.392753601074219,xgboost,UCAYALI
2018-09-10,4.8917229065663,4.308366775512695,3.920379877090454,4.7580885887146,xgboost,UCAYALI
2018-09-17,4.951378063963449,4.487222671508789,3.9608070850372314,5.014298439025879,xgboost,UCAYALI
2018-09-24,4.23551617519765,4.176855087280273,3.7740375995635986,4.615967273712158,xgboost,UCAYALI
2018-10-01,4.175861017800499,3.8399972915649414,3.4093260765075684,4.305138111114502,xgboost,UCAYALI
2018-10-08,4.653102276977699,4.009774684906006,3.7157676219940186,4.315453052520752,xgboost,UCAYALI
2018-10-15,4.95137806396345,4.0945048332214355,3.7343642711639404,4.4363017082214355,xgboost,UCAYALI
2018-10-22,4.175861017800499,4.584813594818115,4.2576680183410645,5.103916168212891,xgboost,UCAYALI
2018-10-29,4.8917229065663,4.074878215789795,3.785353660583496,4.353627681732178,xgboost,UCAYALI
2018-11-05,4.71275743437485,4.551858425140381,4.234431266784668,4.982311725616455,xgboost,UCAYALI
2018-11-12,4.772412591771999,4.203985691070557,3.9655661582946777,4.432244300842285,xgboost,UCAYALI
2018-11-19,3.5196542864318485,4.311059951782227,3.9748241901397705,4.637037754058838,xgboost,UCAYALI
2018-11-26,3.937240388211899,3.2832465171813965,2.9024763107299805,3.563175678253174,xgboost,UCAYALI
2018-12-03,4.175861017800499,3.679986000061035,3.3744709491729736,3.964900255203247,xgboost,UCAYALI
2018-12-10,4.235516175197649,3.956411123275757,3.613828182220459,4.323012351989746,xgboost,UCAYALI
2018-12-17,3.5196542864318485,3.839395761489868,3.5211124420166016,4.14195442199707,xgboost,UCAYALI
2018-12-24,2.5651717680774486,3.2728054523468018,2.7697904109954834,3.641150951385498,xgboost,UCAYALI
2018-12-31,2.3862062958859984,2.644641637802124,2.443023443222046,2.971602439880371,xgboost,UCAYALI
2019-01-07,2.7081760756389097,3.0396080017089844,2.699209451675415,3.430243968963623,xgboost,UCAYALI
2019-01-14,4.1472478620149476,2.713353157043457,2.406308174133301,3.0938735008239746,xgboost,UCAYALI
2019-01-21,5.16382975143412,4.334780693054199,3.8253872394561768,4.731769561767578,xgboost,UCAYALI
2019-01-28,5.105809192429242,5.031290054321289,4.620517730712891,5.641544818878174,xgboost,UCAYALI
2019-02-04,4.583624161385342,5.07012414932251,4.84866189956665,5.62457799911499,xgboost,UCAYALI
2019-02-11,3.9453980123316863,4.180315017700195,3.7932863235473633,4.588058948516846,xgboost,UCAYALI
2019-02-18,4.757685838399976,3.7547383308410645,3.4694929122924805,4.279516696929932,xgboost,UCAYALI
2019-02-25,4.989768074419487,4.486712455749512,4.045030117034912,4.902851581573486,xgboost,UCAYALI
2019-03-04,5.744035341482898,5.647518634796143,4.823744297027588,6.435095310211182,xgboost,UCAYALI
2019-03-11,4.931747515414609,6.476670742034912,5.45510196685791,7.172363758087158,xgboost,UCAYALI
2019-03-18,4.757685838399975,5.854488849639893,4.9249982833862305,6.430981159210205,xgboost,UCAYALI
2019-03-25,4.409562484370709,5.012263774871826,4.490091800689697,5.502774715423584,xgboost,UCAYALI
2019-04-01,4.757685838399976,4.629405498504639,4.29241418838501,4.93998384475708,xgboost,UCAYALI
2019-04-08,4.409562484370709,4.939168930053711,4.539451599121094,5.273975372314453,xgboost,UCAYALI
2019-04-15,4.177480248351198,4.658792495727539,4.2759294509887695,4.987800121307373,xgboost,UCAYALI
2019-04-22,4.1194596893463205,4.668503761291504,4.121105670928955,4.927731990814209,xgboost,UCAYALI
2019-04-29,4.351541925365831,4.4983344078063965,4.1981096267700195,4.8048787117004395,xgboost,UCAYALI
2019-05-06,5.105809192429243,4.240565299987793,3.7624802589416504,4.630344867706299,xgboost,UCAYALI
2019-05-13,5.802055900487777,5.505651473999023,5.213569641113281,5.942328929901123,xgboost,UCAYALI
2019-05-20,5.744035341482899,5.5486578941345215,5.1318159103393555,6.060059070587158,xgboost,UCAYALI
2019-05-27,4.8157063974048535,5.393594741821289,4.905941486358643,5.827911853790283,xgboost,UCAYALI
2019-06-03,3.7713363353170535,5.157896518707275,4.834702491760254,5.563758850097656,xgboost,UCAYALI
2019-06-10,4.177480248351198,3.8548784255981445,3.5129687786102295,4.180569171905518,xgboost,UCAYALI
2019-06-17,4.40956248437071,4.541794776916504,4.270467758178711,4.773991584777832,xgboost,UCAYALI
2019-06-24,4.235500807356076,4.1843390464782715,3.94763445854187,4.528511047363281,xgboost,UCAYALI
2019-07-01,3.8293568943219314,4.180469036102295,3.847656726837158,4.621066093444824,xgboost,UCAYALI
2019-07-08,3.1911307452682762,3.774885654449463,3.586392402648926,3.9911255836486816,xgboost,UCAYALI
2019-07-15,2.668945714224376,3.4168171882629395,3.154053211212158,3.7000620365142822,xgboost,UCAYALI
2019-07-22,2.436863478204865,2.5282249450683594,2.303051710128784,2.762611150741577,xgboost,UCAYALI
2019-07-29,2.784986832234132,2.535520076751709,2.330378293991089,2.7832658290863037,xgboost,UCAYALI
2019-08-05,3.2491513042731537,2.3206381797790527,2.0901782512664795,2.545544147491455,xgboost,UCAYALI
2019-08-12,3.133110186263398,3.1102471351623535,2.846810817718506,3.397618293762207,xgboost,UCAYALI
2019-08-19,2.8430073912390093,3.178309202194214,2.910876989364624,3.4154622554779053,xgboost,UCAYALI
2019-08-26,2.9590485092487646,2.9503538608551025,2.661875009536743,3.240781545639038,xgboost,UCAYALI
2019-09-02,3.3651924222829095,2.902513027191162,2.647967576980591,3.205420732498169,xgboost,UCAYALI
2019-09-09,4.003418571336565,3.40594220161438,3.1609995365142822,3.637078046798706,xgboost,UCAYALI
2019-09-16,3.8293568943219314,3.9455647468566895,3.666653871536255,4.358438014984131,xgboost,UCAYALI
2019-09-23,3.481233540292665,3.6783478260040283,3.203737497329712,4.08803653717041,xgboost,UCAYALI
2019-09-30,2.2047812421853537,3.4839117527008057,3.1878373622894287,3.7573530673980713,xgboost,UCAYALI
2019-10-07,2.55290459621462,3.198493480682373,2.7246644496917725,3.704303741455078,xgboost,UCAYALI
2019-10-14,2.784986832234131,3.1156165599823,2.75697660446167,3.5362541675567627,xgboost,UCAYALI
2019-10-21,3.5392540992975428,3.27962064743042,2.8350322246551514,3.6147539615631104,xgboost,UCAYALI
2019-10-28,3.307171863278032,3.4281463623046875,3.103632926940918,3.726978302001953,xgboost,UCAYALI
2019-11-04,3.7133157763121765,3.6299593448638916,3.295644998550415,3.8323049545288086,xgboost,UCAYALI
2019-11-11,3.0750896272585204,3.761528968811035,3.478682518005371,4.1531524658203125,xgboost,UCAYALI
2019-11-18,3.1911307452682762,3.213940143585205,2.7888450622558594,3.6698405742645264,xgboost,UCAYALI
2019-11-25,2.668945714224376,3.218771457672119,2.9206745624542236,3.515949249267578,xgboost,UCAYALI
2019-12-02,3.7133157763121756,2.9168107509613037,2.705029249191284,3.1169281005859375,xgboost,UCAYALI
2019-12-09,3.5392540992975423,3.7295775413513184,3.4412243366241455,4.101633548736572,xgboost,UCAYALI
2019-12-16,4.0614391303414425,3.4445152282714844,3.1637721061706543,3.7001137733459473,xgboost,UCAYALI
2019-12-23,4.235500807356075,3.8739447593688965,3.506988763809204,4.397706985473633,xgboost,UCAYALI
2019-12-30,4.8157063974048535,3.95693039894104,3.416846990585327,4.474852561950684,xgboost,UCAYALI
2020-01-06,4.77687957233854,4.530159950256348,4.063577175140381,5.5134782791137695,xgboost,UCAYALI
2020-01-13,4.7337386555981915,4.289331436157227,4.016207695007324,4.551395416259766,xgboost,UCAYALI
2020-01-20,4.752932389536756,4.181063175201416,3.8585875034332275,4.509457111358643,xgboost,UCAYALI
2020-01-27,4.017359519727496,4.337658882141113,3.996692419052124,4.651598930358887,xgboost,UCAYALI
2020-02-03,3.734446877493165,4.162478446960449,3.756728172302246,4.465106010437012,xgboost,UCAYALI
2020-02-10,4.017359519727496,3.77260422706604,3.4991211891174316,4.056321144104004,xgboost,UCAYALI
2020-02-17,5.262175145558551,4.235835075378418,3.838862657546997,4.534282684326172,xgboost,UCAYALI
2020-02-24,5.318757674005417,5.79595422744751,5.305064678192139,6.276554584503174,xgboost,UCAYALI
2020-03-02,5.2055926171116855,5.656114101409912,4.83720588684082,6.194469928741455,xgboost,UCAYALI
2020-03-09,4.583184804196158,5.3958563804626465,4.9521803855896,5.9568023681640625,xgboost,UCAYALI
2020-03-16,4.4134372188555595,4.298720359802246,3.9927406311035156,4.723822116851807,xgboost,UCAYALI
2020-03-23,3.734446877493165,4.693413734436035,4.334270477294922,5.112363338470459,xgboost,UCAYALI
2020-03-30,2.546213780108975,4.11789608001709,3.906522512435913,4.300890922546387,xgboost,UCAYALI
2020-04-06,1.8672234387465807,2.994220495223999,2.720452308654785,3.2083210945129395,xgboost,UCAYALI
2020-04-13,0.961902983596722,2.999681234359741,2.5199954509735107,3.584315061569214,xgboost,UCAYALI
2020-04-20,0.7921553982561234,2.9598593711853027,2.253614902496338,3.5375986099243164,xgboost,UCAYALI
2020-04-27,0.5092427560217926,1.8824222087860107,1.2071027755737305,2.7460286617279053,xgboost,UCAYALI
2020-05-04,0.8487379267029898,1.9489357471466064,1.153425931930542,2.6677091121673584,xgboost,UCAYALI
2020-05-11,0.9053204551498558,1.8305619955062866,1.2270727157592773,2.339632987976074,xgboost,UCAYALI
2020-05-18,0.7355728698092573,1.8168658018112183,1.2024437189102173,2.3320512771606445,xgboost,UCAYALI
2020-05-25,0.3960776991280603,0.8349091410636902,0.6186675429344177,1.0941975116729736,xgboost,UCAYALI
2020-06-01,0.28291264223432794,1.313774585723877,1.0476771593093872,1.7560350894927979,xgboost,UCAYALI
2020-06-08,0.16974758534059556,1.1217352151870728,0.8674405813217163,1.6301501989364624,xgboost,UCAYALI
2020-06-15,0.28291264223432794,1.1350449323654175,0.776854932308197,1.8314250707626343,xgboost,UCAYALI
2020-06-22,0.45266022757492647,0.6886361241340637,0.30957096815109253,1.0460238456726074,xgboost,UCAYALI
2020-06-29,0.5092427560217926,0.8466466665267944,0.4296921193599701,1.3182917833328247,xgboost,UCAYALI
2020-07-06,0.6224078129155249,0.9227709174156189,0.5194664001464844,1.4748773574829102,xgboost,UCAYALI
2020-07-13,0.961902983596722,0.9191508889198303,0.4984137713909149,1.3561742305755615,xgboost,UCAYALI
2020-07-20,1.244815625831053,0.8497012853622437,0.6091440916061401,1.126922607421875,xgboost,UCAYALI
2020-07-27,1.0750680404904545,0.9520096182823181,0.5791309475898743,1.8685097694396973,xgboost,UCAYALI
2020-08-03,0.6789903413623911,0.8664447665214539,0.6099727749824524,1.0713239908218384,xgboost,UCAYALI
2020-08-10,0.961902983596722,0.8814571499824524,0.6108142137527466,1.1200906038284302,xgboost,UCAYALI
2020-08-17,0.8487379267029894,1.0262126922607422,0.8050194382667542,1.2112007141113281,xgboost,UCAYALI
2020-08-24,1.3013981542779192,1.0373539924621582,0.8475531339645386,1.1883769035339355,xgboost,UCAYALI
2020-08-31,0.7355728698092574,1.2355659008026123,1.0065767765045166,1.8780871629714966,xgboost,UCAYALI
2020-09-07,0.9053204551498558,1.072035312652588,0.875728189945221,1.3167717456817627,xgboost,UCAYALI
2020-09-14,0.5658252844686588,0.8094958662986755,0.6257185935974121,0.9923779368400574,xgboost,UCAYALI
2020-09-21,0.5658252844686588,0.8899568915367126,0.6612015962600708,1.0902661085128784,xgboost,UCAYALI
2020-09-28,0.5092427560217926,1.134127140045166,0.872357964515686,1.3716896772384644,xgboost,UCAYALI
2020-10-05,0.9053204551498558,1.0935794115066528,0.8127242922782898,1.3534746170043945,xgboost,UCAYALI
2020-10-12,1.2448156258310528,0.9603475332260132,0.6666315197944641,1.21785306930542,xgboost,UCAYALI
2020-10-19,1.2448156258310528,0.9072421193122864,0.7048949599266052,1.1223039627075195,xgboost,UCAYALI
2020-10-26,0.7355728698092573,0.9931842088699341,0.8383835554122925,1.247125267982483,xgboost,UCAYALI
2020-11-02,0.5092427560217926,0.823182225227356,0.6473017930984497,1.0943591594696045,xgboost,UCAYALI
2020-11-09,0.7921553982561235,0.8429593443870544,0.6014228463172913,1.0715030431747437,xgboost,UCAYALI
2020-11-16,1.1316505689373206,0.8546981811523438,0.6871283054351807,1.1285444498062134,xgboost,UCAYALI
2020-11-23,1.1316505689373206,0.9467258453369141,0.7264310121536255,1.1513575315475464,xgboost,UCAYALI
2020-11-30,1.0184855120435883,0.8202467560768127,0.6233925819396973,0.9838757514953613,xgboost,UCAYALI
2020-12-07,0.9053204551498558,0.9293857216835022,0.731540858745575,1.085100531578064,xgboost,UCAYALI
2020-12-14,1.3579806827247853,0.8552102446556091,0.6682084202766418,1.0404698848724365,xgboost,UCAYALI
2020-12-21,1.8106409102997147,0.8276275396347046,0.677595853805542,0.9437150955200195,xgboost,UCAYALI
2020-12-28,2.0369710240871792,1.4567731618881226,0.7419047951698303,2.2800440788269043,xgboost,UCAYALI
2021-01-04,2.1326597442564363,2.239828586578369,1.870164394378662,2.5555601119995117,xgboost,UCAYALI
2021-01-11,2.0598491888511288,2.3494760990142822,2.0519907474517822,2.5934035778045654,xgboost,UCAYALI
2021-01-18,3.2647189021690983,2.3134026527404785,1.9162070751190186,2.735793352127075,xgboost,UCAYALI
2021-01-25,3.4860557768924267,3.679161787033081,3.260629415512085,4.074202537536621,xgboost,UCAYALI
2021-02-01,3.596724214254092,3.7133710384368896,3.38504958152771,4.080039024353027,xgboost,UCAYALI
2021-02-08,2.5453740593182794,3.85727596282959,3.666844129562378,4.088579177856445,xgboost,UCAYALI
2021-02-15,2.5453740593182794,3.074709892272949,2.7050888538360596,3.396801233291626,xgboost,UCAYALI
2021-02-22,2.6560424966799436,3.061335325241089,2.7341091632843018,3.416635513305664,xgboost,UCAYALI
2021-03-01,4.0393979637007495,2.9137227535247803,2.5802674293518066,3.248025417327881,xgboost,UCAYALI
2021-03-08,4.205400619743246,4.179978847503662,3.6053996086120605,4.625462055206299,xgboost,UCAYALI
2021-03-15,4.482071713147407,4.14388370513916,3.70622181892395,4.53643274307251,xgboost,UCAYALI
2021-03-22,4.150066401062414,4.154116630554199,3.8623735904693604,4.495044231414795,xgboost,UCAYALI
2021-03-29,3.9840637450199172,4.33154821395874,4.008628845214844,4.770323276519775,xgboost,UCAYALI
2021-04-05,3.707392651615756,4.4848737716674805,4.006222248077393,4.954395771026611,xgboost,UCAYALI
2021-04-12,2.656042496679944,4.094659328460693,3.669102191925049,4.39990758895874,xgboost,UCAYALI
2021-04-19,3.1540504648074346,3.1430771350860596,2.800281286239624,3.4894156455993652,xgboost,UCAYALI
2021-04-26,3.430721558211595,3.23978328704834,2.8677079677581787,3.5089163780212402,xgboost,UCAYALI
2021-05-03,3.1540504648074346,3.766735315322876,3.387685775756836,4.215069770812988,xgboost,UCAYALI
2021-05-10,2.434705621956615,3.1541810035705566,2.7538740634918213,3.6447067260742188,xgboost,UCAYALI
2021-05-17,2.4900398406374475,3.154043674468994,2.8237452507019043,3.4586617946624756,xgboost,UCAYALI
2021-05-24,3.098716246126602,2.875251054763794,2.570244073867798,3.218998908996582,xgboost,UCAYALI
2021-05-31,2.600708277999112,3.076524019241333,2.7417585849761963,3.370260715484619,xgboost,UCAYALI
2021-06-07,1.881363435148293,2.4377548694610596,2.1962459087371826,2.6549904346466064,xgboost,UCAYALI
2021-06-14,1.604692341744132,2.069594144821167,1.5402882099151611,2.726087808609009,xgboost,UCAYALI
2021-06-21,2.4900398406374475,1.8365445137023926,1.4040391445159912,2.5352461338043213,xgboost,UCAYALI
2021-06-28,2.4347056219566157,2.657501220703125,2.2054858207702637,3.071096658706665,xgboost,UCAYALI
2021-07-05,2.4900398406374475,2.6885132789611816,2.3007216453552246,3.0013787746429443,xgboost,UCAYALI
2021-07-12,1.9920318725099577,2.663156032562256,2.278494119644165,3.0353128910064697,xgboost,UCAYALI
2021-07-19,1.9366976538291256,2.107933521270752,1.7073843479156494,2.440481185913086,xgboost,UCAYALI
2021-07-26,1.3833554670208033,1.8828767538070679,1.3855640888214111,2.2889926433563232,xgboost,UCAYALI
2021-08-02,1.05135015493581,1.655962347984314,1.1168197393417358,2.0606765747070312,xgboost,UCAYALI
2021-08-09,1.881363435148293,1.119764804840088,0.8246262073516846,1.4752187728881836,xgboost,UCAYALI
2021-08-16,2.4347056219566157,1.6368907690048218,1.3265506029129028,2.0897107124328613,xgboost,UCAYALI
2021-08-23,2.9880478087649376,2.532697916030884,2.213463306427002,2.816896677017212,xgboost,UCAYALI
2021-08-30,1.9366976538291256,2.8901002407073975,2.5864622592926025,3.158647060394287,xgboost,UCAYALI
2021-09-06,1.9366976538291256,2.056229829788208,1.6178539991378784,2.534528970718384,xgboost,UCAYALI
2021-09-13,1.2726870296591388,2.0630383491516113,1.6939353942871094,2.3313615322113037,xgboost,UCAYALI
2021-09-20,1.826029216467461,1.3966243267059326,1.0711753368377686,1.810556173324585,xgboost,UCAYALI
2021-09-27,1.6046923417441323,1.7799396514892578,1.3124889135360718,2.2196028232574463,xgboost,UCAYALI
2021-10-04,1.604692341744132,1.7628718614578247,1.3215956687927246,2.255281686782837,xgboost,UCAYALI
2021-10-11,1.1620185922974746,1.7727104425430298,1.5305652618408203,2.0394930839538574,xgboost,UCAYALI
2021-10-18,0.6086764054891523,1.4293016195297241,1.1354373693466187,1.7089991569519043,xgboost,UCAYALI
2021-10-25,0.55334218680832,1.1599122285842896,0.9166742563247681,1.7230497598648071,xgboost,UCAYALI
2021-11-01,0.6086764054891521,0.9850822687149048,0.8025960326194763,1.1186789274215698,xgboost,UCAYALI
2021-11-08,0.7746790615316489,0.6194463968276978,0.41889655590057373,0.783281683921814,xgboost,UCAYALI
2021-11-15,0.8853474988933132,0.7416988015174866,0.5035604238510132,0.9659123420715332,xgboost,UCAYALI
2021-11-22,0.6086764054891521,1.0080857276916504,0.8347310423851013,1.1690266132354736,xgboost,UCAYALI
2021-11-29,0.4426737494466555,0.7901308536529541,0.6012879014015198,1.0078672170639038,xgboost,UCAYALI
2021-12-06,0.38733953076582334,0.7371782064437866,0.5212770104408264,0.9890615940093994,xgboost,UCAYALI
2021-12-13,0.55334218680832,0.701251745223999,0.46094751358032227,0.8870595097541809,xgboost,UCAYALI
2021-12-20,0.6640106241699844,0.7579249143600464,0.5665926933288574,0.9946402907371521,xgboost,UCAYALI
2021-12-27,0.7746790615316489,0.8860270380973816,0.6493555307388306,1.1314606666564941,xgboost,UCAYALI
2022-01-03,0.7690001028517695,0.9424992799758911,0.6402130722999573,1.1406055688858032,xgboost,UCAYALI
2022-01-10,1.1991801432026927,0.9359615445137024,0.7210812568664551,1.143702745437622,xgboost,UCAYALI
2022-01-17,1.246563819731694,1.1354349851608276,0.8836775422096252,1.3820829391479492,xgboost,UCAYALI
2022-01-24,1.5175559544559754,1.0371969938278198,0.7639036178588867,1.3445552587509155,xgboost,UCAYALI
2022-01-31,1.4633575275111192,1.6973850727081299,1.3687328100204468,2.13181471824646,xgboost,UCAYALI
2022-02-07,1.3549606736214066,1.5596879720687866,1.167533278465271,1.9141523838043213,xgboost,UCAYALI
2022-02-14,1.3549606736214066,1.591586709022522,1.1882644891738892,1.911073923110962,xgboost,UCAYALI
2022-02-21,1.1923653927868374,1.5815925598144531,1.1458913087844849,1.9304094314575195,xgboost,UCAYALI
2022-02-28,1.30076224667655,1.225494623184204,0.9896724820137024,1.445863962173462,xgboost,UCAYALI
2022-03-07,0.9755716850074121,1.3780367374420166,1.138769268989563,1.583516240119934,xgboost,UCAYALI
2022-03-14,1.1923653927868376,1.1056410074234009,0.8676369786262512,1.2514361143112183,xgboost,UCAYALI
2022-03-21,1.8427465161251135,1.2499885559082031,0.9620634317398071,1.4591926336288452,xgboost,UCAYALI
2022-03-28,2.8183182011325285,1.5656591653823853,1.2572941780090332,1.8969974517822266,xgboost,UCAYALI
2022-04-04,2.7641197741876717,2.4771342277526855,1.9774667024612427,2.928302049636841,xgboost,UCAYALI
2022-04-11,2.655722920297959,2.6051762104034424,2.1431875228881836,3.0588340759277344,xgboost,UCAYALI
2022-04-18,2.5473260664082464,2.8745031356811523,2.3163304328918457,3.2271230220794678,xgboost,UCAYALI
2022-04-25,3.739691459195086,2.7310357093811035,2.5290141105651855,2.943051815032959,xgboost,UCAYALI
2022-05-02,4.227477301698793,3.547067165374756,3.253188133239746,3.7383956909179688,xgboost,UCAYALI
2022-05-09,4.227477301698793,4.295661926269531,3.9812493324279785,4.551302909851074,xgboost,UCAYALI
2022-05-16,3.902286740029655,4.1444878578186035,3.901796817779541,4.3955512046813965,xgboost,UCAYALI
2022-05-23,3.631294605305373,3.7074522972106934,3.360053062438965,4.0223917961120605,xgboost,UCAYALI
2022-05-30,3.5770961783605166,3.1937079429626465,2.876255989074707,3.587865114212036,xgboost,UCAYALI
2022-06-06,4.173278874753937,3.162667751312256,2.7742631435394287,3.599207639694214,xgboost,UCAYALI
2022-06-13,4.498469436423075,4.057176113128662,3.7442893981933594,4.428769111633301,xgboost,UCAYALI
2022-06-20,4.390072582533363,4.452775955200195,4.24210262298584,4.740456581115723,xgboost,UCAYALI
2022-06-27,3.08931033585681,4.4456562995910645,4.100317478179932,4.824927806854248,xgboost,UCAYALI
2022-07-04,2.6015244933531028,2.7625694274902344,2.384040355682373,3.068490743637085,xgboost,UCAYALI
2022-07-11,3.143508762801666,2.839601993560791,2.4399280548095703,3.2532949447631836,xgboost,UCAYALI
2022-07-18,2.980913481967097,3.2070536613464355,2.8933067321777344,3.508587121963501,xgboost,UCAYALI
2022-07-25,2.601524493353103,2.9329864978790283,2.568289041519165,3.294994831085205,xgboost,UCAYALI
2022-08-01,3.0893103358568097,2.6069283485412598,2.276458740234375,2.9130845069885254,xgboost,UCAYALI
2022-08-08,3.848088313084799,3.278716564178467,3.0207488536834717,3.504638910293579,xgboost,UCAYALI
2022-08-15,4.335874155588506,4.0229411125183105,3.709526538848877,4.4368391036987305,xgboost,UCAYALI
2022-08-22,2.8183182011325285,4.436343193054199,4.156883239746094,4.722177505493164,xgboost,UCAYALI
2022-08-29,2.113738650849396,2.878253698348999,2.498020887374878,3.2403032779693604,xgboost,UCAYALI
2022-09-05,1.517555954455976,2.7276220321655273,2.1869146823883057,3.1251182556152344,xgboost,UCAYALI
2022-09-12,2.1679370777942517,1.461580753326416,1.0702208280563354,1.9064900875091553,xgboost,UCAYALI
2022-09-19,2.3305323586288207,2.628159284591675,2.2256762981414795,3.11403751373291,xgboost,UCAYALI
2022-09-26,2.3305323586288207,2.3999650478363037,2.007089853286743,2.7702505588531494,xgboost,UCAYALI
2022-10-03,1.842746516125114,2.3594934940338135,1.9734634160995483,2.778003692626953,xgboost,UCAYALI
2022-10-10,2.5473260664082464,1.5858122110366821,1.2835558652877808,1.8998197317123413,xgboost,UCAYALI
2022-10-17,3.577096178360517,2.1307756900787354,1.8724009990692139,2.4411823749542236,xgboost,UCAYALI
2022-10-24,3.3603024705810918,3.0209531784057617,2.6038572788238525,3.4246418476104736,xgboost,UCAYALI
2022-10-31,2.5473260664082464,3.014610767364502,2.493936777114868,3.411142110824585,xgboost,UCAYALI
2022-11-07,2.059540223904539,2.824526786804199,2.4440860748291016,3.2114689350128174,xgboost,UCAYALI
2022-11-14,2.49312763946339,2.6693227291107178,2.1571245193481445,3.2208409309387207,xgboost,UCAYALI
2022-11-21,2.49312763946339,2.8020858764648438,2.4289650917053223,3.028892993927002,xgboost,UCAYALI
2022-11-28,2.276333931683965,2.586425304412842,2.162092447280884,3.0518007278442383,xgboost,UCAYALI
2022-12-05,2.113738650849396,2.2981863021850586,1.89982271194458,2.720902442932129,xgboost,UCAYALI
2022-12-12,2.0595402239045395,2.1872105598449707,1.7315592765808105,2.5452585220336914,xgboost,UCAYALI
2022-12-19,1.5717543814008323,2.200915813446045,1.7620587348937988,2.628366708755493,xgboost,UCAYALI
2022-12-26,1.9511433700148266,1.8408738374710083,1.5910784006118774,2.1758041381835938,xgboost,UCAYALI
2023-01-02,1.6738214478472526,2.051647186279297,1.6966471672058105,2.4033291339874268,xgboost,UCAYALI
2023-01-09,1.7737785851459087,1.8905489444732666,1.5450148582458496,2.3178021907806396,xgboost,UCAYALI
2023-01-16,1.7537342582421502,1.9802945852279663,1.6214221715927124,2.429067373275757,xgboost,UCAYALI
2023-01-23,1.9663081077260476,2.158799886703491,1.8045618534088135,2.5739119052886963,xgboost,UCAYALI
2023-01-30,2.1257384948389704,1.8417459726333618,1.6528029441833496,2.1204848289489746,xgboost,UCAYALI
2023-02-06,2.1257384948389704,2.0581305027008057,1.7840707302093506,2.3182833194732666,xgboost,UCAYALI
2023-02-13,2.019451570097022,2.0929553508758545,1.8510922193527222,2.3870291709899902,xgboost,UCAYALI
2023-02-20,2.3383123443228677,1.9842907190322876,1.7067126035690308,2.283571481704712,xgboost,UCAYALI
2023-02-27,2.0725950324679965,2.4113540649414062,2.1886355876922607,2.6628880500793457,xgboost,UCAYALI
2023-03-06,2.60402965617774,2.3028860092163086,2.0394046306610107,2.557399272918701,xgboost,UCAYALI
2023-03-13,1.860021182984099,2.8762545585632324,2.4562478065490723,3.1662471294403076,xgboost,UCAYALI
2023-03-20,1.4348734840163047,2.0671346187591553,1.6779274940490723,2.369011402130127,xgboost,UCAYALI
2023-03-27,1.8068777206131248,1.6294804811477661,1.2741385698318481,1.931525468826294,xgboost,UCAYALI
2023-04-03,2.869746968032611,1.9719833135604858,1.472071886062622,2.3762636184692383,xgboost,UCAYALI
2023-04-10,3.7200423659681996,2.749563694000244,2.4791550636291504,2.960848808288574,xgboost,UCAYALI
2023-04-17,3.0823208175165084,2.9677653312683105,2.535322904586792,3.439647674560547,xgboost,UCAYALI
2023-04-24,3.241751204629431,2.901562213897705,2.628906488418579,3.1524393558502197,xgboost,UCAYALI
2023-05-01,3.1354642798874828,3.1940839290618896,3.0091421604156494,3.4754719734191895,xgboost,UCAYALI
2023-05-08,3.8263292907101487,3.151092767715454,2.884112596511841,3.3539304733276367,xgboost,UCAYALI
2023-05-15,3.8263292907101487,3.7848782539367676,3.421356201171875,4.213191032409668,xgboost,UCAYALI
2023-05-22,4.357763914419892,3.677149534225464,3.322112560272217,3.9683992862701416,xgboost,UCAYALI
2023-05-29,4.2514769896779425,4.271249771118164,3.996643304824829,4.567869186401367,xgboost,UCAYALI
2023-06-05,4.676624688645737,4.04967737197876,3.7500054836273193,4.283863544464111,xgboost,UCAYALI
2023-06-12,4.46405083916184,4.42069673538208,4.136623859405518,4.662541389465332,xgboost,UCAYALI
2023-06-19,4.517194301532815,4.341737270355225,4.0827436447143555,4.591602325439453,xgboost,UCAYALI
2023-06-26,4.995485462871583,3.9695467948913574,3.610830307006836,4.439624786376953,xgboost,UCAYALI
2023-07-03,4.889198538129635,5.101358413696289,4.224576473236084,6.306474685668945,xgboost,UCAYALI
2023-07-10,6.164641635033019,4.428046703338623,4.0725860595703125,4.795684337615967,xgboost,UCAYALI
2023-07-17,5.261202774726455,5.625472545623779,5.189464569091797,6.159908771514893,xgboost,UCAYALI
2023-07-24,5.845780860807172,5.486296653747559,4.873385906219482,5.9520063400268555,xgboost,UCAYALI
2023-07-31,4.304620452048917,5.686033248901367,5.2797746658325195,6.180954933166504,xgboost,UCAYALI
2023-08-07,3.6668989035972253,4.448245525360107,4.031750679016113,4.771687030792236,xgboost,UCAYALI
2023-08-14,2.232025419580919,3.2426414489746094,2.8245315551757812,3.6714911460876465,xgboost,UCAYALI
2023-08-21,2.4445992690648164,1.9389007091522217,1.485817313194275,2.2901999950408936,xgboost,UCAYALI
2023-08-28,2.4977427314357907,2.2783403396606445,1.8321946859359741,2.688582181930542,xgboost,UCAYALI
2023-09-04,3.0291773551455337,2.6605277061462402,2.2759366035461426,2.954357385635376,xgboost,UCAYALI
2023-09-11,2.710316580919688,2.994316339492798,2.650444746017456,3.3316259384155273,xgboost,UCAYALI
2023-09-18,3.0291773551455337,2.7737069129943848,2.333108425140381,3.1055212020874023,xgboost,UCAYALI
2023-09-25,3.401181591742354,2.948796033859253,2.648397445678711,3.3097009658813477,xgboost,UCAYALI
2023-10-02,3.1886077422584562,3.0430407524108887,2.607590436935425,3.639860153198242,xgboost,UCAYALI
2023-10-09,3.0823208175165075,3.0387260913848877,2.822492837905884,3.269803524017334,xgboost,UCAYALI
2023-10-16,3.613755441226251,3.2456719875335693,2.947187662124634,3.634845018386841,xgboost,UCAYALI
2023-10-23,4.729768151016711,3.363778829574585,3.0122933387756348,3.6835503578186035,xgboost,UCAYALI
2023-10-30,4.517194301532815,4.084233283996582,3.64129638671875,4.6309404373168945,xgboost,UCAYALI
2023-11-06,4.729768151016711,3.6374895572662354,3.101832628250122,4.120174884796143,xgboost,UCAYALI
2023-11-13,3.8263292907101487,4.144708156585693,3.6929376125335693,4.577882289886475,xgboost,UCAYALI
2023-11-20,3.7731858283391744,3.68426513671875,3.152536153793335,4.142360210418701,xgboost,UCAYALI
2023-11-27,2.9760338927745598,3.956146717071533,3.4630300998687744,4.387206077575684,xgboost,UCAYALI
2023-12-04,2.6571731185487137,2.9275431632995605,2.5619494915008545,3.3118083477020264,xgboost,UCAYALI
2023-12-11,2.816603505661637,3.2763617038726807,3.0465359687805176,3.581372022628784,xgboost,UCAYALI
2023-12-18,2.6571731185487137,3.3077964782714844,3.0245251655578613,3.555392026901245,xgboost,UCAYALI
2023-12-25,3.241751204629431,3.404934883117676,3.0153491497039795,3.643526077270508,xgboost,UCAYALI
