date,actual,predicted,lower_ci,upper_ci,model,region
2011-12-26,2.32578498509799,2.1258515753577005,1.7359787485169642,2.8952785916220507,random_forest,AREQUIPA
2012-01-02,2.3340424025734827,2.2735718834684655,1.7814432871869454,3.343031310006386,random_forest,AREQUIPA
2012-01-09,2.0062766931976515,2.3055574762159976,1.8128212379055448,3.300407565342989,random_forest,AREQUIPA
2012-01-16,2.0412829054804362,2.176481077714386,1.7616584110107827,3.180195409154372,random_forest,AREQUIPA
2012-01-23,2.092314978117447,2.127723309460175,1.8339753364966949,2.689825460365258,random_forest,AREQUIPA
2012-01-30,2.3985074139395124,2.1275181082514076,1.8353144899190084,2.7314897478249556,random_forest,AREQUIPA
2012-02-06,2.2198951597099748,2.2667454690253166,1.8786653977472243,2.884018729049963,random_forest,AREQUIPA
2012-02-13,2.194379123391469,2.18580906558235,1.850891294913452,2.876496702187324,random_forest,AREQUIPA
2012-02-20,2.577119668169051,2.1779790225063764,1.927618509064653,2.495755914656331,random_forest,AREQUIPA
2012-02-27,2.857796067672611,2.375420965046076,1.9652358195636177,2.90001406518762,random_forest,AREQUIPA
2012-03-05,2.781247958717094,2.499057982197588,2.0164015604650123,3.0744550260597996,random_forest,AREQUIPA
2012-03-12,2.3219593049839964,2.5809528240342994,2.1028738884644067,3.298854286599981,random_forest,AREQUIPA
2012-03-19,2.3985074139395124,2.3247736134371255,1.9152224043782797,2.857055782084524,random_forest,AREQUIPA
2012-03-26,2.8322800313541054,2.4250812387401752,1.9316401716064908,3.1334753993910427,random_forest,AREQUIPA
2012-04-02,2.6281517408060613,2.587406108345308,2.0376533214785337,3.2346932056026243,random_forest,AREQUIPA
2012-04-09,2.5005715592135345,2.6828241564585324,2.249869299288306,3.3537730218016475,random_forest,AREQUIPA
2012-04-16,1.9392187602064146,2.6089291114803213,2.2140065215693485,3.206285314205377,random_forest,AREQUIPA
2012-04-23,2.194379123391469,2.3299262818736914,1.809089703833909,3.0633944233737203,random_forest,AREQUIPA
2012-04-30,2.270927232346985,2.3022348309517295,1.826701556474721,2.8977988284672076,random_forest,AREQUIPA
2012-05-07,2.9598602129466323,2.2644780882032123,1.8841083344813527,2.7276216351470186,random_forest,AREQUIPA
2012-05-14,3.674309229864786,2.5535654509324783,2.070911112582746,3.137385532137575,random_forest,AREQUIPA
2012-05-21,3.699825266183291,2.7719065030445322,2.06795686825589,3.4889325596748173,random_forest,AREQUIPA
2012-05-28,3.4191488666797305,2.7762909441597805,2.0576633320988513,3.4955984287664386,random_forest,AREQUIPA
2012-06-04,2.8322800313541054,2.8550904974359677,2.0567081100263263,3.545014744595091,random_forest,AREQUIPA
2012-06-11,2.908828140309622,2.828831692024538,2.2621531903661385,3.4000725839275674,random_forest,AREQUIPA
2012-06-18,2.602635704487556,2.95314464466086,2.4230613360583613,3.5103740197469655,random_forest,AREQUIPA
2012-06-25,2.2964432686654908,2.732156213922003,2.099226822121599,3.482025801278803,random_forest,AREQUIPA
2012-07-02,2.117831014435953,2.5764395516112013,1.9582756067408353,3.4973391200813735,random_forest,AREQUIPA
2012-07-09,2.7302158860800834,2.375555392023191,1.8516112642965612,3.1979757827449995,random_forest,AREQUIPA
2012-07-16,2.934344176628127,2.688697894907124,2.0026066062850534,3.435062178128369,random_forest,AREQUIPA
2012-07-23,3.1384724671761703,2.8856066853910893,2.20413918979838,3.5494520705865034,random_forest,AREQUIPA
2012-07-30,2.628151740806062,3.0485777135507535,2.2330422383834523,3.596029716376089,random_forest,AREQUIPA
2012-08-06,2.5516036318505457,2.600466250717244,2.028308621876501,3.384981467315161,random_forest,AREQUIPA
2012-08-13,2.449539486576523,2.5341768045674518,1.9982012271607712,3.2533499591289545,random_forest,AREQUIPA
2012-08-20,2.3474753413025016,2.4344378451500797,1.9349330425256923,3.25752250320616,random_forest,AREQUIPA
2012-08-27,2.3219593049839964,2.4246128968912557,1.8623476031054833,3.2752769567882782,random_forest,AREQUIPA
2012-09-03,2.092314978117447,2.409543733460633,2.0037157392697815,3.1063487823328058,random_forest,AREQUIPA
2012-09-10,2.066798941798942,2.335844981301459,1.855933571697862,3.201982502551146,random_forest,AREQUIPA
2012-09-17,1.8881866875694036,2.2686212073437217,1.7781179994205054,3.104966458660689,random_forest,AREQUIPA
2012-09-24,1.9392187602064144,2.121609512624372,1.702385019942322,2.7036932115042456,random_forest,AREQUIPA
2012-10-01,1.6585423607028542,2.0461001688421914,1.7802717756671549,2.4254558739948546,random_forest,AREQUIPA
2012-10-08,1.5054461427918218,1.9113057322092726,1.4549817586387521,2.4190733733306455,random_forest,AREQUIPA
2012-10-15,1.301317852243778,1.7611487042190963,1.2463134692258488,2.3364889680052094,random_forest,AREQUIPA
2012-10-22,1.352349924880789,1.4996997147857405,1.0542430622918009,2.18738349824358,random_forest,AREQUIPA
2012-10-29,1.2758018159252729,1.3940844258241105,1.1143833818537987,1.8123865350984476,random_forest,AREQUIPA
2012-11-05,1.4799301064733161,1.362704360741853,1.0988646448015038,1.714371594435635,random_forest,AREQUIPA
2012-11-12,1.5564782154288326,1.454853483421315,1.1163315276275472,1.8057439344129549,random_forest,AREQUIPA
2012-11-19,1.7861225422953817,1.4537837394678197,1.1026149363737534,1.8102600162973304,random_forest,AREQUIPA
2012-11-26,1.96473479652492,1.698154485830786,1.239160511168161,2.168133736715855,random_forest,AREQUIPA
2012-12-03,2.3474753413025016,1.7387504547136938,1.1949418572625259,2.1994276151713654,random_forest,AREQUIPA
2012-12-10,2.24541119602848,1.955845785010498,1.455838911022725,2.4736592799737283,random_forest,AREQUIPA
2012-12-17,1.862670651250898,1.9556250768450978,1.4923916464157587,2.463222473340539,random_forest,AREQUIPA
2012-12-24,1.5819942517473382,1.8806880278738451,1.4435978601356163,2.292895646441188,random_forest,AREQUIPA
2012-12-31,1.9902508328434252,1.6717853862021494,1.1890886336366848,2.20014550826374,random_forest,AREQUIPA
2013-01-07,2.1037196749464067,1.9182047682887566,1.3806661387614878,2.3731052960205665,random_forest,AREQUIPA
2013-01-14,2.164980499454915,2.0619780651617106,1.6872633963778818,2.497960318816396,random_forest,AREQUIPA
2013-01-21,2.019173171021724,2.1003122410724413,1.758056696157222,2.496644064908001,random_forest,AREQUIPA
2013-01-28,2.1936696179001447,2.0441278475530944,1.7652830747800876,2.449426303947214,random_forest,AREQUIPA
2013-02-04,2.1936696179001447,2.121786995438373,1.800418697967172,2.529904877631802,random_forest,AREQUIPA
2013-02-11,2.0191731710217242,2.109106641846116,1.8115568928161732,2.518652848889016,random_forest,AREQUIPA
2013-02-18,1.7698925326239803,2.055765757935178,1.8137513059204793,2.3976808824282383,random_forest,AREQUIPA
2013-02-25,1.5455399580660112,2.093204723621271,1.735066833611352,2.5703667690566907,random_forest,AREQUIPA
2013-03-04,1.4956838303864626,1.8322527323095845,1.326853809841898,2.382084589051261,random_forest,AREQUIPA
2013-03-11,1.5704680219057856,1.593859336938496,1.156930128177511,2.243431929048494,random_forest,AREQUIPA
2013-03-18,1.4707557665466882,1.5768535422256529,1.1673100617655114,2.0844646987312956,random_forest,AREQUIPA
2013-03-25,1.4458277027069137,1.4863588689383935,1.1847766383538358,1.9656821306400367,random_forest,AREQUIPA
2013-04-01,1.420899638867139,1.457877365772668,1.160326113860226,1.8293449164542581,random_forest,AREQUIPA
2013-04-08,1.6203241495853342,1.4544233224911873,1.1389719011836543,1.8293449164542581,random_forest,AREQUIPA
2013-04-15,1.395971575027365,1.577671008740454,1.3511119757889958,1.9412470741378955,random_forest,AREQUIPA
2013-04-22,1.346115447347816,1.5373350725622292,1.2834583447106964,1.9265243146910807,random_forest,AREQUIPA
2013-04-29,1.2214751281489442,1.4368313208292558,1.0726551642163544,1.7417572614218872,random_forest,AREQUIPA
2013-05-06,1.5206118942262368,1.401475929927964,1.058379296671469,1.7865637429508152,random_forest,AREQUIPA
2013-05-13,1.7449644687842063,1.5356099723538033,1.26584442118848,1.9396187426346565,random_forest,AREQUIPA
2013-05-20,2.143813490220596,1.7760579477586464,1.1911952832542574,2.2697927395824715,random_forest,AREQUIPA
2013-05-27,2.418022192458114,2.0213848642253134,1.4311561750543234,2.4148012126685208,random_forest,AREQUIPA
2013-06-03,2.5426625116569856,2.1109296986398527,1.5935134565808584,2.564458780348058,random_forest,AREQUIPA
2013-06-10,2.79194315005473,2.379875942642839,1.9270527575999052,2.8450922221336983,random_forest,AREQUIPA
2013-06-17,2.6673028308558577,2.5039692386429455,2.0251230629108896,2.969126850607202,random_forest,AREQUIPA
2013-06-24,2.492806383977437,2.494757651269946,2.047540496693051,2.9849094586474174,random_forest,AREQUIPA
2013-07-01,2.1438134902205963,2.3711019466771672,2.0283045714682086,2.725066598255085,random_forest,AREQUIPA
2013-07-08,2.1188854263808214,2.2186126350775353,1.8026249992723773,2.752175815972936,random_forest,AREQUIPA
2013-07-15,1.944388979502401,2.1931121030095024,1.746720506708082,2.77422505043802,random_forest,AREQUIPA
2013-07-22,2.143813490220596,2.0330604025917953,1.6471090907444819,2.659176246852058,random_forest,AREQUIPA
2013-07-29,2.143813490220596,2.128101678316861,1.7365667082980045,2.601175748145064,random_forest,AREQUIPA
2013-08-05,2.343238000938791,2.132875672700672,1.8461316455918426,2.479228739854185,random_forest,AREQUIPA
2013-08-12,2.5675905754967605,2.2836294829827186,1.8412148753218496,2.8759453145634577,random_forest,AREQUIPA
2013-08-19,2.2933818732592424,2.543518257010186,1.8814141748059325,3.230325971149342,random_forest,AREQUIPA
2013-08-26,1.944388979502401,2.3064970346521867,1.799467551465921,2.902310813375599,random_forest,AREQUIPA
2013-09-02,1.5206118942262368,2.0400703711559696,1.695166435813502,2.5649031667259687,random_forest,AREQUIPA
2013-09-09,1.6701802772648833,1.7948647458930604,1.3540502030506936,2.4621036474949634,random_forest,AREQUIPA
2013-09-16,2.0939573625410475,1.7365692091522074,1.3375151168685384,2.3065603590070145,random_forest,AREQUIPA
2013-09-23,2.093957362541047,1.923806278470938,1.424791397345235,2.4675797822282415,random_forest,AREQUIPA
2013-09-30,2.1687415540603703,2.001597985613761,1.7042881880652596,2.320604969422894,random_forest,AREQUIPA
2013-10-07,2.1936696179001447,1.9661590999529268,1.5999643611354282,2.3331302093885533,random_forest,AREQUIPA
2013-10-14,2.069029298701273,1.9881434816073633,1.5845116032709228,2.4956008661326954,random_forest,AREQUIPA
2013-10-21,1.9693170433421756,1.9465342473603784,1.617554311028543,2.365970651194251,random_forest,AREQUIPA
2013-10-28,1.7200364049444314,1.9263533880050256,1.6698152643971897,2.1847626394025346,random_forest,AREQUIPA
2013-11-04,1.6951083411046575,1.899070942114988,1.59822781191335,2.220264536619225,random_forest,AREQUIPA
2013-11-11,1.6951083411046575,1.816127424133067,1.4127557289295585,2.1519366847502632,random_forest,AREQUIPA
2013-11-18,1.6951083411046575,1.7999036613483204,1.3912791203984103,2.117098207461617,random_forest,AREQUIPA
2013-11-25,1.545539958066011,1.7616864221531203,1.3756415746717414,2.158258000338327,random_forest,AREQUIPA
2013-12-02,1.3710435111875905,1.5791987908529574,1.173091736307755,2.061615833421883,random_forest,AREQUIPA
2013-12-09,1.271331255828493,1.3832955213832034,1.0687968078465886,1.945696860088193,random_forest,AREQUIPA
2013-12-16,1.346115447347816,1.3221444886844327,1.064812900680096,1.7374598573156033,random_forest,AREQUIPA
2013-12-23,1.2962593196682672,1.3810054213985021,1.1126109461473983,1.7259162636808132,random_forest,AREQUIPA
2013-12-30,1.2962593196682672,1.3907880761934108,1.1105134107361763,1.7638386190933346,random_forest,AREQUIPA
2014-01-06,1.188124785800328,1.4190409510001523,1.1030609087456553,1.7931954637327083,random_forest,AREQUIPA
2014-01-13,1.594495828824886,1.4664994421508653,1.1268025651721232,1.7995634463212358,random_forest,AREQUIPA
2014-01-20,1.9493262884681268,1.6198647504067119,1.3155558226199935,1.9571905778661798,random_forest,AREQUIPA
2014-01-27,2.4122912819793068,1.8393700319013269,1.392964537170059,2.2260619385784466,random_forest,AREQUIPA
2014-02-03,2.168625495920791,2.148556321274838,1.5520981427316398,2.6829546214564983,random_forest,AREQUIPA
2014-02-10,1.6325607665920563,2.0660519453072186,1.6003408627695903,2.620009491818842,random_forest,AREQUIPA
2014-02-17,1.2670620875042824,1.836651277275573,1.4745910387697574,2.23182952604566,random_forest,AREQUIPA
2014-02-24,1.1452291944750244,1.7727155621495208,1.3156405762176042,2.3778831985396374,random_forest,AREQUIPA
2014-03-03,1.242695508898431,1.5934470407726313,1.1636714203331215,2.201638726034546,random_forest,AREQUIPA
2014-03-10,1.2183289302925793,1.5593104016374253,1.1695122914818186,2.17987345427827,random_forest,AREQUIPA
2014-03-17,1.1695957730808761,1.4280522384664742,1.1644465071043635,1.860724735227715,random_forest,AREQUIPA
2014-03-24,1.1939623516867277,1.4667040300305445,1.1705249708233263,1.9667384190414592,random_forest,AREQUIPA
2014-03-31,1.169595773080876,1.5168482628317865,1.199559107118252,1.9132584903659848,random_forest,AREQUIPA
2014-04-07,1.3645284019276887,1.536685536653335,1.2312040912741342,1.9357048179226122,random_forest,AREQUIPA
2014-04-14,1.5107278735627983,1.4409173211970145,1.1901768185803658,1.8021732835674622,random_forest,AREQUIPA
2014-04-21,1.413261559139392,1.5316436900138375,1.2208235388234505,1.9337037379957196,random_forest,AREQUIPA
2014-04-28,1.291428666110134,1.5621968642833732,1.229760494126866,1.9995364850433974,random_forest,AREQUIPA
2014-05-05,1.1695957730808761,1.5397108001478437,1.1966613004913813,1.9969399769669767,random_forest,AREQUIPA
2014-05-12,1.2183289302925793,1.4454344449970484,1.1749600851264541,2.0017848351891083,random_forest,AREQUIPA
2014-05-19,1.3157952447159857,1.4783636227659778,1.177609725876546,2.07633158270283,random_forest,AREQUIPA
2014-05-26,1.3645284019276887,1.4978305805999015,1.179165618134925,2.0899838351066857,random_forest,AREQUIPA
2014-06-02,1.5107278735627983,1.5193109639935596,1.1829029179732022,2.1021817911627103,random_forest,AREQUIPA
2014-06-09,1.583827609380353,1.5064950000984436,1.2513748917936571,1.8825769123168181,random_forest,AREQUIPA
2014-06-16,1.583827609380353,1.6240892863116076,1.2577964458442898,2.173898786390495,random_forest,AREQUIPA
2014-06-23,1.4376281377452436,1.6646680048856426,1.272167840857648,2.2733339376968638,random_forest,AREQUIPA
2014-06-30,1.2670620875042824,1.5309142404551297,1.2274804965317334,2.2487103303908174,random_forest,AREQUIPA
2014-07-07,1.3157952447159857,1.3596370197806427,1.1893445209337095,1.6781246030516275,random_forest,AREQUIPA
2014-07-14,1.7300270810154625,1.3742427764780394,1.1835896491996991,1.6852383242975002,random_forest,AREQUIPA
2014-07-21,2.3148249675559005,1.7655008794537381,1.2023990120404298,2.4687104377495803,random_forest,AREQUIPA
2014-07-28,2.7290568038553773,2.103660036257735,1.3555709602827024,2.6315311468297535,random_forest,AREQUIPA
2014-08-04,2.4122912819793068,2.418782592798585,1.726910510105731,3.0459412811124498,random_forest,AREQUIPA
2014-08-11,2.655957068037823,2.379352350618819,1.8068158065942255,2.7780140491282106,random_forest,AREQUIPA
2014-08-18,2.5584907536144166,2.3751428017724967,1.80425021064749,2.9301555639958776,random_forest,AREQUIPA
2014-08-25,3.0701889043373,2.2674426312103164,1.7409556831433144,2.7049976080233358,random_forest,AREQUIPA
2014-09-01,2.509757596402713,2.600163958921542,1.9742096077365787,3.3183426134639276,random_forest,AREQUIPA
2014-09-08,2.241725231738346,2.4588942021726816,1.9649676028625975,3.113633688536847,random_forest,AREQUIPA
2014-09-15,2.1929920745266425,2.2333958460779018,1.8049681022302946,2.876406418393259,random_forest,AREQUIPA
2014-09-22,2.3879247033734554,2.203218164286566,1.783138469722045,2.96229223280053,random_forest,AREQUIPA
2014-09-29,2.6803236466436737,2.297780627649515,1.862182366803059,2.840113560033248,random_forest,AREQUIPA
2014-10-06,2.3391915461617523,2.584257497426399,1.9870933029148503,3.3736025844622706,random_forest,AREQUIPA
2014-10-13,1.9736928670739786,2.3137001779889474,1.883749328028871,3.021526903862667,random_forest,AREQUIPA
2014-10-20,1.6812939238037592,2.112202731863037,1.6806446723298802,2.9651483896925224,random_forest,AREQUIPA
2014-10-27,1.7056605024096108,1.966095918645052,1.5116389443533909,2.621076750022528,random_forest,AREQUIPA
2014-11-03,1.754393659621314,1.8429529805550873,1.4656061763924562,2.348544006964792,random_forest,AREQUIPA
2014-11-10,1.583827609380353,1.8969512348150352,1.516882050450557,2.2738569995332063,random_forest,AREQUIPA
2014-11-17,1.5107278735627983,1.73116329428515,1.314917322436226,2.2552521803019396,random_forest,AREQUIPA
2014-11-24,1.2426955088984308,1.5608881196780064,1.254012654092564,2.0629732516890353,random_forest,AREQUIPA
2014-12-01,1.53509445216865,1.4297658207300807,1.1417031496571166,1.9334971055929466,random_forest,AREQUIPA
2014-12-08,1.5107278735627983,1.4804651689680604,1.1844169282558505,1.9341485897202106,random_forest,AREQUIPA
2014-12-15,1.9005931312564235,1.4716316378471865,1.2053092214354535,1.9355244575687787,random_forest,AREQUIPA
2014-12-22,1.7300270810154625,1.7881890130666065,1.1943944453689836,2.3304300510367755,random_forest,AREQUIPA
2014-12-29,2.1929920745266425,1.828562666970321,1.3273052184245575,2.330237614658834,random_forest,AREQUIPA
2015-01-05,2.2017929502078726,1.997316822458481,1.5415537386951235,2.431869281868506,random_forest,AREQUIPA
2015-01-12,2.2614739766076504,1.9677244799900904,1.6760240841892822,2.2770643347595736,random_forest,AREQUIPA
2015-01-19,2.097025060164364,2.013120706087458,1.6654519145919473,2.4012085432697483,random_forest,AREQUIPA
2015-01-26,1.9540460787895209,2.035845097201358,1.7352157939382422,2.43484314962785,random_forest,AREQUIPA
2015-02-02,2.0017057392478015,2.0020403942788185,1.7235191235604805,2.3051641272732146,random_forest,AREQUIPA
2015-02-09,1.6442582858106942,2.05832925503061,1.7528229317677462,2.4183339880132557,random_forest,AREQUIPA
2015-02-16,1.6680881160398346,1.7402597233826853,1.269195929315248,2.343778024481874,random_forest,AREQUIPA
2015-02-23,1.4536196439775704,1.6752303118850949,1.2637401616537187,2.1342556558390977,random_forest,AREQUIPA
2015-03-02,1.5251091346649917,1.545209405911862,1.2218225508158949,2.0370591072990276,random_forest,AREQUIPA
2015-03-09,1.4774494742067106,1.4622376151935004,1.2453411649950314,1.7738241323785977,random_forest,AREQUIPA
2015-03-16,1.3821301532901487,1.4514468492925225,1.2531786416748467,1.641187635162165,random_forest,AREQUIPA
2015-03-23,1.4297898137484297,1.4108458853094257,1.2036287178978344,1.6479615606932176,random_forest,AREQUIPA
2015-03-30,1.3821301532901487,1.4309079725916125,1.233783031987846,1.6459008057643696,random_forest,AREQUIPA
2015-04-06,1.6919179462689753,1.404680989812219,1.212484667891206,1.6613746995206056,random_forest,AREQUIPA
2015-04-13,1.5965986253524134,1.5892161618200087,1.2620565711523155,2.180882482898925,random_forest,AREQUIPA
2015-04-20,1.5251091346649919,1.5570679449822746,1.2636140660340576,2.0199672039631267,random_forest,AREQUIPA
2015-04-27,1.3344704928318676,1.5104768794370949,1.2575113889576688,1.8805795407844148,random_forest,AREQUIPA
2015-05-04,1.5489389648941323,1.4625157049349273,1.2023824859112902,1.898133037830941,random_forest,AREQUIPA
2015-05-11,1.4774494742067106,1.505238201979352,1.2877697198540001,1.791612246602343,random_forest,AREQUIPA
2015-05-18,1.334470492831868,1.4952296480274034,1.280022148164274,1.8237652552227686,random_forest,AREQUIPA
2015-05-25,1.1914915114570246,1.4839234233832088,1.2542010734651596,1.778491977899514,random_forest,AREQUIPA
2015-06-01,1.5251091346649917,1.4631331899783468,1.2125753379405833,1.8225415768310937,random_forest,AREQUIPA
2015-06-08,1.6204284555815536,1.5125153319966864,1.2528714358679112,1.7781254572064507,random_forest,AREQUIPA
2015-06-15,1.715747776498116,1.6331837804361042,1.3018112168981217,2.272596405722747,random_forest,AREQUIPA
2015-06-22,1.8825565881020994,1.8140421367918684,1.2770329923430894,2.4171069328720103,random_forest,AREQUIPA
2015-06-29,2.2400040415392066,1.9431544059618642,1.3916032422474953,2.4843811834971365,random_forest,AREQUIPA
2015-07-06,2.38298302291405,2.2006302389440404,1.721224269105512,2.5815028330468213,random_forest,AREQUIPA
2015-07-13,2.1208548903935043,2.233277097480832,1.6382875540474235,2.7290302986501165,random_forest,AREQUIPA
2015-07-20,2.1446847206226445,2.13152423357183,1.6154410516107862,2.690851645228992,random_forest,AREQUIPA
2015-07-27,1.9540460787895206,2.1491338568653573,1.786549627113158,2.622427108606653,random_forest,AREQUIPA
2015-08-03,2.097025060164364,2.0361306501406196,1.6865981052854484,2.4211503135221184,random_forest,AREQUIPA
2015-08-10,2.025535569476942,2.096947229323179,1.703501322471729,2.438199203750322,random_forest,AREQUIPA
2015-08-17,2.001705739247802,2.0535730857203265,1.665436205273768,2.438199203750322,random_forest,AREQUIPA
2015-08-24,2.1446847206226445,2.0129823417707793,1.5781621186654993,2.437612499276378,random_forest,AREQUIPA
2015-08-31,1.90638641833124,2.06232319744283,1.7493353097041968,2.3335210114823095,random_forest,AREQUIPA
2015-09-07,1.8348969276438183,1.9486488328233584,1.592881070830191,2.2846537771821147,random_forest,AREQUIPA
2015-09-14,1.5251091346649917,1.9306153069394987,1.5464342924996362,2.3319135918571887,random_forest,AREQUIPA
2015-09-21,1.6919179462689753,1.7430190400924872,1.4034300335332515,2.2346886628255445,random_forest,AREQUIPA
2015-09-28,1.7157477764981157,1.6485491317979941,1.3596110216771387,2.103822497730808,random_forest,AREQUIPA
2015-10-05,2.073195229935223,1.7078917912308669,1.3882162672975416,2.1963234316143088,random_forest,AREQUIPA
2015-10-12,2.073195229935223,2.004484830482399,1.5397554662556177,2.360085708708355,random_forest,AREQUIPA
2015-10-19,2.1446847206226445,1.975952178490593,1.5930195304070227,2.3159229662672467,random_forest,AREQUIPA
2015-10-26,1.8587267578729587,2.004006186837134,1.6746758536068567,2.2409537069943313,random_forest,AREQUIPA
2015-11-02,1.8348969276438183,1.851443161397927,1.5765332449271574,2.152018639442516,random_forest,AREQUIPA
2015-11-09,1.9778759090186613,1.855442650641211,1.5954083584043863,2.178027058270455,random_forest,AREQUIPA
2015-11-16,1.9302162485603802,1.9003133830200534,1.6182009826619108,2.218483795446858,random_forest,AREQUIPA
2015-11-23,2.025535569476942,1.9152536413480779,1.6340139471209738,2.18684052810085,random_forest,AREQUIPA
2015-11-30,1.9540460787895206,1.9613188485350053,1.642587334282859,2.2182807879671285,random_forest,AREQUIPA
2015-12-07,1.9063864183312396,1.899345698137325,1.6134339267518898,2.1750010928129937,random_forest,AREQUIPA
2015-12-14,1.5012793044358512,1.8784457306905293,1.59816852545632,2.1816938699981065,random_forest,AREQUIPA
2015-12-21,1.1914915114570246,1.7056293122080637,1.3617021900934774,2.0400996858527645,random_forest,AREQUIPA
2015-12-28,0.6672352464159337,1.5102871956970323,1.2836111972390989,1.988424120039271,random_forest,AREQUIPA
2016-01-04,0.9636691533760189,1.4498092938670621,1.1877675785405992,2.060231864481361,random_forest,AREQUIPA
2016-01-11,1.1424947421925638,1.4517869189099273,1.18572002783645,2.137244656261935,random_forest,AREQUIPA
2016-01-18,2.005194853644092,1.248531530159297,0.9167854589554243,1.748224400615583,random_forest,AREQUIPA
2016-01-25,1.865297538273574,1.7522437882430453,1.0023135797599176,2.4411777103710417,random_forest,AREQUIPA
2016-02-01,2.1684083882430296,1.8688075190171374,1.0686247122945367,2.4217907936691576,random_forest,AREQUIPA
2016-02-08,1.981878634415672,2.1088362328334638,1.427622509649204,2.5148468408133433,random_forest,AREQUIPA
2016-02-15,2.3782543612988065,1.9340908657255833,1.472509783406146,2.28604984952104,random_forest,AREQUIPA
2016-02-22,2.4015705805272263,2.0688480145173047,1.5738429794357347,2.520285219207504,random_forest,AREQUIPA
2016-02-29,2.4948354574409053,2.1323071530899576,1.5585795087870467,2.7137586824235154,random_forest,AREQUIPA
2016-03-07,2.471519238212485,2.28057999790318,1.7375648683152416,2.790085218530183,random_forest,AREQUIPA
2016-03-14,2.2150408266998687,2.3557923708745565,1.9371567234680802,2.733438378061234,random_forest,AREQUIPA
2016-03-21,1.772032661359895,2.2690395826021015,1.8596299046519884,2.6944213818622655,random_forest,AREQUIPA
2016-03-28,1.562186688304118,2.0578880962818147,1.536566915931338,2.6161101688609167,random_forest,AREQUIPA
2016-04-04,1.562186688304118,1.7481578493094307,1.2026735381205431,2.459257774228986,random_forest,AREQUIPA
2016-04-11,1.911929976730413,1.5549995374502323,1.1984858214631764,2.0609496799339406,random_forest,AREQUIPA
2016-04-18,1.8419813190451542,1.7573790017902398,1.2666483556077686,2.315393545671528,random_forest,AREQUIPA
2016-04-25,1.562186688304118,1.8502269336173356,1.4170917035627428,2.412342585812107,random_forest,AREQUIPA
2016-05-02,1.5155542498472787,1.68991810505725,1.3341878018992896,2.411335832099445,random_forest,AREQUIPA
2016-05-09,1.5855029075325378,1.5487723758417076,1.2830493881620808,2.053474186400936,random_forest,AREQUIPA
2016-05-16,2.0751435113293506,1.5718542664148427,1.246494408317604,2.09267533547562,random_forest,AREQUIPA
2016-05-23,2.2849894843851275,1.9513528246540277,1.4077347460984382,2.4056789225448605,random_forest,AREQUIPA
2016-05-30,2.494835457440905,2.176388726541115,1.7253686948512825,2.6282123635410977,random_forest,AREQUIPA
2016-06-06,2.5881003343545834,2.2960735947977993,1.8361858496727725,2.6964088637124726,random_forest,AREQUIPA
2016-06-13,3.217638253521915,2.4698737953840784,1.9442851134886856,2.962693973855548,random_forest,AREQUIPA
2016-06-20,3.8704923919176655,2.745056687411726,2.2330424008795537,3.414051753552861,random_forest,AREQUIPA
2016-06-27,4.546662749541835,2.8700513131299195,2.2817183907399903,3.5203436534089634,random_forest,AREQUIPA
2016-07-04,4.779824941826033,3.2389703584182152,2.5635528748714065,3.7364690122624755,random_forest,AREQUIPA
2016-07-11,4.8031411610544525,3.203293556008953,2.588817342879772,3.7364690122624755,random_forest,AREQUIPA
2016-07-18,4.243551899572381,3.063809305956508,2.567711143381136,3.7364690122624755,random_forest,AREQUIPA
2016-07-25,3.7772275150039873,3.108689373444901,2.5867788705443813,3.7364690122624755,random_forest,AREQUIPA
2016-08-01,3.2409544727503348,3.6896687959666092,2.8030443404757786,4.367827348059865,random_forest,AREQUIPA
2016-08-08,3.427484226577692,3.5408541586285165,2.7603320331211822,4.367827348059865,random_forest,AREQUIPA
2016-08-15,3.4508004458061117,3.480242918584574,2.731560644620373,4.367827348059865,random_forest,AREQUIPA
2016-08-22,3.3575355688924327,3.527479157193169,2.766226358501291,4.367827348059865,random_forest,AREQUIPA
2016-08-29,2.8445787458672,3.4058576139805044,2.9970126306907563,3.82672993211024,random_forest,AREQUIPA
2016-09-05,2.564784115126164,3.1033553056943686,2.3187109399364623,3.8055604107357013,random_forest,AREQUIPA
2016-09-12,2.4015705805272263,2.8629082140183812,2.136826331133132,3.6832994642826167,random_forest,AREQUIPA
2016-09-19,2.3782543612988065,2.607769315993916,2.082011162747889,3.579154643887826,random_forest,AREQUIPA
2016-09-26,2.12177594978619,2.3975548894283323,2.050711653891462,2.9319288058776314,random_forest,AREQUIPA
2016-10-03,2.1217759497861906,2.3386657253273326,1.9283917274800064,2.9537124644900947,random_forest,AREQUIPA
2016-10-10,1.9585624151872525,2.285420263901748,1.8471181325937476,2.9669306143465253,random_forest,AREQUIPA
2016-10-17,1.981878634415672,2.111325935585378,1.6599002789891468,2.8376047309543426,random_forest,AREQUIPA
2016-10-24,1.8652975382735735,1.9326647266350363,1.598897538741587,2.269281301105804,random_forest,AREQUIPA
2016-10-31,1.9585624151872523,1.7798418375947007,1.5280273122744423,2.1470254447197474,random_forest,AREQUIPA
2016-11-07,2.12177594978619,1.852902568728683,1.5356132662548923,2.3016548963529533,random_forest,AREQUIPA
2016-11-14,2.2849894843851275,1.9512551325976344,1.55597912519467,2.3555501300226473,random_forest,AREQUIPA
2016-11-21,2.284989484385128,2.083623572120876,1.6885003391110291,2.48700004001691,random_forest,AREQUIPA
2016-11-28,2.14509216901461,2.0898443377149953,1.7532868792656315,2.514297740764099,random_forest,AREQUIPA
2016-12-05,2.2616732651567077,2.0077332836009774,1.7169763150300983,2.3494383871322615,random_forest,AREQUIPA
2016-12-12,2.401570580527226,2.0645284263285233,1.7432140394809676,2.5228463032492776,random_forest,AREQUIPA
2016-12-19,2.4482030189840653,2.2084964732600088,1.7965922008250266,2.6123657401014624,random_forest,AREQUIPA
2016-12-26,2.4248867997556456,2.239780876210778,1.8471425956837793,2.6550485705897886,random_forest,AREQUIPA
2017-01-02,2.2721990932886396,2.2768569348966414,1.8948044065255916,2.7049525863487247,random_forest,AREQUIPA
2017-01-09,1.9810898858084023,2.2160076108621887,1.8218859406900803,2.6550485705897886,random_forest,AREQUIPA
2017-01-16,1.6889968020899735,2.1143506526193834,1.718082741489291,2.5080586563426412,random_forest,AREQUIPA
2017-01-23,1.8259424887459172,1.8542150862699252,1.4922249976721909,2.370404085233736,random_forest,AREQUIPA
2017-01-30,2.2139552676044247,1.8508571622568728,1.5208790809642572,2.314738772876504,random_forest,AREQUIPA
2017-02-06,2.1226581431671288,2.0957457716144297,1.594478536340559,2.4946850716930777,random_forest,AREQUIPA
2017-02-13,2.054185299839157,2.0787766433828363,1.627395226523269,2.4805965781624195,random_forest,AREQUIPA
2017-02-20,1.9400638942925372,2.044284648185125,1.6159021251610561,2.474597977053111,random_forest,AREQUIPA
2017-02-27,1.9628881754018612,1.8654112215151968,1.5226337439258133,2.291794591084202,random_forest,AREQUIPA
2017-03-06,1.7118210831992975,1.859734680093336,1.5238539786019565,2.2623583615141825,random_forest,AREQUIPA
2017-03-13,1.8259424887459172,1.7300342986651727,1.4856817731485579,2.0575357351837087,random_forest,AREQUIPA
2017-03-20,2.1683067053857767,1.715406592802033,1.4622392675998848,2.0642776736493538,random_forest,AREQUIPA
2017-03-27,2.2824281109323965,1.8984605784668243,1.5086018068993083,2.24146521674229,random_forest,AREQUIPA
2017-04-03,1.8715910509645648,2.061012199419164,1.563740802601851,2.4834268106448762,random_forest,AREQUIPA
2017-04-10,1.8259424887459172,1.8626759879295811,1.5467103357659822,2.181833866896472,random_forest,AREQUIPA
2017-04-17,2.054185299839157,1.818274237864202,1.5400243409104875,2.1185823925530194,random_forest,AREQUIPA
2017-04-24,2.054185299839157,1.9553314368412449,1.6335633594772512,2.2785044395360265,random_forest,AREQUIPA
2017-05-01,1.917239613183213,2.0007927739555535,1.7252558145330905,2.304747014360583,random_forest,AREQUIPA
2017-05-08,1.8259424887459172,1.9679659690835856,1.6376883368991766,2.383306992184285,random_forest,AREQUIPA
2017-05-15,1.9857124565111854,1.9419809150787253,1.5874037903322915,2.396298350490136,random_forest,AREQUIPA
2017-05-22,2.2139552676044247,2.019379100324198,1.6869922224943548,2.427112048713263,random_forest,AREQUIPA
2017-05-29,2.4878466409163127,2.1144749211331026,1.810015742040236,2.529956116887627,random_forest,AREQUIPA
2017-06-05,2.6704408897909038,2.3186147025469217,1.9554806195592316,2.7759947031679797,random_forest,AREQUIPA
2017-06-12,2.487846640916312,2.430382700563265,2.016368647951171,2.9710736142056873,random_forest,AREQUIPA
2017-06-19,2.1454824242764525,2.3978734875323404,2.028418843302316,3.01299329065881,random_forest,AREQUIPA
2017-06-26,1.917239613183213,2.2074321637152443,1.9228427812702586,2.732073407819572,random_forest,AREQUIPA
2017-07-03,2.328076673151044,2.029046142661172,1.6497861404248486,2.546020045993922,random_forest,AREQUIPA
2017-07-10,2.6704408897909038,2.2009129555701072,1.8028658054552176,2.6456403020030304,random_forest,AREQUIPA
2017-07-17,2.967156544212115,2.3606278605664803,1.9725474330136754,2.811341609126943,random_forest,AREQUIPA
2017-07-24,2.921507981993468,2.5045656551932862,2.0667473499466924,3.134010301266567,random_forest,AREQUIPA
2017-07-31,2.807386576446848,2.552820054584535,2.117119855419235,3.160670301739243,random_forest,AREQUIPA
2017-08-07,2.921507981993468,2.479545657485629,2.0968028160482195,3.019465681847099,random_forest,AREQUIPA
2017-08-14,3.058453668649411,2.496639397292903,2.0998388431811272,3.109591738950472,random_forest,AREQUIPA
2017-08-21,3.241047917524003,2.5370547707108764,2.093439921515287,3.336634724206293,random_forest,AREQUIPA
2017-08-28,2.8758594197748195,2.916832347465232,2.0995342714754033,4.107110681343903,random_forest,AREQUIPA
2017-09-04,2.6704408897909038,2.724597417682885,2.0737600692322844,3.8432164981286414,random_forest,AREQUIPA
2017-09-11,2.601968046462932,2.580611354528762,2.0680828129749314,3.387547297968282,random_forest,AREQUIPA
2017-09-18,2.556319484244284,2.5356815628945895,2.0616749279443236,3.332657575428374,random_forest,AREQUIPA
2017-09-25,2.236779548713748,2.4735454968126147,2.1279311488408728,2.844041954023476,random_forest,AREQUIPA
2017-10-02,2.145482424276452,2.1944042392694545,1.8692782053199632,2.6170847774601347,random_forest,AREQUIPA
2017-10-09,2.1454824242764525,2.0835661819487,1.777924975172706,2.4892843809752234,random_forest,AREQUIPA
2017-10-16,2.1226581431671288,2.0617407888902988,1.7433723781555377,2.4461510327243245,random_forest,AREQUIPA
2017-10-23,2.1226581431671288,2.0406257208267693,1.8062632346542264,2.2616247140049177,random_forest,AREQUIPA
2017-10-30,2.1454824242764525,2.042108035899489,1.794085008983702,2.2779202779867407,random_forest,AREQUIPA
2017-11-06,2.373725235369692,2.0629936297178832,1.8108540842159744,2.3351460321075352,random_forest,AREQUIPA
2017-11-13,2.1911309864951005,2.2100051962756155,1.8826148382911898,2.578429978326566,random_forest,AREQUIPA
2017-11-20,2.328076673151044,2.1242742455760735,1.8528621215524916,2.344626450270789,random_forest,AREQUIPA
2017-11-27,2.1226581431671288,2.183123905464579,1.899366178552293,2.4675684524624066,random_forest,AREQUIPA
2017-12-04,2.2139552676044243,2.0884997077446323,1.763426482889073,2.334508647106165,random_forest,AREQUIPA
2017-12-11,2.2824281109323965,2.131565576254492,1.8324051773276508,2.41929395860654,random_forest,AREQUIPA
2017-12-18,2.2367795487137485,2.1631716106637824,1.836712336318524,2.4009297768582716,random_forest,AREQUIPA
2017-12-25,2.41937379758834,2.154633373507724,1.8837760729984634,2.3888966563607146,random_forest,AREQUIPA
2018-01-01,2.1814840714207016,2.2190740166990754,1.91557311418601,2.526977431737744,random_forest,AREQUIPA
2018-01-08,1.985695155077693,2.1226725504488946,1.8857017924958959,2.35675278312687,random_forest,AREQUIPA
2018-01-15,1.5165216871933704,2.0012066029988107,1.6997500347009533,2.252590592146517,random_forest,AREQUIPA
2018-01-22,1.5165216871933704,1.7414323358310488,1.3813632878729092,2.1563364796117415,random_forest,AREQUIPA
2018-01-29,1.6798394073526566,1.6720893053613262,1.220941393701226,2.123691211811538,random_forest,AREQUIPA
2018-02-05,1.9598126419114326,1.7299311842229501,1.312543952971788,2.1320182635427987,random_forest,AREQUIPA
2018-02-12,1.8898193332717386,1.8587830761778925,1.4808694702079908,2.179738731918637,random_forest,AREQUIPA
2018-02-19,2.1464614649506166,1.8423897799073918,1.4809954257692943,2.1615313307031565,random_forest,AREQUIPA
2018-02-26,2.029805950551127,1.9809569397539106,1.5768573869746254,2.2762410119824796,random_forest,AREQUIPA
2018-03-05,2.449765802389291,1.9266397433405271,1.6475061990447677,2.2199145785731953,random_forest,AREQUIPA
2018-03-12,2.333110287989801,2.173005746137207,1.8105150996574297,2.5533533753962305,random_forest,AREQUIPA
2018-03-19,2.473096905269189,2.140429652493285,1.8034273483842793,2.5509121373159216,random_forest,AREQUIPA
2018-03-26,2.0764681563109226,2.2138842015630584,1.8925321916688804,2.583886449115271,random_forest,AREQUIPA
2018-04-02,2.0531370534310245,2.0204036292061924,1.7108200162835259,2.2921815886662724,random_forest,AREQUIPA
2018-04-09,2.193123670710413,2.0240757201985446,1.708116085620356,2.2684656524662974,random_forest,AREQUIPA
2018-04-16,2.4964280081490866,2.0477854473976387,1.6936518460010637,2.3232434337385732,random_forest,AREQUIPA
2018-04-23,2.449765802389291,2.214929527199879,1.8409489544961926,2.6332210957695783,random_forest,AREQUIPA
2018-04-30,2.216454773590311,2.2427164484353512,1.8869477152292848,2.7062223587222425,random_forest,AREQUIPA
2018-05-07,1.959812641911433,2.208371481665497,1.9402484333361059,2.56409984925829,random_forest,AREQUIPA
2018-05-14,1.8431571275119427,2.0281345719821604,1.6203261978458505,2.420409633857363,random_forest,AREQUIPA
2018-05-21,1.9598126419114328,2.032768462891885,1.6806932740113165,2.42003520415937,random_forest,AREQUIPA
2018-05-28,2.519759111028985,2.0513205806133428,1.7254587727448212,2.4452159086971683,random_forest,AREQUIPA
2018-06-04,3.0097122715068436,2.377861462950139,1.9802000480861324,2.777971307025476,random_forest,AREQUIPA
2018-06-11,3.2663544031857215,2.695066404246943,2.1318157335584726,3.6270545749134966,random_forest,AREQUIPA
2018-06-18,3.0097122715068436,3.0502553632046214,2.243841728669715,4.367827348059865,random_forest,AREQUIPA
2018-06-25,2.9163878599872515,3.071021331020293,2.2884651075553823,4.367827348059865,random_forest,AREQUIPA
2018-07-02,3.219692197425926,3.0980803199450784,2.5304845320804343,4.177170325570803,random_forest,AREQUIPA
2018-07-09,3.6396520492640896,3.182238076975492,2.7029993338648364,4.258836881937605,random_forest,AREQUIPA
2018-07-16,4.409578444300725,3.268651684215969,2.636069158064589,4.367827348059865,random_forest,AREQUIPA
2018-07-23,4.10627410686205,3.6088494220804592,2.8591826855487485,4.367827348059865,random_forest,AREQUIPA
2018-07-30,4.1995985183816416,3.615105390353453,2.79567033621638,4.465783009449583,random_forest,AREQUIPA
2018-08-06,3.9896185924625596,3.5265708824770385,2.8122547805190954,4.428657004047055,random_forest,AREQUIPA
2018-08-13,4.036280798222356,3.507884540860152,2.853401771148703,4.427668772706209,random_forest,AREQUIPA
2018-08-20,3.966287489582662,3.4138551100682433,2.7261131110566623,4.392136767791381,random_forest,AREQUIPA
2018-08-27,3.3830099175852113,3.441872440688567,2.55204013135326,4.255476928145196,random_forest,AREQUIPA
2018-09-03,3.2663544031857215,3.0615629083943334,2.3794631033525127,4.1481857168130984,random_forest,AREQUIPA
2018-09-10,2.893056757107353,2.9403627271727486,2.343911213512967,4.0725582191995136,random_forest,AREQUIPA
2018-09-17,3.0797055801465376,2.7957697724327994,2.284499304498504,4.036195117380234,random_forest,AREQUIPA
2018-09-24,2.706407934068169,2.802407975608986,2.2405614878789044,3.503600399711659,random_forest,AREQUIPA
2018-10-01,2.3797724937495968,2.657779818145051,2.150158192710509,3.3621559504493517,random_forest,AREQUIPA
2018-10-08,2.1231303620707185,2.4272733971958043,2.0438236153806573,3.1309894251532038,random_forest,AREQUIPA
2018-10-15,2.356441390869699,2.2269970057392725,1.9075418724437594,2.893088252147965,random_forest,AREQUIPA
2018-10-22,2.706407934068169,2.20971250541603,2.000782980227888,2.5523353829485615,random_forest,AREQUIPA
2018-10-29,2.916387859987251,2.3666353913205356,2.014038040603885,3.001220860529283,random_forest,AREQUIPA
2018-11-05,2.8463945513475566,2.5608840356694813,2.0669511209777722,3.365383655729054,random_forest,AREQUIPA
2018-11-12,2.7764012427078626,2.562728621774377,2.1031825208646735,3.3212592268566046,random_forest,AREQUIPA
2018-11-19,2.356441390869698,2.6460037145125925,2.170581638768298,3.1218940139974576,random_forest,AREQUIPA
2018-11-26,2.4264346995093926,2.443645320043489,2.0760903107487825,3.033479696775658,random_forest,AREQUIPA
2018-12-03,2.2397858764702083,2.389260358722247,2.05188361495243,2.9266809716911344,random_forest,AREQUIPA
2018-12-10,2.636414625428475,2.3079664273275347,2.0188380282582674,2.863586096203693,random_forest,AREQUIPA
2018-12-17,2.473096905269189,2.4748271939309787,2.121175579492625,2.944239346942203,random_forest,AREQUIPA
2018-12-24,2.3797724937495968,2.402095592164316,2.0781592373858824,2.850643792604217,random_forest,AREQUIPA
2018-12-31,2.1697925678305148,2.324147558077305,1.9739283737288795,2.92171338209246,random_forest,AREQUIPA
2019-01-07,2.266988159778081,2.195628541434222,1.7617129356765884,2.902408777785179,random_forest,AREQUIPA
2019-01-14,2.546826120142376,2.147267279442801,1.7841066330900353,2.440568707211401,random_forest,AREQUIPA
2019-01-21,2.4124277352720145,2.250658230419908,1.8552586318399646,2.792625043070946,random_forest,AREQUIPA
2019-01-28,2.3441514786133717,2.227214458631242,1.9174935356065586,2.6977952011427058,random_forest,AREQUIPA
2019-02-04,1.8662176820028786,2.1801164709847094,1.9290665650721517,2.4164117493309476,random_forest,AREQUIPA
2019-02-11,1.5248363987096691,2.0094517667191147,1.6524023736590894,2.428272663492329,random_forest,AREQUIPA
2019-02-18,1.5475951509292163,1.7921017659354108,1.40012186481692,2.415573062819165,random_forest,AREQUIPA
2019-02-25,1.661388912026953,1.721409574187651,1.3932305087280958,2.1751938208294477,random_forest,AREQUIPA
2019-03-04,1.9117351864419732,1.7224993044392312,1.2653803588193209,2.201724342146363,random_forest,AREQUIPA
2019-03-11,2.0710464519788045,1.8663235725763916,1.5517153876758603,2.157545565550865,random_forest,AREQUIPA
2019-03-18,2.1165639564178993,1.995169832536868,1.634625700800746,2.3093841154559303,random_forest,AREQUIPA
2019-03-25,2.184840213076541,2.045833756639147,1.8084606563657788,2.3001076802626614,random_forest,AREQUIPA
2019-04-01,1.8889764342224262,2.119977641504683,1.8751717338353424,2.373605815209761,random_forest,AREQUIPA
2019-04-08,1.9117351864419734,2.0110811378125253,1.7492245128453163,2.3011930289202422,random_forest,AREQUIPA
2019-04-15,1.9572526908810681,1.9954609431870525,1.7948213638074315,2.2686295153917944,random_forest,AREQUIPA
2019-04-22,2.0027701953201626,1.9777508029220727,1.7662444979109508,2.2230950457261476,random_forest,AREQUIPA
2019-04-29,2.4351864874915616,1.9568638814753605,1.6345559544829822,2.1929209420165923,random_forest,AREQUIPA
2019-05-06,2.5034627441502035,2.1780931887051387,1.8659243052974404,2.558068082191024,random_forest,AREQUIPA
2019-05-13,2.7310502663456773,2.2631718998186434,1.8724953261152524,2.687538728960934,random_forest,AREQUIPA
2019-05-20,2.5717390008088454,2.563207209972567,2.0345697497405864,3.152971898550297,random_forest,AREQUIPA
2019-05-27,2.913120284102055,2.6566567032480815,2.0980950265151272,3.3185123239977155,random_forest,AREQUIPA
2019-06-03,3.0951903018584335,2.9079373794320373,2.290879148124075,3.545466782026774,random_forest,AREQUIPA
2019-06-10,3.391054080712548,3.0419772703993173,2.462487283940211,3.6150371751769326,random_forest,AREQUIPA
2019-06-17,3.3455365762734535,3.240274430392037,2.693866833262791,4.14241272927529,random_forest,AREQUIPA
2019-06-24,3.846229125103495,3.325460664113298,2.677642969587611,4.412183649296817,random_forest,AREQUIPA
2019-07-01,3.8007116206644,3.7862373417957835,2.918226959199352,4.465783009449583,random_forest,AREQUIPA
2019-07-08,4.210369160616252,3.816662771206447,3.162942957968862,4.465783009449583,random_forest,AREQUIPA
2019-07-15,4.528991691689915,3.9078655779333205,3.2697769329969075,4.465783009449583,random_forest,AREQUIPA
2019-07-22,4.870372974983124,3.8438665636648497,3.257147568290172,4.367312186261764,random_forest,AREQUIPA
2019-07-29,5.006925488300408,3.979746929858951,3.264019022893415,4.6422592483783625,random_forest,AREQUIPA
2019-08-05,4.392439178372631,3.7764507112596526,3.149559414578367,4.6422592483783625,random_forest,AREQUIPA
2019-08-12,4.142092903957611,3.7315703937921283,3.0478197094265473,4.615136802966024,random_forest,AREQUIPA
2019-08-19,3.664159107347117,3.6746336325297464,2.9655965749000495,4.595628413019855,random_forest,AREQUIPA
2019-08-26,3.3227778240539076,3.4271511509165293,2.85309406563939,4.256424749276271,random_forest,AREQUIPA
2019-09-02,3.368295328493002,3.168382086867408,2.6257443104036398,4.035733120610809,random_forest,AREQUIPA
2019-09-09,3.3682953284930015,3.070001688459317,2.5519129125926407,3.8963165412183844,random_forest,AREQUIPA
2019-09-16,3.5276065940298333,3.0463434041849187,2.5484871858333635,3.9544355472650077,random_forest,AREQUIPA
2019-09-23,3.3910540807125487,3.140745550298063,2.5593277588520773,3.7447345816161506,random_forest,AREQUIPA
2019-09-30,3.3682953284930015,3.051803443446866,2.428366911327598,3.9412478668224478,random_forest,AREQUIPA
2019-10-07,3.4593303373711906,3.0042544523071713,2.3507186304163366,3.866519051848245,random_forest,AREQUIPA
2019-10-14,3.1407078062975287,3.025781016234361,2.391392679785067,3.864847208546893,random_forest,AREQUIPA
2019-10-21,2.4807039919306564,3.1035095973575206,2.5599628784961004,3.549599567996541,random_forest,AREQUIPA
2019-10-28,2.480703991930657,2.6753396622493826,2.197498761027302,3.5669698647171644,random_forest,AREQUIPA
2019-11-04,2.867602779662961,2.542461689715653,2.178913700864403,3.192085692376527,random_forest,AREQUIPA
2019-11-11,3.6414003551275695,2.701780156796936,2.268891774089504,3.376675974909584,random_forest,AREQUIPA
2019-11-18,3.436571585151644,3.057301203646784,2.3865468697491123,4.128199968144969,random_forest,AREQUIPA
2019-11-25,2.9813965407606973,3.128578667068683,2.470511644376446,4.144095256872003,random_forest,AREQUIPA
2019-12-02,2.5262214963697516,2.9709769174968987,2.4596516873359495,3.8953420869080837,random_forest,AREQUIPA
2019-12-09,2.1620814608569945,2.7941220155885813,2.303260191254181,3.7125576193326904,random_forest,AREQUIPA
2019-12-16,2.412427735272015,2.4643884881431837,2.021224770537823,3.15419149418832,random_forest,AREQUIPA
2019-12-23,2.3441514786133726,2.4680284219352977,2.109754232034043,3.113479027528573,random_forest,AREQUIPA
2019-12-30,2.1393227086374473,2.359178626627643,2.0198507026150003,3.2256629185483474,random_forest,AREQUIPA
2020-01-06,1.4936029849431207,2.3177179791170675,1.947066552360107,3.2559986314027953,random_forest,AREQUIPA
2020-01-13,1.1214867973861264,1.9579337908026784,1.4041094114520989,3.0314330065003086,random_forest,AREQUIPA
2020-01-20,1.135272378555907,1.8206057269398468,1.0354576619717726,2.7999287292052215,random_forest,AREQUIPA
2020-01-27,1.7585591746258167,1.6533369768991615,0.9714811953268441,2.335223089937958,random_forest,AREQUIPA
2020-02-03,2.1147230580943366,1.796630191064378,1.1036585311567464,2.2759638025747364,random_forest,AREQUIPA
2020-02-10,2.359585727978944,1.9221219531266325,1.3914446620437835,2.3484196793167986,random_forest,AREQUIPA
2020-02-17,1.8476001454929465,2.0224437094544108,1.423248824645472,2.4637743180680673,random_forest,AREQUIPA
2020-02-24,1.8921206309265113,1.9700028834297487,1.5702980028935087,2.403744037089209,random_forest,AREQUIPA
2020-03-02,1.9366411163600763,1.9991176337051613,1.6220522484521331,2.399120523736307,random_forest,AREQUIPA
2020-03-09,1.869860388209729,2.014683032413549,1.7559647965481575,2.3239374355751004,random_forest,AREQUIPA
2020-03-16,1.602737475608339,2.0024491059276768,1.7742130861713463,2.282981473719239,random_forest,AREQUIPA
2020-03-23,1.3801350484405142,1.8711974251443348,1.4699064291051451,2.2029121028270002,random_forest,AREQUIPA
2020-03-30,1.224313349423037,1.7094157159304582,1.275411945332881,2.146838042890868,random_forest,AREQUIPA
2020-04-06,0.9349301941048646,1.5308086488148724,1.0476224134723162,1.9999315054554878,random_forest,AREQUIPA
2020-04-13,0.6010265533531272,1.4938105250835592,0.9845809908608708,2.0164666098844037,random_forest,AREQUIPA
2020-04-20,0.4674650970524323,1.5147407965709843,0.9873807316727072,2.0267560370616295,random_forest,AREQUIPA
2020-04-27,0.5342458252027797,1.513913487150995,0.9795133694990693,2.039248864716388,random_forest,AREQUIPA
2020-05-04,0.7345880096538221,0.9806391309126007,0.5446910022569936,1.9831007885770644,random_forest,AREQUIPA
2020-05-11,0.9794506795384295,1.114266589302404,0.5499402272206525,2.0028519329684498,random_forest,AREQUIPA
2020-05-18,0.9794506795384296,1.076922724529203,0.5499402272206525,1.9840497112717095,random_forest,AREQUIPA
2020-05-25,0.8458892232377345,1.1624605540633746,0.5720973750244791,2.0479694173131073,random_forest,AREQUIPA
2020-06-01,0.8013687378041695,1.0214823261455115,0.6438432785681115,1.9240615514853523,random_forest,AREQUIPA
2020-06-08,1.2688338348566015,1.06212350211501,0.6456176704961796,1.953880128844165,random_forest,AREQUIPA
2020-06-15,1.8698603882097284,1.0756948725752378,0.6537647551505805,1.9274497030168845,random_forest,AREQUIPA
2020-06-22,2.2037640289614657,1.3122160543304773,0.6537647551505805,2.2184505972786916,random_forest,AREQUIPA
2020-06-29,2.648968883297116,1.9793992362566888,0.9221150209336133,2.6235150094320927,random_forest,AREQUIPA
2020-07-06,3.7619810191362397,2.4454531987752333,1.2962212833956908,3.684605646331318,random_forest,AREQUIPA
2020-07-13,5.075335339426407,3.2886675238829843,2.051591536614731,4.573229929863255,random_forest,AREQUIPA
2020-07-20,5.965745048097706,3.9307339975286486,2.546220617967126,4.789384591709686,random_forest,AREQUIPA
2020-07-27,5.676361892779535,4.543654825653284,3.279011190699931,4.926359505443214,random_forest,AREQUIPA
2020-08-03,5.794435189450748,4.501912575017572,3.572945619006094,4.926359505443214,random_forest,AREQUIPA
2020-08-10,5.482791791415793,4.303669807539981,3.4333121925446477,4.926359505443214,random_forest,AREQUIPA
2020-08-17,5.3937508205486635,4.041780574060445,3.3886526181003687,4.926359505443214,random_forest,AREQUIPA
2020-08-24,5.030814853992841,4.296487264251043,3.110552269518509,5.562155532974932,random_forest,AREQUIPA
2020-08-31,5.075335339426407,3.9916409765645224,3.1890085267327506,5.562155532974932,random_forest,AREQUIPA
2020-09-07,5.253417281160666,3.920129998820326,3.13445409758032,5.562155532974932,random_forest,AREQUIPA
2020-09-14,4.5856099996571915,3.9571033806232925,3.13445409758032,5.562155532974932,random_forest,AREQUIPA
2020-09-21,3.6506798055523273,4.512546750968902,3.3621979688824433,5.4439826104173,random_forest,AREQUIPA
2020-09-28,2.693489368730681,4.006083883069619,3.1828917144813067,5.414554288896473,random_forest,AREQUIPA
2020-10-05,2.3818459706957262,3.4349783078495335,2.3503693598437936,5.283933782877755,random_forest,AREQUIPA
2020-10-12,2.3595857279789434,2.8289278204818324,2.0390513672513504,4.9542598217695275,random_forest,AREQUIPA
2020-10-19,2.626708640580333,2.4567259632955003,2.0097971659935516,3.14649644158673,random_forest,AREQUIPA
2020-10-26,3.2722556793670248,2.5739295333688257,2.0061066083622054,3.864885725897265,random_forest,AREQUIPA
2020-11-02,3.4948581065348505,3.0525727714451456,2.259305428304907,4.871615373395861,random_forest,AREQUIPA
2020-11-09,3.2945159220838076,3.1159146588480238,2.323909730826272,4.4809410530457185,random_forest,AREQUIPA
2020-11-16,2.9160917958985055,3.0989382657330338,2.447847288729412,3.868251011375086,random_forest,AREQUIPA
2020-11-23,2.7157496114474626,2.9593529808254027,2.3842648830324777,3.964712015285439,random_forest,AREQUIPA
2020-11-30,2.893831553181723,2.7468570436375415,2.300220227108548,3.678386947430459,random_forest,AREQUIPA
2020-12-07,3.027393009482418,2.834947290786161,2.3185219686404457,3.785881362971008,random_forest,AREQUIPA
2020-12-14,3.2945159220838076,2.7883389752427195,2.374279602987073,3.302907295276803,random_forest,AREQUIPA
2020-12-21,3.4948581065348505,2.883576231130008,2.376253476529134,3.507228470129551,random_forest,AREQUIPA
2020-12-28,3.249995436650243,2.9646821810964945,2.338991335557103,3.8502318043289114,random_forest,AREQUIPA
2021-01-04,3.577602918321624,2.8542878858243834,1.9866867649379503,3.846989697225482,random_forest,AREQUIPA
2021-01-11,3.7292595330197256,3.1714858823247405,2.1003330112845906,4.073968698018317,random_forest,AREQUIPA
2021-01-18,4.104797219742241,3.2375545340460072,2.1003330112845906,4.238990118449505,random_forest,AREQUIPA
2021-01-25,4.741152257979809,3.4252195024345125,2.1415759466277593,4.541959145272811,random_forest,AREQUIPA
2021-02-01,5.486677435040309,3.5442617761431054,1.8913166119760163,4.839072574313501,random_forest,AREQUIPA
2021-02-08,5.508511462804894,4.350597849806092,2.9325009703413585,5.373932218295911,random_forest,AREQUIPA
2021-02-15,4.959492535625673,4.362550952899013,3.028187604034041,5.432052542273976,random_forest,AREQUIPA
2021-02-22,4.301303469623519,4.350997430126424,3.12062742006188,5.373876020418725,random_forest,AREQUIPA
2021-03-01,4.541477775033969,4.1075505852863055,2.9880726083332902,5.2830565101937985,random_forest,AREQUIPA
2021-03-08,4.475975691740209,4.354711523080306,3.249841055181352,5.181648649435045,random_forest,AREQUIPA
2021-03-15,4.606979858327727,4.273753409500912,3.1800676138816018,5.1479988233546194,random_forest,AREQUIPA
2021-03-22,4.301303469623519,4.2902551526843204,3.1800676138816018,5.181648649435045,random_forest,AREQUIPA
2021-03-29,3.995627080919309,4.192292813935487,3.166708843713511,5.145825900374353,random_forest,AREQUIPA
2021-04-05,3.886456942096377,4.04708923073587,3.182970640044873,4.671901658248727,random_forest,AREQUIPA
2021-04-12,3.973793053154722,3.9482395343521,3.0359112890618505,4.716780334122817,random_forest,AREQUIPA
2021-04-19,4.192133330800586,3.9889370587432174,3.183059391292995,4.750911746221004,random_forest,AREQUIPA
2021-04-26,4.585145830563142,4.117008465020365,3.2847489076088308,4.89036465132619,random_forest,AREQUIPA
2021-05-03,5.352505035388226,4.333182195779872,3.786114714405752,5.049836947747547,random_forest,AREQUIPA
2021-05-10,6.054362156919555,4.5206067217279555,3.6240131968239564,5.407595532133036,random_forest,AREQUIPA
2021-05-17,6.032528129154969,4.681622556001104,3.7501865547976387,5.554903813202382,random_forest,AREQUIPA
2021-05-24,6.032528129154968,4.6697456551772945,3.6542229475233197,5.537331133766959,random_forest,AREQUIPA
2021-05-31,6.032528129154968,5.280229716702969,4.08532480778323,5.993126111331185,random_forest,AREQUIPA
2021-06-07,6.297704695394567,5.24471995139609,4.062784376974116,5.993126111331185,random_forest,AREQUIPA
2021-06-14,6.297704695394567,5.161482700063072,4.026767958641996,5.946253315116371,random_forest,AREQUIPA
2021-06-21,5.90152396256745,5.108976802900158,4.003427176706938,5.946253315116371,random_forest,AREQUIPA
2021-06-28,5.265168924329882,5.688583030715166,4.130499011028015,6.04148008053845,random_forest,AREQUIPA
2021-07-05,4.41047360844645,5.553064579848945,4.049401663671173,6.04148008053845,random_forest,AREQUIPA
2021-07-12,3.7772868032734443,5.133930075095932,3.6650733787473215,6.04148008053845,random_forest,AREQUIPA
2021-07-19,3.122265970335853,4.707599421741769,3.1827421152676987,6.04148008053845,random_forest,AREQUIPA
2021-07-26,2.6419173595149528,3.5872165759979953,2.621977541629191,5.311662514660768,random_forest,AREQUIPA
2021-08-02,2.161568748694053,3.1662858155543305,2.3392964139452457,5.09906192429424,random_forest,AREQUIPA
2021-08-09,1.965062498812775,2.876947159351655,2.1785962414655935,4.652751486655615,random_forest,AREQUIPA
2021-08-16,2.030564582106534,2.6302922018274484,1.5634826643733435,4.28716168221259,random_forest,AREQUIPA
2021-08-23,2.0523986098711204,2.264910043776871,1.7332737893289347,3.2427300934047016,random_forest,AREQUIPA
2021-08-30,2.096066665400293,2.227357607609408,1.6963044658718747,3.2080785677862917,random_forest,AREQUIPA
2021-09-06,1.7030541656377383,2.2002454971939067,1.621150461381366,3.082881923092464,random_forest,AREQUIPA
2021-09-13,1.6593861101085654,2.130730504641612,1.5617943515473516,2.9300216934473715,random_forest,AREQUIPA
2021-09-20,1.5065479157564605,2.0127350707692777,1.5899358793143623,2.6094607861345276,random_forest,AREQUIPA
2021-09-27,1.5720499990502195,1.8987316859093293,1.2942288102365973,2.5353379954845514,random_forest,AREQUIPA
2021-10-04,1.4847138879918742,1.844568550849141,1.2215729912024633,2.3953898978126955,random_forest,AREQUIPA
2021-10-11,1.4628798602272877,1.7394627429718323,0.983094739578224,2.3441530679024076,random_forest,AREQUIPA
2021-10-18,1.6375520823439789,1.5424695967548823,0.9439061805979279,2.156068495097171,random_forest,AREQUIPA
2021-10-25,1.6593861101085654,1.5756482235117628,0.8125333260023968,2.2957185347520053,random_forest,AREQUIPA
2021-11-01,1.8122243044606703,1.554618288324958,0.7122660258826861,2.3695889270576034,random_forest,AREQUIPA
2021-11-08,1.986896526577361,1.6919188344711835,0.7183555423953709,2.4558157812674235,random_forest,AREQUIPA
2021-11-15,2.9475937482191625,1.883865543548478,1.263839588941868,2.3666015803584575,random_forest,AREQUIPA
2021-11-22,3.0567638870420946,2.5222179446124913,1.583662992269419,3.565038629923223,random_forest,AREQUIPA
2021-11-29,2.6855854150441254,2.8507703093317915,1.9992762049217654,3.9918538093215292,random_forest,AREQUIPA
2021-12-06,1.6593861101085654,2.7471614907925055,2.0306502335283327,3.8580719549183478,random_forest,AREQUIPA
2021-12-13,1.5283819435210468,2.1232569789790494,1.3776393994825988,3.0329444131857115,random_forest,AREQUIPA
2021-12-20,1.4410458324627016,1.8755616596151339,1.2502005485790522,2.820425473897026,random_forest,AREQUIPA
2021-12-27,1.6812201378731517,1.7194362960970095,1.167960254589817,2.6459131724816203,random_forest,AREQUIPA
2022-01-03,1.649020175726568,1.8104816764677891,1.2668103148068202,2.403368401854403,random_forest,AREQUIPA
2022-01-10,2.0711116381843735,1.692350999616087,1.261460811331908,2.236228834230107,random_forest,AREQUIPA
2022-01-17,1.8876091756682027,1.9403562197357869,1.389655734087367,2.59580312609548,random_forest,AREQUIPA
2022-01-24,1.9090592799371595,1.9592373965463878,1.452063134427959,2.5329559140492424,random_forest,AREQUIPA
2022-01-31,1.7374584457855047,1.97866103364741,1.5897380287606608,2.510124033712524,random_forest,AREQUIPA
2022-02-07,2.4024116781231672,1.9302579800604507,1.606544308750415,2.261043393025394,random_forest,AREQUIPA
2022-02-14,2.7885135549643905,2.113063756198878,1.755951254792407,2.7199140162192967,random_forest,AREQUIPA
2022-02-21,2.8099636592333472,2.355948758076559,1.7386105624201313,3.234674137967162,random_forest,AREQUIPA
2022-02-28,2.295161156778383,2.5242618607871843,1.7890194117104177,3.502346297237385,random_forest,AREQUIPA
2022-03-07,1.994859697012987,2.4081536747768886,1.9621856888733729,3.194883119213863,random_forest,AREQUIPA
2022-03-14,2.037759905550901,2.2403616838230076,1.689273061442267,2.954694096530967,random_forest,AREQUIPA
2022-03-21,2.145010426895685,2.229782886780712,1.784632606732577,2.8844362714355873,random_forest,AREQUIPA
2022-03-28,2.3166112610473397,2.216290452131919,1.889926399914847,2.826112127599973,random_forest,AREQUIPA
2022-04-04,2.2522609482404694,2.3026482260279213,2.0023303152786496,2.9965424228239375,random_forest,AREQUIPA
2022-04-11,2.0592100098198576,2.2891968544485115,1.975515793028074,2.9951986143540412,random_forest,AREQUIPA
2022-04-18,2.037759905550901,2.1839502563516704,1.8990235067014536,2.591109837731835,random_forest,AREQUIPA
2022-04-25,1.994859697012987,2.171263210483703,1.9221215533704066,2.4754766868054414,random_forest,AREQUIPA
2022-05-02,1.9519594884750733,2.156045099487393,1.9214074596170538,2.4160337108789722,random_forest,AREQUIPA
2022-05-09,1.887609175668203,2.0915922411104577,1.753642200500054,2.4179423528771573,random_forest,AREQUIPA
2022-05-16,2.123560322626728,2.0084966108750075,1.6254902622444387,2.364194893217331,random_forest,AREQUIPA
2022-05-23,2.3595114695852537,2.120145224050744,1.6850712004329795,2.5922228604750894,random_forest,AREQUIPA
2022-05-30,2.273711052509426,2.317587176299556,1.9029992579742885,2.8434283550612522,random_forest,AREQUIPA
2022-06-06,2.273711052509426,2.334159490601421,1.9224999981674105,2.9214112034370148,random_forest,AREQUIPA
2022-06-13,2.616912720812736,2.3169176394266495,1.9334957663101395,2.868786837139817,random_forest,AREQUIPA
2022-06-20,3.0244647019229163,2.5802929498635567,2.1315723120933585,3.2561735038939785,random_forest,AREQUIPA
2022-06-27,2.8528638677712608,2.987369746154754,2.3480292813171935,3.569877034529564,random_forest,AREQUIPA
2022-07-04,2.7456133464264774,2.990154381250285,2.441662446688537,3.4734118365465543,random_forest,AREQUIPA
2022-07-11,2.6169127208127354,2.875566131431198,2.3438557346651545,3.397629181823759,random_forest,AREQUIPA
2022-07-18,2.8099636592333472,2.8303478638681994,2.2946670685573918,3.4753652820969805,random_forest,AREQUIPA
2022-07-25,2.4453118866610812,2.8140850290936594,2.3523846929796566,3.3270697742600954,random_forest,AREQUIPA
2022-08-01,2.5525624080058655,2.546636893072646,2.142810402574735,3.0474375846673767,random_forest,AREQUIPA
2022-08-08,2.445311886661081,2.548438516179953,2.140527284970704,3.090464078934598,random_forest,AREQUIPA
2022-08-15,2.6812630336196066,2.440127529867564,2.0948164227786563,3.0070644327902665,random_forest,AREQUIPA
2022-08-22,2.2308108439715126,2.4790889122251145,2.141265586160937,2.9046118344163325,random_forest,AREQUIPA
2022-08-29,2.1664605311646423,2.3464955351759413,2.0889238743935645,2.722592914383015,random_forest,AREQUIPA
2022-09-05,1.9305093842061165,2.2582283431452024,2.032425991327603,2.566844272364743,random_forest,AREQUIPA
2022-09-12,2.0592100098198576,2.118710732768784,1.6155514791958996,2.564101452807645,random_forest,AREQUIPA
2022-09-19,2.145010426895685,2.171208257832958,1.9311211755918412,2.4168156141978163,random_forest,AREQUIPA
2022-09-26,2.0592100098198576,2.1681138418557677,1.943346988925389,2.391791563811944,random_forest,AREQUIPA
2022-10-03,1.9519594884750735,2.1830544858118675,1.863842465937551,2.4737148325143457,random_forest,AREQUIPA
2022-10-10,1.7589085500544617,2.104609830164416,1.6510951480380884,2.391791563811944,random_forest,AREQUIPA
2022-10-17,1.9519594884750733,2.0302476278766846,1.6761258373825378,2.351664077924241,random_forest,AREQUIPA
2022-10-24,1.9519594884750733,2.04266295761276,1.6903489523797628,2.3844999871163477,random_forest,AREQUIPA
2022-10-31,1.9090592799371597,2.061919846336562,1.6979352465974462,2.4302181934748432,random_forest,AREQUIPA
2022-11-07,1.737458445785505,2.058731225125664,1.6887041109056273,2.440616083813229,random_forest,AREQUIPA
2022-11-14,1.8447089671302892,2.003321242084955,1.6321485294534548,2.4364100567601144,random_forest,AREQUIPA
2022-11-21,1.97340959274403,1.9830840870612079,1.611514216212285,2.440350359907208,random_forest,AREQUIPA
2022-11-28,2.1450104268956847,2.0469456233178924,1.6171808212197047,2.5381708434281967,random_forest,AREQUIPA
2022-12-05,2.102110218357771,2.1572259810330867,1.8165845254739923,2.6166775025295945,random_forest,AREQUIPA
2022-12-12,1.994859697012987,2.1296389013350505,1.8518746803899693,2.4747593877649194,random_forest,AREQUIPA
2022-12-19,1.9734095927440303,2.08955678464553,1.7502811689054634,2.492051473104994,random_forest,AREQUIPA
2022-12-26,2.016309801281944,2.0561425376521325,1.755956743768857,2.381487499046768,random_forest,AREQUIPA
2023-01-02,2.0071042607820275,2.0880360981458392,1.755956743768857,2.427633780589338,random_forest,AREQUIPA
2023-01-09,2.058708440589014,2.0450312063302425,1.7535921877542782,2.2937811727038215,random_forest,AREQUIPA
2023-01-16,1.9408361417443265,2.041182057327746,1.74845615682404,2.2855672429790856,random_forest,AREQUIPA
2023-01-23,1.9408361417443265,1.9685737467253035,1.7143681146762277,2.2373910562081214,random_forest,AREQUIPA
2023-01-30,1.8564519616684863,1.9790155259040612,1.7298519150596594,2.2588126829271737,random_forest,AREQUIPA
2023-02-06,1.6665875564978458,1.9940818365635076,1.8413648369288538,2.1529956552678513,random_forest,AREQUIPA
2023-02-13,1.5822033764220054,1.893178296986431,1.3903687021712587,2.1529956552678513,random_forest,AREQUIPA
2023-02-20,1.518915241365125,1.7587033214825385,1.2221128831243526,2.17117289986334,random_forest,AREQUIPA
2023-02-27,1.6454915114788855,1.6579797959080869,1.149461877303252,2.149091430182327,random_forest,AREQUIPA
2023-03-06,1.814259871630566,1.6982779406752957,1.2541866377765762,2.0647426670255205,random_forest,AREQUIPA
2023-03-13,1.6876836015168057,1.7285677217615218,0.7222859631739774,2.211398985519654,random_forest,AREQUIPA
2023-03-20,1.9408361417443265,1.711641756145628,0.7526574815700224,2.303204811528927,random_forest,AREQUIPA
2023-03-27,1.9619321867632866,1.7795758475591683,0.7222859631739774,2.386815872676809,random_forest,AREQUIPA
2023-04-03,2.447141222199368,1.9847662679750848,1.6883474382005919,2.3675650583924086,random_forest,AREQUIPA
2023-04-10,2.9534463026544095,2.338907932286259,1.8531084805179021,3.07420157449426,random_forest,AREQUIPA
2023-04-17,3.6918078783180124,2.575066013037975,1.9293442838991892,3.3416026991776637,random_forest,AREQUIPA
2023-04-24,4.113728778697214,3.251692494494986,2.0902900562050712,4.9140866574467035,random_forest,AREQUIPA
2023-05-01,3.966056463564494,3.9847606052436384,2.6471353373304405,5.321160545001216,random_forest,AREQUIPA
2023-05-08,3.839480193450733,4.1951118487711225,2.9337265885204498,5.509664229401305,random_forest,AREQUIPA
2023-05-15,3.4175592930715317,4.226586245831733,3.299873025418817,5.515388624720655,random_forest,AREQUIPA
2023-05-22,3.269886977938811,3.967274178002532,2.940818597705599,5.279142584216494,random_forest,AREQUIPA
2023-05-29,3.206598842881931,3.598116941977389,2.7877645377258133,4.455152371256328,random_forest,AREQUIPA
2023-06-05,3.2487909329198508,3.544966938741741,2.659634802410821,4.38813308590929,random_forest,AREQUIPA
2023-06-12,3.501943473147372,3.5308680158776906,2.670738399060526,4.38813308590929,random_forest,AREQUIPA
2023-06-19,3.523039518166332,3.584979024882149,2.856553357913474,4.340366710924858,random_forest,AREQUIPA
2023-06-26,3.9027683285076136,3.5096932417105062,3.054677835366532,4.054886526586679,random_forest,AREQUIPA
2023-07-03,3.9027683285076136,3.70597157924242,3.0648572834197996,4.407989358244227,random_forest,AREQUIPA
2023-07-10,3.8605762384696938,3.7939609428331997,3.0542904282063494,4.646209273871882,random_forest,AREQUIPA
2023-07-17,3.375367203033612,3.7928510922444163,3.076138368637193,4.5824337210785115,random_forest,AREQUIPA
2023-07-24,3.0589265277492106,3.50482906658286,2.9637977395611066,4.119171643575559,random_forest,AREQUIPA
2023-07-31,2.9112542126164898,3.236641720468113,2.544522655339839,4.083113385417764,random_forest,AREQUIPA
2023-08-07,2.7002937624268895,3.1439706264533456,2.4360033834523533,4.0848336219482,random_forest,AREQUIPA
2023-08-14,2.7002937624268895,2.8230773587012994,2.2804099777361366,3.7428145342921266,random_forest,AREQUIPA
2023-08-21,2.2361807720097677,2.7203084604319234,2.2549702215070413,3.343359629683137,random_forest,AREQUIPA
2023-08-28,2.1728926369528874,2.5079551138043357,2.0693229719675403,3.2310574898077475,random_forest,AREQUIPA
2023-09-04,2.109604501896007,2.3948703157780096,1.929090925579368,3.2564292473801233,random_forest,AREQUIPA
2023-09-11,2.257276817028728,2.2661366325077874,1.7057706113001418,2.9494517593492833,random_forest,AREQUIPA
2023-09-18,2.6791977174079293,2.147285390155941,1.6024295823632635,2.7021488986146482,random_forest,AREQUIPA
2023-09-25,2.4471412221993685,2.3927051828117194,1.8811182079848736,2.9768068003590407,random_forest,AREQUIPA
2023-10-02,2.257276817028728,2.3796760792862717,1.8959316547354874,2.8938786194977224,random_forest,AREQUIPA
2023-10-09,1.750971736573686,2.2550160884765966,1.9338926368400466,2.6344166306845747,random_forest,AREQUIPA
2023-10-16,1.8142598716305665,1.9497725752573187,1.4569961719092661,2.4378714558027745,random_forest,AREQUIPA
2023-10-23,1.8775480066874468,1.884540162268461,1.4572297593243706,2.388171807734331,random_forest,AREQUIPA
2023-10-30,2.067412411858087,1.889542094987819,1.520787508737961,2.2777105369535406,random_forest,AREQUIPA
2023-11-06,1.8564519616684863,2.0013580781927987,1.610505772493921,2.409011927253794,random_forest,AREQUIPA
2023-11-13,1.8142598716305665,1.9220051709420156,1.6459199696100386,2.1588212530355175,random_forest,AREQUIPA
2023-11-20,1.6665875564978458,1.9415298675918806,1.7170599313479133,2.152185539648099,random_forest,AREQUIPA
2023-11-27,1.9619321867632866,1.8693703147447216,1.5170777913830995,2.1215418995889683,random_forest,AREQUIPA
2023-12-04,1.8986440517064065,1.9267211936827862,1.5650541056068585,2.2599195621463473,random_forest,AREQUIPA
2011-12-26,2.32578498509799,2.1660515744583684,2.003984173830806,2.325729751317516,xgboost,AREQUIPA
2012-01-02,2.3340424025734827,2.3484415239755796,2.123330568524564,2.648165291832975,xgboost,AREQUIPA
2012-01-09,2.0062766931976515,2.3698667202485404,2.0919941754851585,2.623366563298918,xgboost,AREQUIPA
2012-01-16,2.0412829054804362,2.1892506586133385,1.9603347492522718,2.4050919383858225,xgboost,AREQUIPA
2012-01-23,2.092314978117447,2.1105512375187794,2.0023527424506304,2.264555421617493,xgboost,AREQUIPA
2012-01-30,2.3985074139395124,2.271103849890057,2.1113125966374655,2.466245959013116,xgboost,AREQUIPA
2012-02-06,2.2198951597099748,2.436172857748036,2.2226662670734303,2.65416655741064,xgboost,AREQUIPA
2012-02-13,2.194379123391469,2.3678735764446412,2.1807185003973455,2.5749239423839145,xgboost,AREQUIPA
2012-02-20,2.577119668169051,2.234483875773965,2.131812946224878,2.3734093360014628,xgboost,AREQUIPA
2012-02-27,2.857796067672611,2.560203089017078,2.373577033271106,2.717480291366359,xgboost,AREQUIPA
2012-03-05,2.781247958717094,2.647916540263803,2.4674610055540414,2.8123893580831285,xgboost,AREQUIPA
2012-03-12,2.3219593049839964,2.710092218805875,2.57052352494282,2.9456456175953956,xgboost,AREQUIPA
2012-03-19,2.3985074139395124,2.298961387752438,2.16474747005938,2.490589702396494,xgboost,AREQUIPA
2012-03-26,2.8322800313541054,2.503359724234587,2.3652316584120934,2.707115559431053,xgboost,AREQUIPA
2012-04-02,2.6281517408060613,2.7833628443620726,2.602312633499308,3.0016587987300567,xgboost,AREQUIPA
2012-04-09,2.5005715592135345,2.734540136132687,2.5558818318870062,2.9149851629892907,xgboost,AREQUIPA
2012-04-16,1.9392187602064146,2.77462872093906,2.574178658994554,2.9717925052486307,xgboost,AREQUIPA
2012-04-23,2.194379123391469,2.324189076510607,2.1265301487774075,2.5474597191883332,xgboost,AREQUIPA
2012-04-30,2.270927232346985,2.379054896845675,2.2600722048882718,2.5600774660863075,xgboost,AREQUIPA
2012-05-07,2.9598602129466323,2.339414216398738,2.225302763205006,2.4435503065455855,xgboost,AREQUIPA
2012-05-14,3.674309229864786,2.8725333157926647,2.655653598875043,3.078443197404387,xgboost,AREQUIPA
2012-05-21,3.699825266183291,2.978739236765216,2.6053048494238435,3.229596525964513,xgboost,AREQUIPA
2012-05-28,3.4191488666797305,2.7403646668958683,2.342266150247589,2.9940773184634204,xgboost,AREQUIPA
2012-06-04,2.8322800313541054,2.8131647665473087,2.570536294152835,3.0428644521897867,xgboost,AREQUIPA
2012-06-11,2.908828140309622,2.7080543219017637,2.525594606347026,2.870225332462589,xgboost,AREQUIPA
2012-06-18,2.602635704487556,3.0540572322131894,2.887702959236701,3.266446781602016,xgboost,AREQUIPA
2012-06-25,2.2964432686654908,2.7434264823712406,2.5572974961702104,2.950824828993407,xgboost,AREQUIPA
2012-07-02,2.117831014435953,2.561996245244682,2.3981075693966774,2.7175237211221193,xgboost,AREQUIPA
2012-07-09,2.7302158860800834,2.341331566098446,2.084373676966815,2.564915875311101,xgboost,AREQUIPA
2012-07-16,2.934344176628127,2.8519619865453727,2.61572887294727,3.0472014080576013,xgboost,AREQUIPA
2012-07-23,3.1384724671761703,3.0899377850237104,2.8352594631625943,3.288259756883333,xgboost,AREQUIPA
2012-07-30,2.628151740806062,3.318579406103492,3.016989940810038,3.4950349235243054,xgboost,AREQUIPA
2012-08-06,2.5516036318505457,2.547343849178818,2.374941039341756,2.8125820591772928,xgboost,AREQUIPA
2012-08-13,2.449539486576523,2.472097382554769,2.309330004324619,2.7481016495359647,xgboost,AREQUIPA
2012-08-20,2.3474753413025016,2.505040682666342,2.37283190990136,2.6900468253124163,xgboost,AREQUIPA
2012-08-27,2.3219593049839964,2.3873937667595913,2.2406972969819177,2.573964775594406,xgboost,AREQUIPA
2012-09-03,2.092314978117447,2.4339906661265247,2.2521188752720827,2.609659488478041,xgboost,AREQUIPA
2012-09-10,2.066798941798942,2.406349706419313,2.15794436345745,2.56306985405813,xgboost,AREQUIPA
2012-09-17,1.8881866875694036,2.3353358964383863,2.106842788236289,2.4985252021006787,xgboost,AREQUIPA
2012-09-24,1.9392187602064144,2.106242115056559,1.9324379886535286,2.277034057867961,xgboost,AREQUIPA
2012-10-01,1.6585423607028542,2.0147331942144704,1.89310409652325,2.125605588430152,xgboost,AREQUIPA
2012-10-08,1.5054461427918218,1.8601876285225745,1.7145975118704682,1.9980115925488358,xgboost,AREQUIPA
2012-10-15,1.301317852243778,1.6032929304754198,1.4630361209286382,1.781128973278492,xgboost,AREQUIPA
2012-10-22,1.352349924880789,1.2688899375113,1.0763344440468467,1.4854005379424247,xgboost,AREQUIPA
2012-10-29,1.2758018159252729,1.2708085353349956,1.1833412150648541,1.352777773932843,xgboost,AREQUIPA
2012-11-05,1.4799301064733161,1.3383277676545737,1.2301405214874612,1.4667059790614905,xgboost,AREQUIPA
2012-11-12,1.5564782154288326,1.441894772085402,1.3211469999116197,1.558368315434951,xgboost,AREQUIPA
2012-11-19,1.7861225422953817,1.4952280632743558,1.4025304619322723,1.5915544557102816,xgboost,AREQUIPA
2012-11-26,1.96473479652492,1.7792892234485016,1.6246438144548259,1.9367310984395023,xgboost,AREQUIPA
2012-12-03,2.3474753413025016,1.768081557995161,1.6372285895151388,1.8967366333831543,xgboost,AREQUIPA
2012-12-10,2.24541119602848,2.074530285177169,1.9325757239847274,2.2318240787803707,xgboost,AREQUIPA
2012-12-17,1.862670651250898,1.8860216017878657,1.7650088313962746,2.033240917403152,xgboost,AREQUIPA
2012-12-24,1.5819942517473382,1.716741919531679,1.6000142723944133,1.8288125498679766,xgboost,AREQUIPA
2012-12-31,1.9902508328434252,1.5739789431423366,1.3969586431451526,1.732266821729912,xgboost,AREQUIPA
2013-01-07,2.1037196749464067,2.0325333673411268,1.8696054384456122,2.19437172012704,xgboost,AREQUIPA
2013-01-14,2.164980499454915,2.1364562693818527,1.9949835207130866,2.2721857388729387,xgboost,AREQUIPA
2013-01-21,2.019173171021724,2.1222945459488187,2.0096188280860234,2.2744321710478688,xgboost,AREQUIPA
2013-01-28,2.1936696179001447,1.9784836608969758,1.8616357151060905,2.0955572176133295,xgboost,AREQUIPA
2013-02-04,2.1936696179001447,2.0890873326869146,1.9918900275988929,2.224747228710173,xgboost,AREQUIPA
2013-02-11,2.0191731710217242,2.0440648694940946,1.9454822486196925,2.156265814601027,xgboost,AREQUIPA
2013-02-18,1.7698925326239803,1.9917152687715411,1.8733872681753783,2.1481435056279135,xgboost,AREQUIPA
2013-02-25,1.5455399580660112,2.156719612204373,1.9098565670154233,2.3750951330753995,xgboost,AREQUIPA
2013-03-04,1.4956838303864626,1.7339854906674603,1.5923605986524605,1.872474558841469,xgboost,AREQUIPA
2013-03-11,1.5704680219057856,1.4800548345617923,1.3733225496955581,1.5885568722486407,xgboost,AREQUIPA
2013-03-18,1.4707557665466882,1.630778452223331,1.4833462215449165,1.7374583790145826,xgboost,AREQUIPA
2013-03-25,1.4458277027069137,1.5192295381343093,1.419246170248221,1.6407949920234992,xgboost,AREQUIPA
2013-04-01,1.420899638867139,1.4600962770316301,1.3754263000148292,1.5704465470443776,xgboost,AREQUIPA
2013-04-08,1.6203241495853342,1.435945177807392,1.3635007768032787,1.529766612346133,xgboost,AREQUIPA
2013-04-15,1.395971575027365,1.5988012723900762,1.5148238615788712,1.685445598152773,xgboost,AREQUIPA
2013-04-22,1.346115447347816,1.4963088002317482,1.403159773814982,1.5989904129377388,xgboost,AREQUIPA
2013-04-29,1.2214751281489442,1.3911997730195844,1.282000158638484,1.4984767419232607,xgboost,AREQUIPA
2013-05-06,1.5206118942262368,1.3545108934673769,1.2160018488320705,1.4514618679201114,xgboost,AREQUIPA
2013-05-13,1.7449644687842063,1.5778330021031541,1.4403131748011386,1.7449127608005337,xgboost,AREQUIPA
2013-05-20,2.143813490220596,1.8543246852342896,1.679104916411201,2.0408557927898068,xgboost,AREQUIPA
2013-05-27,2.418022192458114,2.109387493340464,1.948215649683295,2.247419681499036,xgboost,AREQUIPA
2013-06-03,2.5426625116569856,2.1951433116349173,2.0737614379519864,2.3169198564124485,xgboost,AREQUIPA
2013-06-10,2.79194315005473,2.462307839487956,2.3207092338943958,2.620543646638899,xgboost,AREQUIPA
2013-06-17,2.6673028308558577,2.586475419186909,2.475749541314489,2.711225506704473,xgboost,AREQUIPA
2013-06-24,2.492806383977437,2.4977866726400015,2.3664574464086194,2.632538281186046,xgboost,AREQUIPA
2013-07-01,2.1438134902205963,2.3446352525035845,2.2099224302296046,2.5087341855235716,xgboost,AREQUIPA
2013-07-08,2.1188854263808214,2.1291413367640777,2.023342292759076,2.289031038504461,xgboost,AREQUIPA
2013-07-15,1.944388979502401,2.2116991950291864,2.0849881414622655,2.4146464345296836,xgboost,AREQUIPA
2013-07-22,2.143813490220596,2.006904130027531,1.824220636685103,2.183349898834941,xgboost,AREQUIPA
2013-07-29,2.143813490220596,2.2206008535156836,2.1132793449218146,2.3584667701745228,xgboost,AREQUIPA
2013-08-05,2.343238000938791,2.1836610916459556,2.1015436925570503,2.27010340156321,xgboost,AREQUIPA
2013-08-12,2.5675905754967605,2.3448154749986694,2.2078900407962974,2.5101231290753683,xgboost,AREQUIPA
2013-08-19,2.2933818732592424,2.6652037049274675,2.434967956048792,2.8521415338836165,xgboost,AREQUIPA
2013-08-26,1.944388979502401,2.3466637145263545,2.1441612190169503,2.5736588849278546,xgboost,AREQUIPA
2013-09-02,1.5206118942262368,1.8882308434545068,1.7444121612310088,2.047448798123386,xgboost,AREQUIPA
2013-09-09,1.6701802772648833,1.537313973998436,1.4286242122907291,1.7723918228196518,xgboost,AREQUIPA
2013-09-16,2.0939573625410475,1.717925564939491,1.5468916135494664,1.8634664820367128,xgboost,AREQUIPA
2013-09-23,2.093957362541047,1.9705422774293737,1.8574792950515564,2.098093417748483,xgboost,AREQUIPA
2013-09-30,2.1687415540603703,1.9742128334004794,1.9117056881219472,2.0529859143105953,xgboost,AREQUIPA
2013-10-07,2.1936696179001447,1.9396659314069793,1.8635296328169857,2.0288298311635162,xgboost,AREQUIPA
2013-10-14,2.069029298701273,2.0199685718939246,1.8989032772307375,2.1244123745326764,xgboost,AREQUIPA
2013-10-21,1.9693170433421756,1.9054766665096217,1.8248933901247804,2.02064582344925,xgboost,AREQUIPA
2013-10-28,1.7200364049444314,1.8465779233356887,1.7338919542412419,1.8995036052421828,xgboost,AREQUIPA
2013-11-04,1.6951083411046575,1.861655842056943,1.7280452813874667,1.993824469098079,xgboost,AREQUIPA
2013-11-11,1.6951083411046575,1.804237051189568,1.6430650981714316,1.9463043559557247,xgboost,AREQUIPA
2013-11-18,1.6951083411046575,1.8235423213850086,1.6927466272260072,1.9526913044398564,xgboost,AREQUIPA
2013-11-25,1.545539958066011,1.7331043545592115,1.62917763031532,1.839455987603343,xgboost,AREQUIPA
2013-12-02,1.3710435111875905,1.5591918973960677,1.4084633297928673,1.7077977118731504,xgboost,AREQUIPA
2013-12-09,1.271331255828493,1.3596326833583416,1.1490501918986835,1.5394722686579467,xgboost,AREQUIPA
2013-12-16,1.346115447347816,1.2952318268549607,1.12564525985897,1.5424769620182535,xgboost,AREQUIPA
2013-12-23,1.2962593196682672,1.2321778891085282,1.1239014662049163,1.3679833173770692,xgboost,AREQUIPA
2013-12-30,1.2962593196682672,1.3096616507540602,1.225689398208176,1.4331478872232961,xgboost,AREQUIPA
2014-01-06,1.188124785800328,1.3118077675859636,1.194939293404621,1.4414606401902044,xgboost,AREQUIPA
2014-01-13,1.594495828824886,1.3171102457759334,1.1537172104969537,1.4482391524848923,xgboost,AREQUIPA
2014-01-20,1.9493262884681268,1.5887022175211007,1.4799806286326818,1.6896462654519224,xgboost,AREQUIPA
2014-01-27,2.4122912819793068,1.9022593810372024,1.7991287271484013,2.035732937446066,xgboost,AREQUIPA
2014-02-03,2.168625495920791,2.1788823253404197,2.0568428824864373,2.3303929835143835,xgboost,AREQUIPA
2014-02-10,1.6325607665920563,2.0705993873065167,1.9478304805020976,2.16031843593842,xgboost,AREQUIPA
2014-02-17,1.2670620875042824,1.688212145633661,1.5185465629808759,1.8888912939256233,xgboost,AREQUIPA
2014-02-24,1.1452291944750244,1.6045508737841492,1.4452051806131267,1.8349684583342953,xgboost,AREQUIPA
2014-03-03,1.242695508898431,1.477442261265063,1.3259050618225454,1.617235858075485,xgboost,AREQUIPA
2014-03-10,1.2183289302925793,1.4659033415245863,1.3503449479561478,1.5921002510320814,xgboost,AREQUIPA
2014-03-17,1.1695957730808761,1.3531916481932953,1.231021202014928,1.4904912911103325,xgboost,AREQUIPA
2014-03-24,1.1939623516867277,1.4172481188426327,1.2681490983680044,1.5952266129525792,xgboost,AREQUIPA
2014-03-31,1.169595773080876,1.4873987314728925,1.343077753518681,1.6257832648079402,xgboost,AREQUIPA
2014-04-07,1.3645284019276887,1.4664503121265624,1.3706341916336449,1.5713547864145583,xgboost,AREQUIPA
2014-04-14,1.5107278735627983,1.335372513170084,1.2261012173690944,1.444026237377364,xgboost,AREQUIPA
2014-04-21,1.413261559139392,1.506756130827452,1.4054631652295009,1.6321376893658033,xgboost,AREQUIPA
2014-04-28,1.291428666110134,1.5746048238928225,1.4485813738676176,1.6916552865377175,xgboost,AREQUIPA
2014-05-05,1.1695957730808761,1.488746191375177,1.3883181972914014,1.5807869401324641,xgboost,AREQUIPA
2014-05-12,1.2183289302925793,1.4224604651934079,1.2830270520397793,1.6142264888487228,xgboost,AREQUIPA
2014-05-19,1.3157952447159857,1.45183449844803,1.2884286929623707,1.6476394146246267,xgboost,AREQUIPA
2014-05-26,1.3645284019276887,1.4388459851780118,1.3065390079219954,1.6300865556313755,xgboost,AREQUIPA
2014-06-02,1.5107278735627983,1.4972158497805854,1.3571798433174471,1.6171162092602422,xgboost,AREQUIPA
2014-06-09,1.583827609380353,1.5893454142951784,1.482144450376228,1.7105680605141553,xgboost,AREQUIPA
2014-06-16,1.583827609380353,1.7826279216473166,1.648205071839963,1.9181613017750028,xgboost,AREQUIPA
2014-06-23,1.4376281377452436,1.7263290466362788,1.5908594398509694,1.880819928922906,xgboost,AREQUIPA
2014-06-30,1.2670620875042824,1.4346934946810526,1.3355825739817753,1.512346565694783,xgboost,AREQUIPA
2014-07-07,1.3157952447159857,1.3036430148116491,1.242801173167419,1.3852084887119633,xgboost,AREQUIPA
2014-07-14,1.7300270810154625,1.3538487231500747,1.291139766636771,1.4430241966777893,xgboost,AREQUIPA
2014-07-21,2.3148249675559005,1.8955614096590299,1.7603375263319625,1.9989302277000722,xgboost,AREQUIPA
2014-07-28,2.7290568038553773,2.1879962839519487,2.0365635830327697,2.3136866032227155,xgboost,AREQUIPA
2014-08-04,2.4122912819793068,2.660744964417351,2.361690016362352,2.9035704226384453,xgboost,AREQUIPA
2014-08-11,2.655957068037823,2.381910044789408,2.2219813616231634,2.521939194529261,xgboost,AREQUIPA
2014-08-18,2.5584907536144166,2.418529935205272,2.256266622330924,2.5396655478798453,xgboost,AREQUIPA
2014-08-25,3.0701889043373,2.209510339863486,2.0772356044511064,2.3500465531743933,xgboost,AREQUIPA
2014-09-01,2.509757596402713,2.653433062787987,2.4634913651769916,2.8753180174694997,xgboost,AREQUIPA
2014-09-08,2.241725231738346,2.3773820186772383,2.212241759678242,2.600731822400445,xgboost,AREQUIPA
2014-09-15,2.1929920745266425,2.147546479116739,2.037583832593618,2.2749740115868926,xgboost,AREQUIPA
2014-09-22,2.3879247033734554,2.2290028708264127,2.06631819597281,2.413220402639198,xgboost,AREQUIPA
2014-09-29,2.6803236466436737,2.349129755732599,2.171852208211318,2.472485234383422,xgboost,AREQUIPA
2014-10-06,2.3391915461617523,2.649271397956901,2.472296477174855,2.8486255827261413,xgboost,AREQUIPA
2014-10-13,1.9736928670739786,2.2396223433427913,2.0919941754851585,2.4354503574650948,xgboost,AREQUIPA
2014-10-20,1.6812939238037592,1.96991555781574,1.787222315612992,2.2366967078410473,xgboost,AREQUIPA
2014-10-27,1.7056605024096108,1.890291548759071,1.741670626862813,2.08262729539573,xgboost,AREQUIPA
2014-11-03,1.754393659621314,1.7873063793670572,1.6467578679680037,1.900215035607209,xgboost,AREQUIPA
2014-11-10,1.583827609380353,1.8989177914674789,1.8078764980952196,2.0030872601932628,xgboost,AREQUIPA
2014-11-17,1.5107278735627983,1.5758383110292142,1.4504202642632105,1.7486626329866386,xgboost,AREQUIPA
2014-11-24,1.2426955088984308,1.43362768355947,1.3324011134099545,1.541447584352256,xgboost,AREQUIPA
2014-12-01,1.53509445216865,1.3126916125028858,1.2506579886354978,1.4183217473549916,xgboost,AREQUIPA
2014-12-08,1.5107278735627983,1.4305405410739926,1.3630346653302157,1.513955668681749,xgboost,AREQUIPA
2014-12-15,1.9005931312564235,1.4233695701281739,1.334570864267494,1.5082845072868611,xgboost,AREQUIPA
2014-12-22,1.7300270810154625,1.8751504912501904,1.677625504703372,2.0570046821746617,xgboost,AREQUIPA
2014-12-29,2.1929920745266425,1.934204217859245,1.7662095489065357,2.179490601976854,xgboost,AREQUIPA
2015-01-05,2.2017929502078726,2.1702754857046562,2.0316131123465695,2.3120847803572153,xgboost,AREQUIPA
2015-01-12,2.2614739766076504,2.062036038253939,1.9762220590303163,2.1432685406615595,xgboost,AREQUIPA
2015-01-19,2.097025060164364,2.0229746964116635,1.9264946223700885,2.166295021497042,xgboost,AREQUIPA
2015-01-26,1.9540460787895209,2.0836380250352198,1.976282729305931,2.167925277830904,xgboost,AREQUIPA
2015-02-02,2.0017057392478015,1.9475834504828704,1.8287798396458648,2.0844740568767586,xgboost,AREQUIPA
2015-02-09,1.6442582858106942,2.1185746984453195,1.9817349700235638,2.279116508567384,xgboost,AREQUIPA
2015-02-16,1.6680881160398346,1.6418858671470271,1.4953805132931606,1.7748570879241594,xgboost,AREQUIPA
2015-02-23,1.4536196439775704,1.7617403273274332,1.6149500614178527,1.9464181556524995,xgboost,AREQUIPA
2015-03-02,1.5251091346649917,1.4513639704706394,1.3430041547414628,1.5913318758973003,xgboost,AREQUIPA
2015-03-09,1.4774494742067106,1.5296572949739233,1.4272900614827675,1.624117443405735,xgboost,AREQUIPA
2015-03-16,1.3821301532901487,1.4474455872990333,1.3710273230776133,1.5236521086064847,xgboost,AREQUIPA
2015-03-23,1.4297898137484297,1.3926702444555568,1.2928094424863343,1.560452948806448,xgboost,AREQUIPA
2015-03-30,1.3821301532901487,1.440711460351655,1.3093574276890236,1.5600329870778766,xgboost,AREQUIPA
2015-04-06,1.6919179462689753,1.3679103476714687,1.2451383382827093,1.480869176142825,xgboost,AREQUIPA
2015-04-13,1.5965986253524134,1.7111198524252436,1.5634375449508335,1.8378279813580867,xgboost,AREQUIPA
2015-04-20,1.5251091346649919,1.6565017638459287,1.5363733111304387,1.7595067802314868,xgboost,AREQUIPA
2015-04-27,1.3344704928318676,1.610798049090243,1.5146951049129478,1.716742891114475,xgboost,AREQUIPA
2015-05-04,1.5489389648941323,1.5088558325042118,1.393186563777505,1.625118186315539,xgboost,AREQUIPA
2015-05-11,1.4774494742067106,1.5688435454389975,1.4808580858181655,1.6520681519543405,xgboost,AREQUIPA
2015-05-18,1.334470492831868,1.5233921938343644,1.4500431755800611,1.5990973043470291,xgboost,AREQUIPA
2015-05-25,1.1914915114570246,1.4647593731646062,1.371192254203387,1.5559952899801157,xgboost,AREQUIPA
2015-06-01,1.5251091346649917,1.491925829786919,1.3838961988043736,1.6074810309536314,xgboost,AREQUIPA
2015-06-08,1.6204284555815536,1.5692081381413288,1.4766841069115042,1.6658084602550423,xgboost,AREQUIPA
2015-06-15,1.715747776498116,1.682773842086396,1.5701314122553567,1.8176191298611415,xgboost,AREQUIPA
2015-06-22,1.8825565881020994,1.8205220107007725,1.6485907160400175,2.0394028844781285,xgboost,AREQUIPA
2015-06-29,2.2400040415392066,1.9944883612372033,1.8475163490268485,2.143329618464927,xgboost,AREQUIPA
2015-07-06,2.38298302291405,2.273276570179317,2.1509380134097995,2.426549142189018,xgboost,AREQUIPA
2015-07-13,2.1208548903935043,2.3450710726660637,2.225418111082871,2.4753149241160974,xgboost,AREQUIPA
2015-07-20,2.1446847206226445,2.0588700053489997,1.8795258678020008,2.245467622076752,xgboost,AREQUIPA
2015-07-27,1.9540460787895206,2.1919865258904694,2.081975458687841,2.3129780091228818,xgboost,AREQUIPA
2015-08-03,2.097025060164364,2.0710423324571323,1.9524737837246893,2.1908410024924505,xgboost,AREQUIPA
2015-08-10,2.025535569476942,2.094609721403276,1.9842985141026346,2.240091215666239,xgboost,AREQUIPA
2015-08-17,2.001705739247802,2.0454593768870746,1.8863787380102919,2.282493286572144,xgboost,AREQUIPA
2015-08-24,2.1446847206226445,1.92993156719112,1.8020439566750905,2.084538772396778,xgboost,AREQUIPA
2015-08-31,1.90638641833124,2.139042068930333,2.0054667271206026,2.2802804278061086,xgboost,AREQUIPA
2015-09-07,1.8348969276438183,1.8256720715976065,1.7040331563020763,1.9463577429204635,xgboost,AREQUIPA
2015-09-14,1.5251091346649917,1.840516334749553,1.7463456999124412,1.9542182721002124,xgboost,AREQUIPA
2015-09-21,1.6919179462689753,1.610306038643559,1.516234920867853,1.7130566176050455,xgboost,AREQUIPA
2015-09-28,1.7157477764981157,1.6605602609807508,1.5425756187092574,1.803545822387136,xgboost,AREQUIPA
2015-10-05,2.073195229935223,1.6996677690674198,1.5878083653462511,1.8394370322528777,xgboost,AREQUIPA
2015-10-12,2.073195229935223,2.0520136100503907,1.9532717900884597,2.1739764088046742,xgboost,AREQUIPA
2015-10-19,2.1446847206226445,1.9827414202296376,1.9246448254432758,2.0375334999693493,xgboost,AREQUIPA
2015-10-26,1.8587267578729587,2.0019386710603344,1.8682894025216021,2.1140179848504017,xgboost,AREQUIPA
2015-11-02,1.8348969276438183,1.8109868102122249,1.715652022509219,1.9050049627441306,xgboost,AREQUIPA
2015-11-09,1.9778759090186613,1.8691121962528159,1.7360082243236867,1.9478378600956578,xgboost,AREQUIPA
2015-11-16,1.9302162485603802,1.8894120474659322,1.7939487727777363,2.0266198389524166,xgboost,AREQUIPA
2015-11-23,2.025535569476942,1.8374579102594832,1.7517746001119279,1.9184340461176528,xgboost,AREQUIPA
2015-11-30,1.9540460787895206,1.8812382454567136,1.78601015234616,1.9935999926423507,xgboost,AREQUIPA
2015-12-07,1.9063864183312396,1.7942012471878084,1.6777009960552949,1.8892856390051604,xgboost,AREQUIPA
2015-12-14,1.5012793044358512,1.7975765346442674,1.6941714433803012,1.895269058806384,xgboost,AREQUIPA
2015-12-21,1.1914915114570246,1.5676787575047786,1.4593538387392122,1.6723561118175256,xgboost,AREQUIPA
2015-12-28,0.6672352464159337,1.5208125481462398,1.425973272442564,1.6290467797206363,xgboost,AREQUIPA
2016-01-04,0.9636691533760189,1.3967530622210054,1.285515932122401,1.487424084150639,xgboost,AREQUIPA
2016-01-11,1.1424947421925638,1.4150821384379486,1.3117013926942325,1.5206624507307214,xgboost,AREQUIPA
2016-01-18,2.005194853644092,1.2743215712833114,1.1530416969926798,1.3980552773001858,xgboost,AREQUIPA
2016-01-25,1.865297538273574,1.9609223850731545,1.816070783369337,2.130217319226607,xgboost,AREQUIPA
2016-02-01,2.1684083882430296,1.8959031558649089,1.7544717298813037,2.1070479769566743,xgboost,AREQUIPA
2016-02-08,1.981878634415672,2.1532553203180544,1.973286528600729,2.332584028968699,xgboost,AREQUIPA
2016-02-15,2.3782543612988065,1.7915014869925314,1.6665289855743874,1.979678332091279,xgboost,AREQUIPA
2016-02-22,2.4015705805272263,2.138462107901852,2.0130679085436842,2.2921727312017306,xgboost,AREQUIPA
2016-02-29,2.4948354574409053,2.149598082371728,2.0135294975016866,2.2965063502705556,xgboost,AREQUIPA
2016-03-07,2.471519238212485,2.1613263743069857,2.015228466323355,2.305005924207321,xgboost,AREQUIPA
2016-03-14,2.2150408266998687,2.326523158162177,2.226315273871386,2.439437470169801,xgboost,AREQUIPA
2016-03-21,1.772032661359895,2.18524561055699,2.115524388112689,2.281960765446756,xgboost,AREQUIPA
2016-03-28,1.562186688304118,2.009162501491876,1.8664736626286351,2.2025144195244595,xgboost,AREQUIPA
2016-04-04,1.562186688304118,1.6402364255595785,1.5248757823236516,1.7468751404388876,xgboost,AREQUIPA
2016-04-11,1.911929976730413,1.5085128124330165,1.4088801077602109,1.6555704138442022,xgboost,AREQUIPA
2016-04-18,1.8419813190451542,1.7871920798629137,1.6208150577682958,1.9171463879974688,xgboost,AREQUIPA
2016-04-25,1.562186688304118,1.8448617272564545,1.6696362746870639,2.0059941608977234,xgboost,AREQUIPA
2016-05-02,1.5155542498472787,1.6074499475427815,1.5020544431245724,1.7167605415957636,xgboost,AREQUIPA
2016-05-09,1.5855029075325378,1.559410496156002,1.4415578510847813,1.6462917309901974,xgboost,AREQUIPA
2016-05-16,2.0751435113293506,1.6062866065888066,1.5098120204437266,1.710936609507423,xgboost,AREQUIPA
2016-05-23,2.2849894843851275,2.0826702905993177,1.945574245814067,2.2050943108863534,xgboost,AREQUIPA
2016-05-30,2.494835457440905,2.417706028005729,2.3001016653527593,2.575394032338932,xgboost,AREQUIPA
2016-06-06,2.5881003343545834,2.4910416278896212,2.3894364435264364,2.600439950566469,xgboost,AREQUIPA
2016-06-13,3.217638253521915,2.532676343569232,2.3217029896257784,2.7009655682618923,xgboost,AREQUIPA
2016-06-20,3.8704923919176655,2.8960521635067322,2.623628759730028,3.1543231430507315,xgboost,AREQUIPA
2016-06-27,4.546662749541835,3.017066559543445,2.8026053310316463,3.229715016315493,xgboost,AREQUIPA
2016-07-04,4.779824941826033,3.5289167736499234,2.9753560520605453,3.7364690122624755,xgboost,AREQUIPA
2016-07-11,4.8031411610544525,3.697724543673709,3.0917670261943266,3.7364690122624755,xgboost,AREQUIPA
2016-07-18,4.243551899572381,3.3861489494040815,3.020661620144578,3.7201757183772948,xgboost,AREQUIPA
2016-07-25,3.7772275150039873,3.2646777287540276,3.018890995838629,3.5219225197712887,xgboost,AREQUIPA
2016-08-01,3.2409544727503348,3.5788741181114596,3.363473391809888,3.824177946663035,xgboost,AREQUIPA
2016-08-08,3.427484226577692,3.6350221632450106,3.3423875354302384,3.868512589813914,xgboost,AREQUIPA
2016-08-15,3.4508004458061117,3.456027033244025,3.2121597708631873,3.7243921395377617,xgboost,AREQUIPA
2016-08-22,3.3575355688924327,3.3839476976466267,3.172182413801287,3.6340829443287763,xgboost,AREQUIPA
2016-08-29,2.8445787458672,3.2947328561712537,3.1626365227642617,3.4172923565520925,xgboost,AREQUIPA
2016-09-05,2.564784115126164,2.8089033329862074,2.64958637113371,3.0033454724713935,xgboost,AREQUIPA
2016-09-12,2.4015705805272263,2.679291874671993,2.4877920634293154,2.884411538883768,xgboost,AREQUIPA
2016-09-19,2.3782543612988065,2.475968734949889,2.304658445581023,2.6374010216245805,xgboost,AREQUIPA
2016-09-26,2.12177594978619,2.3018547401832548,2.196870356053405,2.4014819896831705,xgboost,AREQUIPA
2016-10-03,2.1217759497861906,2.117543969812535,1.9683454448009379,2.222574067170889,xgboost,AREQUIPA
2016-10-10,1.9585624151872525,2.115971213688286,2.0017472226131052,2.2205163910045185,xgboost,AREQUIPA
2016-10-17,1.981878634415672,1.9710823537768223,1.8611226962221719,2.1190595151752336,xgboost,AREQUIPA
2016-10-24,1.8652975382735735,1.866544739249901,1.7475081800869188,1.9801937796132352,xgboost,AREQUIPA
2016-10-31,1.9585624151872523,1.7292846065839556,1.6331361546972438,1.8305831754111377,xgboost,AREQUIPA
2016-11-07,2.12177594978619,1.8473591878284177,1.7343997618816291,1.9599691680467533,xgboost,AREQUIPA
2016-11-14,2.2849894843851275,1.9721525261092334,1.8603727763026792,2.0940615753030616,xgboost,AREQUIPA
2016-11-21,2.284989484385128,2.088251154883661,1.9744379835843349,2.1957623190803384,xgboost,AREQUIPA
2016-11-28,2.14509216901461,2.1041902594090476,1.9798481250799225,2.203467076014878,xgboost,AREQUIPA
2016-12-05,2.2616732651567077,1.996991058068933,1.889806463630386,2.1074765465633547,xgboost,AREQUIPA
2016-12-12,2.401570580527226,2.114473133672335,1.9720823739153206,2.2471967065407332,xgboost,AREQUIPA
2016-12-19,2.4482030189840653,2.2805921014116612,2.1571610550522577,2.3818346556271703,xgboost,AREQUIPA
2016-12-26,2.4248867997556456,2.2452455548778723,2.1133246233329714,2.3983486041083686,xgboost,AREQUIPA
2017-01-02,2.2721990932886396,2.302069265559924,2.1384860525588363,2.463621424927586,xgboost,AREQUIPA
2017-01-09,1.9810898858084023,2.2506223764769446,2.109563565565569,2.4175744331339293,xgboost,AREQUIPA
2017-01-16,1.6889968020899735,2.1139429993391734,1.958851179135056,2.225538846280199,xgboost,AREQUIPA
2017-01-23,1.8259424887459172,1.8620962824719784,1.7604809992941413,1.9832538413101517,xgboost,AREQUIPA
2017-01-30,2.2139552676044247,1.9764370715467887,1.8020994061488411,2.0889934308980482,xgboost,AREQUIPA
2017-02-06,2.1226581431671288,2.3185473580813842,2.22456732525,2.4367512951288837,xgboost,AREQUIPA
2017-02-13,2.054185299839157,2.1257546324722556,1.9979583417877922,2.2737444593810228,xgboost,AREQUIPA
2017-02-20,1.9400638942925372,2.058041642456202,1.952145421157713,2.1649123401627652,xgboost,AREQUIPA
2017-02-27,1.9628881754018612,1.8798691544960195,1.740357727898628,2.028290448606002,xgboost,AREQUIPA
2017-03-06,1.7118210831992975,1.863940317541941,1.7387055717606335,1.9985330711208609,xgboost,AREQUIPA
2017-03-13,1.8259424887459172,1.7158943459348746,1.6315128800970993,1.8437289063488829,xgboost,AREQUIPA
2017-03-20,2.1683067053857767,1.7325205628374665,1.6200113102252514,1.8328418323133098,xgboost,AREQUIPA
2017-03-27,2.2824281109323965,2.0035673710676396,1.9217479765628853,2.1140213258310387,xgboost,AREQUIPA
2017-04-03,1.8715910509645648,2.1914481433581368,2.087755667124274,2.306933872716171,xgboost,AREQUIPA
2017-04-10,1.8259424887459172,1.7767693746860724,1.6688732311816399,1.881384567547209,xgboost,AREQUIPA
2017-04-17,2.054185299839157,1.8204843529205592,1.6965655461127178,1.9496629437803548,xgboost,AREQUIPA
2017-04-24,2.054185299839157,1.9450812867707763,1.8549750000213996,2.073765468584719,xgboost,AREQUIPA
2017-05-01,1.917239613183213,1.9777856889874366,1.8868222952797022,2.096205283115471,xgboost,AREQUIPA
2017-05-08,1.8259424887459172,1.9096349179017047,1.816987062609355,2.008827116867434,xgboost,AREQUIPA
2017-05-15,1.9857124565111854,1.8941416962750925,1.7586766130106875,2.040649175802175,xgboost,AREQUIPA
2017-05-22,2.2139552676044247,2.0897498817120983,1.995209886196977,2.210277551459309,xgboost,AREQUIPA
2017-05-29,2.4878466409163127,2.1911243966037977,2.058221369394448,2.276600852435967,xgboost,AREQUIPA
2017-06-05,2.6704408897909038,2.513385960400028,2.4059659932734965,2.6188823585187118,xgboost,AREQUIPA
2017-06-12,2.487846640916312,2.619610210918269,2.478557010427133,2.8223594040995863,xgboost,AREQUIPA
2017-06-19,2.1454824242764525,2.513367113179589,2.344248125953314,2.671529734206021,xgboost,AREQUIPA
2017-06-26,1.917239613183213,2.1551553016921496,1.9971218214395394,2.3288160212292652,xgboost,AREQUIPA
2017-07-03,2.328076673151044,2.028540271154373,1.9454861110395336,2.1442624202163896,xgboost,AREQUIPA
2017-07-10,2.6704408897909038,2.328340657874105,2.1707925310253855,2.5061359951379125,xgboost,AREQUIPA
2017-07-17,2.967156544212115,2.5863283480342467,2.402993580165862,2.751989558435333,xgboost,AREQUIPA
2017-07-24,2.921507981993468,2.792656518371597,2.58225935033403,2.994218731909293,xgboost,AREQUIPA
2017-07-31,2.807386576446848,2.7521192695602243,2.5796971814217518,2.8751521723854445,xgboost,AREQUIPA
2017-08-07,2.921507981993468,2.626103930058264,2.514005880886128,2.7791477809371075,xgboost,AREQUIPA
2017-08-14,3.058453668649411,2.602401096986242,2.450108173843625,2.731088823704716,xgboost,AREQUIPA
2017-08-21,3.241047917524003,2.6649376264512266,2.453915069609416,2.9592524834063125,xgboost,AREQUIPA
2017-08-28,2.8758594197748195,3.028084676278273,2.747659335187371,3.344756961456105,xgboost,AREQUIPA
2017-09-04,2.6704408897909038,2.6981108503348477,2.5402909493470256,2.8910393784870507,xgboost,AREQUIPA
2017-09-11,2.601968046462932,2.6113221392739208,2.461896775591031,2.7421303470427016,xgboost,AREQUIPA
2017-09-18,2.556319484244284,2.6389775427629907,2.5190644105356217,2.7633979913421034,xgboost,AREQUIPA
2017-09-25,2.236779548713748,2.5063107084348912,2.4003836993594674,2.652555589012684,xgboost,AREQUIPA
2017-10-02,2.145482424276452,2.0734499959514574,1.9586162752438177,2.1643743746961674,xgboost,AREQUIPA
2017-10-09,2.1454824242764525,1.9657319661907298,1.8400348637006703,2.073456224482207,xgboost,AREQUIPA
2017-10-16,2.1226581431671288,2.0283283538802888,1.9351085498642988,2.132254640004241,xgboost,AREQUIPA
2017-10-23,2.1226581431671288,2.042676078651492,1.95448135499898,2.1221166363037196,xgboost,AREQUIPA
2017-10-30,2.1454824242764525,2.0453384846193936,1.9286252205016858,2.1234597697130724,xgboost,AREQUIPA
2017-11-06,2.373725235369692,2.077441038947451,1.9538087264766515,2.1495958296044346,xgboost,AREQUIPA
2017-11-13,2.1911309864951005,2.2785259101231694,2.1708938334074683,2.3872564745484324,xgboost,AREQUIPA
2017-11-20,2.328076673151044,2.043155988775348,1.9471221255285096,2.1431568800156473,xgboost,AREQUIPA
2017-11-27,2.1226581431671288,2.1807439049687094,2.042266600685982,2.312957077488003,xgboost,AREQUIPA
2017-12-04,2.2139552676044243,1.9129652478621544,1.7808876252454702,2.052152595653853,xgboost,AREQUIPA
2017-12-11,2.2824281109323965,2.0648458146597264,1.949534602635787,2.1713576733309035,xgboost,AREQUIPA
2017-12-18,2.2367795487137485,2.145557333336769,1.9885111465796523,2.2897207849090484,xgboost,AREQUIPA
2017-12-25,2.41937379758834,2.094721502008621,1.9855115331262272,2.2143225039364154,xgboost,AREQUIPA
2018-01-01,2.1814840714207016,2.2987018418462943,2.19680099721662,2.3993943660791057,xgboost,AREQUIPA
2018-01-08,1.985695155077693,2.0829944275882215,1.959128079290271,2.2324968187776615,xgboost,AREQUIPA
2018-01-15,1.5165216871933704,1.9369621640436667,1.8251624690129604,2.0428984312261322,xgboost,AREQUIPA
2018-01-22,1.5165216871933704,1.6190708981866162,1.4839229704132895,1.7046603529224829,xgboost,AREQUIPA
2018-01-29,1.6798394073526566,1.6609871973010246,1.533534236016511,1.7523132897423341,xgboost,AREQUIPA
2018-02-05,1.9598126419114326,1.7554832601124535,1.6403967908205919,1.9260920594526074,xgboost,AREQUIPA
2018-02-12,1.8898193332717386,1.9081497149311333,1.7789416935469773,2.0094763979710213,xgboost,AREQUIPA
2018-02-19,2.1464614649506166,1.8203770982483474,1.7058480888538174,1.9397973476520392,xgboost,AREQUIPA
2018-02-26,2.029805950551127,1.9623413091861819,1.8861148382923685,2.0499059527096297,xgboost,AREQUIPA
2018-03-05,2.449765802389291,1.8537197634766027,1.7723286990201117,1.9596890137832055,xgboost,AREQUIPA
2018-03-12,2.333110287989801,2.3030842185502185,2.1992447072439973,2.4218173528517597,xgboost,AREQUIPA
2018-03-19,2.473096905269189,2.1337156973999183,1.9907820868030572,2.254750367016721,xgboost,AREQUIPA
2018-03-26,2.0764681563109226,2.240509550306492,2.132962674756742,2.3788273141854894,xgboost,AREQUIPA
2018-04-02,2.0531370534310245,1.9233230630093059,1.810560935789943,2.038229177968209,xgboost,AREQUIPA
2018-04-09,2.193123670710413,1.950225952690449,1.8437194143954514,2.0194739609869883,xgboost,AREQUIPA
2018-04-16,2.4964280081490866,2.0720598839330875,1.9728119667980775,2.1685926488139673,xgboost,AREQUIPA
2018-04-23,2.449765802389291,2.303375612561707,2.182504518793395,2.442750328773477,xgboost,AREQUIPA
2018-04-30,2.216454773590311,2.2857160796245437,2.185224346819454,2.4136053399938633,xgboost,AREQUIPA
2018-05-07,1.959812641911433,2.1778847004995865,2.0679339145431324,2.258312182214904,xgboost,AREQUIPA
2018-05-14,1.8431571275119427,1.9549846939894049,1.8360717567020546,2.078263648004042,xgboost,AREQUIPA
2018-05-21,1.9598126419114328,2.061787467584933,1.9336827356643045,2.1524153017025194,xgboost,AREQUIPA
2018-05-28,2.519759111028985,2.101014280347323,2.0190820015919364,2.188790283806943,xgboost,AREQUIPA
2018-06-04,3.0097122715068436,2.5730386633366114,2.4593444023470594,2.7828509803747474,xgboost,AREQUIPA
2018-06-11,3.2663544031857215,2.8738598402481976,2.7103823641627653,3.08055720570938,xgboost,AREQUIPA
2018-06-18,3.0097122715068436,3.2435821031613044,2.909516431421655,3.5100406709243317,xgboost,AREQUIPA
2018-06-25,2.9163878599872515,3.008421706437471,2.804174999868943,3.2570313008066103,xgboost,AREQUIPA
2018-07-02,3.219692197425926,3.1084218186627313,2.9252918318379004,3.257710867651274,xgboost,AREQUIPA
2018-07-09,3.6396520492640896,3.459056964252631,3.213183735466422,3.7400821791176084,xgboost,AREQUIPA
2018-07-16,4.409578444300725,3.5005484468773256,3.2391726649285584,3.781428477407945,xgboost,AREQUIPA
2018-07-23,4.10627410686205,3.6810049566179206,3.4886152074589547,3.886818187301404,xgboost,AREQUIPA
2018-07-30,4.1995985183816416,3.732718932770887,3.5214136803211753,3.961607349470668,xgboost,AREQUIPA
2018-08-06,3.9896185924625596,3.597980759794071,3.4162856459591264,3.773967426605268,xgboost,AREQUIPA
2018-08-13,4.036280798222356,3.5478496514515303,3.388095502235805,3.7777158601672904,xgboost,AREQUIPA
2018-08-20,3.966287489582662,3.4271345963521207,3.2374421987114785,3.683522300193333,xgboost,AREQUIPA
2018-08-27,3.3830099175852113,3.577837131325359,3.352619074516637,3.8103227612534067,xgboost,AREQUIPA
2018-09-03,3.2663544031857215,2.9065786202213593,2.696425867952507,3.069730784251217,xgboost,AREQUIPA
2018-09-10,2.893056757107353,2.9590972051380233,2.7603763226336637,3.1731270128654914,xgboost,AREQUIPA
2018-09-17,3.0797055801465376,2.684366530980165,2.498729148773154,2.8926390552666623,xgboost,AREQUIPA
2018-09-24,2.706407934068169,2.91467575139302,2.7085569492150405,3.0903990414460893,xgboost,AREQUIPA
2018-10-01,2.3797724937495968,2.6807636913366175,2.5460703742821766,2.8145891836167483,xgboost,AREQUIPA
2018-10-08,2.1231303620707185,2.35593664501063,2.186040824359175,2.5269662585813477,xgboost,AREQUIPA
2018-10-15,2.356441390869699,2.084250872289377,2.0164285266180295,2.1876645273671103,xgboost,AREQUIPA
2018-10-22,2.706407934068169,2.2876609936579317,2.167519334261442,2.3922008840101316,xgboost,AREQUIPA
2018-10-29,2.916387859987251,2.415191121003884,2.295517775492947,2.5241579494157156,xgboost,AREQUIPA
2018-11-05,2.8463945513475566,2.6770092014219746,2.5630091151791303,2.815748477897131,xgboost,AREQUIPA
2018-11-12,2.7764012427078626,2.547113389059959,2.413486517489451,2.731352587833115,xgboost,AREQUIPA
2018-11-19,2.356441390869698,2.70965040993381,2.555672434344142,2.8217871370418255,xgboost,AREQUIPA
2018-11-26,2.4264346995093926,2.405986700498544,2.202928666187214,2.5663759499192706,xgboost,AREQUIPA
2018-12-03,2.2397858764702083,2.409872547032273,2.286432554861249,2.535260486408144,xgboost,AREQUIPA
2018-12-10,2.636414625428475,2.2318537442023554,2.1447988409576446,2.3262761151518605,xgboost,AREQUIPA
2018-12-17,2.473096905269189,2.504052228222099,2.3469761096208983,2.6381646924967628,xgboost,AREQUIPA
2018-12-24,2.3797724937495968,2.3403872881385075,2.24248684448471,2.4674535651978897,xgboost,AREQUIPA
2018-12-31,2.1697925678305148,2.1697366086213106,2.019278514818016,2.3048258768661922,xgboost,AREQUIPA
2019-01-07,2.266988159778081,2.0728473537068925,1.946489458319496,2.243597935113467,xgboost,AREQUIPA
2019-01-14,2.546826120142376,2.1504745310855635,2.041926801209618,2.2617526892065998,xgboost,AREQUIPA
2019-01-21,2.4124277352720145,2.3319210429924553,2.1699108078125375,2.4876531966044175,xgboost,AREQUIPA
2019-01-28,2.3441514786133717,2.2327041403091243,2.1084635556292852,2.3472266851247925,xgboost,AREQUIPA
2019-02-04,1.8662176820028786,2.180287791086809,2.1063628328927466,2.2743634714475873,xgboost,AREQUIPA
2019-02-11,1.5248363987096691,1.8905103460375614,1.7816551713325177,2.0084906937028024,xgboost,AREQUIPA
2019-02-18,1.5475951509292163,1.6217253112895953,1.4768327666024246,1.7551311529069005,xgboost,AREQUIPA
2019-02-25,1.661388912026953,1.6324430104044747,1.5239859157399118,1.7261912485293307,xgboost,AREQUIPA
2019-03-04,1.9117351864419732,1.7221663297620353,1.5295522039677558,1.9108953168864031,xgboost,AREQUIPA
2019-03-11,2.0710464519788045,1.8907570727572593,1.7758939735209252,2.0133876007618836,xgboost,AREQUIPA
2019-03-18,2.1165639564178993,2.0641681503286047,1.9699750373873184,2.1987420883005933,xgboost,AREQUIPA
2019-03-25,2.184840213076541,2.063379252914524,1.9654823754765882,2.162326717580022,xgboost,AREQUIPA
2019-04-01,1.8889764342224262,2.2036251794924295,2.0451595147883537,2.312273909936985,xgboost,AREQUIPA
2019-04-08,1.9117351864419734,1.9882603512670083,1.883274369944723,2.0702245811565634,xgboost,AREQUIPA
2019-04-15,1.9572526908810681,2.0579424872874807,1.936335528323566,2.167276170657709,xgboost,AREQUIPA
2019-04-22,2.0027701953201626,2.0041832855968,1.9084353920139263,2.0944418736223898,xgboost,AREQUIPA
2019-04-29,2.4351864874915616,1.9013160570625738,1.7660938063138791,2.0366287413175734,xgboost,AREQUIPA
2019-05-06,2.5034627441502035,2.306010350707826,2.190962725738595,2.447329007572946,xgboost,AREQUIPA
2019-05-13,2.7310502663456773,2.3441791575428215,2.195762700044917,2.449175916850664,xgboost,AREQUIPA
2019-05-20,2.5717390008088454,2.5488098414114795,2.4506659213061743,2.726310940467294,xgboost,AREQUIPA
2019-05-27,2.913120284102055,2.682798443299476,2.4477556038459825,2.852014334521377,xgboost,AREQUIPA
2019-06-03,3.0951903018584335,2.9962219124516496,2.845050044058503,3.1920474782815864,xgboost,AREQUIPA
2019-06-10,3.391054080712548,3.121286908733288,2.916604489110857,3.3279911946832224,xgboost,AREQUIPA
2019-06-17,3.3455365762734535,3.429993315341993,3.2032208359772887,3.68101221087412,xgboost,AREQUIPA
2019-06-24,3.846229125103495,3.270546541056326,3.0613255244433777,3.4825161795370776,xgboost,AREQUIPA
2019-07-01,3.8007116206644,3.937459225367851,3.537078601998553,4.190859151821751,xgboost,AREQUIPA
2019-07-08,4.210369160616252,3.8223765360569457,3.5550376751521116,4.0624001835483625,xgboost,AREQUIPA
2019-07-15,4.528991691689915,3.8981001172597476,3.7386866818600506,4.054275954337413,xgboost,AREQUIPA
2019-07-22,4.870372974983124,3.847222483486585,3.6994648244826993,3.9998672337587817,xgboost,AREQUIPA
2019-07-29,5.006925488300408,4.05769579023219,3.7881619543091665,4.330140686764493,xgboost,AREQUIPA
2019-08-05,4.392439178372631,3.9344977353391855,3.6610504309251186,4.237347272869214,xgboost,AREQUIPA
2019-08-12,4.142092903957611,3.8067269471439933,3.5356249980711603,4.093881912027197,xgboost,AREQUIPA
2019-08-19,3.664159107347117,3.785974032502924,3.48154589122125,4.008764938212169,xgboost,AREQUIPA
2019-08-26,3.3227778240539076,3.4312862838717497,3.148001344795659,3.6793696878222075,xgboost,AREQUIPA
2019-09-02,3.368295328493002,3.097038894931943,2.9462058532796727,3.286864406858609,xgboost,AREQUIPA
2019-09-09,3.3682953284930015,3.0426167390214647,2.8818479703155475,3.288037901649248,xgboost,AREQUIPA
2019-09-16,3.5276065940298333,2.9941730219650236,2.8284911314538412,3.218522020827753,xgboost,AREQUIPA
2019-09-23,3.3910540807125487,3.272634315381584,3.068939581984672,3.4653151670983764,xgboost,AREQUIPA
2019-09-30,3.3682953284930015,3.1609318430066113,2.9818694422026706,3.3270822095880637,xgboost,AREQUIPA
2019-10-07,3.4593303373711906,3.123211271767568,2.9667697513477895,3.2904364892527593,xgboost,AREQUIPA
2019-10-14,3.1407078062975287,3.183993065651713,2.998613136423431,3.35686292580386,xgboost,AREQUIPA
2019-10-21,2.4807039919306564,3.0952409819753184,2.9077062437510532,3.211703862792868,xgboost,AREQUIPA
2019-10-28,2.480703991930657,2.5860128494556784,2.4663558742748313,2.7190236884643033,xgboost,AREQUIPA
2019-11-04,2.867602779662961,2.4951153410659317,2.346977306593045,2.606259530128522,xgboost,AREQUIPA
2019-11-11,3.6414003551275695,2.7402086099763814,2.5531669789866753,2.9308023110921524,xgboost,AREQUIPA
2019-11-18,3.436571585151644,3.4963404434770853,3.1939043901006787,3.8490042729535396,xgboost,AREQUIPA
2019-11-25,2.9813965407606973,3.4998553329744837,3.27208681243474,3.7423339201114203,xgboost,AREQUIPA
2019-12-02,2.5262214963697516,3.1937114129285784,2.9574268150914436,3.4870744282321224,xgboost,AREQUIPA
2019-12-09,2.1620814608569945,2.899480815444128,2.7386479531637438,3.0695129578586062,xgboost,AREQUIPA
2019-12-16,2.412427735272015,2.1303960636505677,1.9223446745297312,2.314344380505411,xgboost,AREQUIPA
2019-12-23,2.3441514786133726,2.3777633168989456,2.2309076669799794,2.611852127533384,xgboost,AREQUIPA
2019-12-30,2.1393227086374473,2.2979594960033793,2.136511232387797,2.4479294631312603,xgboost,AREQUIPA
2020-01-06,1.4936029849431207,2.1218899836797145,1.9537964022519705,2.2764360228503677,xgboost,AREQUIPA
2020-01-13,1.1214867973861264,1.4926431860995377,1.3465196444254328,1.701675418880647,xgboost,AREQUIPA
2020-01-20,1.135272378555907,1.453569948887627,1.2684065189640714,1.673074742323259,xgboost,AREQUIPA
2020-01-27,1.7585591746258167,1.4263086213375702,1.2942980390333678,1.6114501602594453,xgboost,AREQUIPA
2020-02-03,2.1147230580943366,1.83195786887758,1.6914752843103444,1.9773065049294594,xgboost,AREQUIPA
2020-02-10,2.359585727978944,2.03516518895117,1.8041508054103583,2.2064865197366696,xgboost,AREQUIPA
2020-02-17,1.8476001454929465,2.264714204934529,2.0913996898283,2.429107976913818,xgboost,AREQUIPA
2020-02-24,1.8921206309265113,1.981083500422598,1.9074602532127858,2.0656007374378924,xgboost,AREQUIPA
2020-03-02,1.9366411163600763,2.0378094343861677,1.961293379209495,2.111789978164774,xgboost,AREQUIPA
2020-03-09,1.869860388209729,2.0501466502616594,1.9727389640131288,2.184332536818206,xgboost,AREQUIPA
2020-03-16,1.602737475608339,1.988776570792258,1.8716213608539953,2.1043149681963356,xgboost,AREQUIPA
2020-03-23,1.3801350484405142,1.810502303531358,1.6224822216406816,1.9481868305393215,xgboost,AREQUIPA
2020-03-30,1.224313349423037,1.5709722662068055,1.4839848574829901,1.690519805629795,xgboost,AREQUIPA
2020-04-06,0.9349301941048646,1.38513342439468,1.243520895423127,1.585423134719607,xgboost,AREQUIPA
2020-04-13,0.6010265533531272,1.3672201400991377,1.1798515127725044,1.6078570141533843,xgboost,AREQUIPA
2020-04-20,0.4674650970524323,1.513103803274403,1.2294640270387434,1.7559369272322862,xgboost,AREQUIPA
2020-04-27,0.5342458252027797,1.5223809168824785,1.2564736335677817,1.7643799979926282,xgboost,AREQUIPA
2020-05-04,0.7345880096538221,0.8414308281263496,0.619503595005301,1.231702691633149,xgboost,AREQUIPA
2020-05-11,0.9794506795384295,0.916628952926504,0.7448812828275528,1.293797995786237,xgboost,AREQUIPA
2020-05-18,0.9794506795384296,0.9389438337843008,0.7649589870689986,1.1343984493093264,xgboost,AREQUIPA
2020-05-25,0.8458892232377345,1.0433616742353082,0.8518697380426916,1.3721284945459742,xgboost,AREQUIPA
2020-06-01,0.8013687378041695,0.9350432280861882,0.79879718037231,1.1735121444094092,xgboost,AREQUIPA
2020-06-08,1.2688338348566015,0.9537364300001868,0.776863276461169,1.1200169293043858,xgboost,AREQUIPA
2020-06-15,1.8698603882097284,1.027537208768946,0.8294997881207412,1.2452151526631032,xgboost,AREQUIPA
2020-06-22,2.2037640289614657,1.6745172061251055,1.528837188415465,1.841974789253726,xgboost,AREQUIPA
2020-06-29,2.648968883297116,2.2903643910794265,2.069675997235219,2.5731634657605422,xgboost,AREQUIPA
2020-07-06,3.7619810191362397,2.7946124410659614,2.5244969964028257,3.0720752175414336,xgboost,AREQUIPA
2020-07-13,5.075335339426407,3.888789365350396,3.562479084338627,4.184749020266546,xgboost,AREQUIPA
2020-07-20,5.965745048097706,4.40329513112831,4.114344926687769,4.683219205463767,xgboost,AREQUIPA
2020-07-27,5.676361892779535,4.926359505443214,4.469845332618987,4.926359505443214,xgboost,AREQUIPA
2020-08-03,5.794435189450748,4.778888861915857,4.393551904376917,4.926359505443214,xgboost,AREQUIPA
2020-08-10,5.482791791415793,4.44794758515929,4.040992283614076,4.7750082295354845,xgboost,AREQUIPA
2020-08-17,5.3937508205486635,4.089345436120513,3.8749508463120135,4.402699994278085,xgboost,AREQUIPA
2020-08-24,5.030814853992841,4.3675542474371225,3.894595058254858,4.678031981430623,xgboost,AREQUIPA
2020-08-31,5.075335339426407,4.020525898879507,3.7331358831579147,4.402021206085204,xgboost,AREQUIPA
2020-09-07,5.253417281160666,3.813444407842294,3.56426393609641,4.1156754158619915,xgboost,AREQUIPA
2020-09-14,4.5856099996571915,3.8125361566051224,3.5369423068427386,4.180988191316238,xgboost,AREQUIPA
2020-09-21,3.6506798055523273,4.215387312772375,3.946275940922052,4.4925761702435105,xgboost,AREQUIPA
2020-09-28,2.693489368730681,3.7540756429090956,3.4372299148775727,4.070593686265295,xgboost,AREQUIPA
2020-10-05,2.3818459706957262,3.0442449840492087,2.8501380580160482,3.331218033605085,xgboost,AREQUIPA
2020-10-12,2.3595857279789434,2.5803996531162117,2.36902000210794,2.867407868639244,xgboost,AREQUIPA
2020-10-19,2.626708640580333,2.377534210693737,2.275312902678031,2.469873762637235,xgboost,AREQUIPA
2020-10-26,3.2722556793670248,2.681776537731484,2.416250618077926,2.916787516477593,xgboost,AREQUIPA
2020-11-02,3.4948581065348505,3.1259337445721824,2.8319215382949254,3.5055326739785233,xgboost,AREQUIPA
2020-11-09,3.2945159220838076,3.1812213170462456,2.89788669099735,3.4548612021809237,xgboost,AREQUIPA
2020-11-16,2.9160917958985055,3.2315361514487,3.0644184689841154,3.492496247912769,xgboost,AREQUIPA
2020-11-23,2.7157496114474626,2.9055905288213397,2.713181928110121,3.092889554191426,xgboost,AREQUIPA
2020-11-30,2.893831553181723,2.79939863816323,2.5666204167550815,2.9816985625715517,xgboost,AREQUIPA
2020-12-07,3.027393009482418,2.844315354066094,2.7185865787725016,3.018422473971558,xgboost,AREQUIPA
2020-12-14,3.2945159220838076,2.8193090618378984,2.694081921815626,2.9601276304313786,xgboost,AREQUIPA
2020-12-21,3.4948581065348505,2.9713081703040833,2.785795031484434,3.186014074278228,xgboost,AREQUIPA
2020-12-28,3.249995436650243,3.2277676577672922,3.0162908623727667,3.446210134952455,xgboost,AREQUIPA
2021-01-04,3.577602918321624,2.926244187444509,2.738014693295407,3.173314067848024,xgboost,AREQUIPA
2021-01-11,3.7292595330197256,3.278804298915403,2.9743969954393465,3.601539448146861,xgboost,AREQUIPA
2021-01-18,4.104797219742241,3.402871794339218,3.1430199769175324,3.7670163672472006,xgboost,AREQUIPA
2021-01-25,4.741152257979809,3.5476403879387646,3.311639621826383,3.8989421720408495,xgboost,AREQUIPA
2021-02-01,5.486677435040309,3.8648205035443444,3.5678520704816084,4.1927233079506845,xgboost,AREQUIPA
2021-02-08,5.508511462804894,4.725670112559617,4.2188197288887155,5.0877349490630115,xgboost,AREQUIPA
2021-02-15,4.959492535625673,4.649218379638983,4.201294527642901,4.9226587849281325,xgboost,AREQUIPA
2021-02-22,4.301303469623519,4.638477817694113,4.259403459602891,4.969177661778439,xgboost,AREQUIPA
2021-03-01,4.541477775033969,4.047834339633427,3.7662748291406283,4.354356701956862,xgboost,AREQUIPA
2021-03-08,4.475975691740209,4.442326285216465,3.9648147428957756,4.813488558049032,xgboost,AREQUIPA
2021-03-15,4.606979858327727,4.343683034303932,3.8618481016639286,4.80806957538297,xgboost,AREQUIPA
2021-03-22,4.301303469623519,4.237892974847911,3.8820627830327328,4.691151398414714,xgboost,AREQUIPA
2021-03-29,3.995627080919309,4.017433837939295,3.6812672330246845,4.312465209615031,xgboost,AREQUIPA
2021-04-05,3.886456942096377,3.9690192635425543,3.8289086285274965,4.218228115090038,xgboost,AREQUIPA
2021-04-12,3.973793053154722,4.002697391814237,3.7957926863112386,4.249145592435695,xgboost,AREQUIPA
2021-04-19,4.192133330800586,4.024830910571449,3.715661175739844,4.286884241631596,xgboost,AREQUIPA
2021-04-26,4.585145830563142,4.048023894047176,3.7896525277994817,4.3366308213683675,xgboost,AREQUIPA
2021-05-03,5.352505035388226,4.533425620933334,4.33328749201398,4.740151694897693,xgboost,AREQUIPA
2021-05-10,6.054362156919555,4.821898911666165,4.457886669187485,5.031518113944121,xgboost,AREQUIPA
2021-05-17,6.032528129154969,4.767837131439179,4.558078191184682,5.026318297655764,xgboost,AREQUIPA
2021-05-24,6.032528129154968,4.758587669324375,4.574269209849376,5.015836011612918,xgboost,AREQUIPA
2021-05-31,6.032528129154968,5.455360306786539,5.027713578601014,5.824617391719845,xgboost,AREQUIPA
2021-06-07,6.297704695394567,5.339141475118219,4.8601083417660025,5.737938006727364,xgboost,AREQUIPA
2021-06-14,6.297704695394567,5.2884993643421785,4.82407161346131,5.672183663576791,xgboost,AREQUIPA
2021-06-21,5.90152396256745,5.194279226057073,4.717220885469636,5.5468208389131695,xgboost,AREQUIPA
2021-06-28,5.265168924329882,5.5990775205614405,5.359218490027124,5.962629755657,xgboost,AREQUIPA
2021-07-05,4.41047360844645,5.407468822789075,5.026326199985296,5.811077781141486,xgboost,AREQUIPA
2021-07-12,3.7772868032734443,4.542538728696924,4.161325927106997,4.994003563743191,xgboost,AREQUIPA
2021-07-19,3.122265970335853,4.083894755427641,3.7118243730323486,4.515815702006341,xgboost,AREQUIPA
2021-07-26,2.6419173595149528,3.124449609379928,2.7625344738233526,3.596455589221992,xgboost,AREQUIPA
2021-08-02,2.161568748694053,2.8767060356011473,2.5863514343858944,3.17276635870865,xgboost,AREQUIPA
2021-08-09,1.965062498812775,2.4570028427670123,2.242900462835301,2.636380442199872,xgboost,AREQUIPA
2021-08-16,2.030564582106534,2.2007389203132965,1.9645616169624127,2.3930000366798767,xgboost,AREQUIPA
2021-08-23,2.0523986098711204,2.163786716114962,2.0235754873368763,2.331447221929017,xgboost,AREQUIPA
2021-08-30,2.096066665400293,2.0483346137350766,1.9159833929654695,2.2692817501147697,xgboost,AREQUIPA
2021-09-06,1.7030541656377383,2.0449849113578336,1.9027884269810518,2.2692996776866434,xgboost,AREQUIPA
2021-09-13,1.6593861101085654,1.9425763361534238,1.851608985745023,2.0459618754538282,xgboost,AREQUIPA
2021-09-20,1.5065479157564605,1.9106996122153315,1.77661578718297,2.09972033672883,xgboost,AREQUIPA
2021-09-27,1.5720499990502195,1.7417994019343712,1.5700863742696385,1.8908459822395043,xgboost,AREQUIPA
2021-10-04,1.4847138879918742,1.7513002993527957,1.585571540386875,1.9308223539810083,xgboost,AREQUIPA
2021-10-11,1.4628798602272877,1.5666113334709397,1.3601595986050303,1.810287887401742,xgboost,AREQUIPA
2021-10-18,1.6375520823439789,1.4624602589319233,1.3397913863287365,1.5774118796061518,xgboost,AREQUIPA
2021-10-25,1.6593861101085654,1.5335633811929248,1.4093454969265726,1.7740408213909393,xgboost,AREQUIPA
2021-11-01,1.8122243044606703,1.5832887618901499,1.4382863881758925,1.824491671724813,xgboost,AREQUIPA
2021-11-08,1.986896526577361,1.8143307073757953,1.661285236913003,1.9760755329973314,xgboost,AREQUIPA
2021-11-15,2.9475937482191625,2.0473172920782647,1.903167018712158,2.173074130653482,xgboost,AREQUIPA
2021-11-22,3.0567638870420946,2.7892725551959967,2.6242435054785873,3.018650979346717,xgboost,AREQUIPA
2021-11-29,2.6855854150441254,2.887881391699786,2.658204283132355,3.0991004829478106,xgboost,AREQUIPA
2021-12-06,1.6593861101085654,2.6903349631100677,2.4810198150955824,2.8566577646835847,xgboost,AREQUIPA
2021-12-13,1.5283819435210468,1.7389282395892698,1.4142876645195155,2.0016799501700233,xgboost,AREQUIPA
2021-12-20,1.4410458324627016,1.647055891614516,1.450213311042483,1.8627005910309977,xgboost,AREQUIPA
2021-12-27,1.6812201378731517,1.5310572158812894,1.212462581490487,1.789248858231874,xgboost,AREQUIPA
2022-01-03,1.649020175726568,1.7370247201749034,1.478153823355329,1.9452069764679178,xgboost,AREQUIPA
2022-01-10,2.0711116381843735,1.54905061031985,1.3679363172896204,1.6940331831295419,xgboost,AREQUIPA
2022-01-17,1.8876091756682027,1.9555628118622495,1.7969723031403844,2.1586841867418607,xgboost,AREQUIPA
2022-01-24,1.9090592799371595,1.9819251421092607,1.8852988630311376,2.136648457157729,xgboost,AREQUIPA
2022-01-31,1.7374584457855047,2.0722038110084537,1.9586187441066574,2.1934792524743405,xgboost,AREQUIPA
2022-02-07,2.4024116781231672,1.890588910361367,1.7908223801039669,1.9965123556097615,xgboost,AREQUIPA
2022-02-14,2.7885135549643905,2.297304577457283,2.158518511507865,2.455914227900891,xgboost,AREQUIPA
2022-02-21,2.8099636592333472,2.6760195772267603,2.470255988143734,2.8868377937929237,xgboost,AREQUIPA
2022-02-28,2.295161156778383,2.6169820898432326,2.416234735411291,2.847884705093259,xgboost,AREQUIPA
2022-03-07,1.994859697012987,2.395245627489571,2.2363857322630545,2.5711999302854243,xgboost,AREQUIPA
2022-03-14,2.037759905550901,2.1838250493617233,2.04772091014176,2.3059882807813636,xgboost,AREQUIPA
2022-03-21,2.145010426895685,2.1879784221796985,2.069001655147245,2.291198010914174,xgboost,AREQUIPA
2022-03-28,2.3166112610473397,2.1703359544874625,2.088271034951859,2.26059223449279,xgboost,AREQUIPA
2022-04-04,2.2522609482404694,2.2897172554234433,2.1821319854100265,2.4448009262923116,xgboost,AREQUIPA
2022-04-11,2.0592100098198576,2.2391477468169696,2.1369857489973585,2.3516447603165656,xgboost,AREQUIPA
2022-04-18,2.037759905550901,2.0908314787237243,2.007554788807575,2.1795660288098557,xgboost,AREQUIPA
2022-04-25,1.994859697012987,2.151564611669248,2.073689986703594,2.2359706302916336,xgboost,AREQUIPA
2022-05-02,1.9519594884750733,2.1162862215120244,2.0335244175988443,2.1947715838744246,xgboost,AREQUIPA
2022-05-09,1.887609175668203,2.0316051616351984,1.9293692883035864,2.12525051963539,xgboost,AREQUIPA
2022-05-16,2.123560322626728,1.9682438903392787,1.865743520747251,2.072462750230326,xgboost,AREQUIPA
2022-05-23,2.3595114695852537,2.1251890480224223,2.0200535350497395,2.2537603506025996,xgboost,AREQUIPA
2022-05-30,2.273711052509426,2.3589095980103476,2.2352998670759354,2.5112191926529746,xgboost,AREQUIPA
2022-06-06,2.273711052509426,2.376424735159337,2.2354884690165346,2.5260846911172052,xgboost,AREQUIPA
2022-06-13,2.616912720812736,2.4062640270373654,2.2398915311012306,2.54448213128225,xgboost,AREQUIPA
2022-06-20,3.0244647019229163,2.734366070165715,2.554776911547724,2.898714345978647,xgboost,AREQUIPA
2022-06-27,2.8528638677712608,3.167552546519344,2.9510532584820277,3.3026511389142996,xgboost,AREQUIPA
2022-07-04,2.7456133464264774,3.0394161469990646,2.8847560692693026,3.2598812340247294,xgboost,AREQUIPA
2022-07-11,2.6169127208127354,2.9172624003174157,2.743559467594346,3.0707696223561767,xgboost,AREQUIPA
2022-07-18,2.8099636592333472,2.8872145132987534,2.75256345230986,3.067532679564419,xgboost,AREQUIPA
2022-07-25,2.4453118866610812,2.9013992762071807,2.7695191640668364,3.0247281410360563,xgboost,AREQUIPA
2022-08-01,2.5525624080058655,2.428046126948994,2.302344035848494,2.5308087143400027,xgboost,AREQUIPA
2022-08-08,2.445311886661081,2.5328574331804847,2.4117054895806063,2.693301670570304,xgboost,AREQUIPA
2022-08-15,2.6812630336196066,2.4165153400598425,2.3071167945733393,2.5455487705781428,xgboost,AREQUIPA
2022-08-22,2.2308108439715126,2.517198946165531,2.3641743486600655,2.650173320470403,xgboost,AREQUIPA
2022-08-29,2.1664605311646423,2.205880339676239,2.098662963870649,2.336604889028677,xgboost,AREQUIPA
2022-09-05,1.9305093842061165,2.197607100747477,2.101650547182699,2.3086487679800785,xgboost,AREQUIPA
2022-09-12,2.0592100098198576,1.9821316791778534,1.8712181315630958,2.0821150738899092,xgboost,AREQUIPA
2022-09-19,2.145010426895685,2.1390847283593395,1.9935172011238493,2.2649878129345615,xgboost,AREQUIPA
2022-09-26,2.0592100098198576,2.1222889628560915,2.0224450038252053,2.2217555245541574,xgboost,AREQUIPA
2022-10-03,1.9519594884750735,2.1272234689135523,1.9764431034750285,2.263377241644741,xgboost,AREQUIPA
2022-10-10,1.7589085500544617,1.9816578382610994,1.8209527573254685,2.1248288114215828,xgboost,AREQUIPA
2022-10-17,1.9519594884750733,1.998589549226286,1.9281529001369695,2.1364050462230035,xgboost,AREQUIPA
2022-10-24,1.9519594884750733,2.0543590208323925,1.9619896040175402,2.1881091574654032,xgboost,AREQUIPA
2022-10-31,1.9090592799371597,2.0458594810147055,1.9307783322740426,2.1910300559036417,xgboost,AREQUIPA
2022-11-07,1.737458445785505,2.050985604234858,1.937179592372006,2.179118800373024,xgboost,AREQUIPA
2022-11-14,1.8447089671302892,2.0261414543707175,1.9282265533619518,2.092481127066266,xgboost,AREQUIPA
2022-11-21,1.97340959274403,1.9914581422002045,1.8994189227764349,2.0804852768414173,xgboost,AREQUIPA
2022-11-28,2.1450104268956847,2.1315389257752924,1.9855681218752257,2.2761446619244774,xgboost,AREQUIPA
2022-12-05,2.102110218357771,2.2300026813602374,2.072892044089762,2.368304795519463,xgboost,AREQUIPA
2022-12-12,1.994859697012987,2.17542323731466,2.076017952991886,2.285414493798982,xgboost,AREQUIPA
2022-12-19,1.9734095927440303,2.120164390622409,1.9586603623903198,2.288436694302432,xgboost,AREQUIPA
2022-12-26,2.016309801281944,2.0776263086018187,1.9128940619658499,2.237848272082479,xgboost,AREQUIPA
2023-01-02,2.0071042607820275,2.0964289636326616,1.9181275583923443,2.2978427332900724,xgboost,AREQUIPA
2023-01-09,2.058708440589014,1.98966208242569,1.8444744626519551,2.1521127994806037,xgboost,AREQUIPA
2023-01-16,1.9408361417443265,1.9744698960130214,1.8252032203657715,2.1322094596742,xgboost,AREQUIPA
2023-01-23,1.9408361417443265,1.8488459471166983,1.7556412631384,1.976885241616681,xgboost,AREQUIPA
2023-01-30,1.8564519616684863,1.911476262496899,1.815963360843101,2.018743712082824,xgboost,AREQUIPA
2023-02-06,1.6665875564978458,1.9328763870274546,1.8686778576024414,2.021677294537291,xgboost,AREQUIPA
2023-02-13,1.5822033764220054,1.8174659698371645,1.6873867677704857,1.9498792024503455,xgboost,AREQUIPA
2023-02-20,1.518915241365125,1.6077149455059416,1.4627203563176312,1.7292566261045956,xgboost,AREQUIPA
2023-02-27,1.6454915114788855,1.5167366516035765,1.3713645466963058,1.6442347685825016,xgboost,AREQUIPA
2023-03-06,1.814259871630566,1.588529408772042,1.4322311997876656,1.7293142141477302,xgboost,AREQUIPA
2023-03-13,1.6876836015168057,1.8075869759301162,1.68115959934623,1.91751780965376,xgboost,AREQUIPA
2023-03-20,1.9408361417443265,1.7119913145069263,1.5982193758914558,1.8291346140016003,xgboost,AREQUIPA
2023-03-27,1.9619321867632866,1.9031407164109977,1.7499611527788508,2.0318136940090037,xgboost,AREQUIPA
2023-04-03,2.447141222199368,2.0316319050199727,1.8879392327337308,2.24968591329809,xgboost,AREQUIPA
2023-04-10,2.9534463026544095,2.4712208397531072,2.3165738927540405,2.569714901333758,xgboost,AREQUIPA
2023-04-17,3.6918078783180124,2.7597326594375837,2.6092494311602463,2.966458611271872,xgboost,AREQUIPA
2023-04-24,4.113728778697214,3.3639561330817913,3.0620973292523415,3.704681123373736,xgboost,AREQUIPA
2023-05-01,3.966056463564494,4.181512578863395,3.883301991104712,4.545110855765481,xgboost,AREQUIPA
2023-05-08,3.839480193450733,4.3594136995844215,4.195965512908884,4.608766291099431,xgboost,AREQUIPA
2023-05-15,3.4175592930715317,4.386967500349218,4.143118815625207,4.628295748493558,xgboost,AREQUIPA
2023-05-22,3.269886977938811,3.750349720657515,3.533480593349264,3.942876054643955,xgboost,AREQUIPA
2023-05-29,3.206598842881931,3.446446534416681,3.209898790802463,3.6964719629439404,xgboost,AREQUIPA
2023-06-05,3.2487909329198508,3.4214163665704245,3.222836985153777,3.7144448386966733,xgboost,AREQUIPA
2023-06-12,3.501943473147372,3.4441366129691997,3.213718164039616,3.6783456344117345,xgboost,AREQUIPA
2023-06-19,3.523039518166332,3.597054526884992,3.3950179311347086,3.791447426118898,xgboost,AREQUIPA
2023-06-26,3.9027683285076136,3.592963249867403,3.44628858001806,3.7659964269960664,xgboost,AREQUIPA
2023-07-03,3.9027683285076136,3.9156033273749813,3.672131942035459,4.1540922552616495,xgboost,AREQUIPA
2023-07-10,3.8605762384696938,4.059239512037572,3.834382713804436,4.23330934756767,xgboost,AREQUIPA
2023-07-17,3.375367203033612,4.046287480667265,3.7638050042192734,4.245725123208784,xgboost,AREQUIPA
2023-07-24,3.0589265277492106,3.4709212149422233,3.3067569374446903,3.7244833774304906,xgboost,AREQUIPA
2023-07-31,2.9112542126164898,3.0489164484094387,2.908335171452035,3.207020108263016,xgboost,AREQUIPA
2023-08-07,2.7002937624268895,2.926163216532479,2.7543344434755155,3.110870868786935,xgboost,AREQUIPA
2023-08-14,2.7002937624268895,2.7095814235080535,2.518678906403005,2.9344758833612405,xgboost,AREQUIPA
2023-08-21,2.2361807720097677,2.696375634387459,2.6027695750717146,2.8293168330812244,xgboost,AREQUIPA
2023-08-28,2.1728926369528874,2.3089840433848208,2.196191313961253,2.4356375212448182,xgboost,AREQUIPA
2023-09-04,2.109604501896007,2.223635678189392,2.058631536343997,2.3758258664990706,xgboost,AREQUIPA
2023-09-11,2.257276817028728,2.1562402292827607,1.995466621069204,2.3247165593410566,xgboost,AREQUIPA
2023-09-18,2.6791977174079293,2.159172979315383,2.0531245802309734,2.299526167278784,xgboost,AREQUIPA
2023-09-25,2.4471412221993685,2.4965555808747566,2.325989837856801,2.613200482317564,xgboost,AREQUIPA
2023-10-02,2.257276817028728,2.426292628555885,2.3025763093676566,2.5587705715628277,xgboost,AREQUIPA
2023-10-09,1.750971736573686,2.25011129837558,2.131615454959156,2.3931076293006663,xgboost,AREQUIPA
2023-10-16,1.8142598716305665,1.8323964396292496,1.6907005458471775,1.974848970935831,xgboost,AREQUIPA
2023-10-23,1.8775480066874468,1.8333501180063805,1.7013607798868935,1.954364426373923,xgboost,AREQUIPA
2023-10-30,2.067412411858087,1.8628074075614252,1.7653480257655243,1.99939251126882,xgboost,AREQUIPA
2023-11-06,1.8564519616684863,2.0569532989132604,1.9165246755618566,2.229864452687449,xgboost,AREQUIPA
2023-11-13,1.8142598716305665,1.8428584904037812,1.7550273686978506,1.9463890028422746,xgboost,AREQUIPA
2023-11-20,1.6665875564978458,1.900534510100165,1.8139710803966658,2.001479573103185,xgboost,AREQUIPA
2023-11-27,1.9619321867632866,1.8081673891544785,1.709249547053466,1.9104435504437438,xgboost,AREQUIPA
2023-12-04,1.8986440517064065,2.0114487754840487,1.9050271262576535,2.1059329358600083,xgboost,AREQUIPA
