date,actual,predicted,lower_ci,upper_ci,model,region
2011-12-26,1.247697861825599,1.2519381392345184,0.9556511556218772,1.6072258547279676,random_forest,CUSCO
2012-01-02,1.0556345103758071,1.1846505343970222,0.8136500891858109,1.6055545153458357,random_forest,CUSCO
2012-01-09,0.9175051369746093,1.0036989959106994,0.7723765482447064,1.3622553327935627,random_forest,CUSCO
2012-01-16,0.5898224527176873,0.9698165531364891,0.7645257260442178,1.261822424469001,random_forest,CUSCO
2012-01-23,0.9115437905636986,0.9455065419273595,0.6897862199153317,1.3362903485110635,random_forest,CUSCO
2012-01-30,1.0455943479995367,0.9676436190991319,0.6951303093421968,1.3449236547727432,random_forest,CUSCO
2012-02-06,1.1260246824610396,1.12963469377235,0.809363976802706,1.4890610239219142,random_forest,CUSCO
2012-02-13,0.9115437905636986,1.1661897577011853,0.8620059853909056,1.3976494314356585,random_forest,CUSCO
2012-02-20,0.8311134561021959,0.9910795176292909,0.7250212911447177,1.2586614393399038,random_forest,CUSCO
2012-02-27,0.7774932331278607,0.9635229252162433,0.7271756092818346,1.190858544347588,random_forest,CUSCO
2012-03-05,0.6434426756920226,0.9228204432630672,0.7186865326702727,1.1253042204846444,random_forest,CUSCO
2012-03-12,0.7238730101535253,0.94881707494161,0.7236144816798799,1.1689898637827028,random_forest,CUSCO
2012-03-19,0.8043033446150282,0.8466824803729595,0.6803150994805305,1.1246564959590826,random_forest,CUSCO
2012-03-26,1.0724044594867044,0.9037621476681089,0.6871753764784263,1.1867104663932457,random_forest,CUSCO
2012-04-02,1.1260246824610396,1.0875949459756453,0.752865419687605,1.2853558267992728,random_forest,CUSCO
2012-04-09,1.1528347939482073,1.0490367869840849,0.7328641873118277,1.2853558267992728,random_forest,CUSCO
2012-04-16,1.2064550169225423,1.0883966107457048,0.88291680464566,1.2450810603843532,random_forest,CUSCO
2012-04-23,1.1260246824610396,1.0459578274307348,0.7667558119648702,1.2484089124612732,random_forest,CUSCO
2012-04-30,1.0724044594867044,1.0416105086388503,0.8289013216955129,1.2487038481712245,random_forest,CUSCO
2012-05-07,0.9919741250252015,1.0522329707499396,0.8674241214400252,1.248351504588108,random_forest,CUSCO
2012-05-14,0.9115437905636986,1.0553265894991162,0.8222526580283679,1.2996414874218145,random_forest,CUSCO
2012-05-21,1.0724044594867044,0.9972478183767439,0.7213421487594249,1.295648829760595,random_forest,CUSCO
2012-05-28,0.8043033446150282,1.1706536551402693,0.8921159376774642,1.5346458829445306,random_forest,CUSCO
2012-06-04,0.8847336790765311,1.0022337908586647,0.7443387325942513,1.3033282209141104,random_forest,CUSCO
2012-06-11,0.9651640135380338,0.9719359010317439,0.7859822020670636,1.2266060766113558,random_forest,CUSCO
2012-06-18,1.0992145709738719,0.9635840849836778,0.7204092390181562,1.2333062090436642,random_forest,CUSCO
2012-06-25,1.2332651284097098,1.1033696360782996,0.8545585623758521,1.431447511841913,random_forest,CUSCO
2012-07-02,1.4209359088198827,1.147041987417651,0.8771840309533505,1.5437604031437493,random_forest,CUSCO
2012-07-09,1.7158471351787268,1.2830035587274806,0.9905798092250598,1.7558652853873995,random_forest,CUSCO
2012-07-16,1.849897692614565,1.6947255965956782,1.1909597014855882,2.308110605811017,random_forest,CUSCO
2012-07-23,1.635416800717224,1.8865267257022726,1.3433079665145935,2.4308036097032484,random_forest,CUSCO
2012-07-30,1.554986466255721,1.7765257506245962,1.2866418158180613,2.349486966180073,random_forest,CUSCO
2012-08-06,1.6086066892300563,1.6718240503493977,1.3026604104086281,2.212574485890469,random_forest,CUSCO
2012-08-13,1.5281763547685536,1.667640224132614,1.3826839690230794,1.9567336061280383,random_forest,CUSCO
2012-08-20,1.7694673581530622,1.6116157130486297,1.262052374686288,1.9451670198145194,random_forest,CUSCO
2012-08-27,1.6890370236915595,1.6929763725094482,1.3500136128770337,2.0278179642617644,random_forest,CUSCO
2012-09-03,1.715847135178727,1.6652967508812584,1.423728413807426,1.8902142834028528,random_forest,CUSCO
2012-09-10,1.3136954628712127,1.6844697188993218,1.4389688235557017,1.9353904526992909,random_forest,CUSCO
2012-09-17,1.5817965777428888,1.4442859700407713,1.109121146081843,1.8777402865534798,random_forest,CUSCO
2012-09-24,1.4209359088198832,1.6499353315428231,1.3368336662302447,2.0383933227708466,random_forest,CUSCO
2012-10-01,1.5817965777428888,1.4193923619571018,1.1129957825496015,1.7841579816933124,random_forest,CUSCO
2012-10-08,1.1796449054353748,1.5843623796374589,1.2954563964922348,1.9139297827426331,random_forest,CUSCO
2012-10-15,1.3136954628712127,1.3274981539669157,1.0425730157334083,1.667646962779622,random_forest,CUSCO
2012-10-22,1.4209359088198832,1.3770104811800241,1.0947706475723498,1.7639140009563294,random_forest,CUSCO
2012-10-29,1.849897692614565,1.4992545925616036,1.203805466649742,1.8246385847043634,random_forest,CUSCO
2012-11-05,2.037568473024738,1.7475971329353581,1.3488347162212717,2.2552099786376982,random_forest,CUSCO
2012-11-12,1.849897692614565,1.8427415019505655,1.4446470831695628,2.3073419545155187,random_forest,CUSCO
2012-11-19,1.5281763547685536,1.770353314694628,1.4507542781436553,2.209803796538889,random_forest,CUSCO
2012-11-26,1.3136954628712127,1.5797076285634277,1.3047920479609172,1.8846897196571186,random_forest,CUSCO
2012-12-03,1.3136954628712127,1.4411939120987667,1.05359902214766,1.8718098001555183,random_forest,CUSCO
2012-12-10,1.1796449054353746,1.3846938575759569,1.0222067275673525,1.8247690398809995,random_forest,CUSCO
2012-12-17,1.152834793948207,1.2244548135305227,0.912408593082003,1.6750572701665865,random_forest,CUSCO
2012-12-24,1.152834793948207,1.1954061032212202,0.892601635037325,1.6155208707855033,random_forest,CUSCO
2012-12-31,1.2064550169225423,1.1138016260221335,0.8568223633344241,1.6136792240340967,random_forest,CUSCO
2013-01-07,1.2554768655722575,1.1329423855007883,0.8771455505428278,1.6531683079708483,random_forest,CUSCO
2013-01-14,1.1978713848499183,1.1230266435638006,0.8786413240138045,1.4990301763846516,random_forest,CUSCO
2013-01-21,1.4311918727384185,1.1340399426014858,0.8889264844806091,1.3872515955391282,random_forest,CUSCO
2013-01-28,1.537206085533857,1.3468701933358622,0.9171735857884096,1.8476548941266826,random_forest,CUSCO
2013-02-04,1.537206085533857,1.3721064268922838,0.9920729663183107,1.8277640881338446,random_forest,CUSCO
2013-02-11,0.9806314683578053,1.3786584307970993,0.9602599834922556,1.8621805387941757,random_forest,CUSCO
2013-02-18,1.1926598939486823,1.091270202135902,0.7882551219741275,1.5749729095053577,random_forest,CUSCO
2013-02-25,1.2721705535452612,1.1564021751112163,0.8673278618530145,1.5280654065081631,random_forest,CUSCO
2013-03-04,1.5107025323349976,1.1714657467327476,0.8855832200660436,1.5310193080346703,random_forest,CUSCO
2013-03-11,1.272170553545261,1.3713800771081943,0.9486186014854703,1.9084533816453344,random_forest,CUSCO
2013-03-18,1.1396527875509632,1.2310977700044965,0.9909158264286845,1.5192325813740415,random_forest,CUSCO
2013-03-25,1.1661563407498228,1.2012805206211405,0.9796682258290781,1.4820197622421993,random_forest,CUSCO
2013-04-01,1.272170553545261,1.2304665716466823,1.03527346267825,1.5003156443884957,random_forest,CUSCO
2013-04-08,1.4046883195395592,1.2388804743670898,0.9738281295139679,1.5354226480226876,random_forest,CUSCO
2013-04-15,1.139652787550963,1.2946486271043431,1.0628665743755146,1.6030671855349439,random_forest,CUSCO
2013-04-22,0.9541279151589457,1.2078195397729952,1.0398600746049618,1.4818817454689956,random_forest,CUSCO
2013-04-29,0.8216101491646478,1.1340598833473068,0.8575448656167116,1.3730873322313608,random_forest,CUSCO
2013-05-06,0.9806314683578053,1.071240379466233,0.8086960322033736,1.3876467377997386,random_forest,CUSCO
2013-05-13,0.9276243619600861,1.0514280969735181,0.8351704558355226,1.2885075520035525,random_forest,CUSCO
2013-05-20,1.272170553545261,1.017341367004084,0.800787052314371,1.2777592335411325,random_forest,CUSCO
2013-05-27,1.3251776599429803,1.173852580975657,0.8884189382605424,1.4652123780885378,random_forest,CUSCO
2013-06-03,1.6962274047270147,1.1807813339887359,0.883316896055282,1.546787800386069,random_forest,CUSCO
2013-06-10,1.6432202983292956,1.6814358419503688,1.1489010027685493,2.217027578850864,random_forest,CUSCO
2013-06-17,2.01427004311333,1.6537724000262681,1.1648307713564379,2.164224527752597,random_forest,CUSCO
2013-06-24,1.6432202983292956,1.8377184957879007,1.4479393945775285,2.292491333197671,random_forest,CUSCO
2013-07-01,1.7757380643235934,1.624374360082142,1.316730872128716,2.110657424910596,random_forest,CUSCO
2013-07-08,1.4046883195395587,1.6962554686683733,1.4464703312696374,1.9479691128724723,random_forest,CUSCO
2013-07-15,1.3781847663406992,1.419408890557352,1.1473758192744892,1.7294738501266487,random_forest,CUSCO
2013-07-22,1.2986741067441205,1.3976759169532955,1.1253238842331938,1.7503584730054609,random_forest,CUSCO
2013-07-29,1.32517765994298,1.3810472408474304,1.1160685229031573,1.7357832134745304,random_forest,CUSCO
2013-08-05,1.537206085533857,1.378976021618784,1.1238642480292271,1.6898175000369835,random_forest,CUSCO
2013-08-12,1.537206085533857,1.585647480353736,1.2694454839200477,1.8830295868133133,random_forest,CUSCO
2013-08-19,1.8552487239201723,1.5227044937757857,1.2374499557501437,1.8566173837807065,random_forest,CUSCO
2013-08-26,1.6962274047270147,1.7243393623454637,1.3635764840198543,2.1681674718616786,random_forest,CUSCO
2013-09-02,1.537206085533857,1.5807640832232535,1.3440989236538885,1.8390104127063693,random_forest,CUSCO
2013-09-09,1.5372060855338567,1.5568355608967435,1.3390631667188044,1.7598813364596566,random_forest,CUSCO
2013-09-16,1.7492345111247338,1.5691175336170275,1.348067698303015,1.7751111556884398,random_forest,CUSCO
2013-09-23,1.8552487239201723,1.6013799638369226,1.3691353051995947,1.8376121185037733,random_forest,CUSCO
2013-09-30,1.6962274047270143,1.6944222716469033,1.4164265001225085,1.9646238070503448,random_forest,CUSCO
2013-10-07,1.510702532334997,1.5763792920182578,1.3227069660552269,1.8283476948838895,random_forest,CUSCO
2013-10-14,1.1661563407498223,1.5492364385448676,1.3054153230280061,1.781315863314431,random_forest,CUSCO
2013-10-21,1.0071350215566646,1.3829748400089914,1.0513375153280886,1.7740588078209845,random_forest,CUSCO
2013-10-28,0.848113702363507,1.2490130726015123,0.9152452755417212,1.7005480242321442,random_forest,CUSCO
2013-11-04,0.8481137023635071,1.1393226039686402,0.8607557372224108,1.6746577445584736,random_forest,CUSCO
2013-11-11,0.8481137023635071,1.1163795636210387,0.8620912921014203,1.5668490334456824,random_forest,CUSCO
2013-11-18,1.0336385747555243,1.0932332618199745,0.8631345300352427,1.4782649788757019,random_forest,CUSCO
2013-11-25,1.245667000346401,1.0890718296658548,0.8604126380199486,1.397045687858193,random_forest,CUSCO
2013-12-02,1.3251776599429799,1.2074576619354345,0.918499611396837,1.4951059391668817,random_forest,CUSCO
2013-12-09,1.2986741067441203,1.2717317239281647,0.9430600003762208,1.654947710645083,random_forest,CUSCO
2013-12-16,1.2721705535452605,1.2569936019137933,0.9374675035145098,1.625779318277254,random_forest,CUSCO
2013-12-23,1.2721705535452605,1.2852940836895126,1.0262623103752306,1.6276621329602627,random_forest,CUSCO
2013-12-30,1.0866456811532434,1.2517282094674846,0.9842570945694403,1.5815009517760699,random_forest,CUSCO
2014-01-06,1.0818513210457843,1.136498499588949,0.8483086133174356,1.449114821641485,random_forest,CUSCO
2014-01-13,0.8933299735866053,1.1006381298173666,0.7873519783815213,1.3750731423261435,random_forest,CUSCO
2014-01-20,1.2577874732228835,0.9602654223474181,0.716855573623715,1.278514976031923,random_forest,CUSCO
2014-01-27,1.336399190299314,1.1573016157207943,0.793346793321081,1.4468569043057435,random_forest,CUSCO
2014-02-03,1.2577874732228838,1.2307269239865943,0.9641058725903409,1.5555631708069209,random_forest,CUSCO
2014-02-10,1.0481562276857364,1.2001829530940447,0.9436928020501961,1.50384386039148,random_forest,CUSCO
2014-02-17,0.9171366992250193,1.0885857074852265,0.8825447997466342,1.3438250844839335,random_forest,CUSCO
2014-02-24,1.0743601333778798,1.0371494594027673,0.7809426493852684,1.2950795347732635,random_forest,CUSCO
2014-03-03,1.100564039070023,1.0884630368348067,0.8166866648049682,1.3025531559853785,random_forest,CUSCO
2014-03-10,0.9957484163014496,1.1115008845739591,0.8277771801615575,1.31959686556175,random_forest,CUSCO
2014-03-17,0.9433406049171627,1.0790345658866989,0.8876691297004393,1.2753076662406317,random_forest,CUSCO
2014-03-24,0.8909327935328758,1.0434986889844091,0.8522380384194399,1.2587415838477647,random_forest,CUSCO
2014-03-31,1.0743601333778798,1.0057479784378371,0.7802981273184593,1.2110847534831213,random_forest,CUSCO
2014-04-07,1.0481562276857364,1.046435797927445,0.8243142836280365,1.2523745926292291,random_forest,CUSCO
2014-04-14,1.1267679447621666,1.0091040449300246,0.8314569194190501,1.1843153560102981,random_forest,CUSCO
2014-04-21,0.9433406049171627,1.0661311205756996,0.8822240704754684,1.2833595586842774,random_forest,CUSCO
2014-04-28,1.021952321993593,0.9947203823845352,0.7933502587148573,1.217507280558539,random_forest,CUSCO
2014-05-05,0.8385249821485891,0.993888972009461,0.8179857163915465,1.2094939679416994,random_forest,CUSCO
2014-05-12,0.707505453687872,0.9608932125327413,0.7685135142959362,1.1755476583111633,random_forest,CUSCO
2014-05-19,0.5764859252271549,0.9690398794769153,0.7459908343598743,1.2265595118815988,random_forest,CUSCO
2014-05-26,0.5502820195350114,0.9746142320924596,0.7452369192005059,1.2266153138026183,random_forest,CUSCO
2014-06-02,0.6550976423035851,0.9831308095444027,0.7442558493153183,1.2317549161694952,random_forest,CUSCO
2014-06-09,0.7599132650721588,0.8111581957385068,0.5966935349610631,1.171379675401075,random_forest,CUSCO
2014-06-16,0.6550976423035851,0.8458181423891271,0.5985282749273652,1.1994528560520032,random_forest,CUSCO
2014-06-23,0.9433406049171627,0.8455812948127892,0.5967309798376174,1.2129484332564813,random_forest,CUSCO
2014-06-30,1.0481562276857364,0.9194398149820928,0.6039869631588506,1.322727467485055,random_forest,CUSCO
2014-07-07,1.336399190299314,1.0099940447644504,0.6567774918113916,1.3132835454489171,random_forest,CUSCO
2014-07-14,1.1529718504543098,1.2231198122320057,0.8565742882544897,1.610698003543348,random_forest,CUSCO
2014-07-21,1.1005640390700233,1.1270987801685728,0.8413866487101258,1.4173743805761212,random_forest,CUSCO
2014-07-28,1.0743601333778798,1.1160162582014592,0.7655280434850241,1.340091628058404,random_forest,CUSCO
2014-08-04,1.336399190299314,1.114988190505391,0.9284267380938963,1.3030510721262223,random_forest,CUSCO
2014-08-11,1.6246421529128916,1.2131459973271939,0.9820883204948342,1.5085833836643747,random_forest,CUSCO
2014-08-18,1.8080694927578953,1.586832284365706,1.1347025026130841,1.92813850956821,random_forest,CUSCO
2014-08-25,1.6246421529128916,1.7004148488966944,1.3361339060363853,1.9685673376478874,random_forest,CUSCO
2014-09-01,1.4412148130678875,1.6602696501273881,1.469705474252021,1.8879742711018286,random_forest,CUSCO
2014-09-08,1.3101952846071703,1.6072005360382982,1.310106248744641,1.8149716777333393,random_forest,CUSCO
2014-09-15,1.4150109073757442,1.4549079317643887,1.1255673179482792,1.8206951036192445,random_forest,CUSCO
2014-09-22,1.3626030959914572,1.4682659535450262,1.1318438124700727,1.8373803560087405,random_forest,CUSCO
2014-09-29,1.4936226244521744,1.4308554829978275,1.1344223903554054,1.7562760096460774,random_forest,CUSCO
2014-10-06,1.2315835675307403,1.5158867054640939,1.2231580940250566,1.809382262133673,random_forest,CUSCO
2014-10-13,1.1529718504543103,1.3391883202811778,1.0740351432510649,1.7068934379893146,random_forest,CUSCO
2014-10-20,0.9957484163014495,1.2692969035254051,0.9448791591076648,1.6590594978233542,random_forest,CUSCO
2014-10-27,1.205379661838597,1.1327768068633306,0.8549865912289645,1.4710155629030404,random_forest,CUSCO
2014-11-03,1.2315835675307403,1.2422954860610744,0.9476176395143976,1.5314253452378153,random_forest,CUSCO
2014-11-10,1.336399190299314,1.2539999329755431,1.0073288092501567,1.5219930246364548,random_forest,CUSCO
2014-11-17,1.1529718504543098,1.3473456712985983,1.0900510974434623,1.6482553083199603,random_forest,CUSCO
2014-11-24,1.15297185045431,1.1945797270734353,0.980290697961642,1.5024642733627465,random_forest,CUSCO
2014-12-01,0.8909327935328758,1.186895153702981,0.9725899336642392,1.442086076371756,random_forest,CUSCO
2014-12-08,0.8909327935328758,1.1175970743701955,0.8506388737197977,1.394039350720929,random_forest,CUSCO
2014-12-15,0.9433406049171627,1.0830984958121999,0.8449237792992548,1.3647966884435418,random_forest,CUSCO
2014-12-22,1.0219523219935929,1.0289988672083212,0.8452580813701089,1.2629416022739302,random_forest,CUSCO
2014-12-29,1.283991378915027,1.0517284664440913,0.8431576851543063,1.2761261242359276,random_forest,CUSCO
2015-01-05,1.357037090394983,1.1932163073284225,0.9128481874844832,1.4544957873023334,random_forest,CUSCO
2015-01-12,1.5348984246435124,1.238196763724175,0.9378036779479233,1.5902119306655953,random_forest,CUSCO
2015-01-19,1.1659931113126982,1.3630406691115495,1.0639758196627103,1.7017228555981594,random_forest,CUSCO
2015-01-26,1.0364383211668426,1.1522563998529605,0.9522124091374314,1.52136729761087,random_forest,CUSCO
2015-02-02,0.803239698904303,1.1066772397384737,0.8888800827033492,1.3328660632093001,random_forest,CUSCO
2015-02-09,0.751417782845961,0.9919361024102843,0.7934193276676024,1.2596193601425103,random_forest,CUSCO
2015-02-16,0.5182191605834213,0.9224387796741511,0.6759143047530293,1.1867059693797422,random_forest,CUSCO
2015-02-23,0.6477739507292767,0.9201561635886448,0.6449049406814503,1.2594665700123675,random_forest,CUSCO
2015-03-02,0.8032396989043032,0.9063203546660367,0.6322318395724174,1.2850918896125223,random_forest,CUSCO
2015-03-09,0.8550616149626453,0.9206760687764389,0.6377020845329546,1.2834323646576942,random_forest,CUSCO
2015-03-16,0.6736849087584478,0.8784581191960132,0.6272546520658685,1.1506101023610082,random_forest,CUSCO
2015-03-23,0.6477739507292767,0.8539036686657053,0.6353496013000971,1.1394378729030414,random_forest,CUSCO
2015-03-30,0.6736849087584478,0.8199353009300321,0.6385831307549135,1.088440712591044,random_forest,CUSCO
2015-04-06,0.9587054470793296,0.815999996747632,0.6289334815332933,1.0820981062079411,random_forest,CUSCO
2015-04-13,1.165993111312698,0.9290272329595686,0.6478572317880372,1.1768805268554057,random_forest,CUSCO
2015-04-20,1.2178150273710404,1.0296396397017764,0.6880521392523559,1.2541569131109411,random_forest,CUSCO
2015-04-27,0.9327944890501585,1.1034467543938555,0.8038683424188202,1.3611717067000981,random_forest,CUSCO
2015-05-04,0.751417782845961,0.9971687292377706,0.7100603980505372,1.253048229523888,random_forest,CUSCO
2015-05-11,1.114171195254356,0.8441867324171127,0.6059038392901573,1.1636835231149625,random_forest,CUSCO
2015-05-18,1.140082153283527,0.969690888522293,0.6324507868789605,1.2525821647083317,random_forest,CUSCO
2015-05-25,1.2955479014585534,1.0574070887173963,0.8226199860676142,1.288507357134661,random_forest,CUSCO
2015-06-01,0.9846164051085005,1.2217533682447532,0.8915057006443776,1.5840854819087586,random_forest,CUSCO
2015-06-08,1.3732807755460668,1.0555957872015709,0.8325899104209215,1.4497342056118747,random_forest,CUSCO
2015-06-15,1.5546574817502643,1.3152500217607195,0.9844955535479177,1.6457699572919013,random_forest,CUSCO
2015-06-22,1.9174108941586592,1.4079811366111148,0.9844659441454015,1.7897179874399307,random_forest,CUSCO
2015-06-29,1.9692328102170016,1.6682008762327891,1.2585201278639029,1.9454910892039676,random_forest,CUSCO
2015-07-06,1.7101232299252904,1.7151379871962023,1.4677281795615889,1.964199815740004,random_forest,CUSCO
2015-07-13,1.528746523721093,1.6160848838937711,1.376577907330656,1.8927026997997025,random_forest,CUSCO
2015-07-20,1.3991917335752377,1.5329325903827486,1.2784338358092024,1.8072479169843068,random_forest,CUSCO
2015-07-27,1.554657481750264,1.457207685947134,1.2108678692650408,1.796126418603051,random_forest,CUSCO
2015-08-03,1.3991917335752377,1.5026636708280414,1.2228488018063868,1.7654988604847681,random_forest,CUSCO
2015-08-10,1.3473698175168956,1.4751304409746404,1.2231992085002317,1.7571404472590506,random_forest,CUSCO
2015-08-17,1.0364383211668426,1.399270886539615,1.135728442515401,1.6649537909971859,random_forest,CUSCO
2015-08-24,1.0623492791960139,1.1620355139365433,0.8672143296923156,1.5993998936917215,random_forest,CUSCO
2015-08-31,0.8809725729918162,1.1464961947133903,0.8935410670050109,1.5104488150616429,random_forest,CUSCO
2015-09-07,1.165993111312698,1.0770833171631702,0.839115730949595,1.5373995763729678,random_forest,CUSCO
2015-09-14,1.0623492791960139,1.1824969182324296,0.92549907117738,1.5913058185043067,random_forest,CUSCO
2015-09-21,1.2437259854002114,1.159468341987877,0.9059473060837991,1.549978367860413,random_forest,CUSCO
2015-09-28,1.140082153283527,1.217037162228158,0.9789571389172183,1.4589134760197195,random_forest,CUSCO
2015-10-05,1.1141711952543558,1.143623795805981,0.9332549865909285,1.4267695474690851,random_forest,CUSCO
2015-10-12,0.9327944890501584,1.1114523201935886,0.8951778187208348,1.3730614135598616,random_forest,CUSCO
2015-10-19,0.7255068248167897,1.0448126861003249,0.77204175150271,1.3145173788282711,random_forest,CUSCO
2015-10-26,0.803239698904303,0.9691647087764468,0.6598087180236529,1.2981955381132204,random_forest,CUSCO
2015-11-02,0.803239698904303,0.9415582212496321,0.6237994675686793,1.2527197720931227,random_forest,CUSCO
2015-11-09,0.8550616149626452,0.9245085637042797,0.6154623347059128,1.2594890539954544,random_forest,CUSCO
2015-11-16,1.2437259854002114,0.953149558096077,0.6434975118942241,1.2871487809521562,random_forest,CUSCO
2015-11-23,1.425102691604409,1.1467156629821162,0.8357926243476533,1.3663558006053167,random_forest,CUSCO
2015-11-30,1.5028355656919221,1.3144849872242297,0.9494678014494212,1.780199948783624,random_forest,CUSCO
2015-12-07,1.140082153283527,1.3510908213149464,0.9611713907846555,1.8732130789063668,random_forest,CUSCO
2015-12-14,0.9327944890501584,1.1633127606061602,0.8803443292862584,1.7505321965030878,random_forest,CUSCO
2015-12-21,1.1919040693418692,0.9846538847186839,0.7222924064007501,1.3262299968055182,random_forest,CUSCO
2015-12-28,0.8550616149626453,1.1509257727241022,0.8718164088190873,1.5265502277840957,random_forest,CUSCO
2016-01-04,1.1081557381138298,0.9976182297751324,0.7297764435767831,1.3480771590973375,random_forest,CUSCO
2016-01-11,0.9737312921875486,1.107764848026043,0.8115400434550377,1.3754028059892631,random_forest,CUSCO
2016-01-18,1.4349724305921772,1.024781725028392,0.8118867169718238,1.282782951053493,random_forest,CUSCO
2016-01-25,1.1787273537007168,1.2616955622859254,1.021815913092895,1.5598926770724788,random_forest,CUSCO
2016-02-01,1.0249803075658406,1.1492529080182936,0.9221345343133172,1.4672503501410155,random_forest,CUSCO
2016-02-08,0.7943597383635265,1.0485981290179534,0.8122728468487407,1.4052568499040983,random_forest,CUSCO
2016-02-15,0.8199842460526726,0.9138514359101529,0.6705043289803916,1.2526402619480097,random_forest,CUSCO
2016-02-22,0.7943597383635265,0.8746800700130783,0.6192647003280419,1.1528849618713706,random_forest,CUSCO
2016-02-29,0.8199842460526726,0.8458920196950566,0.6037238260056942,1.143595499579125,random_forest,CUSCO
2016-03-07,0.9224822768092565,0.8720663682178773,0.6408647747104518,1.1682947295027177,random_forest,CUSCO
2016-03-14,1.2043518613898627,0.9652381934239085,0.7425088502463238,1.218785953636349,random_forest,CUSCO
2016-03-21,1.281225384457301,1.085048959612123,0.7810771010216375,1.3717800605675385,random_forest,CUSCO
2016-03-28,1.383723415213885,1.1623227349596044,0.8945827464292953,1.47471722859809,random_forest,CUSCO
2016-04-04,1.281225384457301,1.2540435378612023,0.9548212664606474,1.6230993037223305,random_forest,CUSCO
2016-04-11,1.358098907524739,1.1972525591130596,0.9613103358498766,1.5532454292789308,random_forest,CUSCO
2016-04-18,1.2556008767681548,1.264867494408885,0.9966693836322768,1.657902597791572,random_forest,CUSCO
2016-04-25,1.281225384457301,1.1899851136334791,0.9519779693710896,1.5249470772168483,random_forest,CUSCO
2016-05-02,1.2556008767681548,1.2774810334465054,0.98483103765404,1.6500719115201985,random_forest,CUSCO
2016-05-09,1.281225384457301,1.2507963887789495,1.0046068767781993,1.4985643347102666,random_forest,CUSCO
2016-05-16,1.3324743998355928,1.2792967208928439,1.009732500665811,1.5476052969950527,random_forest,CUSCO
2016-05-23,1.3068498921464469,1.2718258081203087,1.005061309359569,1.5801254685167614,random_forest,CUSCO
2016-05-30,1.537470461348761,1.2707253056597658,1.0283348632375566,1.5777144118772697,random_forest,CUSCO
2016-06-06,1.5374704613487609,1.4349767454691786,1.1248991873613847,1.8296683880814915,random_forest,CUSCO
2016-06-13,1.537470461348761,1.4525595943427463,1.073217462364887,1.8529293389466495,random_forest,CUSCO
2016-06-20,1.2812253844573007,1.4814950592812055,1.0616004554719782,1.9198258730865048,random_forest,CUSCO
2016-06-27,1.588719476727053,1.3743846489305707,1.044725634140519,1.7744775732885913,random_forest,CUSCO
2016-07-04,2.12683413819912,1.5090864770617831,1.2691223344777895,1.823823916892925,random_forest,CUSCO
2016-07-11,2.434328230468872,1.6363007714965876,1.370564766110326,1.9033320488224275,random_forest,CUSCO
2016-07-18,2.0755851228208275,1.692150141691477,1.3842048046176678,1.9895869803111406,random_forest,CUSCO
2016-07-25,1.8962135689968054,1.6124520569501288,1.3213351461852096,1.8817389132277167,random_forest,CUSCO
2016-08-01,2.0755851228208275,1.6807207012705712,1.3588135682673288,2.0531552994411357,random_forest,CUSCO
2016-08-08,2.3062056920231417,1.6891032813403726,1.338132652249353,2.0531552994411357,random_forest,CUSCO
2016-08-15,2.2293321689557035,1.7053072555691715,1.3498489920564383,2.0531552994411357,random_forest,CUSCO
2016-08-22,1.9218380766859517,1.6687279485700062,1.316551296744949,2.0531552994411357,random_forest,CUSCO
2016-08-29,1.6912175074836373,1.9128435703322377,1.3104891349957377,2.168858330809322,random_forest,CUSCO
2016-09-05,1.588719476727053,1.8318243915971715,1.2581590371795015,2.168858330809322,random_forest,CUSCO
2016-09-12,1.6143439844161993,1.7834918419036243,1.230255173356586,2.168858330809322,random_forest,CUSCO
2016-09-19,1.6399684921053452,1.7515959172308524,1.2111261390611507,2.168858330809322,random_forest,CUSCO
2016-09-26,1.8193400459293674,1.6572863402564937,1.3645941044822916,2.0779901184343323,random_forest,CUSCO
2016-10-03,1.716842015172783,1.6690616805577974,1.3880646808766361,2.0679734381764456,random_forest,CUSCO
2016-10-10,1.844964553618513,1.624619105897759,1.3172664183245606,2.027070247599446,random_forest,CUSCO
2016-10-17,1.844964553618513,1.5977427089359604,1.275370478486029,1.9711630703580698,random_forest,CUSCO
2016-10-24,1.716842015172783,1.69692318183196,1.3606025603121006,1.9813870524597643,random_forest,CUSCO
2016-10-31,1.4605969382813226,1.689690779654876,1.3905853980930387,2.0246003277841855,random_forest,CUSCO
2016-11-07,1.2043518613898625,1.5464936130503508,1.1939419292890867,2.070473516755057,random_forest,CUSCO
2016-11-14,1.3837234152138846,1.2560156609155342,0.9563649156424632,1.7320025689846965,random_forest,CUSCO
2016-11-21,1.4349724305921765,1.2976691967195035,1.0025911706439836,1.6179092461726736,random_forest,CUSCO
2016-11-28,1.716842015172783,1.3149497167295214,1.0028516388038116,1.6216992350754862,random_forest,CUSCO
2016-12-05,1.5374704613487609,1.5188913074551103,1.1296102892992803,1.9466927556865887,random_forest,CUSCO
2016-12-12,1.6399684921053448,1.429797224695465,1.0892156768995356,1.783668964767766,random_forest,CUSCO
2016-12-19,1.5374704613487609,1.5900818064391138,1.283194663358653,1.8942680103207048,random_forest,CUSCO
2016-12-26,1.691217507483637,1.5270602043050179,1.2318776633479729,1.8230746894875696,random_forest,CUSCO
2017-01-02,1.76164630769067,1.570895575140035,1.137711163881234,1.9511196393909291,random_forest,CUSCO
2017-01-09,1.526542453020248,1.5511841140314129,1.1538632299254719,1.9318413002721269,random_forest,CUSCO
2017-01-16,1.4953138384959672,1.5210108901730977,1.2363046264757733,1.7869072981935181,random_forest,CUSCO
2017-01-23,1.39393662910641,1.4724573641751537,1.17620005986294,1.7423722175653746,random_forest,CUSCO
2017-01-30,1.5206581408433564,1.4363873807415872,1.161331955338908,1.745956974497531,random_forest,CUSCO
2017-02-06,1.622035350232914,1.476506961452729,1.1646017778074547,1.793374184397795,random_forest,CUSCO
2017-02-13,1.6473796525803028,1.5606938668035535,1.3024999576926237,1.8247893493573757,random_forest,CUSCO
2017-02-20,1.6473796525803028,1.5604828712031398,1.3165572603990883,1.7651762845662895,random_forest,CUSCO
2017-02-27,1.4192809314537993,1.5667006911023396,1.3243056089143923,1.7706014995498367,random_forest,CUSCO
2017-03-06,1.2672151173694637,1.5060057699975438,1.2348654859123023,1.704826154099642,random_forest,CUSCO
2017-03-13,1.1404936056325172,1.4026827659059267,1.152706580490343,1.6589721157150792,random_forest,CUSCO
2017-03-20,1.0644606985903493,1.2665257335483673,0.9437308294180754,1.6306294420226743,random_forest,CUSCO
2017-03-27,1.2925594197168528,1.1202267152625278,0.8795752284808832,1.4219974750933604,random_forest,CUSCO
2017-04-03,1.4192809314537993,1.2653037704442034,0.9661972455192681,1.5906307738399146,random_forest,CUSCO
2017-04-10,1.6220353502329135,1.335755195985867,1.0576747039376113,1.66837908024743,random_forest,CUSCO
2017-04-17,1.4446252338011885,1.4646444275606954,1.1103453412292859,1.889417903600041,random_forest,CUSCO
2017-04-24,1.4446252338011887,1.4330785613713974,1.1376835528049822,1.7995578201565654,random_forest,CUSCO
2017-05-01,1.4192809314537993,1.4296366612417435,1.1377515360274257,1.7758335178599132,random_forest,CUSCO
2017-05-08,1.3432480244116316,1.4397500527482827,1.2225197553361744,1.6802019587979233,random_forest,CUSCO
2017-05-15,1.4192809314537993,1.4221180793404644,1.1925642236357452,1.6549694624063271,random_forest,CUSCO
2017-05-22,1.5206581408433564,1.452168746179093,1.2481439795495788,1.6522915725966947,random_forest,CUSCO
2017-05-29,1.5460024431907458,1.4872400952882654,1.289104139614693,1.697362586093629,random_forest,CUSCO
2017-06-05,1.4192809314537993,1.5205429111548847,1.34246579414923,1.731445121948539,random_forest,CUSCO
2017-06-12,1.4446252338011885,1.4876863293707134,1.2919622274376046,1.7464195088939702,random_forest,CUSCO
2017-06-19,1.6473796525803028,1.5148003870040188,1.3050355720910565,1.8962746205641923,random_forest,CUSCO
2017-06-26,1.850134071359417,1.6333228973535976,1.3873453942926701,1.9904042507915891,random_forest,CUSCO
2017-07-03,2.382364420654592,1.6705705892830165,1.3896063295829106,2.0380400335375493,random_forest,CUSCO
2017-07-10,2.3063315136124243,1.9092152124034933,1.436702438236587,2.168858330809322,random_forest,CUSCO
2017-07-17,2.483741630044149,1.9773073718222758,1.501720892473909,2.168858330809322,random_forest,CUSCO
2017-07-24,2.1796100018754774,2.0008809358614172,1.5783435361618494,2.168858330809322,random_forest,CUSCO
2017-07-31,2.1796100018754774,2.1202196382475518,1.777766639573075,2.337505005499715,random_forest,CUSCO
2017-08-07,2.0021998854437526,2.108425650816335,1.7075294571881612,2.337505005499715,random_forest,CUSCO
2017-08-14,1.6980682572750814,1.9840210499229334,1.6219734253285678,2.337505005499715,random_forest,CUSCO
2017-08-21,1.850134071359417,1.7944385872291597,1.50377557232149,2.294089206876944,random_forest,CUSCO
2017-08-28,1.7741011643172493,1.762230971271627,1.588709608067145,2.1349292420507204,random_forest,CUSCO
2017-09-04,1.7994454666646387,1.7398545537911563,1.545204570373229,2.114805905985021,random_forest,CUSCO
2017-09-11,1.672723954927692,1.724767386005131,1.5289936864014118,1.9363731790351828,random_forest,CUSCO
2017-09-18,1.6473796525803028,1.6957476989620084,1.4732809097524027,1.8654968111514758,random_forest,CUSCO
2017-09-25,1.850134071359417,1.6982255037768028,1.5433585285955,1.826501495545164,random_forest,CUSCO
2017-10-02,2.027544187791142,1.7049045159741083,1.4697224040006032,1.9199535078341659,random_forest,CUSCO
2017-10-09,2.0021998854437526,1.7086753812043896,1.4165309919843472,2.046700001029014,random_forest,CUSCO
2017-10-16,1.7994454666646387,1.701821675524808,1.3736532092641252,2.06157536501851,random_forest,CUSCO
2017-10-23,1.7741011643172493,1.7475683769598098,1.4895468849960332,1.9478010397427878,random_forest,CUSCO
2017-10-30,1.672723954927692,1.6702599933906097,1.3507798338410102,1.935540769661998,random_forest,CUSCO
2017-11-06,1.7234125596224708,1.6236786025905952,1.3263506021561067,1.9206176044682055,random_forest,CUSCO
2017-11-13,1.6473796525803028,1.6532388984427402,1.3453453265340207,1.9455774137198882,random_forest,CUSCO
2017-11-20,1.824789769012028,1.659914573942272,1.4684005246190837,1.8461605123388691,random_forest,CUSCO
2017-11-27,2.027544187791142,1.7067946438293304,1.4709256336099983,1.9657471665908672,random_forest,CUSCO
2017-12-04,2.0528884901385314,1.725481461171606,1.4983928178663644,2.1130726372619693,random_forest,CUSCO
2017-12-11,2.10357709483331,1.746062052237949,1.4965230310618123,2.1343898302163904,random_forest,CUSCO
2017-12-18,1.6980682572750814,1.9417254993630058,1.6959176296947056,2.278905877012471,random_forest,CUSCO
2017-12-25,1.6473796525803028,1.8419414923308288,1.6193727207364335,2.127999011397035,random_forest,CUSCO
2018-01-01,1.6446280205631993,1.8339069353994584,1.5641133190231342,2.2658784041441002,random_forest,CUSCO
2018-01-08,2.3497843452251908,1.7935920409880015,1.519055114747589,2.2578424105642374,random_forest,CUSCO
2018-01-15,2.524239005045953,1.9441073604535937,1.6229347408341999,2.336354397710833,random_forest,CUSCO
2018-01-22,2.5747237851468725,1.96126406690105,1.6136662536973165,2.3487364493379137,random_forest,CUSCO
2018-01-29,2.044633594087222,1.970110346014829,1.610538838458959,2.336281380110831,random_forest,CUSCO
2018-02-05,1.8931792537844647,1.9204568284460144,1.611732750622958,2.2949287241435936,random_forest,CUSCO
2018-02-12,1.716482523431248,1.957108757505141,1.6557357509320436,2.3899107547539553,random_forest,CUSCO
2018-02-19,1.4135738428257334,1.9389182351118075,1.6055767863800818,2.426276269439829,random_forest,CUSCO
2018-02-26,1.3883314527752741,1.7293290281600762,1.2118782802692258,2.3789268041289042,random_forest,CUSCO
2018-03-05,1.3630890627248144,1.6553059709979594,1.1636413315862795,2.3272943527714376,random_forest,CUSCO
2018-03-12,1.766967303532167,1.5608646950860547,1.183258264271186,2.2457083535898206,random_forest,CUSCO
2018-03-19,1.7164825234312477,1.7319975412407196,1.334729551444322,2.360146264155101,random_forest,CUSCO
2018-03-26,1.9689064239358434,1.7202467842759763,1.3932637587065564,2.295654198640398,random_forest,CUSCO
2018-04-02,1.6912401333807885,1.725230658539313,1.3964997012817757,2.2299374448786584,random_forest,CUSCO
2018-04-09,1.9436640338853841,1.686019754323407,1.425531414431924,2.021895913643625,random_forest,CUSCO
2018-04-16,1.8174520836330863,1.75305649789758,1.4422604064838285,2.224224086599153,random_forest,CUSCO
2018-04-23,2.0698759841376813,1.7096736905913648,1.4272856923392747,2.150753396058491,random_forest,CUSCO
2018-04-30,1.7164825234312477,1.9251766809369517,1.5309612955323784,2.3704680271298053,random_forest,CUSCO
2018-05-07,1.489301012977112,1.8543797719754265,1.5853471582374996,2.2609645890493963,random_forest,CUSCO
2018-05-14,1.5145434030275713,1.7156352011213,1.2765757124444934,2.285133599498269,random_forest,CUSCO
2018-05-21,1.7417249134817074,1.6911307854913389,1.2623273662053094,2.269447840645429,random_forest,CUSCO
2018-05-28,2.1456031542890597,1.845048746573065,1.4425465102696093,2.308340964198566,random_forest,CUSCO
2018-06-04,2.2718151045413575,2.0167607903620417,1.63014717190814,2.446114680034697,random_forest,CUSCO
2018-06-11,2.9887772096541014,2.1436309841668573,1.6774428245351118,2.4545877242947367,random_forest,CUSCO
2018-06-18,3.1149891599063992,2.05628759129724,1.6279742186113821,2.4326846767950814,random_forest,CUSCO
2018-06-25,3.518867400713752,2.0761249296392466,1.6191985292868858,2.4294597747113422,random_forest,CUSCO
2018-07-02,3.1048139762065223,2.593519784396329,1.8869130250842885,2.7444856891948466,random_forest,CUSCO
2018-07-09,3.029086806055144,2.4080625626039103,1.7299084713370254,2.7444856891948466,random_forest,CUSCO
2018-07-16,2.70093573539917,2.327078325053946,1.6792189427386393,2.7444856891948466,random_forest,CUSCO
2018-07-23,2.6756933453487104,2.2397184608667997,1.7114217119484274,2.7444856891948466,random_forest,CUSCO
2018-07-30,2.625208565247791,2.5738670242214075,1.8170512549613436,3.060134945817211,random_forest,CUSCO
2018-08-06,2.801905295601008,2.505111993273358,1.7459149674535521,3.060134945817211,random_forest,CUSCO
2018-08-13,2.7766629055505483,2.503359447987066,1.718571114755555,3.060134945817211,random_forest,CUSCO
2018-08-20,2.72617812544963,2.503579787082421,1.7148722678390464,3.060134945817211,random_forest,CUSCO
2018-08-27,2.473754224945034,2.6720395959085823,1.9203864676499327,3.0366383851140246,random_forest,CUSCO
2018-09-03,2.0193912040367628,2.638977531947809,1.8796085515339682,3.0447308778571553,random_forest,CUSCO
2018-09-10,1.9689064239358434,2.3267007380391203,1.6545554745807236,3.02740155315507,random_forest,CUSCO
2018-09-17,1.7417249134817077,2.1379705067973704,1.5946613176432423,3.00153915285554,random_forest,CUSCO
2018-09-24,1.9436640338853841,1.8454637005673005,1.555691326228918,2.5442633055305692,random_forest,CUSCO
2018-10-01,1.8426944736835458,1.8750398223531923,1.6406768521762354,2.5707135742415077,random_forest,CUSCO
2018-10-08,1.665997743330329,1.8634230723809604,1.5941460324845231,2.4712201556683793,random_forest,CUSCO
2018-10-15,1.665997743330329,1.8142212832755398,1.5279062247465582,2.3108429907623793,random_forest,CUSCO
2018-10-22,1.665997743330329,1.800454227946192,1.5972884489564039,2.2808840183415775,random_forest,CUSCO
2018-10-29,1.8426944736835458,1.7731419281441076,1.6053710481410213,1.9822908741539647,random_forest,CUSCO
2018-11-05,1.9941488139863033,1.8169083964386088,1.600356515626129,2.048670641029448,random_forest,CUSCO
2018-11-12,2.1708455443395196,1.8255740046389288,1.6612135759683158,2.04926245998427,random_forest,CUSCO
2018-11-19,2.347542274692737,2.027873651099849,1.711063288793071,2.6111582128470596,random_forest,CUSCO
2018-11-26,2.221330324440439,2.126767291311962,1.7123525336138423,2.693457196398647,random_forest,CUSCO
2018-12-03,1.8679368637340052,2.076916985381232,1.7038073938535139,2.681728362405558,random_forest,CUSCO
2018-12-10,1.5397857930780312,1.887919930664429,1.6740885353080357,2.377601065304999,random_forest,CUSCO
2018-12-17,1.1359075522706787,1.8004521910718996,1.3996896561363308,2.536915036526631,random_forest,CUSCO
2018-12-24,1.1611499423211384,1.6318428733638062,1.031012335062028,2.4840602714107036,random_forest,CUSCO
2018-12-31,1.2116347224220574,1.5089098437577704,0.9523936390681271,2.4906627943306803,random_forest,CUSCO
2019-01-07,1.4316865024751626,1.4597887307718478,1.003925239728269,2.2579701668918273,random_forest,CUSCO
2019-01-14,1.6483610418119896,1.4717975302808568,1.1204297627179478,1.9356383068987852,random_forest,CUSCO
2019-01-21,1.8401684400668323,1.6543706695759492,1.2126090909148588,2.2395830474672636,random_forest,CUSCO
2019-01-28,1.9147698633127852,1.7782211711445484,1.3350381468918258,2.30540480673838,random_forest,CUSCO
2019-02-04,1.8153012989848485,1.786845853793216,1.3382220922388577,2.2824360810958764,random_forest,CUSCO
2019-02-11,1.5914970292469903,1.796145649344894,1.470178628786477,2.0883762207140744,random_forest,CUSCO
2019-02-18,1.5417627470830222,1.6934682842923805,1.3844573453276023,2.018752691960913,random_forest,CUSCO
2019-02-25,1.7158327346569113,1.543591042683898,1.2484981372743726,1.9123433070561928,random_forest,CUSCO
2019-03-04,1.9147698633127854,1.657117133221868,1.3516904539674741,2.003349586270992,random_forest,CUSCO
2019-03-11,1.8650355811488168,1.784599031810805,1.4355331117038634,2.1299529437429126,random_forest,CUSCO
2019-03-18,1.6412313114109587,1.7952245337582284,1.4558443808698371,2.1281808014749983,random_forest,CUSCO
2019-03-25,1.4920284649190532,1.7596777728578923,1.4530133228341242,2.0931522653759917,random_forest,CUSCO
2019-04-01,1.59149702924699,1.590516201335384,1.2803961869555829,1.9602607557199345,random_forest,CUSCO
2019-04-08,1.6909655935749273,1.6754451641115002,1.3784566027536949,1.9956979980656047,random_forest,CUSCO
2019-04-15,1.6163641703289746,1.7427247329975994,1.4802672088498294,2.0235329092784635,random_forest,CUSCO
2019-04-22,1.6163641703289746,1.7012579225781257,1.4298576724210763,2.009440234895223,random_forest,CUSCO
2019-04-29,1.4920284649190532,1.6928622938669522,1.4616126155830695,1.974037622430945,random_forest,CUSCO
2019-05-06,1.6163641703289742,1.5695806340244662,1.3667634917185747,1.8157450538659656,random_forest,CUSCO
2019-05-13,1.7655670168208797,1.6375772284787529,1.3838301941634734,2.0034476983628213,random_forest,CUSCO
2019-05-20,1.7904341579028642,1.720278549977078,1.4266326694463307,2.2554828968131546,random_forest,CUSCO
2019-05-27,1.9396370043947695,1.7522850221658768,1.443605129123271,2.2784798397168715,random_forest,CUSCO
2019-06-03,1.9147698633127852,1.8982769798505568,1.6019677888410273,2.3896943734615985,random_forest,CUSCO
2019-06-10,2.1137069919686593,1.9203694230348012,1.601022171838395,2.455854526641355,random_forest,CUSCO
2019-06-17,2.163441274132628,2.056767274515708,1.675382422863433,2.617103705778424,random_forest,CUSCO
2019-06-24,2.436979826034454,2.1671042294379244,1.7202497957880163,2.7519713158655184,random_forest,CUSCO
2019-07-01,2.7602526601002495,2.270964724124116,1.862980231971217,2.8956477069719595,random_forest,CUSCO
2019-07-08,2.735385519018265,2.364262034012034,1.8636958213810912,3.060134945817211,random_forest,CUSCO
2019-07-15,2.8099869422642176,2.3654483042021783,1.8564329917459845,3.060134945817211,random_forest,CUSCO
2019-07-22,3.0835254941660444,2.3891133957229846,1.8311574535550286,3.060134945817211,random_forest,CUSCO
2019-07-29,3.3570640460678707,2.8143098817829006,2.3284885475705193,3.092253771802641,random_forest,CUSCO
2019-08-05,3.406798328231839,2.7347474897250015,2.3509139074499816,3.092253771802641,random_forest,CUSCO
2019-08-12,2.8099869422642176,2.7013774193744213,2.1945145875330385,3.092253771802641,random_forest,CUSCO
2019-08-19,2.6110498136083438,2.6397964869211417,2.06817542173915,3.086876016707512,random_forest,CUSCO
2019-08-26,2.312644120624533,2.5820419366472516,2.046233638019103,3.0486448241725914,random_forest,CUSCO
2019-09-02,2.138574133050644,2.4279676278557587,1.8858223201446551,2.863232953452818,random_forest,CUSCO
2019-09-09,2.0142384276407226,2.287191958479825,1.764810268208404,2.968931938203222,random_forest,CUSCO
2019-09-16,1.8650355811488175,2.0796285609637444,1.7149004102972432,3.0007592737046758,random_forest,CUSCO
2019-09-23,1.9893712865587385,1.8899703673932535,1.6841961633302984,2.3413244426069144,random_forest,CUSCO
2019-09-30,1.964504145476754,1.8944722637057516,1.6878348609470943,2.311181821123938,random_forest,CUSCO
2019-10-07,1.9396370043947702,1.8506958724455445,1.6811765046973182,2.11760339344428,random_forest,CUSCO
2019-10-14,2.039105568722707,1.8155814704690674,1.6788928002783794,2.02104056299399,random_forest,CUSCO
2019-10-21,1.964504145476754,1.897491831123935,1.7138367623941704,2.1611095106032066,random_forest,CUSCO
2019-10-28,2.0142384276407226,1.8837760043907767,1.7047769659479164,2.075507413975527,random_forest,CUSCO
2019-11-04,1.7655670168208804,1.889284688286974,1.701177727551003,2.161216140815792,random_forest,CUSCO
2019-11-11,1.7158327346569118,1.8346324389888993,1.6440557440460823,2.122710694346054,random_forest,CUSCO
2019-11-18,1.7158327346569118,1.8124519971057882,1.6045907471743015,2.1734837081244383,random_forest,CUSCO
2019-11-25,1.7904341579028644,1.794593335295033,1.6072413539696373,2.093392223664075,random_forest,CUSCO
2019-12-02,1.8899027222308016,1.8077150390840704,1.6478700914150985,2.0356429313043107,random_forest,CUSCO
2019-12-09,2.063972709804691,1.8249447860409909,1.6192102809202977,2.070015025447863,random_forest,CUSCO
2019-12-16,2.138574133050644,1.8367199602234887,1.470736719063708,2.1979712200048906,random_forest,CUSCO
2019-12-23,2.0639727098046907,1.965165803355711,1.517501803715304,2.471040242726525,random_forest,CUSCO
2019-12-30,1.6163641703289748,1.8877352359216668,1.531699252962976,2.4714196324931996,random_forest,CUSCO
2020-01-06,1.6815258008843887,1.725076269803209,1.3724538329838252,2.1292180109190366,random_forest,CUSCO
2020-01-13,1.7976397513702924,1.747411074154638,1.4532547398774718,2.0504809087743823,random_forest,CUSCO
2020-01-20,2.0632610577897315,1.7416326376228508,1.2971392948243623,2.0055146361892646,random_forest,CUSCO
2020-01-27,1.891322636307254,1.8253775319899554,1.353146067421402,2.222768094144183,random_forest,CUSCO
2020-02-03,1.7193842148247764,1.7812511827383122,1.3264273644236513,2.0681336260476586,random_forest,CUSCO
2020-02-10,1.5228831617019447,1.7618413465342146,1.5304962689196564,1.9395150537504002,random_forest,CUSCO
2020-02-17,1.4246326351405287,1.6445960128484582,1.283503610966009,1.9176581678589393,random_forest,CUSCO
2020-02-24,1.473757898421237,1.5847904803682396,1.24410303445887,1.88974631615233,random_forest,CUSCO
2020-03-02,1.793072109745838,1.596764376718955,1.250522067634567,1.9076283554589153,random_forest,CUSCO
2020-03-09,1.965010531228316,1.7919397102579544,1.5759074714693933,2.0209839878120808,random_forest,CUSCO
2020-03-16,1.8667600046669,1.8048737362287948,1.5705720167578074,2.04470964423675,random_forest,CUSCO
2020-03-23,1.5720084249826527,1.8142140057266922,1.6026338064300663,2.04470964423675,random_forest,CUSCO
2020-03-30,1.2526942136580512,1.6929181450835655,1.492170524134226,1.9130377089520243,random_forest,CUSCO
2020-04-06,1.1053184238159275,1.4944190958064558,1.1735796713779525,1.8405057007253958,random_forest,CUSCO
2020-04-13,1.0316305288948657,1.3721393256572618,1.0519466886476556,1.7915431382882334,random_forest,CUSCO
2020-04-20,0.9825052656141576,1.305386073443212,0.9981811947606823,1.7136476895292465,random_forest,CUSCO
2020-04-27,0.884254739052742,1.2425178896173577,0.9019786463146928,1.6322706290236078,random_forest,CUSCO
2020-05-04,0.7614415808509722,1.1049229492959918,0.8862037905910948,1.517224060203674,random_forest,CUSCO
2020-05-11,0.6140657910088486,1.0835348762927055,0.813973054600234,1.5528214031417458,random_forest,CUSCO
2020-05-18,0.6386284226492025,1.064843063938862,0.8080149540176882,1.5368718420699805,random_forest,CUSCO
2020-05-25,0.6386284226492025,1.0746747753268424,0.805073544497338,1.5141352134618664,random_forest,CUSCO
2020-06-01,0.7123163175702644,0.85706627185315,0.6303996248977496,1.4343533656869174,random_forest,CUSCO
2020-06-08,0.6631910542895564,0.8872693064102605,0.6303996248977496,1.445353461327495,random_forest,CUSCO
2020-06-15,0.6877536859299104,0.8916038333469333,0.6303996248977496,1.4599098741238774,random_forest,CUSCO
2020-06-22,0.6877536859299104,0.9215862862099603,0.6303996248977496,1.467788255109346,random_forest,CUSCO
2020-06-29,0.9579426339738039,0.7731884237713345,0.6504848649710865,1.2639751877572554,random_forest,CUSCO
2020-07-06,1.1298810554562815,0.8501764854896476,0.6531035788361765,1.293580316908101,random_forest,CUSCO
2020-07-13,1.5228831617019445,0.9172503567252849,0.6546588916930919,1.3523599526901806,random_forest,CUSCO
2020-07-20,2.1615115843511474,1.148204479142222,0.6630578540631172,1.614541750507946,random_forest,CUSCO
2020-07-27,3.0428434395586543,1.7306385456241986,1.0149719540090714,2.4227058206744085,random_forest,CUSCO
2020-08-03,3.7767995049240386,2.14865285577302,1.084792291212579,3.2142398632326086,random_forest,CUSCO
2020-08-10,3.948737926406516,2.532040760302303,1.2677313320468748,3.2142398632326086,random_forest,CUSCO
2020-08-17,3.9487379264065154,2.5774733267295984,1.272064321286342,3.2142398632326086,random_forest,CUSCO
2020-08-24,3.9487379264065154,2.973955357580989,2.0063150721898584,3.624619563439976,random_forest,CUSCO
2020-08-31,3.8504873998451004,2.8073796427574695,1.94940641692295,3.624619563439976,random_forest,CUSCO
2020-09-07,3.5832213356464417,2.774349624378652,1.945547383023187,3.624619563439976,random_forest,CUSCO
2020-09-14,2.947515796842474,2.5952642859097823,1.9260838048310993,3.624619563439976,random_forest,CUSCO
2020-09-21,2.5545136905968104,2.7762050190314858,2.0062611678916618,3.792108357405831,random_forest,CUSCO
2020-09-28,2.0878236894300852,2.5628235323729687,1.9615986492988033,3.705371110652041,random_forest,CUSCO
2020-10-05,1.8913226363072537,2.3063937901503957,1.7042343090667749,3.6794538269283388,random_forest,CUSCO
2020-10-12,1.5228831617019445,2.110613226061917,1.5304056493083136,3.807410150751436,random_forest,CUSCO
2020-10-19,1.4000700035001747,1.7759864064126016,1.1812715847445348,3.452772121136755,random_forest,CUSCO
2020-10-26,1.4000700035001747,1.724507365009111,1.1789173793564234,3.5102885895927476,random_forest,CUSCO
2020-11-02,1.350944740219467,1.7346912240234298,1.2285837243935993,3.3625142357130766,random_forest,CUSCO
2020-11-09,1.3263821085791128,1.6960082445997902,1.2387561606106658,2.6549254761477763,random_forest,CUSCO
2020-11-16,1.301819476938759,1.5190489247119645,1.2497027824860938,1.9060674806433382,random_forest,CUSCO
2020-11-23,1.5228831617019445,1.5305955187795524,1.2232616143019133,1.925163696474657,random_forest,CUSCO
2020-11-30,1.5720084249826523,1.5784809424873238,1.2563836454785784,1.9536059370152505,random_forest,CUSCO
2020-12-07,1.5474457933422983,1.5782177829393196,1.2098162879737797,1.9910234279175596,random_forest,CUSCO
2020-12-14,1.4000700035001747,1.6171981144773346,1.372603678642325,2.033595964491557,random_forest,CUSCO
2020-12-21,1.3755073718598207,1.558290723654036,1.2555960935530022,1.954943229311694,random_forest,CUSCO
2020-12-28,1.1790063187369892,1.5025338297329358,1.2269976706908352,1.8084925308292052,random_forest,CUSCO
2021-01-04,1.3697442800603732,1.3546360583431118,1.0040902452255127,1.7260762462324737,random_forest,CUSCO
2021-01-11,1.778779642083208,1.3886154625772869,1.0954064010438023,1.6595385926601873,random_forest,CUSCO
2021-01-18,2.287218149027348,1.6548873182986468,1.2506421914296728,2.081399769475476,random_forest,CUSCO
2021-01-25,2.700863984489741,2.1321751324902958,1.4869558042702187,2.818593438687888,random_forest,CUSCO
2021-02-01,3.1145098199521333,2.4327747768855574,1.5990623429196171,3.419229234072317,random_forest,CUSCO
2021-02-08,3.576819871351278,2.90089961987149,1.744559829054223,3.7289206474960195,random_forest,CUSCO
2021-02-15,3.902893193053717,3.0510693869270273,1.8075452122573188,3.8286030117224876,random_forest,CUSCO
2021-02-22,3.7325684372750847,3.1933859384759025,1.8781655509777047,3.890770115735283,random_forest,CUSCO
2021-03-01,3.5135794655596997,3.0945476120105653,1.9237130058676726,3.873554538760935,random_forest,CUSCO
2021-03-08,2.9685171721418766,3.1462601717697902,2.6096968049624927,3.754473206199703,random_forest,CUSCO
2021-03-15,2.8955208482367483,2.822027250750118,2.2842473809891044,3.655814728783778,random_forest,CUSCO
2021-03-22,3.2118382518256374,2.726107863807181,2.2427260323576377,3.58198165370468,random_forest,CUSCO
2021-03-29,3.6011519793196545,2.8212492131882603,2.2380308097181207,3.6448346067790953,random_forest,CUSCO
2021-04-05,3.576819871351278,3.043996666067532,2.388749747081231,3.653298236727395,random_forest,CUSCO
2021-04-12,3.5865757894648276,2.9254464547831533,2.160157192721453,3.653298236727395,random_forest,CUSCO
2021-04-19,3.742324355388634,2.890412724078438,2.0767661147978025,3.6449827157448986,random_forest,CUSCO
2021-04-26,3.9856454350723944,2.92016855790428,2.1623056238190634,3.734023693759355,random_forest,CUSCO
2021-05-03,3.7325684372750842,3.445718622496083,2.280436500232846,3.9143218643909417,random_forest,CUSCO
2021-05-10,3.601151979319654,3.417488741647446,2.260582402801202,3.905658931544402,random_forest,CUSCO
2021-05-17,3.406495115572646,3.386843100156002,2.182694749606961,3.9058345031883266,random_forest,CUSCO
2021-05-24,3.6011519793196545,3.3768214755530024,2.6036502160215726,3.8355055183598536,random_forest,CUSCO
2021-05-31,3.479491439477774,3.514945290642555,2.9565930075706945,3.801909752857469,random_forest,CUSCO
2021-06-07,3.333498791667518,3.4808084589376866,2.827760678129693,3.77050111327463,random_forest,CUSCO
2021-06-14,2.6278676605846125,3.467290127856015,2.7778733253651597,3.771247109470979,random_forest,CUSCO
2021-06-21,1.9952328534068353,3.054071198738286,2.1527374827351866,3.756295118164747,random_forest,CUSCO
2021-06-28,1.5085906940393141,2.262345367408641,1.5668502359437775,3.543874765469471,random_forest,CUSCO
2021-07-05,1.3139338302923058,1.958913890886532,1.2986510483502172,3.2991310109782743,random_forest,CUSCO
2021-07-12,1.0949448585769215,1.8703484943043185,1.2040343140467937,3.5451411498500875,random_forest,CUSCO
2021-07-19,1.1192769665452975,1.7207076441478597,1.0504050720657716,3.5453497223713235,random_forest,CUSCO
2021-07-26,1.1192769665452973,1.3939525123998293,0.9045639189612786,2.4523685832969373,random_forest,CUSCO
2021-08-02,1.0462806426401692,1.4348505146170973,0.901438679547216,2.549483497793653,random_forest,CUSCO
2021-08-09,1.0219485346717934,1.3428018059289224,0.7116697739344838,2.6473109308140437,random_forest,CUSCO
2021-08-16,0.9732843187350412,1.219914439698,0.6746650545033395,2.481923968917149,random_forest,CUSCO
2021-08-23,1.240937506387178,1.1020689807867836,0.6946909864723719,1.7378605040784272,random_forest,CUSCO
2021-08-30,1.2652696143555537,1.1578103613450554,0.6770888875020263,1.8405091257002029,random_forest,CUSCO
2021-09-06,1.2652696143555537,1.2918033002319367,0.683989156577158,2.0777817475380718,random_forest,CUSCO
2021-09-13,1.4355943701341858,1.2938925691393375,0.6752648464553875,1.988418015415423,random_forest,CUSCO
2021-09-20,1.5572549099760664,1.5193351789218692,1.168518316467127,2.037971360150042,random_forest,CUSCO
2021-09-27,1.7519117737230747,1.5758201432728351,1.203701862160717,2.1181666711654974,random_forest,CUSCO
2021-10-04,1.5329228020076904,1.712615744289391,1.1990071016279265,2.402827016841429,random_forest,CUSCO
2021-10-11,1.4599264781025623,1.577841726420985,1.223632464675012,2.022117876567455,random_forest,CUSCO
2021-10-18,1.386930154197434,1.5354181425260953,1.3519192518032803,1.7504355508254643,random_forest,CUSCO
2021-10-25,1.4112622621658104,1.5333216994449552,1.3095645815994832,1.7816795460326698,random_forest,CUSCO
2021-11-01,1.2896017223239298,1.5411540814105713,1.3410564080941856,1.7648129750638497,random_forest,CUSCO
2021-11-08,1.338265938260682,1.490529623592205,1.179971847862919,1.7648129750638497,random_forest,CUSCO
2021-11-15,1.4355943701341862,1.4555886880201185,1.2645396729358205,1.6556137269092739,random_forest,CUSCO
2021-11-22,1.4355943701341862,1.5061972824466079,1.3218792126370795,1.6827877695403475,random_forest,CUSCO
2021-11-29,1.5815870179444425,1.5180347067248892,1.339217175756057,1.731598529741602,random_forest,CUSCO
2021-12-06,1.4112622621658104,1.5280882678918082,1.3586424527726697,1.7438976773768762,random_forest,CUSCO
2021-12-13,1.484258586070938,1.456418684029019,1.2895073713025114,1.6450747864419535,random_forest,CUSCO
2021-12-20,1.240937506387178,1.469066967183119,1.2826733754535262,1.6247464306691703,random_forest,CUSCO
2021-12-27,1.1679411824820496,1.4052300219023315,1.1686488918380464,1.6274262862520241,random_forest,CUSCO
2022-01-03,1.2849039448607722,1.3988475635589317,1.1031398322142618,1.660729096733906,random_forest,CUSCO
2022-01-10,1.6438724092335708,1.4614754194203383,1.232640616688694,1.8074820772068054,random_forest,CUSCO
2022-01-17,1.9556799464578285,1.6319678906176671,1.3480017857393667,2.1392684191558256,random_forest,CUSCO
2022-01-24,2.2454103088960253,1.8467849035746378,1.2297174920246714,2.574119091329409,random_forest,CUSCO
2022-01-31,2.1488335214166265,2.260479148931287,1.5362909413955448,3.071869346319813,random_forest,CUSCO
2022-02-07,2.0522567339372273,2.1860191928304715,1.5305150460920496,3.0683130693773792,random_forest,CUSCO
2022-02-14,1.5935169934100823,1.9667507471393173,1.4587166055034382,2.9664531936268386,random_forest,CUSCO
2022-02-21,1.448651812190984,1.6711466194190356,1.2756426272549164,2.2618576864903366,random_forest,CUSCO
2022-02-28,1.4727960090608336,1.59139379202653,1.1568448071287007,2.243894450693441,random_forest,CUSCO
2022-03-07,1.352075024711585,1.5752341665435696,1.3088052222393738,1.8760273258959774,random_forest,CUSCO
2022-03-14,1.1830656466226368,1.5821582256607807,1.2459725259367835,1.9576613158600824,random_forest,CUSCO
2022-03-21,1.0623446622733879,1.4740289492484284,1.0795497157588878,1.8982517428265115,random_forest,CUSCO
2022-03-28,1.4969402059306833,1.3989554885213946,0.9843520293117887,1.9165349216926446,random_forest,CUSCO
2022-04-04,1.5452285996703825,1.341653717966503,0.7965238011854998,1.8177017803521793,random_forest,CUSCO
2022-04-11,1.8108147652387299,1.5260625424267826,1.2030751289656745,1.9121299604885664,random_forest,CUSCO
2022-04-18,1.5210844028005333,1.6947885372170248,1.1194615957463319,2.4584877085072225,random_forest,CUSCO
2022-04-25,1.4969402059306833,1.5578329823317358,1.2525118126682062,1.9736135192807704,random_forest,CUSCO
2022-05-02,1.0140562685336885,1.5284636808066943,1.3065462474009033,1.7945210606284003,random_forest,CUSCO
2022-05-09,1.3037866309718853,1.3225905044872124,0.847084928581859,1.8588259599362738,random_forest,CUSCO
2022-05-16,1.4969402059306833,1.3372846322077079,0.7494370911627479,1.85432882255806,random_forest,CUSCO
2022-05-23,1.8108147652387299,1.5797026595383021,1.2678683601323057,2.0569096668776248,random_forest,CUSCO
2022-05-30,1.714237977759331,1.7924609605888584,1.1526372476040612,2.4636909037127652,random_forest,CUSCO
2022-06-06,1.7383821746291808,1.8767873679147726,1.4538330167187519,2.3359982749349437,random_forest,CUSCO
2022-06-13,1.8349589621085798,1.897548757789747,1.498082002154555,2.3390118751131572,random_forest,CUSCO
2022-06-20,1.9073915527181289,1.9067945395523567,1.5351113615583722,2.3430090348655392,random_forest,CUSCO
2022-06-27,1.8591031589784297,1.8915683321863173,1.4993304739820155,2.3336580318297755,random_forest,CUSCO
2022-07-04,2.124689324546777,1.9109082882872688,1.5761433550194064,2.3336580318297755,random_forest,CUSCO
2022-07-11,2.2454103088960253,2.0277789191691213,1.6739169379527725,2.5651427186833695,random_forest,CUSCO
2022-07-18,2.293698702635725,2.206989326307898,1.7295677428300678,2.8241042243762955,random_forest,CUSCO
2022-07-25,2.003968340197528,2.3005569753458097,1.8278922069732355,2.930909534431668,random_forest,CUSCO
2022-08-01,1.81081476523873,1.9673403038255524,1.653160537759266,2.6617881905947542,random_forest,CUSCO
2022-08-08,1.81081476523873,1.8561070608099717,1.6478171008939575,2.19890364715308,random_forest,CUSCO
2022-08-15,1.7625263714990307,1.8395017611686788,1.6557508673031898,2.1267148381370076,random_forest,CUSCO
2022-08-22,1.665949584019632,1.824023179857053,1.6881635655265765,1.9642036003496957,random_forest,CUSCO
2022-08-29,1.448651812190984,1.8211193809230055,1.6597232977524103,1.9698357809001836,random_forest,CUSCO
2022-09-05,1.6900937808894814,1.5875602494108818,1.234039215022647,1.9403007202239915,random_forest,CUSCO
2022-09-12,1.6176611902799323,1.718611624078983,1.3215034421395075,1.9698357809001836,random_forest,CUSCO
2022-09-19,1.714237977759331,1.7025000677974007,1.4060866471838809,1.9650962500239222,random_forest,CUSCO
2022-09-26,1.3279308278417352,1.764049987317364,1.4916964025971577,1.984477672287405,random_forest,CUSCO
2022-10-03,1.4727960090608336,1.5571481170103887,1.1977566735675376,1.9066627271154135,random_forest,CUSCO
2022-10-10,1.5935169934100823,1.5209400685123209,1.2669449543476339,1.8711315078829436,random_forest,CUSCO
2022-10-17,1.9073915527181289,1.5928809421068348,1.3753964984635751,1.8702892565584257,random_forest,CUSCO
2022-10-24,1.9315357495879788,1.7436296483322693,1.404123202448055,2.040042022607726,random_forest,CUSCO
2022-10-31,1.8349589621085798,1.8228215753006933,1.5686215934655043,2.039425259269289,random_forest,CUSCO
2022-11-07,1.641805387149782,1.8257676646183334,1.568807130796909,2.039499735990242,random_forest,CUSCO
2022-11-14,1.7142379777593313,1.7300668434607867,1.4572360416710186,1.9795380072721294,random_forest,CUSCO
2022-11-21,1.448651812190984,1.761187996945929,1.4900544315883668,2.009021764362613,random_forest,CUSCO
2022-11-28,1.448651812190984,1.6051936661763082,1.354044813219683,1.924423129418563,random_forest,CUSCO
2022-12-05,1.158921449752787,1.5583206522236523,1.3332859320220982,1.8445688338596227,random_forest,CUSCO
2022-12-12,1.255498237232186,1.3811677334406214,1.0973288993649783,1.7311767952069894,random_forest,CUSCO
2022-12-19,1.3037866309718857,1.3941499671649926,1.1068612871900405,1.6942203616042346,random_forest,CUSCO
2022-12-26,1.4245076153211345,1.4276712902920987,1.1970786838805652,1.6935620088543946,random_forest,CUSCO
2023-01-02,1.8300348202375554,1.5176501637159732,1.2182926320809577,1.9288028012215863,random_forest,CUSCO
2023-01-09,1.92248168227674,1.7911399123294804,1.400348715124272,2.2075176110400925,random_forest,CUSCO
2023-01-16,1.7989015187765738,1.8557349373236596,1.4712205101101379,2.280561217260906,random_forest,CUSCO
2023-01-23,1.439121215021259,1.8314723985023975,1.5703551727665732,2.177685251432242,random_forest,CUSCO
2023-01-30,1.3431798006865083,1.5723183413113464,1.2853484284697088,1.9896577797641373,random_forest,CUSCO
2023-02-06,1.6549893972744478,1.4552654297047236,1.182862572671013,1.774776906861195,random_forest,CUSCO
2023-02-13,1.7029601044418232,1.625983299417019,1.3135119562378907,1.9252045639375213,random_forest,CUSCO
2023-02-20,1.6789747508581356,1.6755006402760486,1.4631194224049526,1.9069033737201302,random_forest,CUSCO
2023-02-27,1.4870919221886343,1.6910871879747698,1.4847009196944756,1.9227525846497917,random_forest,CUSCO
2023-03-06,1.4870919221886343,1.5555606205277273,1.3647393937852499,1.7470686181936848,random_forest,CUSCO
2023-03-13,1.7269454580255108,1.545419004266047,1.336433464204723,1.7486748283063331,random_forest,CUSCO
2023-03-20,1.9907843474460751,1.6772810309404205,1.4312083229828954,1.880333701949569,random_forest,CUSCO
2023-03-27,2.4944767727035155,1.766267010473613,1.539178369440226,2.0058702915665187,random_forest,CUSCO
2023-04-03,2.7343303085403927,2.222252167247269,1.5711304725102575,3.1899998371833096,random_forest,CUSCO
2023-04-10,2.638388894205642,2.6343014473540483,1.7081171877702062,3.5576854831751934,random_forest,CUSCO
2023-04-17,2.782301015707768,2.7059153118919226,1.7528521893142424,3.7341748258022767,random_forest,CUSCO
2023-04-24,2.7343303085403927,2.8627291604923077,1.838787686520226,3.7397136674997213,random_forest,CUSCO
2023-05-01,3.0461399051283315,2.933663719445451,2.559525992220397,3.7146422494326248,random_forest,CUSCO
2023-05-08,2.8782424300425187,3.114597456552865,2.6710872266226033,3.7128561518721606,random_forest,CUSCO
2023-05-15,2.5904181870382663,3.024737730859578,2.598360764961983,3.6537468724547986,random_forest,CUSCO
2023-05-22,2.230637883282952,2.7177492523637743,1.9888564842403906,3.576520571984423,random_forest,CUSCO
2023-05-29,2.2546232368666392,2.326327480386883,1.736167242764765,2.9793654695318317,random_forest,CUSCO
2023-06-05,2.470491419119828,2.3017420788904555,1.629847743935656,2.9690067471203814,random_forest,CUSCO
2023-06-12,2.518462126287204,2.337158709134006,1.7211040586051052,2.9084548119713145,random_forest,CUSCO
2023-06-19,2.446506065536141,2.3148956663157856,1.7360411754212948,2.952351381815014,random_forest,CUSCO
2023-06-26,2.830271722875143,2.3934348635544422,1.9429018164722112,2.7682894591180003,random_forest,CUSCO
2023-07-03,2.7343303085403927,2.5660914095359644,1.9877476703344839,3.0553789746686464,random_forest,CUSCO
2023-07-10,2.3745500047850774,2.627079090763703,2.0853939782007904,3.1267198900565645,random_forest,CUSCO
2023-07-17,1.8468722259439492,2.4601014045247895,1.9037651972217242,3.0140063014130765,random_forest,CUSCO
2023-07-24,2.206652529699264,2.008305768428616,1.5132391199810318,2.7216119949298476,random_forest,CUSCO
2023-07-31,2.326579297617702,2.043058519384124,1.517116667269018,2.675797657818511,random_forest,CUSCO
2023-08-07,2.134696468948201,2.205198782959698,1.7540569966004378,2.8199504271995903,random_forest,CUSCO
2023-08-14,1.6070186901070727,2.0900101402642925,1.6747666233130516,2.7720134840535215,random_forest,CUSCO
2023-08-21,1.7749161651928862,1.7481453211936324,1.3231474120538362,2.1807559760247828,random_forest,CUSCO
2023-08-28,1.8708575795276365,1.7781327508440599,1.3512394218079353,2.2091576546016505,random_forest,CUSCO
2023-09-04,2.1826671761155763,1.8187921509186202,1.604879682928459,2.0916548753261064,random_forest,CUSCO
2023-09-11,2.1107111153645133,2.0378680450261193,1.6816825306346421,2.5956857331382053,random_forest,CUSCO
2023-09-18,2.014769701029763,1.9488362081774429,1.6939096593784049,2.3082711180779953,random_forest,CUSCO
2023-09-25,2.0387550546134503,1.888801766699888,1.6674266661769026,2.1336587993457408,random_forest,CUSCO
2023-10-02,1.9667989938623875,1.8574254417278044,1.6324747581400536,2.085531470823108,random_forest,CUSCO
2023-10-09,2.1107111153645133,1.8587994397248144,1.6322523123105226,2.1198518447814463,random_forest,CUSCO
2023-10-16,2.0387550546134503,1.9170420318889558,1.697610026310928,2.14478306921643,random_forest,CUSCO
2023-10-23,1.9188282866950122,1.8918591117412837,1.6999734071812858,2.0610309348164844,random_forest,CUSCO
2023-10-30,1.8708575795276368,1.8868758115557382,1.6893850296288302,2.067201116593112,random_forest,CUSCO
2023-11-06,1.9907843474460751,1.845518582559059,1.6091175245681304,2.0588052992695776,random_forest,CUSCO
2023-11-13,2.2546232368666392,1.8942523065576693,1.6946654478605532,2.0571464924535587,random_forest,CUSCO
2023-11-20,2.35056465120139,2.030916271003691,1.7878123225457379,2.3842710911559952,random_forest,CUSCO
2023-11-27,2.398535358368765,2.0434897717651928,1.7876608184756964,2.3814629210039673,random_forest,CUSCO
2023-12-04,2.2546232368666392,2.1265729413718413,1.7777949481262694,2.8464862794390307,random_forest,CUSCO
2011-12-26,1.247697861825599,1.2355385522158857,1.152452352072645,1.3437924941190063,xgboost,CUSCO
2012-01-02,1.0556345103758071,1.2071250069977906,1.100566332929145,1.346297691596468,xgboost,CUSCO
2012-01-09,0.9175051369746093,0.971902647441997,0.8998659986645029,1.074456629390464,xgboost,CUSCO
2012-01-16,0.5898224527176873,0.8673417417774788,0.7884447593008703,0.9454022195684003,xgboost,CUSCO
2012-01-23,0.9115437905636986,0.9289998847454757,0.8337149289940958,1.04403822923873,xgboost,CUSCO
2012-01-30,1.0455943479995367,0.9818766171910251,0.8911419724088046,1.053408097459549,xgboost,CUSCO
2012-02-06,1.1260246824610396,1.2407865645526088,1.1051536579330026,1.3597298711016677,xgboost,CUSCO
2012-02-13,0.9115437905636986,1.1917627214713877,1.0786406147353698,1.2676620530943454,xgboost,CUSCO
2012-02-20,0.8311134561021959,0.8957291783405762,0.8030278782947567,0.9740665872938061,xgboost,CUSCO
2012-02-27,0.7774932331278607,0.9012874762081937,0.8159627926144956,0.9751892989190166,xgboost,CUSCO
2012-03-05,0.6434426756920226,0.8882522164917764,0.8070513729514277,0.9687802308932575,xgboost,CUSCO
2012-03-12,0.7238730101535253,0.9444614722106933,0.8558104081534135,1.0226130962021582,xgboost,CUSCO
2012-03-19,0.8043033446150282,0.8158512007918111,0.7416772946487696,0.9156656950063583,xgboost,CUSCO
2012-03-26,1.0724044594867044,0.8766814638249073,0.8044944568219196,0.956400798264579,xgboost,CUSCO
2012-04-02,1.1260246824610396,1.1592333274562723,1.0647422253042245,1.2278264051003072,xgboost,CUSCO
2012-04-09,1.1528347939482073,1.0735947398573555,1.0173434281929619,1.1377997131900635,xgboost,CUSCO
2012-04-16,1.2064550169225423,1.0859197441140294,1.0085967274419758,1.1431568974286923,xgboost,CUSCO
2012-04-23,1.1260246824610396,1.0353334902700069,0.9400550114636209,1.114461349335054,xgboost,CUSCO
2012-04-30,1.0724044594867044,1.0606578208906805,0.9597010926356512,1.1807267621072843,xgboost,CUSCO
2012-05-07,0.9919741250252015,1.0301778212784456,0.9247961856922176,1.1156436051762644,xgboost,CUSCO
2012-05-14,0.9115437905636986,1.0830119416112107,0.9752236765114848,1.1931183920195287,xgboost,CUSCO
2012-05-21,1.0724044594867044,0.914240655876382,0.8161183398931449,1.0026772081581194,xgboost,CUSCO
2012-05-28,0.8043033446150282,1.2410971160630846,1.1163485076970434,1.3762673307370403,xgboost,CUSCO
2012-06-04,0.8847336790765311,1.0055524787636736,0.8728039701400874,1.1136138298993308,xgboost,CUSCO
2012-06-11,0.9651640135380338,0.9530535597594808,0.8772888442336894,1.0424973643574553,xgboost,CUSCO
2012-06-18,1.0992145709738719,1.0101869015047302,0.9084407495921885,1.1194279075113165,xgboost,CUSCO
2012-06-25,1.2332651284097098,1.1546473347881703,1.0625156456758627,1.2747186615636108,xgboost,CUSCO
2012-07-02,1.4209359088198827,1.175453950657431,1.0669341254329359,1.292846068219616,xgboost,CUSCO
2012-07-09,1.7158471351787268,1.371082722827426,1.2099813319083874,1.5075333551120862,xgboost,CUSCO
2012-07-16,1.849897692614565,1.8480798924496666,1.65700723271114,2.0446495266184943,xgboost,CUSCO
2012-07-23,1.635416800717224,2.082850362496774,1.9048647131807768,2.224499287454551,xgboost,CUSCO
2012-07-30,1.554986466255721,1.8127969097566987,1.6981092964710773,1.9757945637880685,xgboost,CUSCO
2012-08-06,1.6086066892300563,1.6291464449717277,1.513695853592885,1.7353119664615795,xgboost,CUSCO
2012-08-13,1.5281763547685536,1.705307367312647,1.6209647138560475,1.8217461623018172,xgboost,CUSCO
2012-08-20,1.7694673581530622,1.5421193446619537,1.4230509474303934,1.617513863794539,xgboost,CUSCO
2012-08-27,1.6890370236915595,1.692225052076024,1.5676882463482862,1.8156156085220456,xgboost,CUSCO
2012-09-03,1.715847135178727,1.573758486462223,1.4708622580865318,1.6689963598062785,xgboost,CUSCO
2012-09-10,1.3136954628712127,1.6162665012766153,1.5011496612413822,1.747166261611903,xgboost,CUSCO
2012-09-17,1.5817965777428888,1.3811446272449626,1.2674059333118648,1.4826022416516575,xgboost,CUSCO
2012-09-24,1.4209359088198832,1.72291247477759,1.630185319671877,1.7885696345082036,xgboost,CUSCO
2012-10-01,1.5817965777428888,1.3353668060160457,1.2303558731928268,1.4925097710158188,xgboost,CUSCO
2012-10-08,1.1796449054353748,1.6140561830912477,1.4494850973810838,1.734635119355826,xgboost,CUSCO
2012-10-15,1.3136954628712127,1.1933372282883798,1.1147240157479288,1.2718725059499845,xgboost,CUSCO
2012-10-22,1.4209359088198832,1.3349477163116221,1.2439699864502385,1.4127409177428112,xgboost,CUSCO
2012-10-29,1.849897692614565,1.5766913220964414,1.4452381193374588,1.7385279728641758,xgboost,CUSCO
2012-11-05,2.037568473024738,1.9233335176459643,1.7405841237858275,2.155424993998028,xgboost,CUSCO
2012-11-12,1.849897692614565,1.9149730590556961,1.788054758192625,2.0397231967069747,xgboost,CUSCO
2012-11-19,1.5281763547685536,1.7923997855782239,1.6673845244869512,1.9679951496636696,xgboost,CUSCO
2012-11-26,1.3136954628712127,1.5721836221383854,1.4678164308220225,1.6907199516854348,xgboost,CUSCO
2012-12-03,1.3136954628712127,1.4375102871284104,1.3359083517731725,1.5321702242909434,xgboost,CUSCO
2012-12-10,1.1796449054353746,1.4268394320896358,1.3198330361060595,1.5288573863753954,xgboost,CUSCO
2012-12-17,1.152834793948207,1.1973400014316735,1.0863099297288046,1.3160126651841872,xgboost,CUSCO
2012-12-24,1.152834793948207,1.1470682209830887,1.0740372603120085,1.2285548707492062,xgboost,CUSCO
2012-12-31,1.2064550169225423,1.0464348930350793,0.9592238761730567,1.1475342293917676,xgboost,CUSCO
2013-01-07,1.2554768655722575,1.1521122658277547,1.0437637552778156,1.2538797503021304,xgboost,CUSCO
2013-01-14,1.1978713848499183,1.079564469396123,0.9856565668099421,1.1976192507753398,xgboost,CUSCO
2013-01-21,1.4311918727384185,1.0914439637388895,1.0307847672470083,1.180438872213455,xgboost,CUSCO
2013-01-28,1.537206085533857,1.3251870446938285,1.2227824311667344,1.4063846808695515,xgboost,CUSCO
2013-02-04,1.537206085533857,1.3610558778871225,1.23830276728092,1.4697757557932811,xgboost,CUSCO
2013-02-11,0.9806314683578053,1.304940664476862,1.2108471991874057,1.397476030770336,xgboost,CUSCO
2013-02-18,1.1926598939486823,0.8951610153437687,0.7660234034119082,1.0375387409941603,xgboost,CUSCO
2013-02-25,1.2721705535452612,1.2260898064047234,1.1083024701733335,1.3409620478377888,xgboost,CUSCO
2013-03-04,1.5107025323349976,1.2057893397232942,1.086457294141298,1.346083171134956,xgboost,CUSCO
2013-03-11,1.272170553545261,1.3461109989533446,1.1555661689000054,1.6080620480886796,xgboost,CUSCO
2013-03-18,1.1396527875509632,1.1784989790084397,1.1137380510142458,1.2534531214395737,xgboost,CUSCO
2013-03-25,1.1661563407498228,1.1459198224717118,1.0899358751318213,1.1809897304225787,xgboost,CUSCO
2013-04-01,1.272170553545261,1.1989944032080757,1.1345957767455321,1.2912972286928575,xgboost,CUSCO
2013-04-08,1.4046883195395592,1.2633340730328273,1.1754735304866961,1.3727224063630403,xgboost,CUSCO
2013-04-15,1.139652787550963,1.3025669102021216,1.2041557071103288,1.3684367114648062,xgboost,CUSCO
2013-04-22,0.9541279151589457,1.173670721131109,1.1015671977490924,1.228608004271178,xgboost,CUSCO
2013-04-29,0.8216101491646478,1.0715166519912918,0.9604408559707578,1.143084979829948,xgboost,CUSCO
2013-05-06,0.9806314683578053,0.9796140844933333,0.9239081757673985,1.0622003401900437,xgboost,CUSCO
2013-05-13,0.9276243619600861,1.0572495528720198,0.9493102287820318,1.2040220998173108,xgboost,CUSCO
2013-05-20,1.272170553545261,0.9711780625232602,0.8985249080091305,1.051392301288919,xgboost,CUSCO
2013-05-27,1.3251776599429803,1.3113475798286693,1.2313008748556238,1.3828433928281267,xgboost,CUSCO
2013-06-03,1.6962274047270147,1.2812481041061794,1.1886160542338722,1.3761409942749923,xgboost,CUSCO
2013-06-10,1.6432202983292956,1.778225567846943,1.6152060012665161,1.9192966286961652,xgboost,CUSCO
2013-06-17,2.01427004311333,1.685092197819953,1.5726189176717942,1.801509226203804,xgboost,CUSCO
2013-06-24,1.6432202983292956,2.0434723428057397,1.8650186878940596,2.200410415895541,xgboost,CUSCO
2013-07-01,1.7757380643235934,1.6198317268101534,1.4816488762717692,1.8074316838567783,xgboost,CUSCO
2013-07-08,1.4046883195395587,1.708710406107081,1.6080060857487983,1.8234033121151652,xgboost,CUSCO
2013-07-15,1.3781847663406992,1.3424266172771147,1.2708227472067588,1.4518190075801878,xgboost,CUSCO
2013-07-22,1.2986741067441205,1.3733618761925874,1.2739990965994674,1.4904394843969724,xgboost,CUSCO
2013-07-29,1.32517765994298,1.3399983577349477,1.246183319391278,1.4285309903893677,xgboost,CUSCO
2013-08-05,1.537206085533857,1.392247715715415,1.3017625282685004,1.4997741790112595,xgboost,CUSCO
2013-08-12,1.537206085533857,1.6140769058887854,1.4583919638580978,1.744505403250765,xgboost,CUSCO
2013-08-19,1.8552487239201723,1.5434909897671538,1.4341378972768442,1.661699438916498,xgboost,CUSCO
2013-08-26,1.6962274047270147,1.7516368279810024,1.59917337033143,1.9111493361875402,xgboost,CUSCO
2013-09-02,1.537206085533857,1.5964568252310765,1.4997676231011703,1.69159384057387,xgboost,CUSCO
2013-09-09,1.5372060855338567,1.5384652900247646,1.4025149961687788,1.649083153067417,xgboost,CUSCO
2013-09-16,1.7492345111247338,1.5762848205701647,1.4864909497506567,1.684897111312008,xgboost,CUSCO
2013-09-23,1.8552487239201723,1.6507829928234972,1.522502549420423,1.748905444305431,xgboost,CUSCO
2013-09-30,1.6962274047270143,1.7519579789580106,1.6260457433156763,1.8818603374350895,xgboost,CUSCO
2013-10-07,1.510702532334997,1.5648243616731778,1.4735020965137178,1.6558293796361205,xgboost,CUSCO
2013-10-14,1.1661563407498223,1.5163720056717238,1.3938709298439744,1.6221457032365922,xgboost,CUSCO
2013-10-21,1.0071350215566646,1.2905382874726352,1.1895891791579638,1.3796730124375332,xgboost,CUSCO
2013-10-28,0.848113702363507,1.235222375930595,1.1401297610162113,1.3389956095703004,xgboost,CUSCO
2013-11-04,0.8481137023635071,1.0791127145198744,0.9885192531148178,1.1464443043891093,xgboost,CUSCO
2013-11-11,0.8481137023635071,1.0719983723207258,0.9993638850130003,1.1434555792825332,xgboost,CUSCO
2013-11-18,1.0336385747555243,1.0701158419468435,1.0120834120436326,1.1393466756393589,xgboost,CUSCO
2013-11-25,1.245667000346401,1.1020343560109114,1.0283959134691143,1.179910631394315,xgboost,CUSCO
2013-12-02,1.3251776599429799,1.2596313934391392,1.196121909731826,1.3163495197526485,xgboost,CUSCO
2013-12-09,1.2986741067441203,1.2821971209252156,1.2201069868996386,1.3943278534616237,xgboost,CUSCO
2013-12-16,1.2721705535452605,1.221838653463925,1.153227657055724,1.3200074046900097,xgboost,CUSCO
2013-12-23,1.2721705535452605,1.274325366970101,1.1648840896772106,1.3663422543270647,xgboost,CUSCO
2013-12-30,1.0866456811532434,1.2544920285868617,1.1411832969904283,1.3865519422265393,xgboost,CUSCO
2014-01-06,1.0818513210457843,1.011211233823015,0.9080998654969665,1.0942476944543806,xgboost,CUSCO
2014-01-13,0.8933299735866053,1.008819661607833,0.9195762092954923,1.0922593975878845,xgboost,CUSCO
2014-01-20,1.2577874732228835,0.879409222761791,0.7975293614177074,1.0059101750652664,xgboost,CUSCO
2014-01-27,1.336399190299314,1.2105652149012964,1.123516021259407,1.3015106506760528,xgboost,CUSCO
2014-02-03,1.2577874732228838,1.2586933757760723,1.1495860732810326,1.3414316208182584,xgboost,CUSCO
2014-02-10,1.0481562276857364,1.1669691721076894,1.1001221578434301,1.2295743254884932,xgboost,CUSCO
2014-02-17,0.9171366992250193,1.0495039384246223,0.973602929750888,1.1792702866973543,xgboost,CUSCO
2014-02-24,1.0743601333778798,0.9718552815844756,0.8912506384257362,1.1102731835670854,xgboost,CUSCO
2014-03-03,1.100564039070023,1.0708877810266548,0.9730340069114132,1.1583059833327194,xgboost,CUSCO
2014-03-10,0.9957484163014496,1.0626004729237635,0.9731944225481558,1.1697811602157593,xgboost,CUSCO
2014-03-17,0.9433406049171627,1.0609601148386647,0.9954167785616103,1.138851209737619,xgboost,CUSCO
2014-03-24,0.8909327935328758,1.0261130010709145,0.9365642053019971,1.1145830994793098,xgboost,CUSCO
2014-03-31,1.0743601333778798,0.9588734542062323,0.8592472950696824,1.0426471129124237,xgboost,CUSCO
2014-04-07,1.0481562276857364,1.0384952373209686,0.9410681341670668,1.119445846127384,xgboost,CUSCO
2014-04-14,1.1267679447621666,0.9847484048828885,0.9053021873395013,1.071867712671459,xgboost,CUSCO
2014-04-21,0.9433406049171627,1.0797184231078154,1.0211612657064206,1.147562390239679,xgboost,CUSCO
2014-04-28,1.021952321993593,0.9176927080640195,0.7913844183894395,1.016702754796124,xgboost,CUSCO
2014-05-05,0.8385249821485891,0.9773599098519683,0.8509048264608436,1.0899113350084662,xgboost,CUSCO
2014-05-12,0.707505453687872,0.9174464000720776,0.8534027783101964,0.9819171358699661,xgboost,CUSCO
2014-05-19,0.5764859252271549,0.8934094705773211,0.8004179539560697,1.009727218253043,xgboost,CUSCO
2014-05-26,0.5502820195350114,0.9146451747256055,0.8414845004875914,1.0466373849138229,xgboost,CUSCO
2014-06-02,0.6550976423035851,0.9305501721372881,0.848959098611744,1.0375216170711423,xgboost,CUSCO
2014-06-09,0.7599132650721588,0.7561561210958702,0.6620467847323163,0.8322250387587973,xgboost,CUSCO
2014-06-16,0.6550976423035851,0.7826933837925364,0.7011955032809518,0.8832485317236799,xgboost,CUSCO
2014-06-23,0.9433406049171627,0.7484362908219822,0.6635010116942476,0.8546857953084189,xgboost,CUSCO
2014-06-30,1.0481562276857364,0.8943975568652718,0.8073587996009859,0.9734173090277537,xgboost,CUSCO
2014-07-07,1.336399190299314,1.0712654016804868,0.9932762449838106,1.1948058523126288,xgboost,CUSCO
2014-07-14,1.1529718504543098,1.311263130168937,1.1652514896071107,1.4520338424993127,xgboost,CUSCO
2014-07-21,1.1005640390700233,1.0406943045701198,0.942795096363313,1.13112072656964,xgboost,CUSCO
2014-07-28,1.0743601333778798,1.100279260898492,1.0266400913341482,1.204571951652375,xgboost,CUSCO
2014-08-04,1.336399190299314,1.119273919581348,1.0586302450341596,1.1867197174357083,xgboost,CUSCO
2014-08-11,1.6246421529128916,1.275378236762453,1.2056896837047035,1.332474240096639,xgboost,CUSCO
2014-08-18,1.8080694927578953,1.654730689976368,1.5209479289564045,1.7450256537115352,xgboost,CUSCO
2014-08-25,1.6246421529128916,1.7442194710951655,1.6325857985826504,1.88125851027947,xgboost,CUSCO
2014-09-01,1.4412148130678875,1.7601980093187335,1.636618915824877,1.8994856316141198,xgboost,CUSCO
2014-09-08,1.3101952846071703,1.6425723622512316,1.5300013967938204,1.7419533516448749,xgboost,CUSCO
2014-09-15,1.4150109073757442,1.489162618927815,1.3921129728340726,1.5871778869732358,xgboost,CUSCO
2014-09-22,1.3626030959914572,1.4680475252500051,1.376607991104334,1.6052865205508804,xgboost,CUSCO
2014-09-29,1.4936226244521744,1.4137524056008943,1.336868825302762,1.5014071358897687,xgboost,CUSCO
2014-10-06,1.2315835675307403,1.5309752987248555,1.384316257650395,1.6881264239878735,xgboost,CUSCO
2014-10-13,1.1529718504543103,1.2729671867863752,1.1816376022697015,1.3613569183266512,xgboost,CUSCO
2014-10-20,0.9957484163014495,1.2578476625477235,1.1788824558422568,1.3322518086255208,xgboost,CUSCO
2014-10-27,1.205379661838597,1.1297132498441567,0.9994872311898617,1.224539918561771,xgboost,CUSCO
2014-11-03,1.2315835675307403,1.258222628567179,1.1759249527627713,1.3938214183742295,xgboost,CUSCO
2014-11-10,1.336399190299314,1.2421729587401233,1.1523858956888158,1.339560726832283,xgboost,CUSCO
2014-11-17,1.1529718504543098,1.4035630267936636,1.2869444498402576,1.5020589171505612,xgboost,CUSCO
2014-11-24,1.15297185045431,1.109191357695228,1.0276147963611597,1.200021316419002,xgboost,CUSCO
2014-12-01,0.8909327935328758,1.1256727535745215,1.0519520189094427,1.1922969704192288,xgboost,CUSCO
2014-12-08,0.8909327935328758,1.0531677323441293,0.9343404886057445,1.173110313055964,xgboost,CUSCO
2014-12-15,0.9433406049171627,1.0092253646905982,0.9036132048406845,1.106431024094192,xgboost,CUSCO
2014-12-22,1.0219523219935929,1.00001275924399,0.9150266075883096,1.085005742213772,xgboost,CUSCO
2014-12-29,1.283991378915027,1.0442884919484319,0.940116993505054,1.1237442417891692,xgboost,CUSCO
2015-01-05,1.357037090394983,1.233195274151506,1.1509165537477213,1.3276996874168625,xgboost,CUSCO
2015-01-12,1.5348984246435124,1.2504688455490505,1.1548246997596991,1.3427170438533318,xgboost,CUSCO
2015-01-19,1.1659931113126982,1.4357970847892678,1.3356493964911138,1.5451113931351352,xgboost,CUSCO
2015-01-26,1.0364383211668426,1.0966756106537658,1.0227129199732987,1.1744053258139002,xgboost,CUSCO
2015-02-02,0.803239698904303,1.1267346377629175,1.0479335633488995,1.1958194228232863,xgboost,CUSCO
2015-02-09,0.751417782845961,0.9338772860414977,0.8167145654716382,1.018556082832613,xgboost,CUSCO
2015-02-16,0.5182191605834213,0.8197843181174631,0.7401070150986035,0.9278279318062262,xgboost,CUSCO
2015-02-23,0.6477739507292767,0.8289350134846583,0.7425956505074948,0.941444879102923,xgboost,CUSCO
2015-03-02,0.8032396989043032,0.8196632723042181,0.7496831456842205,0.9466919506386361,xgboost,CUSCO
2015-03-09,0.8550616149626453,0.8658233064849677,0.749016655819016,0.9864035232439772,xgboost,CUSCO
2015-03-16,0.6736849087584478,0.9216075892381067,0.8517834228646757,0.9944048889351546,xgboost,CUSCO
2015-03-23,0.6477739507292767,0.7950595288940774,0.7181423401498737,0.894418333319595,xgboost,CUSCO
2015-03-30,0.6736849087584478,0.7806739490440389,0.7058669763451733,0.8596830894888862,xgboost,CUSCO
2015-04-06,0.9587054470793296,0.7698104067765363,0.692903581696526,0.8367068841312392,xgboost,CUSCO
2015-04-13,1.165993111312698,1.000542360392882,0.9015109673560121,1.073862713034352,xgboost,CUSCO
2015-04-20,1.2178150273710404,1.0389809458028425,0.9486086960565504,1.104820668483531,xgboost,CUSCO
2015-04-27,0.9327944890501585,1.132412705125752,1.0576975384515468,1.217897536313937,xgboost,CUSCO
2015-05-04,0.751417782845961,0.9581283299232013,0.9010827079404395,1.0228056351105512,xgboost,CUSCO
2015-05-11,1.114171195254356,0.7290492979363093,0.66167275471065,0.8125483344284888,xgboost,CUSCO
2015-05-18,1.140082153283527,1.0262468139357366,0.929060593743097,1.098234835994883,xgboost,CUSCO
2015-05-25,1.2955479014585534,1.1047309685768232,1.0048119441695527,1.1732744305551823,xgboost,CUSCO
2015-06-01,0.9846164051085005,1.3014293039438891,1.2031054595715915,1.3818714058088188,xgboost,CUSCO
2015-06-08,1.3732807755460668,0.987493683937935,0.88901601319646,1.0961321795810055,xgboost,CUSCO
2015-06-15,1.5546574817502643,1.4701349745743009,1.355473259658062,1.5692036971797525,xgboost,CUSCO
2015-06-22,1.9174108941586592,1.5450024745351592,1.4335574777035671,1.6410333118987013,xgboost,CUSCO
2015-06-29,1.9692328102170016,1.7010009383487503,1.596090222573764,1.8354037772468659,xgboost,CUSCO
2015-07-06,1.7101232299252904,1.7826229459253011,1.691466140133468,1.8603741402350304,xgboost,CUSCO
2015-07-13,1.528746523721093,1.622787204321912,1.4992764257482836,1.7234490855972975,xgboost,CUSCO
2015-07-20,1.3991917335752377,1.4780229562130787,1.3880994078970812,1.5885758499897877,xgboost,CUSCO
2015-07-27,1.554657481750264,1.4414463790372252,1.3725515707797733,1.5039388647856387,xgboost,CUSCO
2015-08-03,1.3991917335752377,1.5572538517047891,1.4582029453871606,1.6558038934959596,xgboost,CUSCO
2015-08-10,1.3473698175168956,1.4545867026922246,1.342410700707457,1.5464262171325218,xgboost,CUSCO
2015-08-17,1.0364383211668426,1.3252686767840296,1.2446336234430038,1.4092775712137762,xgboost,CUSCO
2015-08-24,1.0623492791960139,1.060184262971255,0.9640325311210437,1.1613722274087133,xgboost,CUSCO
2015-08-31,0.8809725729918162,1.151771463782717,1.0955694039834183,1.2120874344826258,xgboost,CUSCO
2015-09-07,1.165993111312698,0.9995496818176133,0.9435362394086231,1.0675537854393427,xgboost,CUSCO
2015-09-14,1.0623492791960139,1.1635569624545261,1.0660108329482756,1.2598245393044487,xgboost,CUSCO
2015-09-21,1.2437259854002114,1.0755377116067892,1.0108396478072668,1.15219231146989,xgboost,CUSCO
2015-09-28,1.140082153283527,1.265243382105971,1.1866913037941775,1.3513001455932814,xgboost,CUSCO
2015-10-05,1.1141711952543558,1.1170511213582652,1.0444475111945755,1.2102599481667398,xgboost,CUSCO
2015-10-12,0.9327944890501584,1.0311262616578076,0.9365979106359996,1.12285415591039,xgboost,CUSCO
2015-10-19,0.7255068248167897,1.004283124171361,0.8816225018857552,1.1242260790311678,xgboost,CUSCO
2015-10-26,0.803239698904303,0.8260795774875527,0.7172324700252906,0.9456982752293648,xgboost,CUSCO
2015-11-02,0.803239698904303,0.8402672141382431,0.7392013738175204,0.9216957845500493,xgboost,CUSCO
2015-11-09,0.8550616149626452,0.8692160097800478,0.7774907939615223,0.943201132225516,xgboost,CUSCO
2015-11-16,1.2437259854002114,0.9898057837129154,0.8940267806445729,1.1278155691800784,xgboost,CUSCO
2015-11-23,1.425102691604409,1.2277030477190645,1.1323646612237002,1.318731678038573,xgboost,CUSCO
2015-11-30,1.5028355656919221,1.4062925994773348,1.2938288949436805,1.5352069261950176,xgboost,CUSCO
2015-12-07,1.140082153283527,1.3849672392637988,1.283913098330352,1.4771302604025704,xgboost,CUSCO
2015-12-14,0.9327944890501584,1.1094108720498888,1.0223091944977376,1.1864169617076596,xgboost,CUSCO
2015-12-21,1.1919040693418692,0.9163109351867306,0.8394685263530602,0.9975394891231577,xgboost,CUSCO
2015-12-28,0.8550616149626453,1.1462814454297654,1.0532625777430844,1.2262231591173847,xgboost,CUSCO
2016-01-04,1.1081557381138298,0.885336759566414,0.8059889241046259,0.9786362721870746,xgboost,CUSCO
2016-01-11,0.9737312921875486,1.121556714161463,1.001376032951095,1.2368030380380914,xgboost,CUSCO
2016-01-18,1.4349724305921772,1.0480998244696702,0.9792324100733866,1.1252740661640925,xgboost,CUSCO
2016-01-25,1.1787273537007168,1.3251805308814044,1.2205253172910462,1.4718785163299193,xgboost,CUSCO
2016-02-01,1.0249803075658406,1.1366351313434142,1.0246943796624226,1.2563278442782988,xgboost,CUSCO
2016-02-08,0.7943597383635265,1.038387101820985,0.9391996071921903,1.1639884991012013,xgboost,CUSCO
2016-02-15,0.8199842460526726,0.8536164423401761,0.7873104728550605,0.9366700558738862,xgboost,CUSCO
2016-02-22,0.7943597383635265,0.8235262789098554,0.7342646345396702,0.9313127749301072,xgboost,CUSCO
2016-02-29,0.8199842460526726,0.7752066744769038,0.7064211075432714,0.8535184454900211,xgboost,CUSCO
2016-03-07,0.9224822768092565,0.8933530434187015,0.7856997959207996,0.9782064424811736,xgboost,CUSCO
2016-03-14,1.2043518613898627,1.0610489320935796,0.9676469711879058,1.1405554766591115,xgboost,CUSCO
2016-03-21,1.281225384457301,1.1825350333679674,1.099060049009951,1.260601464883444,xgboost,CUSCO
2016-03-28,1.383723415213885,1.2057890767727297,1.0798875126186498,1.3545280149834504,xgboost,CUSCO
2016-04-04,1.281225384457301,1.2615218076686203,1.132962363713195,1.3868077206782707,xgboost,CUSCO
2016-04-11,1.358098907524739,1.2546593356491864,1.1630142461265787,1.323019784328036,xgboost,CUSCO
2016-04-18,1.2556008767681548,1.3185757855824887,1.218026299924517,1.4237435647134853,xgboost,CUSCO
2016-04-25,1.281225384457301,1.2186396821853127,1.10828751613661,1.3151649472857558,xgboost,CUSCO
2016-05-02,1.2556008767681548,1.3301337951580385,1.2119193312459628,1.4312719624651433,xgboost,CUSCO
2016-05-09,1.281225384457301,1.313774655478286,1.1890412375619375,1.3931587481573264,xgboost,CUSCO
2016-05-16,1.3324743998355928,1.3918550576305393,1.2738813146004622,1.4688870610966605,xgboost,CUSCO
2016-05-23,1.3068498921464469,1.3994205543366023,1.3200779302027232,1.4876435216321553,xgboost,CUSCO
2016-05-30,1.537470461348761,1.3613735266302132,1.2617372238594506,1.459588538785407,xgboost,CUSCO
2016-06-06,1.5374704613487609,1.533952569380612,1.398755619252487,1.6580951403409978,xgboost,CUSCO
2016-06-13,1.537470461348761,1.529104146118553,1.37042592339042,1.710577269589243,xgboost,CUSCO
2016-06-20,1.2812253844573007,1.5260548795933093,1.35509309486611,1.694106246605639,xgboost,CUSCO
2016-06-27,1.588719476727053,1.352379676239842,1.2552339182723165,1.4544601523298566,xgboost,CUSCO
2016-07-04,2.12683413819912,1.581317851326923,1.459808599583926,1.6946498689619738,xgboost,CUSCO
2016-07-11,2.434328230468872,1.7674289324523191,1.670389986274373,1.8688467972631506,xgboost,CUSCO
2016-07-18,2.0755851228208275,1.684934239071264,1.5706000686032389,1.772844307203542,xgboost,CUSCO
2016-07-25,1.8962135689968054,1.6337687276632789,1.5565709300355814,1.7251323205589093,xgboost,CUSCO
2016-08-01,2.0755851228208275,1.688079959191477,1.5417416280794847,1.8372566578486773,xgboost,CUSCO
2016-08-08,2.3062056920231417,1.6663048930978854,1.5245262082106024,1.7624581313166092,xgboost,CUSCO
2016-08-15,2.2293321689557035,1.6865017547949352,1.5142937381995056,1.8189260308560549,xgboost,CUSCO
2016-08-22,1.9218380766859517,1.6607867253563628,1.5010582767868434,1.789518532315477,xgboost,CUSCO
2016-08-29,1.6912175074836373,1.7925795465611136,1.603666602678672,1.9269589989838054,xgboost,CUSCO
2016-09-05,1.588719476727053,1.7071631719680254,1.565132729981764,1.8747450529213592,xgboost,CUSCO
2016-09-12,1.6143439844161993,1.658430568009976,1.5435805892365437,1.8234723110183613,xgboost,CUSCO
2016-09-19,1.6399684921053452,1.6187532360637666,1.4885345180091067,1.7714636181766261,xgboost,CUSCO
2016-09-26,1.8193400459293674,1.645735628940774,1.5647954683768208,1.7561291259045677,xgboost,CUSCO
2016-10-03,1.716842015172783,1.6645661942842214,1.5564401883339007,1.7538988036850616,xgboost,CUSCO
2016-10-10,1.844964553618513,1.5744665615816857,1.486549491971678,1.6878466860074606,xgboost,CUSCO
2016-10-17,1.844964553618513,1.5761632050758076,1.4883255323285622,1.6775750719205382,xgboost,CUSCO
2016-10-24,1.716842015172783,1.7710592574061814,1.6434271474876452,1.8715590585723598,xgboost,CUSCO
2016-10-31,1.4605969382813226,1.7518093722636998,1.6252516579676954,1.8702814753094836,xgboost,CUSCO
2016-11-07,1.2043518613898625,1.5026404594869562,1.3867328905526617,1.649751934064063,xgboost,CUSCO
2016-11-14,1.3837234152138846,1.2744747593882901,1.2007917176434366,1.351366156420945,xgboost,CUSCO
2016-11-21,1.4349724305921765,1.34452352330777,1.2319252449319706,1.4419107824476396,xgboost,CUSCO
2016-11-28,1.716842015172783,1.3211739785411727,1.1881664334749198,1.4527607671397043,xgboost,CUSCO
2016-12-05,1.5374704613487609,1.5298662837500145,1.4248463828998297,1.6616418497167256,xgboost,CUSCO
2016-12-12,1.6399684921053448,1.3619298315256476,1.2363403188200675,1.4903614052547671,xgboost,CUSCO
2016-12-19,1.5374704613487609,1.6744630060339796,1.529817126106948,1.7761805584072603,xgboost,CUSCO
2016-12-26,1.691217507483637,1.5407119423765872,1.4242417359612625,1.6703056287541582,xgboost,CUSCO
2017-01-02,1.76164630769067,1.673101350176655,1.5491446599783856,1.8054093207659854,xgboost,CUSCO
2017-01-09,1.526542453020248,1.5787865817719509,1.4271996395658415,1.711466819811531,xgboost,CUSCO
2017-01-16,1.4953138384959672,1.4807056358468642,1.348279646726079,1.6110095393788835,xgboost,CUSCO
2017-01-23,1.39393662910641,1.3673031067745645,1.2756828666612106,1.4620912965669113,xgboost,CUSCO
2017-01-30,1.5206581408433564,1.34303767192448,1.2669428286718194,1.4371104902744707,xgboost,CUSCO
2017-02-06,1.622035350232914,1.3685198619535839,1.27893393073488,1.4786070374725773,xgboost,CUSCO
2017-02-13,1.6473796525803028,1.5358584455739601,1.39129626548346,1.6653886938631668,xgboost,CUSCO
2017-02-20,1.6473796525803028,1.499293855121633,1.3520025341645752,1.5918609396982242,xgboost,CUSCO
2017-02-27,1.4192809314537993,1.5792406741694822,1.450760161145734,1.6844100170630594,xgboost,CUSCO
2017-03-06,1.2672151173694637,1.461834493825462,1.3804406301011702,1.5703737730617369,xgboost,CUSCO
2017-03-13,1.1404936056325172,1.3243729595456797,1.2341982079676834,1.4014644166098997,xgboost,CUSCO
2017-03-20,1.0644606985903493,1.1632063539438073,1.0853781064361006,1.2974779194405275,xgboost,CUSCO
2017-03-27,1.2925594197168528,1.0847732347328591,1.0116671797481704,1.1593486460361646,xgboost,CUSCO
2017-04-03,1.4192809314537993,1.294052857915404,1.2085032116067,1.3828003585709343,xgboost,CUSCO
2017-04-10,1.6220353502329135,1.4006593978808246,1.3133722640839915,1.4957636873381144,xgboost,CUSCO
2017-04-17,1.4446252338011885,1.4926241688137905,1.3841317977980305,1.5879342326522194,xgboost,CUSCO
2017-04-24,1.4446252338011887,1.3897945886005296,1.2991853781960998,1.493010931675416,xgboost,CUSCO
2017-05-01,1.4192809314537993,1.435852981586313,1.3460384235764138,1.5290765596861808,xgboost,CUSCO
2017-05-08,1.3432480244116316,1.416157541191635,1.3410708854925981,1.5154482525161876,xgboost,CUSCO
2017-05-15,1.4192809314537993,1.4064089209496309,1.3247555094178944,1.4916731924623001,xgboost,CUSCO
2017-05-22,1.5206581408433564,1.480298606318007,1.3848654583660924,1.5643521728943446,xgboost,CUSCO
2017-05-29,1.5460024431907458,1.5312580221884364,1.4317779137223876,1.6089048928592549,xgboost,CUSCO
2017-06-05,1.4192809314537993,1.5495880619720521,1.4721603850979015,1.648813003946228,xgboost,CUSCO
2017-06-12,1.4446252338011885,1.50141488886694,1.4283471626538418,1.5704102363997017,xgboost,CUSCO
2017-06-19,1.6473796525803028,1.5625670794913284,1.4855233502106355,1.641301408107883,xgboost,CUSCO
2017-06-26,1.850134071359417,1.733327544500187,1.6147011597826244,1.8971562250371374,xgboost,CUSCO
2017-07-03,2.382364420654592,1.7383996778856554,1.598777262903849,1.8812025247602586,xgboost,CUSCO
2017-07-10,2.3063315136124243,1.8377017999577827,1.6553496163818013,1.9960915892898017,xgboost,CUSCO
2017-07-17,2.483741630044149,1.8452985653136407,1.7005331355267732,2.05198959747216,xgboost,CUSCO
2017-07-24,2.1796100018754774,1.8380911874293533,1.6673509781229108,2.026849317215168,xgboost,CUSCO
2017-07-31,2.1796100018754774,2.135923140821226,1.9644230861118126,2.2919639503936735,xgboost,CUSCO
2017-08-07,2.0021998854437526,2.1515060036727864,1.986947937920743,2.3051871633842818,xgboost,CUSCO
2017-08-14,1.6980682572750814,2.0631623417353566,1.915606605568227,2.2950004243155337,xgboost,CUSCO
2017-08-21,1.850134071359417,1.7262185476010523,1.6068901987401565,1.8172694938399003,xgboost,CUSCO
2017-08-28,1.7741011643172493,1.7967392487186922,1.7030466355909324,1.8978805521280226,xgboost,CUSCO
2017-09-04,1.7994454666646387,1.686505597869271,1.6001495672797807,1.7927636471165924,xgboost,CUSCO
2017-09-11,1.672723954927692,1.7251654565913275,1.6346354266039496,1.8391720090883585,xgboost,CUSCO
2017-09-18,1.6473796525803028,1.6897519153821825,1.5685474380827136,1.8107770481054681,xgboost,CUSCO
2017-09-25,1.850134071359417,1.658796465343617,1.5916696919095858,1.738026905719593,xgboost,CUSCO
2017-10-02,2.027544187791142,1.6824964198997756,1.587583176863047,1.762601714500627,xgboost,CUSCO
2017-10-09,2.0021998854437526,1.6897794908572155,1.5901301825705871,1.8578393721837383,xgboost,CUSCO
2017-10-16,1.7994454666646387,1.6254957737371878,1.5211876053774271,1.7389008132486639,xgboost,CUSCO
2017-10-23,1.7741011643172493,1.6988128141815928,1.6451016007325576,1.7875622411760013,xgboost,CUSCO
2017-10-30,1.672723954927692,1.6733051400634187,1.6068131300283128,1.7588430211283412,xgboost,CUSCO
2017-11-06,1.7234125596224708,1.5603456627876169,1.4804585714535958,1.6410544059751615,xgboost,CUSCO
2017-11-13,1.6473796525803028,1.676509821575149,1.5847183626327956,1.7696586564857242,xgboost,CUSCO
2017-11-20,1.824789769012028,1.6736843995032098,1.6216334279002915,1.740865102842828,xgboost,CUSCO
2017-11-27,2.027544187791142,1.7601479955028114,1.6919071815204334,1.8253941870153494,xgboost,CUSCO
2017-12-04,2.0528884901385314,1.8312324686700108,1.7089719705240656,1.92239205331981,xgboost,CUSCO
2017-12-11,2.10357709483331,1.8296783279547593,1.7228923498713404,1.9337477847211173,xgboost,CUSCO
2017-12-18,1.6980682572750814,2.0563014260005303,1.9787979081584834,2.14431414653178,xgboost,CUSCO
2017-12-25,1.6473796525803028,1.7798916231994284,1.719932687915174,1.846522951024334,xgboost,CUSCO
2018-01-01,1.6446280205631993,1.7926314796661096,1.737261282507383,1.8709053084571057,xgboost,CUSCO
2018-01-08,2.3497843452251908,1.7666224365771104,1.6897285085147413,1.8205724460154566,xgboost,CUSCO
2018-01-15,2.524239005045953,2.0886635084238803,1.8751333540688926,2.334444192078771,xgboost,CUSCO
2018-01-22,2.5747237851468725,2.008916788239381,1.8379575514761979,2.2045365269846817,xgboost,CUSCO
2018-01-29,2.044633594087222,1.9878891843339432,1.8126228884605347,2.186392543815665,xgboost,CUSCO
2018-02-05,1.8931792537844647,1.9128760053321687,1.805568848817968,2.0353023217857342,xgboost,CUSCO
2018-02-12,1.716482523431248,1.8908521853286828,1.8069143287180667,2.0376156982832963,xgboost,CUSCO
2018-02-19,1.4135738428257334,1.7858982307302707,1.6521181043080841,1.9501317001129763,xgboost,CUSCO
2018-02-26,1.3883314527752741,1.523073203094404,1.4385648624765779,1.618858442740221,xgboost,CUSCO
2018-03-05,1.3630890627248144,1.4731375235190627,1.3555754709985903,1.582564406341612,xgboost,CUSCO
2018-03-12,1.766967303532167,1.4297089760453994,1.3623986820756626,1.4943926538438865,xgboost,CUSCO
2018-03-19,1.7164825234312477,1.641426256087337,1.5307280547306876,1.739730581564681,xgboost,CUSCO
2018-03-26,1.9689064239358434,1.6143798202657675,1.5112805895278087,1.7357887290660912,xgboost,CUSCO
2018-04-02,1.6912401333807885,1.7635085026883321,1.6534554698262849,1.9144786200665638,xgboost,CUSCO
2018-04-09,1.9436640338853841,1.6296316618567144,1.5652050497805214,1.725216136008486,xgboost,CUSCO
2018-04-16,1.8174520836330863,1.8043303199593332,1.7214716478287067,1.9287481130848845,xgboost,CUSCO
2018-04-23,2.0698759841376813,1.6882924220271995,1.6268796818399438,1.8083588781967415,xgboost,CUSCO
2018-04-30,1.7164825234312477,1.9961858815282854,1.8867311006709067,2.123054684166323,xgboost,CUSCO
2018-05-07,1.489301012977112,1.8094769393546322,1.6965030237110996,1.9183175004543054,xgboost,CUSCO
2018-05-14,1.5145434030275713,1.5738781474528702,1.465033965318039,1.6890629409383286,xgboost,CUSCO
2018-05-21,1.7417249134817074,1.6272326238631984,1.5154403061115636,1.7861888377165829,xgboost,CUSCO
2018-05-28,2.1456031542890597,1.9274471797537895,1.786750542379611,2.0461045798284094,xgboost,CUSCO
2018-06-04,2.2718151045413575,2.303563457191914,2.175958916519503,2.445024739050417,xgboost,CUSCO
2018-06-11,2.9887772096541014,2.333921524855567,2.166556228902537,2.4545877242947367,xgboost,CUSCO
2018-06-18,3.1149891599063992,2.172343416651397,2.004806848635277,2.313270275952359,xgboost,CUSCO
2018-06-25,3.518867400713752,2.134974127108717,1.9952509480153335,2.249479052154359,xgboost,CUSCO
2018-07-02,3.1048139762065223,2.7444856891948466,2.396692898590046,2.7444856891948466,xgboost,CUSCO
2018-07-09,3.029086806055144,2.5482882577386876,2.323862958826916,2.7444856891948466,xgboost,CUSCO
2018-07-16,2.70093573539917,2.360183153449687,2.1113114839455718,2.67669624451153,xgboost,CUSCO
2018-07-23,2.6756933453487104,2.3317768639856493,2.1521616488056803,2.4855035452244585,xgboost,CUSCO
2018-07-30,2.625208565247791,2.445821137576566,2.3317963258013816,2.614081857367733,xgboost,CUSCO
2018-08-06,2.801905295601008,2.3338269368062883,2.208591457945711,2.4507926198734724,xgboost,CUSCO
2018-08-13,2.7766629055505483,2.349092226689262,2.171611358579883,2.526919589257361,xgboost,CUSCO
2018-08-20,2.72617812544963,2.2808506135290667,2.09393690959645,2.4680236253928762,xgboost,CUSCO
2018-08-27,2.473754224945034,2.5129390990835643,2.3197050904767678,2.6555891028394774,xgboost,CUSCO
2018-09-03,2.0193912040367628,2.3674660970535277,2.1995883487979926,2.5470110611101475,xgboost,CUSCO
2018-09-10,1.9689064239358434,1.996853512593015,1.8727012535675691,2.084525167316783,xgboost,CUSCO
2018-09-17,1.7417249134817077,1.927068911068829,1.8014754958484864,2.0625730343755095,xgboost,CUSCO
2018-09-24,1.9436640338853841,1.7671874538189047,1.675402576626457,1.8767083448244684,xgboost,CUSCO
2018-10-01,1.8426944736835458,1.8133052879589298,1.7293275539242756,1.9079212627986488,xgboost,CUSCO
2018-10-08,1.665997743330329,1.8220196511573432,1.7379998147995144,1.9463191075203148,xgboost,CUSCO
2018-10-15,1.665997743330329,1.7079520121079073,1.66224382152631,1.8189075485973254,xgboost,CUSCO
2018-10-22,1.665997743330329,1.772595415128235,1.6966658421447258,1.8668365819277362,xgboost,CUSCO
2018-10-29,1.8426944736835458,1.747990016753195,1.6936858777031696,1.807618771702789,xgboost,CUSCO
2018-11-05,1.9941488139863033,1.8317266252745685,1.7432143648850895,1.933840114891115,xgboost,CUSCO
2018-11-12,2.1708455443395196,1.8246640702764563,1.762882645386593,1.8992938046396117,xgboost,CUSCO
2018-11-19,2.347542274692737,2.1064657800297586,1.9677807469766089,2.3045095373535123,xgboost,CUSCO
2018-11-26,2.221330324440439,2.298610612378349,2.127526938024712,2.4539352448676595,xgboost,CUSCO
2018-12-03,1.8679368637340052,2.1549465598763504,2.047205044170049,2.281195197657586,xgboost,CUSCO
2018-12-10,1.5397857930780312,1.9604727361343843,1.8431570727017317,2.0838791789479876,xgboost,CUSCO
2018-12-17,1.1359075522706787,1.538458783947261,1.4009307127056436,1.7100800243042147,xgboost,CUSCO
2018-12-24,1.1611499423211384,1.2617904744536121,1.1352796300809154,1.3539923950591553,xgboost,CUSCO
2018-12-31,1.2116347224220574,1.2985857600476869,1.1460211270395073,1.4279740496158801,xgboost,CUSCO
2019-01-07,1.4316865024751626,1.3795103280180987,1.2495615822274293,1.565145725989825,xgboost,CUSCO
2019-01-14,1.6483610418119896,1.532276027805132,1.4176446573651829,1.6133443846305762,xgboost,CUSCO
2019-01-21,1.8401684400668323,1.6852325600472609,1.571225740784968,1.7930349928445122,xgboost,CUSCO
2019-01-28,1.9147698633127852,1.7339685430636533,1.6033675675218573,1.8165166306463938,xgboost,CUSCO
2019-02-04,1.8153012989848485,1.7325466223085257,1.5972493218904413,1.8686911945823692,xgboost,CUSCO
2019-02-11,1.5914970292469903,1.7435868621211004,1.6404731211815748,1.824521301977036,xgboost,CUSCO
2019-02-18,1.5417627470830222,1.5984479680784656,1.5135882794278104,1.6763166347902902,xgboost,CUSCO
2019-02-25,1.7158327346569113,1.4974522278811415,1.428512606989617,1.5816956016641803,xgboost,CUSCO
2019-03-04,1.9147698633127854,1.6646030408999692,1.5878458472494954,1.7336283095525176,xgboost,CUSCO
2019-03-11,1.8650355811488168,1.7905216427830783,1.6908391162234249,1.8794733485473119,xgboost,CUSCO
2019-03-18,1.6412313114109587,1.8499176147179048,1.7310059574824985,1.961907686721407,xgboost,CUSCO
2019-03-25,1.4920284649190532,1.7496484294083137,1.6213115489115884,1.8380461903171255,xgboost,CUSCO
2019-04-01,1.59149702924699,1.5782183871652589,1.477089509760255,1.6602331269453583,xgboost,CUSCO
2019-04-08,1.6909655935749273,1.7328792281345706,1.6113665750988726,1.8218416953718706,xgboost,CUSCO
2019-04-15,1.6163641703289746,1.769401796883414,1.6830752814189758,1.8731088011579236,xgboost,CUSCO
2019-04-22,1.6163641703289746,1.676343753481079,1.5942253588813209,1.7679264712529348,xgboost,CUSCO
2019-04-29,1.4920284649190532,1.75628223734419,1.641550795070643,1.855288810323886,xgboost,CUSCO
2019-05-06,1.6163641703289742,1.5344019393661927,1.4718938392632646,1.6274232072157528,xgboost,CUSCO
2019-05-13,1.7655670168208797,1.6944752875819904,1.6039161611595856,1.8002624749438385,xgboost,CUSCO
2019-05-20,1.7904341579028642,1.779526125266534,1.6656093727979304,1.8856160064418381,xgboost,CUSCO
2019-05-27,1.9396370043947695,1.7955099497270317,1.6924176219042368,1.8818661776979053,xgboost,CUSCO
2019-06-03,1.9147698633127852,1.9296567006123395,1.8085600896670022,2.0786427385688473,xgboost,CUSCO
2019-06-10,2.1137069919686593,2.043684956994902,1.9474039011145048,2.208984303236521,xgboost,CUSCO
2019-06-17,2.163441274132628,2.2235922540148256,2.0558063286959203,2.384294741227909,xgboost,CUSCO
2019-06-24,2.436979826034454,2.3574351997852236,2.2206761038005682,2.5022327140186054,xgboost,CUSCO
2019-07-01,2.7602526601002495,2.526730816040683,2.3223865177182357,2.726131483593237,xgboost,CUSCO
2019-07-08,2.735385519018265,2.763982604241903,2.6227040295234447,2.9319238024922876,xgboost,CUSCO
2019-07-15,2.8099869422642176,2.619786695105751,2.5135811397830583,2.7210441040105584,xgboost,CUSCO
2019-07-22,3.0835254941660444,2.5909502893431786,2.4678260159606755,2.7042649293899346,xgboost,CUSCO
2019-07-29,3.3570640460678707,2.7561541813666266,2.6137695175705002,2.883548494774235,xgboost,CUSCO
2019-08-05,3.406798328231839,2.7623272591031194,2.5851361827553276,2.884009162376047,xgboost,CUSCO
2019-08-12,2.8099869422642176,2.6543294794065964,2.4567671256837715,2.772753258715438,xgboost,CUSCO
2019-08-19,2.6110498136083438,2.576598307122545,2.4499584693719334,2.682200980395401,xgboost,CUSCO
2019-08-26,2.312644120624533,2.4669848549448616,2.2802045669428446,2.583448850257935,xgboost,CUSCO
2019-09-02,2.138574133050644,2.2830920358232363,2.162628691952837,2.4700193673896216,xgboost,CUSCO
2019-09-09,2.0142384276407226,2.1181966383165283,1.9577124572073026,2.235906595137089,xgboost,CUSCO
2019-09-16,1.8650355811488175,1.9368228223063888,1.7808117110325323,2.0784254805694142,xgboost,CUSCO
2019-09-23,1.9893712865587385,1.850398382630598,1.788943303449039,1.9359281118090415,xgboost,CUSCO
2019-09-30,1.964504145476754,1.8449024236209821,1.778713122738741,1.922218915437421,xgboost,CUSCO
2019-10-07,1.9396370043947702,1.8403446616588388,1.7831059641610287,1.9147183586449454,xgboost,CUSCO
2019-10-14,2.039105568722707,1.8343392567479213,1.7747972158077765,1.8852180348728236,xgboost,CUSCO
2019-10-21,1.964504145476754,1.9306976275285932,1.864866708030381,1.9975509511585339,xgboost,CUSCO
2019-10-28,2.0142384276407226,1.8890235399011057,1.7812927570870816,1.9797031965686156,xgboost,CUSCO
2019-11-04,1.7655670168208804,1.919112190665849,1.847223418399088,2.0032744978850503,xgboost,CUSCO
2019-11-11,1.7158327346569118,1.7491659742273478,1.6575523980766276,1.85226378204153,xgboost,CUSCO
2019-11-18,1.7158327346569118,1.7278117917920444,1.664468521453705,1.7913737051201757,xgboost,CUSCO
2019-11-25,1.7904341579028644,1.7310964650180345,1.6678961985726328,1.8072958103386572,xgboost,CUSCO
2019-12-02,1.8899027222308016,1.7976652462823366,1.7144387881403573,1.8879640202213692,xgboost,CUSCO
2019-12-09,2.063972709804691,1.882644412680866,1.770010639047139,1.9757491571129526,xgboost,CUSCO
2019-12-16,2.138574133050644,1.8718897553666392,1.7181823486346106,2.051038705747602,xgboost,CUSCO
2019-12-23,2.0639727098046907,1.9622268944884305,1.7925872033043568,2.1311988601698078,xgboost,CUSCO
2019-12-30,1.6163641703289748,1.838805146837288,1.6789370905291403,2.054364118348211,xgboost,CUSCO
2020-01-06,1.6815258008843887,1.6696926047248735,1.563101728409319,1.8442988206050392,xgboost,CUSCO
2020-01-13,1.7976397513702924,1.7504811259035935,1.6444461302613873,1.8794452013671663,xgboost,CUSCO
2020-01-20,2.0632610577897315,1.7442655977227708,1.6297249227757944,1.8669107434077772,xgboost,CUSCO
2020-01-27,1.891322636307254,1.8285920161045517,1.6784399022022012,2.0254023798273235,xgboost,CUSCO
2020-02-03,1.7193842148247764,1.7865106995705178,1.651045600133145,1.961863551186362,xgboost,CUSCO
2020-02-10,1.5228831617019447,1.746153856120329,1.6603290588366224,1.8247654266801887,xgboost,CUSCO
2020-02-17,1.4246326351405287,1.6271147102730672,1.515734939599817,1.7460608854518667,xgboost,CUSCO
2020-02-24,1.473757898421237,1.5823481397654697,1.4727662243858344,1.6759559823325465,xgboost,CUSCO
2020-03-02,1.793072109745838,1.580165400530548,1.4805860187140885,1.6755728921841382,xgboost,CUSCO
2020-03-09,1.965010531228316,1.9174416434936434,1.7887348538348127,2.0188308000139696,xgboost,CUSCO
2020-03-16,1.8667600046669,1.8392119471392736,1.719677197815577,1.9672879625543676,xgboost,CUSCO
2020-03-23,1.5720084249826527,1.905539358311435,1.7696121030422283,2.0123309496587667,xgboost,CUSCO
2020-03-30,1.2526942136580512,1.7116829090358585,1.5760474300026908,1.8176570852771237,xgboost,CUSCO
2020-04-06,1.1053184238159275,1.387147900117756,1.2924742348797642,1.4533299739487888,xgboost,CUSCO
2020-04-13,1.0316305288948657,1.2699197256887018,1.2039230490975215,1.3538323080702233,xgboost,CUSCO
2020-04-20,0.9825052656141576,1.2128901552168956,1.1340706283886326,1.294275065010697,xgboost,CUSCO
2020-04-27,0.884254739052742,1.1927955372805241,1.0471160040861538,1.3284404085121384,xgboost,CUSCO
2020-05-04,0.7614415808509722,1.0425117300028977,0.9405183057501968,1.1820680630119733,xgboost,CUSCO
2020-05-11,0.6140657910088486,0.9895866199030661,0.8677271098957235,1.1162990597479212,xgboost,CUSCO
2020-05-18,0.6386284226492025,0.9636389964716842,0.8617565057825877,1.077920156787964,xgboost,CUSCO
2020-05-25,0.6386284226492025,1.0642955359662871,0.9638840977253299,1.173102023313806,xgboost,CUSCO
2020-06-01,0.7123163175702644,0.7649555154805484,0.6745708633982116,0.8986547080015092,xgboost,CUSCO
2020-06-08,0.6631910542895564,0.8497095370553479,0.7554370460027828,0.9656987278032116,xgboost,CUSCO
2020-06-15,0.6877536859299104,0.8801767268398517,0.7815607274475024,1.0252979962494049,xgboost,CUSCO
2020-06-22,0.6877536859299104,0.8639891037894601,0.7618426739919378,1.0040233055437526,xgboost,CUSCO
2020-06-29,0.9579426339738039,0.7433395993827276,0.7055806762651362,0.828643208906337,xgboost,CUSCO
2020-07-06,1.1298810554562815,0.8713803638209344,0.7689530950526011,0.9509663777447045,xgboost,CUSCO
2020-07-13,1.5228831617019445,0.8948762635720157,0.79902159885435,1.0182570011104632,xgboost,CUSCO
2020-07-20,2.1615115843511474,1.2766271257412845,1.1708278138002424,1.3950696481257896,xgboost,CUSCO
2020-07-27,3.0428434395586543,2.283591859829708,1.972840317877468,2.5470820983818117,xgboost,CUSCO
2020-08-03,3.7767995049240386,2.739156956158833,2.464576171694987,3.0267039006048715,xgboost,CUSCO
2020-08-10,3.948737926406516,2.762304833951971,2.5423295458237396,3.001820039775475,xgboost,CUSCO
2020-08-17,3.9487379264065154,2.6979530297006824,2.487565056458307,2.908974918042227,xgboost,CUSCO
2020-08-24,3.9487379264065154,2.9605860505277537,2.6412943377698657,3.3323649353116354,xgboost,CUSCO
2020-08-31,3.8504873998451004,2.8389975102275415,2.5505405422914187,3.148640757092461,xgboost,CUSCO
2020-09-07,3.5832213356464417,2.8360852526441884,2.570845322960164,3.117486033900898,xgboost,CUSCO
2020-09-14,2.947515796842474,2.7064120853877354,2.504072278627144,2.9976498986898408,xgboost,CUSCO
2020-09-21,2.5545136905968104,2.8117649643806426,2.6134757273937304,3.0395447191382727,xgboost,CUSCO
2020-09-28,2.0878236894300852,2.404143844572987,2.2263060433225506,2.6109084494467067,xgboost,CUSCO
2020-10-05,1.8913226363072537,2.0762680456800164,1.9361727649452039,2.19861549264154,xgboost,CUSCO
2020-10-12,1.5228831617019445,1.926988308469588,1.790363635607959,2.058534185076213,xgboost,CUSCO
2020-10-19,1.4000700035001747,1.5043751499782512,1.354267556854628,1.6477610901692605,xgboost,CUSCO
2020-10-26,1.4000700035001747,1.5371057309880987,1.431372245783652,1.7082309369345194,xgboost,CUSCO
2020-11-02,1.350944740219467,1.5945272100645909,1.5010378536376792,1.791276208823733,xgboost,CUSCO
2020-11-09,1.3263821085791128,1.5922076316004043,1.5033256864746996,1.716262323914406,xgboost,CUSCO
2020-11-16,1.301819476938759,1.45041077061369,1.367357572873775,1.592274379749465,xgboost,CUSCO
2020-11-23,1.5228831617019445,1.4843126773884574,1.3988641412324623,1.6085163201786838,xgboost,CUSCO
2020-11-30,1.5720084249826523,1.5484941322272459,1.432277446383587,1.6716964354582777,xgboost,CUSCO
2020-12-07,1.5474457933422983,1.5156841072371408,1.3743344947842997,1.6369583919027006,xgboost,CUSCO
2020-12-14,1.4000700035001747,1.4985593943447166,1.4326072869468656,1.5708240855709124,xgboost,CUSCO
2020-12-21,1.3755073718598207,1.4157432478268734,1.3590576557524172,1.47001660327039,xgboost,CUSCO
2020-12-28,1.1790063187369892,1.3867976198969736,1.3144096881495095,1.44007536909896,xgboost,CUSCO
2021-01-04,1.3697442800603732,1.229666289331154,1.1361353278010489,1.3167266064776688,xgboost,CUSCO
2021-01-11,1.778779642083208,1.4134820874026046,1.298268475153941,1.4989354601497875,xgboost,CUSCO
2021-01-18,2.287218149027348,1.8334804970047203,1.7242540377386102,1.9417791156932347,xgboost,CUSCO
2021-01-25,2.700863984489741,2.185898020630278,2.0091176618104654,2.3200937295950737,xgboost,CUSCO
2021-02-01,3.1145098199521333,2.401304795932751,2.24003791374655,2.697105410088618,xgboost,CUSCO
2021-02-08,3.576819871351278,3.216611985602437,2.896766081811745,3.483146231386269,xgboost,CUSCO
2021-02-15,3.902893193053717,3.1086094018086414,2.798664067083647,3.3109776567522613,xgboost,CUSCO
2021-02-22,3.7325684372750847,3.1714478734638165,2.834041679587979,3.382903130137821,xgboost,CUSCO
2021-03-01,3.5135794655596997,3.125384385111278,2.848643934446754,3.330167446942407,xgboost,CUSCO
2021-03-08,2.9685171721418766,3.1622847141475368,2.903561581153179,3.324224432727599,xgboost,CUSCO
2021-03-15,2.8955208482367483,2.792558861732855,2.6009558930082406,2.998103606702479,xgboost,CUSCO
2021-03-22,3.2118382518256374,2.6789844248732315,2.5344265631513783,2.873717146651794,xgboost,CUSCO
2021-03-29,3.6011519793196545,2.8836045127401415,2.735429735440036,3.018722359999355,xgboost,CUSCO
2021-04-05,3.576819871351278,2.959296849744405,2.6202182330271535,3.2625160974937404,xgboost,CUSCO
2021-04-12,3.5865757894648276,2.846241979544181,2.5999103494542104,3.1289272431387944,xgboost,CUSCO
2021-04-19,3.742324355388634,2.788237362430811,2.5159597645913134,3.0653895559156075,xgboost,CUSCO
2021-04-26,3.9856454350723944,2.8209375514201547,2.5549909180165473,3.1064142849125447,xgboost,CUSCO
2021-05-03,3.7325684372750842,3.431786565323647,3.232120835965655,3.682685454235903,xgboost,CUSCO
2021-05-10,3.601151979319654,3.443061814532946,3.21444407079311,3.703160366539085,xgboost,CUSCO
2021-05-17,3.406495115572646,3.41238154901896,3.1946333839959618,3.6698417207672014,xgboost,CUSCO
2021-05-24,3.6011519793196545,3.3346281293811035,3.1035765235817943,3.4814486602498955,xgboost,CUSCO
2021-05-31,3.479491439477774,3.5801084384799333,3.4406488356193305,3.7149034575881332,xgboost,CUSCO
2021-06-07,3.333498791667518,3.459959114539907,3.313715088715193,3.613247128669044,xgboost,CUSCO
2021-06-14,2.6278676605846125,3.471452089897946,3.332057653612559,3.6175342668606474,xgboost,CUSCO
2021-06-21,1.9952328534068353,2.803090852622453,2.6472721264602277,2.9761044095968545,xgboost,CUSCO
2021-06-28,1.5085906940393141,1.9451041071273003,1.75531804002748,2.112395805457726,xgboost,CUSCO
2021-07-05,1.3139338302923058,1.5021339328445642,1.3829793180118115,1.6772148881772486,xgboost,CUSCO
2021-07-12,1.0949448585769215,1.4647501177822493,1.371208790347471,1.569564971519592,xgboost,CUSCO
2021-07-19,1.1192769665452975,1.2548322998564796,1.1596217800064206,1.3442971481606096,xgboost,CUSCO
2021-07-26,1.1192769665452973,1.2819080764397828,1.0625235135636635,1.462199455223374,xgboost,CUSCO
2021-08-02,1.0462806426401692,1.327927234947591,1.1335683726408,1.4807097759745091,xgboost,CUSCO
2021-08-09,1.0219485346717934,1.223257186927496,1.0625905147617538,1.348480789893792,xgboost,CUSCO
2021-08-16,0.9732843187350412,1.121194073267148,0.9988817757683819,1.2732144501427989,xgboost,CUSCO
2021-08-23,1.240937506387178,0.9861481532840723,0.9167193188871748,1.037773632591246,xgboost,CUSCO
2021-08-30,1.2652696143555537,1.1958848643167799,1.0457165744565986,1.333253334535123,xgboost,CUSCO
2021-09-06,1.2652696143555537,1.3093538488326393,1.2160487391492325,1.4571958245969545,xgboost,CUSCO
2021-09-13,1.4355943701341858,1.3270746012041545,1.2362830021583544,1.4809465140517415,xgboost,CUSCO
2021-09-20,1.5572549099760664,1.5894350856527555,1.459998034772948,1.7600953503598205,xgboost,CUSCO
2021-09-27,1.7519117737230747,1.6524025028806242,1.5207698769006446,1.793915133450775,xgboost,CUSCO
2021-10-04,1.5329228020076904,1.9006323648470702,1.7719427166853141,2.0103644538916385,xgboost,CUSCO
2021-10-11,1.4599264781025623,1.6329023138349412,1.5247927108233512,1.7544562970694912,xgboost,CUSCO
2021-10-18,1.386930154197434,1.5442883995277845,1.478828504367689,1.613239555230065,xgboost,CUSCO
2021-10-25,1.4112622621658104,1.519982842172099,1.4725560575271088,1.6070845898255866,xgboost,CUSCO
2021-11-01,1.2896017223239298,1.514096225752593,1.441415965223934,1.6367121102290656,xgboost,CUSCO
2021-11-08,1.338265938260682,1.4211503369049077,1.3325686408636,1.4835028305524949,xgboost,CUSCO
2021-11-15,1.4355943701341862,1.3831107055218326,1.3184385591426857,1.449947233151409,xgboost,CUSCO
2021-11-22,1.4355943701341862,1.5073136576037518,1.4257438042460835,1.5597177558434003,xgboost,CUSCO
2021-11-29,1.5815870179444425,1.4995083804402196,1.4052984309532106,1.562307127664604,xgboost,CUSCO
2021-12-06,1.4112622621658104,1.5298848312070878,1.4422754104762274,1.6524507224491651,xgboost,CUSCO
2021-12-13,1.484258586070938,1.4259606923382446,1.3530408722851295,1.506383220453117,xgboost,CUSCO
2021-12-20,1.240937506387178,1.4868955861698665,1.3904141528864133,1.5729269962507646,xgboost,CUSCO
2021-12-27,1.1679411824820496,1.3181869293428954,1.2080980699340156,1.412497314943657,xgboost,CUSCO
2022-01-03,1.2849039448607722,1.312039136096234,1.1430251993644724,1.4465055769044182,xgboost,CUSCO
2022-01-10,1.6438724092335708,1.4609137460806223,1.3367419371646,1.6008399442513923,xgboost,CUSCO
2022-01-17,1.9556799464578285,1.8092666201363714,1.663971001454655,1.987323617442459,xgboost,CUSCO
2022-01-24,2.2454103088960253,2.027127889679182,1.908277988790755,2.210421830681002,xgboost,CUSCO
2022-01-31,2.1488335214166265,2.445243637885818,2.2535605993275274,2.6330367355679387,xgboost,CUSCO
2022-02-07,2.0522567339372273,2.204859342134992,1.9952498768303126,2.4119283722898097,xgboost,CUSCO
2022-02-14,1.5935169934100823,1.9479383649708533,1.830662810438342,2.0876360404648384,xgboost,CUSCO
2022-02-21,1.448651812190984,1.6117456093244182,1.5516059219142686,1.7138792032883223,xgboost,CUSCO
2022-02-28,1.4727960090608336,1.5259704142627804,1.4237308517058969,1.6249931703720952,xgboost,CUSCO
2022-03-07,1.352075024711585,1.564457792553936,1.48515108031733,1.6544893936664802,xgboost,CUSCO
2022-03-14,1.1830656466226368,1.482811782562799,1.3924397909103687,1.5768846900603593,xgboost,CUSCO
2022-03-21,1.0623446622733879,1.3006933358942778,1.1873243116686785,1.42109420026326,xgboost,CUSCO
2022-03-28,1.4969402059306833,1.1815242140560973,1.0735224375293493,1.2972144613038836,xgboost,CUSCO
2022-04-04,1.5452285996703825,1.4290900859065803,1.3188669868136285,1.5462225380886963,xgboost,CUSCO
2022-04-11,1.8108147652387299,1.5509681463878937,1.4747072060390698,1.6544583827477388,xgboost,CUSCO
2022-04-18,1.5210844028005333,1.7591015326964186,1.663664405176737,1.86096069141706,xgboost,CUSCO
2022-04-25,1.4969402059306833,1.5124879313350639,1.4413945739171388,1.5798312368445904,xgboost,CUSCO
2022-05-02,1.0140562685336885,1.4750917789601052,1.4046033450238957,1.5522640896763615,xgboost,CUSCO
2022-05-09,1.3037866309718853,1.091555537213072,0.9896978591229806,1.2316259405017191,xgboost,CUSCO
2022-05-16,1.4969402059306833,1.2836763773484234,1.1464797435215985,1.400767576698817,xgboost,CUSCO
2022-05-23,1.8108147652387299,1.590507832848299,1.4795162268191067,1.680924529780788,xgboost,CUSCO
2022-05-30,1.714237977759331,2.0674091423005208,1.9084281110601873,2.2276501353675195,xgboost,CUSCO
2022-06-06,1.7383821746291808,1.8444727672135612,1.7484273787808133,1.9435737796278947,xgboost,CUSCO
2022-06-13,1.8349589621085798,1.8498863591171195,1.7418487564203533,1.9484746831708841,xgboost,CUSCO
2022-06-20,1.9073915527181289,1.864731469807424,1.7867571865185778,2.0125744278284294,xgboost,CUSCO
2022-06-27,1.8591031589784297,1.9104515303485659,1.8100054861195574,2.0226633556461655,xgboost,CUSCO
2022-07-04,2.124689324546777,1.8746847390025694,1.7792398576399513,1.9983754384926506,xgboost,CUSCO
2022-07-11,2.2454103088960253,2.138896507348141,2.038199478931738,2.2537851749187214,xgboost,CUSCO
2022-07-18,2.293698702635725,2.3224807811775023,2.137850832746749,2.572189441107299,xgboost,CUSCO
2022-07-25,2.003968340197528,2.4812654859444594,2.2448919809772976,2.6640932064629914,xgboost,CUSCO
2022-08-01,1.81081476523873,1.982139500139683,1.8683526596663786,2.121163987290179,xgboost,CUSCO
2022-08-08,1.81081476523873,1.8468724844207651,1.7719552734839883,1.9397153432259429,xgboost,CUSCO
2022-08-15,1.7625263714990307,1.798097839193306,1.7222799097614558,1.8680305756566125,xgboost,CUSCO
2022-08-22,1.665949584019632,1.7466531362535942,1.6738181092499256,1.8204752747808997,xgboost,CUSCO
2022-08-29,1.448651812190984,1.747369966537222,1.6857623855323773,1.8391276717407214,xgboost,CUSCO
2022-09-05,1.6900937808894814,1.4500896148172773,1.3214320207628318,1.5935192694570885,xgboost,CUSCO
2022-09-12,1.6176611902799323,1.7394552704719837,1.6473788804812335,1.8563880990564543,xgboost,CUSCO
2022-09-19,1.714237977759331,1.648232852762457,1.5776950273590324,1.7444595997574797,xgboost,CUSCO
2022-09-26,1.3279308278417352,1.79533566501522,1.7210950168139088,1.8543151579136896,xgboost,CUSCO
2022-10-03,1.4727960090608336,1.4375057832375926,1.3553481691218237,1.5065075177469387,xgboost,CUSCO
2022-10-10,1.5935169934100823,1.4978488217489279,1.4406267937757578,1.5420573728700495,xgboost,CUSCO
2022-10-17,1.9073915527181289,1.5960010944192986,1.4915998269864241,1.7011139572386587,xgboost,CUSCO
2022-10-24,1.9315357495879788,1.8553500788323207,1.775101882390379,1.9530971747645756,xgboost,CUSCO
2022-10-31,1.8349589621085798,1.8742074126840134,1.7559996778037468,1.9596660804144557,xgboost,CUSCO
2022-11-07,1.641805387149782,1.842088286101474,1.7283789655499868,1.9377846950453435,xgboost,CUSCO
2022-11-14,1.7142379777593313,1.6675385887993894,1.5689518000298874,1.767890835527131,xgboost,CUSCO
2022-11-21,1.448651812190984,1.7522601378430416,1.6466996555140994,1.8725940678798243,xgboost,CUSCO
2022-11-28,1.448651812190984,1.5571255137426145,1.487940682696709,1.6349317711611067,xgboost,CUSCO
2022-12-05,1.158921449752787,1.53403699954378,1.457086421200199,1.625247276609961,xgboost,CUSCO
2022-12-12,1.255498237232186,1.2723387847240935,1.1678645749049483,1.3976966796151624,xgboost,CUSCO
2022-12-19,1.3037866309718857,1.2735285472567424,1.1851842157847057,1.3764167620168248,xgboost,CUSCO
2022-12-26,1.4245076153211345,1.3157191998699203,1.2254955883036844,1.3965834962306614,xgboost,CUSCO
2023-01-02,1.8300348202375554,1.6075469290101059,1.4705740579805195,1.7824053497186312,xgboost,CUSCO
2023-01-09,1.92248168227674,1.952119027038831,1.795480623814409,2.056728097360083,xgboost,CUSCO
2023-01-16,1.7989015187765738,1.9785386961582085,1.8606735391256384,2.074703283977678,xgboost,CUSCO
2023-01-23,1.439121215021259,1.9057447613700556,1.805667513264241,1.9931981897005993,xgboost,CUSCO
2023-01-30,1.3431798006865083,1.5743303014413474,1.4890385883315467,1.6376186094051097,xgboost,CUSCO
2023-02-06,1.6549893972744478,1.3530140842740348,1.2581833255463868,1.476545346234979,xgboost,CUSCO
2023-02-13,1.7029601044418232,1.664617652630062,1.551140728465002,1.775245130248423,xgboost,CUSCO
2023-02-20,1.6789747508581356,1.6738147624404696,1.5730756048315644,1.7771285510381567,xgboost,CUSCO
2023-02-27,1.4870919221886343,1.6543560176438794,1.5339835318150448,1.7576412276001347,xgboost,CUSCO
2023-03-06,1.4870919221886343,1.4934308966020582,1.4259255551510581,1.5738000603552382,xgboost,CUSCO
2023-03-13,1.7269454580255108,1.571581168324413,1.4911633916129385,1.6854243095880397,xgboost,CUSCO
2023-03-20,1.9907843474460751,1.7786611172239017,1.682734825359341,1.896280504331522,xgboost,CUSCO
2023-03-27,2.4944767727035155,1.8387232523279424,1.7289085208707269,1.9564821852119774,xgboost,CUSCO
2023-04-03,2.7343303085403927,2.441870526842448,2.3056202076563697,2.608998600593315,xgboost,CUSCO
2023-04-10,2.638388894205642,2.8087607618632333,2.627081413567009,2.9640407784728118,xgboost,CUSCO
2023-04-17,2.782301015707768,2.734875380661956,2.5732022278101048,2.934904127471753,xgboost,CUSCO
2023-04-24,2.7343303085403927,2.8583734713340245,2.705513494313075,2.9851004466882882,xgboost,CUSCO
2023-05-01,3.0461399051283315,2.82889551586203,2.6483918792646994,3.0094525422244733,xgboost,CUSCO
2023-05-08,2.8782424300425187,3.226576395211635,3.003275796626172,3.3768423445316578,xgboost,CUSCO
2023-05-15,2.5904181870382663,3.0014078862380846,2.8493303516390616,3.1687743837881044,xgboost,CUSCO
2023-05-22,2.230637883282952,2.6550156611045903,2.4415882499953354,2.854722245671271,xgboost,CUSCO
2023-05-29,2.2546232368666392,2.3989255364404607,2.164688239647946,2.6602697613189865,xgboost,CUSCO
2023-06-05,2.470491419119828,2.2892102253407534,2.141079891102407,2.439792149612197,xgboost,CUSCO
2023-06-12,2.518462126287204,2.355732221178359,2.1817640471808986,2.54290220187281,xgboost,CUSCO
2023-06-19,2.446506065536141,2.380661703916414,2.1544260818830776,2.5198879955398366,xgboost,CUSCO
2023-06-26,2.830271722875143,2.424731903861756,2.331944874834107,2.511820729185794,xgboost,CUSCO
2023-07-03,2.7343303085403927,2.7026768965876022,2.592141818685907,2.858309538263227,xgboost,CUSCO
2023-07-10,2.3745500047850774,2.7467212654158977,2.619004879440859,2.8620815610353874,xgboost,CUSCO
2023-07-17,1.8468722259439492,2.493995148183831,2.377114692690972,2.6162939954301145,xgboost,CUSCO
2023-07-24,2.206652529699264,1.8476321039662975,1.7406377036157388,1.9726471815021587,xgboost,CUSCO
2023-07-31,2.326579297617702,2.1475652400116307,2.0153179690192906,2.2850953129832665,xgboost,CUSCO
2023-08-07,2.134696468948201,2.2603294886902394,2.1193636794757458,2.424596364271354,xgboost,CUSCO
2023-08-14,1.6070186901070727,2.114723753792906,1.9956248149856175,2.3135203030387665,xgboost,CUSCO
2023-08-21,1.7749161651928862,1.5573401252614592,1.4254005823207505,1.6923446042232122,xgboost,CUSCO
2023-08-28,1.8708575795276365,1.7886111877434228,1.7039097006516362,1.863566499862288,xgboost,CUSCO
2023-09-04,2.1826671761155763,1.8100352993871403,1.7172552875152316,1.9284374003240756,xgboost,CUSCO
2023-09-11,2.1107111153645133,2.1130392318948856,1.94215788246534,2.240333789100419,xgboost,CUSCO
2023-09-18,2.014769701029763,2.0199876523945206,1.8686340853860806,2.1893871491355226,xgboost,CUSCO
2023-09-25,2.0387550546134503,1.8846832502892112,1.8081904876645947,1.962198997747667,xgboost,CUSCO
2023-10-02,1.9667989938623875,1.8482533912177015,1.7824315532386508,1.9150491607680464,xgboost,CUSCO
2023-10-09,2.1107111153645133,1.8845491398008125,1.8139707449451925,1.965766613587581,xgboost,CUSCO
2023-10-16,2.0387550546134503,1.9283738653698668,1.8236473401899287,2.0154222124558925,xgboost,CUSCO
2023-10-23,1.9188282866950122,1.9230456803067058,1.8155253207824198,2.0078771231736403,xgboost,CUSCO
2023-10-30,1.8708575795276368,1.848861908779779,1.7576741014412354,1.9522334032583186,xgboost,CUSCO
2023-11-06,1.9907843474460751,1.7754624973556636,1.6704332802251827,1.9058057269608848,xgboost,CUSCO
2023-11-13,2.2546232368666392,1.9051459117195413,1.8346605984327695,1.960305105850898,xgboost,CUSCO
2023-11-20,2.35056465120139,2.158637119030316,2.012792066565036,2.288866367744423,xgboost,CUSCO
2023-11-27,2.398535358368765,2.1564306191214757,2.0112653358174244,2.308088736611699,xgboost,CUSCO
2023-12-04,2.2546232368666392,2.177757793852183,2.011617506765324,2.3923015765870503,xgboost,CUSCO
