date,actual,predicted,lower_ci,upper_ci,model,region
2011-12-26,0.9819690836853693,0.9822573843849484,0.396253044177306,1.484372895593653,random_forest,MOQUEGUA
2012-01-02,0.5868399305682147,0.9334143569806455,0.38963886329010533,1.5277873716387316,random_forest,MOQUEGUA
2012-01-09,0.388104594188134,0.6257879465935192,0.2020849713992163,1.2673636271628048,random_forest,MOQUEGUA
2012-01-16,0.5821568912822006,0.5976354574108589,0.13821595826646452,1.1463396126030916,random_forest,MOQUEGUA
2012-01-23,0.7762091883762677,0.5832414399215425,0.11706863124098194,1.2061016227025878,random_forest,MOQUEGUA
2012-01-30,1.1643137825644014,0.625315757561064,0.17736774902980365,1.1950303039325154,random_forest,MOQUEGUA
2012-02-06,1.552418376752535,0.9565784988254775,0.3857756092801373,1.508152744670912,random_forest,MOQUEGUA
2012-02-13,1.9405229709406686,1.1247073938746899,0.4867890620950794,1.6717334796997179,random_forest,MOQUEGUA
2012-02-20,1.9405229709406688,1.1209268578706657,0.35343385633767893,1.9194955663759241,random_forest,MOQUEGUA
2012-02-27,2.3286275651288024,1.1192663945635306,0.5996887706838119,1.7655051845458385,random_forest,MOQUEGUA
2012-03-05,2.1345752680347356,1.0891199849971638,0.5430296909221554,1.8969299711535197,random_forest,MOQUEGUA
2012-03-12,2.522679862222869,1.1056990819619779,0.6048174910556672,1.7808556501326631,random_forest,MOQUEGUA
2012-03-19,2.134575268034735,1.474602365594985,0.3843604960607741,2.4410406758464522,random_forest,MOQUEGUA
2012-03-26,2.1345752680347356,1.362446375637896,0.3795898507617975,2.4222239143537,random_forest,MOQUEGUA
2012-04-02,1.3583660796584682,1.2207639726610107,0.3543213156100394,2.4222239143537,random_forest,MOQUEGUA
2012-04-09,1.3583660796584682,1.079267341474928,0.34295989141149036,2.2027908299982744,random_forest,MOQUEGUA
2012-04-16,1.1643137825644014,1.1931979198309381,0.5976761710028055,2.0481280057308218,random_forest,MOQUEGUA
2012-04-23,1.3583660796584682,1.0447362423643762,0.47396491195601653,1.9434492972889668,random_forest,MOQUEGUA
2012-04-30,0.7762091883762675,1.121908869418929,0.4301028684972195,1.9894006332517615,random_forest,MOQUEGUA
2012-05-07,0.9702614854703344,0.6277946516277304,0.14682514868014393,1.705258631318516,random_forest,MOQUEGUA
2012-05-14,0.7762091883762675,0.8961716934754991,0.36260358075377463,1.4638648593543215,random_forest,MOQUEGUA
2012-05-21,1.7464706738466018,0.6506631133902167,0.24401885002966667,1.1785785900299597,random_forest,MOQUEGUA
2012-05-28,1.9405229709406686,1.0787718836761393,0.3985743237947223,1.7374643409358874,random_forest,MOQUEGUA
2012-06-04,2.3286275651288024,1.175110992801113,0.5529195185493772,2.0561788924305757,random_forest,MOQUEGUA
2012-06-11,1.9405229709406686,1.700379665767549,0.9534288218717346,2.4752279483141706,random_forest,MOQUEGUA
2012-06-18,1.552418376752535,1.6543656695642583,0.8917788307031831,2.3732777600656285,random_forest,MOQUEGUA
2012-06-25,1.746470673846602,1.480790544780685,0.8302198566385839,2.3178828057771033,random_forest,MOQUEGUA
2012-07-02,1.1643137825644014,1.5077929517567386,0.8616635999077216,2.3456477092290515,random_forest,MOQUEGUA
2012-07-09,1.3583660796584682,1.2327858033267631,0.696995971545468,2.0441984820346812,random_forest,MOQUEGUA
2012-07-16,1.1643137825644012,1.1385584239683886,0.6772582494553033,1.858038895439867,random_forest,MOQUEGUA
2012-07-23,1.9405229709406686,1.088170618885058,0.6696288658869373,1.8118350347710068,random_forest,MOQUEGUA
2012-07-30,1.552418376752535,1.2945743080528742,0.7524214603309402,2.090325080703967,random_forest,MOQUEGUA
2012-08-06,1.3583660796584682,1.2433271652874103,0.7244447985205588,1.9029127249170754,random_forest,MOQUEGUA
2012-08-13,1.7464706738466018,1.0786528359236094,0.5594730613043901,1.6624560261473786,random_forest,MOQUEGUA
2012-08-20,1.9405229709406686,1.2034974207984723,0.5773371399378813,1.880974597588499,random_forest,MOQUEGUA
2012-08-27,2.134575268034735,1.4199937686008164,0.6521392935233485,2.128562899634199,random_forest,MOQUEGUA
2012-09-03,1.552418376752535,1.5311209408060134,0.7657130204967628,2.1820131223435566,random_forest,MOQUEGUA
2012-09-10,1.3583660796584678,1.3354636616996387,0.6418050498715097,2.036057195892242,random_forest,MOQUEGUA
2012-09-17,0.9702614854703343,1.21507746282327,0.6075975432573298,1.963885512240183,random_forest,MOQUEGUA
2012-09-24,0.9702614854703343,0.9931855718703019,0.4115376737774537,1.7707214206287212,random_forest,MOQUEGUA
2012-10-01,0.9702614854703343,1.0304942087297042,0.4837167448265664,1.7170949067647336,random_forest,MOQUEGUA
2012-10-08,1.164313782564401,1.0053365861453074,0.5119840985498405,1.656822261553173,random_forest,MOQUEGUA
2012-10-15,1.164313782564401,1.1104100193630069,0.5935016506657985,1.7694665943424055,random_forest,MOQUEGUA
2012-10-22,0.9702614854703343,1.0933204192578612,0.5860431133922887,1.7430365397172862,random_forest,MOQUEGUA
2012-10-29,0.9702614854703343,1.0531616207098118,0.6452825317885784,1.6494949914252057,random_forest,MOQUEGUA
2012-11-05,0.7762091883762675,1.0893175730861386,0.6871099714453954,1.6457987764938125,random_forest,MOQUEGUA
2012-11-12,1.3583660796584678,0.898378784895435,0.36123357559478186,1.5913248270094211,random_forest,MOQUEGUA
2012-11-19,2.134575268034735,1.1657994099039313,0.5967709426778728,1.9331773271111647,random_forest,MOQUEGUA
2012-11-26,2.328627565128802,1.3807815282373146,0.8166225046733129,2.0930388756391847,random_forest,MOQUEGUA
2012-12-03,2.134575268034735,1.520846331093443,0.7454097716199019,2.3567274764553274,random_forest,MOQUEGUA
2012-12-10,1.164313782564401,1.5664101596617386,0.8232199779593855,2.322966321425454,random_forest,MOQUEGUA
2012-12-17,0.9702614854703343,1.2142699310554923,0.5065522068451676,2.1716446833362832,random_forest,MOQUEGUA
2012-12-24,0.9702614854703343,0.9515888126022446,0.33441811522750436,1.8244179154499884,random_forest,MOQUEGUA
2012-12-31,1.1643137825644012,0.9501705565107061,0.30127423408106113,1.8592197382584985,random_forest,MOQUEGUA
2013-01-07,1.54327300233261,1.1037527797993099,0.5476510266440807,1.8584619614442561,random_forest,MOQUEGUA
2013-01-14,1.5387003151226477,1.254560769993919,0.6231636864162072,2.0956943700148702,random_forest,MOQUEGUA
2013-01-21,1.3423616744235993,1.3108077046311502,0.7739095953407032,1.9763544192029028,random_forest,MOQUEGUA
2013-01-28,1.150595720934514,1.1855008188331622,0.7296138350605462,1.8647857769710516,random_forest,MOQUEGUA
2013-02-04,0.7670638139563426,1.2438914947954538,0.7483696421952438,2.031062953516095,random_forest,MOQUEGUA
2013-02-11,1.150595720934514,1.0233797957316957,0.3328135821770828,2.0596367402666336,random_forest,MOQUEGUA
2013-02-18,0.9588297674454282,1.202930589100415,0.6101614624295908,2.0277730562192504,random_forest,MOQUEGUA
2013-02-25,0.9588297674454282,1.0961698390790484,0.49351506822731345,2.0019059740695093,random_forest,MOQUEGUA
2013-03-04,0.3835319069781713,0.9440030465056531,0.5003439126928142,1.4769610781021387,random_forest,MOQUEGUA
2013-03-11,0.0,0.5956345418892182,0.21665910659422205,1.1793523878147525,random_forest,MOQUEGUA
2013-03-18,0.19176595348908565,0.4206207627096065,0.052483033663004136,1.0748882870459053,random_forest,MOQUEGUA
2013-03-25,0.19176595348908565,0.35644313831644253,0.04576004622519799,0.9462062148036599,random_forest,MOQUEGUA
2013-04-01,0.3835319069781713,0.3552708581237842,0.030131187438597388,0.9979530907320744,random_forest,MOQUEGUA
2013-04-08,0.19176595348908565,0.4097487098610122,0.04634580150521956,0.9517364426535232,random_forest,MOQUEGUA
2013-04-15,0.3835319069781713,0.3186400803447074,0.04579726119800555,0.8679531349613091,random_forest,MOQUEGUA
2013-04-22,0.7670638139563426,0.32671487684781536,0.04448161784451435,0.8377127399347643,random_forest,MOQUEGUA
2013-04-29,1.150595720934514,0.643825146377871,0.1889837707237627,1.2733173045326636,random_forest,MOQUEGUA
2013-05-06,1.150595720934514,1.0588802064812615,0.4418958881904741,1.6042170095570547,random_forest,MOQUEGUA
2013-05-13,0.9588297674454282,1.1214500170801438,0.5829994476485733,1.549415306129185,random_forest,MOQUEGUA
2013-05-20,0.9588297674454282,0.8914899986314597,0.36940500924252834,1.495722469577395,random_forest,MOQUEGUA
2013-05-27,0.7670638139563426,0.8905492159203806,0.3345745353053765,1.521917960826144,random_forest,MOQUEGUA
2013-06-03,0.3835319069781713,0.7271474550121547,0.23852281075045315,1.4573122725508258,random_forest,MOQUEGUA
2013-06-10,0.575297860467257,0.5943740194610763,0.21365675869969,1.1066913928969215,random_forest,MOQUEGUA
2013-06-17,1.150595720934514,0.6967489636427154,0.33445902629381413,1.24616211866891,random_forest,MOQUEGUA
2013-06-24,1.150595720934514,1.0549159736043858,0.4162376083941253,1.7441903915364856,random_forest,MOQUEGUA
2013-07-01,1.150595720934514,1.0837391210255547,0.4837884970964034,1.7344643659028192,random_forest,MOQUEGUA
2013-07-08,1.5341276279126852,1.0875055190924188,0.5649180786756833,1.588351982396799,random_forest,MOQUEGUA
2013-07-15,2.109425488379942,1.1664901323884616,0.6767743521879331,1.7426239949082813,random_forest,MOQUEGUA
2013-07-22,2.109425488379942,1.4282674834959455,0.6103375899707282,2.3923544347173906,random_forest,MOQUEGUA
2013-07-29,1.3423616744235993,1.603089374472974,0.8293707274503105,2.4987755010273323,random_forest,MOQUEGUA
2013-08-05,1.3423616744235993,1.2640675438518467,0.7265739717973188,1.9091833610898419,random_forest,MOQUEGUA
2013-08-12,1.150595720934514,1.237523803184521,0.7834334106169196,1.778099073783818,random_forest,MOQUEGUA
2013-08-19,1.150595720934514,1.1612527676200208,0.7118351423003086,1.7150070299780882,random_forest,MOQUEGUA
2013-08-26,0.7670638139563426,1.1679689848314911,0.7836823063151539,1.6973013175389953,random_forest,MOQUEGUA
2013-09-02,0.575297860467257,0.9290211514669257,0.3623459265295416,1.3760005001003937,random_forest,MOQUEGUA
2013-09-09,0.7670638139563426,0.7738793041172404,0.125185164115889,1.3429431890544663,random_forest,MOQUEGUA
2013-09-16,1.150595720934514,0.8856610060941723,0.27006345697891987,1.364972728382272,random_forest,MOQUEGUA
2013-09-23,1.150595720934514,1.0388470551338878,0.42842416063225225,1.7681987969137636,random_forest,MOQUEGUA
2013-09-30,0.9588297674454282,1.1225406006731393,0.6498231792360901,1.7189039212817014,random_forest,MOQUEGUA
2013-10-07,0.575297860467257,1.0938099124222274,0.5384264768425485,1.834591575540381,random_forest,MOQUEGUA
2013-10-14,0.7670638139563426,0.8207756573887498,0.2423213831650839,1.4327286605230956,random_forest,MOQUEGUA
2013-10-21,1.3423616744235993,0.9004056809717838,0.4326850278163104,1.3949189848321168,random_forest,MOQUEGUA
2013-10-28,1.5341276279126852,1.288052977406736,0.8625804517131777,1.8272436866472117,random_forest,MOQUEGUA
2013-11-04,1.725893581401771,1.3594940557707922,0.9089009123590547,1.9520235240374963,random_forest,MOQUEGUA
2013-11-11,1.3423616744235993,1.312032213851667,0.8571166088121555,1.9157695383560798,random_forest,MOQUEGUA
2013-11-18,1.3423616744235993,1.1421592168758825,0.7676092807802933,1.667671417491651,random_forest,MOQUEGUA
2013-11-25,0.7670638139563426,1.1739072792821776,0.7141529358912173,1.5990893050130137,random_forest,MOQUEGUA
2013-12-02,1.150595720934514,0.8204418760655828,0.31957002523171973,1.3751020085409413,random_forest,MOQUEGUA
2013-12-09,0.9588297674454282,1.1076425518246376,0.7008034864746269,1.541021448672923,random_forest,MOQUEGUA
2013-12-16,1.725893581401771,0.879314227896751,0.44370933427896975,1.3652940067435897,random_forest,MOQUEGUA
2013-12-23,1.3423616744235993,1.2720264093282891,0.6455337857498328,1.9120571972795042,random_forest,MOQUEGUA
2013-12-30,1.5341276279126852,1.087174936842098,0.5186369435218533,1.8812529058975622,random_forest,MOQUEGUA
2014-01-06,1.1461273753343144,1.179580820488878,0.5677995762971426,1.9384587410833423,random_forest,MOQUEGUA
2014-01-13,0.952127249045129,1.0272218272532077,0.5523106904066583,1.6352047265959857,random_forest,MOQUEGUA
2014-01-20,1.1371906841339154,0.9305117736756654,0.4150251664024375,1.3968981825737299,random_forest,MOQUEGUA
2014-01-27,0.9476589034449296,1.0020151827354489,0.48202987877762027,1.5003675982785385,random_forest,MOQUEGUA
2014-02-03,0.9476589034449298,0.908363175207983,0.3846749392116032,1.425655734675327,random_forest,MOQUEGUA
2014-02-10,0.37906356137797187,0.8072432672863442,0.2895746793467723,1.4102645823680975,random_forest,MOQUEGUA
2014-02-17,0.18953178068898593,0.4966868169340456,0.08539454670902721,1.164825826200295,random_forest,MOQUEGUA
2014-02-24,0.37906356137797187,0.39751435205515473,0.05872311697390613,1.1369943089012957,random_forest,MOQUEGUA
2014-03-03,0.5685953420669578,0.3041530759510294,0.03690791319820075,0.9129714539958885,random_forest,MOQUEGUA
2014-03-10,0.5685953420669578,0.507738065334746,0.06684260632560123,1.1726804680199534,random_forest,MOQUEGUA
2014-03-17,0.37906356137797187,0.5532611884592165,0.15147693589703892,1.164652331805081,random_forest,MOQUEGUA
2014-03-24,0.7581271227559437,0.5350820592207954,0.13285960658050677,1.1222145362909888,random_forest,MOQUEGUA
2014-03-31,1.1371906841339154,0.7724747009141515,0.2789443117889784,1.3154243483153478,random_forest,MOQUEGUA
2014-04-07,0.9476589034449295,1.0605988222830793,0.6121201672254338,1.5656174569611696,random_forest,MOQUEGUA
2014-04-14,0.5685953420669578,0.8759414053311723,0.3889797218692704,1.3612824587953598,random_forest,MOQUEGUA
2014-04-21,0.5685953420669578,0.6652280447991964,0.2780290210977631,1.128409560774723,random_forest,MOQUEGUA
2014-04-28,0.5685953420669578,0.7034056051807165,0.34145574744556706,1.160250431980428,random_forest,MOQUEGUA
2014-05-05,1.1371906841339157,0.7044043485041361,0.3497559223414612,1.14484977685016,random_forest,MOQUEGUA
2014-05-12,1.1371906841339157,0.9938127292311928,0.5640301374478691,1.4172398982972423,random_forest,MOQUEGUA
2014-05-19,1.5162542455118875,1.0816638985964526,0.6486818990766557,1.549938816790106,random_forest,MOQUEGUA
2014-05-26,1.1371906841339157,1.317423315576075,0.6992529022656776,1.9772282377534431,random_forest,MOQUEGUA
2014-06-02,1.5162542455118875,1.1466635656620199,0.699684481072332,1.7730901166297317,random_forest,MOQUEGUA
2014-06-09,1.1371906841339157,1.2820537007630461,0.820932922030027,1.8623176612923278,random_forest,MOQUEGUA
2014-06-16,1.1371906841339157,1.1858180607772322,0.8013935293349762,1.7386381123400698,random_forest,MOQUEGUA
2014-06-23,0.7581271227559437,1.1580337935794445,0.789911583833175,1.6505467510133596,random_forest,MOQUEGUA
2014-06-30,0.9476589034449298,0.9599798713495211,0.523956961303564,1.4370210049462533,random_forest,MOQUEGUA
2014-07-07,0.9476589034449298,0.9556448161260168,0.5222081475521974,1.3817313873945627,random_forest,MOQUEGUA
2014-07-14,0.9476589034449298,0.8373101367511334,0.34315077576632597,1.3604690365832877,random_forest,MOQUEGUA
2014-07-21,1.1371906841339157,0.8722828032801037,0.38262996838235486,1.3693692889249351,random_forest,MOQUEGUA
2014-07-28,1.3267224648229015,1.0576864882214876,0.5319576634423477,1.6213238800941905,random_forest,MOQUEGUA
2014-08-04,2.463913148956817,1.261079376056335,0.915299574998084,1.7330703812333426,random_forest,MOQUEGUA
2014-08-11,3.411572052401747,1.5230627387821933,0.8985746591820366,2.193878045074712,random_forest,MOQUEGUA
2014-08-18,3.7906356137797186,1.4292927994200075,0.5314606209746863,2.2149965439954973,random_forest,MOQUEGUA
2014-08-25,2.274381368267831,1.4405188822362422,0.602256426501838,2.2145615898703777,random_forest,MOQUEGUA
2014-09-01,1.5162542455118875,1.8665393936573422,0.999751352910829,2.4880075013959,random_forest,MOQUEGUA
2014-09-08,0.9476589034449296,1.6167563746757707,0.8701337480836148,2.4880075013959,random_forest,MOQUEGUA
2014-09-15,1.7057860262008735,1.1301508661594506,0.2565843307305657,2.4880075013959,random_forest,MOQUEGUA
2014-09-22,1.7057860262008735,1.2692160414775704,0.5894087547669978,2.4519208671523294,random_forest,MOQUEGUA
2014-09-29,1.8953178068898593,1.4650052695621787,0.9936776288128306,2.16240321105906,random_forest,MOQUEGUA
2014-10-06,1.3267224648229015,1.5477190594264996,1.0242249357367854,2.4005198855156724,random_forest,MOQUEGUA
2014-10-13,1.7057860262008733,1.3762276581274107,0.9782221579381789,2.129863548290883,random_forest,MOQUEGUA
2014-10-20,1.7057860262008733,1.45422659422549,0.9701243071334974,2.0804279529604903,random_forest,MOQUEGUA
2014-10-27,1.895317806889859,1.6088355351038905,1.0974304881851333,2.0759227576550785,random_forest,MOQUEGUA
2014-11-03,1.8953178068898593,1.6285578239672034,1.1439204918518069,2.10292294491944,random_forest,MOQUEGUA
2014-11-10,1.5162542455118875,1.5597285789467583,1.0208455003302634,2.0647753240634183,random_forest,MOQUEGUA
2014-11-17,1.7057860262008733,1.461008172513277,0.945244361235737,2.031085551363793,random_forest,MOQUEGUA
2014-11-24,0.7581271227559437,1.338035912277913,0.8139211771101971,1.903908278971451,random_forest,MOQUEGUA
2014-12-01,0.5685953420669577,1.021371521696345,0.45645331473828277,1.80927883411,random_forest,MOQUEGUA
2014-12-08,0.0,0.8405280599193641,0.28649694706428513,1.6458199992718572,random_forest,MOQUEGUA
2014-12-15,0.18953178068898593,0.6593058527277184,0.1559154202158234,1.4227372549208985,random_forest,MOQUEGUA
2014-12-22,0.18953178068898593,0.3192935067491475,0.08080569725899264,1.0377077028327562,random_forest,MOQUEGUA
2014-12-29,1.3267224648229015,0.31268029662401664,0.07423599822300707,0.9713760096167695,random_forest,MOQUEGUA
2015-01-05,1.511890923942069,0.7554056938373892,0.12430235891691589,1.9087414760405392,random_forest,MOQUEGUA
2015-01-12,2.261291403558376,1.049230384040139,0.1972664171994809,2.054590279334282,random_forest,MOQUEGUA
2015-01-19,1.3114508393285373,1.831046018532272,1.043342452928407,2.4880075013959,random_forest,MOQUEGUA
2015-01-26,0.9367505995203839,1.5370563864844955,0.9310122761814925,2.4880075013959,random_forest,MOQUEGUA
2015-02-02,0.56205035971223,1.179769496329444,0.3412694344788783,2.4880075013959,random_forest,MOQUEGUA
2015-02-09,0.56205035971223,0.8072718645717317,0.1629556745306436,2.3724600049860762,random_forest,MOQUEGUA
2015-02-16,0.7494004796163068,0.6679308663919911,0.22555348049012716,1.369677744203809,random_forest,MOQUEGUA
2015-02-23,0.7494004796163068,0.7314426600297731,0.23084094747725672,1.4568832205933435,random_forest,MOQUEGUA
2015-03-02,1.12410071942446,0.6765316200820375,0.21200449178764771,1.4890521763115427,random_forest,MOQUEGUA
2015-03-09,1.1241007194244603,0.9776519560889512,0.2779010326435115,1.807310532745405,random_forest,MOQUEGUA
2015-03-16,0.7494004796163067,1.0413317086291904,0.4887967180439532,1.5930487703399197,random_forest,MOQUEGUA
2015-03-23,0.7494004796163068,0.8325784852676913,0.4493990630694412,1.3459428205073325,random_forest,MOQUEGUA
2015-03-30,0.7494004796163067,0.7940306018546448,0.4466023677397796,1.2361932746922397,random_forest,MOQUEGUA
2015-04-06,0.9367505995203835,0.8144096272460284,0.4691699159489798,1.27832540252962,random_forest,MOQUEGUA
2015-04-13,1.1241007194244605,0.7820732029408898,0.4999842061481036,1.1746641063461951,random_forest,MOQUEGUA
2015-04-20,1.6861510791366907,0.9700091787849158,0.5426642737846293,1.5609076131124104,random_forest,MOQUEGUA
2015-04-27,2.0608513189448443,1.2597376479125642,0.5835611932128149,2.020774197432552,random_forest,MOQUEGUA
2015-05-04,2.060851318944844,1.522589311644424,0.9081498581961406,2.254492952515447,random_forest,MOQUEGUA
2015-05-11,1.873501199040767,1.6913969603840662,1.1058382455259235,2.2498195279980675,random_forest,MOQUEGUA
2015-05-18,1.4988009592326137,1.5995161006678105,0.9905400194265411,2.279285474341022,random_forest,MOQUEGUA
2015-05-25,0.9367505995203835,1.3746047135265647,0.8877015788098003,2.136733305038957,random_forest,MOQUEGUA
2015-06-01,0.7494004796163068,0.9875561422837894,0.44016245838589096,1.570751673566152,random_forest,MOQUEGUA
2015-06-08,0.7494004796163068,0.8439589325931819,0.2961136786975252,1.373167556995767,random_forest,MOQUEGUA
2015-06-15,1.12410071942446,0.8588021929637042,0.29970480142239636,1.3594363914124603,random_forest,MOQUEGUA
2015-06-22,1.311450839328537,1.0496896290156346,0.6001595406286869,1.5129899435141752,random_forest,MOQUEGUA
2015-06-29,1.873501199040767,1.1757801258081468,0.8054960642442934,1.6800316891783282,random_forest,MOQUEGUA
2015-07-06,2.060851318944844,1.5306819100995477,1.0458122419130804,2.0855236809191995,random_forest,MOQUEGUA
2015-07-13,2.248201438848921,1.5964535877489339,1.0879948117984404,2.166688275371665,random_forest,MOQUEGUA
2015-07-20,2.4355515587529974,1.5848692539856062,1.0622315830539666,2.1861284071483698,random_forest,MOQUEGUA
2015-07-27,2.0608513189448443,1.908069464473474,1.317119217265134,2.4880075013959,random_forest,MOQUEGUA
2015-08-03,1.6861510791366907,1.8273042154282542,1.1709019064935673,2.4880075013959,random_forest,MOQUEGUA
2015-08-10,1.6861510791366907,1.5954279771455382,1.106276196826192,2.355554388087091,random_forest,MOQUEGUA
2015-08-17,1.311450839328537,1.5316939641354284,1.0788818325137268,2.050861316749928,random_forest,MOQUEGUA
2015-08-24,1.3114508393285371,1.406911178264337,1.0039475781732343,1.8832290954560318,random_forest,MOQUEGUA
2015-08-31,0.7494004796163068,1.3355552701934734,0.8944866786121859,1.838645882411864,random_forest,MOQUEGUA
2015-09-07,1.1241007194244605,1.1442087548477275,0.6359952895058815,1.745347776125548,random_forest,MOQUEGUA
2015-09-14,1.4988009592326137,1.1689611586049646,0.7321576392775874,1.721967133476054,random_forest,MOQUEGUA
2015-09-21,1.6861510791366905,1.3207083377779063,0.7785918494862379,1.9499092415776502,random_forest,MOQUEGUA
2015-09-28,2.060851318944844,1.5744133902569768,1.0192573712302093,2.127437785710733,random_forest,MOQUEGUA
2015-10-05,2.060851318944844,1.6787936991244812,1.10953586334014,2.2350656433345786,random_forest,MOQUEGUA
2015-10-12,2.060851318944844,1.6831038050802265,1.2038152811827483,2.17047461822995,random_forest,MOQUEGUA
2015-10-19,1.4988009592326141,1.571639674231549,0.9714083395958744,2.1701583443933044,random_forest,MOQUEGUA
2015-10-26,1.1241007194244605,1.3615728069416588,0.9306123179764456,1.9290704443655613,random_forest,MOQUEGUA
2015-11-02,1.6861510791366907,1.117753577207526,0.7262705422206318,1.7452640717064523,random_forest,MOQUEGUA
2015-11-09,2.248201438848921,1.3210206822193646,0.8395242606513967,1.970880227694072,random_forest,MOQUEGUA
2015-11-16,2.4355515587529974,1.495330833219533,0.9013790339752858,2.161671387568746,random_forest,MOQUEGUA
2015-11-23,2.6229016786570742,1.7274044519004867,0.9967800758179773,2.4880075013959,random_forest,MOQUEGUA
2015-11-30,2.4355515587529974,1.6548523327232336,0.9268471832697923,2.4880075013959,random_forest,MOQUEGUA
2015-12-07,1.8735011990407673,1.624584388302373,0.8799769349208731,2.4880075013959,random_forest,MOQUEGUA
2015-12-14,1.1241007194244605,1.480775014804053,0.8905892292972474,2.1386438997149932,random_forest,MOQUEGUA
2015-12-21,0.9367505995203839,1.320723985774226,0.8158868102902912,2.2585979620157057,random_forest,MOQUEGUA
2015-12-28,0.9367505995203839,1.0718019259090472,0.32644864373275767,1.8800542508792801,random_forest,MOQUEGUA
2016-01-04,0.5599173234910843,1.03121930070792,0.3823614846783297,1.7629415953412373,random_forest,MOQUEGUA
2016-01-11,0.5556512510487919,0.8113609993911388,0.16155574166142672,1.6649125062157328,random_forest,MOQUEGUA
2016-01-18,0.5556512510487919,0.6917876487838543,0.19396123984896887,1.345155208491427,random_forest,MOQUEGUA
2016-01-25,0.5556512510487918,0.6707293637296567,0.19176903962225147,1.3611866261251855,random_forest,MOQUEGUA
2016-02-01,0.3704341673658613,0.6990794331107711,0.18284932550492375,1.5354922210846993,random_forest,MOQUEGUA
2016-02-08,0.3704341673658613,0.6996322755562654,0.22872842629930734,1.272311095887256,random_forest,MOQUEGUA
2016-02-15,0.555651251048792,0.6321041948730983,0.3199923453072326,1.0811019217773816,random_forest,MOQUEGUA
2016-02-22,0.3704341673658613,0.6746913232438095,0.3492614277325409,1.11649961009685,random_forest,MOQUEGUA
2016-02-29,0.37043416736586127,0.6875110629099813,0.33380120679078024,1.0908185255898386,random_forest,MOQUEGUA
2016-03-07,0.0,0.6822158865150975,0.3308523277804324,1.0799448390041018,random_forest,MOQUEGUA
2016-03-14,0.9260854184146531,0.47836673861648576,0.15067526993802333,1.0342981449876563,random_forest,MOQUEGUA
2016-03-21,1.481736669463445,0.637044901388864,0.18540396978237592,1.2256411155748006,random_forest,MOQUEGUA
2016-03-28,1.8521708368293062,1.0352671712990926,0.23702470633870126,2.0646264431948724,random_forest,MOQUEGUA
2016-04-04,1.2965195857805143,1.3843589677680612,0.530587984449215,2.257041078548554,random_forest,MOQUEGUA
2016-04-11,1.2965195857805143,1.2980972061847256,0.7026761240047061,2.088137274000185,random_forest,MOQUEGUA
2016-04-18,1.481736669463445,1.115945595446689,0.5943936356293825,1.9475974074000204,random_forest,MOQUEGUA
2016-04-25,1.2965195857805143,1.192332098085763,0.5924321407354327,2.014133571884373,random_forest,MOQUEGUA
2016-05-02,1.481736669463445,1.1828973050240288,0.5821459353308018,1.9987479704516216,random_forest,MOQUEGUA
2016-05-09,1.6669537531463756,1.2739020877514768,0.8258229798676548,1.902008478674118,random_forest,MOQUEGUA
2016-05-16,2.593039171561028,1.3691979664117233,0.8256847680902575,2.0601972449175388,random_forest,MOQUEGUA
2016-05-23,2.7782562552439587,1.8308837535091116,1.0250875066615501,2.5637708069608958,random_forest,MOQUEGUA
2016-05-30,2.222605004195167,1.9331915525895729,1.0792127926685604,2.5637708069608958,random_forest,MOQUEGUA
2016-06-06,1.8521708368293062,1.8581767582320978,1.2423755172293267,2.5467276766945064,random_forest,MOQUEGUA
2016-06-13,1.6669537531463756,1.548750063841447,1.0784625402005792,2.1496112417781115,random_forest,MOQUEGUA
2016-06-20,2.222605004195167,1.533405583645559,1.0549811032504566,2.1477869783041807,random_forest,MOQUEGUA
2016-06-27,1.6669537531463756,1.7036867162132658,1.1404551377940062,2.45512751160706,random_forest,MOQUEGUA
2016-07-04,1.1113025020975835,1.6610870985865793,1.1809847677749243,2.1594918667397027,random_forest,MOQUEGUA
2016-07-11,1.481736669463445,1.4133156000243403,0.8450758671593241,2.168668955936541,random_forest,MOQUEGUA
2016-07-18,2.0373879205122365,1.4499562901749812,0.8283015174088417,2.1855316257070734,random_forest,MOQUEGUA
2016-07-25,2.222605004195167,1.7252573203210573,1.1001123677481446,2.380400271142484,random_forest,MOQUEGUA
2016-08-01,2.0373879205122365,2.0453849924462064,1.4604708808597286,2.686597055057701,random_forest,MOQUEGUA
2016-08-08,1.8521708368293062,1.876912291463876,1.374621162854882,2.686597055057701,random_forest,MOQUEGUA
2016-08-15,2.0373879205122365,1.7101484003286358,1.2531425235603335,2.1799529348997337,random_forest,MOQUEGUA
2016-08-22,2.0373879205122365,1.7412948210369066,1.1962020822210528,2.6807160640696237,random_forest,MOQUEGUA
2016-08-29,2.0373879205122365,1.8295945931193618,1.2740142875232041,2.6159780056705073,random_forest,MOQUEGUA
2016-09-05,2.96347333892689,1.7475236555333997,1.1900078178834053,2.5507790744240117,random_forest,MOQUEGUA
2016-09-12,3.1486904226098207,1.8230090183600247,1.2036822750812357,2.6729901923079415,random_forest,MOQUEGUA
2016-09-19,3.1486904226098207,1.843589932309222,1.207984996133128,2.686597055057701,random_forest,MOQUEGUA
2016-09-26,2.2226050041951675,2.358687272508537,1.4500627540065278,3.1486904226098207,random_forest,MOQUEGUA
2016-10-03,1.481736669463445,1.9975969744373163,1.297922082333059,3.055024522919111,random_forest,MOQUEGUA
2016-10-10,0.9260854184146533,1.7188163111440196,1.0234386741288706,2.867531954196629,random_forest,MOQUEGUA
2016-10-17,0.9260854184146533,1.3328496229488753,0.6186225040613734,2.5288418914223323,random_forest,MOQUEGUA
2016-10-24,1.111302502097584,0.9945241480543066,0.4271374551876343,1.7714803723810428,random_forest,MOQUEGUA
2016-10-31,1.6669537531463754,1.105537444161641,0.5042956233859349,1.826135962111683,random_forest,MOQUEGUA
2016-11-07,1.2965195857805145,1.5194718903930637,0.7140963793275107,2.3541792742448737,random_forest,MOQUEGUA
2016-11-14,1.6669537531463756,1.454544438596601,0.855508252925082,2.324518262274077,random_forest,MOQUEGUA
2016-11-21,1.481736669463445,1.575871613718187,1.0226524480360888,2.223861183909077,random_forest,MOQUEGUA
2016-11-28,1.8521708368293062,1.4190305500591562,0.7821284845035599,2.1105252175348563,random_forest,MOQUEGUA
2016-12-05,1.2965195857805145,1.5936021274837882,0.832295936800144,2.1921683500999616,random_forest,MOQUEGUA
2016-12-12,1.481736669463445,1.3172464034561395,0.773237591834238,2.0133459239355775,random_forest,MOQUEGUA
2016-12-19,1.6669537531463756,1.4084420325559421,0.9246010773046893,2.0374005659283236,random_forest,MOQUEGUA
2016-12-26,2.407822087878098,1.375655395138078,0.814078544859971,2.169822439995456,random_forest,MOQUEGUA
2017-01-02,2.4015700687691797,1.7886043279037709,1.0801675333146323,2.7248708694244272,random_forest,MOQUEGUA
2017-01-09,2.210100965977331,1.800276704146616,1.0850225098586377,2.6587809752784946,random_forest,MOQUEGUA
2017-01-16,2.014463850446204,1.8535979747001956,1.238309831375573,2.3791885906620425,random_forest,MOQUEGUA
2017-01-23,2.1975969277594953,1.6731960435697995,1.0013098556955833,2.3436254598031456,random_forest,MOQUEGUA
2017-01-30,2.3807300050727864,1.7239220132687756,1.04971584440172,2.3574161585947455,random_forest,MOQUEGUA
2017-02-06,2.3807300050727864,1.8244845043776836,1.0741370987628052,2.624579345608073,random_forest,MOQUEGUA
2017-02-13,2.563863082386078,2.154435606370706,1.54298733058842,2.819896058480027,random_forest,MOQUEGUA
2017-02-20,2.563863082386078,2.119738738192085,1.2369220283205165,2.8746479655561874,random_forest,MOQUEGUA
2017-02-27,2.014463850446204,2.118289878419712,1.2805598059660206,2.8746479655561874,random_forest,MOQUEGUA
2017-03-06,1.4650646185063303,1.9726879611412587,1.2215102132466575,2.8166548423291164,random_forest,MOQUEGUA
2017-03-13,0.7325323092531653,1.5239321187061996,0.9493653472792185,2.5021615929712127,random_forest,MOQUEGUA
2017-03-20,1.0987984638797477,1.062771040318713,0.5431036691299386,1.9008606309771832,random_forest,MOQUEGUA
2017-03-27,0.7325323092531653,1.0234250485536327,0.44393969542791767,1.7994268705696126,random_forest,MOQUEGUA
2017-04-03,1.4650646185063303,0.9556931588865715,0.4340694876375812,1.5915115982926067,random_forest,MOQUEGUA
2017-04-10,1.831330773132913,1.272148674877766,0.5930820105872288,1.9964973728747146,random_forest,MOQUEGUA
2017-04-17,3.1132623143259512,1.5355359739737713,0.8663661302180985,2.187622130486554,random_forest,MOQUEGUA
2017-04-24,3.1132623143259512,2.0229667375467213,1.0135798076684295,3.1486904226098207,random_forest,MOQUEGUA
2017-05-01,2.3807300050727864,2.1216270722276223,1.0591127755358836,3.110286293247244,random_forest,MOQUEGUA
2017-05-08,1.4650646185063303,2.108112540420926,1.3609762137804344,2.924699114400719,random_forest,MOQUEGUA
2017-05-15,1.4650646185063303,1.4872454331912996,0.8792077770327633,2.6425912657015047,random_forest,MOQUEGUA
2017-05-22,1.8313307731329127,1.4433922444659433,0.8819174368850135,2.394638075864377,random_forest,MOQUEGUA
2017-05-29,2.197596927759495,1.6868156674057677,1.098565309915107,2.4292682097671947,random_forest,MOQUEGUA
2017-06-05,2.014463850446204,1.9123139637798472,1.4023718663595244,2.7470981800258927,random_forest,MOQUEGUA
2017-06-12,2.5638630823860775,1.8771049079547124,1.360163239418857,2.776853619171304,random_forest,MOQUEGUA
2017-06-19,3.1132623143259512,2.128729987469579,1.4253271073565925,2.968164630012326,random_forest,MOQUEGUA
2017-06-26,3.479528468952534,2.111014023423859,1.1250239877843142,2.994689345965618,random_forest,MOQUEGUA
2017-07-03,3.8457946235791165,2.3531977204090855,1.3578812559305131,3.236334744622053,random_forest,MOQUEGUA
2017-07-10,4.028927700892408,2.063226243499565,1.0781212355447685,3.2200740778348367,random_forest,MOQUEGUA
2017-07-17,4.395193855518991,2.0323302583710836,1.049128975466834,3.2199780429548333,random_forest,MOQUEGUA
2017-07-24,3.479528468952534,2.079053491651417,1.0035998007653257,3.229380160513694,random_forest,MOQUEGUA
2017-07-31,3.8457946235791165,3.2610965128863887,1.6575843012584022,3.813250807797473,random_forest,MOQUEGUA
2017-08-07,3.2963953916392428,3.2594025220699807,1.827158481791473,3.813250807797473,random_forest,MOQUEGUA
2017-08-14,2.746996159699369,3.229521812025416,1.5771345391275482,3.813250807797473,random_forest,MOQUEGUA
2017-08-21,1.6481976958196214,3.098195717307055,1.5095793248046203,3.813250807797473,random_forest,MOQUEGUA
2017-08-28,2.014463850446204,2.1024102354105425,0.9862767415947906,3.7975215583006663,random_forest,MOQUEGUA
2017-09-04,2.380730005072787,2.1318812154301456,1.0250731468028156,3.8125618570681277,random_forest,MOQUEGUA
2017-09-11,2.0144638504462042,2.2921608206792805,1.1653770685124116,3.8457946235791165,random_forest,MOQUEGUA
2017-09-18,1.0987984638797477,2.2257575003429406,1.1783741695976742,3.8161034547316612,random_forest,MOQUEGUA
2017-09-25,0.9156653865664565,1.4184845298328448,0.825974436247634,2.369655763409892,random_forest,MOQUEGUA
2017-10-02,1.6481976958196214,1.2203509586423327,0.73935320048218,2.0000400103839113,random_forest,MOQUEGUA
2017-10-09,2.563863082386078,1.5461190997399177,0.8729011774046628,2.404462288474378,random_forest,MOQUEGUA
2017-10-16,3.6626615462658254,2.0515441171771047,1.0470318835159003,3.211593958899462,random_forest,MOQUEGUA
2017-10-23,3.6626615462658254,2.5351723841631797,1.166100609712442,3.843552456192552,random_forest,MOQUEGUA
2017-10-30,2.9301292370126606,2.628825434724616,1.2562329099387441,3.8457946235791165,random_forest,MOQUEGUA
2017-11-06,2.563863082386078,2.4309594656180837,1.2220059652957025,3.8457946235791165,random_forest,MOQUEGUA
2017-11-13,2.380730005072787,2.2090604359048664,1.1922932454912931,3.806228847073715,random_forest,MOQUEGUA
2017-11-20,3.1132623143259512,2.066073220075267,1.2356727699380585,3.3793878347563835,random_forest,MOQUEGUA
2017-11-27,2.563863082386078,2.5713602169178205,1.4194701093768316,3.8457946235791165,random_forest,MOQUEGUA
2017-12-04,2.380730005072787,2.3721440749882596,1.4647479527587592,3.729520436543679,random_forest,MOQUEGUA
2017-12-11,2.014463850446204,2.1202399856299903,1.3142395165216705,3.492259253038204,random_forest,MOQUEGUA
2017-12-18,1.831330773132913,1.9442535579692208,1.1102868986486902,2.94826922128308,random_forest,MOQUEGUA
2017-12-25,1.6481976958196218,1.8258086319834823,1.0302765248002292,2.8274522235408814,random_forest,MOQUEGUA
2018-01-01,1.988793716617806,1.8000822847202684,0.9138894866917032,2.8539099663790566,random_forest,MOQUEGUA
2018-01-08,2.159091727016898,1.8994796627605233,0.9769867821296966,3.098150493825772,random_forest,MOQUEGUA
2018-01-15,2.503966103453149,1.999003668514811,1.3025076216639826,2.9177052650999973,random_forest,MOQUEGUA
2018-01-22,2.146256660102699,2.2774343083612743,1.331737281558838,3.3887498743588913,random_forest,MOQUEGUA
2018-01-29,2.3251113817779236,2.0079184288760774,1.307214786447889,2.9655488265360033,random_forest,MOQUEGUA
2018-02-05,2.8616755468035984,2.0881497006581773,1.3186488872785151,3.0185632402105242,random_forest,MOQUEGUA
2018-02-12,2.5039661034531484,2.3723609189983037,1.5150050495830367,3.369526198970227,random_forest,MOQUEGUA
2018-02-19,2.3251113817779236,2.312434567207511,1.609350104266171,3.235871535005337,random_forest,MOQUEGUA
2018-02-26,1.2519830517265744,2.2391623213386245,1.540013626057322,3.031432832978517,random_forest,MOQUEGUA
2018-03-05,1.4308377734017992,1.4072142796677574,0.7759094782918938,2.517190475439019,random_forest,MOQUEGUA
2018-03-12,1.6096924950770244,1.4348054818814147,0.8320705313233568,2.277312805217817,random_forest,MOQUEGUA
2018-03-19,1.7885472167522491,1.746816730765639,1.0097440972860137,2.530080408183001,random_forest,MOQUEGUA
2018-03-26,2.1462566601026984,1.8502294985919907,1.115339107670492,2.671871062878768,random_forest,MOQUEGUA
2018-04-02,2.5039661034531484,1.985628147279174,1.1901791349876722,2.7946783154154446,random_forest,MOQUEGUA
2018-04-09,2.6828208251283727,2.2571927553818085,1.5335093501089307,3.0389963376428604,random_forest,MOQUEGUA
2018-04-16,2.8616755468035984,2.2948293409082248,1.4963660431076127,3.1252236964201994,random_forest,MOQUEGUA
2018-04-23,2.503966103453149,2.327442722937532,1.4993579308468556,3.470756792524437,random_forest,MOQUEGUA
2018-04-30,2.6828208251283736,2.252370138321508,1.5181338178534922,3.269529325465959,random_forest,MOQUEGUA
2018-05-07,2.146256660102699,2.440582263273766,1.7144824992274303,3.1782508199151183,random_forest,MOQUEGUA
2018-05-14,2.325111381777923,2.091947936226405,1.366111603559962,3.1587851583082003,random_forest,MOQUEGUA
2018-05-21,2.146256660102699,2.119418172692648,1.3303770182033134,3.014406604589544,random_forest,MOQUEGUA
2018-05-28,2.325111381777923,2.051754822320318,1.3316945383917809,3.09630464081945,random_forest,MOQUEGUA
2018-06-04,2.1462566601026984,2.2999021948584746,1.7372556533084007,3.112039044331189,random_forest,MOQUEGUA
2018-06-11,1.967401938427474,2.190808287031331,1.5804347329435378,3.112039044331189,random_forest,MOQUEGUA
2018-06-18,3.219384990154048,2.1595410506248855,1.4533455824886101,3.131518221287045,random_forest,MOQUEGUA
2018-06-25,3.040530268478823,2.5919728919682816,1.5930100846724633,3.7562049052833877,random_forest,MOQUEGUA
2018-07-02,3.040530268478823,2.8132087243294492,1.9233273761959095,3.8337133420867007,random_forest,MOQUEGUA
2018-07-09,1.609692495077024,2.8774349395534626,1.977621722640114,3.8457946235791165,random_forest,MOQUEGUA
2018-07-16,2.6828208251283736,2.146009369868157,1.2286332086978902,3.7516093583044423,random_forest,MOQUEGUA
2018-07-23,3.5770944335044974,2.524000518459813,1.7042954964061154,3.632155235031867,random_forest,MOQUEGUA
2018-07-30,3.934803876854948,2.895786258089167,1.8549217230747344,3.8457946235791165,random_forest,MOQUEGUA
2018-08-06,3.5770944335044974,3.078410522758379,1.8579483667629386,3.8457946235791165,random_forest,MOQUEGUA
2018-08-13,3.040530268478823,2.9747669946568926,1.8587260138831143,3.8457946235791165,random_forest,MOQUEGUA
2018-08-20,3.398239711829273,2.857481068637323,1.8137584673261677,3.8457946235791165,random_forest,MOQUEGUA
2018-08-27,3.040530268478823,2.759208227233013,1.6144584865084521,3.740773519869156,random_forest,MOQUEGUA
2018-09-03,2.8616755468035984,2.674517397301576,1.7230894218243222,3.8511029987967014,random_forest,MOQUEGUA
2018-09-10,2.1462566601026984,2.3838714964340855,1.5658135387954994,3.6257770590856673,random_forest,MOQUEGUA
2018-09-17,1.967401938427474,2.090987578042492,1.2996313548879461,3.2322919207130094,random_forest,MOQUEGUA
2018-09-24,1.967401938427474,1.9704275027026625,1.2255424319592296,3.0431839559343663,random_forest,MOQUEGUA
2018-10-01,2.3251113817779236,1.926150477747931,1.2739891061923745,2.916765018444363,random_forest,MOQUEGUA
2018-10-08,2.1462566601026984,2.118406574502184,1.3584650284181874,3.072809800456126,random_forest,MOQUEGUA
2018-10-15,1.967401938427474,2.0437809857296374,1.2626070546809707,3.1283560330977513,random_forest,MOQUEGUA
2018-10-22,2.3251113817779236,2.08206725391067,1.4455014631912877,2.7841730904591473,random_forest,MOQUEGUA
2018-10-29,2.6828208251283736,2.168774112246628,1.5538202620868602,2.8614138938167026,random_forest,MOQUEGUA
2018-11-05,3.7559491551797226,2.339280711238178,1.6443177024466273,3.185467189100284,random_forest,MOQUEGUA
2018-11-12,3.7559491551797226,2.7763614439925126,1.8463345052486637,3.8445217457707908,random_forest,MOQUEGUA
2018-11-19,3.040530268478823,3.1385401955137544,2.1292475203408165,3.8822884174222096,random_forest,MOQUEGUA
2018-11-26,1.9674019384274741,2.8744341302026823,2.0252296792027766,3.8446729692196118,random_forest,MOQUEGUA
2018-12-03,1.6096924950770244,2.340654525776672,1.450219538894731,3.5003973491710156,random_forest,MOQUEGUA
2018-12-10,1.7885472167522494,2.0158400536378944,1.0829826775524993,3.3196463607549473,random_forest,MOQUEGUA
2018-12-17,1.967401938427474,1.9363866804086365,1.2758770179235313,2.7849641763438946,random_forest,MOQUEGUA
2018-12-24,1.967401938427474,2.0288969135710486,1.3033158929353108,2.8666673869964185,random_forest,MOQUEGUA
2018-12-31,1.7885472167522491,2.051934742923355,1.2015012667223284,2.829652441383496,random_forest,MOQUEGUA
2019-01-07,1.24876937595865,2.000264427227293,1.275293317949154,2.672327722389912,random_forest,MOQUEGUA
2019-01-14,0.3544957675825256,1.6211041174549543,0.8083246499918536,2.5189665285250955,random_forest,MOQUEGUA
2019-01-21,0.8782052295365014,1.0043604606871417,0.30981141488091507,2.297925712271646,random_forest,MOQUEGUA
2019-01-28,1.2294873213511017,0.924988270406903,0.36572919957562,2.0202986628510256,random_forest,MOQUEGUA
2019-02-04,2.458974642702203,1.1782159187410417,0.47348757760187954,2.3242888876539936,random_forest,MOQUEGUA
2019-02-11,2.283333596794903,2.0229784161149085,0.753603260237928,3.43361877935488,random_forest,MOQUEGUA
2019-02-18,2.9858977804241036,2.078665071158581,1.1266078666468622,3.2427421855489396,random_forest,MOQUEGUA
2019-02-25,2.6346156886095033,2.3690865161579846,1.3724608613651588,3.453962977583574,random_forest,MOQUEGUA
2019-03-04,2.634615688609503,2.244550165533698,1.44854046751958,2.9833499380214743,random_forest,MOQUEGUA
2019-03-11,2.1076925508876028,2.225383971679473,1.405012830438505,2.8965164294462538,random_forest,MOQUEGUA
2019-03-18,2.1076925508876028,2.021539741829801,1.3623256625805054,2.756775684544659,random_forest,MOQUEGUA
2019-03-25,1.7564104590730023,2.069491483975057,1.4587198750724395,2.6545916486511465,random_forest,MOQUEGUA
2019-04-01,1.580769413165702,1.9630908891667618,1.2959310857985233,2.577642461296197,random_forest,MOQUEGUA
2019-04-08,1.229487321351102,1.8277423574892369,1.193897161484444,2.5452808492001258,random_forest,MOQUEGUA
2019-04-15,1.2294873213511017,1.553644365499412,0.8021886034619514,2.467956081794441,random_forest,MOQUEGUA
2019-04-22,1.0538462754438018,1.4879326172506295,0.7493805154101677,2.346121504973058,random_forest,MOQUEGUA
2019-04-29,1.0538462754438018,1.3723749319358254,0.6520080598226823,2.334547522044222,random_forest,MOQUEGUA
2019-05-06,1.7564104590730025,1.2864360621881032,0.7693811659413226,2.160333612274703,random_forest,MOQUEGUA
2019-05-13,2.458974642702203,1.8575432897444026,1.0746629087259407,2.6744547372505423,random_forest,MOQUEGUA
2019-05-20,2.8102567345168037,2.4049840327519894,1.566355524750903,3.26265478031026,random_forest,MOQUEGUA
2019-05-27,3.161538826331404,2.4798259876131694,1.6451894614763483,3.40713512760016,random_forest,MOQUEGUA
2019-06-03,2.6346156886095033,2.4647364901550204,1.6647862599282008,3.4948978826369714,random_forest,MOQUEGUA
2019-06-10,2.8102567345168032,2.3715502267018915,1.6742448141391166,3.3214240980733147,random_forest,MOQUEGUA
2019-06-17,2.8102567345168037,2.487419016331445,1.7533677806366732,3.452596670756798,random_forest,MOQUEGUA
2019-06-24,2.9858977804241036,2.5026040791643043,1.7254976016006125,3.4859034403781624,random_forest,MOQUEGUA
2019-07-01,3.8641030099606044,2.641891177622828,1.9541499539475744,3.394453288028991,random_forest,MOQUEGUA
2019-07-08,4.039744055867904,2.8075971933241957,1.7037748982378007,3.8822884174222096,random_forest,MOQUEGUA
2019-07-15,4.215385101775205,3.017097679718305,1.7437957644241584,3.8822884174222096,random_forest,MOQUEGUA
2019-07-22,3.3371798722387034,2.9967283790797685,1.7274917312237985,3.8822884174222096,random_forest,MOQUEGUA
2019-07-29,2.8102567345168032,3.1616884724168726,2.183898460956435,3.8858529839318017,random_forest,MOQUEGUA
2019-08-05,2.8102567345168032,2.833108797895354,1.9285425860446144,3.7849292424772885,random_forest,MOQUEGUA
2019-08-12,4.039744055867904,2.6278530364291623,1.892235377577447,3.617899477334841,random_forest,MOQUEGUA
2019-08-19,4.742308239497105,2.864849536432413,1.9284633784068796,3.877537414677043,random_forest,MOQUEGUA
2019-08-26,5.093590331311705,3.009531330671492,1.8719637450892979,4.1117568846899015,random_forest,MOQUEGUA
2019-09-02,3.6884619640533036,2.9641814021775006,1.871954646143001,4.1117568846899015,random_forest,MOQUEGUA
2019-09-09,3.1615388263314035,2.8271649956353895,1.8531280635863265,3.997215981860098,random_forest,MOQUEGUA
2019-09-16,2.6346156886095033,2.6535529365348367,1.8178205199621762,3.9108907923543628,random_forest,MOQUEGUA
2019-09-23,2.6346156886095033,2.6200475185190455,1.769620589341872,4.059880996083238,random_forest,MOQUEGUA
2019-09-30,2.2833335967949027,2.554542659161325,1.7267602188210271,4.016427792137366,random_forest,MOQUEGUA
2019-10-07,2.8102567345168032,2.151879729512673,1.3089393060396144,3.8213509618214223,random_forest,MOQUEGUA
2019-10-14,2.9858977804241036,2.4500496836875527,1.5250087301386777,3.850907315452548,random_forest,MOQUEGUA
2019-10-21,3.5128209181460037,2.670982380936942,1.9429720115171365,3.722544576384187,random_forest,MOQUEGUA
2019-10-28,3.161538826331404,2.9072991551384053,1.8731198311198602,4.289106690810161,random_forest,MOQUEGUA
2019-11-04,2.2833335967949027,2.7527805367469513,1.9334972415481675,4.175039073860949,random_forest,MOQUEGUA
2019-11-11,2.2833335967949027,2.4654675278504357,1.7459307005502707,3.624136979821897,random_forest,MOQUEGUA
2019-11-18,2.4589746427022035,2.402933269226313,1.8319670601874647,3.3633719350864215,random_forest,MOQUEGUA
2019-11-25,3.161538826331404,2.3354019197762046,1.8240002786485108,3.260948012853024,random_forest,MOQUEGUA
2019-12-02,2.458974642702203,2.5306711366672108,1.8399444082947911,3.6329344910152823,random_forest,MOQUEGUA
2019-12-09,2.458974642702203,2.300060285548206,1.7819341586941215,3.3001995644846036,random_forest,MOQUEGUA
2019-12-16,2.8102567345168032,2.37459204510985,1.762748446247892,3.0612361963887946,random_forest,MOQUEGUA
2019-12-23,3.1615388263314035,2.462904671771692,1.795353333566183,3.3573457771530197,random_forest,MOQUEGUA
2019-12-30,2.458974642702203,2.596010144726104,1.9224623121370037,3.596869276654972,random_forest,MOQUEGUA
2020-01-06,1.921265537255083,2.4648465230387373,1.8234539369271714,3.4033989376839977,random_forest,MOQUEGUA
2020-01-13,2.080727631574554,2.144738521609142,1.4949777517498746,2.876986422520984,random_forest,MOQUEGUA
2020-01-20,1.7294455397599535,2.1317506833036646,1.4764944541410885,3.011326492740204,random_forest,MOQUEGUA
2020-01-27,1.7294455397599535,1.9376885051421926,1.139342942078171,2.604936460737,random_forest,MOQUEGUA
2020-02-03,1.9023900937359486,1.8775785045969482,1.091637874152893,2.651523373315034,random_forest,MOQUEGUA
2020-02-10,2.767112863615925,1.943949090131614,1.370683201605333,2.5335885498549975,random_forest,MOQUEGUA
2020-02-17,2.767112863615925,2.30619744644022,1.3986197296326868,3.3157000978866047,random_forest,MOQUEGUA
2020-02-24,1.7294455397599533,2.475128903333698,1.795521618623196,3.3342458645092554,random_forest,MOQUEGUA
2020-03-02,1.9023900937359486,2.0429742930892143,1.2652023803060264,2.8428687482403525,random_forest,MOQUEGUA
2020-03-09,1.5565009857839582,1.9988492505051032,1.348570333971757,2.727139842707522,random_forest,MOQUEGUA
2020-03-16,2.767112863615925,1.630086533986568,0.8477783898605671,2.5342525012888455,random_forest,MOQUEGUA
2020-03-23,1.7294455397599535,2.2273599006306126,1.2719040865834883,2.9714905920584087,random_forest,MOQUEGUA
2020-03-30,1.7294455397599535,1.9064364784016854,1.2092504541592046,2.584647277245965,random_forest,MOQUEGUA
2020-04-06,0.6917782159039817,1.9518543226236098,1.3725534056755793,2.5657185406580947,random_forest,MOQUEGUA
2020-04-13,0.8647227698799771,1.3210954146786653,0.81486384621608,2.2557416747227776,random_forest,MOQUEGUA
2020-04-20,0.8647227698799771,1.2174499317800789,0.7059934800803679,2.128137035214594,random_forest,MOQUEGUA
2020-04-27,0.8647227698799771,1.2988827298519345,0.7669659397476971,2.171593021516392,random_forest,MOQUEGUA
2020-05-04,1.7294455397599533,1.1356499958071398,0.4053264943343711,2.1446233591517223,random_forest,MOQUEGUA
2020-05-11,1.9023900937359486,1.7827988831792057,0.8313585619446401,2.7581214320068494,random_forest,MOQUEGUA
2020-05-18,1.9023900937359486,2.000406806965417,1.1877956524859439,2.912190103847493,random_forest,MOQUEGUA
2020-05-25,0.8647227698799771,2.0492305323252396,1.2291734094067557,2.93705555287527,random_forest,MOQUEGUA
2020-06-01,0.8647227698799771,1.3242864101385157,0.7848667749121494,2.1258374546128733,random_forest,MOQUEGUA
2020-06-08,1.2106118778319677,1.2744004448748814,0.7413339830493231,2.1523124758927645,random_forest,MOQUEGUA
2020-06-15,2.421223755663935,1.372401905512396,0.7859207653411768,2.180037516884619,random_forest,MOQUEGUA
2020-06-22,2.2482792016879394,2.0433704442407845,0.9847963639563929,3.1086441902386412,random_forest,MOQUEGUA
2020-06-29,2.2482792016879394,2.2511315279811965,1.4341393877293922,3.1027843316964683,random_forest,MOQUEGUA
2020-07-06,2.2482792016879394,2.1805209184173613,1.5268865950625943,2.907785079022249,random_forest,MOQUEGUA
2020-07-13,2.59416830963993,2.1023396996525854,1.473709454289397,2.907785079022249,random_forest,MOQUEGUA
2020-07-20,5.442849227010499,2.240146462063841,1.4966934189739418,3.2130730241817274,random_forest,MOQUEGUA
2020-07-27,7.6911284286984385,3.3823740981469967,2.329576657210596,4.340683877418045,random_forest,MOQUEGUA
2020-08-03,9.939407630386377,3.60697598414929,2.772914824626335,4.371742555492266,random_forest,MOQUEGUA
2020-08-10,9.939407630386377,3.619447737655861,2.7411852308848363,4.477713910830186,random_forest,MOQUEGUA
2020-08-17,9.766463076410382,3.5495551288677647,2.5370303606046627,4.496686392812143,random_forest,MOQUEGUA
2020-08-24,9.0746848605064,6.62383180404131,2.910093281221509,8.542015634260387,random_forest,MOQUEGUA
2020-08-31,7.609560374943793,6.470111808362984,2.7935194054955423,8.542015634260387,random_forest,MOQUEGUA
2020-09-07,5.707170281207845,6.024725726439758,2.588842277989461,8.542015634260387,random_forest,MOQUEGUA
2020-09-14,4.323613849399883,5.264624930528211,2.32751300910548,8.542015634260387,random_forest,MOQUEGUA
2020-09-21,4.323613849399883,5.550328670694121,2.8547870593765,9.095594767870494,random_forest,MOQUEGUA
2020-09-28,3.6318356334959017,5.154434029252155,2.662837602339313,8.908569476172136,random_forest,MOQUEGUA
2020-10-05,4.150669295423888,5.1616924406421125,2.6454268668820227,9.063340920422828,random_forest,MOQUEGUA
2020-10-12,2.59416830963993,5.031676267335456,2.5113235316472577,9.078930713760405,random_forest,MOQUEGUA
2020-10-19,2.075334647711944,3.552364069760903,2.250973097509363,7.1656726296696265,random_forest,MOQUEGUA
2020-10-26,1.0376673238559724,2.994759250271452,1.5797194912510977,6.950994119503671,random_forest,MOQUEGUA
2020-11-02,0.8647227698799771,2.433673202933424,0.9016491554114003,8.812201878672859,random_forest,MOQUEGUA
2020-11-09,1.0376673238559717,2.1136315497277374,0.9091087712807228,9.094187491642696,random_forest,MOQUEGUA
2020-11-16,1.2106118778319677,1.575709281708994,0.7597304390776277,9.208274555992723,random_forest,MOQUEGUA
2020-11-23,1.5565009857839582,1.5085532785983342,0.7062767373278672,2.717235165319663,random_forest,MOQUEGUA
2020-11-30,2.4212237556639344,1.6163590976391626,0.9777224121454215,2.541042100420823,random_forest,MOQUEGUA
2020-12-07,2.2482792016879394,2.2435310278502403,1.204218681471741,3.335188599617913,random_forest,MOQUEGUA
2020-12-14,2.940057417591921,2.2831659493386045,1.5337313574715834,3.1770616347388776,random_forest,MOQUEGUA
2020-12-21,3.8047801874718967,2.617758902386166,1.6585159957976727,3.781936617333054,random_forest,MOQUEGUA
2020-12-28,5.534225727231849,2.995144767683195,1.9323056877937421,4.430865180849939,random_forest,MOQUEGUA
2021-01-04,7.053897856361801,3.872208953634804,1.6683214950770362,8.945865921872185,random_forest,MOQUEGUA
2021-01-11,8.052569920231178,5.760712542059525,2.033449492228944,9.35831392902705,random_forest,MOQUEGUA
2021-01-18,9.517694405793785,6.099339377146225,2.0106405114240915,9.35831392902705,random_forest,MOQUEGUA
2021-01-25,8.834581803220159,6.218002632883725,2.0814003445934732,9.35831392902705,random_forest,MOQUEGUA
2021-02-01,8.151469200646531,6.279438784366932,2.1495176292007807,9.35831392902705,random_forest,MOQUEGUA
2021-02-08,5.806457121875828,5.959739160570472,2.6041315060455643,9.234729647683317,random_forest,MOQUEGUA
2021-02-15,3.927897464798354,5.393834143028673,2.5709467703474322,9.09296733192802,random_forest,MOQUEGUA
2021-02-22,2.561672259651101,4.608404150066469,2.124303891531022,8.937845908094397,random_forest,MOQUEGUA
2021-03-01,3.7571193141549473,3.5664177343614254,1.5413264157325124,8.879733720377796,random_forest,MOQUEGUA
2021-03-08,3.5863411635115408,3.6059216703059804,1.6598925430814306,8.421689097063876,random_forest,MOQUEGUA
2021-03-15,2.903228560937914,3.5780554815551167,1.7593272502107213,8.421689097063876,random_forest,MOQUEGUA
2021-03-22,0.6831126025736273,2.9139485795115623,1.60043654710286,6.0225609315449,random_forest,MOQUEGUA
2021-03-29,1.1954470545038471,2.4985554171639976,0.8914384050414829,9.31971080710617,random_forest,MOQUEGUA
2021-04-05,3.927897464798354,1.702001143684015,0.8425874482257463,8.125912468763241,random_forest,MOQUEGUA
2021-04-12,7.297578447429498,2.348977274608851,0.9458450287435927,6.086702257706377,random_forest,MOQUEGUA
2021-04-19,8.663803652576751,4.5773081919672,1.0872956982004658,9.447574787529913,random_forest,MOQUEGUA
2021-04-26,8.663803652576751,6.031566500040443,1.3013846045896034,9.619689560746595,random_forest,MOQUEGUA
2021-05-03,8.663803652576751,7.250985741895175,3.3682218212041586,9.571735318416696,random_forest,MOQUEGUA
2021-05-10,8.663803652576751,7.217409383862257,3.6471541209609493,9.501807762261524,random_forest,MOQUEGUA
2021-05-17,8.493025501933344,7.371213935370063,4.055175976794761,9.502784658994804,random_forest,MOQUEGUA
2021-05-24,8.493025501933344,7.007074671048503,3.932135769692453,9.464093304493945,random_forest,MOQUEGUA
2021-05-31,9.984146827487015,5.34287300880347,2.913896900175368,8.795352016006186,random_forest,MOQUEGUA
2021-06-07,9.471812375556794,5.254682247809302,3.0240222303779727,8.980965249093693,random_forest,MOQUEGUA
2021-06-14,7.468356598072904,5.2970688790232225,3.0831612918604057,9.058731445689709,random_forest,MOQUEGUA
2021-06-21,5.294122669945607,5.165229826052591,3.1309993894085113,8.988998638792065,random_forest,MOQUEGUA
2021-06-28,4.098675615441761,5.015541704005854,2.9631553709927436,9.177574435944571,random_forest,MOQUEGUA
2021-07-05,3.2447848622247277,4.177790833483807,2.1598037464699433,8.863149644223014,random_forest,MOQUEGUA
2021-07-12,2.561672259651101,3.4555296529494846,1.208949913444871,8.339229062720223,random_forest,MOQUEGUA
2021-07-19,2.7324504102945073,2.7697691785087515,1.0896839049949654,7.338959977461911,random_forest,MOQUEGUA
2021-07-26,2.390894109007694,2.791198726663582,1.1779353895000522,7.7723659256943565,random_forest,MOQUEGUA
2021-08-02,3.0740067115813203,2.4162468797120535,1.0933803798404949,5.169415657731458,random_forest,MOQUEGUA
2021-08-09,3.2447848622247277,2.534090342504788,1.0708572337848004,5.343000414793943,random_forest,MOQUEGUA
2021-08-16,3.7571193141549473,2.680451246394959,1.1477734064793375,5.3845643059505255,random_forest,MOQUEGUA
2021-08-23,3.2447848622247277,3.251259635521179,1.573665777756968,5.24475896853586,random_forest,MOQUEGUA
2021-08-30,2.2201159583642878,2.8966033306763905,1.7074761820533029,4.515386469148413,random_forest,MOQUEGUA
2021-09-06,1.8785596570774743,2.491202274595589,1.524130697508408,4.056607404822393,random_forest,MOQUEGUA
2021-09-13,1.1954470545038476,2.2263443735293094,1.2595505891914194,3.3311036560245824,random_forest,MOQUEGUA
2021-09-20,1.5370033557906606,1.7010516638380202,0.9196071602731238,2.868822860171284,random_forest,MOQUEGUA
2021-09-27,1.1954470545038474,1.7664821445320955,1.051227753465024,2.7203819270165,random_forest,MOQUEGUA
2021-10-04,1.7077815064340676,1.6183696735697053,0.9055087836860398,2.712817018741033,random_forest,MOQUEGUA
2021-10-11,1.0246689038604406,1.826016386379476,1.1135269154951115,2.7475675823278025,random_forest,MOQUEGUA
2021-10-18,1.5370033557906606,1.467487167724328,0.8627979999155464,2.4520454859876075,random_forest,MOQUEGUA
2021-10-25,1.5370033557906606,1.767466784688884,1.1583487802998214,2.5866060173605514,random_forest,MOQUEGUA
2021-11-01,2.04933780772088,1.815161780166523,1.0514796810060518,2.8593674320436238,random_forest,MOQUEGUA
2021-11-08,1.8785596570774736,2.020189132299314,1.3099294297310207,2.968686038300842,random_forest,MOQUEGUA
2021-11-15,1.3662252051472539,1.909372013495625,1.3775544084788287,2.6493468159197113,random_forest,MOQUEGUA
2021-11-22,1.0246689038604406,1.6699649562671386,0.9081014430017467,2.284963524036858,random_forest,MOQUEGUA
2021-11-29,1.0246689038604406,1.5238962281288613,0.8563350619085159,2.268784319645447,random_forest,MOQUEGUA
2021-12-06,2.561672259651101,1.5532436930719182,0.8690939196796236,2.2799798728832537,random_forest,MOQUEGUA
2021-12-13,3.074006711581321,2.294737558722137,1.2831007326396693,3.4029385259770835,random_forest,MOQUEGUA
2021-12-20,2.903228560937914,2.7859249600078453,1.7404719436586287,4.394112132587968,random_forest,MOQUEGUA
2021-12-27,1.3662252051472539,2.856573733723765,1.8578112126304105,5.009974342269867,random_forest,MOQUEGUA
2022-01-03,1.0190817927735496,1.9120282351777353,0.9349021966874864,3.249180089900916,random_forest,MOQUEGUA
2022-01-10,1.691020173173394,1.485744154610277,0.8049652149368814,2.8292251833223108,random_forest,MOQUEGUA
2022-01-17,2.1959051436544264,1.5823316491311823,0.8384216273226538,2.7332704306385365,random_forest,MOQUEGUA
2022-01-24,2.0269893633733163,2.008237598805868,0.9317382190799519,2.901193085801024,random_forest,MOQUEGUA
2022-01-31,3.5472313859033036,1.9674475862845227,0.9424499602794855,2.777588454993941,random_forest,MOQUEGUA
2022-02-07,4.222894507027742,2.541765699602624,1.3531623434951194,4.6081569162765605,random_forest,MOQUEGUA
2022-02-14,5.405304968995509,3.4505991889920895,1.653256411352105,6.479086533584914,random_forest,MOQUEGUA
2022-02-21,3.378315605622193,5.177707878947178,2.1522346890554647,8.898755107924817,random_forest,MOQUEGUA
2022-02-28,2.871568264778864,3.690310509296215,1.7039523471570446,8.940570995487063,random_forest,MOQUEGUA
2022-03-07,2.0269893633733163,2.821996140041982,1.6683818250738622,4.304696816524393,random_forest,MOQUEGUA
2022-03-14,2.1959051436544264,2.5596594785367435,1.2423471091286307,5.382087017466247,random_forest,MOQUEGUA
2022-03-21,2.026989363373316,2.3454402135019015,1.239157373522147,4.474622736888554,random_forest,MOQUEGUA
2022-03-28,1.5202420225299875,2.227317067177616,1.2140361415593919,4.370346334179923,random_forest,MOQUEGUA
2022-04-04,2.0269893633733163,1.8041158031588531,1.0228014924296758,3.1959650127021577,random_forest,MOQUEGUA
2022-04-11,1.8580735830922066,2.0543578029918796,1.283772125295334,3.4544640980800847,random_forest,MOQUEGUA
2022-04-18,2.0269893633733163,1.9631340954927252,1.1788406239575415,3.072378500860613,random_forest,MOQUEGUA
2022-04-25,1.5202420225299875,2.0886176122333917,1.2500336285463303,3.072378500860613,random_forest,MOQUEGUA
2022-05-02,1.5202420225299875,1.822260506783128,1.0254892174329726,2.8441739596074274,random_forest,MOQUEGUA
2022-05-09,1.5202420225299875,1.7699213487862853,1.0232663997130511,2.8760099672151487,random_forest,MOQUEGUA
2022-05-16,1.3513262422488779,1.7015900842670986,1.005703937701084,2.5355375146829218,random_forest,MOQUEGUA
2022-05-23,1.0134946816866586,1.6191464623648453,0.9849336646205725,2.4916662753901075,random_forest,MOQUEGUA
2022-05-30,1.1824104619677682,1.3735362512277711,0.9255298906112965,2.1946327265963155,random_forest,MOQUEGUA
2022-06-06,1.3513262422488779,1.4709458650669451,0.9339767449041538,2.2731732439441,random_forest,MOQUEGUA
2022-06-13,2.533736704216645,1.6010556187505776,0.9506138579639386,2.4729572576012195,random_forest,MOQUEGUA
2022-06-20,2.533736704216645,2.493547246127955,1.5516777311858514,3.3778604816335998,random_forest,MOQUEGUA
2022-06-27,2.0269893633733163,2.60876045725,1.8130205559976524,3.433615813260749,random_forest,MOQUEGUA
2022-07-04,1.0134946816866586,2.328528848320743,1.2606937503623095,3.353925611420095,random_forest,MOQUEGUA
2022-07-11,1.1824104619677682,1.7241939775581594,0.9202413815671072,3.264079238398852,random_forest,MOQUEGUA
2022-07-18,1.5202420225299875,1.6786476062154991,0.9438285390780718,2.9269426800749705,random_forest,MOQUEGUA
2022-07-25,2.5337367042166457,1.5331249652150931,1.0599804875273628,2.270882563557084,random_forest,MOQUEGUA
2022-08-01,1.8580735830922068,2.3876826673257043,1.372750707943414,3.467763600482796,random_forest,MOQUEGUA
2022-08-08,1.8580735830922066,1.868884933687581,1.0441505445946866,2.998230305691654,random_forest,MOQUEGUA
2022-08-15,1.0134946816866586,1.6528829520995192,1.0239868760594726,2.643361180459372,random_forest,MOQUEGUA
2022-08-22,1.5202420225299869,1.4374247670657143,0.9231014604312809,2.2929894782223865,random_forest,MOQUEGUA
2022-08-29,1.3513262422488779,1.6501510916728286,1.0639276554445323,2.446231271027978,random_forest,MOQUEGUA
2022-09-05,1.0134946816866586,1.5399122763526494,1.015582091938825,2.375913849381313,random_forest,MOQUEGUA
2022-09-12,0.6756631211244392,1.5755024723818893,0.972391602909672,2.4895571704788435,random_forest,MOQUEGUA
2022-09-19,0.506747340843329,1.4457590756790022,0.8904444368316556,2.339564664890814,random_forest,MOQUEGUA
2022-09-26,0.506747340843329,1.514036622867372,0.8739224893959684,2.3660833673005883,random_forest,MOQUEGUA
2022-10-03,0.8445789014055488,1.5577074513983047,0.9283248146510619,2.3574411809343783,random_forest,MOQUEGUA
2022-10-10,1.0134946816866586,1.5407915413086954,0.8739224893959684,2.366255147122069,random_forest,MOQUEGUA
2022-10-17,1.5202420225299875,1.0462314136698034,0.6230866029195729,1.9863433450172194,random_forest,MOQUEGUA
2022-10-24,1.3513262422488779,1.3981249011920853,0.6664799060811956,2.469680780659354,random_forest,MOQUEGUA
2022-10-31,1.8580735830922066,1.4271262204206148,0.7340836501015222,2.446913456588678,random_forest,MOQUEGUA
2022-11-07,1.1824104619677682,1.4994401833540467,0.7388094044270815,2.505218796947733,random_forest,MOQUEGUA
2022-11-14,1.1824104619677682,1.325063447870571,0.7778464175180112,2.0266557130815137,random_forest,MOQUEGUA
2022-11-21,0.6756631211244392,1.3946991708553025,0.7669201367183688,2.227586035057044,random_forest,MOQUEGUA
2022-11-28,4.216122254398989,1.1982084953038696,0.6429766929524912,2.0560542809876834,random_forest,MOQUEGUA
2022-12-05,7.41874982711132,3.3208741412919944,1.2405564063085324,7.332525309053908,random_forest,MOQUEGUA
2022-12-12,10.62137739982365,6.631600419597049,3.0661376645239025,9.716214653462549,random_forest,MOQUEGUA
2022-12-19,7.24983404683021,7.93575571206866,4.031642564493225,9.832420021253528,random_forest,MOQUEGUA
2022-12-26,3.8782906938367696,7.920382374502482,4.3889984396037836,9.740001023617713,random_forest,MOQUEGUA
2023-01-02,1.3414143511245273,6.005163388926661,2.600054744710207,9.513529800716729,random_forest,MOQUEGUA
2023-01-09,2.008817562978674,3.113191316372373,1.15705784788213,8.925642199590538,random_forest,MOQUEGUA
2023-01-16,2.1744293795516665,2.8677035934574038,1.1235968521178556,8.916887822274425,random_forest,MOQUEGUA
2023-01-23,1.505374185843462,2.5424489591317987,1.1238861847880621,8.366809733659498,random_forest,MOQUEGUA
2023-01-30,1.3381103874164104,2.24525378586854,1.0642178569742269,8.062792088237924,random_forest,MOQUEGUA
2023-02-06,1.3381103874164104,1.6836474460223647,1.0780344973189364,2.981400110866007,random_forest,MOQUEGUA
2023-02-13,1.3381103874164104,1.817106586459116,1.0700037520967163,5.367974419654684,random_forest,MOQUEGUA
2023-02-20,0.8363189921352566,1.6571327087338743,1.0533219846202355,2.739208693950439,random_forest,MOQUEGUA
2023-02-27,0.8363189921352566,1.553979036200987,0.8939485845614763,2.5551217896416367,random_forest,MOQUEGUA
2023-03-06,0.5017913952811542,1.3468995614738257,0.7968932609016591,2.2209693518498184,random_forest,MOQUEGUA
2023-03-13,0.8363189921352568,1.3959140498896567,0.7505768573714122,2.4018878961406727,random_forest,MOQUEGUA
2023-03-20,1.003582790562308,1.3883746957757996,0.7695982275290361,2.4202393807484057,random_forest,MOQUEGUA
2023-03-27,1.3381103874164104,1.3565170685920556,0.7712368376792639,2.4202393807484057,random_forest,MOQUEGUA
2023-04-03,1.1708465889893593,1.3511887443359314,0.7953016497928194,2.2700964226762332,random_forest,MOQUEGUA
2023-04-10,1.505374185843462,1.2696532075725777,0.8080511700791992,2.031664799450622,random_forest,MOQUEGUA
2023-04-17,2.0071655811246156,1.4281408157632878,0.8734150939459474,2.4248627582300166,random_forest,MOQUEGUA
2023-04-24,2.174429379551667,1.4767378437556125,0.8080511700791992,2.5826675033487247,random_forest,MOQUEGUA
2023-05-01,2.341693177978718,1.8416540533706076,1.0103022113719262,2.904675322461011,random_forest,MOQUEGUA
2023-05-08,2.5089569764057695,2.1103139766249273,1.2097381405488652,3.499830758237872,random_forest,MOQUEGUA
2023-05-15,3.0107483716869226,2.295368163072492,1.2654762354637337,4.0478668469306935,random_forest,MOQUEGUA
2023-05-22,3.3452759685410256,2.4670730962211453,1.341244761611864,4.038109611359444,random_forest,MOQUEGUA
2023-05-29,2.8434845732598717,2.9070202617959837,1.8600503286900425,4.27785696184773,random_forest,MOQUEGUA
2023-06-05,2.6762207748328204,2.839508708614569,1.8320996942622854,4.211215549084761,random_forest,MOQUEGUA
2023-06-12,2.0071655811246156,2.9123589831729557,1.9933893225016588,4.091233479866734,random_forest,MOQUEGUA
2023-06-19,2.1744293795516665,2.4206426118486672,1.559236783169176,3.7656533353602666,random_forest,MOQUEGUA
2023-06-26,2.174429379551667,2.1140796569155103,1.3955987105615406,3.0684139471185774,random_forest,MOQUEGUA
2023-07-03,2.5089569764057695,2.105562127578911,1.4160449040878365,3.141154211406088,random_forest,MOQUEGUA
2023-07-10,2.508956976405769,2.4031500704169586,1.5394748708444603,3.517355260562814,random_forest,MOQUEGUA
2023-07-17,2.5089569764057695,2.637409818274585,1.8156270928603189,3.7023430432659783,random_forest,MOQUEGUA
2023-07-24,2.1744293795516665,2.7524145326187086,2.0081540702771266,4.133374169868363,random_forest,MOQUEGUA
2023-07-31,2.5089569764057695,2.4649576814728302,1.5317156103148521,3.9501191672193356,random_forest,MOQUEGUA
2023-08-07,2.341693177978718,2.590906201823776,1.6260803109984705,3.939735282665681,random_forest,MOQUEGUA
2023-08-14,2.8434845732598717,2.692653180059822,1.7981293898253687,4.052622903884233,random_forest,MOQUEGUA
2023-08-21,2.6762207748328204,2.62113562378694,1.8492504585452103,3.5322668233501258,random_forest,MOQUEGUA
2023-08-28,3.1780121701139747,2.5632860675230287,1.8116384483244203,3.2386513854317807,random_forest,MOQUEGUA
2023-09-04,2.6762207748328204,2.646079183998693,1.9351635390787925,3.5322668233501258,random_forest,MOQUEGUA
2023-09-11,2.508956976405769,2.552226097480276,1.8801945638415103,3.2103286968979656,random_forest,MOQUEGUA
2023-09-18,2.1744293795516665,2.6378563632787517,2.2151563193944854,3.1087535491732154,random_forest,MOQUEGUA
2023-09-25,2.1744293795516665,2.405270638207572,1.6935790145016292,3.0259305266672634,random_forest,MOQUEGUA
2023-10-02,2.0071655811246156,2.3498409856449305,1.6680517466784202,3.052196334454323,random_forest,MOQUEGUA
2023-10-09,1.839901782697564,2.140723118871898,1.4368305897959601,2.786025778044341,random_forest,MOQUEGUA
2023-10-16,1.672637984270513,1.8604289758689287,1.2469038423222987,2.555337389578711,random_forest,MOQUEGUA
2023-10-23,1.672637984270513,1.7189544652829114,1.068509606250668,2.555490525089065,random_forest,MOQUEGUA
2023-10-30,2.174429379551667,1.6407805829722635,1.0687055325900898,2.524853943919059,random_forest,MOQUEGUA
2023-11-06,2.5089569764057695,1.9127278061202688,1.0911494550068803,2.8027307720038124,random_forest,MOQUEGUA
2023-11-13,2.5089569764057695,2.225817756449569,1.4517491946009278,2.945227883274593,random_forest,MOQUEGUA
2023-11-20,1.505374185843462,2.318708334156503,1.548421690062071,2.9650999962982536,random_forest,MOQUEGUA
2023-11-27,1.839901782697564,1.8369666443306663,1.1410084020867268,2.9195465227662645,random_forest,MOQUEGUA
2023-12-04,1.672637984270513,1.7704025766130294,1.1153139202019648,2.7475831601340195,random_forest,MOQUEGUA
2011-12-26,0.9819690836853693,1.141035640570293,0.9481966531607715,1.3335157795471257,xgboost,MOQUEGUA
2012-01-02,0.5868399305682147,0.9336297060792522,0.8108637514658755,1.0988094611704993,xgboost,MOQUEGUA
2012-01-09,0.388104594188134,0.5968591174915621,0.4525231271031004,0.7959764866274784,xgboost,MOQUEGUA
2012-01-16,0.5821568912822006,0.6142003992689187,0.4641019727362296,0.8205166217074139,xgboost,MOQUEGUA
2012-01-23,0.7762091883762677,0.6047364672407329,0.4346229200508043,0.8053490859978323,xgboost,MOQUEGUA
2012-01-30,1.1643137825644014,0.711239420122823,0.5156653893735736,0.9102638120038813,xgboost,MOQUEGUA
2012-02-06,1.552418376752535,0.9171365884066872,0.6854154891815437,1.1359843273636427,xgboost,MOQUEGUA
2012-02-13,1.9405229709406686,1.2215614907782375,1.0269376365861715,1.4025400564837383,xgboost,MOQUEGUA
2012-02-20,1.9405229709406688,1.1346741529873476,0.6842397302919724,1.5462519809967656,xgboost,MOQUEGUA
2012-02-27,2.3286275651288024,1.0314387533215907,0.8176096500527104,1.3752473414951312,xgboost,MOQUEGUA
2012-03-05,2.1345752680347356,1.0399595190688795,0.8622469438608968,1.325351697757356,xgboost,MOQUEGUA
2012-03-12,2.522679862222869,1.0668425906961958,0.8323448450830749,1.3190942238064691,xgboost,MOQUEGUA
2012-03-19,2.134575268034735,1.6531304744843305,1.263060366885532,2.159376351355022,xgboost,MOQUEGUA
2012-03-26,2.1345752680347356,1.4532254218256162,1.0775935802659102,1.832256656820144,xgboost,MOQUEGUA
2012-04-02,1.3583660796584682,1.439018686752213,1.1495710826715284,1.7563285667306243,xgboost,MOQUEGUA
2012-04-09,1.3583660796584682,0.8995957120124121,0.6270596728613793,1.1899756524391296,xgboost,MOQUEGUA
2012-04-16,1.1643137825644014,1.0758627276562835,0.7376657445646125,1.2937394799383306,xgboost,MOQUEGUA
2012-04-23,1.3583660796584682,0.8506736048927949,0.6593720847144141,1.0147485703036845,xgboost,MOQUEGUA
2012-04-30,0.7762091883762675,1.0133005849282328,0.7919530846104409,1.3033799480433832,xgboost,MOQUEGUA
2012-05-07,0.9702614854703344,0.4332229039578961,0.33320473108231685,0.5730507349417014,xgboost,MOQUEGUA
2012-05-14,0.7762091883762675,0.8461192751767271,0.6591237496204253,1.123312251053636,xgboost,MOQUEGUA
2012-05-21,1.7464706738466018,0.5381503390248379,0.30720011449429047,0.7414442521743523,xgboost,MOQUEGUA
2012-05-28,1.9405229709406686,1.230680003413479,0.9756939561141966,1.494280553612305,xgboost,MOQUEGUA
2012-06-04,2.3286275651288024,1.3726656955050303,1.1463094619197687,1.6778203820723248,xgboost,MOQUEGUA
2012-06-11,1.9405229709406686,1.9441787957047068,1.6207724120343663,2.2524468714436203,xgboost,MOQUEGUA
2012-06-18,1.552418376752535,1.8937970532303872,1.5865551165594693,2.2620311042424004,xgboost,MOQUEGUA
2012-06-25,1.746470673846602,1.674745017929923,1.3946975088223128,1.9359578611016353,xgboost,MOQUEGUA
2012-07-02,1.1643137825644014,1.892028600524735,1.5945901516982366,2.301361975036039,xgboost,MOQUEGUA
2012-07-09,1.3583660796584682,1.1824480054113458,0.9948104154944042,1.3673314684988702,xgboost,MOQUEGUA
2012-07-16,1.1643137825644012,1.1761838398492763,0.9346352068074517,1.4873235645261274,xgboost,MOQUEGUA
2012-07-23,1.9405229709406686,1.0300818641801412,0.8555481587090663,1.2078273587923247,xgboost,MOQUEGUA
2012-07-30,1.552418376752535,1.6793818281469384,1.4364576200806018,2.004361996063105,xgboost,MOQUEGUA
2012-08-06,1.3583660796584682,1.2503707925176386,1.067102175528715,1.4904169213515401,xgboost,MOQUEGUA
2012-08-13,1.7464706738466018,0.847838857909373,0.5824751258501986,1.0971559315409196,xgboost,MOQUEGUA
2012-08-20,1.9405229709406686,1.1623493496011053,0.9160443618396141,1.3519728140139315,xgboost,MOQUEGUA
2012-08-27,2.134575268034735,1.3190122555841493,0.933928811554596,1.665363910329169,xgboost,MOQUEGUA
2012-09-03,1.552418376752535,1.6893242110754862,1.410992383731682,2.032646882396199,xgboost,MOQUEGUA
2012-09-10,1.3583660796584678,1.2798306184104853,0.975529098241684,1.6290267217620278,xgboost,MOQUEGUA
2012-09-17,0.9702614854703343,1.0616627725401753,0.7941666730564431,1.3583098654862817,xgboost,MOQUEGUA
2012-09-24,0.9702614854703343,0.7128887031280687,0.511163635592936,0.921098082850547,xgboost,MOQUEGUA
2012-10-01,0.9702614854703343,1.093174707820997,0.9579595694119539,1.2497498444885644,xgboost,MOQUEGUA
2012-10-08,1.164313782564401,0.9788092917344946,0.8186304803599738,1.1439735805328395,xgboost,MOQUEGUA
2012-10-15,1.164313782564401,1.1230397864229087,0.8608519925877307,1.3110894187927022,xgboost,MOQUEGUA
2012-10-22,0.9702614854703343,1.0142500250717872,0.7077251289029104,1.2925180974174648,xgboost,MOQUEGUA
2012-10-29,0.9702614854703343,1.071633212851907,0.8798669984310042,1.373262995341774,xgboost,MOQUEGUA
2012-11-05,0.7762091883762675,1.0348036538851964,0.8614439314077056,1.2054630421900223,xgboost,MOQUEGUA
2012-11-12,1.3583660796584678,0.9704695994268433,0.7256009736398902,1.2395859032430683,xgboost,MOQUEGUA
2012-11-19,2.134575268034735,1.1665004959767935,0.8841193467845732,1.4442810367855246,xgboost,MOQUEGUA
2012-11-26,2.328627565128802,1.6080295586951532,1.3875787782903615,1.9156740344219838,xgboost,MOQUEGUA
2012-12-03,2.134575268034735,1.4633824662766408,1.133616062143128,1.7927403425779087,xgboost,MOQUEGUA
2012-12-10,1.164313782564401,1.571752845618592,1.2982701190042418,1.866677329195823,xgboost,MOQUEGUA
2012-12-17,0.9702614854703343,0.9188729106991803,0.5609672254827889,1.294926358319169,xgboost,MOQUEGUA
2012-12-24,0.9702614854703343,0.7765005741169314,0.6076258703921903,0.9775111298023285,xgboost,MOQUEGUA
2012-12-31,1.1643137825644012,0.8790962606977478,0.6551340307702826,1.0893559582179784,xgboost,MOQUEGUA
2013-01-07,1.54327300233261,1.0785397653206426,0.8252489691698232,1.396203837629772,xgboost,MOQUEGUA
2013-01-14,1.5387003151226477,1.3371975686613613,1.048383305167893,1.6553515156365284,xgboost,MOQUEGUA
2013-01-21,1.3423616744235993,1.3042186811238927,1.1025130221649158,1.5132151016848716,xgboost,MOQUEGUA
2013-01-28,1.150595720934514,1.0804876186045138,0.9352623818674548,1.2628299883555043,xgboost,MOQUEGUA
2013-02-04,0.7670638139563426,1.3082522376946115,1.1145312980952984,1.49306011711587,xgboost,MOQUEGUA
2013-02-11,1.150595720934514,0.9425422064721235,0.6664404994477738,1.2569741498373823,xgboost,MOQUEGUA
2013-02-18,0.9588297674454282,1.321312473775942,1.0528548347905708,1.5372670913651607,xgboost,MOQUEGUA
2013-02-25,0.9588297674454282,1.0159412806544983,0.781291027056235,1.2625316641293396,xgboost,MOQUEGUA
2013-03-04,0.3835319069781713,0.9821951187045355,0.7852075972571817,1.1958111773334563,xgboost,MOQUEGUA
2013-03-11,0.0,0.5263127669711396,0.39319730024227706,0.6742931090790792,xgboost,MOQUEGUA
2013-03-18,0.19176595348908565,0.2937201399772873,0.13328232706001408,0.42204319887199276,xgboost,MOQUEGUA
2013-03-25,0.19176595348908565,0.2756457096773268,0.10694754160219239,0.439010087758953,xgboost,MOQUEGUA
2013-04-01,0.3835319069781713,0.293417588934195,0.15934197904251818,0.4523790266268677,xgboost,MOQUEGUA
2013-04-08,0.19176595348908565,0.2856844409535023,0.15410995081216888,0.49644339406830584,xgboost,MOQUEGUA
2013-04-15,0.3835319069781713,0.18008714742354068,0.07463250556422787,0.3466225508100139,xgboost,MOQUEGUA
2013-04-22,0.7670638139563426,0.23898996687652166,0.11143616926352003,0.3713667210522988,xgboost,MOQUEGUA
2013-04-29,1.150595720934514,0.7041892065357901,0.5216317734576637,0.9026311987357784,xgboost,MOQUEGUA
2013-05-06,1.150595720934514,1.1505551752932854,0.9481808606913332,1.3590641238577887,xgboost,MOQUEGUA
2013-05-13,0.9588297674454282,1.115434664172983,0.9335097311038804,1.287735744521785,xgboost,MOQUEGUA
2013-05-20,0.9588297674454282,0.7783579673303579,0.5937466206238858,1.0319066726312212,xgboost,MOQUEGUA
2013-05-27,0.7670638139563426,0.8369557405306883,0.5996454718859503,1.0594195052314321,xgboost,MOQUEGUA
2013-06-03,0.3835319069781713,0.701121787693391,0.43120846341995583,0.9326649308649612,xgboost,MOQUEGUA
2013-06-10,0.575297860467257,0.5318609040665547,0.3997038469960674,0.7205027526277848,xgboost,MOQUEGUA
2013-06-17,1.150595720934514,0.809893559861767,0.6654582404907261,0.9485840732327434,xgboost,MOQUEGUA
2013-06-24,1.150595720934514,1.2387075796572877,1.0666608883914832,1.4143399017860112,xgboost,MOQUEGUA
2013-07-01,1.150595720934514,1.1045698947042029,0.9217135386412254,1.2891127096795072,xgboost,MOQUEGUA
2013-07-08,1.5341276279126852,1.1458781252636971,1.0189346303146967,1.269456513431412,xgboost,MOQUEGUA
2013-07-15,2.109425488379942,1.2659515325505681,1.0500809811070042,1.5045251732247575,xgboost,MOQUEGUA
2013-07-22,2.109425488379942,1.8801990915713016,1.5977450648067784,2.177286200129006,xgboost,MOQUEGUA
2013-07-29,1.3423616744235993,1.8909045675014107,1.5858398634282536,2.1539853974309175,xgboost,MOQUEGUA
2013-08-05,1.3423616744235993,1.1520866108032466,0.9976122377157974,1.3275067056942362,xgboost,MOQUEGUA
2013-08-12,1.150595720934514,1.2289071696439249,1.084751861749505,1.4078336337020958,xgboost,MOQUEGUA
2013-08-19,1.150595720934514,1.2008570449624512,1.057327786958727,1.3623275741290521,xgboost,MOQUEGUA
2013-08-26,0.7670638139563426,1.1587175581216256,0.9852189406398106,1.3310638278187525,xgboost,MOQUEGUA
2013-09-02,0.575297860467257,0.7883996682323412,0.6184829678718096,0.9740936500929793,xgboost,MOQUEGUA
2013-09-09,0.7670638139563426,0.6733291611427551,0.5494133932513585,0.8769302545792704,xgboost,MOQUEGUA
2013-09-16,1.150595720934514,0.8892106984761482,0.7155951611522513,1.115581185515242,xgboost,MOQUEGUA
2013-09-23,1.150595720934514,1.2303116047554976,1.0565335671811122,1.3758845179265253,xgboost,MOQUEGUA
2013-09-30,0.9588297674454282,1.1671664105836737,1.0649916996704047,1.336597507570243,xgboost,MOQUEGUA
2013-10-07,0.575297860467257,1.1487547008031453,0.9780943129712052,1.4033997119290271,xgboost,MOQUEGUA
2013-10-14,0.7670638139563426,0.9010747760218222,0.723055882897939,1.0592513432712085,xgboost,MOQUEGUA
2013-10-21,1.3423616744235993,1.1567160017347948,1.000537471492569,1.2896738269156514,xgboost,MOQUEGUA
2013-10-28,1.5341276279126852,1.4503305872565337,1.2391505020982003,1.6288476172441162,xgboost,MOQUEGUA
2013-11-04,1.725893581401771,1.5032707778564043,1.2495084854637373,1.7620280850572054,xgboost,MOQUEGUA
2013-11-11,1.3423616744235993,1.3894906348738463,1.1930811371237886,1.5987007438277658,xgboost,MOQUEGUA
2013-11-18,1.3423616744235993,1.0628132940266286,0.9151528555452022,1.252299505727224,xgboost,MOQUEGUA
2013-11-25,0.7670638139563426,1.173600370716515,1.0449551151334882,1.2847064762660465,xgboost,MOQUEGUA
2013-12-02,1.150595720934514,0.7252241583436773,0.5947559262998392,0.8895293995780514,xgboost,MOQUEGUA
2013-12-09,0.9588297674454282,1.0933448913821482,0.9411223966668416,1.2667866349607209,xgboost,MOQUEGUA
2013-12-16,1.725893581401771,0.8191159550788183,0.684547147964624,0.9677229706779884,xgboost,MOQUEGUA
2013-12-23,1.3423616744235993,1.404402411029064,1.1868881214583142,1.5885567179586324,xgboost,MOQUEGUA
2013-12-30,1.5341276279126852,0.9265391006767748,0.7524376089329827,1.0835242771605655,xgboost,MOQUEGUA
2014-01-06,1.1461273753343144,1.163402218335635,0.9501643972579873,1.3993393222773125,xgboost,MOQUEGUA
2014-01-13,0.952127249045129,0.9751459745861657,0.7631259922529761,1.2149217970588206,xgboost,MOQUEGUA
2014-01-20,1.1371906841339154,0.8252831305908626,0.6689613519791672,1.0460488721637249,xgboost,MOQUEGUA
2014-01-27,0.9476589034449296,1.036162364017487,0.8938617385716929,1.1752363800435452,xgboost,MOQUEGUA
2014-02-03,0.9476589034449298,0.8499913607940603,0.5948986575597356,1.1192422138576608,xgboost,MOQUEGUA
2014-02-10,0.37906356137797187,0.7444973458905415,0.5564874665005518,0.9873817387477006,xgboost,MOQUEGUA
2014-02-17,0.18953178068898593,0.4179566389346716,0.21178123913108593,0.6681032777614054,xgboost,MOQUEGUA
2014-02-24,0.37906356137797187,0.3187484223505049,0.22035552781959655,0.4297398100485709,xgboost,MOQUEGUA
2014-03-03,0.5685953420669578,0.25800458493931444,0.14145075912506705,0.41137529661685385,xgboost,MOQUEGUA
2014-03-10,0.5685953420669578,0.5827453839412464,0.4329779210016665,0.746273294309442,xgboost,MOQUEGUA
2014-03-17,0.37906356137797187,0.5494404065155499,0.4066159604524782,0.7533419910290384,xgboost,MOQUEGUA
2014-03-24,0.7581271227559437,0.4669924965438534,0.22993657172372772,0.7001665117974499,xgboost,MOQUEGUA
2014-03-31,1.1371906841339154,0.9610424991800339,0.7975662183336399,1.2383425247799291,xgboost,MOQUEGUA
2014-04-07,0.9476589034449295,1.170819920937928,0.9999582809930908,1.3431879465219974,xgboost,MOQUEGUA
2014-04-14,0.5685953420669578,0.8431537339876717,0.6497554104986879,1.0083659172774497,xgboost,MOQUEGUA
2014-04-21,0.5685953420669578,0.5677901284774522,0.413752257422565,0.7230839208085909,xgboost,MOQUEGUA
2014-04-28,0.5685953420669578,0.7533538003967079,0.6035274318714615,0.943583851788335,xgboost,MOQUEGUA
2014-05-05,1.1371906841339157,0.731346573214321,0.5926536540517477,0.8809509348011738,xgboost,MOQUEGUA
2014-05-12,1.1371906841339157,1.0870825583293908,0.9451501497125022,1.2374769582799952,xgboost,MOQUEGUA
2014-05-19,1.5162542455118875,1.228563770525813,1.0809364473504839,1.4256411506437976,xgboost,MOQUEGUA
2014-05-26,1.1371906841339157,1.5632986600724001,1.3714533126040491,1.7548372172690314,xgboost,MOQUEGUA
2014-06-02,1.5162542455118875,1.1722455007491586,0.9951711906122764,1.3807425812073635,xgboost,MOQUEGUA
2014-06-09,1.1371906841339157,1.432925716132599,1.1460239411235453,1.6675840625263247,xgboost,MOQUEGUA
2014-06-16,1.1371906841339157,1.143157791623618,0.9920293832541841,1.3326120192276238,xgboost,MOQUEGUA
2014-06-23,0.7581271227559437,1.1616793747626675,1.011354492574676,1.3233209603725469,xgboost,MOQUEGUA
2014-06-30,0.9476589034449298,0.8619912207207253,0.7212452719338266,1.0384382528425318,xgboost,MOQUEGUA
2014-07-07,0.9476589034449298,0.9295398939663897,0.7188218575438924,1.1118646751801238,xgboost,MOQUEGUA
2014-07-14,0.9476589034449298,0.7059059193086238,0.5359867716918668,0.926633149298194,xgboost,MOQUEGUA
2014-07-21,1.1371906841339157,0.7642080206376577,0.5769070675991689,0.9382913194844371,xgboost,MOQUEGUA
2014-07-28,1.3267224648229015,1.00198797160109,0.8200860999947419,1.1970555493770827,xgboost,MOQUEGUA
2014-08-04,2.463913148956817,1.4222368155699372,1.2466374962986655,1.6266489015624843,xgboost,MOQUEGUA
2014-08-11,3.411572052401747,1.5948719386144705,1.4026107995832706,1.834744403304825,xgboost,MOQUEGUA
2014-08-18,3.7906356137797186,1.5486635086830154,1.3567249518837468,1.8356234899645087,xgboost,MOQUEGUA
2014-08-25,2.274381368267831,1.5229509415216624,1.258529673311215,1.7466095888651345,xgboost,MOQUEGUA
2014-09-01,1.5162542455118875,1.9314995330652238,1.5849879838291283,2.453563462604927,xgboost,MOQUEGUA
2014-09-08,0.9476589034449296,1.3799904705563042,1.1796611746948675,1.714030776459035,xgboost,MOQUEGUA
2014-09-15,1.7057860262008735,0.884609497611272,0.6562211565315758,1.1012153629695474,xgboost,MOQUEGUA
2014-09-22,1.7057860262008735,1.2437565299532019,1.0723761954878057,1.5196923669274693,xgboost,MOQUEGUA
2014-09-29,1.8953178068898593,1.4440131266341167,1.2386731530805235,1.6501295895911066,xgboost,MOQUEGUA
2014-10-06,1.3267224648229015,1.5752687705525703,1.2730669018132508,1.8300736992347784,xgboost,MOQUEGUA
2014-10-13,1.7057860262008733,1.2751205674411918,1.092401445252353,1.607954787992118,xgboost,MOQUEGUA
2014-10-20,1.7057860262008733,1.430855512133699,1.2407487670271193,1.657178119406315,xgboost,MOQUEGUA
2014-10-27,1.895317806889859,1.7513822957131375,1.4768580115871428,1.9659257139738884,xgboost,MOQUEGUA
2014-11-03,1.8953178068898593,1.8991980687172292,1.6612760366811568,2.1186434753724392,xgboost,MOQUEGUA
2014-11-10,1.5162542455118875,1.54680614788462,1.2727196793961053,1.7368661532849166,xgboost,MOQUEGUA
2014-11-17,1.7057860262008733,1.3343608944483312,1.074545780973701,1.5690220837412168,xgboost,MOQUEGUA
2014-11-24,0.7581271227559437,1.3206246447826049,1.1184405072576888,1.518495974035281,xgboost,MOQUEGUA
2014-12-01,0.5685953420669577,0.859941932327052,0.7336390474112946,1.0117021922274931,xgboost,MOQUEGUA
2014-12-08,0.0,0.6879141373244836,0.569336560251113,0.8440531617545627,xgboost,MOQUEGUA
2014-12-15,0.18953178068898593,0.5663126713589578,0.4013444349097426,0.6927561660320825,xgboost,MOQUEGUA
2014-12-22,0.18953178068898593,0.2225895620355783,0.1376416321634426,0.34598222885688623,xgboost,MOQUEGUA
2014-12-29,1.3267224648229015,0.15091031350632111,0.06429504211415533,0.2542382560884507,xgboost,MOQUEGUA
2015-01-05,1.511890923942069,0.98599899547967,0.803257231377344,1.1676617171640222,xgboost,MOQUEGUA
2015-01-12,2.261291403558376,1.1559644991424278,0.9585835656525368,1.341303368507085,xgboost,MOQUEGUA
2015-01-19,1.3114508393285373,2.4880075013959,1.9870362450676067,2.4880075013959,xgboost,MOQUEGUA
2015-01-26,0.9367505995203839,1.7234981097635522,1.429558510708447,1.981410105958271,xgboost,MOQUEGUA
2015-02-02,0.56205035971223,1.1056898891640807,0.9093710120488864,1.3516310592727727,xgboost,MOQUEGUA
2015-02-09,0.56205035971223,0.6106126814067778,0.37997425990730405,0.861360276456483,xgboost,MOQUEGUA
2015-02-16,0.7494004796163068,0.6115921790947364,0.47669481902004684,0.7519780741413598,xgboost,MOQUEGUA
2015-02-23,0.7494004796163068,0.7623129894771569,0.6248376269127235,0.9057738805819695,xgboost,MOQUEGUA
2015-03-02,1.12410071942446,0.5261227768194668,0.40448152639447477,0.6596204569788182,xgboost,MOQUEGUA
2015-03-09,1.1241007194244603,1.0416231980645678,0.8836823170649242,1.1855055590771553,xgboost,MOQUEGUA
2015-03-16,0.7494004796163067,1.134055491580229,0.9342513671000091,1.2691404091090135,xgboost,MOQUEGUA
2015-03-23,0.7494004796163068,0.9032215667528999,0.7174754780623557,1.0691599250846981,xgboost,MOQUEGUA
2015-03-30,0.7494004796163067,0.8332514550675518,0.7014300556913589,0.9950911580681314,xgboost,MOQUEGUA
2015-04-06,0.9367505995203835,0.8870811739103638,0.7343784488946111,1.0966060026252828,xgboost,MOQUEGUA
2015-04-13,1.1241007194244605,0.7618748085710491,0.5954326703463577,1.0069773066488164,xgboost,MOQUEGUA
2015-04-20,1.6861510791366907,1.06603521557283,0.8307166083726448,1.3055089595846003,xgboost,MOQUEGUA
2015-04-27,2.0608513189448443,1.4085579347920802,1.1124763998291953,1.66742554383717,xgboost,MOQUEGUA
2015-05-04,2.060851318944844,1.6727744265356843,1.4039568904782884,2.0027568481567,xgboost,MOQUEGUA
2015-05-11,1.873501199040767,1.7874422822607288,1.4564484050025936,2.0652568700761904,xgboost,MOQUEGUA
2015-05-18,1.4988009592326137,1.5708227064737748,1.3239091624385566,1.8033399573831457,xgboost,MOQUEGUA
2015-05-25,0.9367505995203835,1.4314209397538042,1.208058323195621,1.6518702487123917,xgboost,MOQUEGUA
2015-06-01,0.7494004796163068,0.8504821188223217,0.7218949184629864,1.0417444051269191,xgboost,MOQUEGUA
2015-06-08,0.7494004796163068,0.7553446582000599,0.6376945173153534,0.8803607502956065,xgboost,MOQUEGUA
2015-06-15,1.12410071942446,0.7436466838370339,0.5863240217143058,0.8473948276796678,xgboost,MOQUEGUA
2015-06-22,1.311450839328537,1.0644259641847922,0.896333002838717,1.25324494083346,xgboost,MOQUEGUA
2015-06-29,1.873501199040767,1.1056575081174136,0.9653226648547482,1.2799737134853746,xgboost,MOQUEGUA
2015-07-06,2.060851318944844,1.6264649494463403,1.4064000281108298,1.8625944609817113,xgboost,MOQUEGUA
2015-07-13,2.248201438848921,1.7059821167789502,1.5372248977358682,1.9008388042400233,xgboost,MOQUEGUA
2015-07-20,2.4355515587529974,1.7962545310554379,1.641881930433244,1.9696744653243792,xgboost,MOQUEGUA
2015-07-27,2.0608513189448443,2.1611775183205615,1.8926785398778303,2.4880075013959,xgboost,MOQUEGUA
2015-08-03,1.6861510791366907,1.8029583450434414,1.5361958324542346,2.0407648070880993,xgboost,MOQUEGUA
2015-08-10,1.6861510791366907,1.616048815810253,1.374774950118193,1.8423163098862931,xgboost,MOQUEGUA
2015-08-17,1.311450839328537,1.5068202303854132,1.2577110697986067,1.7236354470603985,xgboost,MOQUEGUA
2015-08-24,1.3114508393285371,1.2648823699977796,1.0012603237277977,1.4902848128854385,xgboost,MOQUEGUA
2015-08-31,0.7494004796163068,1.2591992321248537,1.138469169918148,1.3802715088099144,xgboost,MOQUEGUA
2015-09-07,1.1241007194244605,1.0135290818277565,0.8402072155212841,1.134550737155356,xgboost,MOQUEGUA
2015-09-14,1.4988009592326137,1.1095285592545678,0.9607547439054059,1.2652008515116953,xgboost,MOQUEGUA
2015-09-21,1.6861510791366905,1.317772580426699,1.1523660104901794,1.4890362146005043,xgboost,MOQUEGUA
2015-09-28,2.060851318944844,1.6568431664854975,1.4362328234039314,1.9400202430350328,xgboost,MOQUEGUA
2015-10-05,2.060851318944844,1.8005869641587784,1.5434896253326273,2.057850625809129,xgboost,MOQUEGUA
2015-10-12,2.060851318944844,1.74885563510681,1.5614993376243251,1.9267904751360336,xgboost,MOQUEGUA
2015-10-19,1.4988009592326141,1.6063058696616266,1.408740982328584,1.854012682017513,xgboost,MOQUEGUA
2015-10-26,1.1241007194244605,1.2980097203789478,1.1315731095124744,1.5191242797283315,xgboost,MOQUEGUA
2015-11-02,1.6861510791366907,1.0334280336700246,0.9032131721488523,1.200817953281524,xgboost,MOQUEGUA
2015-11-09,2.248201438848921,1.299588865620326,1.1077579100512525,1.5252895251162308,xgboost,MOQUEGUA
2015-11-16,2.4355515587529974,1.5505257205671967,1.3266006963430397,1.8063304945359677,xgboost,MOQUEGUA
2015-11-23,2.6229016786570742,1.8223752599432788,1.3976989662379946,2.1767253030760143,xgboost,MOQUEGUA
2015-11-30,2.4355515587529974,1.7447305058126752,1.4074476010464476,2.032478057404844,xgboost,MOQUEGUA
2015-12-07,1.8735011990407673,1.4804122958205763,1.2829092106529063,1.653976810695364,xgboost,MOQUEGUA
2015-12-14,1.1241007194244605,1.3221660413511198,1.100583861493694,1.568019918765758,xgboost,MOQUEGUA
2015-12-21,0.9367505995203839,1.1565244703061264,0.986773672614359,1.3352600430467723,xgboost,MOQUEGUA
2015-12-28,0.9367505995203839,0.9362875436190823,0.6855031918137279,1.1782476065107557,xgboost,MOQUEGUA
2016-01-04,0.5599173234910843,1.0979713415508565,0.8997899023453896,1.3055402913392014,xgboost,MOQUEGUA
2016-01-11,0.5556512510487919,0.5016610992356841,0.3501852806577527,0.7842302004809245,xgboost,MOQUEGUA
2016-01-18,0.5556512510487919,0.5719305478316483,0.3590456054101648,0.7690715056883451,xgboost,MOQUEGUA
2016-01-25,0.5556512510487918,0.526172398491441,0.3590757397644094,0.683429388458738,xgboost,MOQUEGUA
2016-02-01,0.3704341673658613,0.552512273501982,0.39034697167815446,0.7385859230552111,xgboost,MOQUEGUA
2016-02-08,0.3704341673658613,0.6240225660429543,0.4627638609126455,0.7627548516807029,xgboost,MOQUEGUA
2016-02-15,0.555651251048792,0.6250104611275193,0.5242134551682042,0.7458902998372084,xgboost,MOQUEGUA
2016-02-22,0.3704341673658613,0.6825229584327047,0.5458384130397368,0.7810614953466004,xgboost,MOQUEGUA
2016-02-29,0.37043416736586127,0.5901410017285211,0.5048851593541682,0.7331013861845516,xgboost,MOQUEGUA
2016-03-07,0.0,0.5961340088917566,0.45369758747675265,0.7940874317719758,xgboost,MOQUEGUA
2016-03-14,0.9260854184146531,0.4622313728887596,0.277361666803088,0.6864498267202618,xgboost,MOQUEGUA
2016-03-21,1.481736669463445,0.672330680922206,0.5441476175331377,0.7670749799223503,xgboost,MOQUEGUA
2016-03-28,1.8521708368293062,1.2265730986934047,0.9770479594780682,1.5802650582728366,xgboost,MOQUEGUA
2016-04-04,1.2965195857805143,1.523110499316798,1.2762055524870917,1.8394201079397492,xgboost,MOQUEGUA
2016-04-11,1.2965195857805143,1.1740419447225976,1.0030626873127821,1.3295784530442953,xgboost,MOQUEGUA
2016-04-18,1.481736669463445,0.959861008336601,0.7946497890830103,1.1215664511906498,xgboost,MOQUEGUA
2016-04-25,1.2965195857805143,1.0457804689802963,0.8941645148603832,1.2133452519415513,xgboost,MOQUEGUA
2016-05-02,1.481736669463445,0.9614489582358338,0.7486336850299136,1.1413047989328908,xgboost,MOQUEGUA
2016-05-09,1.6669537531463756,1.2647707298093007,0.9551538125234963,1.510090135659584,xgboost,MOQUEGUA
2016-05-16,2.593039171561028,1.2618563990778466,1.090624237086846,1.475859333227728,xgboost,MOQUEGUA
2016-05-23,2.7782562552439587,2.216892733459059,1.9867257572929147,2.5605990848975275,xgboost,MOQUEGUA
2016-05-30,2.222605004195167,2.169457380866527,1.8577191143206078,2.5152238404448184,xgboost,MOQUEGUA
2016-06-06,1.8521708368293062,1.8764034958899605,1.658459723854834,2.1043368020008497,xgboost,MOQUEGUA
2016-06-13,1.6669537531463756,1.4648810185628511,1.294320876533907,1.658397134255378,xgboost,MOQUEGUA
2016-06-20,2.222605004195167,1.5189784868332241,1.3576967953279615,1.65850393359918,xgboost,MOQUEGUA
2016-06-27,1.6669537531463756,1.8026786849263998,1.5071503167633513,2.101470116598562,xgboost,MOQUEGUA
2016-07-04,1.1113025020975835,1.7208653656042883,1.5535039198401934,1.9288511094205376,xgboost,MOQUEGUA
2016-07-11,1.481736669463445,1.2761473497615932,1.1119191806001367,1.4601816190137327,xgboost,MOQUEGUA
2016-07-18,2.0373879205122365,1.3943919324835472,1.1707435816195855,1.6256585301943478,xgboost,MOQUEGUA
2016-07-25,2.222605004195167,1.8887638751445686,1.646082745298607,2.098713940028596,xgboost,MOQUEGUA
2016-08-01,2.0373879205122365,2.34293119469429,2.069077021895066,2.686597055057701,xgboost,MOQUEGUA
2016-08-08,1.8521708368293062,2.0363359020054586,1.7685957161944945,2.2907264503650984,xgboost,MOQUEGUA
2016-08-15,2.0373879205122365,1.7482045939195234,1.6007839818605745,1.9568878716455766,xgboost,MOQUEGUA
2016-08-22,2.0373879205122365,1.7882089784382924,1.596854126821159,1.9392979971730189,xgboost,MOQUEGUA
2016-08-29,2.0373879205122365,1.7147743678954037,1.53395513698274,1.9365329566587726,xgboost,MOQUEGUA
2016-09-05,2.96347333892689,1.5494060116575776,1.3111884643613316,1.796608893412831,xgboost,MOQUEGUA
2016-09-12,3.1486904226098207,1.9886714671105148,1.7926115052806635,2.3170471801225028,xgboost,MOQUEGUA
2016-09-19,3.1486904226098207,2.0536658379299877,1.792104536632917,2.3182328696539183,xgboost,MOQUEGUA
2016-09-26,2.2226050041951675,2.5934099920640596,2.091838263972704,2.9620660094951594,xgboost,MOQUEGUA
2016-10-03,1.481736669463445,1.9163411079703867,1.6777009960552949,2.2085172549855625,xgboost,MOQUEGUA
2016-10-10,0.9260854184146533,1.527524516342201,1.249964273475745,1.8123533275945218,xgboost,MOQUEGUA
2016-10-17,0.9260854184146533,1.1086769840003117,0.8397531760684966,1.3442064644964,xgboost,MOQUEGUA
2016-10-24,1.111302502097584,0.8927854797469674,0.7389625472547118,1.0790379892235533,xgboost,MOQUEGUA
2016-10-31,1.6669537531463754,1.1025741789907568,0.9777659786728649,1.2875228969690617,xgboost,MOQUEGUA
2016-11-07,1.2965195857805145,1.6532988977578802,1.4180732572306298,1.9233018053634028,xgboost,MOQUEGUA
2016-11-14,1.6669537531463756,1.3529279720006329,1.193870814907757,1.600071458033391,xgboost,MOQUEGUA
2016-11-21,1.481736669463445,1.6031188374077325,1.3707487893594188,1.8228658515599006,xgboost,MOQUEGUA
2016-11-28,1.8521708368293062,1.2861440265653927,0.96232330010191,1.5961535116107288,xgboost,MOQUEGUA
2016-12-05,1.2965195857805145,1.7076371263009553,1.4786463356909836,1.9260505504817167,xgboost,MOQUEGUA
2016-12-12,1.481736669463445,1.2069591225004854,0.9485330863934198,1.4479937165413244,xgboost,MOQUEGUA
2016-12-19,1.6669537531463756,1.490947503910308,1.267284438582246,1.7005740207731,xgboost,MOQUEGUA
2016-12-26,2.407822087878098,1.4067173219801756,1.0623964016759995,1.9247079308386432,xgboost,MOQUEGUA
2017-01-02,2.4015700687691797,2.0849035579955695,1.7976102180552704,2.492496842517553,xgboost,MOQUEGUA
2017-01-09,2.210100965977331,2.015774510046943,1.7469232764566431,2.3379026158509673,xgboost,MOQUEGUA
2017-01-16,2.014463850446204,1.7673566845865194,1.5668746289227455,1.9303102058206223,xgboost,MOQUEGUA
2017-01-23,2.1975969277594953,1.598268004252601,1.385617403255106,1.8171294500829902,xgboost,MOQUEGUA
2017-01-30,2.3807300050727864,1.7010155886788156,1.50134347292835,1.9215585077781734,xgboost,MOQUEGUA
2017-02-06,2.3807300050727864,1.92750615778173,1.7749520259171803,2.1510026208982564,xgboost,MOQUEGUA
2017-02-13,2.563863082386078,2.4624919260905678,2.1230174546752156,2.833441158474785,xgboost,MOQUEGUA
2017-02-20,2.563863082386078,2.160408477917513,1.8527578685715964,2.6377843548228195,xgboost,MOQUEGUA
2017-02-27,2.014463850446204,2.1117402706892707,1.8307734933494642,2.570354124411533,xgboost,MOQUEGUA
2017-03-06,1.4650646185063303,1.6876038214295792,1.3927362757690573,2.037294159838004,xgboost,MOQUEGUA
2017-03-13,0.7325323092531653,1.4224665295766101,1.2235572244251363,1.7418994192339692,xgboost,MOQUEGUA
2017-03-20,1.0987984638797477,0.8603693512723399,0.7173269463180344,1.0169552007828615,xgboost,MOQUEGUA
2017-03-27,0.7325323092531653,1.0602083312358723,0.8670768612317358,1.242635280726243,xgboost,MOQUEGUA
2017-04-03,1.4650646185063303,0.9189169450936358,0.7292484201024622,1.11672735263695,xgboost,MOQUEGUA
2017-04-10,1.831330773132913,1.3908117045455055,1.1912581201884178,1.6168622661462215,xgboost,MOQUEGUA
2017-04-17,3.1132623143259512,1.7513501528486746,1.5711550902800517,1.9725153598420564,xgboost,MOQUEGUA
2017-04-24,3.1132623143259512,2.6174495168496406,2.2450084162678343,2.9335309093195985,xgboost,MOQUEGUA
2017-05-01,2.3807300050727864,2.4505157812995697,2.2055390793899186,2.8554869606321573,xgboost,MOQUEGUA
2017-05-08,1.4650646185063303,2.04303337415297,1.8364913525876765,2.2973128319236733,xgboost,MOQUEGUA
2017-05-15,1.4650646185063303,1.2609541131095745,1.0562700393186268,1.4293940087416135,xgboost,MOQUEGUA
2017-05-22,1.8313307731329127,1.3013605798560663,1.133798055079204,1.466075460282984,xgboost,MOQUEGUA
2017-05-29,2.197596927759495,1.7039793250773747,1.5113437569649482,1.8718935212844199,xgboost,MOQUEGUA
2017-06-05,2.014463850446204,1.9245437201896947,1.6688770490381521,2.2712212257316478,xgboost,MOQUEGUA
2017-06-12,2.5638630823860775,1.915057500802524,1.6588706334356909,2.163752395399347,xgboost,MOQUEGUA
2017-06-19,3.1132623143259512,2.411133300836323,2.2135370868507955,2.670723177739067,xgboost,MOQUEGUA
2017-06-26,3.479528468952534,2.35547740890603,2.021307379454095,2.665610505914192,xgboost,MOQUEGUA
2017-07-03,3.8457946235791165,2.502230626525859,2.15927315723955,2.875768930234313,xgboost,MOQUEGUA
2017-07-10,4.028927700892408,2.257319140868585,2.006388721803678,2.5143556815860664,xgboost,MOQUEGUA
2017-07-17,4.395193855518991,2.139420036688453,1.9267608187341625,2.4229548016746847,xgboost,MOQUEGUA
2017-07-24,3.479528468952534,2.169393150627713,1.9270319243191476,2.3956896615892393,xgboost,MOQUEGUA
2017-07-31,3.8457946235791165,3.3017869622742806,2.943330726410418,3.757440942616491,xgboost,MOQUEGUA
2017-08-07,3.2963953916392428,3.4145691861338014,3.035750914760742,3.7342486829381856,xgboost,MOQUEGUA
2017-08-14,2.746996159699369,3.586050492904992,3.1634360179142202,3.813250807797473,xgboost,MOQUEGUA
2017-08-21,1.6481976958196214,3.157752566907445,2.6904519842730448,3.6239410259982368,xgboost,MOQUEGUA
2017-08-28,2.014463850446204,1.5019648151560852,1.1722347542742617,1.8987463898813568,xgboost,MOQUEGUA
2017-09-04,2.380730005072787,1.9026552048899803,1.5043791803360567,2.3873618660142597,xgboost,MOQUEGUA
2017-09-11,2.0144638504462042,2.204000992985353,1.759671922511824,2.7356537270117296,xgboost,MOQUEGUA
2017-09-18,1.0987984638797477,1.8398036376322768,1.517561687363924,2.211538778860586,xgboost,MOQUEGUA
2017-09-25,0.9156653865664565,1.1927741024542422,0.9300891426774263,1.4646591818261254,xgboost,MOQUEGUA
2017-10-02,1.6481976958196214,1.0865437279009247,0.9576853354296492,1.2205557588329412,xgboost,MOQUEGUA
2017-10-09,2.563863082386078,1.6869254868507162,1.451529229480449,1.9374383565591902,xgboost,MOQUEGUA
2017-10-16,3.6626615462658254,2.375830293229808,1.8629937488131727,2.769323696794809,xgboost,MOQUEGUA
2017-10-23,3.6626615462658254,3.0401895677345565,2.380137433402163,3.637471104518352,xgboost,MOQUEGUA
2017-10-30,2.9301292370126606,2.9855503548435527,2.631343308610919,3.371950968469898,xgboost,MOQUEGUA
2017-11-06,2.563863082386078,2.6880938003437183,2.379438398232914,3.1528055283824408,xgboost,MOQUEGUA
2017-11-13,2.380730005072787,2.426137831052905,1.9697781928813634,2.8244382378694928,xgboost,MOQUEGUA
2017-11-20,3.1132623143259512,2.1038342933409466,1.7901710452771824,2.4259973348885384,xgboost,MOQUEGUA
2017-11-27,2.563863082386078,2.8095526893565115,2.4986240459357747,3.110982112549109,xgboost,MOQUEGUA
2017-12-04,2.380730005072787,2.480081279728268,2.1723449293429775,2.8375694684556465,xgboost,MOQUEGUA
2017-12-11,2.014463850446204,1.8346602605149136,1.4296475723185713,2.2107662900539466,xgboost,MOQUEGUA
2017-12-18,1.831330773132913,1.579970248601419,1.25528271413742,1.9629484166468634,xgboost,MOQUEGUA
2017-12-25,1.6481976958196218,1.4816703244454144,1.217141762696125,1.855852870638457,xgboost,MOQUEGUA
2018-01-01,1.988793716617806,1.5736445068715859,1.255702832403531,2.007378756480764,xgboost,MOQUEGUA
2018-01-08,2.159091727016898,1.7347440034893313,1.3995368296576216,2.1721055548749724,xgboost,MOQUEGUA
2018-01-15,2.503966103453149,2.0824351104922734,1.876676795404535,2.295247108595496,xgboost,MOQUEGUA
2018-01-22,2.146256660102699,2.5153767960503206,2.2045166624990693,2.848099384367397,xgboost,MOQUEGUA
2018-01-29,2.3251113817779236,1.9850634877570086,1.7339884239172456,2.17784227144456,xgboost,MOQUEGUA
2018-02-05,2.8616755468035984,2.16140853073921,1.8770440932365093,2.4040472642175943,xgboost,MOQUEGUA
2018-02-12,2.5039661034531484,2.5338346349697214,2.2209007133207943,2.806294309276012,xgboost,MOQUEGUA
2018-02-19,2.3251113817779236,2.3479669500258695,2.046144886854962,2.6690952876253675,xgboost,MOQUEGUA
2018-02-26,1.2519830517265744,2.3725753971485997,2.017843830640485,2.8045101459574915,xgboost,MOQUEGUA
2018-03-05,1.4308377734017992,1.229490870255438,0.9175962384271573,1.5841799747493763,xgboost,MOQUEGUA
2018-03-12,1.6096924950770244,1.425712429374273,1.0803111645174701,1.7563003089980356,xgboost,MOQUEGUA
2018-03-19,1.7885472167522491,1.7167848314364007,1.5287469024922782,1.9560022007070432,xgboost,MOQUEGUA
2018-03-26,2.1462566601026984,1.8026081895873365,1.5579608929038296,2.0474164660005534,xgboost,MOQUEGUA
2018-04-02,2.5039661034531484,2.145745578756088,1.9311518390194187,2.3494527624372274,xgboost,MOQUEGUA
2018-04-09,2.6828208251283727,2.4566900678158197,2.0815386509204465,2.772391679265934,xgboost,MOQUEGUA
2018-04-16,2.8616755468035984,2.4652242444635117,2.086678090137859,2.778209936500525,xgboost,MOQUEGUA
2018-04-23,2.503966103453149,2.370015359711082,2.137398625623587,2.6997648453285383,xgboost,MOQUEGUA
2018-04-30,2.6828208251283736,2.4054674337846342,2.00561326703027,2.785026542296724,xgboost,MOQUEGUA
2018-05-07,2.146256660102699,2.6935561587895465,2.472821794073046,2.9115745867227507,xgboost,MOQUEGUA
2018-05-14,2.325111381777923,2.0487725299003956,1.7745339261424542,2.3352754613264852,xgboost,MOQUEGUA
2018-05-21,2.146256660102699,2.0028889370142537,1.638570871185238,2.631102629827246,xgboost,MOQUEGUA
2018-05-28,2.325111381777923,1.9143921105520043,1.6656684778175104,2.26540352302242,xgboost,MOQUEGUA
2018-06-04,2.1462566601026984,2.455812883025247,2.1418790603048534,2.7756547938171625,xgboost,MOQUEGUA
2018-06-11,1.967401938427474,2.336800987660074,2.0688929985791966,2.6464843743845474,xgboost,MOQUEGUA
2018-06-18,3.219384990154048,2.149769297400757,1.8665553325510915,2.425114873018857,xgboost,MOQUEGUA
2018-06-25,3.040530268478823,2.901488573172006,2.6013753116757368,3.251222111267031,xgboost,MOQUEGUA
2018-07-02,3.040530268478823,2.9749044516131375,2.6596934039947797,3.2214075671681273,xgboost,MOQUEGUA
2018-07-09,1.609692495077024,3.0133397946627185,2.6353029449102117,3.2889489103911975,xgboost,MOQUEGUA
2018-07-16,2.6828208251283736,1.862181580859132,1.6379824284315263,2.0533305890005136,xgboost,MOQUEGUA
2018-07-23,3.5770944335044974,2.884741250129213,2.5618663129637502,3.158976984703822,xgboost,MOQUEGUA
2018-07-30,3.934803876854948,3.4305959142651634,2.9879979464142705,3.753439814394568,xgboost,MOQUEGUA
2018-08-06,3.5770944335044974,3.304435430578654,2.986614753712653,3.6819168489236453,xgboost,MOQUEGUA
2018-08-13,3.040530268478823,3.12819933392097,2.7395710736341385,3.5141581739333856,xgboost,MOQUEGUA
2018-08-20,3.398239711829273,2.8257487435677913,2.3680405970215705,3.2401005867975994,xgboost,MOQUEGUA
2018-08-27,3.040530268478823,3.0198660605054624,2.7046332277451537,3.4606944727711717,xgboost,MOQUEGUA
2018-09-03,2.8616755468035984,2.747350639639213,2.4410520698043086,3.1061029602585957,xgboost,MOQUEGUA
2018-09-10,2.1462566601026984,2.41212238971276,2.034312137560422,2.7709079474926006,xgboost,MOQUEGUA
2018-09-17,1.967401938427474,1.9480638251652955,1.602404588103776,2.2464063526833673,xgboost,MOQUEGUA
2018-09-24,1.967401938427474,1.9927026118768176,1.7522165015571984,2.2938964635047325,xgboost,MOQUEGUA
2018-10-01,2.3251113817779236,1.9413341270436997,1.717290757213654,2.1181568647435576,xgboost,MOQUEGUA
2018-10-08,2.1462566601026984,2.100559989554138,1.7794572062913654,2.43287205767217,xgboost,MOQUEGUA
2018-10-15,1.967401938427474,1.7122362211920104,1.3787622930679182,2.047276243010919,xgboost,MOQUEGUA
2018-10-22,2.3251113817779236,1.9451350026609608,1.6872312367789029,2.1736241682344177,xgboost,MOQUEGUA
2018-10-29,2.6828208251283736,2.331517913502283,2.1034199144176284,2.555377433629764,xgboost,MOQUEGUA
2018-11-05,3.7559491551797226,2.595390025225691,2.31928009326164,2.8686671491233784,xgboost,MOQUEGUA
2018-11-12,3.7559491551797226,3.062463430989995,2.7361106580215875,3.3244012486312804,xgboost,MOQUEGUA
2018-11-19,3.040530268478823,3.3475998025963656,2.9109087726681286,3.6992183342075027,xgboost,MOQUEGUA
2018-11-26,1.9674019384274741,2.64934100294882,2.3856138415409167,2.9135671106676515,xgboost,MOQUEGUA
2018-12-03,1.6096924950770244,2.090572833557286,1.8555117659307965,2.322060576873553,xgboost,MOQUEGUA
2018-12-10,1.7885472167522494,1.837137604319177,1.6058308589664072,2.0816121214029395,xgboost,MOQUEGUA
2018-12-17,1.967401938427474,1.832666233203593,1.6717295587311372,1.99716505320766,xgboost,MOQUEGUA
2018-12-24,1.967401938427474,1.9887491365934333,1.789412787705671,2.153505677875744,xgboost,MOQUEGUA
2018-12-31,1.7885472167522491,2.039178975839891,1.8429438932620728,2.221986738889177,xgboost,MOQUEGUA
2019-01-07,1.24876937595865,1.8882294662390473,1.613907233079979,2.100875657304845,xgboost,MOQUEGUA
2019-01-14,0.3544957675825256,1.4418067169694473,1.2267395283928186,1.6815909600597305,xgboost,MOQUEGUA
2019-01-21,0.8782052295365014,0.6426702820359317,0.514217152447787,0.8395363953024213,xgboost,MOQUEGUA
2019-01-28,1.2294873213511017,0.8921983489420022,0.7041328319045295,1.0536323330556463,xgboost,MOQUEGUA
2019-02-04,2.458974642702203,1.2595109886804279,1.053219621413147,1.447442377960391,xgboost,MOQUEGUA
2019-02-11,2.283333596794903,2.5872608983488057,2.116597917432743,3.094956864804453,xgboost,MOQUEGUA
2019-02-18,2.9858977804241036,2.0961207611862034,1.7883758383974904,2.484538462133222,xgboost,MOQUEGUA
2019-02-25,2.6346156886095033,2.4448970202640044,2.251057960586247,2.7136033508049198,xgboost,MOQUEGUA
2019-03-04,2.634615688609503,2.218936582536455,2.017111098634738,2.4411894913480663,xgboost,MOQUEGUA
2019-03-11,2.1076925508876028,2.1287504333766156,1.863393092339136,2.4665042240829838,xgboost,MOQUEGUA
2019-03-18,2.1076925508876028,1.8509489020119076,1.5641291783794384,2.2593498201079325,xgboost,MOQUEGUA
2019-03-25,1.7564104590730023,2.029241472837316,1.7455892060169504,2.269534304102334,xgboost,MOQUEGUA
2019-04-01,1.580769413165702,1.7481584010838183,1.5541510069664988,2.001111772873639,xgboost,MOQUEGUA
2019-04-08,1.229487321351102,1.6825029753668808,1.5227413210753973,1.9047414376749126,xgboost,MOQUEGUA
2019-04-15,1.2294873213511017,1.6066095925712303,1.2457046049503173,1.883622916082587,xgboost,MOQUEGUA
2019-04-22,1.0538462754438018,1.427814285614506,1.108525788029163,1.757033460884982,xgboost,MOQUEGUA
2019-04-29,1.0538462754438018,1.2511872713087568,0.9474440985343551,1.6642450785406853,xgboost,MOQUEGUA
2019-05-06,1.7564104590730025,1.2100008273169092,1.0572776334166598,1.3830602802695176,xgboost,MOQUEGUA
2019-05-13,2.458974642702203,2.0857638432155916,1.790851657149412,2.318138726713884,xgboost,MOQUEGUA
2019-05-20,2.8102567345168037,2.8794766264260176,2.5539426212402145,3.207758404410533,xgboost,MOQUEGUA
2019-05-27,3.161538826331404,2.874711031295557,2.5692795972068425,3.1594827199156863,xgboost,MOQUEGUA
2019-06-03,2.6346156886095033,2.84623601894774,2.5072207794480694,3.2294684592753744,xgboost,MOQUEGUA
2019-06-10,2.8102567345168032,2.6320983470035677,2.2763418940343674,2.981248140021547,xgboost,MOQUEGUA
2019-06-17,2.8102567345168037,2.7579237312898126,2.3798686805843143,3.0042022026954114,xgboost,MOQUEGUA
2019-06-24,2.9858977804241036,2.7191420627080034,2.3304569033465987,2.9712712439633657,xgboost,MOQUEGUA
2019-07-01,3.8641030099606044,2.5058810463792245,2.209653436742733,2.7334900761492738,xgboost,MOQUEGUA
2019-07-08,4.039744055867904,2.9444017178310182,2.6659430588394777,3.2055434032312102,xgboost,MOQUEGUA
2019-07-15,4.215385101775205,2.9743581452557684,2.669175330912832,3.3454950820794704,xgboost,MOQUEGUA
2019-07-22,3.3371798722387034,2.724726777091316,2.2683917308089336,3.1158415488824653,xgboost,MOQUEGUA
2019-07-29,2.8102567345168032,2.8876019283823924,2.4814580508920803,3.2788369437260516,xgboost,MOQUEGUA
2019-08-05,2.8102567345168032,2.6580224373158736,2.2836184774939814,3.1678521343067563,xgboost,MOQUEGUA
2019-08-12,4.039744055867904,2.685302168588082,2.402847948309638,3.1186961386589984,xgboost,MOQUEGUA
2019-08-19,4.742308239497105,3.08461272692658,2.7337615767073067,3.4630353458952423,xgboost,MOQUEGUA
2019-08-26,5.093590331311705,3.109697356997672,2.6013448302698783,3.687859098383485,xgboost,MOQUEGUA
2019-09-02,3.6884619640533036,3.098043667401121,2.6290670217057386,3.7062769885978546,xgboost,MOQUEGUA
2019-09-09,3.1615388263314035,2.708098967657188,2.2356562529893607,3.155799697678598,xgboost,MOQUEGUA
2019-09-16,2.6346156886095033,2.5605901713224517,2.1340549155223396,3.013897679765951,xgboost,MOQUEGUA
2019-09-23,2.6346156886095033,2.7018582022015796,2.367936609679666,3.0238603035807907,xgboost,MOQUEGUA
2019-09-30,2.2833335967949027,2.6147682381216977,2.2985952766379216,3.1119878535663514,xgboost,MOQUEGUA
2019-10-07,2.8102567345168032,1.9066316596207697,1.5374382927877532,2.2489561473112465,xgboost,MOQUEGUA
2019-10-14,2.9858977804241036,2.3443705184839705,1.9856211525569472,2.691927825172454,xgboost,MOQUEGUA
2019-10-21,3.5128209181460037,2.6591223718383645,2.327183483541672,3.0075139111507974,xgboost,MOQUEGUA
2019-10-28,3.161538826331404,3.0141278419260424,2.6460931700402934,3.3659266665481735,xgboost,MOQUEGUA
2019-11-04,2.2833335967949027,2.6496799112210896,2.2653501939564293,3.1401129937250403,xgboost,MOQUEGUA
2019-11-11,2.2833335967949027,2.2212443770043504,1.853085039710822,2.6206493907798842,xgboost,MOQUEGUA
2019-11-18,2.4589746427022035,2.4937469130614636,2.1868708078223187,2.8122752872607797,xgboost,MOQUEGUA
2019-11-25,3.161538826331404,2.387275856640902,2.1339163098487743,2.7116639634458277,xgboost,MOQUEGUA
2019-12-02,2.458974642702203,2.6322641820770483,2.3753582754541434,2.984614013921521,xgboost,MOQUEGUA
2019-12-09,2.458974642702203,2.127199237391713,1.9346568737848484,2.3469334178942476,xgboost,MOQUEGUA
2019-12-16,2.8102567345168032,2.2658928675923202,1.9769296009940243,2.5173997883548975,xgboost,MOQUEGUA
2019-12-23,3.1615388263314035,2.4123143842699304,2.067570038532586,2.6845558356621413,xgboost,MOQUEGUA
2019-12-30,2.458974642702203,2.7824897858863906,2.569302999304235,3.0890427254287665,xgboost,MOQUEGUA
2020-01-06,1.921265537255083,2.405458502602572,2.139951888187767,2.6418035446491333,xgboost,MOQUEGUA
2020-01-13,2.080727631574554,2.069145804814197,1.7517703356329961,2.3489493007791187,xgboost,MOQUEGUA
2020-01-20,1.7294455397599535,2.2306808191157836,1.9973998018756018,2.535892275255682,xgboost,MOQUEGUA
2020-01-27,1.7294455397599535,1.7163800291102511,1.537600884337911,1.8753081581108926,xgboost,MOQUEGUA
2020-02-03,1.9023900937359486,1.7439528678367517,1.4626297888170636,2.033831813819546,xgboost,MOQUEGUA
2020-02-10,2.767112863615925,2.02043301832151,1.867800488954241,2.1681979500649455,xgboost,MOQUEGUA
2020-02-17,2.767112863615925,2.5687303302248754,2.2703002699741033,2.833333769256699,xgboost,MOQUEGUA
2020-02-24,1.7294455397599533,2.5924141748151763,2.3012592592969066,2.825028685035786,xgboost,MOQUEGUA
2020-03-02,1.9023900937359486,1.8211172048840347,1.7081300493493552,2.0663386659235017,xgboost,MOQUEGUA
2020-03-09,1.5565009857839582,2.0708915042899183,1.8481977074868514,2.325126793545677,xgboost,MOQUEGUA
2020-03-16,2.767112863615925,1.639099669535886,1.2722548122691337,1.9579924243766154,xgboost,MOQUEGUA
2020-03-23,1.7294455397599535,2.455052891182619,2.1798802633629495,2.6488520559753796,xgboost,MOQUEGUA
2020-03-30,1.7294455397599535,1.7792309122517065,1.567238177082544,1.9613982261284715,xgboost,MOQUEGUA
2020-04-06,0.6917782159039817,1.9796627030974372,1.7938075569357697,2.1412798515786537,xgboost,MOQUEGUA
2020-04-13,0.8647227698799771,1.2608724479842128,1.1400860078092236,1.390226799309726,xgboost,MOQUEGUA
2020-04-20,0.8647227698799771,1.1841545943823077,0.9845614993306199,1.3807590420489086,xgboost,MOQUEGUA
2020-04-27,0.8647227698799771,1.236948365756004,1.0661615665090372,1.4396766056841874,xgboost,MOQUEGUA
2020-05-04,1.7294455397599533,1.0641092593857173,0.8368236990167034,1.3233710909342118,xgboost,MOQUEGUA
2020-05-11,1.9023900937359486,1.9292282116559754,1.5835143465923174,2.1633515117578472,xgboost,MOQUEGUA
2020-05-18,1.9023900937359486,2.1806320505402583,1.9977310538722157,2.4010363872849183,xgboost,MOQUEGUA
2020-05-25,0.8647227698799771,2.2083271655406826,1.956338393131367,2.4456169890010275,xgboost,MOQUEGUA
2020-06-01,0.8647227698799771,0.983454740526722,0.8157105031274091,1.262603409401586,xgboost,MOQUEGUA
2020-06-08,1.2106118778319677,1.1521965447357743,0.8783623372822663,1.3976552349542846,xgboost,MOQUEGUA
2020-06-15,2.421223755663935,1.2402673384337808,0.9548050506417152,1.483595349965801,xgboost,MOQUEGUA
2020-06-22,2.2482792016879394,2.403245509596395,2.096274304917593,2.709707015138773,xgboost,MOQUEGUA
2020-06-29,2.2482792016879394,2.1010952390704314,1.778627330723109,2.499191305060084,xgboost,MOQUEGUA
2020-07-06,2.2482792016879394,2.0227829874245034,1.7225372671214643,2.470109546123868,xgboost,MOQUEGUA
2020-07-13,2.59416830963993,2.026987878552327,1.7972093784199308,2.343590791247785,xgboost,MOQUEGUA
2020-07-20,5.442849227010499,2.3451767466749085,2.0838196239416007,2.602302327214937,xgboost,MOQUEGUA
2020-07-27,7.6911284286984385,3.8781818895174336,3.45301667879181,4.533067450320547,xgboost,MOQUEGUA
2020-08-03,9.939407630386377,3.5891048280565867,3.360322320755011,3.9632335660868634,xgboost,MOQUEGUA
2020-08-10,9.939407630386377,3.2841041788405874,2.5926038941943528,3.795829847152744,xgboost,MOQUEGUA
2020-08-17,9.766463076410382,3.323705367746936,2.768301141322774,3.861827816495213,xgboost,MOQUEGUA
2020-08-24,9.0746848605064,7.62455815579535,5.608823701778549,8.542015634260387,xgboost,MOQUEGUA
2020-08-31,7.609560374943793,7.2783991199658855,5.202102506890039,8.542015634260387,xgboost,MOQUEGUA
2020-09-07,5.707170281207845,6.511544522865048,4.704982534952273,8.026339493412404,xgboost,MOQUEGUA
2020-09-14,4.323613849399883,5.461485662675722,3.9701276800911907,7.017394875744246,xgboost,MOQUEGUA
2020-09-21,4.323613849399883,4.122660974042144,3.5921004332760176,4.861822906272864,xgboost,MOQUEGUA
2020-09-28,3.6318356334959017,4.0454658106735355,3.5307414258831846,4.870818256497002,xgboost,MOQUEGUA
2020-10-05,4.150669295423888,3.6217488057001104,3.145727853196923,4.265476657510397,xgboost,MOQUEGUA
2020-10-12,2.59416830963993,3.989688465387661,3.365864211912947,4.9926518047945585,xgboost,MOQUEGUA
2020-10-19,2.075334647711944,2.793250198246648,2.3564787684991475,3.52189394993748,xgboost,MOQUEGUA
2020-10-26,1.0376673238559724,2.2366897626508284,1.8663663676060709,2.693926915221549,xgboost,MOQUEGUA
2020-11-02,0.8647227698799771,1.5038357376562688,1.2893081026040307,1.846440494547814,xgboost,MOQUEGUA
2020-11-09,1.0376673238559717,1.4443618963520835,1.0765324681723785,1.754531163432356,xgboost,MOQUEGUA
2020-11-16,1.2106118778319677,1.1623637848885529,0.9875527982806984,1.3838535717996565,xgboost,MOQUEGUA
2020-11-23,1.5565009857839582,1.232645336268219,0.9249410910858858,1.6328489570851668,xgboost,MOQUEGUA
2020-11-30,2.4212237556639344,1.5123866983519156,1.145895520319462,1.848947491987916,xgboost,MOQUEGUA
2020-12-07,2.2482792016879394,2.4418487808553127,2.0262406606443615,2.8564136454615747,xgboost,MOQUEGUA
2020-12-14,2.940057417591921,2.379069801023688,2.1641955761305476,2.6922975378410965,xgboost,MOQUEGUA
2020-12-21,3.8047801874718967,2.6665440029822625,2.3646536265937126,3.087734126573021,xgboost,MOQUEGUA
2020-12-28,5.534225727231849,3.311042409720117,2.813426604782458,3.712137246552018,xgboost,MOQUEGUA
2021-01-04,7.053897856361801,5.363871757784999,3.7182280916955683,6.6839045790235305,xgboost,MOQUEGUA
2021-01-11,8.052569920231178,6.899075742881703,5.586777591142603,7.738711527769257,xgboost,MOQUEGUA
2021-01-18,9.517694405793785,7.2223347399527,6.128466887719279,8.330049926109334,xgboost,MOQUEGUA
2021-01-25,8.834581803220159,7.302214713529287,6.431673976113936,8.153600776209908,xgboost,MOQUEGUA
2021-02-01,8.151469200646531,7.14379803662443,6.4206400115107005,7.852815890011411,xgboost,MOQUEGUA
2021-02-08,5.806457121875828,6.245075548297334,5.232926866686197,7.514891876737067,xgboost,MOQUEGUA
2021-02-15,3.927897464798354,5.11159736927041,4.440124136857724,6.607034998185197,xgboost,MOQUEGUA
2021-02-22,2.561672259651101,3.9998594853667155,3.582538198812862,4.414192427520276,xgboost,MOQUEGUA
2021-03-01,3.7571193141549473,2.7412743853850046,2.3633715607096315,3.2353489003721627,xgboost,MOQUEGUA
2021-03-08,3.5863411635115408,4.185618099864542,2.9581529234745916,5.707523673033407,xgboost,MOQUEGUA
2021-03-15,2.903228560937914,3.9762648748833453,3.0664277706360252,5.036240281783191,xgboost,MOQUEGUA
2021-03-22,0.6831126025736273,2.630456858399622,2.123912946961482,3.221303902855601,xgboost,MOQUEGUA
2021-03-29,1.1954470545038471,1.1798763294053072,0.9216898283755602,1.551019843758798,xgboost,MOQUEGUA
2021-04-05,3.927897464798354,1.295180388195746,0.9817289613770058,1.5575642062222834,xgboost,MOQUEGUA
2021-04-12,7.297578447429498,3.0847534503234173,2.3912292935743125,3.8520231923476356,xgboost,MOQUEGUA
2021-04-19,8.663803652576751,5.746218716068566,4.534523363672654,6.719803496659199,xgboost,MOQUEGUA
2021-04-26,8.663803652576751,6.143327152974108,4.572510543467409,7.186669121026168,xgboost,MOQUEGUA
2021-05-03,8.663803652576751,7.919388719903067,6.878940867568995,8.628375109619338,xgboost,MOQUEGUA
2021-05-10,8.663803652576751,7.622442529029184,6.929396316500049,8.20238228645249,xgboost,MOQUEGUA
2021-05-17,8.493025501933344,7.787617764804963,7.066763448932609,8.672067075079216,xgboost,MOQUEGUA
2021-05-24,8.493025501933344,7.564037950695136,7.006705277284681,8.181902003475878,xgboost,MOQUEGUA
2021-05-31,9.984146827487015,4.813573800360395,4.2078152596614835,5.582779755416716,xgboost,MOQUEGUA
2021-06-07,9.471812375556794,4.240853493263916,3.624915128540914,5.005502253154392,xgboost,MOQUEGUA
2021-06-14,7.468356598072904,4.326344239981397,3.720588750021841,5.21730510347696,xgboost,MOQUEGUA
2021-06-21,5.294122669945607,4.26082373782172,3.75475179985433,5.036749043394644,xgboost,MOQUEGUA
2021-06-28,4.098675615441761,4.766242166946757,3.837662415432602,5.591262638411793,xgboost,MOQUEGUA
2021-07-05,3.2447848622247277,3.924826005650562,3.3918775875111513,5.006831132193217,xgboost,MOQUEGUA
2021-07-12,2.561672259651101,2.842964587584054,2.1692386255625324,3.641682260223127,xgboost,MOQUEGUA
2021-07-19,2.7324504102945073,2.309537519344769,1.569408142506151,3.270101111570929,xgboost,MOQUEGUA
2021-07-26,2.390894109007694,2.5013372938496676,1.9764363619089758,3.2396275032130513,xgboost,MOQUEGUA
2021-08-02,3.0740067115813203,2.1223875989640573,1.7661597559155529,2.5561887444936096,xgboost,MOQUEGUA
2021-08-09,3.2447848622247277,2.514795600153974,1.959816385419166,3.0262555864058354,xgboost,MOQUEGUA
2021-08-16,3.7571193141549473,2.455263365411837,1.9949046181538888,3.0008894154050982,xgboost,MOQUEGUA
2021-08-23,3.2447848622247277,3.3020372222817143,2.8087430543574805,3.7507687906446807,xgboost,MOQUEGUA
2021-08-30,2.2201159583642878,2.8273808914413667,2.352812040878395,3.230818900812152,xgboost,MOQUEGUA
2021-09-06,1.8785596570774743,2.282458460728243,1.9896809714464818,2.6004313664589307,xgboost,MOQUEGUA
2021-09-13,1.1954470545038476,2.0542734566582106,1.6384128184842854,2.3582946195985888,xgboost,MOQUEGUA
2021-09-20,1.5370033557906606,1.2845873226450544,1.0413855508864636,1.710737221673808,xgboost,MOQUEGUA
2021-09-27,1.1954470545038474,1.6031092176311434,1.2770171539088813,1.9392089990474104,xgboost,MOQUEGUA
2021-10-04,1.7077815064340676,1.3355706018174687,1.0002181687077174,1.6624440858650407,xgboost,MOQUEGUA
2021-10-11,1.0246689038604406,1.8674254837756037,1.5142745557337849,2.256835739879312,xgboost,MOQUEGUA
2021-10-18,1.5370033557906606,1.0603233961616492,0.7836996008397998,1.454507553088615,xgboost,MOQUEGUA
2021-10-25,1.5370033557906606,1.7482596332055484,1.3385187194693384,2.2914754079569484,xgboost,MOQUEGUA
2021-11-01,2.04933780772088,1.7285816026521392,1.333108147115909,2.127985552871777,xgboost,MOQUEGUA
2021-11-08,1.8785596570774736,2.1985575348552095,1.8004350638064137,2.4594079103722364,xgboost,MOQUEGUA
2021-11-15,1.3662252051472539,2.0067922954249053,1.7895421425084859,2.36244309995338,xgboost,MOQUEGUA
2021-11-22,1.0246689038604406,1.4914894858142413,1.2614242165986518,1.76017958307059,xgboost,MOQUEGUA
2021-11-29,1.0246689038604406,1.2851229499630747,1.0437197795205742,1.5410083242837695,xgboost,MOQUEGUA
2021-12-06,2.561672259651101,1.2600818233837445,1.019619950500192,1.618368502832009,xgboost,MOQUEGUA
2021-12-13,3.074006711581321,2.6517275167980965,2.3314781989506415,3.090089906128865,xgboost,MOQUEGUA
2021-12-20,2.903228560937914,2.8479608506445957,2.5534825530305376,3.256036253392441,xgboost,MOQUEGUA
2021-12-27,1.3662252051472539,2.755350075274567,2.453162904803922,3.1635035180153612,xgboost,MOQUEGUA
2022-01-03,1.0190817927735496,1.2233512756013238,0.8817810935341185,1.6159190863815525,xgboost,MOQUEGUA
2022-01-10,1.691020173173394,1.1276239411681428,0.8837668629523967,1.4375604116362852,xgboost,MOQUEGUA
2022-01-17,2.1959051436544264,1.7256921137014194,1.4120501506890168,2.071838696178171,xgboost,MOQUEGUA
2022-01-24,2.0269893633733163,2.0075702055712834,1.6662875704211515,2.342032280505598,xgboost,MOQUEGUA
2022-01-31,3.5472313859033036,1.5958397121625667,1.3210890315068182,1.9162559337510694,xgboost,MOQUEGUA
2022-02-07,4.222894507027742,2.949814245869116,2.3133235976818356,3.5379489322880304,xgboost,MOQUEGUA
2022-02-14,5.405304968995509,3.6041452318107,3.179681419773382,4.19681850684799,xgboost,MOQUEGUA
2022-02-21,3.378315605622193,5.4377757113780945,4.017737694499104,6.50474937309309,xgboost,MOQUEGUA
2022-02-28,2.871568264778864,3.3502178756991285,2.9130525579860813,3.9131527607336127,xgboost,MOQUEGUA
2022-03-07,2.0269893633733163,2.5681271274139426,2.2044188699036726,2.8814999961542282,xgboost,MOQUEGUA
2022-03-14,2.1959051436544264,2.0240422909476377,1.7240867933324393,2.4539933008600796,xgboost,MOQUEGUA
2022-03-21,2.026989363373316,2.3080855817739385,1.8700276006897842,2.821013619216233,xgboost,MOQUEGUA
2022-03-28,1.5202420225299875,1.949531086518638,1.5938941671028528,2.4731530039611593,xgboost,MOQUEGUA
2022-04-04,2.0269893633733163,1.405639094968697,1.1993647079254852,1.609613304500464,xgboost,MOQUEGUA
2022-04-11,1.8580735830922066,1.944571561205229,1.5703982861731336,2.2477003575078176,xgboost,MOQUEGUA
2022-04-18,2.0269893633733163,1.9448464229151943,1.676466429109434,2.2140841766147985,xgboost,MOQUEGUA
2022-04-25,1.5202420225299875,2.0702095752223,1.6826647885597086,2.578824618476369,xgboost,MOQUEGUA
2022-05-02,1.5202420225299875,1.794739246988861,1.4165817002723062,2.108200841299637,xgboost,MOQUEGUA
2022-05-09,1.5202420225299875,1.736142930727096,1.4348450036736842,2.057124579810058,xgboost,MOQUEGUA
2022-05-16,1.3513262422488779,1.8087321854562266,1.531743583652199,2.0981883348318826,xgboost,MOQUEGUA
2022-05-23,1.0134946816866586,1.4473156124501683,1.1842824405388772,1.736105094844733,xgboost,MOQUEGUA
2022-05-30,1.1824104619677682,1.103885969861504,0.9234322234426608,1.35409215678708,xgboost,MOQUEGUA
2022-06-06,1.3513262422488779,1.4590910188642912,1.131304539228301,1.7243985581646812,xgboost,MOQUEGUA
2022-06-13,2.533736704216645,1.3710762217693409,1.1491389624397415,1.7028317178799208,xgboost,MOQUEGUA
2022-06-20,2.533736704216645,2.5518397569462956,2.2431007194578156,2.9586413169022254,xgboost,MOQUEGUA
2022-06-27,2.0269893633733163,2.759798992891508,2.492667128938361,3.119591304933937,xgboost,MOQUEGUA
2022-07-04,1.0134946816866586,2.130849500820807,1.736661269755965,2.599458490493909,xgboost,MOQUEGUA
2022-07-11,1.1824104619677682,1.3763150627405667,1.139099820845095,1.6798248825661473,xgboost,MOQUEGUA
2022-07-18,1.5202420225299875,1.676976654135099,1.3651316928444523,2.2853291147881505,xgboost,MOQUEGUA
2022-07-25,2.5337367042166457,1.6015004224213985,1.3819355773840154,1.8952366155492082,xgboost,MOQUEGUA
2022-08-01,1.8580735830922068,2.5944120841708425,2.297971290446724,2.932270203192287,xgboost,MOQUEGUA
2022-08-08,1.8580735830922066,1.5300080319952407,1.2077345850219348,1.9227763376209668,xgboost,MOQUEGUA
2022-08-15,1.0134946816866586,1.5292132888339576,1.2464410588731643,1.8340270732197606,xgboost,MOQUEGUA
2022-08-22,1.5202420225299869,1.1469318037126435,0.9423252383653751,1.4144017821040558,xgboost,MOQUEGUA
2022-08-29,1.3513262422488779,2.0004381856393554,1.627642309021826,2.3147181667857506,xgboost,MOQUEGUA
2022-09-05,1.0134946816866586,1.5691723043944326,1.3360888021026076,1.8408041728764122,xgboost,MOQUEGUA
2022-09-12,0.6756631211244392,1.2643485177758678,1.1097830677118299,1.5273422337523792,xgboost,MOQUEGUA
2022-09-19,0.506747340843329,1.1987131443751369,1.0022132751301691,1.3879680300140023,xgboost,MOQUEGUA
2022-09-26,0.506747340843329,1.173594670230159,0.9798988249602273,1.4809791948487716,xgboost,MOQUEGUA
2022-10-03,0.8445789014055488,1.2930926238279028,1.0222466357133806,1.5692828699565409,xgboost,MOQUEGUA
2022-10-10,1.0134946816866586,1.2909118550407626,1.026286428103646,1.6989185024398403,xgboost,MOQUEGUA
2022-10-17,1.5202420225299875,0.9568027962105643,0.7169579757720124,1.2624342991843747,xgboost,MOQUEGUA
2022-10-24,1.3513262422488779,1.4022065609009813,0.9743832452684262,1.777282497982461,xgboost,MOQUEGUA
2022-10-31,1.8580735830922066,1.5087514561319053,1.043685793364742,1.9260965940817434,xgboost,MOQUEGUA
2022-11-07,1.1824104619677682,1.6809043956165561,1.375553872823533,2.0456198479102015,xgboost,MOQUEGUA
2022-11-14,1.1824104619677682,1.2420401206160991,0.9842896896329328,1.532023827289538,xgboost,MOQUEGUA
2022-11-21,0.6756631211244392,1.414679975310448,1.0836358007217166,1.7823708543217063,xgboost,MOQUEGUA
2022-11-28,4.216122254398989,0.9832774137811076,0.7455595143562886,1.2605874517227587,xgboost,MOQUEGUA
2022-12-05,7.41874982711132,4.696463332553293,3.6185681332801427,5.777550969711939,xgboost,MOQUEGUA
2022-12-12,10.62137739982365,7.847334052252424,6.238719923179493,9.222909326143643,xgboost,MOQUEGUA
2022-12-19,7.24983404683021,8.732204661846977,7.693575501844112,9.837370343540544,xgboost,MOQUEGUA
2022-12-26,3.8782906938367696,8.13169185064752,7.061036072858328,9.333753762990263,xgboost,MOQUEGUA
2023-01-02,1.3414143511245273,5.625769622867471,4.477210046491831,7.623016102494105,xgboost,MOQUEGUA
2023-01-09,2.008817562978674,1.7785554529655603,1.1968043925892249,2.411969045887969,xgboost,MOQUEGUA
2023-01-16,2.1744293795516665,2.264700583513812,1.7684775635621477,2.7437741282066073,xgboost,MOQUEGUA
2023-01-23,1.505374185843462,2.3277717395771296,2.04635841405396,2.6540027714960273,xgboost,MOQUEGUA
2023-01-30,1.3381103874164104,1.637384056068856,1.472607344846291,1.9249432806467175,xgboost,MOQUEGUA
2023-02-06,1.3381103874164104,1.4294193494279845,1.228264119984691,1.6098828780362726,xgboost,MOQUEGUA
2023-02-13,1.3381103874164104,1.5072700193018542,1.2343815886422984,1.8675167521706024,xgboost,MOQUEGUA
2023-02-20,0.8363189921352566,1.4165096815985658,1.2333077539293764,1.7485885814411148,xgboost,MOQUEGUA
2023-02-27,0.8363189921352566,1.192266262929982,0.9600562189627682,1.3993846574360638,xgboost,MOQUEGUA
2023-03-06,0.5017913952811542,1.046583466444388,0.8706484505286637,1.3176646877791403,xgboost,MOQUEGUA
2023-03-13,0.8363189921352568,1.1146679254104823,0.8920996656812621,1.3548433818927446,xgboost,MOQUEGUA
2023-03-20,1.003582790562308,1.3351461864839491,1.0895321831267029,1.5482372787418806,xgboost,MOQUEGUA
2023-03-27,1.3381103874164104,1.3129039068756483,1.0291964414303958,1.5179316084209034,xgboost,MOQUEGUA
2023-04-03,1.1708465889893593,1.3718306047825848,1.197909016029363,1.5616533936102603,xgboost,MOQUEGUA
2023-04-10,1.505374185843462,1.1795404842793613,1.0117914048607377,1.3631317114859416,xgboost,MOQUEGUA
2023-04-17,2.0071655811246156,1.7390637428022122,1.4075801941322617,2.2734822146604086,xgboost,MOQUEGUA
2023-04-24,2.174429379551667,1.509879040549899,1.1948754499876135,1.8052140199467284,xgboost,MOQUEGUA
2023-05-01,2.341693177978718,1.8464218318907941,1.6535623869712603,2.271837420494264,xgboost,MOQUEGUA
2023-05-08,2.5089569764057695,2.2734377288009227,1.9117435225256976,2.7705326109134525,xgboost,MOQUEGUA
2023-05-15,3.0107483716869226,2.576940267191023,1.954197141960096,3.2129009778449062,xgboost,MOQUEGUA
2023-05-22,3.3452759685410256,2.3888312272054586,1.9500652327550867,2.8261131566893534,xgboost,MOQUEGUA
2023-05-29,2.8434845732598717,2.9885679994285956,2.6931563823915528,3.4685921865626703,xgboost,MOQUEGUA
2023-06-05,2.6762207748328204,2.5993198974508784,2.237069454911021,3.0294841787587483,xgboost,MOQUEGUA
2023-06-12,2.0071655811246156,2.814890229712179,2.3963216096766846,3.295794817482618,xgboost,MOQUEGUA
2023-06-19,2.1744293795516665,2.292153893292153,1.967150719151881,2.573898738485231,xgboost,MOQUEGUA
2023-06-26,2.174429379551667,2.200842324150804,1.9600866713675824,2.604545927536858,xgboost,MOQUEGUA
2023-07-03,2.5089569764057695,2.2434448185934204,1.941173891509758,2.513824082058287,xgboost,MOQUEGUA
2023-07-10,2.508956976405769,2.4968319447200487,2.1893662379523864,2.857031099291225,xgboost,MOQUEGUA
2023-07-17,2.5089569764057695,2.8331518999110483,2.4672745881083826,3.1919370391850013,xgboost,MOQUEGUA
2023-07-24,2.1744293795516665,2.7677342727389393,2.438820866049668,3.1820124168268094,xgboost,MOQUEGUA
2023-07-31,2.5089569764057695,2.491660519490347,2.1651428708856364,2.818758647284951,xgboost,MOQUEGUA
2023-08-07,2.341693177978718,2.892154164990192,2.55989837619411,3.257635749628157,xgboost,MOQUEGUA
2023-08-14,2.8434845732598717,2.8709275964571335,2.4933441932602562,3.2734692014329703,xgboost,MOQUEGUA
2023-08-21,2.6762207748328204,2.5813520082544144,2.1657236110685365,3.050102055682061,xgboost,MOQUEGUA
2023-08-28,3.1780121701139747,2.3878787758522666,2.109698869944353,2.792680480801416,xgboost,MOQUEGUA
2023-09-04,2.6762207748328204,2.6392803477101654,2.3464821956504944,3.0355339449446026,xgboost,MOQUEGUA
2023-09-11,2.508956976405769,2.360051770683033,2.045091269428254,2.7077670105943503,xgboost,MOQUEGUA
2023-09-18,2.1744293795516665,2.4739728842794944,2.2993295060546757,2.664631812983448,xgboost,MOQUEGUA
2023-09-25,2.1744293795516665,2.2917049550111663,2.0433482642549645,2.4400767396780605,xgboost,MOQUEGUA
2023-10-02,2.0071655811246156,2.295593990502788,2.0443254290667734,2.497255494898455,xgboost,MOQUEGUA
2023-10-09,1.839901782697564,2.005398296504971,1.802312529399633,2.2261883561397653,xgboost,MOQUEGUA
2023-10-16,1.672637984270513,1.7529656324460392,1.5158099154607507,1.9819610451163452,xgboost,MOQUEGUA
2023-10-23,1.672637984270513,1.6702779346021603,1.4514568998956756,1.8890435150798952,xgboost,MOQUEGUA
2023-10-30,2.174429379551667,1.7031387944468976,1.406478487032368,1.9426152732612632,xgboost,MOQUEGUA
2023-11-06,2.5089569764057695,2.0418198284403837,1.774629514602078,2.2827124239544445,xgboost,MOQUEGUA
2023-11-13,2.5089569764057695,2.2502244338346227,1.9829327232854075,2.4996777195682824,xgboost,MOQUEGUA
2023-11-20,1.505374185843462,2.3180813720303477,2.0006299083004486,2.589666722976114,xgboost,MOQUEGUA
2023-11-27,1.839901782697564,1.6908163414354331,1.3802007141190948,2.020014653308911,xgboost,MOQUEGUA
2023-12-04,1.672637984270513,1.786885421503829,1.3884401985204589,2.1117365612080126,xgboost,MOQUEGUA
