date,actual,predicted,model,region
2010-12-27,1.7406552254737662,1.526420736184687,naive,AREQUIPA
2011-01-03,2.1464828581136604,1.526420736184687,naive,AREQUIPA
2011-01-10,2.345191853045073,1.526420736184687,naive,AREQUIPA
2011-01-17,1.9076663360916097,1.526420736184687,naive,AREQUIPA
2011-01-24,1.7508718427142174,1.9076663360916095,naive,AREQUIPA
2011-01-31,1.7508718427142174,1.9076663360916095,naive,AREQUIPA
2011-02-07,1.9337987516545085,1.9076663360916095,naive,AREQUIPA
2011-02-14,1.8554015049658126,1.9076663360916095,naive,AREQUIPA
2011-02-21,2.012195998343205,1.8554015049658124,naive,AREQUIPA
2011-02-28,2.299652569535091,1.8554015049658124,naive,AREQUIPA
2011-03-07,2.064460829469003,1.8554015049658124,naive,AREQUIPA
2011-03-14,1.9599311672174073,1.8554015049658124,naive,AREQUIPA
2011-03-21,1.9076663360916097,1.9599311672174076,naive,AREQUIPA
2011-03-28,2.587109140726978,1.9599311672174076,naive,AREQUIPA
2011-04-04,2.456447062912484,1.9599311672174076,naive,AREQUIPA
2011-04-11,2.665506387415674,1.9599311672174076,naive,AREQUIPA
2011-04-18,2.456447062912484,2.665506387415674,naive,AREQUIPA
2011-04-25,2.5087118940382815,2.665506387415674,naive,AREQUIPA
2011-05-02,2.5087118940382815,2.665506387415674,naive,AREQUIPA
2011-05-09,2.1167256605948,2.665506387415674,naive,AREQUIPA
2011-05-16,1.9599311672174073,2.1167256605948,naive,AREQUIPA
2011-05-23,1.7247394271513183,2.1167256605948,naive,AREQUIPA
2011-05-30,2.0644608294690023,2.1167256605948,naive,AREQUIPA
2011-06-06,2.4564470629124835,2.1167256605948,naive,AREQUIPA
2011-06-13,2.4041822317866863,2.456447062912483,naive,AREQUIPA
2011-06-20,2.53484430960118,2.456447062912483,naive,AREQUIPA
2011-06-27,3.188154698673649,2.456447062912483,naive,AREQUIPA
2011-07-04,3.3972140231768395,2.456447062912483,naive,AREQUIPA
2011-07-11,3.2926843609252443,3.3972140231768395,naive,AREQUIPA
2011-07-18,2.6132415562898763,3.3972140231768395,naive,AREQUIPA
2011-07-25,2.5609767251640787,3.3972140231768395,naive,AREQUIPA
2011-08-01,2.665506387415674,3.3972140231768395,naive,AREQUIPA
2011-08-08,2.9006981274817627,2.665506387415674,naive,AREQUIPA
2011-08-15,3.083625036422054,2.665506387415674,naive,AREQUIPA
2011-08-22,3.2404195297994463,2.665506387415674,naive,AREQUIPA
2011-08-29,3.554008516554232,2.665506387415674,naive,AREQUIPA
2011-09-05,3.5278761009913335,3.5540085165542323,naive,AREQUIPA
2011-09-12,3.371081607613941,3.5540085165542323,naive,AREQUIPA
2011-09-19,3.1358898675478515,3.5540085165542323,naive,AREQUIPA
2011-09-26,3.3710816076139403,3.5540085165542323,naive,AREQUIPA
2011-10-03,3.527876100991333,3.3710816076139403,naive,AREQUIPA
2011-10-10,3.318816776488143,3.3710816076139403,naive,AREQUIPA
2011-10-17,3.527876100991333,3.3710816076139403,naive,AREQUIPA
2011-10-24,3.7892002566203207,3.3710816076139403,naive,AREQUIPA
2011-10-31,3.606273347680029,3.789200256620321,naive,AREQUIPA
2011-11-07,2.926830543044661,3.789200256620321,naive,AREQUIPA
2011-11-14,2.6916388029785723,3.789200256620321,naive,AREQUIPA
2011-11-21,3.1358898675478515,3.789200256620321,naive,AREQUIPA
2011-11-28,3.0836250364220543,3.1358898675478515,naive,AREQUIPA
2011-12-05,2.4825794784753827,3.1358898675478515,naive,AREQUIPA
2011-12-12,2.0383284139061035,3.1358898675478515,naive,AREQUIPA
2011-12-19,2.2212553228463947,3.1358898675478515,naive,AREQUIPA
2011-12-26,2.32578498509799,2.2212553228463947,naive,AREQUIPA
2012-01-02,2.3340424025734827,2.2212553228463947,naive,AREQUIPA
2012-01-09,2.0062766931976515,2.2212553228463947,naive,AREQUIPA
2012-01-16,2.0412829054804362,2.2212553228463947,naive,AREQUIPA
2012-01-23,2.092314978117447,2.0412829054804362,naive,AREQUIPA
2012-01-30,2.3985074139395124,2.0412829054804362,naive,AREQUIPA
2012-02-06,2.2198951597099748,2.0412829054804362,naive,AREQUIPA
2012-02-13,2.194379123391469,2.0412829054804362,naive,AREQUIPA
2012-02-20,2.577119668169051,2.194379123391469,naive,AREQUIPA
2012-02-27,2.857796067672611,2.194379123391469,naive,AREQUIPA
2012-03-05,2.781247958717094,2.194379123391469,naive,AREQUIPA
2012-03-12,2.3219593049839964,2.194379123391469,naive,AREQUIPA
2012-03-19,2.3985074139395124,2.3219593049839964,naive,AREQUIPA
2012-03-26,2.8322800313541054,2.3219593049839964,naive,AREQUIPA
2012-04-02,2.6281517408060613,2.3219593049839964,naive,AREQUIPA
2012-04-09,2.5005715592135345,2.3219593049839964,naive,AREQUIPA
2012-04-16,1.9392187602064146,2.5005715592135345,naive,AREQUIPA
2012-04-23,2.194379123391469,2.5005715592135345,naive,AREQUIPA
2012-04-30,2.270927232346985,2.5005715592135345,naive,AREQUIPA
2012-05-07,2.9598602129466323,2.5005715592135345,naive,AREQUIPA
2012-05-14,3.674309229864786,2.959860212946632,naive,AREQUIPA
2012-05-21,3.699825266183291,2.959860212946632,naive,AREQUIPA
2012-05-28,3.4191488666797305,2.959860212946632,naive,AREQUIPA
2012-06-04,2.8322800313541054,2.959860212946632,naive,AREQUIPA
2012-06-11,2.908828140309622,2.832280031354106,naive,AREQUIPA
2012-06-18,2.602635704487556,2.832280031354106,naive,AREQUIPA
2012-06-25,2.2964432686654908,2.832280031354106,naive,AREQUIPA
2012-07-02,2.117831014435953,2.832280031354106,naive,AREQUIPA
2012-07-09,2.7302158860800834,2.1178310144359527,naive,AREQUIPA
2012-07-16,2.934344176628127,2.1178310144359527,naive,AREQUIPA
2012-07-23,3.1384724671761703,2.1178310144359527,naive,AREQUIPA
2012-07-30,2.628151740806062,2.1178310144359527,naive,AREQUIPA
2012-08-06,2.5516036318505457,2.628151740806062,naive,AREQUIPA
2012-08-13,2.449539486576523,2.628151740806062,naive,AREQUIPA
2012-08-20,2.3474753413025016,2.628151740806062,naive,AREQUIPA
2012-08-27,2.3219593049839964,2.628151740806062,naive,AREQUIPA
2012-09-03,2.092314978117447,2.3219593049839964,naive,AREQUIPA
2012-09-10,2.066798941798942,2.3219593049839964,naive,AREQUIPA
2012-09-17,1.8881866875694036,2.3219593049839964,naive,AREQUIPA
2012-09-24,1.9392187602064144,2.3219593049839964,naive,AREQUIPA
2012-10-01,1.6585423607028542,1.9392187602064144,naive,AREQUIPA
2012-10-08,1.5054461427918218,1.9392187602064144,naive,AREQUIPA
2012-10-15,1.301317852243778,1.9392187602064144,naive,AREQUIPA
2012-10-22,1.352349924880789,1.9392187602064144,naive,AREQUIPA
2012-10-29,1.2758018159252729,1.352349924880789,naive,AREQUIPA
2012-11-05,1.4799301064733161,1.352349924880789,naive,AREQUIPA
2012-11-12,1.5564782154288326,1.352349924880789,naive,AREQUIPA
2012-11-19,1.7861225422953817,1.352349924880789,naive,AREQUIPA
2012-11-26,1.96473479652492,1.7861225422953817,naive,AREQUIPA
2012-12-03,2.3474753413025016,1.7861225422953817,naive,AREQUIPA
2012-12-10,2.24541119602848,1.7861225422953817,naive,AREQUIPA
2012-12-17,1.862670651250898,1.7861225422953817,naive,AREQUIPA
2012-12-24,1.5819942517473382,1.8626706512508981,naive,AREQUIPA
2012-12-31,1.9902508328434252,1.8626706512508981,naive,AREQUIPA
2013-01-07,2.1037196749464067,1.8626706512508981,naive,AREQUIPA
2013-01-14,2.164980499454915,1.8626706512508981,naive,AREQUIPA
2013-01-21,2.019173171021724,2.164980499454915,naive,AREQUIPA
2013-01-28,2.1936696179001447,2.164980499454915,naive,AREQUIPA
2013-02-04,2.1936696179001447,2.164980499454915,naive,AREQUIPA
2013-02-11,2.0191731710217242,2.164980499454915,naive,AREQUIPA
2013-02-18,1.7698925326239803,2.0191731710217242,naive,AREQUIPA
2013-02-25,1.5455399580660112,2.0191731710217242,naive,AREQUIPA
2013-03-04,1.4956838303864626,2.0191731710217242,naive,AREQUIPA
2013-03-11,1.5704680219057856,2.0191731710217242,naive,AREQUIPA
2013-03-18,1.4707557665466882,1.5704680219057858,naive,AREQUIPA
2013-03-25,1.4458277027069137,1.5704680219057858,naive,AREQUIPA
2013-04-01,1.420899638867139,1.5704680219057858,naive,AREQUIPA
2013-04-08,1.6203241495853342,1.5704680219057858,naive,AREQUIPA
2013-04-15,1.395971575027365,1.6203241495853342,naive,AREQUIPA
2013-04-22,1.346115447347816,1.6203241495853342,naive,AREQUIPA
2013-04-29,1.2214751281489442,1.6203241495853342,naive,AREQUIPA
2013-05-06,1.5206118942262368,1.6203241495853342,naive,AREQUIPA
2013-05-13,1.7449644687842063,1.5206118942262365,naive,AREQUIPA
2013-05-20,2.143813490220596,1.5206118942262365,naive,AREQUIPA
2013-05-27,2.418022192458114,1.5206118942262365,naive,AREQUIPA
2013-06-03,2.5426625116569856,1.5206118942262365,naive,AREQUIPA
2013-06-10,2.79194315005473,2.542662511656986,naive,AREQUIPA
2013-06-17,2.6673028308558577,2.542662511656986,naive,AREQUIPA
2013-06-24,2.492806383977437,2.542662511656986,naive,AREQUIPA
2013-07-01,2.1438134902205963,2.542662511656986,naive,AREQUIPA
2013-07-08,2.1188854263808214,2.1438134902205963,naive,AREQUIPA
2013-07-15,1.944388979502401,2.1438134902205963,naive,AREQUIPA
2013-07-22,2.143813490220596,2.1438134902205963,naive,AREQUIPA
2013-07-29,2.143813490220596,2.1438134902205963,naive,AREQUIPA
2013-08-05,2.343238000938791,2.143813490220596,naive,AREQUIPA
2013-08-12,2.5675905754967605,2.143813490220596,naive,AREQUIPA
2013-08-19,2.2933818732592424,2.143813490220596,naive,AREQUIPA
2013-08-26,1.944388979502401,2.143813490220596,naive,AREQUIPA
2013-09-02,1.5206118942262368,1.944388979502401,naive,AREQUIPA
2013-09-09,1.6701802772648833,1.944388979502401,naive,AREQUIPA
2013-09-16,2.0939573625410475,1.944388979502401,naive,AREQUIPA
2013-09-23,2.093957362541047,1.944388979502401,naive,AREQUIPA
2013-09-30,2.1687415540603703,2.0939573625410466,naive,AREQUIPA
2013-10-07,2.1936696179001447,2.0939573625410466,naive,AREQUIPA
2013-10-14,2.069029298701273,2.0939573625410466,naive,AREQUIPA
2013-10-21,1.9693170433421756,2.0939573625410466,naive,AREQUIPA
2013-10-28,1.7200364049444314,1.9693170433421756,naive,AREQUIPA
2013-11-04,1.6951083411046575,1.9693170433421756,naive,AREQUIPA
2013-11-11,1.6951083411046575,1.9693170433421756,naive,AREQUIPA
2013-11-18,1.6951083411046575,1.9693170433421756,naive,AREQUIPA
2013-11-25,1.545539958066011,1.6951083411046577,naive,AREQUIPA
2013-12-02,1.3710435111875905,1.6951083411046577,naive,AREQUIPA
2013-12-09,1.271331255828493,1.6951083411046577,naive,AREQUIPA
2013-12-16,1.346115447347816,1.6951083411046577,naive,AREQUIPA
2013-12-23,1.2962593196682672,1.346115447347816,naive,AREQUIPA
2013-12-30,1.2962593196682672,1.346115447347816,naive,AREQUIPA
2014-01-06,1.188124785800328,1.346115447347816,naive,AREQUIPA
2014-01-13,1.594495828824886,1.346115447347816,naive,AREQUIPA
2014-01-20,1.9493262884681268,1.594495828824886,naive,AREQUIPA
2014-01-27,2.4122912819793068,1.594495828824886,naive,AREQUIPA
2014-02-03,2.168625495920791,1.594495828824886,naive,AREQUIPA
2014-02-10,1.6325607665920563,1.594495828824886,naive,AREQUIPA
2014-02-17,1.2670620875042824,1.632560766592056,naive,AREQUIPA
2014-02-24,1.1452291944750244,1.632560766592056,naive,AREQUIPA
2014-03-03,1.242695508898431,1.632560766592056,naive,AREQUIPA
2014-03-10,1.2183289302925793,1.632560766592056,naive,AREQUIPA
2014-03-17,1.1695957730808761,1.2183289302925793,naive,AREQUIPA
2014-03-24,1.1939623516867277,1.2183289302925793,naive,AREQUIPA
2014-03-31,1.169595773080876,1.2183289302925793,naive,AREQUIPA
2014-04-07,1.3645284019276887,1.2183289302925793,naive,AREQUIPA
2014-04-14,1.5107278735627983,1.3645284019276887,naive,AREQUIPA
2014-04-21,1.413261559139392,1.3645284019276887,naive,AREQUIPA
2014-04-28,1.291428666110134,1.3645284019276887,naive,AREQUIPA
2014-05-05,1.1695957730808761,1.3645284019276887,naive,AREQUIPA
2014-05-12,1.2183289302925793,1.1695957730808761,naive,AREQUIPA
2014-05-19,1.3157952447159857,1.1695957730808761,naive,AREQUIPA
2014-05-26,1.3645284019276887,1.1695957730808761,naive,AREQUIPA
2014-06-02,1.5107278735627983,1.1695957730808761,naive,AREQUIPA
2014-06-09,1.583827609380353,1.5107278735627983,naive,AREQUIPA
2014-06-16,1.583827609380353,1.5107278735627983,naive,AREQUIPA
2014-06-23,1.4376281377452436,1.5107278735627983,naive,AREQUIPA
2014-06-30,1.2670620875042824,1.5107278735627983,naive,AREQUIPA
2014-07-07,1.3157952447159857,1.2670620875042824,naive,AREQUIPA
2014-07-14,1.7300270810154625,1.2670620875042824,naive,AREQUIPA
2014-07-21,2.3148249675559005,1.2670620875042824,naive,AREQUIPA
2014-07-28,2.7290568038553773,1.2670620875042824,naive,AREQUIPA
2014-08-04,2.4122912819793068,2.7290568038553773,naive,AREQUIPA
2014-08-11,2.655957068037823,2.7290568038553773,naive,AREQUIPA
2014-08-18,2.5584907536144166,2.7290568038553773,naive,AREQUIPA
2014-08-25,3.0701889043373,2.7290568038553773,naive,AREQUIPA
2014-09-01,2.509757596402713,3.0701889043372996,naive,AREQUIPA
2014-09-08,2.241725231738346,3.0701889043372996,naive,AREQUIPA
2014-09-15,2.1929920745266425,3.0701889043372996,naive,AREQUIPA
2014-09-22,2.3879247033734554,3.0701889043372996,naive,AREQUIPA
2014-09-29,2.6803236466436737,2.387924703373455,naive,AREQUIPA
2014-10-06,2.3391915461617523,2.387924703373455,naive,AREQUIPA
2014-10-13,1.9736928670739786,2.387924703373455,naive,AREQUIPA
2014-10-20,1.6812939238037592,2.387924703373455,naive,AREQUIPA
2014-10-27,1.7056605024096108,1.6812939238037592,naive,AREQUIPA
2014-11-03,1.754393659621314,1.6812939238037592,naive,AREQUIPA
2014-11-10,1.583827609380353,1.6812939238037592,naive,AREQUIPA
2014-11-17,1.5107278735627983,1.6812939238037592,naive,AREQUIPA
2014-11-24,1.2426955088984308,1.5107278735627983,naive,AREQUIPA
2014-12-01,1.53509445216865,1.5107278735627983,naive,AREQUIPA
2014-12-08,1.5107278735627983,1.5107278735627983,naive,AREQUIPA
2014-12-15,1.9005931312564235,1.5107278735627983,naive,AREQUIPA
2014-12-22,1.7300270810154625,1.9005931312564233,naive,AREQUIPA
2014-12-29,2.1929920745266425,1.9005931312564233,naive,AREQUIPA
2015-01-05,2.2017929502078726,1.9005931312564233,naive,AREQUIPA
2015-01-12,2.2614739766076504,1.9005931312564233,naive,AREQUIPA
2015-01-19,2.097025060164364,2.2614739766076504,naive,AREQUIPA
2015-01-26,1.9540460787895209,2.2614739766076504,naive,AREQUIPA
2015-02-02,2.0017057392478015,2.2614739766076504,naive,AREQUIPA
2015-02-09,1.6442582858106942,2.2614739766076504,naive,AREQUIPA
2015-02-16,1.6680881160398346,1.6442582858106942,naive,AREQUIPA
2015-02-23,1.4536196439775704,1.6442582858106942,naive,AREQUIPA
2015-03-02,1.5251091346649917,1.6442582858106942,naive,AREQUIPA
2015-03-09,1.4774494742067106,1.6442582858106942,naive,AREQUIPA
2015-03-16,1.3821301532901487,1.4774494742067106,naive,AREQUIPA
2015-03-23,1.4297898137484297,1.4774494742067106,naive,AREQUIPA
2015-03-30,1.3821301532901487,1.4774494742067106,naive,AREQUIPA
2015-04-06,1.6919179462689753,1.4774494742067106,naive,AREQUIPA
2015-04-13,1.5965986253524134,1.6919179462689753,naive,AREQUIPA
2015-04-20,1.5251091346649919,1.6919179462689753,naive,AREQUIPA
2015-04-27,1.3344704928318676,1.6919179462689753,naive,AREQUIPA
2015-05-04,1.5489389648941323,1.6919179462689753,naive,AREQUIPA
2015-05-11,1.4774494742067106,1.5489389648941323,naive,AREQUIPA
2015-05-18,1.334470492831868,1.5489389648941323,naive,AREQUIPA
2015-05-25,1.1914915114570246,1.5489389648941323,naive,AREQUIPA
2015-06-01,1.5251091346649917,1.5489389648941323,naive,AREQUIPA
2015-06-08,1.6204284555815536,1.5251091346649917,naive,AREQUIPA
2015-06-15,1.715747776498116,1.5251091346649917,naive,AREQUIPA
2015-06-22,1.8825565881020994,1.5251091346649917,naive,AREQUIPA
2015-06-29,2.2400040415392066,1.5251091346649917,naive,AREQUIPA
2015-07-06,2.38298302291405,2.2400040415392066,naive,AREQUIPA
2015-07-13,2.1208548903935043,2.2400040415392066,naive,AREQUIPA
2015-07-20,2.1446847206226445,2.2400040415392066,naive,AREQUIPA
2015-07-27,1.9540460787895206,2.2400040415392066,naive,AREQUIPA
2015-08-03,2.097025060164364,1.9540460787895206,naive,AREQUIPA
2015-08-10,2.025535569476942,1.9540460787895206,naive,AREQUIPA
2015-08-17,2.001705739247802,1.9540460787895206,naive,AREQUIPA
2015-08-24,2.1446847206226445,1.9540460787895206,naive,AREQUIPA
2015-08-31,1.90638641833124,2.144684720622644,naive,AREQUIPA
2015-09-07,1.8348969276438183,2.144684720622644,naive,AREQUIPA
2015-09-14,1.5251091346649917,2.144684720622644,naive,AREQUIPA
2015-09-21,1.6919179462689753,2.144684720622644,naive,AREQUIPA
2015-09-28,1.7157477764981157,1.6919179462689753,naive,AREQUIPA
2015-10-05,2.073195229935223,1.6919179462689753,naive,AREQUIPA
2015-10-12,2.073195229935223,1.6919179462689753,naive,AREQUIPA
2015-10-19,2.1446847206226445,1.6919179462689753,naive,AREQUIPA
2015-10-26,1.8587267578729587,2.144684720622644,naive,AREQUIPA
2015-11-02,1.8348969276438183,2.144684720622644,naive,AREQUIPA
2015-11-09,1.9778759090186613,2.144684720622644,naive,AREQUIPA
2015-11-16,1.9302162485603802,2.144684720622644,naive,AREQUIPA
2015-11-23,2.025535569476942,1.93021624856038,naive,AREQUIPA
2015-11-30,1.9540460787895206,1.93021624856038,naive,AREQUIPA
2015-12-07,1.9063864183312396,1.93021624856038,naive,AREQUIPA
2015-12-14,1.5012793044358512,1.93021624856038,naive,AREQUIPA
2015-12-21,1.1914915114570246,1.501279304435851,naive,AREQUIPA
2015-12-28,0.6672352464159337,1.501279304435851,naive,AREQUIPA
2016-01-04,0.9636691533760189,1.501279304435851,naive,AREQUIPA
2016-01-11,1.1424947421925638,1.501279304435851,naive,AREQUIPA
2016-01-18,2.005194853644092,1.1424947421925635,naive,AREQUIPA
2016-01-25,1.865297538273574,1.1424947421925635,naive,AREQUIPA
2016-02-01,2.1684083882430296,1.1424947421925635,naive,AREQUIPA
2016-02-08,1.981878634415672,1.1424947421925635,naive,AREQUIPA
2016-02-15,2.3782543612988065,1.9818786344156718,naive,AREQUIPA
2016-02-22,2.4015705805272263,1.9818786344156718,naive,AREQUIPA
2016-02-29,2.4948354574409053,1.9818786344156718,naive,AREQUIPA
2016-03-07,2.471519238212485,1.9818786344156718,naive,AREQUIPA
2016-03-14,2.2150408266998687,2.471519238212485,naive,AREQUIPA
2016-03-21,1.772032661359895,2.471519238212485,naive,AREQUIPA
2016-03-28,1.562186688304118,2.471519238212485,naive,AREQUIPA
2016-04-04,1.562186688304118,2.471519238212485,naive,AREQUIPA
2016-04-11,1.911929976730413,1.562186688304118,naive,AREQUIPA
2016-04-18,1.8419813190451542,1.562186688304118,naive,AREQUIPA
2016-04-25,1.562186688304118,1.562186688304118,naive,AREQUIPA
2016-05-02,1.5155542498472787,1.562186688304118,naive,AREQUIPA
2016-05-09,1.5855029075325378,1.5155542498472787,naive,AREQUIPA
2016-05-16,2.0751435113293506,1.5155542498472787,naive,AREQUIPA
2016-05-23,2.2849894843851275,1.5155542498472787,naive,AREQUIPA
2016-05-30,2.494835457440905,1.5155542498472787,naive,AREQUIPA
2016-06-06,2.5881003343545834,2.494835457440905,naive,AREQUIPA
2016-06-13,3.217638253521915,2.494835457440905,naive,AREQUIPA
2016-06-20,3.8704923919176655,2.494835457440905,naive,AREQUIPA
2016-06-27,4.546662749541835,2.494835457440905,naive,AREQUIPA
2016-07-04,4.779824941826033,4.546662749541835,naive,AREQUIPA
2016-07-11,4.8031411610544525,4.546662749541835,naive,AREQUIPA
2016-07-18,4.243551899572381,4.546662749541835,naive,AREQUIPA
2016-07-25,3.7772275150039873,4.546662749541835,naive,AREQUIPA
2016-08-01,3.2409544727503348,3.777227515003988,naive,AREQUIPA
2016-08-08,3.427484226577692,3.777227515003988,naive,AREQUIPA
2016-08-15,3.4508004458061117,3.777227515003988,naive,AREQUIPA
2016-08-22,3.3575355688924327,3.777227515003988,naive,AREQUIPA
2016-08-29,2.8445787458672,3.357535568892432,naive,AREQUIPA
2016-09-05,2.564784115126164,3.357535568892432,naive,AREQUIPA
2016-09-12,2.4015705805272263,3.357535568892432,naive,AREQUIPA
2016-09-19,2.3782543612988065,3.357535568892432,naive,AREQUIPA
2016-09-26,2.12177594978619,2.3782543612988065,naive,AREQUIPA
2016-10-03,2.1217759497861906,2.3782543612988065,naive,AREQUIPA
2016-10-10,1.9585624151872525,2.3782543612988065,naive,AREQUIPA
2016-10-17,1.981878634415672,2.3782543612988065,naive,AREQUIPA
2016-10-24,1.8652975382735735,1.9818786344156718,naive,AREQUIPA
2016-10-31,1.9585624151872523,1.9818786344156718,naive,AREQUIPA
2016-11-07,2.12177594978619,1.9818786344156718,naive,AREQUIPA
2016-11-14,2.2849894843851275,1.9818786344156718,naive,AREQUIPA
2016-11-21,2.284989484385128,2.2849894843851275,naive,AREQUIPA
2016-11-28,2.14509216901461,2.2849894843851275,naive,AREQUIPA
2016-12-05,2.2616732651567077,2.2849894843851275,naive,AREQUIPA
2016-12-12,2.401570580527226,2.2849894843851275,naive,AREQUIPA
2016-12-19,2.4482030189840653,2.401570580527226,naive,AREQUIPA
2016-12-26,2.4248867997556456,2.401570580527226,naive,AREQUIPA
2017-01-02,2.2721990932886396,2.401570580527226,naive,AREQUIPA
2017-01-09,1.9810898858084023,2.401570580527226,naive,AREQUIPA
2017-01-16,1.6889968020899735,1.9810898858084025,naive,AREQUIPA
2017-01-23,1.8259424887459172,1.9810898858084025,naive,AREQUIPA
2017-01-30,2.2139552676044247,1.9810898858084025,naive,AREQUIPA
2017-02-06,2.1226581431671288,1.9810898858084025,naive,AREQUIPA
2017-02-13,2.054185299839157,2.1226581431671288,naive,AREQUIPA
2017-02-20,1.9400638942925372,2.1226581431671288,naive,AREQUIPA
2017-02-27,1.9628881754018612,2.1226581431671288,naive,AREQUIPA
2017-03-06,1.7118210831992975,2.1226581431671288,naive,AREQUIPA
2017-03-13,1.8259424887459172,1.7118210831992975,naive,AREQUIPA
2017-03-20,2.1683067053857767,1.7118210831992975,naive,AREQUIPA
2017-03-27,2.2824281109323965,1.7118210831992975,naive,AREQUIPA
2017-04-03,1.8715910509645648,1.7118210831992975,naive,AREQUIPA
2017-04-10,1.8259424887459172,1.8715910509645648,naive,AREQUIPA
2017-04-17,2.054185299839157,1.8715910509645648,naive,AREQUIPA
2017-04-24,2.054185299839157,1.8715910509645648,naive,AREQUIPA
2017-05-01,1.917239613183213,1.8715910509645648,naive,AREQUIPA
2017-05-08,1.8259424887459172,1.9172396131832128,naive,AREQUIPA
2017-05-15,1.9857124565111854,1.9172396131832128,naive,AREQUIPA
2017-05-22,2.2139552676044247,1.9172396131832128,naive,AREQUIPA
2017-05-29,2.4878466409163127,1.9172396131832128,naive,AREQUIPA
2017-06-05,2.6704408897909038,2.487846640916313,naive,AREQUIPA
2017-06-12,2.487846640916312,2.487846640916313,naive,AREQUIPA
2017-06-19,2.1454824242764525,2.487846640916313,naive,AREQUIPA
2017-06-26,1.917239613183213,2.487846640916313,naive,AREQUIPA
2017-07-03,2.328076673151044,1.9172396131832128,naive,AREQUIPA
2017-07-10,2.6704408897909038,1.9172396131832128,naive,AREQUIPA
2017-07-17,2.967156544212115,1.9172396131832128,naive,AREQUIPA
2017-07-24,2.921507981993468,1.9172396131832128,naive,AREQUIPA
2017-07-31,2.807386576446848,2.921507981993468,naive,AREQUIPA
2017-08-07,2.921507981993468,2.921507981993468,naive,AREQUIPA
2017-08-14,3.058453668649411,2.921507981993468,naive,AREQUIPA
2017-08-21,3.241047917524003,2.921507981993468,naive,AREQUIPA
2017-08-28,2.8758594197748195,3.2410479175240035,naive,AREQUIPA
2017-09-04,2.6704408897909038,3.2410479175240035,naive,AREQUIPA
2017-09-11,2.601968046462932,3.2410479175240035,naive,AREQUIPA
2017-09-18,2.556319484244284,3.2410479175240035,naive,AREQUIPA
2017-09-25,2.236779548713748,2.556319484244284,naive,AREQUIPA
2017-10-02,2.145482424276452,2.556319484244284,naive,AREQUIPA
2017-10-09,2.1454824242764525,2.556319484244284,naive,AREQUIPA
2017-10-16,2.1226581431671288,2.556319484244284,naive,AREQUIPA
2017-10-23,2.1226581431671288,2.1226581431671288,naive,AREQUIPA
2017-10-30,2.1454824242764525,2.1226581431671288,naive,AREQUIPA
2017-11-06,2.373725235369692,2.1226581431671288,naive,AREQUIPA
2017-11-13,2.1911309864951005,2.1226581431671288,naive,AREQUIPA
2017-11-20,2.328076673151044,2.1911309864951,naive,AREQUIPA
2017-11-27,2.1226581431671288,2.1911309864951,naive,AREQUIPA
2017-12-04,2.2139552676044243,2.1911309864951,naive,AREQUIPA
2017-12-11,2.2824281109323965,2.1911309864951,naive,AREQUIPA
2017-12-18,2.2367795487137485,2.282428110932396,naive,AREQUIPA
2017-12-25,2.41937379758834,2.282428110932396,naive,AREQUIPA
2018-01-01,2.1814840714207016,2.282428110932396,naive,AREQUIPA
2018-01-08,1.985695155077693,2.282428110932396,naive,AREQUIPA
2018-01-15,1.5165216871933704,1.9856951550776931,naive,AREQUIPA
2018-01-22,1.5165216871933704,1.9856951550776931,naive,AREQUIPA
2018-01-29,1.6798394073526566,1.9856951550776931,naive,AREQUIPA
2018-02-05,1.9598126419114326,1.9856951550776931,naive,AREQUIPA
2018-02-12,1.8898193332717386,1.9598126419114328,naive,AREQUIPA
2018-02-19,2.1464614649506166,1.9598126419114328,naive,AREQUIPA
2018-02-26,2.029805950551127,1.9598126419114328,naive,AREQUIPA
2018-03-05,2.449765802389291,1.9598126419114328,naive,AREQUIPA
2018-03-12,2.333110287989801,2.449765802389291,naive,AREQUIPA
2018-03-19,2.473096905269189,2.449765802389291,naive,AREQUIPA
2018-03-26,2.0764681563109226,2.449765802389291,naive,AREQUIPA
2018-04-02,2.0531370534310245,2.449765802389291,naive,AREQUIPA
2018-04-09,2.193123670710413,2.0531370534310245,naive,AREQUIPA
2018-04-16,2.4964280081490866,2.0531370534310245,naive,AREQUIPA
2018-04-23,2.449765802389291,2.0531370534310245,naive,AREQUIPA
2018-04-30,2.216454773590311,2.0531370534310245,naive,AREQUIPA
2018-05-07,1.959812641911433,2.2164547735903115,naive,AREQUIPA
2018-05-14,1.8431571275119427,2.2164547735903115,naive,AREQUIPA
2018-05-21,1.9598126419114328,2.2164547735903115,naive,AREQUIPA
2018-05-28,2.519759111028985,2.2164547735903115,naive,AREQUIPA
2018-06-04,3.0097122715068436,2.519759111028985,naive,AREQUIPA
2018-06-11,3.2663544031857215,2.519759111028985,naive,AREQUIPA
2018-06-18,3.0097122715068436,2.519759111028985,naive,AREQUIPA
2018-06-25,2.9163878599872515,2.519759111028985,naive,AREQUIPA
2018-07-02,3.219692197425926,2.916387859987252,naive,AREQUIPA
2018-07-09,3.6396520492640896,2.916387859987252,naive,AREQUIPA
2018-07-16,4.409578444300725,2.916387859987252,naive,AREQUIPA
2018-07-23,4.10627410686205,2.916387859987252,naive,AREQUIPA
2018-07-30,4.1995985183816416,4.106274106862051,naive,AREQUIPA
2018-08-06,3.9896185924625596,4.106274106862051,naive,AREQUIPA
2018-08-13,4.036280798222356,4.106274106862051,naive,AREQUIPA
2018-08-20,3.966287489582662,4.106274106862051,naive,AREQUIPA
2018-08-27,3.3830099175852113,3.9662874895826623,naive,AREQUIPA
2018-09-03,3.2663544031857215,3.9662874895826623,naive,AREQUIPA
2018-09-10,2.893056757107353,3.9662874895826623,naive,AREQUIPA
2018-09-17,3.0797055801465376,3.9662874895826623,naive,AREQUIPA
2018-09-24,2.706407934068169,3.079705580146538,naive,AREQUIPA
2018-10-01,2.3797724937495968,3.079705580146538,naive,AREQUIPA
2018-10-08,2.1231303620707185,3.079705580146538,naive,AREQUIPA
2018-10-15,2.356441390869699,3.079705580146538,naive,AREQUIPA
2018-10-22,2.706407934068169,2.3564413908696986,naive,AREQUIPA
2018-10-29,2.916387859987251,2.3564413908696986,naive,AREQUIPA
2018-11-05,2.8463945513475566,2.3564413908696986,naive,AREQUIPA
2018-11-12,2.7764012427078626,2.3564413908696986,naive,AREQUIPA
2018-11-19,2.356441390869698,2.7764012427078626,naive,AREQUIPA
2018-11-26,2.4264346995093926,2.7764012427078626,naive,AREQUIPA
2018-12-03,2.2397858764702083,2.7764012427078626,naive,AREQUIPA
2018-12-10,2.636414625428475,2.7764012427078626,naive,AREQUIPA
2018-12-17,2.473096905269189,2.6364146254284746,naive,AREQUIPA
2018-12-24,2.3797724937495968,2.6364146254284746,naive,AREQUIPA
2018-12-31,2.1697925678305148,2.6364146254284746,naive,AREQUIPA
2019-01-07,2.266988159778081,2.6364146254284746,naive,AREQUIPA
2019-01-14,2.546826120142376,2.266988159778081,naive,AREQUIPA
2019-01-21,2.4124277352720145,2.266988159778081,naive,AREQUIPA
2019-01-28,2.3441514786133717,2.266988159778081,naive,AREQUIPA
2019-02-04,1.8662176820028786,2.266988159778081,naive,AREQUIPA
2019-02-11,1.5248363987096691,1.8662176820028784,naive,AREQUIPA
2019-02-18,1.5475951509292163,1.8662176820028784,naive,AREQUIPA
2019-02-25,1.661388912026953,1.8662176820028784,naive,AREQUIPA
2019-03-04,1.9117351864419732,1.8662176820028784,naive,AREQUIPA
2019-03-11,2.0710464519788045,1.911735186441973,naive,AREQUIPA
2019-03-18,2.1165639564178993,1.911735186441973,naive,AREQUIPA
2019-03-25,2.184840213076541,1.911735186441973,naive,AREQUIPA
2019-04-01,1.8889764342224262,1.911735186441973,naive,AREQUIPA
2019-04-08,1.9117351864419734,1.8889764342224264,naive,AREQUIPA
2019-04-15,1.9572526908810681,1.8889764342224264,naive,AREQUIPA
2019-04-22,2.0027701953201626,1.8889764342224264,naive,AREQUIPA
2019-04-29,2.4351864874915616,1.8889764342224264,naive,AREQUIPA
2019-05-06,2.5034627441502035,2.435186487491561,naive,AREQUIPA
2019-05-13,2.7310502663456773,2.435186487491561,naive,AREQUIPA
2019-05-20,2.5717390008088454,2.435186487491561,naive,AREQUIPA
2019-05-27,2.913120284102055,2.435186487491561,naive,AREQUIPA
2019-06-03,3.0951903018584335,2.9131202841020554,naive,AREQUIPA
2019-06-10,3.391054080712548,2.9131202841020554,naive,AREQUIPA
2019-06-17,3.3455365762734535,2.9131202841020554,naive,AREQUIPA
2019-06-24,3.846229125103495,2.9131202841020554,naive,AREQUIPA
2019-07-01,3.8007116206644,3.8462291251034944,naive,AREQUIPA
2019-07-08,4.210369160616252,3.8462291251034944,naive,AREQUIPA
2019-07-15,4.528991691689915,3.8462291251034944,naive,AREQUIPA
2019-07-22,4.870372974983124,3.8462291251034944,naive,AREQUIPA
2019-07-29,5.006925488300408,4.870372974983125,naive,AREQUIPA
2019-08-05,4.392439178372631,4.870372974983125,naive,AREQUIPA
2019-08-12,4.142092903957611,4.870372974983125,naive,AREQUIPA
2019-08-19,3.664159107347117,4.870372974983125,naive,AREQUIPA
2019-08-26,3.3227778240539076,3.6641591073471176,naive,AREQUIPA
2019-09-02,3.368295328493002,3.6641591073471176,naive,AREQUIPA
2019-09-09,3.3682953284930015,3.6641591073471176,naive,AREQUIPA
2019-09-16,3.5276065940298333,3.6641591073471176,naive,AREQUIPA
2019-09-23,3.3910540807125487,3.527606594029833,naive,AREQUIPA
2019-09-30,3.3682953284930015,3.527606594029833,naive,AREQUIPA
2019-10-07,3.4593303373711906,3.527606594029833,naive,AREQUIPA
2019-10-14,3.1407078062975287,3.527606594029833,naive,AREQUIPA
2019-10-21,2.4807039919306564,3.140707806297528,naive,AREQUIPA
2019-10-28,2.480703991930657,3.140707806297528,naive,AREQUIPA
2019-11-04,2.867602779662961,3.140707806297528,naive,AREQUIPA
2019-11-11,3.6414003551275695,3.140707806297528,naive,AREQUIPA
2019-11-18,3.436571585151644,3.6414003551275695,naive,AREQUIPA
2019-11-25,2.9813965407606973,3.6414003551275695,naive,AREQUIPA
2019-12-02,2.5262214963697516,3.6414003551275695,naive,AREQUIPA
2019-12-09,2.1620814608569945,3.6414003551275695,naive,AREQUIPA
2019-12-16,2.412427735272015,2.162081460856994,naive,AREQUIPA
2019-12-23,2.3441514786133726,2.162081460856994,naive,AREQUIPA
2019-12-30,2.1393227086374473,2.162081460856994,naive,AREQUIPA
2020-01-06,1.4936029849431207,2.162081460856994,naive,AREQUIPA
2020-01-13,1.1214867973861264,1.493602984943121,naive,AREQUIPA
2020-01-20,1.135272378555907,1.493602984943121,naive,AREQUIPA
2020-01-27,1.7585591746258167,1.493602984943121,naive,AREQUIPA
2020-02-03,2.1147230580943366,1.493602984943121,naive,AREQUIPA
2020-02-10,2.359585727978944,2.114723058094337,naive,AREQUIPA
2020-02-17,1.8476001454929465,2.114723058094337,naive,AREQUIPA
2020-02-24,1.8921206309265113,2.114723058094337,naive,AREQUIPA
2020-03-02,1.9366411163600763,2.114723058094337,naive,AREQUIPA
2020-03-09,1.869860388209729,1.9366411163600765,naive,AREQUIPA
2020-03-16,1.602737475608339,1.9366411163600765,naive,AREQUIPA
2020-03-23,1.3801350484405142,1.9366411163600765,naive,AREQUIPA
2020-03-30,1.224313349423037,1.9366411163600765,naive,AREQUIPA
2020-04-06,0.9349301941048646,1.224313349423037,naive,AREQUIPA
2020-04-13,0.6010265533531272,1.224313349423037,naive,AREQUIPA
2020-04-20,0.4674650970524323,1.224313349423037,naive,AREQUIPA
2020-04-27,0.5342458252027797,1.224313349423037,naive,AREQUIPA
2020-05-04,0.7345880096538221,0.5342458252027797,naive,AREQUIPA
2020-05-11,0.9794506795384295,0.5342458252027797,naive,AREQUIPA
2020-05-18,0.9794506795384296,0.5342458252027797,naive,AREQUIPA
2020-05-25,0.8458892232377345,0.5342458252027797,naive,AREQUIPA
2020-06-01,0.8013687378041695,0.8458892232377345,naive,AREQUIPA
2020-06-08,1.2688338348566015,0.8458892232377345,naive,AREQUIPA
2020-06-15,1.8698603882097284,0.8458892232377345,naive,AREQUIPA
2020-06-22,2.2037640289614657,0.8458892232377345,naive,AREQUIPA
2020-06-29,2.648968883297116,2.2037640289614657,naive,AREQUIPA
2020-07-06,3.7619810191362397,2.2037640289614657,naive,AREQUIPA
2020-07-13,5.075335339426407,2.2037640289614657,naive,AREQUIPA
2020-07-20,5.965745048097706,2.2037640289614657,naive,AREQUIPA
2020-07-27,5.676361892779535,5.965745048097706,naive,AREQUIPA
2020-08-03,5.794435189450748,5.965745048097706,naive,AREQUIPA
2020-08-10,5.482791791415793,5.965745048097706,naive,AREQUIPA
2020-08-17,5.3937508205486635,5.965745048097706,naive,AREQUIPA
2020-08-24,5.030814853992841,5.3937508205486635,naive,AREQUIPA
2020-08-31,5.075335339426407,5.3937508205486635,naive,AREQUIPA
2020-09-07,5.253417281160666,5.3937508205486635,naive,AREQUIPA
2020-09-14,4.5856099996571915,5.3937508205486635,naive,AREQUIPA
2020-09-21,3.6506798055523273,4.5856099996571915,naive,AREQUIPA
2020-09-28,2.693489368730681,4.5856099996571915,naive,AREQUIPA
2020-10-05,2.3818459706957262,4.5856099996571915,naive,AREQUIPA
2020-10-12,2.3595857279789434,4.5856099996571915,naive,AREQUIPA
2020-10-19,2.626708640580333,2.359585727978944,naive,AREQUIPA
2020-10-26,3.2722556793670248,2.359585727978944,naive,AREQUIPA
2020-11-02,3.4948581065348505,2.359585727978944,naive,AREQUIPA
2020-11-09,3.2945159220838076,2.359585727978944,naive,AREQUIPA
2020-11-16,2.9160917958985055,3.294515922083808,naive,AREQUIPA
2020-11-23,2.7157496114474626,3.294515922083808,naive,AREQUIPA
2020-11-30,2.893831553181723,3.294515922083808,naive,AREQUIPA
2020-12-07,3.027393009482418,3.294515922083808,naive,AREQUIPA
2020-12-14,3.2945159220838076,3.0273930094824184,naive,AREQUIPA
2020-12-21,3.4948581065348505,3.0273930094824184,naive,AREQUIPA
2020-12-28,3.249995436650243,3.0273930094824184,naive,AREQUIPA
2021-01-04,3.577602918321624,3.0273930094824184,naive,AREQUIPA
2021-01-11,3.7292595330197256,3.5776029183216242,naive,AREQUIPA
2021-01-18,4.104797219742241,3.5776029183216242,naive,AREQUIPA
2021-01-25,4.741152257979809,3.5776029183216242,naive,AREQUIPA
2021-02-01,5.486677435040309,3.5776029183216242,naive,AREQUIPA
2021-02-08,5.508511462804894,5.486677435040309,naive,AREQUIPA
2021-02-15,4.959492535625673,5.486677435040309,naive,AREQUIPA
2021-02-22,4.301303469623519,5.486677435040309,naive,AREQUIPA
2021-03-01,4.541477775033969,5.486677435040309,naive,AREQUIPA
2021-03-08,4.475975691740209,4.54147777503397,naive,AREQUIPA
2021-03-15,4.606979858327727,4.54147777503397,naive,AREQUIPA
2021-03-22,4.301303469623519,4.54147777503397,naive,AREQUIPA
2021-03-29,3.995627080919309,4.54147777503397,naive,AREQUIPA
2021-04-05,3.886456942096377,3.995627080919309,naive,AREQUIPA
2021-04-12,3.973793053154722,3.995627080919309,naive,AREQUIPA
2021-04-19,4.192133330800586,3.995627080919309,naive,AREQUIPA
2021-04-26,4.585145830563142,3.995627080919309,naive,AREQUIPA
2021-05-03,5.352505035388226,4.5851458305631425,naive,AREQUIPA
2021-05-10,6.054362156919555,4.5851458305631425,naive,AREQUIPA
2021-05-17,6.032528129154969,4.5851458305631425,naive,AREQUIPA
2021-05-24,6.032528129154968,4.5851458305631425,naive,AREQUIPA
2021-05-31,6.032528129154968,6.032528129154968,naive,AREQUIPA
2021-06-07,6.297704695394567,6.032528129154968,naive,AREQUIPA
2021-06-14,6.297704695394567,6.032528129154968,naive,AREQUIPA
2021-06-21,5.90152396256745,6.032528129154968,naive,AREQUIPA
2021-06-28,5.265168924329882,5.90152396256745,naive,AREQUIPA
2021-07-05,4.41047360844645,5.90152396256745,naive,AREQUIPA
2021-07-12,3.7772868032734443,5.90152396256745,naive,AREQUIPA
2021-07-19,3.122265970335853,5.90152396256745,naive,AREQUIPA
2021-07-26,2.6419173595149528,3.1222659703358535,naive,AREQUIPA
2021-08-02,2.161568748694053,3.1222659703358535,naive,AREQUIPA
2021-08-09,1.965062498812775,3.1222659703358535,naive,AREQUIPA
2021-08-16,2.030564582106534,3.1222659703358535,naive,AREQUIPA
2021-08-23,2.0523986098711204,2.0305645821065337,naive,AREQUIPA
2021-08-30,2.096066665400293,2.0305645821065337,naive,AREQUIPA
2021-09-06,1.7030541656377383,2.0305645821065337,naive,AREQUIPA
2021-09-13,1.6593861101085654,2.0305645821065337,naive,AREQUIPA
2021-09-20,1.5065479157564605,1.6593861101085654,naive,AREQUIPA
2021-09-27,1.5720499990502195,1.6593861101085654,naive,AREQUIPA
2021-10-04,1.4847138879918742,1.6593861101085654,naive,AREQUIPA
2021-10-11,1.4628798602272877,1.6593861101085654,naive,AREQUIPA
2021-10-18,1.6375520823439789,1.4628798602272874,naive,AREQUIPA
2021-10-25,1.6593861101085654,1.4628798602272874,naive,AREQUIPA
2021-11-01,1.8122243044606703,1.4628798602272874,naive,AREQUIPA
2021-11-08,1.986896526577361,1.4628798602272874,naive,AREQUIPA
2021-11-15,2.9475937482191625,1.986896526577361,naive,AREQUIPA
2021-11-22,3.0567638870420946,1.986896526577361,naive,AREQUIPA
2021-11-29,2.6855854150441254,1.986896526577361,naive,AREQUIPA
2021-12-06,1.6593861101085654,1.986896526577361,naive,AREQUIPA
2021-12-13,1.5283819435210468,1.6593861101085654,naive,AREQUIPA
2021-12-20,1.4410458324627016,1.6593861101085654,naive,AREQUIPA
2021-12-27,1.6812201378731517,1.6593861101085654,naive,AREQUIPA
2022-01-03,1.649020175726568,1.6593861101085654,naive,AREQUIPA
2022-01-10,2.0711116381843735,1.6490201757265677,naive,AREQUIPA
2022-01-17,1.8876091756682027,1.6490201757265677,naive,AREQUIPA
2022-01-24,1.9090592799371595,1.6490201757265677,naive,AREQUIPA
2022-01-31,1.7374584457855047,1.6490201757265677,naive,AREQUIPA
2022-02-07,2.4024116781231672,1.7374584457855047,naive,AREQUIPA
2022-02-14,2.7885135549643905,1.7374584457855047,naive,AREQUIPA
2022-02-21,2.8099636592333472,1.7374584457855047,naive,AREQUIPA
2022-02-28,2.295161156778383,1.7374584457855047,naive,AREQUIPA
2022-03-07,1.994859697012987,2.295161156778383,naive,AREQUIPA
2022-03-14,2.037759905550901,2.295161156778383,naive,AREQUIPA
2022-03-21,2.145010426895685,2.295161156778383,naive,AREQUIPA
2022-03-28,2.3166112610473397,2.295161156778383,naive,AREQUIPA
2022-04-04,2.2522609482404694,2.3166112610473397,naive,AREQUIPA
2022-04-11,2.0592100098198576,2.3166112610473397,naive,AREQUIPA
2022-04-18,2.037759905550901,2.3166112610473397,naive,AREQUIPA
2022-04-25,1.994859697012987,2.3166112610473397,naive,AREQUIPA
2022-05-02,1.9519594884750733,1.994859697012987,naive,AREQUIPA
2022-05-09,1.887609175668203,1.994859697012987,naive,AREQUIPA
2022-05-16,2.123560322626728,1.994859697012987,naive,AREQUIPA
2022-05-23,2.3595114695852537,1.994859697012987,naive,AREQUIPA
2022-05-30,2.273711052509426,2.359511469585254,naive,AREQUIPA
2022-06-06,2.273711052509426,2.359511469585254,naive,AREQUIPA
2022-06-13,2.616912720812736,2.359511469585254,naive,AREQUIPA
2022-06-20,3.0244647019229163,2.359511469585254,naive,AREQUIPA
2022-06-27,2.8528638677712608,3.024464701922916,naive,AREQUIPA
2022-07-04,2.7456133464264774,3.024464701922916,naive,AREQUIPA
2022-07-11,2.6169127208127354,3.024464701922916,naive,AREQUIPA
2022-07-18,2.8099636592333472,3.024464701922916,naive,AREQUIPA
2022-07-25,2.4453118866610812,2.8099636592333477,naive,AREQUIPA
2022-08-01,2.5525624080058655,2.8099636592333477,naive,AREQUIPA
2022-08-08,2.445311886661081,2.8099636592333477,naive,AREQUIPA
2022-08-15,2.6812630336196066,2.8099636592333477,naive,AREQUIPA
2022-08-22,2.2308108439715126,2.6812630336196066,naive,AREQUIPA
2022-08-29,2.1664605311646423,2.6812630336196066,naive,AREQUIPA
2022-09-05,1.9305093842061165,2.6812630336196066,naive,AREQUIPA
2022-09-12,2.0592100098198576,2.6812630336196066,naive,AREQUIPA
2022-09-19,2.145010426895685,2.0592100098198576,naive,AREQUIPA
2022-09-26,2.0592100098198576,2.0592100098198576,naive,AREQUIPA
2022-10-03,1.9519594884750735,2.0592100098198576,naive,AREQUIPA
2022-10-10,1.7589085500544617,2.0592100098198576,naive,AREQUIPA
2022-10-17,1.9519594884750733,1.758908550054462,naive,AREQUIPA
2022-10-24,1.9519594884750733,1.758908550054462,naive,AREQUIPA
2022-10-31,1.9090592799371597,1.758908550054462,naive,AREQUIPA
2022-11-07,1.737458445785505,1.758908550054462,naive,AREQUIPA
2022-11-14,1.8447089671302892,1.7374584457855051,naive,AREQUIPA
2022-11-21,1.97340959274403,1.7374584457855051,naive,AREQUIPA
2022-11-28,2.1450104268956847,1.7374584457855051,naive,AREQUIPA
2022-12-05,2.102110218357771,1.7374584457855051,naive,AREQUIPA
2022-12-12,1.994859697012987,2.102110218357771,naive,AREQUIPA
2022-12-19,1.9734095927440303,2.102110218357771,naive,AREQUIPA
2022-12-26,2.016309801281944,2.102110218357771,naive,AREQUIPA
2023-01-02,2.0071042607820275,2.102110218357771,naive,AREQUIPA
2023-01-09,2.058708440589014,2.0071042607820275,naive,AREQUIPA
2023-01-16,1.9408361417443265,2.0071042607820275,naive,AREQUIPA
2023-01-23,1.9408361417443265,2.0071042607820275,naive,AREQUIPA
2023-01-30,1.8564519616684863,2.0071042607820275,naive,AREQUIPA
2023-02-06,1.6665875564978458,1.8564519616684865,naive,AREQUIPA
2023-02-13,1.5822033764220054,1.8564519616684865,naive,AREQUIPA
2023-02-20,1.518915241365125,1.8564519616684865,naive,AREQUIPA
2023-02-27,1.6454915114788855,1.8564519616684865,naive,AREQUIPA
2023-03-06,1.814259871630566,1.6454915114788855,naive,AREQUIPA
2023-03-13,1.6876836015168057,1.6454915114788855,naive,AREQUIPA
2023-03-20,1.9408361417443265,1.6454915114788855,naive,AREQUIPA
2023-03-27,1.9619321867632866,1.6454915114788855,naive,AREQUIPA
2023-04-03,2.447141222199368,1.9619321867632864,naive,AREQUIPA
2023-04-10,2.9534463026544095,1.9619321867632864,naive,AREQUIPA
2023-04-17,3.6918078783180124,1.9619321867632864,naive,AREQUIPA
2023-04-24,4.113728778697214,1.9619321867632864,naive,AREQUIPA
2023-05-01,3.966056463564494,4.113728778697214,naive,AREQUIPA
2023-05-08,3.839480193450733,4.113728778697214,naive,AREQUIPA
2023-05-15,3.4175592930715317,4.113728778697214,naive,AREQUIPA
2023-05-22,3.269886977938811,4.113728778697214,naive,AREQUIPA
2023-05-29,3.206598842881931,3.269886977938811,naive,AREQUIPA
2023-06-05,3.2487909329198508,3.269886977938811,naive,AREQUIPA
2023-06-12,3.501943473147372,3.269886977938811,naive,AREQUIPA
2023-06-19,3.523039518166332,3.269886977938811,naive,AREQUIPA
2023-06-26,3.9027683285076136,3.5230395181663323,naive,AREQUIPA
2023-07-03,3.9027683285076136,3.5230395181663323,naive,AREQUIPA
2023-07-10,3.8605762384696938,3.5230395181663323,naive,AREQUIPA
2023-07-17,3.375367203033612,3.5230395181663323,naive,AREQUIPA
2023-07-24,3.0589265277492106,3.3753672030336124,naive,AREQUIPA
2023-07-31,2.9112542126164898,3.3753672030336124,naive,AREQUIPA
2023-08-07,2.7002937624268895,3.3753672030336124,naive,AREQUIPA
2023-08-14,2.7002937624268895,3.3753672030336124,naive,AREQUIPA
2023-08-21,2.2361807720097677,2.7002937624268895,naive,AREQUIPA
2023-08-28,2.1728926369528874,2.7002937624268895,naive,AREQUIPA
2023-09-04,2.109604501896007,2.7002937624268895,naive,AREQUIPA
2023-09-11,2.257276817028728,2.7002937624268895,naive,AREQUIPA
2023-09-18,2.6791977174079293,2.257276817028728,naive,AREQUIPA
2023-09-25,2.4471412221993685,2.257276817028728,naive,AREQUIPA
2023-10-02,2.257276817028728,2.257276817028728,naive,AREQUIPA
2023-10-09,1.750971736573686,2.257276817028728,naive,AREQUIPA
2023-10-16,1.8142598716305665,1.7509717365736859,naive,AREQUIPA
2023-10-23,1.8775480066874468,1.7509717365736859,naive,AREQUIPA
2023-10-30,2.067412411858087,1.7509717365736859,naive,AREQUIPA
2023-11-06,1.8564519616684863,1.7509717365736859,naive,AREQUIPA
2023-11-13,1.8142598716305665,1.8564519616684865,naive,AREQUIPA
2023-11-20,1.6665875564978458,1.8564519616684865,naive,AREQUIPA
2023-11-27,1.9619321867632866,1.8564519616684865,naive,AREQUIPA
2023-12-04,1.8986440517064065,1.8564519616684865,naive,AREQUIPA
2010-12-27,1.7406552254737662,0.9336075942936809,seasonal_naive,AREQUIPA
2011-01-03,2.1464828581136604,1.1122262079335004,seasonal_naive,AREQUIPA
2011-01-10,2.345191853045073,1.1247310687676648,seasonal_naive,AREQUIPA
2011-01-17,1.9076663360916097,1.8209931589571713,seasonal_naive,AREQUIPA
2011-01-24,1.7508718427142174,1.7674345366349018,seasonal_naive,AREQUIPA
2011-01-31,1.7508718427142174,1.6335379808292267,seasonal_naive,AREQUIPA
2011-02-07,1.9337987516545085,1.901331092440576,seasonal_naive,AREQUIPA
2011-02-14,1.8554015049658126,2.195903515213059,seasonal_naive,AREQUIPA
2011-02-21,2.012195998343205,1.954889714762846,seasonal_naive,AREQUIPA
2011-02-28,2.299652569535091,1.9548897147628452,seasonal_naive,AREQUIPA
2011-03-07,2.064460829469003,1.8209931589571706,seasonal_naive,AREQUIPA
2011-03-14,1.9599311672174073,2.9189449165637007,seasonal_naive,AREQUIPA
2011-03-21,1.9076663360916097,2.4369173156632726,seasonal_naive,AREQUIPA
2011-03-28,2.587109140726978,2.5975931826300815,seasonal_naive,AREQUIPA
2011-04-04,2.456447062912484,2.0887862705685194,seasonal_naive,AREQUIPA
2011-04-11,2.665506387415674,2.008448337085115,seasonal_naive,AREQUIPA
2011-04-18,2.456447062912484,1.8477724701183063,seasonal_naive,AREQUIPA
2011-04-25,2.5087118940382815,1.8209931589571713,seasonal_naive,AREQUIPA
2011-05-02,2.5087118940382815,2.1691242040519247,seasonal_naive,AREQUIPA
2011-05-09,2.1167256605948,2.2494621375353283,seasonal_naive,AREQUIPA
2011-05-16,1.9599311672174073,2.3030207598575987,seasonal_naive,AREQUIPA
2011-05-23,1.7247394271513183,2.1691242040519247,seasonal_naive,AREQUIPA
2011-05-30,2.0644608294690023,1.9816690259239804,seasonal_naive,AREQUIPA
2011-06-06,2.4564470629124835,1.9281104036017107,seasonal_naive,AREQUIPA
2011-06-13,2.4041822317866863,2.008448337085115,seasonal_naive,AREQUIPA
2011-06-20,2.53484430960118,2.383358693341003,seasonal_naive,AREQUIPA
2011-06-27,3.188154698673649,2.5172552491466766,seasonal_naive,AREQUIPA
2011-07-04,3.3972140231768395,2.5708138714689475,seasonal_naive,AREQUIPA
2011-07-11,3.2926843609252443,2.677931116113486,seasonal_naive,AREQUIPA
2011-07-18,2.6132415562898763,2.624372493791217,seasonal_naive,AREQUIPA
2011-07-25,2.5609767251640787,2.490475937985543,seasonal_naive,AREQUIPA
2011-08-01,2.665506387415674,2.3565793821798686,seasonal_naive,AREQUIPA
2011-08-08,2.9006981274817627,2.677931116113486,seasonal_naive,AREQUIPA
2011-08-15,3.083625036422054,3.240296650497319,seasonal_naive,AREQUIPA
2011-08-22,3.2404195297994463,3.186738028175049,seasonal_naive,AREQUIPA
2011-08-29,3.554008516554232,2.97250353888597,seasonal_naive,AREQUIPA
2011-09-05,3.5278761009913335,2.490475937985542,seasonal_naive,AREQUIPA
2011-09-12,3.371081607613941,2.5975931826300815,seasonal_naive,AREQUIPA
2011-09-19,3.1358898675478515,2.195903515213059,seasonal_naive,AREQUIPA
2011-09-26,3.3710816076139403,2.195903515213059,seasonal_naive,AREQUIPA
2011-10-03,3.527876100991333,1.7406552254737662,seasonal_naive,AREQUIPA
2011-10-10,3.318816776488143,3.27752458955479,seasonal_naive,AREQUIPA
2011-10-17,3.527876100991333,3.4382004565216,seasonal_naive,AREQUIPA
2011-10-24,3.7892002566203207,3.6524349458106777,seasonal_naive,AREQUIPA
2011-10-31,3.606273347680029,2.142344892890789,seasonal_naive,AREQUIPA
2011-11-07,2.926830543044661,1.7942138477960359,seasonal_naive,AREQUIPA
2011-11-14,2.6916388029785723,1.7942138477960359,seasonal_naive,AREQUIPA
2011-11-21,3.1358898675478515,2.115565581729654,seasonal_naive,AREQUIPA
2011-11-28,3.0836250364220543,2.169124204051924,seasonal_naive,AREQUIPA
2011-12-05,2.4825794784753827,2.062006959407385,seasonal_naive,AREQUIPA
2011-12-12,2.0383284139061035,1.6603172919903617,seasonal_naive,AREQUIPA
2011-12-19,2.2212553228463947,1.526420736184687,seasonal_naive,AREQUIPA
2011-12-26,2.32578498509799,1.7406552254737662,seasonal_naive,AREQUIPA
2012-01-02,2.3340424025734827,2.146482858113661,seasonal_naive,AREQUIPA
2012-01-09,2.0062766931976515,2.345191853045073,seasonal_naive,AREQUIPA
2012-01-16,2.0412829054804362,1.9076663360916095,seasonal_naive,AREQUIPA
2012-01-23,2.092314978117447,1.7508718427142174,seasonal_naive,AREQUIPA
2012-01-30,2.3985074139395124,1.7508718427142174,seasonal_naive,AREQUIPA
2012-02-06,2.2198951597099748,1.9337987516545083,seasonal_naive,AREQUIPA
2012-02-13,2.194379123391469,1.8554015049658124,seasonal_naive,AREQUIPA
2012-02-20,2.577119668169051,2.0121959983432047,seasonal_naive,AREQUIPA
2012-02-27,2.857796067672611,2.2996525695350916,seasonal_naive,AREQUIPA
2012-03-05,2.781247958717094,2.0644608294690032,seasonal_naive,AREQUIPA
2012-03-12,2.3219593049839964,1.9599311672174076,seasonal_naive,AREQUIPA
2012-03-19,2.3985074139395124,1.9076663360916095,seasonal_naive,AREQUIPA
2012-03-26,2.8322800313541054,2.587109140726978,seasonal_naive,AREQUIPA
2012-04-02,2.6281517408060613,2.456447062912484,seasonal_naive,AREQUIPA
2012-04-09,2.5005715592135345,2.665506387415674,seasonal_naive,AREQUIPA
2012-04-16,1.9392187602064146,2.456447062912484,seasonal_naive,AREQUIPA
2012-04-23,2.194379123391469,2.508711894038281,seasonal_naive,AREQUIPA
2012-04-30,2.270927232346985,2.508711894038281,seasonal_naive,AREQUIPA
2012-05-07,2.9598602129466323,2.1167256605948,seasonal_naive,AREQUIPA
2012-05-14,3.674309229864786,1.9599311672174076,seasonal_naive,AREQUIPA
2012-05-21,3.699825266183291,1.7247394271513186,seasonal_naive,AREQUIPA
2012-05-28,3.4191488666797305,2.0644608294690023,seasonal_naive,AREQUIPA
2012-06-04,2.8322800313541054,2.456447062912483,seasonal_naive,AREQUIPA
2012-06-11,2.908828140309622,2.4041822317866868,seasonal_naive,AREQUIPA
2012-06-18,2.602635704487556,2.5348443096011795,seasonal_naive,AREQUIPA
2012-06-25,2.2964432686654908,3.188154698673649,seasonal_naive,AREQUIPA
2012-07-02,2.117831014435953,3.3972140231768395,seasonal_naive,AREQUIPA
2012-07-09,2.7302158860800834,3.2926843609252443,seasonal_naive,AREQUIPA
2012-07-16,2.934344176628127,2.613241556289876,seasonal_naive,AREQUIPA
2012-07-23,3.1384724671761703,2.5609767251640787,seasonal_naive,AREQUIPA
2012-07-30,2.628151740806062,2.665506387415674,seasonal_naive,AREQUIPA
2012-08-06,2.5516036318505457,2.9006981274817623,seasonal_naive,AREQUIPA
2012-08-13,2.449539486576523,3.083625036422054,seasonal_naive,AREQUIPA
2012-08-20,2.3474753413025016,3.2404195297994467,seasonal_naive,AREQUIPA
2012-08-27,2.3219593049839964,3.5540085165542323,seasonal_naive,AREQUIPA
2012-09-03,2.092314978117447,3.5278761009913335,seasonal_naive,AREQUIPA
2012-09-10,2.066798941798942,3.371081607613941,seasonal_naive,AREQUIPA
2012-09-17,1.8881866875694036,3.1358898675478515,seasonal_naive,AREQUIPA
2012-09-24,1.9392187602064144,3.3710816076139403,seasonal_naive,AREQUIPA
2012-10-01,1.6585423607028542,3.5278761009913326,seasonal_naive,AREQUIPA
2012-10-08,1.5054461427918218,3.3188167764881427,seasonal_naive,AREQUIPA
2012-10-15,1.301317852243778,3.5278761009913326,seasonal_naive,AREQUIPA
2012-10-22,1.352349924880789,3.789200256620321,seasonal_naive,AREQUIPA
2012-10-29,1.2758018159252729,3.6062733476800295,seasonal_naive,AREQUIPA
2012-11-05,1.4799301064733161,2.926830543044661,seasonal_naive,AREQUIPA
2012-11-12,1.5564782154288326,2.6916388029785723,seasonal_naive,AREQUIPA
2012-11-19,1.7861225422953817,3.1358898675478515,seasonal_naive,AREQUIPA
2012-11-26,1.96473479652492,3.083625036422054,seasonal_naive,AREQUIPA
2012-12-03,2.3474753413025016,2.4825794784753827,seasonal_naive,AREQUIPA
2012-12-10,2.24541119602848,2.038328413906104,seasonal_naive,AREQUIPA
2012-12-17,1.862670651250898,2.2212553228463947,seasonal_naive,AREQUIPA
2012-12-24,1.5819942517473382,2.32578498509799,seasonal_naive,AREQUIPA
2012-12-31,1.9902508328434252,2.3340424025734827,seasonal_naive,AREQUIPA
2013-01-07,2.1037196749464067,2.006276693197652,seasonal_naive,AREQUIPA
2013-01-14,2.164980499454915,2.0412829054804362,seasonal_naive,AREQUIPA
2013-01-21,2.019173171021724,2.0923149781174475,seasonal_naive,AREQUIPA
2013-01-28,2.1936696179001447,2.398507413939512,seasonal_naive,AREQUIPA
2013-02-04,2.1936696179001447,2.2198951597099748,seasonal_naive,AREQUIPA
2013-02-11,2.0191731710217242,2.194379123391469,seasonal_naive,AREQUIPA
2013-02-18,1.7698925326239803,2.577119668169051,seasonal_naive,AREQUIPA
2013-02-25,1.5455399580660112,2.8577960676726106,seasonal_naive,AREQUIPA
2013-03-04,1.4956838303864626,2.7812479587170937,seasonal_naive,AREQUIPA
2013-03-11,1.5704680219057856,2.3219593049839964,seasonal_naive,AREQUIPA
2013-03-18,1.4707557665466882,2.398507413939512,seasonal_naive,AREQUIPA
2013-03-25,1.4458277027069137,2.832280031354106,seasonal_naive,AREQUIPA
2013-04-01,1.420899638867139,2.6281517408060613,seasonal_naive,AREQUIPA
2013-04-08,1.6203241495853342,2.5005715592135345,seasonal_naive,AREQUIPA
2013-04-15,1.395971575027365,1.9392187602064144,seasonal_naive,AREQUIPA
2013-04-22,1.346115447347816,2.194379123391469,seasonal_naive,AREQUIPA
2013-04-29,1.2214751281489442,2.270927232346985,seasonal_naive,AREQUIPA
2013-05-06,1.5206118942262368,2.959860212946632,seasonal_naive,AREQUIPA
2013-05-13,1.7449644687842063,3.6743092298647864,seasonal_naive,AREQUIPA
2013-05-20,2.143813490220596,3.699825266183291,seasonal_naive,AREQUIPA
2013-05-27,2.418022192458114,3.4191488666797305,seasonal_naive,AREQUIPA
2013-06-03,2.5426625116569856,2.832280031354106,seasonal_naive,AREQUIPA
2013-06-10,2.79194315005473,2.908828140309622,seasonal_naive,AREQUIPA
2013-06-17,2.6673028308558577,2.6026357044875557,seasonal_naive,AREQUIPA
2013-06-24,2.492806383977437,2.2964432686654908,seasonal_naive,AREQUIPA
2013-07-01,2.1438134902205963,2.1178310144359527,seasonal_naive,AREQUIPA
2013-07-08,2.1188854263808214,2.7302158860800834,seasonal_naive,AREQUIPA
2013-07-15,1.944388979502401,2.934344176628127,seasonal_naive,AREQUIPA
2013-07-22,2.143813490220596,3.1384724671761703,seasonal_naive,AREQUIPA
2013-07-29,2.143813490220596,2.628151740806062,seasonal_naive,AREQUIPA
2013-08-05,2.343238000938791,2.5516036318505453,seasonal_naive,AREQUIPA
2013-08-12,2.5675905754967605,2.4495394865765237,seasonal_naive,AREQUIPA
2013-08-19,2.2933818732592424,2.347475341302501,seasonal_naive,AREQUIPA
2013-08-26,1.944388979502401,2.3219593049839964,seasonal_naive,AREQUIPA
2013-09-02,1.5206118942262368,2.0923149781174475,seasonal_naive,AREQUIPA
2013-09-09,1.6701802772648833,2.066798941798942,seasonal_naive,AREQUIPA
2013-09-16,2.0939573625410475,1.8881866875694036,seasonal_naive,AREQUIPA
2013-09-23,2.093957362541047,1.9392187602064144,seasonal_naive,AREQUIPA
2013-09-30,2.1687415540603703,1.6585423607028542,seasonal_naive,AREQUIPA
2013-10-07,2.1936696179001447,1.5054461427918218,seasonal_naive,AREQUIPA
2013-10-14,2.069029298701273,1.301317852243778,seasonal_naive,AREQUIPA
2013-10-21,1.9693170433421756,1.352349924880789,seasonal_naive,AREQUIPA
2013-10-28,1.7200364049444314,1.2758018159252726,seasonal_naive,AREQUIPA
2013-11-04,1.6951083411046575,1.4799301064733161,seasonal_naive,AREQUIPA
2013-11-11,1.6951083411046575,1.5564782154288326,seasonal_naive,AREQUIPA
2013-11-18,1.6951083411046575,1.7861225422953817,seasonal_naive,AREQUIPA
2013-11-25,1.545539958066011,1.9647347965249198,seasonal_naive,AREQUIPA
2013-12-02,1.3710435111875905,2.347475341302501,seasonal_naive,AREQUIPA
2013-12-09,1.271331255828493,2.24541119602848,seasonal_naive,AREQUIPA
2013-12-16,1.346115447347816,1.8626706512508981,seasonal_naive,AREQUIPA
2013-12-23,1.2962593196682672,1.5819942517473382,seasonal_naive,AREQUIPA
2013-12-30,1.2962593196682672,1.9902508328434254,seasonal_naive,AREQUIPA
2014-01-06,1.188124785800328,2.1037196749464067,seasonal_naive,AREQUIPA
2014-01-13,1.594495828824886,2.164980499454915,seasonal_naive,AREQUIPA
2014-01-20,1.9493262884681268,2.0191731710217233,seasonal_naive,AREQUIPA
2014-01-27,2.4122912819793068,2.1936696179001443,seasonal_naive,AREQUIPA
2014-02-03,2.168625495920791,2.1936696179001443,seasonal_naive,AREQUIPA
2014-02-10,1.6325607665920563,2.0191731710217242,seasonal_naive,AREQUIPA
2014-02-17,1.2670620875042824,1.7698925326239805,seasonal_naive,AREQUIPA
2014-02-24,1.1452291944750244,1.5455399580660112,seasonal_naive,AREQUIPA
2014-03-03,1.242695508898431,1.4956838303864628,seasonal_naive,AREQUIPA
2014-03-10,1.2183289302925793,1.5704680219057858,seasonal_naive,AREQUIPA
2014-03-17,1.1695957730808761,1.4707557665466882,seasonal_naive,AREQUIPA
2014-03-24,1.1939623516867277,1.4458277027069137,seasonal_naive,AREQUIPA
2014-03-31,1.169595773080876,1.4208996388671393,seasonal_naive,AREQUIPA
2014-04-07,1.3645284019276887,1.6203241495853342,seasonal_naive,AREQUIPA
2014-04-14,1.5107278735627983,1.3959715750273647,seasonal_naive,AREQUIPA
2014-04-21,1.413261559139392,1.346115447347816,seasonal_naive,AREQUIPA
2014-04-28,1.291428666110134,1.2214751281489442,seasonal_naive,AREQUIPA
2014-05-05,1.1695957730808761,1.5206118942262365,seasonal_naive,AREQUIPA
2014-05-12,1.2183289302925793,1.744964468784206,seasonal_naive,AREQUIPA
2014-05-19,1.3157952447159857,2.143813490220596,seasonal_naive,AREQUIPA
2014-05-26,1.3645284019276887,2.418022192458114,seasonal_naive,AREQUIPA
2014-06-02,1.5107278735627983,2.542662511656986,seasonal_naive,AREQUIPA
2014-06-09,1.583827609380353,2.79194315005473,seasonal_naive,AREQUIPA
2014-06-16,1.583827609380353,2.6673028308558573,seasonal_naive,AREQUIPA
2014-06-23,1.4376281377452436,2.492806383977437,seasonal_naive,AREQUIPA
2014-06-30,1.2670620875042824,2.1438134902205963,seasonal_naive,AREQUIPA
2014-07-07,1.3157952447159857,2.1188854263808214,seasonal_naive,AREQUIPA
2014-07-14,1.7300270810154625,1.944388979502401,seasonal_naive,AREQUIPA
2014-07-21,2.3148249675559005,2.143813490220596,seasonal_naive,AREQUIPA
2014-07-28,2.7290568038553773,2.143813490220596,seasonal_naive,AREQUIPA
2014-08-04,2.4122912819793068,2.343238000938791,seasonal_naive,AREQUIPA
2014-08-11,2.655957068037823,2.5675905754967605,seasonal_naive,AREQUIPA
2014-08-18,2.5584907536144166,2.293381873259243,seasonal_naive,AREQUIPA
2014-08-25,3.0701889043373,1.944388979502401,seasonal_naive,AREQUIPA
2014-09-01,2.509757596402713,1.5206118942262365,seasonal_naive,AREQUIPA
2014-09-08,2.241725231738346,1.6701802772648835,seasonal_naive,AREQUIPA
2014-09-15,2.1929920745266425,2.0939573625410475,seasonal_naive,AREQUIPA
2014-09-22,2.3879247033734554,2.0939573625410466,seasonal_naive,AREQUIPA
2014-09-29,2.6803236466436737,2.1687415540603703,seasonal_naive,AREQUIPA
2014-10-06,2.3391915461617523,2.1936696179001443,seasonal_naive,AREQUIPA
2014-10-13,1.9736928670739786,2.0690292987012726,seasonal_naive,AREQUIPA
2014-10-20,1.6812939238037592,1.9693170433421756,seasonal_naive,AREQUIPA
2014-10-27,1.7056605024096108,1.7200364049444312,seasonal_naive,AREQUIPA
2014-11-03,1.754393659621314,1.6951083411046577,seasonal_naive,AREQUIPA
2014-11-10,1.583827609380353,1.6951083411046577,seasonal_naive,AREQUIPA
2014-11-17,1.5107278735627983,1.6951083411046577,seasonal_naive,AREQUIPA
2014-11-24,1.2426955088984308,1.545539958066011,seasonal_naive,AREQUIPA
2014-12-01,1.53509445216865,1.3710435111875905,seasonal_naive,AREQUIPA
2014-12-08,1.5107278735627983,1.271331255828493,seasonal_naive,AREQUIPA
2014-12-15,1.9005931312564235,1.346115447347816,seasonal_naive,AREQUIPA
2014-12-22,1.7300270810154625,1.2962593196682672,seasonal_naive,AREQUIPA
2014-12-29,2.1929920745266425,1.2962593196682672,seasonal_naive,AREQUIPA
2015-01-05,2.2017929502078726,1.188124785800328,seasonal_naive,AREQUIPA
2015-01-12,2.2614739766076504,1.594495828824886,seasonal_naive,AREQUIPA
2015-01-19,2.097025060164364,1.9493262884681266,seasonal_naive,AREQUIPA
2015-01-26,1.9540460787895209,2.4122912819793068,seasonal_naive,AREQUIPA
2015-02-02,2.0017057392478015,2.168625495920791,seasonal_naive,AREQUIPA
2015-02-09,1.6442582858106942,1.632560766592056,seasonal_naive,AREQUIPA
2015-02-16,1.6680881160398346,1.2670620875042824,seasonal_naive,AREQUIPA
2015-02-23,1.4536196439775704,1.1452291944750246,seasonal_naive,AREQUIPA
2015-03-02,1.5251091346649917,1.242695508898431,seasonal_naive,AREQUIPA
2015-03-09,1.4774494742067106,1.2183289302925793,seasonal_naive,AREQUIPA
2015-03-16,1.3821301532901487,1.1695957730808761,seasonal_naive,AREQUIPA
2015-03-23,1.4297898137484297,1.1939623516867277,seasonal_naive,AREQUIPA
2015-03-30,1.3821301532901487,1.169595773080876,seasonal_naive,AREQUIPA
2015-04-06,1.6919179462689753,1.3645284019276887,seasonal_naive,AREQUIPA
2015-04-13,1.5965986253524134,1.5107278735627983,seasonal_naive,AREQUIPA
2015-04-20,1.5251091346649919,1.413261559139392,seasonal_naive,AREQUIPA
2015-04-27,1.3344704928318676,1.291428666110134,seasonal_naive,AREQUIPA
2015-05-04,1.5489389648941323,1.1695957730808761,seasonal_naive,AREQUIPA
2015-05-11,1.4774494742067106,1.2183289302925793,seasonal_naive,AREQUIPA
2015-05-18,1.334470492831868,1.3157952447159857,seasonal_naive,AREQUIPA
2015-05-25,1.1914915114570246,1.3645284019276887,seasonal_naive,AREQUIPA
2015-06-01,1.5251091346649917,1.5107278735627983,seasonal_naive,AREQUIPA
2015-06-08,1.6204284555815536,1.5838276093803532,seasonal_naive,AREQUIPA
2015-06-15,1.715747776498116,1.5838276093803532,seasonal_naive,AREQUIPA
2015-06-22,1.8825565881020994,1.4376281377452436,seasonal_naive,AREQUIPA
2015-06-29,2.2400040415392066,1.2670620875042824,seasonal_naive,AREQUIPA
2015-07-06,2.38298302291405,1.3157952447159857,seasonal_naive,AREQUIPA
2015-07-13,2.1208548903935043,1.7300270810154625,seasonal_naive,AREQUIPA
2015-07-20,2.1446847206226445,2.3148249675559005,seasonal_naive,AREQUIPA
2015-07-27,1.9540460787895206,2.7290568038553773,seasonal_naive,AREQUIPA
2015-08-03,2.097025060164364,2.4122912819793068,seasonal_naive,AREQUIPA
2015-08-10,2.025535569476942,2.6559570680378224,seasonal_naive,AREQUIPA
2015-08-17,2.001705739247802,2.5584907536144166,seasonal_naive,AREQUIPA
2015-08-24,2.1446847206226445,3.0701889043372996,seasonal_naive,AREQUIPA
2015-08-31,1.90638641833124,2.509757596402713,seasonal_naive,AREQUIPA
2015-09-07,1.8348969276438183,2.241725231738346,seasonal_naive,AREQUIPA
2015-09-14,1.5251091346649917,2.1929920745266425,seasonal_naive,AREQUIPA
2015-09-21,1.6919179462689753,2.387924703373455,seasonal_naive,AREQUIPA
2015-09-28,1.7157477764981157,2.6803236466436733,seasonal_naive,AREQUIPA
2015-10-05,2.073195229935223,2.3391915461617527,seasonal_naive,AREQUIPA
2015-10-12,2.073195229935223,1.9736928670739788,seasonal_naive,AREQUIPA
2015-10-19,2.1446847206226445,1.6812939238037592,seasonal_naive,AREQUIPA
2015-10-26,1.8587267578729587,1.705660502409611,seasonal_naive,AREQUIPA
2015-11-02,1.8348969276438183,1.754393659621314,seasonal_naive,AREQUIPA
2015-11-09,1.9778759090186613,1.5838276093803532,seasonal_naive,AREQUIPA
2015-11-16,1.9302162485603802,1.5107278735627983,seasonal_naive,AREQUIPA
2015-11-23,2.025535569476942,1.2426955088984308,seasonal_naive,AREQUIPA
2015-11-30,1.9540460787895206,1.53509445216865,seasonal_naive,AREQUIPA
2015-12-07,1.9063864183312396,1.5107278735627983,seasonal_naive,AREQUIPA
2015-12-14,1.5012793044358512,1.9005931312564233,seasonal_naive,AREQUIPA
2015-12-21,1.1914915114570246,1.7300270810154625,seasonal_naive,AREQUIPA
2015-12-28,0.6672352464159337,2.1929920745266425,seasonal_naive,AREQUIPA
2016-01-04,0.9636691533760189,2.201792950207873,seasonal_naive,AREQUIPA
2016-01-11,1.1424947421925638,2.2614739766076504,seasonal_naive,AREQUIPA
2016-01-18,2.005194853644092,2.097025060164364,seasonal_naive,AREQUIPA
2016-01-25,1.865297538273574,1.9540460787895206,seasonal_naive,AREQUIPA
2016-02-01,2.1684083882430296,2.0017057392478015,seasonal_naive,AREQUIPA
2016-02-08,1.981878634415672,1.6442582858106942,seasonal_naive,AREQUIPA
2016-02-15,2.3782543612988065,1.6680881160398349,seasonal_naive,AREQUIPA
2016-02-22,2.4015705805272263,1.4536196439775704,seasonal_naive,AREQUIPA
2016-02-29,2.4948354574409053,1.5251091346649917,seasonal_naive,AREQUIPA
2016-03-07,2.471519238212485,1.4774494742067106,seasonal_naive,AREQUIPA
2016-03-14,2.2150408266998687,1.3821301532901487,seasonal_naive,AREQUIPA
2016-03-21,1.772032661359895,1.4297898137484295,seasonal_naive,AREQUIPA
2016-03-28,1.562186688304118,1.3821301532901487,seasonal_naive,AREQUIPA
2016-04-04,1.562186688304118,1.6919179462689753,seasonal_naive,AREQUIPA
2016-04-11,1.911929976730413,1.5965986253524134,seasonal_naive,AREQUIPA
2016-04-18,1.8419813190451542,1.5251091346649919,seasonal_naive,AREQUIPA
2016-04-25,1.562186688304118,1.3344704928318674,seasonal_naive,AREQUIPA
2016-05-02,1.5155542498472787,1.5489389648941323,seasonal_naive,AREQUIPA
2016-05-09,1.5855029075325378,1.4774494742067106,seasonal_naive,AREQUIPA
2016-05-16,2.0751435113293506,1.334470492831868,seasonal_naive,AREQUIPA
2016-05-23,2.2849894843851275,1.1914915114570246,seasonal_naive,AREQUIPA
2016-05-30,2.494835457440905,1.5251091346649917,seasonal_naive,AREQUIPA
2016-06-06,2.5881003343545834,1.6204284555815538,seasonal_naive,AREQUIPA
2016-06-13,3.217638253521915,1.715747776498116,seasonal_naive,AREQUIPA
2016-06-20,3.8704923919176655,1.8825565881020996,seasonal_naive,AREQUIPA
2016-06-27,4.546662749541835,2.2400040415392066,seasonal_naive,AREQUIPA
2016-07-04,4.779824941826033,2.38298302291405,seasonal_naive,AREQUIPA
2016-07-11,4.8031411610544525,2.120854890393504,seasonal_naive,AREQUIPA
2016-07-18,4.243551899572381,2.144684720622644,seasonal_naive,AREQUIPA
2016-07-25,3.7772275150039873,1.9540460787895206,seasonal_naive,AREQUIPA
2016-08-01,3.2409544727503348,2.097025060164364,seasonal_naive,AREQUIPA
2016-08-08,3.427484226577692,2.025535569476942,seasonal_naive,AREQUIPA
2016-08-15,3.4508004458061117,2.001705739247802,seasonal_naive,AREQUIPA
2016-08-22,3.3575355688924327,2.144684720622644,seasonal_naive,AREQUIPA
2016-08-29,2.8445787458672,1.9063864183312398,seasonal_naive,AREQUIPA
2016-09-05,2.564784115126164,1.8348969276438183,seasonal_naive,AREQUIPA
2016-09-12,2.4015705805272263,1.5251091346649917,seasonal_naive,AREQUIPA
2016-09-19,2.3782543612988065,1.6919179462689753,seasonal_naive,AREQUIPA
2016-09-26,2.12177594978619,1.7157477764981157,seasonal_naive,AREQUIPA
2016-10-03,2.1217759497861906,2.073195229935223,seasonal_naive,AREQUIPA
2016-10-10,1.9585624151872525,2.073195229935223,seasonal_naive,AREQUIPA
2016-10-17,1.981878634415672,2.144684720622644,seasonal_naive,AREQUIPA
2016-10-24,1.8652975382735735,1.8587267578729587,seasonal_naive,AREQUIPA
2016-10-31,1.9585624151872523,1.8348969276438183,seasonal_naive,AREQUIPA
2016-11-07,2.12177594978619,1.9778759090186613,seasonal_naive,AREQUIPA
2016-11-14,2.2849894843851275,1.93021624856038,seasonal_naive,AREQUIPA
2016-11-21,2.284989484385128,2.025535569476942,seasonal_naive,AREQUIPA
2016-11-28,2.14509216901461,1.9540460787895206,seasonal_naive,AREQUIPA
2016-12-05,2.2616732651567077,1.9063864183312398,seasonal_naive,AREQUIPA
2016-12-12,2.401570580527226,1.501279304435851,seasonal_naive,AREQUIPA
2016-12-19,2.4482030189840653,1.1914915114570246,seasonal_naive,AREQUIPA
2016-12-26,2.4248867997556456,0.6672352464159337,seasonal_naive,AREQUIPA
2017-01-02,2.2721990932886396,0.9636691533760189,seasonal_naive,AREQUIPA
2017-01-09,1.9810898858084023,1.1424947421925635,seasonal_naive,AREQUIPA
2017-01-16,1.6889968020899735,2.005194853644092,seasonal_naive,AREQUIPA
2017-01-23,1.8259424887459172,1.8652975382735741,seasonal_naive,AREQUIPA
2017-01-30,2.2139552676044247,2.1684083882430296,seasonal_naive,AREQUIPA
2017-02-06,2.1226581431671288,1.9818786344156718,seasonal_naive,AREQUIPA
2017-02-13,2.054185299839157,2.3782543612988065,seasonal_naive,AREQUIPA
2017-02-20,1.9400638942925372,2.4015705805272263,seasonal_naive,AREQUIPA
2017-02-27,1.9628881754018612,2.4948354574409057,seasonal_naive,AREQUIPA
2017-03-06,1.7118210831992975,2.471519238212485,seasonal_naive,AREQUIPA
2017-03-13,1.8259424887459172,2.215040826699869,seasonal_naive,AREQUIPA
2017-03-20,2.1683067053857767,1.772032661359895,seasonal_naive,AREQUIPA
2017-03-27,2.2824281109323965,1.562186688304118,seasonal_naive,AREQUIPA
2017-04-03,1.8715910509645648,1.562186688304118,seasonal_naive,AREQUIPA
2017-04-10,1.8259424887459172,1.9119299767304128,seasonal_naive,AREQUIPA
2017-04-17,2.054185299839157,1.841981319045154,seasonal_naive,AREQUIPA
2017-04-24,2.054185299839157,1.562186688304118,seasonal_naive,AREQUIPA
2017-05-01,1.917239613183213,1.5155542498472787,seasonal_naive,AREQUIPA
2017-05-08,1.8259424887459172,1.5855029075325378,seasonal_naive,AREQUIPA
2017-05-15,1.9857124565111854,2.0751435113293506,seasonal_naive,AREQUIPA
2017-05-22,2.2139552676044247,2.2849894843851275,seasonal_naive,AREQUIPA
2017-05-29,2.4878466409163127,2.494835457440905,seasonal_naive,AREQUIPA
2017-06-05,2.6704408897909038,2.5881003343545834,seasonal_naive,AREQUIPA
2017-06-12,2.487846640916312,3.217638253521915,seasonal_naive,AREQUIPA
2017-06-19,2.1454824242764525,3.8704923919176655,seasonal_naive,AREQUIPA
2017-06-26,1.917239613183213,4.546662749541835,seasonal_naive,AREQUIPA
2017-07-03,2.328076673151044,4.779824941826034,seasonal_naive,AREQUIPA
2017-07-10,2.6704408897909038,4.803141161054453,seasonal_naive,AREQUIPA
2017-07-17,2.967156544212115,4.24355189957238,seasonal_naive,AREQUIPA
2017-07-24,2.921507981993468,3.777227515003988,seasonal_naive,AREQUIPA
2017-07-31,2.807386576446848,3.240954472750335,seasonal_naive,AREQUIPA
2017-08-07,2.921507981993468,3.427484226577692,seasonal_naive,AREQUIPA
2017-08-14,3.058453668649411,3.4508004458061117,seasonal_naive,AREQUIPA
2017-08-21,3.241047917524003,3.357535568892432,seasonal_naive,AREQUIPA
2017-08-28,2.8758594197748195,2.8445787458671994,seasonal_naive,AREQUIPA
2017-09-04,2.6704408897909038,2.564784115126164,seasonal_naive,AREQUIPA
2017-09-11,2.601968046462932,2.4015705805272263,seasonal_naive,AREQUIPA
2017-09-18,2.556319484244284,2.3782543612988065,seasonal_naive,AREQUIPA
2017-09-25,2.236779548713748,2.12177594978619,seasonal_naive,AREQUIPA
2017-10-02,2.145482424276452,2.1217759497861906,seasonal_naive,AREQUIPA
2017-10-09,2.1454824242764525,1.9585624151872523,seasonal_naive,AREQUIPA
2017-10-16,2.1226581431671288,1.9818786344156718,seasonal_naive,AREQUIPA
2017-10-23,2.1226581431671288,1.8652975382735735,seasonal_naive,AREQUIPA
2017-10-30,2.1454824242764525,1.9585624151872523,seasonal_naive,AREQUIPA
2017-11-06,2.373725235369692,2.12177594978619,seasonal_naive,AREQUIPA
2017-11-13,2.1911309864951005,2.2849894843851275,seasonal_naive,AREQUIPA
2017-11-20,2.328076673151044,2.284989484385128,seasonal_naive,AREQUIPA
2017-11-27,2.1226581431671288,2.1450921690146103,seasonal_naive,AREQUIPA
2017-12-04,2.2139552676044243,2.2616732651567077,seasonal_naive,AREQUIPA
2017-12-11,2.2824281109323965,2.401570580527226,seasonal_naive,AREQUIPA
2017-12-18,2.2367795487137485,2.4482030189840653,seasonal_naive,AREQUIPA
2017-12-25,2.41937379758834,2.4248867997556456,seasonal_naive,AREQUIPA
2018-01-01,2.1814840714207016,2.2721990932886396,seasonal_naive,AREQUIPA
2018-01-08,1.985695155077693,1.9810898858084025,seasonal_naive,AREQUIPA
2018-01-15,1.5165216871933704,1.6889968020899733,seasonal_naive,AREQUIPA
2018-01-22,1.5165216871933704,1.8259424887459172,seasonal_naive,AREQUIPA
2018-01-29,1.6798394073526566,2.2139552676044247,seasonal_naive,AREQUIPA
2018-02-05,1.9598126419114326,2.1226581431671288,seasonal_naive,AREQUIPA
2018-02-12,1.8898193332717386,2.054185299839157,seasonal_naive,AREQUIPA
2018-02-19,2.1464614649506166,1.940063894292537,seasonal_naive,AREQUIPA
2018-02-26,2.029805950551127,1.9628881754018612,seasonal_naive,AREQUIPA
2018-03-05,2.449765802389291,1.7118210831992975,seasonal_naive,AREQUIPA
2018-03-12,2.333110287989801,1.8259424887459172,seasonal_naive,AREQUIPA
2018-03-19,2.473096905269189,2.1683067053857767,seasonal_naive,AREQUIPA
2018-03-26,2.0764681563109226,2.282428110932396,seasonal_naive,AREQUIPA
2018-04-02,2.0531370534310245,1.8715910509645648,seasonal_naive,AREQUIPA
2018-04-09,2.193123670710413,1.8259424887459172,seasonal_naive,AREQUIPA
2018-04-16,2.4964280081490866,2.054185299839157,seasonal_naive,AREQUIPA
2018-04-23,2.449765802389291,2.054185299839157,seasonal_naive,AREQUIPA
2018-04-30,2.216454773590311,1.9172396131832128,seasonal_naive,AREQUIPA
2018-05-07,1.959812641911433,1.8259424887459172,seasonal_naive,AREQUIPA
2018-05-14,1.8431571275119427,1.9857124565111852,seasonal_naive,AREQUIPA
2018-05-21,1.9598126419114328,2.2139552676044247,seasonal_naive,AREQUIPA
2018-05-28,2.519759111028985,2.487846640916313,seasonal_naive,AREQUIPA
2018-06-04,3.0097122715068436,2.670440889790904,seasonal_naive,AREQUIPA
2018-06-11,3.2663544031857215,2.4878466409163114,seasonal_naive,AREQUIPA
2018-06-18,3.0097122715068436,2.145482424276453,seasonal_naive,AREQUIPA
2018-06-25,2.9163878599872515,1.9172396131832128,seasonal_naive,AREQUIPA
2018-07-02,3.219692197425926,2.3280766731510436,seasonal_naive,AREQUIPA
2018-07-09,3.6396520492640896,2.670440889790904,seasonal_naive,AREQUIPA
2018-07-16,4.409578444300725,2.9671565442121155,seasonal_naive,AREQUIPA
2018-07-23,4.10627410686205,2.921507981993468,seasonal_naive,AREQUIPA
2018-07-30,4.1995985183816416,2.8073865764468486,seasonal_naive,AREQUIPA
2018-08-06,3.9896185924625596,2.921507981993468,seasonal_naive,AREQUIPA
2018-08-13,4.036280798222356,3.058453668649411,seasonal_naive,AREQUIPA
2018-08-20,3.966287489582662,3.2410479175240035,seasonal_naive,AREQUIPA
2018-08-27,3.3830099175852113,2.8758594197748195,seasonal_naive,AREQUIPA
2018-09-03,3.2663544031857215,2.670440889790904,seasonal_naive,AREQUIPA
2018-09-10,2.893056757107353,2.601968046462932,seasonal_naive,AREQUIPA
2018-09-17,3.0797055801465376,2.556319484244284,seasonal_naive,AREQUIPA
2018-09-24,2.706407934068169,2.236779548713748,seasonal_naive,AREQUIPA
2018-10-01,2.3797724937495968,2.145482424276452,seasonal_naive,AREQUIPA
2018-10-08,2.1231303620707185,2.145482424276453,seasonal_naive,AREQUIPA
2018-10-15,2.356441390869699,2.1226581431671288,seasonal_naive,AREQUIPA
2018-10-22,2.706407934068169,2.1226581431671288,seasonal_naive,AREQUIPA
2018-10-29,2.916387859987251,2.145482424276453,seasonal_naive,AREQUIPA
2018-11-05,2.8463945513475566,2.373725235369692,seasonal_naive,AREQUIPA
2018-11-12,2.7764012427078626,2.1911309864951,seasonal_naive,AREQUIPA
2018-11-19,2.356441390869698,2.3280766731510436,seasonal_naive,AREQUIPA
2018-11-26,2.4264346995093926,2.1226581431671288,seasonal_naive,AREQUIPA
2018-12-03,2.2397858764702083,2.2139552676044243,seasonal_naive,AREQUIPA
2018-12-10,2.636414625428475,2.282428110932396,seasonal_naive,AREQUIPA
2018-12-17,2.473096905269189,2.2367795487137485,seasonal_naive,AREQUIPA
2018-12-24,2.3797724937495968,2.41937379758834,seasonal_naive,AREQUIPA
2018-12-31,2.1697925678305148,2.181484071420702,seasonal_naive,AREQUIPA
2019-01-07,2.266988159778081,1.9856951550776931,seasonal_naive,AREQUIPA
2019-01-14,2.546826120142376,1.5165216871933704,seasonal_naive,AREQUIPA
2019-01-21,2.4124277352720145,1.5165216871933704,seasonal_naive,AREQUIPA
2019-01-28,2.3441514786133717,1.6798394073526566,seasonal_naive,AREQUIPA
2019-02-04,1.8662176820028786,1.9598126419114328,seasonal_naive,AREQUIPA
2019-02-11,1.5248363987096691,1.8898193332717386,seasonal_naive,AREQUIPA
2019-02-18,1.5475951509292163,2.146461464950616,seasonal_naive,AREQUIPA
2019-02-25,1.661388912026953,2.029805950551127,seasonal_naive,AREQUIPA
2019-03-04,1.9117351864419732,2.449765802389291,seasonal_naive,AREQUIPA
2019-03-11,2.0710464519788045,2.333110287989801,seasonal_naive,AREQUIPA
2019-03-18,2.1165639564178993,2.473096905269189,seasonal_naive,AREQUIPA
2019-03-25,2.184840213076541,2.076468156310923,seasonal_naive,AREQUIPA
2019-04-01,1.8889764342224262,2.0531370534310245,seasonal_naive,AREQUIPA
2019-04-08,1.9117351864419734,2.193123670710413,seasonal_naive,AREQUIPA
2019-04-15,1.9572526908810681,2.496428008149087,seasonal_naive,AREQUIPA
2019-04-22,2.0027701953201626,2.449765802389291,seasonal_naive,AREQUIPA
2019-04-29,2.4351864874915616,2.2164547735903115,seasonal_naive,AREQUIPA
2019-05-06,2.5034627441502035,1.9598126419114328,seasonal_naive,AREQUIPA
2019-05-13,2.7310502663456773,1.8431571275119427,seasonal_naive,AREQUIPA
2019-05-20,2.5717390008088454,1.9598126419114328,seasonal_naive,AREQUIPA
2019-05-27,2.913120284102055,2.519759111028985,seasonal_naive,AREQUIPA
2019-06-03,3.0951903018584335,3.0097122715068436,seasonal_naive,AREQUIPA
2019-06-10,3.391054080712548,3.2663544031857215,seasonal_naive,AREQUIPA
2019-06-17,3.3455365762734535,3.0097122715068436,seasonal_naive,AREQUIPA
2019-06-24,3.846229125103495,2.916387859987252,seasonal_naive,AREQUIPA
2019-07-01,3.8007116206644,3.2196921974259256,seasonal_naive,AREQUIPA
2019-07-08,4.210369160616252,3.639652049264089,seasonal_naive,AREQUIPA
2019-07-15,4.528991691689915,4.409578444300725,seasonal_naive,AREQUIPA
2019-07-22,4.870372974983124,4.106274106862051,seasonal_naive,AREQUIPA
2019-07-29,5.006925488300408,4.1995985183816416,seasonal_naive,AREQUIPA
2019-08-05,4.392439178372631,3.98961859246256,seasonal_naive,AREQUIPA
2019-08-12,4.142092903957611,4.036280798222356,seasonal_naive,AREQUIPA
2019-08-19,3.664159107347117,3.9662874895826623,seasonal_naive,AREQUIPA
2019-08-26,3.3227778240539076,3.3830099175852113,seasonal_naive,AREQUIPA
2019-09-02,3.368295328493002,3.2663544031857215,seasonal_naive,AREQUIPA
2019-09-09,3.3682953284930015,2.893056757107353,seasonal_naive,AREQUIPA
2019-09-16,3.5276065940298333,3.079705580146538,seasonal_naive,AREQUIPA
2019-09-23,3.3910540807125487,2.7064079340681695,seasonal_naive,AREQUIPA
2019-09-30,3.3682953284930015,2.3797724937495968,seasonal_naive,AREQUIPA
2019-10-07,3.4593303373711906,2.1231303620707185,seasonal_naive,AREQUIPA
2019-10-14,3.1407078062975287,2.3564413908696986,seasonal_naive,AREQUIPA
2019-10-21,2.4807039919306564,2.7064079340681695,seasonal_naive,AREQUIPA
2019-10-28,2.480703991930657,2.916387859987251,seasonal_naive,AREQUIPA
2019-11-04,2.867602779662961,2.8463945513475566,seasonal_naive,AREQUIPA
2019-11-11,3.6414003551275695,2.7764012427078626,seasonal_naive,AREQUIPA
2019-11-18,3.436571585151644,2.356441390869698,seasonal_naive,AREQUIPA
2019-11-25,2.9813965407606973,2.4264346995093926,seasonal_naive,AREQUIPA
2019-12-02,2.5262214963697516,2.2397858764702088,seasonal_naive,AREQUIPA
2019-12-09,2.1620814608569945,2.6364146254284746,seasonal_naive,AREQUIPA
2019-12-16,2.412427735272015,2.473096905269189,seasonal_naive,AREQUIPA
2019-12-23,2.3441514786133726,2.3797724937495968,seasonal_naive,AREQUIPA
2019-12-30,2.1393227086374473,2.1697925678305148,seasonal_naive,AREQUIPA
2020-01-06,1.4936029849431207,2.266988159778081,seasonal_naive,AREQUIPA
2020-01-13,1.1214867973861264,2.546826120142376,seasonal_naive,AREQUIPA
2020-01-20,1.135272378555907,2.4124277352720145,seasonal_naive,AREQUIPA
2020-01-27,1.7585591746258167,2.344151478613372,seasonal_naive,AREQUIPA
2020-02-03,2.1147230580943366,1.8662176820028784,seasonal_naive,AREQUIPA
2020-02-10,2.359585727978944,1.5248363987096694,seasonal_naive,AREQUIPA
2020-02-17,1.8476001454929465,1.5475951509292163,seasonal_naive,AREQUIPA
2020-02-24,1.8921206309265113,1.6613889120269532,seasonal_naive,AREQUIPA
2020-03-02,1.9366411163600763,1.911735186441973,seasonal_naive,AREQUIPA
2020-03-09,1.869860388209729,2.0710464519788045,seasonal_naive,AREQUIPA
2020-03-16,1.602737475608339,2.1165639564178993,seasonal_naive,AREQUIPA
2020-03-23,1.3801350484405142,2.184840213076541,seasonal_naive,AREQUIPA
2020-03-30,1.224313349423037,1.8889764342224264,seasonal_naive,AREQUIPA
2020-04-06,0.9349301941048646,1.9117351864419736,seasonal_naive,AREQUIPA
2020-04-13,0.6010265533531272,1.9572526908810681,seasonal_naive,AREQUIPA
2020-04-20,0.4674650970524323,2.002770195320162,seasonal_naive,AREQUIPA
2020-04-27,0.5342458252027797,2.435186487491561,seasonal_naive,AREQUIPA
2020-05-04,0.7345880096538221,2.503462744150204,seasonal_naive,AREQUIPA
2020-05-11,0.9794506795384295,2.731050266345677,seasonal_naive,AREQUIPA
2020-05-18,0.9794506795384296,2.5717390008088454,seasonal_naive,AREQUIPA
2020-05-25,0.8458892232377345,2.9131202841020554,seasonal_naive,AREQUIPA
2020-06-01,0.8013687378041695,3.095190301858433,seasonal_naive,AREQUIPA
2020-06-08,1.2688338348566015,3.3910540807125478,seasonal_naive,AREQUIPA
2020-06-15,1.8698603882097284,3.345536576273454,seasonal_naive,AREQUIPA
2020-06-22,2.2037640289614657,3.8462291251034944,seasonal_naive,AREQUIPA
2020-06-29,2.648968883297116,3.8007116206644,seasonal_naive,AREQUIPA
2020-07-06,3.7619810191362397,4.210369160616252,seasonal_naive,AREQUIPA
2020-07-13,5.075335339426407,4.528991691689914,seasonal_naive,AREQUIPA
2020-07-20,5.965745048097706,4.870372974983125,seasonal_naive,AREQUIPA
2020-07-27,5.676361892779535,5.006925488300409,seasonal_naive,AREQUIPA
2020-08-03,5.794435189450748,4.392439178372631,seasonal_naive,AREQUIPA
2020-08-10,5.482791791415793,4.142092903957611,seasonal_naive,AREQUIPA
2020-08-17,5.3937508205486635,3.6641591073471176,seasonal_naive,AREQUIPA
2020-08-24,5.030814853992841,3.322777824053908,seasonal_naive,AREQUIPA
2020-08-31,5.075335339426407,3.3682953284930015,seasonal_naive,AREQUIPA
2020-09-07,5.253417281160666,3.3682953284930015,seasonal_naive,AREQUIPA
2020-09-14,4.5856099996571915,3.527606594029833,seasonal_naive,AREQUIPA
2020-09-21,3.6506798055523273,3.3910540807125487,seasonal_naive,AREQUIPA
2020-09-28,2.693489368730681,3.3682953284930015,seasonal_naive,AREQUIPA
2020-10-05,2.3818459706957262,3.4593303373711906,seasonal_naive,AREQUIPA
2020-10-12,2.3595857279789434,3.140707806297528,seasonal_naive,AREQUIPA
2020-10-19,2.626708640580333,2.4807039919306564,seasonal_naive,AREQUIPA
2020-10-26,3.2722556793670248,2.4807039919306564,seasonal_naive,AREQUIPA
2020-11-02,3.4948581065348505,2.867602779662961,seasonal_naive,AREQUIPA
2020-11-09,3.2945159220838076,3.6414003551275695,seasonal_naive,AREQUIPA
2020-11-16,2.9160917958985055,3.436571585151644,seasonal_naive,AREQUIPA
2020-11-23,2.7157496114474626,2.981396540760697,seasonal_naive,AREQUIPA
2020-11-30,2.893831553181723,2.5262214963697516,seasonal_naive,AREQUIPA
2020-12-07,3.027393009482418,2.162081460856994,seasonal_naive,AREQUIPA
2020-12-14,3.2945159220838076,2.4124277352720154,seasonal_naive,AREQUIPA
2020-12-21,3.4948581065348505,2.3441514786133726,seasonal_naive,AREQUIPA
2020-12-28,3.249995436650243,2.1393227086374473,seasonal_naive,AREQUIPA
2021-01-04,3.577602918321624,1.493602984943121,seasonal_naive,AREQUIPA
2021-01-11,3.7292595330197256,1.1214867973861264,seasonal_naive,AREQUIPA
2021-01-18,4.104797219742241,1.135272378555907,seasonal_naive,AREQUIPA
2021-01-25,4.741152257979809,1.7585591746258165,seasonal_naive,AREQUIPA
2021-02-01,5.486677435040309,2.114723058094337,seasonal_naive,AREQUIPA
2021-02-08,5.508511462804894,2.359585727978944,seasonal_naive,AREQUIPA
2021-02-15,4.959492535625673,1.8476001454929463,seasonal_naive,AREQUIPA
2021-02-22,4.301303469623519,1.8921206309265115,seasonal_naive,AREQUIPA
2021-03-01,4.541477775033969,1.9366411163600765,seasonal_naive,AREQUIPA
2021-03-08,4.475975691740209,1.8698603882097289,seasonal_naive,AREQUIPA
2021-03-15,4.606979858327727,1.602737475608339,seasonal_naive,AREQUIPA
2021-03-22,4.301303469623519,1.3801350484405142,seasonal_naive,AREQUIPA
2021-03-29,3.995627080919309,1.224313349423037,seasonal_naive,AREQUIPA
2021-04-05,3.886456942096377,0.9349301941048646,seasonal_naive,AREQUIPA
2021-04-12,3.973793053154722,0.6010265533531272,seasonal_naive,AREQUIPA
2021-04-19,4.192133330800586,0.4674650970524323,seasonal_naive,AREQUIPA
2021-04-26,4.585145830563142,0.5342458252027797,seasonal_naive,AREQUIPA
2021-05-03,5.352505035388226,0.7345880096538221,seasonal_naive,AREQUIPA
2021-05-10,6.054362156919555,0.9794506795384296,seasonal_naive,AREQUIPA
2021-05-17,6.032528129154969,0.9794506795384296,seasonal_naive,AREQUIPA
2021-05-24,6.032528129154968,0.8458892232377345,seasonal_naive,AREQUIPA
2021-05-31,6.032528129154968,0.8013687378041695,seasonal_naive,AREQUIPA
2021-06-07,6.297704695394567,1.2688338348566015,seasonal_naive,AREQUIPA
2021-06-14,6.297704695394567,1.8698603882097282,seasonal_naive,AREQUIPA
2021-06-21,5.90152396256745,2.2037640289614657,seasonal_naive,AREQUIPA
2021-06-28,5.265168924329882,2.6489688832971154,seasonal_naive,AREQUIPA
2021-07-05,4.41047360844645,3.7619810191362397,seasonal_naive,AREQUIPA
2021-07-12,3.7772868032734443,5.075335339426407,seasonal_naive,AREQUIPA
2021-07-19,3.122265970335853,5.965745048097706,seasonal_naive,AREQUIPA
2021-07-26,2.6419173595149528,5.676361892779535,seasonal_naive,AREQUIPA
2021-08-02,2.161568748694053,5.794435189450748,seasonal_naive,AREQUIPA
2021-08-09,1.965062498812775,5.482791791415793,seasonal_naive,AREQUIPA
2021-08-16,2.030564582106534,5.3937508205486635,seasonal_naive,AREQUIPA
2021-08-23,2.0523986098711204,5.030814853992841,seasonal_naive,AREQUIPA
2021-08-30,2.096066665400293,5.075335339426407,seasonal_naive,AREQUIPA
2021-09-06,1.7030541656377383,5.253417281160666,seasonal_naive,AREQUIPA
2021-09-13,1.6593861101085654,4.5856099996571915,seasonal_naive,AREQUIPA
2021-09-20,1.5065479157564605,3.6506798055523273,seasonal_naive,AREQUIPA
2021-09-27,1.5720499990502195,2.6934893687306807,seasonal_naive,AREQUIPA
2021-10-04,1.4847138879918742,2.3818459706957262,seasonal_naive,AREQUIPA
2021-10-11,1.4628798602272877,2.359585727978944,seasonal_naive,AREQUIPA
2021-10-18,1.6375520823439789,2.626708640580333,seasonal_naive,AREQUIPA
2021-10-25,1.6593861101085654,3.2722556793670243,seasonal_naive,AREQUIPA
2021-11-01,1.8122243044606703,3.4948581065348505,seasonal_naive,AREQUIPA
2021-11-08,1.986896526577361,3.294515922083808,seasonal_naive,AREQUIPA
2021-11-15,2.9475937482191625,2.9160917958985055,seasonal_naive,AREQUIPA
2021-11-22,3.0567638870420946,2.7157496114474626,seasonal_naive,AREQUIPA
2021-11-29,2.6855854150441254,2.893831553181723,seasonal_naive,AREQUIPA
2021-12-06,1.6593861101085654,3.0273930094824184,seasonal_naive,AREQUIPA
2021-12-13,1.5283819435210468,3.294515922083808,seasonal_naive,AREQUIPA
2021-12-20,1.4410458324627016,3.4948581065348505,seasonal_naive,AREQUIPA
2021-12-27,1.6812201378731517,3.249995436650243,seasonal_naive,AREQUIPA
2022-01-03,1.649020175726568,3.5776029183216242,seasonal_naive,AREQUIPA
2022-01-10,2.0711116381843735,3.7292595330197256,seasonal_naive,AREQUIPA
2022-01-17,1.8876091756682027,4.104797219742241,seasonal_naive,AREQUIPA
2022-01-24,1.9090592799371595,4.741152257979809,seasonal_naive,AREQUIPA
2022-01-31,1.7374584457855047,5.486677435040309,seasonal_naive,AREQUIPA
2022-02-07,2.4024116781231672,5.508511462804894,seasonal_naive,AREQUIPA
2022-02-14,2.7885135549643905,4.959492535625672,seasonal_naive,AREQUIPA
2022-02-21,2.8099636592333472,4.301303469623519,seasonal_naive,AREQUIPA
2022-02-28,2.295161156778383,4.54147777503397,seasonal_naive,AREQUIPA
2022-03-07,1.994859697012987,4.475975691740209,seasonal_naive,AREQUIPA
2022-03-14,2.037759905550901,4.606979858327727,seasonal_naive,AREQUIPA
2022-03-21,2.145010426895685,4.301303469623519,seasonal_naive,AREQUIPA
2022-03-28,2.3166112610473397,3.995627080919309,seasonal_naive,AREQUIPA
2022-04-04,2.2522609482404694,3.886456942096377,seasonal_naive,AREQUIPA
2022-04-11,2.0592100098198576,3.973793053154722,seasonal_naive,AREQUIPA
2022-04-18,2.037759905550901,4.192133330800586,seasonal_naive,AREQUIPA
2022-04-25,1.994859697012987,4.5851458305631425,seasonal_naive,AREQUIPA
2022-05-02,1.9519594884750733,5.352505035388226,seasonal_naive,AREQUIPA
2022-05-09,1.887609175668203,6.054362156919554,seasonal_naive,AREQUIPA
2022-05-16,2.123560322626728,6.0325281291549695,seasonal_naive,AREQUIPA
2022-05-23,2.3595114695852537,6.032528129154968,seasonal_naive,AREQUIPA
2022-05-30,2.273711052509426,6.032528129154968,seasonal_naive,AREQUIPA
2022-06-06,2.273711052509426,6.297704695394567,seasonal_naive,AREQUIPA
2022-06-13,2.616912720812736,6.297704695394567,seasonal_naive,AREQUIPA
2022-06-20,3.0244647019229163,5.90152396256745,seasonal_naive,AREQUIPA
2022-06-27,2.8528638677712608,5.265168924329882,seasonal_naive,AREQUIPA
2022-07-04,2.7456133464264774,4.41047360844645,seasonal_naive,AREQUIPA
2022-07-11,2.6169127208127354,3.7772868032734443,seasonal_naive,AREQUIPA
2022-07-18,2.8099636592333472,3.1222659703358535,seasonal_naive,AREQUIPA
2022-07-25,2.4453118866610812,2.6419173595149523,seasonal_naive,AREQUIPA
2022-08-01,2.5525624080058655,2.1615687486940525,seasonal_naive,AREQUIPA
2022-08-08,2.445311886661081,1.9650624988127747,seasonal_naive,AREQUIPA
2022-08-15,2.6812630336196066,2.0305645821065337,seasonal_naive,AREQUIPA
2022-08-22,2.2308108439715126,2.0523986098711204,seasonal_naive,AREQUIPA
2022-08-29,2.1664605311646423,2.0960666654002926,seasonal_naive,AREQUIPA
2022-09-05,1.9305093842061165,1.703054165637738,seasonal_naive,AREQUIPA
2022-09-12,2.0592100098198576,1.6593861101085654,seasonal_naive,AREQUIPA
2022-09-19,2.145010426895685,1.5065479157564605,seasonal_naive,AREQUIPA
2022-09-26,2.0592100098198576,1.5720499990502192,seasonal_naive,AREQUIPA
2022-10-03,1.9519594884750735,1.4847138879918742,seasonal_naive,AREQUIPA
2022-10-10,1.7589085500544617,1.4628798602272874,seasonal_naive,AREQUIPA
2022-10-17,1.9519594884750733,1.6375520823439789,seasonal_naive,AREQUIPA
2022-10-24,1.9519594884750733,1.6593861101085654,seasonal_naive,AREQUIPA
2022-10-31,1.9090592799371597,1.8122243044606703,seasonal_naive,AREQUIPA
2022-11-07,1.737458445785505,1.986896526577361,seasonal_naive,AREQUIPA
2022-11-14,1.8447089671302892,2.9475937482191625,seasonal_naive,AREQUIPA
2022-11-21,1.97340959274403,3.0567638870420946,seasonal_naive,AREQUIPA
2022-11-28,2.1450104268956847,2.685585415044126,seasonal_naive,AREQUIPA
2022-12-05,2.102110218357771,1.6593861101085654,seasonal_naive,AREQUIPA
2022-12-12,1.994859697012987,1.5283819435210468,seasonal_naive,AREQUIPA
2022-12-19,1.9734095927440303,1.4410458324627016,seasonal_naive,AREQUIPA
2022-12-26,2.016309801281944,1.6812201378731517,seasonal_naive,AREQUIPA
2023-01-02,2.0071042607820275,1.6490201757265677,seasonal_naive,AREQUIPA
2023-01-09,2.058708440589014,2.071111638184374,seasonal_naive,AREQUIPA
2023-01-16,1.9408361417443265,1.887609175668203,seasonal_naive,AREQUIPA
2023-01-23,1.9408361417443265,1.9090592799371597,seasonal_naive,AREQUIPA
2023-01-30,1.8564519616684863,1.7374584457855047,seasonal_naive,AREQUIPA
2023-02-06,1.6665875564978458,2.4024116781231672,seasonal_naive,AREQUIPA
2023-02-13,1.5822033764220054,2.7885135549643905,seasonal_naive,AREQUIPA
2023-02-20,1.518915241365125,2.8099636592333477,seasonal_naive,AREQUIPA
2023-02-27,1.6454915114788855,2.295161156778383,seasonal_naive,AREQUIPA
2023-03-06,1.814259871630566,1.994859697012987,seasonal_naive,AREQUIPA
2023-03-13,1.6876836015168057,2.037759905550901,seasonal_naive,AREQUIPA
2023-03-20,1.9408361417443265,2.145010426895685,seasonal_naive,AREQUIPA
2023-03-27,1.9619321867632866,2.3166112610473397,seasonal_naive,AREQUIPA
2023-04-03,2.447141222199368,2.2522609482404694,seasonal_naive,AREQUIPA
2023-04-10,2.9534463026544095,2.0592100098198576,seasonal_naive,AREQUIPA
2023-04-17,3.6918078783180124,2.037759905550901,seasonal_naive,AREQUIPA
2023-04-24,4.113728778697214,1.994859697012987,seasonal_naive,AREQUIPA
2023-05-01,3.966056463564494,1.951959488475073,seasonal_naive,AREQUIPA
2023-05-08,3.839480193450733,1.887609175668203,seasonal_naive,AREQUIPA
2023-05-15,3.4175592930715317,2.1235603226267274,seasonal_naive,AREQUIPA
2023-05-22,3.269886977938811,2.359511469585254,seasonal_naive,AREQUIPA
2023-05-29,3.206598842881931,2.273711052509426,seasonal_naive,AREQUIPA
2023-06-05,3.2487909329198508,2.273711052509426,seasonal_naive,AREQUIPA
2023-06-12,3.501943473147372,2.6169127208127363,seasonal_naive,AREQUIPA
2023-06-19,3.523039518166332,3.024464701922916,seasonal_naive,AREQUIPA
2023-06-26,3.9027683285076136,2.8528638677712608,seasonal_naive,AREQUIPA
2023-07-03,3.9027683285076136,2.7456133464264774,seasonal_naive,AREQUIPA
2023-07-10,3.8605762384696938,2.6169127208127354,seasonal_naive,AREQUIPA
2023-07-17,3.375367203033612,2.8099636592333477,seasonal_naive,AREQUIPA
2023-07-24,3.0589265277492106,2.445311886661081,seasonal_naive,AREQUIPA
2023-07-31,2.9112542126164898,2.552562408005865,seasonal_naive,AREQUIPA
2023-08-07,2.7002937624268895,2.445311886661081,seasonal_naive,AREQUIPA
2023-08-14,2.7002937624268895,2.6812630336196066,seasonal_naive,AREQUIPA
2023-08-21,2.2361807720097677,2.230810843971512,seasonal_naive,AREQUIPA
2023-08-28,2.1728926369528874,2.1664605311646428,seasonal_naive,AREQUIPA
2023-09-04,2.109604501896007,1.9305093842061163,seasonal_naive,AREQUIPA
2023-09-11,2.257276817028728,2.0592100098198576,seasonal_naive,AREQUIPA
2023-09-18,2.6791977174079293,2.145010426895685,seasonal_naive,AREQUIPA
2023-09-25,2.4471412221993685,2.0592100098198576,seasonal_naive,AREQUIPA
2023-10-02,2.257276817028728,1.9519594884750737,seasonal_naive,AREQUIPA
2023-10-09,1.750971736573686,1.758908550054462,seasonal_naive,AREQUIPA
2023-10-16,1.8142598716305665,1.951959488475073,seasonal_naive,AREQUIPA
2023-10-23,1.8775480066874468,1.951959488475073,seasonal_naive,AREQUIPA
2023-10-30,2.067412411858087,1.9090592799371597,seasonal_naive,AREQUIPA
2023-11-06,1.8564519616684863,1.7374584457855051,seasonal_naive,AREQUIPA
2023-11-13,1.8142598716305665,1.8447089671302894,seasonal_naive,AREQUIPA
2023-11-20,1.6665875564978458,1.9734095927440298,seasonal_naive,AREQUIPA
2023-11-27,1.9619321867632866,2.145010426895685,seasonal_naive,AREQUIPA
2023-12-04,1.8986440517064065,2.102110218357771,seasonal_naive,AREQUIPA
2010-12-27,1.7406552254737662,1.59613780451995,holt_winters,AREQUIPA
2011-01-03,2.1464828581136604,1.5489402723673018,holt_winters,AREQUIPA
2011-01-10,2.345191853045073,1.5719743316574069,holt_winters,AREQUIPA
2011-01-17,1.9076663360916097,1.4329665892295231,holt_winters,AREQUIPA
2011-01-24,1.7508718427142174,2.147979982687647,holt_winters,AREQUIPA
2011-01-31,1.7508718427142174,2.154285081022856,holt_winters,AREQUIPA
2011-02-07,1.9337987516545085,2.2895195047872403,holt_winters,AREQUIPA
2011-02-14,1.8554015049658126,2.0381964838040516,holt_winters,AREQUIPA
2011-02-21,2.012195998343205,1.8613410250094853,holt_winters,AREQUIPA
2011-02-28,2.299652569535091,1.973633548941261,holt_winters,AREQUIPA
2011-03-07,2.064460829469003,1.9941669415307772,holt_winters,AREQUIPA
2011-03-14,1.9599311672174073,2.2611039450141988,holt_winters,AREQUIPA
2011-03-21,1.9076663360916097,1.7853179771613332,holt_winters,AREQUIPA
2011-03-28,2.587109140726978,1.8594035405762164,holt_winters,AREQUIPA
2011-04-04,2.456447062912484,1.7066982563684998,holt_winters,AREQUIPA
2011-04-11,2.665506387415674,1.7198244943244458,holt_winters,AREQUIPA
2011-04-18,2.456447062912484,2.4921276957827727,holt_winters,AREQUIPA
2011-04-25,2.5087118940382815,2.4669962977846955,holt_winters,AREQUIPA
2011-05-02,2.5087118940382815,2.392446484182215,holt_winters,AREQUIPA
2011-05-09,2.1167256605948,2.365702010246317,holt_winters,AREQUIPA
2011-05-16,1.9599311672174073,2.0828873316341836,holt_winters,AREQUIPA
2011-05-23,1.7247394271513183,2.1293395570365394,holt_winters,AREQUIPA
2011-05-30,2.0644608294690023,2.2863592899370757,holt_winters,AREQUIPA
2011-06-06,2.4564470629124835,2.5917289368898846,holt_winters,AREQUIPA
2011-06-13,2.4041822317866863,2.8603814656742785,holt_winters,AREQUIPA
2011-06-20,2.53484430960118,2.9392309294102392,holt_winters,AREQUIPA
2011-06-27,3.188154698673649,2.9627150539507445,holt_winters,AREQUIPA
2011-07-04,3.3972140231768395,2.989567864411484,holt_winters,AREQUIPA
2011-07-11,3.2926843609252443,3.3265972573398335,holt_winters,AREQUIPA
2011-07-18,2.6132415562898763,3.3265972573398335,holt_winters,AREQUIPA
2011-07-25,2.5609767251640787,3.178996923867777,holt_winters,AREQUIPA
2011-08-01,2.665506387415674,2.9074979827715954,holt_winters,AREQUIPA
2011-08-08,2.9006981274817627,2.6096194862728783,holt_winters,AREQUIPA
2011-08-15,3.083625036422054,2.5439913045108433,holt_winters,AREQUIPA
2011-08-22,3.2404195297994463,2.52176200779687,holt_winters,AREQUIPA
2011-08-29,3.554008516554232,2.5800477891260396,holt_winters,AREQUIPA
2011-09-05,3.5278761009913335,3.414018460848192,holt_winters,AREQUIPA
2011-09-12,3.371081607613941,3.414018460848192,holt_winters,AREQUIPA
2011-09-19,3.1358898675478515,3.414018460848192,holt_winters,AREQUIPA
2011-09-26,3.3710816076139403,3.3598190513430866,holt_winters,AREQUIPA
2011-10-03,3.527876100991333,3.1214142945350294,holt_winters,AREQUIPA
2011-10-10,3.318816776488143,3.3859435702887652,holt_winters,AREQUIPA
2011-10-17,3.527876100991333,3.3736604059309534,holt_winters,AREQUIPA
2011-10-24,3.7892002566203207,3.346317908468267,holt_winters,AREQUIPA
2011-10-31,3.606273347680029,3.5332969534275382,holt_winters,AREQUIPA
2011-11-07,2.926830543044661,3.5004455821402543,holt_winters,AREQUIPA
2011-11-14,2.6916388029785723,3.538590391372123,holt_winters,AREQUIPA
2011-11-21,3.1358898675478515,3.538590391372123,holt_winters,AREQUIPA
2011-11-28,3.0836250364220543,3.0360771220859433,holt_winters,AREQUIPA
2011-12-05,2.4825794784753827,2.83122103200878,holt_winters,AREQUIPA
2011-12-12,2.0383284139061035,2.8878815493799457,holt_winters,AREQUIPA
2011-12-19,2.2212553228463947,2.7311528638375275,holt_winters,AREQUIPA
2011-12-26,2.32578498509799,2.299268510691655,holt_winters,AREQUIPA
2012-01-02,2.3340424025734827,2.332578354333532,holt_winters,AREQUIPA
2012-01-09,2.0062766931976515,2.4067310104515736,holt_winters,AREQUIPA
2012-01-16,2.0412829054804362,2.1358714236786462,holt_winters,AREQUIPA
2012-01-23,2.092314978117447,2.1794209816631014,holt_winters,AREQUIPA
2012-01-30,2.3985074139395124,2.1835797602526,holt_winters,AREQUIPA
2012-02-06,2.2198951597099748,2.360822883184813,holt_winters,AREQUIPA
2012-02-13,2.194379123391469,2.0852758065794865,holt_winters,AREQUIPA
2012-02-20,2.577119668169051,2.2438507803980547,holt_winters,AREQUIPA
2012-02-27,2.857796067672611,2.4322266877029395,holt_winters,AREQUIPA
2012-03-05,2.781247958717094,2.40425874066565,holt_winters,AREQUIPA
2012-03-12,2.3219593049839964,2.681181436502735,holt_winters,AREQUIPA
2012-03-19,2.3985074139395124,2.1783125095050084,holt_winters,AREQUIPA
2012-03-26,2.8322800313541054,2.453359590078226,holt_winters,AREQUIPA
2012-04-02,2.6281517408060613,2.2832843666812854,holt_winters,AREQUIPA
2012-04-09,2.5005715592135345,2.369849438295744,holt_winters,AREQUIPA
2012-04-16,1.9392187602064146,2.2948068445333147,holt_winters,AREQUIPA
2012-04-23,2.194379123391469,2.3095251599020785,holt_winters,AREQUIPA
2012-04-30,2.270927232346985,2.2607454199123524,holt_winters,AREQUIPA
2012-05-07,2.9598602129466323,2.1765629193900353,holt_winters,AREQUIPA
2012-05-14,3.674309229864786,2.8155353052101164,holt_winters,AREQUIPA
2012-05-21,3.699825266183291,2.703671745770068,holt_winters,AREQUIPA
2012-05-28,3.4191488666797305,2.894216243011207,holt_winters,AREQUIPA
2012-06-04,2.8322800313541054,3.283845463867344,holt_winters,AREQUIPA
2012-06-11,2.908828140309622,2.9621889955458647,holt_winters,AREQUIPA
2012-06-18,2.602635704487556,3.097401814127943,holt_winters,AREQUIPA
2012-06-25,2.2964432686654908,3.288345666829511,holt_winters,AREQUIPA
2012-07-02,2.117831014435953,3.3840985372235948,holt_winters,AREQUIPA
2012-07-09,2.7302158860800834,2.288969943983058,holt_winters,AREQUIPA
2012-07-16,2.934344176628127,2.051588827734037,holt_winters,AREQUIPA
2012-07-23,3.1384724671761703,1.9456523920323523,holt_winters,AREQUIPA
2012-07-30,2.628151740806062,1.8085138808449468,holt_winters,AREQUIPA
2012-08-06,2.5516036318505457,2.734101248434852,holt_winters,AREQUIPA
2012-08-13,2.449539486576523,2.695336147940101,holt_winters,AREQUIPA
2012-08-20,2.3474753413025016,2.6970198616938448,holt_winters,AREQUIPA
2012-08-27,2.3219593049839964,2.810825102358423,holt_winters,AREQUIPA
2012-09-03,2.092314978117447,2.2913776787776468,holt_winters,AREQUIPA
2012-09-10,2.066798941798942,2.227857973732275,holt_winters,AREQUIPA
2012-09-17,1.8881866875694036,2.14662119086343,holt_winters,AREQUIPA
2012-09-24,1.9392187602064144,2.0287842158195653,holt_winters,AREQUIPA
2012-10-01,1.6585423607028542,1.8486179260192381,holt_winters,AREQUIPA
2012-10-08,1.5054461427918218,1.9484240480466841,holt_winters,AREQUIPA
2012-10-15,1.301317852243778,1.9608419231121705,holt_winters,AREQUIPA
2012-10-22,1.352349924880789,2.038105081593853,holt_winters,AREQUIPA
2012-10-29,1.2758018159252729,1.1841630473792173,holt_winters,AREQUIPA
2012-11-05,1.4799301064733161,1.1235735330932413,holt_winters,AREQUIPA
2012-11-12,1.5564782154288326,1.1108885746006079,holt_winters,AREQUIPA
2012-11-19,1.7861225422953817,1.1299528553186564,holt_winters,AREQUIPA
2012-11-26,1.96473479652492,1.6944143045788067,holt_winters,AREQUIPA
2012-12-03,2.3474753413025016,1.5113656891794467,holt_winters,AREQUIPA
2012-12-10,2.24541119602848,1.4399552156062583,holt_winters,AREQUIPA
2012-12-17,1.862670651250898,1.3998411538208995,holt_winters,AREQUIPA
2012-12-24,1.5819942517473382,1.9583599657146253,holt_winters,AREQUIPA
2012-12-31,1.9902508328434252,2.0414060306813466,holt_winters,AREQUIPA
2013-01-07,2.1037196749464067,1.9913006657440768,holt_winters,AREQUIPA
2013-01-14,2.164980499454915,1.8647003242793858,holt_winters,AREQUIPA
2013-01-21,2.019173171021724,2.0820187886084716,holt_winters,AREQUIPA
2013-01-28,2.1936696179001447,2.194297324698131,holt_winters,AREQUIPA
2013-02-04,2.1936696179001447,2.3383539117695924,holt_winters,AREQUIPA
2013-02-11,2.0191731710217242,2.135194352441742,holt_winters,AREQUIPA
2013-02-18,1.7698925326239803,2.157313822904073,holt_winters,AREQUIPA
2013-02-25,1.5455399580660112,2.301876608779414,holt_winters,AREQUIPA
2013-03-04,1.4956838303864626,2.2166266465328017,holt_winters,AREQUIPA
2013-03-11,1.5704680219057856,2.306123054947035,holt_winters,AREQUIPA
2013-03-18,1.4707557665466882,1.4698510078695635,holt_winters,AREQUIPA
2013-03-25,1.4458277027069137,1.7356357444875976,holt_winters,AREQUIPA
2013-04-01,1.420899638867139,1.6154071622359876,holt_winters,AREQUIPA
2013-04-08,1.6203241495853342,1.6291605628940942,holt_winters,AREQUIPA
2013-04-15,1.395971575027365,1.3862490922883548,holt_winters,AREQUIPA
2013-04-22,1.346115447347816,1.4941071752425263,holt_winters,AREQUIPA
2013-04-29,1.2214751281489442,1.530120863309323,holt_winters,AREQUIPA
2013-05-06,1.5206118942262368,1.6100649982037365,holt_winters,AREQUIPA
2013-05-13,1.7449644687842063,1.586755910764065,holt_winters,AREQUIPA
2013-05-20,2.143813490220596,1.527266588403333,holt_winters,AREQUIPA
2013-05-27,2.418022192458114,1.5089301744644612,holt_winters,AREQUIPA
2013-06-03,2.5426625116569856,1.5563478996019946,holt_winters,AREQUIPA
2013-06-10,2.79194315005473,2.6331886745799284,holt_winters,AREQUIPA
2013-06-17,2.6673028308558577,2.665329474768394,holt_winters,AREQUIPA
2013-06-24,2.492806383977437,2.750851320600749,holt_winters,AREQUIPA
2013-07-01,2.1438134902205963,2.862276193372244,holt_winters,AREQUIPA
2013-07-08,2.1188854263808214,2.479574075824967,holt_winters,AREQUIPA
2013-07-15,1.944388979502401,2.3222371077079567,holt_winters,AREQUIPA
2013-07-22,2.143813490220596,2.290550110185824,holt_winters,AREQUIPA
2013-07-29,2.143813490220596,2.119245171222232,holt_winters,AREQUIPA
2013-08-05,2.343238000938791,2.1571810755675194,holt_winters,AREQUIPA
2013-08-12,2.5675905754967605,2.1726747532125192,holt_winters,AREQUIPA
2013-08-19,2.2933818732592424,2.179094258629583,holt_winters,AREQUIPA
2013-08-26,1.944388979502401,2.242340892711929,holt_winters,AREQUIPA
2013-09-02,1.5206118942262368,1.8582405303748832,holt_winters,AREQUIPA
2013-09-09,1.6701802772648833,1.8450653452281,holt_winters,AREQUIPA
2013-09-16,2.0939573625410475,1.735497921393382,holt_winters,AREQUIPA
2013-09-23,2.093957362541047,1.7296282315592586,holt_winters,AREQUIPA
2013-09-30,2.1687415540603703,1.9488613376757953,holt_winters,AREQUIPA
2013-10-07,2.1936696179001447,2.055491743385756,holt_winters,AREQUIPA
2013-10-14,2.069029298701273,2.041596500205704,holt_winters,AREQUIPA
2013-10-21,1.9693170433421756,2.085691696504285,holt_winters,AREQUIPA
2013-10-28,1.7200364049444314,1.6903074744292899,holt_winters,AREQUIPA
2013-11-04,1.6951083411046575,1.6207116886927075,holt_winters,AREQUIPA
2013-11-11,1.6951083411046575,1.5893376845762026,holt_winters,AREQUIPA
2013-11-18,1.6951083411046575,1.7085653744936184,holt_winters,AREQUIPA
2013-11-25,1.545539958066011,1.7770194608829575,holt_winters,AREQUIPA
2013-12-02,1.3710435111875905,1.6245057588680016,holt_winters,AREQUIPA
2013-12-09,1.271331255828493,1.511545520483596,holt_winters,AREQUIPA
2013-12-16,1.346115447347816,1.4189770168058595,holt_winters,AREQUIPA
2013-12-23,1.2962593196682672,1.2441479492057923,holt_winters,AREQUIPA
2013-12-30,1.2962593196682672,1.4310035759146416,holt_winters,AREQUIPA
2014-01-06,1.188124785800328,1.4627301433065552,holt_winters,AREQUIPA
2014-01-13,1.594495828824886,1.4649662064249054,holt_winters,AREQUIPA
2014-01-20,1.9493262884681268,1.5275871897709148,holt_winters,AREQUIPA
2014-01-27,2.4122912819793068,1.6093682803513902,holt_winters,AREQUIPA
2014-02-03,2.168625495920791,1.664237338613782,holt_winters,AREQUIPA
2014-02-10,1.6325607665920563,1.6340669030047263,holt_winters,AREQUIPA
2014-02-17,1.2670620875042824,1.6344984702729848,holt_winters,AREQUIPA
2014-02-24,1.1452291944750244,1.7052537467608282,holt_winters,AREQUIPA
2014-03-03,1.242695508898431,1.6063036443714647,holt_winters,AREQUIPA
2014-03-10,1.2183289302925793,1.6951256681707432,holt_winters,AREQUIPA
2014-03-17,1.1695957730808761,1.1307327789165167,holt_winters,AREQUIPA
2014-03-24,1.1939623516867277,1.3072514848300842,holt_winters,AREQUIPA
2014-03-31,1.169595773080876,1.1968980284108817,holt_winters,AREQUIPA
2014-04-07,1.3645284019276887,1.253942709214013,holt_winters,AREQUIPA
2014-04-14,1.5107278735627983,1.153465785408945,holt_winters,AREQUIPA
2014-04-21,1.413261559139392,1.2258952742551783,holt_winters,AREQUIPA
2014-04-28,1.291428666110134,1.2688437561087518,holt_winters,AREQUIPA
2014-05-05,1.1695957730808761,1.4546204216370069,holt_winters,AREQUIPA
2014-05-12,1.2183289302925793,1.2920899052020987,holt_winters,AREQUIPA
2014-05-19,1.3157952447159857,1.3102390672210262,holt_winters,AREQUIPA
2014-05-26,1.3645284019276887,1.3340993214200552,holt_winters,AREQUIPA
2014-06-02,1.5107278735627983,1.3215227385150767,holt_winters,AREQUIPA
2014-06-09,1.583827609380353,1.5770077984667152,holt_winters,AREQUIPA
2014-06-16,1.583827609380353,1.5546742213622458,holt_winters,AREQUIPA
2014-06-23,1.4376281377452436,1.616946786392289,holt_winters,AREQUIPA
2014-06-30,1.2670620875042824,1.5910630726957906,holt_winters,AREQUIPA
2014-07-07,1.3157952447159857,1.3720311903362308,holt_winters,AREQUIPA
2014-07-14,1.7300270810154625,1.306784927700747,holt_winters,AREQUIPA
2014-07-21,2.3148249675559005,1.3408331347462454,holt_winters,AREQUIPA
2014-07-28,2.7290568038553773,1.2628958986444059,holt_winters,AREQUIPA
2014-08-04,2.4122912819793068,2.91215461330556,holt_winters,AREQUIPA
2014-08-11,2.655957068037823,3.0194753025468306,holt_winters,AREQUIPA
2014-08-18,2.5584907536144166,2.876717597207058,holt_winters,AREQUIPA
2014-08-25,3.0701889043373,2.7705334298451025,holt_winters,AREQUIPA
2014-09-01,2.509757596402713,2.715865079064377,holt_winters,AREQUIPA
2014-09-08,2.241725231738346,2.72633207981089,holt_winters,AREQUIPA
2014-09-15,2.1929920745266425,2.7711375473016164,holt_winters,AREQUIPA
2014-09-22,2.3879247033734554,2.75149456205885,holt_winters,AREQUIPA
2014-09-29,2.6803236466436737,2.226719925969619,holt_winters,AREQUIPA
2014-10-06,2.3391915461617523,2.4050308928296564,holt_winters,AREQUIPA
2014-10-13,1.9736928670739786,2.3890383789088685,holt_winters,AREQUIPA
2014-10-20,1.6812939238037592,2.416877520252472,holt_winters,AREQUIPA
2014-10-27,1.7056605024096108,1.338521532609541,holt_winters,AREQUIPA
2014-11-03,1.754393659621314,1.2523595573951922,holt_winters,AREQUIPA
2014-11-10,1.583827609380353,1.2313653994383398,holt_winters,AREQUIPA
2014-11-17,1.5107278735627983,1.347324732069158,holt_winters,AREQUIPA
2014-11-24,1.2426955088984308,1.5192814047002372,holt_winters,AREQUIPA
2014-12-01,1.53509445216865,1.4192915371661565,holt_winters,AREQUIPA
2014-12-08,1.5107278735627983,1.212440010360802,holt_winters,AREQUIPA
2014-12-15,1.9005931312564235,1.1497860857291269,holt_winters,AREQUIPA
2014-12-22,1.7300270810154625,1.893336762088623,holt_winters,AREQUIPA
2014-12-29,2.1929920745266425,2.076743208365417,holt_winters,AREQUIPA
2015-01-05,2.2017929502078726,2.012554056964994,holt_winters,AREQUIPA
2015-01-12,2.2614739766076504,2.195958484729064,holt_winters,AREQUIPA
2015-01-19,2.097025060164364,2.296068179488323,holt_winters,AREQUIPA
2015-01-26,1.9540460787895209,2.4461340960736195,holt_winters,AREQUIPA
2015-02-02,2.0017057392478015,2.454628876237796,holt_winters,AREQUIPA
2015-02-09,1.6442582858106942,2.3206233295690275,holt_winters,AREQUIPA
2015-02-16,1.6680881160398346,1.6021889596099335,holt_winters,AREQUIPA
2015-02-23,1.4536196439775704,1.6057912273577766,holt_winters,AREQUIPA
2015-03-02,1.5251091346649917,1.5385042227283832,holt_winters,AREQUIPA
2015-03-09,1.4774494742067106,1.627352278445082,holt_winters,AREQUIPA
2015-03-16,1.3821301532901487,1.4429645418563128,holt_winters,AREQUIPA
2015-03-23,1.4297898137484297,1.6667639471477451,holt_winters,AREQUIPA
2015-03-30,1.3821301532901487,1.5537710686630697,holt_winters,AREQUIPA
2015-04-06,1.6919179462689753,1.6586981003932222,holt_winters,AREQUIPA
2015-04-13,1.5965986253524134,1.522580502127547,holt_winters,AREQUIPA
2015-04-20,1.5251091346649919,1.5373259939504833,holt_winters,AREQUIPA
2015-04-27,1.3344704928318676,1.5549936810737808,holt_winters,AREQUIPA
2015-05-04,1.5489389648941323,1.643635046371851,holt_winters,AREQUIPA
2015-05-11,1.4774494742067106,1.6946249357577614,holt_winters,AREQUIPA
2015-05-18,1.334470492831868,1.7465314702725077,holt_winters,AREQUIPA
2015-05-25,1.1914915114570246,1.8176942883985945,holt_winters,AREQUIPA
2015-06-01,1.5251091346649917,1.8622714150180684,holt_winters,AREQUIPA
2015-06-08,1.6204284555815536,1.595467948192933,holt_winters,AREQUIPA
2015-06-15,1.715747776498116,1.5891321320904586,holt_winters,AREQUIPA
2015-06-22,1.8825565881020994,1.5749336903971602,holt_winters,AREQUIPA
2015-06-29,2.2400040415392066,1.4739574144306442,holt_winters,AREQUIPA
2015-07-06,2.38298302291405,2.3790647831188947,holt_winters,AREQUIPA
2015-07-13,2.1208548903935043,2.3755891767124706,holt_winters,AREQUIPA
2015-07-20,2.1446847206226445,2.566546014027124,holt_winters,AREQUIPA
2015-07-27,1.9540460787895206,2.5591242451362817,holt_winters,AREQUIPA
2015-08-03,2.097025060164364,1.968028894661618,holt_winters,AREQUIPA
2015-08-10,2.025535569476942,2.1484395437159747,holt_winters,AREQUIPA
2015-08-17,2.001705739247802,2.0800734050035183,holt_winters,AREQUIPA
2015-08-24,2.1446847206226445,2.1023049510445664,holt_winters,AREQUIPA
2015-08-31,1.90638641833124,1.862451411018221,holt_winters,AREQUIPA
2015-09-07,1.8348969276438183,1.8436775555391443,holt_winters,AREQUIPA
2015-09-14,1.5251091346649917,1.7877901873079973,holt_winters,AREQUIPA
2015-09-21,1.6919179462689753,1.8637982285819052,holt_winters,AREQUIPA
2015-09-28,1.7157477764981157,1.7291276968529234,holt_winters,AREQUIPA
2015-10-05,2.073195229935223,1.797936312916015,holt_winters,AREQUIPA
2015-10-12,2.073195229935223,1.6595453066686776,holt_winters,AREQUIPA
2015-10-19,2.1446847206226445,1.6140388138831137,holt_winters,AREQUIPA
2015-10-26,1.8587267578729587,2.0298283148530962,holt_winters,AREQUIPA
2015-11-02,1.8348969276438183,1.920562865931959,holt_winters,AREQUIPA
2015-11-09,1.9778759090186613,1.864815809311788,holt_winters,AREQUIPA
2015-11-16,1.9302162485603802,2.029143675399236,holt_winters,AREQUIPA
2015-11-23,2.025535569476942,1.8450921335149595,holt_winters,AREQUIPA
2015-11-30,1.9540460787895206,1.8340153984536376,holt_winters,AREQUIPA
2015-12-07,1.9063864183312396,1.6374165210330065,holt_winters,AREQUIPA
2015-12-14,1.5012793044358512,1.6688999098730077,holt_winters,AREQUIPA
2015-12-21,1.1914915114570246,1.4105552866885338,holt_winters,AREQUIPA
2015-12-28,0.6672352464159337,1.6319121591879442,holt_winters,AREQUIPA
2016-01-04,0.9636691533760189,1.603306271069378,holt_winters,AREQUIPA
2016-01-11,1.1424947421925638,1.643261183816961,holt_winters,AREQUIPA
2016-01-18,2.005194853644092,1.1729743332108056,holt_winters,AREQUIPA
2016-01-25,1.865297538273574,1.2702182929591623,holt_winters,AREQUIPA
2016-02-01,2.1684083882430296,1.2374721109449656,holt_winters,AREQUIPA
2016-02-08,1.981878634415672,1.0556749388211897,holt_winters,AREQUIPA
2016-02-15,2.3782543612988065,1.901613936997521,holt_winters,AREQUIPA
2016-02-22,2.4015705805272263,1.8496755092747874,holt_winters,AREQUIPA
2016-02-29,2.4948354574409053,1.8120248926341103,holt_winters,AREQUIPA
2016-03-07,2.471519238212485,1.7101409067591182,holt_winters,AREQUIPA
2016-03-14,2.2150408266998687,2.4051169804504906,holt_winters,AREQUIPA
2016-03-21,1.772032661359895,2.6225693727945787,holt_winters,AREQUIPA
2016-03-28,1.562186688304118,2.504264902715654,holt_winters,AREQUIPA
2016-04-04,1.562186688304118,2.7092599562705035,holt_winters,AREQUIPA
2016-04-11,1.911929976730413,1.4146438160285908,holt_winters,AREQUIPA
2016-04-18,1.8419813190451542,1.4398477885655985,holt_winters,AREQUIPA
2016-04-25,1.562186688304118,1.378737061523222,holt_winters,AREQUIPA
2016-05-02,1.5155542498472787,1.5058921289025597,holt_winters,AREQUIPA
2016-05-09,1.5855029075325378,1.6791381319321104,holt_winters,AREQUIPA
2016-05-16,2.0751435113293506,1.6910077092381213,holt_winters,AREQUIPA
2016-05-23,2.2849894843851275,1.734397612703645,holt_winters,AREQUIPA
2016-05-30,2.494835457440905,1.8463155144710084,holt_winters,AREQUIPA
2016-06-06,2.5881003343545834,2.6356748909610475,holt_winters,AREQUIPA
2016-06-13,3.217638253521915,2.5659487112716506,holt_winters,AREQUIPA
2016-06-20,3.8704923919176655,2.558887331026547,holt_winters,AREQUIPA
2016-06-27,4.546662749541835,2.487261156172728,holt_winters,AREQUIPA
2016-07-04,4.779824941826033,3.7364690122624755,holt_winters,AREQUIPA
2016-07-11,4.8031411610544525,3.7364690122624755,holt_winters,AREQUIPA
2016-07-18,4.243551899572381,3.7364690122624755,holt_winters,AREQUIPA
2016-07-25,3.7772275150039873,3.7364690122624755,holt_winters,AREQUIPA
2016-08-01,3.2409544727503348,3.777645095763454,holt_winters,AREQUIPA
2016-08-08,3.427484226577692,3.845736507798125,holt_winters,AREQUIPA
2016-08-15,3.4508004458061117,3.70052714669611,holt_winters,AREQUIPA
2016-08-22,3.3575355688924327,3.7926231542210185,holt_winters,AREQUIPA
2016-08-29,2.8445787458672,2.8889574778928684,holt_winters,AREQUIPA
2016-09-05,2.564784115126164,2.8254341542843666,holt_winters,AREQUIPA
2016-09-12,2.4015705805272263,2.7562363527526963,holt_winters,AREQUIPA
2016-09-19,2.3782543612988065,2.912183461550838,holt_winters,AREQUIPA
2016-09-26,2.12177594978619,2.3920930653782353,holt_winters,AREQUIPA
2016-10-03,2.1217759497861906,2.350882006762533,holt_winters,AREQUIPA
2016-10-10,1.9585624151872525,2.230780700444661,holt_winters,AREQUIPA
2016-10-17,1.981878634415672,2.214773266960552,holt_winters,AREQUIPA
2016-10-24,1.8652975382735735,1.8317419233296452,holt_winters,AREQUIPA
2016-10-31,1.9585624151872523,1.8429554360460851,holt_winters,AREQUIPA
2016-11-07,2.12177594978619,1.8592241468596715,holt_winters,AREQUIPA
2016-11-14,2.2849894843851275,1.984619373604279,holt_winters,AREQUIPA
2016-11-21,2.284989484385128,2.22081984531623,holt_winters,AREQUIPA
2016-11-28,2.14509216901461,2.2641156449680415,holt_winters,AREQUIPA
2016-12-05,2.2616732651567077,2.1515925090638404,holt_winters,AREQUIPA
2016-12-12,2.401570580527226,2.156454437561337,holt_winters,AREQUIPA
2016-12-19,2.4482030189840653,2.1401176985902444,holt_winters,AREQUIPA
2016-12-26,2.4248867997556456,2.164567514337099,holt_winters,AREQUIPA
2017-01-02,2.2721990932886396,2.201451876399331,holt_winters,AREQUIPA
2017-01-09,1.9810898858084023,2.408108121435534,holt_winters,AREQUIPA
2017-01-16,1.6889968020899735,2.2722314629016744,holt_winters,AREQUIPA
2017-01-23,1.8259424887459172,2.3684893960757814,holt_winters,AREQUIPA
2017-01-30,2.2139552676044247,2.3309356698457226,holt_winters,AREQUIPA
2017-02-06,2.1226581431671288,2.0309692344332295,holt_winters,AREQUIPA
2017-02-13,2.054185299839157,2.044149954576728,holt_winters,AREQUIPA
2017-02-20,1.9400638942925372,1.963567427860954,holt_winters,AREQUIPA
2017-02-27,1.9628881754018612,2.003603214949886,holt_winters,AREQUIPA
2017-03-06,1.7118210831992975,1.926427911353362,holt_winters,AREQUIPA
2017-03-13,1.8259424887459172,1.594606097618646,holt_winters,AREQUIPA
2017-03-20,2.1683067053857767,1.5968694801473602,holt_winters,AREQUIPA
2017-03-27,2.2824281109323965,1.5133776626785302,holt_winters,AREQUIPA
2017-04-03,1.8715910509645648,1.6488837487744759,holt_winters,AREQUIPA
2017-04-10,1.8259424887459172,1.9218089194889718,holt_winters,AREQUIPA
2017-04-17,2.054185299839157,1.8673477660385744,holt_winters,AREQUIPA
2017-04-24,2.054185299839157,1.6922523836813033,holt_winters,AREQUIPA
2017-05-01,1.917239613183213,1.855063193874891,holt_winters,AREQUIPA
2017-05-08,1.8259424887459172,1.991962127903411,holt_winters,AREQUIPA
2017-05-15,1.9857124565111854,2.2514953044107773,holt_winters,AREQUIPA
2017-05-22,2.2139552676044247,2.3454555979636345,holt_winters,AREQUIPA
2017-05-29,2.4878466409163127,2.5073244213555306,holt_winters,AREQUIPA
2017-06-05,2.6704408897909038,2.625365288355257,holt_winters,AREQUIPA
2017-06-12,2.487846640916312,2.7342172223725263,holt_winters,AREQUIPA
2017-06-19,2.1454824242764525,2.778580871641048,holt_winters,AREQUIPA
2017-06-26,1.917239613183213,2.819134222847115,holt_winters,AREQUIPA
2017-07-03,2.328076673151044,1.9901545119725077,holt_winters,AREQUIPA
2017-07-10,2.6704408897909038,2.0535067362323933,holt_winters,AREQUIPA
2017-07-17,2.967156544212115,2.200541552801968,holt_winters,AREQUIPA
2017-07-24,2.921507981993468,2.1041201481266194,holt_winters,AREQUIPA
2017-07-31,2.807386576446848,2.82165665764236,holt_winters,AREQUIPA
2017-08-07,2.921507981993468,2.9365582966129917,holt_winters,AREQUIPA
2017-08-14,3.058453668649411,2.8419811773029213,holt_winters,AREQUIPA
2017-08-21,3.241047917524003,2.8834535247313764,holt_winters,AREQUIPA
2017-08-28,2.8758594197748195,2.7302144901261767,holt_winters,AREQUIPA
2017-09-04,2.6704408897909038,2.6462200824743434,holt_winters,AREQUIPA
2017-09-11,2.601968046462932,2.589614027352843,holt_winters,AREQUIPA
2017-09-18,2.556319484244284,2.693381521324411,holt_winters,AREQUIPA
2017-09-25,2.236779548713748,2.5875321612829074,holt_winters,AREQUIPA
2017-10-02,2.145482424276452,2.5546811901832394,holt_winters,AREQUIPA
2017-10-09,2.1454824242764525,2.3385406980607426,holt_winters,AREQUIPA
2017-10-16,2.1226581431671288,2.271465962495484,holt_winters,AREQUIPA
2017-10-23,2.1226581431671288,1.9616754538298882,holt_winters,AREQUIPA
2017-10-30,2.1454824242764525,1.9888818974451186,holt_winters,AREQUIPA
2017-11-06,2.373725235369692,1.9959635932702013,holt_winters,AREQUIPA
2017-11-13,2.1911309864951005,2.023983345493143,holt_winters,AREQUIPA
2017-11-20,2.328076673151044,2.0810359477389517,holt_winters,AREQUIPA
2017-11-27,2.1226581431671288,2.1480102384818744,holt_winters,AREQUIPA
2017-12-04,2.2139552676044243,2.1094506468330056,holt_winters,AREQUIPA
2017-12-11,2.2824281109323965,2.0753240998812115,holt_winters,AREQUIPA
2017-12-18,2.2367795487137485,2.118877858772093,holt_winters,AREQUIPA
2017-12-25,2.41937379758834,2.13129735050551,holt_winters,AREQUIPA
2018-01-01,2.1814840714207016,2.19865416126505,holt_winters,AREQUIPA
2018-01-08,1.985695155077693,2.32848593458441,holt_winters,AREQUIPA
2018-01-15,1.5165216871933704,2.225288915578936,holt_winters,AREQUIPA
2018-01-22,1.5165216871933704,2.3292299697130274,holt_winters,AREQUIPA
2018-01-29,1.6798394073526566,2.4462747799488653,holt_winters,AREQUIPA
2018-02-05,1.9598126419114326,2.1456299809458272,holt_winters,AREQUIPA
2018-02-12,1.8898193332717386,1.9304310781184444,holt_winters,AREQUIPA
2018-02-19,2.1464614649506166,1.7851942041113553,holt_winters,AREQUIPA
2018-02-26,2.029805950551127,1.8349766845388886,holt_winters,AREQUIPA
2018-03-05,2.449765802389291,1.7814139280930539,holt_winters,AREQUIPA
2018-03-12,2.333110287989801,2.3633113892372024,holt_winters,AREQUIPA
2018-03-19,2.473096905269189,2.3447400330242463,holt_winters,AREQUIPA
2018-03-26,2.0764681563109226,2.279975674742075,holt_winters,AREQUIPA
2018-04-02,2.0531370534310245,2.3742912706991213,holt_winters,AREQUIPA
2018-04-09,2.193123670710413,2.157807047499551,holt_winters,AREQUIPA
2018-04-16,2.4964280081490866,2.107568383947112,holt_winters,AREQUIPA
2018-04-23,2.449765802389291,1.9121714764946627,holt_winters,AREQUIPA
2018-04-30,2.216454773590311,1.9509966055213566,holt_winters,AREQUIPA
2018-05-07,1.959812641911433,2.202881346308316,holt_winters,AREQUIPA
2018-05-14,1.8431571275119427,2.4365980926804154,holt_winters,AREQUIPA
2018-05-21,1.9598126419114328,2.5660197770723503,holt_winters,AREQUIPA
2018-05-28,2.519759111028985,2.8511391829660826,holt_winters,AREQUIPA
2018-06-04,3.0097122715068436,2.6409938972708975,holt_winters,AREQUIPA
2018-06-11,3.2663544031857215,2.7842940674316385,holt_winters,AREQUIPA
2018-06-18,3.0097122715068436,2.8267179867687715,holt_winters,AREQUIPA
2018-06-25,2.9163878599872515,2.8591828190509343,holt_winters,AREQUIPA
2018-07-02,3.219692197425926,3.1528845728360873,holt_winters,AREQUIPA
2018-07-09,3.6396520492640896,3.2573807135602517,holt_winters,AREQUIPA
2018-07-16,4.409578444300725,3.466336090883467,holt_winters,AREQUIPA
2018-07-23,4.10627410686205,3.4188435187812587,holt_winters,AREQUIPA
2018-07-30,4.1995985183816416,3.858753027727728,holt_winters,AREQUIPA
2018-08-06,3.9896185924625596,4.0463379434558355,holt_winters,AREQUIPA
2018-08-13,4.036280798222356,3.9741460280758103,holt_winters,AREQUIPA
2018-08-20,3.966287489582662,4.067128713593544,holt_winters,AREQUIPA
2018-08-27,3.3830099175852113,3.444302757326724,holt_winters,AREQUIPA
2018-09-03,3.2663544031857215,3.209408083968816,holt_winters,AREQUIPA
2018-09-10,2.893056757107353,3.1050782165061848,holt_winters,AREQUIPA
2018-09-17,3.0797055801465376,3.13988220725303,holt_winters,AREQUIPA
2018-09-24,2.706407934068169,2.9898755451134607,holt_winters,AREQUIPA
2018-10-01,2.3797724937495968,3.0011449770806076,holt_winters,AREQUIPA
2018-10-08,2.1231303620707185,2.8423537932374425,holt_winters,AREQUIPA
2018-10-15,2.356441390869699,2.7606964472106754,holt_winters,AREQUIPA
2018-10-22,2.706407934068169,2.2474335781452974,holt_winters,AREQUIPA
2018-10-29,2.916387859987251,2.2864316033442615,holt_winters,AREQUIPA
2018-11-05,2.8463945513475566,2.3688951620378833,holt_winters,AREQUIPA
2018-11-12,2.7764012427078626,2.3428526902334688,holt_winters,AREQUIPA
2018-11-19,2.356441390869698,2.7361681939558204,holt_winters,AREQUIPA
2018-11-26,2.4264346995093926,2.6731865376384185,holt_winters,AREQUIPA
2018-12-03,2.2397858764702083,2.666543547686341,holt_winters,AREQUIPA
2018-12-10,2.636414625428475,2.7289282715927783,holt_winters,AREQUIPA
2018-12-17,2.473096905269189,2.4619558210137154,holt_winters,AREQUIPA
2018-12-24,2.3797724937495968,2.4110941148925105,holt_winters,AREQUIPA
2018-12-31,2.1697925678305148,2.407784640039929,holt_winters,AREQUIPA
2019-01-07,2.266988159778081,2.4863808390628868,holt_winters,AREQUIPA
2019-01-14,2.546826120142376,2.2705067270385593,holt_winters,AREQUIPA
2019-01-21,2.4124277352720145,2.3624306265257413,holt_winters,AREQUIPA
2019-01-28,2.3441514786133717,2.5457616589802945,holt_winters,AREQUIPA
2019-02-04,1.8662176820028786,2.355005785251237,holt_winters,AREQUIPA
2019-02-11,1.5248363987096691,1.9279110983590142,holt_winters,AREQUIPA
2019-02-18,1.5475951509292163,1.8748916117683603,holt_winters,AREQUIPA
2019-02-25,1.661388912026953,1.911945480581,holt_winters,AREQUIPA
2019-03-04,1.9117351864419732,1.9111129633480881,holt_winters,AREQUIPA
2019-03-11,2.0710464519788045,1.8317875545826465,holt_winters,AREQUIPA
2019-03-18,2.1165639564178993,1.8458574155318372,holt_winters,AREQUIPA
2019-03-25,2.184840213076541,1.7297609958550366,holt_winters,AREQUIPA
2019-04-01,1.8889764342224262,1.759961463387142,holt_winters,AREQUIPA
2019-04-08,1.9117351864419734,1.9726691422960463,holt_winters,AREQUIPA
2019-04-15,1.9572526908810681,2.034612933801915,holt_winters,AREQUIPA
2019-04-22,2.0027701953201626,1.8996659560341176,holt_winters,AREQUIPA
2019-04-29,2.4351864874915616,1.8500171438794595,holt_winters,AREQUIPA
2019-05-06,2.5034627441502035,2.3340799443784075,holt_winters,AREQUIPA
2019-05-13,2.7310502663456773,2.446913179438457,holt_winters,AREQUIPA
2019-05-20,2.5717390008088454,2.5392524027202614,holt_winters,AREQUIPA
2019-05-27,2.913120284102055,2.9219434245715794,holt_winters,AREQUIPA
2019-06-03,3.0951903018584335,3.154067382540849,holt_winters,AREQUIPA
2019-06-10,3.391054080712548,3.316809122959707,holt_winters,AREQUIPA
2019-06-17,3.3455365762734535,3.286000081212218,holt_winters,AREQUIPA
2019-06-24,3.846229125103495,3.3379455532701483,holt_winters,AREQUIPA
2019-07-01,3.8007116206644,4.2085113347888035,holt_winters,AREQUIPA
2019-07-08,4.210369160616252,4.357577376052178,holt_winters,AREQUIPA
2019-07-15,4.528991691689915,4.465783009449583,holt_winters,AREQUIPA
2019-07-22,4.870372974983124,4.381153736654902,holt_winters,AREQUIPA
2019-07-29,5.006925488300408,4.6422592483783625,holt_winters,AREQUIPA
2019-08-05,4.392439178372631,4.6422592483783625,holt_winters,AREQUIPA
2019-08-12,4.142092903957611,4.6422592483783625,holt_winters,AREQUIPA
2019-08-19,3.664159107347117,4.6422592483783625,holt_winters,AREQUIPA
2019-08-26,3.3227778240539076,3.1953202957852973,holt_winters,AREQUIPA
2019-09-02,3.368295328493002,2.981059583718439,holt_winters,AREQUIPA
2019-09-09,3.3682953284930015,2.757399259431681,holt_winters,AREQUIPA
2019-09-16,3.5276065940298333,2.871266703956342,holt_winters,AREQUIPA
2019-09-23,3.3910540807125487,3.230793481013051,holt_winters,AREQUIPA
2019-09-30,3.3682953284930015,3.2141110646684323,holt_winters,AREQUIPA
2019-10-07,3.4593303373711906,3.056166003131938,holt_winters,AREQUIPA
2019-10-14,3.1407078062975287,3.0854764525161666,holt_winters,AREQUIPA
2019-10-21,2.4807039919306564,3.0991254164713253,holt_winters,AREQUIPA
2019-10-28,2.480703991930657,3.1802703453729206,holt_winters,AREQUIPA
2019-11-04,2.867602779662961,3.252053207519987,holt_winters,AREQUIPA
2019-11-11,3.6414003551275695,3.1898213256912062,holt_winters,AREQUIPA
2019-11-18,3.436571585151644,3.5861395665625015,holt_winters,AREQUIPA
2019-11-25,2.9813965407606973,3.501592055678022,holt_winters,AREQUIPA
2019-12-02,2.5262214963697516,3.411022874983389,holt_winters,AREQUIPA
2019-12-09,2.1620814608569945,3.5038329784115043,holt_winters,AREQUIPA
2019-12-16,2.412427735272015,2.021888562025422,holt_winters,AREQUIPA
2019-12-23,2.3441514786133726,1.9643392795827557,holt_winters,AREQUIPA
2019-12-30,2.1393227086374473,1.9549914274638471,holt_winters,AREQUIPA
2020-01-06,1.4936029849431207,1.942419827805463,holt_winters,AREQUIPA
2020-01-13,1.1214867973861264,1.5846266135001073,holt_winters,AREQUIPA
2020-01-20,1.135272378555907,1.5689060197740117,holt_winters,AREQUIPA
2020-01-27,1.7585591746258167,1.7452709160825344,holt_winters,AREQUIPA
2020-02-03,2.1147230580943366,1.6193394613925645,holt_winters,AREQUIPA
2020-02-10,2.359585727978944,2.072523165857507,holt_winters,AREQUIPA
2020-02-17,1.8476001454929465,2.0792922135261054,holt_winters,AREQUIPA
2020-02-24,1.8921206309265113,2.1375398380866977,holt_winters,AREQUIPA
2020-03-02,1.9366411163600763,2.2160438920854006,holt_winters,AREQUIPA
2020-03-09,1.869860388209729,1.9233740035572897,holt_winters,AREQUIPA
2020-03-16,1.602737475608339,1.9450202903747407,holt_winters,AREQUIPA
2020-03-23,1.3801350484405142,1.8480138910982313,holt_winters,AREQUIPA
2020-03-30,1.224313349423037,1.779771503060607,holt_winters,AREQUIPA
2020-04-06,0.9349301941048646,1.3163267855713399,holt_winters,AREQUIPA
2020-04-13,0.6010265533531272,1.3992117914554303,holt_winters,AREQUIPA
2020-04-20,0.4674650970524323,1.3305127520049784,holt_winters,AREQUIPA
2020-04-27,0.5342458252027797,1.3851709340576328,holt_winters,AREQUIPA
2020-05-04,0.7345880096538221,0.5096077990457278,holt_winters,AREQUIPA
2020-05-11,0.9794506795384295,0.59061057420627,holt_winters,AREQUIPA
2020-05-18,0.9794506795384296,0.632304118459374,holt_winters,AREQUIPA
2020-05-25,0.8458892232377345,0.8388124409781167,holt_winters,AREQUIPA
2020-06-01,0.8013687378041695,0.9707705478891241,holt_winters,AREQUIPA
2020-06-08,1.2688338348566015,1.0839342803933967,holt_winters,AREQUIPA
2020-06-15,1.8698603882097284,1.0960591035260756,holt_winters,AREQUIPA
2020-06-22,2.2037640289614657,1.207313640834555,holt_winters,AREQUIPA
2020-06-29,2.648968883297116,2.4021813802714145,holt_winters,AREQUIPA
2020-07-06,3.7619810191362397,2.5377211532789814,holt_winters,AREQUIPA
2020-07-13,5.075335339426407,2.677861602087651,holt_winters,AREQUIPA
2020-07-20,5.965745048097706,2.5567008315275643,holt_winters,AREQUIPA
2020-07-27,5.676361892779535,4.926359505443215,holt_winters,AREQUIPA
2020-08-03,5.794435189450748,4.926359505443215,holt_winters,AREQUIPA
2020-08-10,5.482791791415793,4.926359505443215,holt_winters,AREQUIPA
2020-08-17,5.3937508205486635,4.926359505443215,holt_winters,AREQUIPA
2020-08-24,5.030814853992841,4.752580621013173,holt_winters,AREQUIPA
2020-08-31,5.075335339426407,4.526609616429114,holt_winters,AREQUIPA
2020-09-07,5.253417281160666,4.20410103070147,holt_winters,AREQUIPA
2020-09-14,4.5856099996571915,4.3098159521046995,holt_winters,AREQUIPA
2020-09-21,3.6506798055523273,4.17965132483456,holt_winters,AREQUIPA
2020-09-28,2.693489368730681,4.117295080465895,holt_winters,AREQUIPA
2020-10-05,2.3818459706957262,3.956130581684718,holt_winters,AREQUIPA
2020-10-12,2.3595857279789434,3.938008774754836,holt_winters,AREQUIPA
2020-10-19,2.626708640580333,2.2640093574035447,holt_winters,AREQUIPA
2020-10-26,3.2722556793670248,2.3174769298548923,holt_winters,AREQUIPA
2020-11-02,3.4948581065348505,2.4915150833183866,holt_winters,AREQUIPA
2020-11-09,3.2945159220838076,2.5897081678334173,holt_winters,AREQUIPA
2020-11-16,2.9160917958985055,3.163149333755638,holt_winters,AREQUIPA
2020-11-23,2.7157496114474626,2.975368953343503,holt_winters,AREQUIPA
2020-11-30,2.893831553181723,2.8655467335179976,holt_winters,AREQUIPA
2020-12-07,3.027393009482418,2.7952733041119826,holt_winters,AREQUIPA
2020-12-14,3.2945159220838076,3.057202304198506,holt_winters,AREQUIPA
2020-12-21,3.4948581065348505,2.78699157415111,holt_winters,AREQUIPA
2020-12-28,3.249995436650243,2.6789271290218877,holt_winters,AREQUIPA
2021-01-04,3.577602918321624,2.447084699943887,holt_winters,AREQUIPA
2021-01-11,3.7292595330197256,3.1819348347783216,holt_winters,AREQUIPA
2021-01-18,4.104797219742241,3.154226354874002,holt_winters,AREQUIPA
2021-01-25,4.741152257979809,3.6138360358769805,holt_winters,AREQUIPA
2021-02-01,5.486677435040309,3.5894649228593623,holt_winters,AREQUIPA
2021-02-08,5.508511462804894,5.561497755971758,holt_winters,AREQUIPA
2021-02-15,4.959492535625673,5.564448062713396,holt_winters,AREQUIPA
2021-02-22,4.301303469623519,5.564448062713396,holt_winters,AREQUIPA
2021-03-01,4.541477775033969,5.564448062713396,holt_winters,AREQUIPA
2021-03-08,4.475975691740209,4.577016936652757,holt_winters,AREQUIPA
2021-03-15,4.606979858327727,4.483723642611464,holt_winters,AREQUIPA
2021-03-22,4.301303469623519,4.225608630446561,holt_winters,AREQUIPA
2021-03-29,3.995627080919309,3.90616325269442,holt_winters,AREQUIPA
2021-04-05,3.886456942096377,3.8552280732140387,holt_winters,AREQUIPA
2021-04-12,3.973793053154722,3.8195291304697974,holt_winters,AREQUIPA
2021-04-19,4.192133330800586,3.6340964757975605,holt_winters,AREQUIPA
2021-04-26,4.585145830563142,3.6688260900372716,holt_winters,AREQUIPA
2021-05-03,5.352505035388226,4.735431246137929,holt_winters,AREQUIPA
2021-05-10,6.054362156919555,5.182574965490211,holt_winters,AREQUIPA
2021-05-17,6.032528129154969,5.343183227588961,holt_winters,AREQUIPA
2021-05-24,6.032528129154968,5.577330139094501,holt_winters,AREQUIPA
2021-05-31,6.032528129154968,5.993126111331185,holt_winters,AREQUIPA
2021-06-07,6.297704695394567,5.993126111331185,holt_winters,AREQUIPA
2021-06-14,6.297704695394567,5.993126111331185,holt_winters,AREQUIPA
2021-06-21,5.90152396256745,5.993126111331185,holt_winters,AREQUIPA
2021-06-28,5.265168924329882,6.04148008053845,holt_winters,AREQUIPA
2021-07-05,4.41047360844645,6.04148008053845,holt_winters,AREQUIPA
2021-07-12,3.7772868032734443,6.04148008053845,holt_winters,AREQUIPA
2021-07-19,3.122265970335853,6.04148008053845,holt_winters,AREQUIPA
2021-07-26,2.6419173595149528,2.5630787910322694,holt_winters,AREQUIPA
2021-08-02,2.161568748694053,2.1244791300937735,holt_winters,AREQUIPA
2021-08-09,1.965062498812775,1.815790738706427,holt_winters,AREQUIPA
2021-08-16,2.030564582106534,1.558813887212208,holt_winters,AREQUIPA
2021-08-23,2.0523986098711204,1.7706073357269145,holt_winters,AREQUIPA
2021-08-30,2.096066665400293,1.7148746451606771,holt_winters,AREQUIPA
2021-09-06,1.7030541656377383,1.662207462051386,holt_winters,AREQUIPA
2021-09-13,1.6593861101085654,1.6488184760983065,holt_winters,AREQUIPA
2021-09-20,1.5065479157564605,1.366042548264297,holt_winters,AREQUIPA
2021-09-27,1.5720499990502195,1.1520567034799727,holt_winters,AREQUIPA
2021-10-04,1.4847138879918742,1.0300599914533002,holt_winters,AREQUIPA
2021-10-11,1.4628798602272877,0.99822807671178,holt_winters,AREQUIPA
2021-10-18,1.6375520823439789,1.478868466324354,holt_winters,AREQUIPA
2021-10-25,1.6593861101085654,1.6284861268082855,holt_winters,AREQUIPA
2021-11-01,1.8122243044606703,1.7854491584523664,holt_winters,AREQUIPA
2021-11-08,1.986896526577361,1.8625271556766367,holt_winters,AREQUIPA
2021-11-15,2.9475937482191625,1.8820827930028572,holt_winters,AREQUIPA
2021-11-22,3.0567638870420946,1.7690368686625255,holt_winters,AREQUIPA
2021-11-29,2.6855854150441254,1.754201087708491,holt_winters,AREQUIPA
2021-12-06,1.6593861101085654,1.829462105349545,holt_winters,AREQUIPA
2021-12-13,1.5283819435210468,1.3007983419642832,holt_winters,AREQUIPA
2021-12-20,1.4410458324627016,1.0431856295535538,holt_winters,AREQUIPA
2021-12-27,1.6812201378731517,0.7377947353293786,holt_winters,AREQUIPA
2022-01-03,1.649020175726568,0.5151307929628691,holt_winters,AREQUIPA
2022-01-10,2.0711116381843735,1.5095285056941699,holt_winters,AREQUIPA
2022-01-17,1.8876091756682027,1.5577713454406432,holt_winters,AREQUIPA
2022-01-24,1.9090592799371595,1.8530183065651973,holt_winters,AREQUIPA
2022-01-31,1.7374584457855047,1.946458357755676,holt_winters,AREQUIPA
2022-02-07,2.4024116781231672,1.6909572200862428,holt_winters,AREQUIPA
2022-02-14,2.7885135549643905,1.587727879816142,holt_winters,AREQUIPA
2022-02-21,2.8099636592333472,1.5436406047017115,holt_winters,AREQUIPA
2022-02-28,2.295161156778383,1.6436059884136291,holt_winters,AREQUIPA
2022-03-07,1.994859697012987,2.108208485164548,holt_winters,AREQUIPA
2022-03-14,2.037759905550901,1.9773323863876522,holt_winters,AREQUIPA
2022-03-21,2.145010426895685,1.7176356679591513,holt_winters,AREQUIPA
2022-03-28,2.3166112610473397,1.4292404790676903,holt_winters,AREQUIPA
2022-04-04,2.2522609482404694,2.437156126492482,holt_winters,AREQUIPA
2022-04-11,2.0592100098198576,2.5794957543399994,holt_winters,AREQUIPA
2022-04-18,2.037759905550901,2.6588188299391957,holt_winters,AREQUIPA
2022-04-25,1.994859697012987,2.8517863463702264,holt_winters,AREQUIPA
2022-05-02,1.9519594884750733,2.138480842193522,holt_winters,AREQUIPA
2022-05-09,1.887609175668203,2.3407603388313807,holt_winters,AREQUIPA
2022-05-16,2.123560322626728,2.3844100343786203,holt_winters,AREQUIPA
2022-05-23,2.3595114695852537,2.5752457169823173,holt_winters,AREQUIPA
2022-05-30,2.273711052509426,2.5340104397670404,holt_winters,AREQUIPA
2022-06-06,2.273711052509426,2.939753936354534,holt_winters,AREQUIPA
2022-06-13,2.616912720812736,3.11060048892681,holt_winters,AREQUIPA
2022-06-20,3.0244647019229163,3.264642349387711,holt_winters,AREQUIPA
2022-06-27,2.8528638677712608,3.2339931624612865,holt_winters,AREQUIPA
2022-07-04,2.7456133464264774,3.6615180472561177,holt_winters,AREQUIPA
2022-07-11,2.6169127208127354,4.129244381157083,holt_winters,AREQUIPA
2022-07-18,2.8099636592333472,4.16380110396154,holt_winters,AREQUIPA
2022-07-25,2.4453118866610812,2.6602198263316206,holt_winters,AREQUIPA
2022-08-01,2.5525624080058655,2.4033326009376275,holt_winters,AREQUIPA
2022-08-08,2.445311886661081,2.2637853303112445,holt_winters,AREQUIPA
2022-08-15,2.6812630336196066,2.17812716761457,holt_winters,AREQUIPA
2022-08-22,2.2308108439715126,2.458823173436016,holt_winters,AREQUIPA
2022-08-29,2.1664605311646423,2.42579031475616,holt_winters,AREQUIPA
2022-09-05,1.9305093842061165,2.281094920229248,holt_winters,AREQUIPA
2022-09-12,2.0592100098198576,2.2433756702085224,holt_winters,AREQUIPA
2022-09-19,2.145010426895685,1.792585336680526,holt_winters,AREQUIPA
2022-09-26,2.0592100098198576,1.6142090928688297,holt_winters,AREQUIPA
2022-10-03,1.9519594884750735,1.5216418699440981,holt_winters,AREQUIPA
2022-10-10,1.7589085500544617,1.5096308925270392,holt_winters,AREQUIPA
2022-10-17,1.9519594884750733,1.8096801921224819,holt_winters,AREQUIPA
2022-10-24,1.9519594884750733,1.9456081373083447,holt_winters,AREQUIPA
2022-10-31,1.9090592799371597,2.1064586419612636,holt_winters,AREQUIPA
2022-11-07,1.737458445785505,2.1849672060137704,holt_winters,AREQUIPA
2022-11-14,1.8447089671302892,1.7575983038747631,holt_winters,AREQUIPA
2022-11-21,1.97340959274403,1.6608663654528735,holt_winters,AREQUIPA
2022-11-28,2.1450104268956847,1.556920321446967,holt_winters,AREQUIPA
2022-12-05,2.102110218357771,1.4243989399116104,holt_winters,AREQUIPA
2022-12-12,1.994859697012987,2.137048520993851,holt_winters,AREQUIPA
2022-12-19,1.9734095927440303,2.1484488815565026,holt_winters,AREQUIPA
2022-12-26,2.016309801281944,2.0484904746053236,holt_winters,AREQUIPA
2023-01-02,2.0071042607820275,1.9283410684346385,holt_winters,AREQUIPA
2023-01-09,2.058708440589014,2.1346144422072975,holt_winters,AREQUIPA
2023-01-16,1.9408361417443265,2.1593439076135064,holt_winters,AREQUIPA
2023-01-23,1.9408361417443265,2.4693928215999073,holt_winters,AREQUIPA
2023-01-30,1.8564519616684863,2.5839927211386575,holt_winters,AREQUIPA
2023-02-06,1.6665875564978458,1.8874203203298299,holt_winters,AREQUIPA
2023-02-13,1.5822033764220054,1.7374381281309714,holt_winters,AREQUIPA
2023-02-20,1.518915241365125,1.5989648790603639,holt_winters,AREQUIPA
2023-02-27,1.6454915114788855,1.5993312781158875,holt_winters,AREQUIPA
2023-03-06,1.814259871630566,1.6529316563399852,holt_winters,AREQUIPA
2023-03-13,1.6876836015168057,1.6861241025367764,holt_winters,AREQUIPA
2023-03-20,1.9408361417443265,1.6033510637315254,holt_winters,AREQUIPA
2023-03-27,1.9619321867632866,1.533958247623969,holt_winters,AREQUIPA
2023-04-03,2.447141222199368,1.8375542994387284,holt_winters,AREQUIPA
2023-04-10,2.9534463026544095,1.7690611326548908,holt_winters,AREQUIPA
2023-04-17,3.6918078783180124,1.7441761192129326,holt_winters,AREQUIPA
2023-04-24,4.113728778697214,1.8399639826525287,holt_winters,AREQUIPA
2023-05-01,3.966056463564494,4.7341759419106335,holt_winters,AREQUIPA
2023-05-08,3.839480193450733,5.332252839901217,holt_winters,AREQUIPA
2023-05-15,3.4175592930715317,5.689304431998067,holt_winters,AREQUIPA
2023-05-22,3.269886977938811,6.04148008053845,holt_winters,AREQUIPA
2023-05-29,3.206598842881931,3.0609131923547275,holt_winters,AREQUIPA
2023-06-05,3.2487909329198508,3.274584017961717,holt_winters,AREQUIPA
2023-06-12,3.501943473147372,3.4025455312155697,holt_winters,AREQUIPA
2023-06-19,3.523039518166332,3.5406046803727227,holt_winters,AREQUIPA
2023-06-26,3.9027683285076136,3.3315061699793285,holt_winters,AREQUIPA
2023-07-03,3.9027683285076136,3.3793121632712224,holt_winters,AREQUIPA
2023-07-10,3.8605762384696938,3.4930260265598134,holt_winters,AREQUIPA
2023-07-17,3.375367203033612,3.4129567049749516,holt_winters,AREQUIPA
2023-07-24,3.0589265277492106,2.813495581951085,holt_winters,AREQUIPA
2023-07-31,2.9112542126164898,2.4079560542038703,holt_winters,AREQUIPA
2023-08-07,2.7002937624268895,2.1251478871046228,holt_winters,AREQUIPA
2023-08-14,2.7002937624268895,1.9803998757539087,holt_winters,AREQUIPA
2023-08-21,2.2361807720097677,2.476117419803732,holt_winters,AREQUIPA
2023-08-28,2.1728926369528874,2.49239247507814,holt_winters,AREQUIPA
2023-09-04,2.109604501896007,2.3254684496138047,holt_winters,AREQUIPA
2023-09-11,2.257276817028728,2.3397378889809093,holt_winters,AREQUIPA
2023-09-18,2.6791977174079293,2.1689650400962477,holt_winters,AREQUIPA
2023-09-25,2.4471412221993685,2.0649322216528208,holt_winters,AREQUIPA
2023-10-02,2.257276817028728,2.012118447394968,holt_winters,AREQUIPA
2023-10-09,1.750971736573686,2.023130819976509,holt_winters,AREQUIPA
2023-10-16,1.8142598716305665,1.5901004349834742,holt_winters,AREQUIPA
2023-10-23,1.8775480066874468,1.5692999919346633,holt_winters,AREQUIPA
2023-10-30,2.067412411858087,1.5527439003684291,holt_winters,AREQUIPA
2023-11-06,1.8564519616684863,1.5277171413544013,holt_winters,AREQUIPA
2023-11-13,1.8142598716305665,1.833089561667257,holt_winters,AREQUIPA
2023-11-20,1.6665875564978458,1.6586058883717256,holt_winters,AREQUIPA
2023-11-27,1.9619321867632866,1.4701472744377961,holt_winters,AREQUIPA
2023-12-04,1.8986440517064065,1.2551204418920494,holt_winters,AREQUIPA
2010-12-27,1.7406552254737662,1.4767382188984048,arima,AREQUIPA
2011-01-03,2.1464828581136604,1.4165738470537845,arima,AREQUIPA
2011-01-10,2.345191853045073,1.4708044805387088,arima,AREQUIPA
2011-01-17,1.9076663360916097,1.452267389520555,arima,AREQUIPA
2011-01-24,1.7508718427142174,1.6040407344074354,arima,AREQUIPA
2011-01-31,1.7508718427142174,1.5651949954911368,arima,AREQUIPA
2011-02-07,1.9337987516545085,1.6773569083171609,arima,AREQUIPA
2011-02-14,1.8554015049658126,1.6149985327249925,arima,AREQUIPA
2011-02-21,2.012195998343205,1.9080811272349654,arima,AREQUIPA
2011-02-28,2.299652569535091,1.958241017321756,arima,AREQUIPA
2011-03-07,2.064460829469003,1.9088483399168894,arima,AREQUIPA
2011-03-14,1.9599311672174073,1.9260877846033557,arima,AREQUIPA
2011-03-21,1.9076663360916097,1.7601558153051167,arima,AREQUIPA
2011-03-28,2.587109140726978,1.8619293858024693,arima,AREQUIPA
2011-04-04,2.456447062912484,1.854376205958955,arima,AREQUIPA
2011-04-11,2.665506387415674,1.8280754356935427,arima,AREQUIPA
2011-04-18,2.456447062912484,2.3827418093090573,arima,AREQUIPA
2011-04-25,2.5087118940382815,2.712164234116666,arima,AREQUIPA
2011-05-02,2.5087118940382815,2.5768108805158705,arima,AREQUIPA
2011-05-09,2.1167256605948,2.5632477535519036,arima,AREQUIPA
2011-05-16,1.9599311672174073,2.2676454871096823,arima,AREQUIPA
2011-05-23,1.7247394271513183,2.0141975656031117,arima,AREQUIPA
2011-05-30,2.0644608294690023,2.135650571349495,arima,AREQUIPA
2011-06-06,2.4564470629124835,2.1318808325611336,arima,AREQUIPA
2011-06-13,2.4041822317866863,2.5315032666141337,arima,AREQUIPA
2011-06-20,2.53484430960118,2.4484509011458324,arima,AREQUIPA
2011-06-27,3.188154698673649,2.4796199088895072,arima,AREQUIPA
2011-07-04,3.3972140231768395,2.4851486615258804,arima,AREQUIPA
2011-07-11,3.2926843609252443,3.3265972573398335,arima,AREQUIPA
2011-07-18,2.6132415562898763,3.1210633841737665,arima,AREQUIPA
2011-07-25,2.5609767251640787,3.3162166572852705,arima,AREQUIPA
2011-08-01,2.665506387415674,3.2868280860693853,arima,AREQUIPA
2011-08-08,2.9006981274817627,2.801235512004774,arima,AREQUIPA
2011-08-15,3.083625036422054,2.924630772016026,arima,AREQUIPA
2011-08-22,3.2404195297994463,2.798372606117699,arima,AREQUIPA
2011-08-29,3.554008516554232,2.8420165172280902,arima,AREQUIPA
2011-09-05,3.5278761009913335,3.414018460848192,arima,AREQUIPA
2011-09-12,3.371081607613941,3.414018460848192,arima,AREQUIPA
2011-09-19,3.1358898675478515,3.414018460848192,arima,AREQUIPA
2011-09-26,3.3710816076139403,3.414018460848192,arima,AREQUIPA
2011-10-03,3.527876100991333,3.3756231707272204,arima,AREQUIPA
2011-10-10,3.318816776488143,3.4539462749071865,arima,AREQUIPA
2011-10-17,3.527876100991333,3.4006411628014823,arima,AREQUIPA
2011-10-24,3.7892002566203207,3.4106855830459857,arima,AREQUIPA
2011-10-31,3.606273347680029,3.538590391372123,arima,AREQUIPA
2011-11-07,2.926830543044661,3.538590391372123,arima,AREQUIPA
2011-11-14,2.6916388029785723,3.538590391372123,arima,AREQUIPA
2011-11-21,3.1358898675478515,3.538590391372123,arima,AREQUIPA
2011-11-28,3.0836250364220543,3.4320710540121646,arima,AREQUIPA
2011-12-05,2.4825794784753827,3.411354685151258,arima,AREQUIPA
2011-12-12,2.0383284139061035,3.331143047095274,arima,AREQUIPA
2011-12-19,2.2212553228463947,3.390173466739673,arima,AREQUIPA
2011-12-26,2.32578498509799,2.337194131664524,arima,AREQUIPA
2012-01-02,2.3340424025734827,2.4541239454508017,arima,AREQUIPA
2012-01-09,2.0062766931976515,2.3381755407771685,arima,AREQUIPA
2012-01-16,2.0412829054804362,2.3752278776583666,arima,AREQUIPA
2012-01-23,2.092314978117447,2.0250608998742883,arima,AREQUIPA
2012-01-30,2.3985074139395124,2.090549275384824,arima,AREQUIPA
2012-02-06,2.2198951597099748,2.053475369604831,arima,AREQUIPA
2012-02-13,2.194379123391469,2.05673280939269,arima,AREQUIPA
2012-02-20,2.577119668169051,2.0405771476018795,arima,AREQUIPA
2012-02-27,2.857796067672611,2.1383858880800726,arima,AREQUIPA
2012-03-05,2.781247958717094,2.1243185506945768,arima,AREQUIPA
2012-03-12,2.3219593049839964,2.1019080330281965,arima,AREQUIPA
2012-03-19,2.3985074139395124,2.293423176695731,arima,AREQUIPA
2012-03-26,2.8322800313541054,2.3655610959974984,arima,AREQUIPA
2012-04-02,2.6281517408060613,2.3289431738700745,arima,AREQUIPA
2012-04-09,2.5005715592135345,2.328698370129387,arima,AREQUIPA
2012-04-16,1.9392187602064146,2.280904168816303,arima,AREQUIPA
2012-04-23,2.194379123391469,2.3843325813165213,arima,AREQUIPA
2012-04-30,2.270927232346985,2.3907184896115847,arima,AREQUIPA
2012-05-07,2.9598602129466323,2.351796315620083,arima,AREQUIPA
2012-05-14,3.674309229864786,3.0218368637538835,arima,AREQUIPA
2012-05-21,3.699825266183291,3.191010578323156,arima,AREQUIPA
2012-05-28,3.4191488666797305,3.0623899164273545,arima,AREQUIPA
2012-06-04,2.8322800313541054,3.0907571599987733,arima,AREQUIPA
2012-06-11,2.908828140309622,2.8999194019311925,arima,AREQUIPA
2012-06-18,2.602635704487556,2.9095996858800053,arima,AREQUIPA
2012-06-25,2.2964432686654908,2.879111095194393,arima,AREQUIPA
2012-07-02,2.117831014435953,2.895898757855303,arima,AREQUIPA
2012-07-09,2.7302158860800834,2.128937807096304,arima,AREQUIPA
2012-07-16,2.934344176628127,2.149211257426684,arima,AREQUIPA
2012-07-23,3.1384724671761703,2.1318287938369904,arima,AREQUIPA
2012-07-30,2.628151740806062,2.136435860014322,arima,AREQUIPA
2012-08-06,2.5516036318505457,2.623456068295512,arima,AREQUIPA
2012-08-13,2.449539486576523,2.5667701878640785,arima,AREQUIPA
2012-08-20,2.3474753413025016,2.6061272097740678,arima,AREQUIPA
2012-08-27,2.3219593049839964,2.600185305565757,arima,AREQUIPA
2012-09-03,2.092314978117447,2.272025067722291,arima,AREQUIPA
2012-09-10,2.066798941798942,2.3154950826310685,arima,AREQUIPA
2012-09-17,1.8881866875694036,2.3046292511197124,arima,AREQUIPA
2012-09-24,1.9392187602064144,2.295800168026738,arima,AREQUIPA
2012-10-01,1.6585423607028542,1.9018081195711989,arima,AREQUIPA
2012-10-08,1.5054461427918218,1.9402792870304453,arima,AREQUIPA
2012-10-15,1.301317852243778,1.9281678181351751,arima,AREQUIPA
2012-10-22,1.352349924880789,1.9221111459592453,arima,AREQUIPA
2012-10-29,1.2758018159252729,1.3615448952358669,arima,AREQUIPA
2012-11-05,1.4799301064733161,1.3855584525409146,arima,AREQUIPA
2012-11-12,1.5564782154288326,1.3661609393036667,arima,AREQUIPA
2012-11-19,1.7861225422953817,1.3705889047608586,arima,AREQUIPA
2012-11-26,1.96473479652492,1.7404415670641218,arima,AREQUIPA
2012-12-03,2.3474753413025016,1.7638721171515632,arima,AREQUIPA
2012-12-10,2.24541119602848,1.7643618315698104,arima,AREQUIPA
2012-12-17,1.862670651250898,1.755621726652564,arima,AREQUIPA
2012-12-24,1.5819942517473382,1.6243390594092508,arima,AREQUIPA
2012-12-31,1.9902508328434252,1.656775919012503,arima,AREQUIPA
2013-01-07,2.1037196749464067,1.7195381898125965,arima,AREQUIPA
2013-01-14,2.164980499454915,1.665753209595296,arima,AREQUIPA
2013-01-21,2.019173171021724,1.9702899788686161,arima,AREQUIPA
2013-01-28,2.1936696179001447,2.042849490653774,arima,AREQUIPA
2013-02-04,2.1936696179001447,2.067676187251436,arima,AREQUIPA
2013-02-11,2.0191731710217242,2.0230835749234006,arima,AREQUIPA
2013-02-18,1.7698925326239803,1.9522471116569264,arima,AREQUIPA
2013-02-25,1.5455399580660112,1.933529243825904,arima,AREQUIPA
2013-03-04,1.4956838303864626,1.9692422818017772,arima,AREQUIPA
2013-03-11,1.5704680219057856,1.952425380126167,arima,AREQUIPA
2013-03-18,1.4707557665466882,1.6424501606434339,arima,AREQUIPA
2013-03-25,1.4458277027069137,1.6382297897384688,arima,AREQUIPA
2013-04-01,1.420899638867139,1.6154260684995616,arima,AREQUIPA
2013-04-08,1.6203241495853342,1.631816647188107,arima,AREQUIPA
2013-04-15,1.395971575027365,1.6376435647634862,arima,AREQUIPA
2013-04-22,1.346115447347816,1.64532382164245,arima,AREQUIPA
2013-04-29,1.2214751281489442,1.634210970525454,arima,AREQUIPA
2013-05-06,1.5206118942262368,1.6388629488571562,arima,AREQUIPA
2013-05-13,1.7449644687842063,1.541858074747613,arima,AREQUIPA
2013-05-20,2.143813490220596,1.6353734783080984,arima,AREQUIPA
2013-05-27,2.418022192458114,1.5649803283266388,arima,AREQUIPA
2013-06-03,2.5426625116569856,1.5797227424603872,arima,AREQUIPA
2013-06-10,2.79194315005473,2.5896382233566255,arima,AREQUIPA
2013-06-17,2.6673028308558577,2.5622907816160554,arima,AREQUIPA
2013-06-24,2.492806383977437,2.5642260843546443,arima,AREQUIPA
2013-07-01,2.1438134902205963,2.5725901542333354,arima,AREQUIPA
2013-07-08,2.1188854263808214,2.0883363656771188,arima,AREQUIPA
2013-07-15,1.944388979502401,2.0886748974440517,arima,AREQUIPA
2013-07-22,2.143813490220596,2.1077382684741783,arima,AREQUIPA
2013-07-29,2.143813490220596,2.0947524672326536,arima,AREQUIPA
2013-08-05,2.343238000938791,2.3177106113081756,arima,AREQUIPA
2013-08-12,2.5675905754967605,2.2058279094861897,arima,AREQUIPA
2013-08-19,2.2933818732592424,2.2203302023683005,arima,AREQUIPA
2013-08-26,1.944388979502401,2.2492445812215642,arima,AREQUIPA
2013-09-02,1.5206118942262368,1.5890035727954366,arima,AREQUIPA
2013-09-09,1.6701802772648833,1.639648955570429,arima,AREQUIPA
2013-09-16,2.0939573625410475,1.7277418273995464,arima,AREQUIPA
2013-09-23,2.093957362541047,1.6485094693551872,arima,AREQUIPA
2013-09-30,2.1687415540603703,2.134303164156183,arima,AREQUIPA
2013-10-07,2.1936696179001447,2.00347233738765,arima,AREQUIPA
2013-10-14,2.069029298701273,2.0773844338605088,arima,AREQUIPA
2013-10-21,1.9693170433421756,2.0734837495472065,arima,AREQUIPA
2013-10-28,1.7200364049444314,1.7884900864995397,arima,AREQUIPA
2013-11-04,1.6951083411046575,1.8953702470325717,arima,AREQUIPA
2013-11-11,1.6951083411046575,1.8865834155146965,arima,AREQUIPA
2013-11-18,1.6951083411046575,1.853743623168999,arima,AREQUIPA
2013-11-25,1.545539958066011,1.7837205801854172,arima,AREQUIPA
2013-12-02,1.3710435111875905,1.7450286210592436,arima,AREQUIPA
2013-12-09,1.271331255828493,1.7390253145148717,arima,AREQUIPA
2013-12-16,1.346115447347816,1.7571754219879896,arima,AREQUIPA
2013-12-23,1.2962593196682672,1.3407063625084557,arima,AREQUIPA
2013-12-30,1.2962593196682672,1.3232913966021491,arima,AREQUIPA
2014-01-06,1.188124785800328,1.3372781462800973,arima,AREQUIPA
2014-01-13,1.594495828824886,1.3343425808014857,arima,AREQUIPA
2014-01-20,1.9493262884681268,1.6897854816472486,arima,AREQUIPA
2014-01-27,2.4122912819793068,1.9485215525672142,arima,AREQUIPA
2014-02-03,2.168625495920791,1.736060759666034,arima,AREQUIPA
2014-02-10,1.6325607665920563,1.7852086513699394,arima,AREQUIPA
2014-02-17,1.2670620875042824,1.4831115627516571,arima,AREQUIPA
2014-02-24,1.1452291944750244,1.3539742958564616,arima,AREQUIPA
2014-03-03,1.242695508898431,1.4804793807566172,arima,AREQUIPA
2014-03-10,1.2183289302925793,1.442394312604646,arima,AREQUIPA
2014-03-17,1.1695957730808761,1.1273819471121633,arima,AREQUIPA
2014-03-24,1.1939623516867277,1.089812543068121,arima,AREQUIPA
2014-03-31,1.169595773080876,1.141769361421215,arima,AREQUIPA
2014-04-07,1.3645284019276887,1.1213687986085112,arima,AREQUIPA
2014-04-14,1.5107278735627983,1.37619148186617,arima,AREQUIPA
2014-04-21,1.413261559139392,1.557627251516719,arima,AREQUIPA
2014-04-28,1.291428666110134,1.4423610368254838,arima,AREQUIPA
2014-05-05,1.1695957730808761,1.451455396137533,arima,AREQUIPA
2014-05-12,1.2183289302925793,1.3382788905739373,arima,AREQUIPA
2014-05-19,1.3157952447159857,1.2356039982182205,arima,AREQUIPA
2014-05-26,1.3645284019276887,1.241185951626086,arima,AREQUIPA
2014-06-02,1.5107278735627983,1.2736231943954486,arima,AREQUIPA
2014-06-09,1.583827609380353,1.3764574177876592,arima,AREQUIPA
2014-06-16,1.583827609380353,1.3787019230976818,arima,AREQUIPA
2014-06-23,1.4376281377452436,1.4223486155292275,arima,AREQUIPA
2014-06-30,1.2670620875042824,1.3938589105909958,arima,AREQUIPA
2014-07-07,1.3157952447159857,1.2375713776221702,arima,AREQUIPA
2014-07-14,1.7300270810154625,1.3295962473671417,arima,AREQUIPA
2014-07-21,2.3148249675559005,1.2818588531282604,arima,AREQUIPA
2014-07-28,2.7290568038553773,1.2794528341309253,arima,AREQUIPA
2014-08-04,2.4122912819793068,2.903539748206321,arima,AREQUIPA
2014-08-11,2.655957068037823,2.781369940501407,arima,AREQUIPA
2014-08-18,2.5584907536144166,2.795470891921522,arima,AREQUIPA
2014-08-25,3.0701889043373,2.8269974063149035,arima,AREQUIPA
2014-09-01,2.509757596402713,2.829519326446142,arima,AREQUIPA
2014-09-08,2.241725231738346,2.922585583444653,arima,AREQUIPA
2014-09-15,2.1929920745266425,2.946186833463067,arima,AREQUIPA
2014-09-22,2.3879247033734554,2.901902132659519,arima,AREQUIPA
2014-09-29,2.6803236466436737,2.5575256517803457,arima,AREQUIPA
2014-10-06,2.3391915461617523,2.5394970950953546,arima,AREQUIPA
2014-10-13,1.9736928670739786,2.4924860595082756,arima,AREQUIPA
2014-10-20,1.6812939238037592,2.524124869586348,arima,AREQUIPA
2014-10-27,1.7056605024096108,1.6729347533799233,arima,AREQUIPA
2014-11-03,1.754393659621314,1.687386352394946,arima,AREQUIPA
2014-11-10,1.583827609380353,1.682237726381279,arima,AREQUIPA
2014-11-17,1.5107278735627983,1.6803729285193716,arima,AREQUIPA
2014-11-24,1.2426955088984308,1.44417253084727,arima,AREQUIPA
2014-12-01,1.53509445216865,1.5030230909307902,arima,AREQUIPA
2014-12-08,1.5107278735627983,1.4928836464158537,arima,AREQUIPA
2014-12-15,1.9005931312564235,1.4790701327747082,arima,AREQUIPA
2014-12-22,1.7300270810154625,1.8322039528683995,arima,AREQUIPA
2014-12-29,2.1929920745266425,1.9515495684203004,arima,AREQUIPA
2015-01-05,2.2017929502078726,1.9061539533038248,arima,AREQUIPA
2015-01-12,2.2614739766076504,1.8932231101282044,arima,AREQUIPA
2015-01-19,2.097025060164364,2.0578604942124286,arima,AREQUIPA
2015-01-26,1.9540460787895209,2.0407450799346503,arima,AREQUIPA
2015-02-02,2.0017057392478015,2.1116948379934732,arima,AREQUIPA
2015-02-09,1.6442582858106942,2.0774745032633564,arima,AREQUIPA
2015-02-16,1.6680881160398346,1.5931359290048015,arima,AREQUIPA
2015-02-23,1.4536196439775704,1.4899684501080843,arima,AREQUIPA
2015-03-02,1.5251091346649917,1.5608270052780564,arima,AREQUIPA
2015-03-09,1.4774494742067106,1.551199298109939,arima,AREQUIPA
2015-03-16,1.3821301532901487,1.5336923575209032,arima,AREQUIPA
2015-03-23,1.4297898137484297,1.5446161953786604,arima,AREQUIPA
2015-03-30,1.3821301532901487,1.5216702171906615,arima,AREQUIPA
2015-04-06,1.6919179462689753,1.5303005539076395,arima,AREQUIPA
2015-04-13,1.5965986253524134,1.7372490593084622,arima,AREQUIPA
2015-04-20,1.5251091346649919,1.8227571588809013,arima,AREQUIPA
2015-04-27,1.3344704928318676,1.7645472251154077,arima,AREQUIPA
2015-05-04,1.5489389648941323,1.7687451814091673,arima,AREQUIPA
2015-05-11,1.4774494742067106,1.670459323698231,arima,AREQUIPA
2015-05-18,1.334470492831868,1.7669806898258387,arima,AREQUIPA
2015-05-25,1.1914915114570246,1.6787061269035566,arima,AREQUIPA
2015-06-01,1.5251091346649917,1.6946901026052044,arima,AREQUIPA
2015-06-08,1.6204284555815536,1.7615267431537454,arima,AREQUIPA
2015-06-15,1.715747776498116,1.8344530179659568,arima,AREQUIPA
2015-06-22,1.8825565881020994,1.720048671879307,arima,AREQUIPA
2015-06-29,2.2400040415392066,1.7554570767669977,arima,AREQUIPA
2015-07-06,2.38298302291405,2.3945722556332143,arima,AREQUIPA
2015-07-13,2.1208548903935043,2.2713022383129218,arima,AREQUIPA
2015-07-20,2.1446847206226445,2.284976282902601,arima,AREQUIPA
2015-07-27,1.9540460787895206,2.3166673216005065,arima,AREQUIPA
2015-08-03,2.097025060164364,1.9207339126325715,arima,AREQUIPA
2015-08-10,2.025535569476942,1.8122114863105427,arima,AREQUIPA
2015-08-17,2.001705739247802,1.8771135648915536,arima,AREQUIPA
2015-08-24,2.1446847206226445,1.8766513740552615,arima,AREQUIPA
2015-08-31,1.90638641833124,2.2099736900535385,arima,AREQUIPA
2015-09-07,1.8348969276438183,2.415017957547959,arima,AREQUIPA
2015-09-14,1.5251091346649917,2.285470990081592,arima,AREQUIPA
2015-09-21,1.6919179462689753,2.289772412850287,arima,AREQUIPA
2015-09-28,1.7157477764981157,1.8015622572335992,arima,AREQUIPA
2015-10-05,2.073195229935223,1.8389736131984078,arima,AREQUIPA
2015-10-12,2.073195229935223,1.785731276180639,arima,AREQUIPA
2015-10-19,2.1446847206226445,1.8005137188034073,arima,AREQUIPA
2015-10-26,1.8587267578729587,1.9631131806787057,arima,AREQUIPA
2015-11-02,1.8348969276438183,1.966835150001626,arima,AREQUIPA
2015-11-09,1.9778759090186613,2.026603643882164,arima,AREQUIPA
2015-11-16,1.9302162485603802,1.9950086264189208,arima,AREQUIPA
2015-11-23,2.025535569476942,1.9061952422719914,arima,AREQUIPA
2015-11-30,1.9540460787895206,1.836310357861285,arima,AREQUIPA
2015-12-07,1.9063864183312396,1.8799157740610706,arima,AREQUIPA
2015-12-14,1.5012793044358512,1.882051820834756,arima,AREQUIPA
2015-12-21,1.1914915114570246,1.3510773530691988,arima,AREQUIPA
2015-12-28,0.6672352464159337,1.2987609102781703,arima,AREQUIPA
2016-01-04,0.9636691533760189,1.3765066682969285,arima,AREQUIPA
2016-01-11,1.1424947421925638,1.3550576602524556,arima,AREQUIPA
2016-01-18,2.005194853644092,1.5507868466852779,arima,AREQUIPA
2016-01-25,1.865297538273574,1.3595294019607047,arima,AREQUIPA
2016-02-01,2.1684083882430296,1.3178921195658801,arima,AREQUIPA
2016-02-08,1.981878634415672,1.405281635062195,arima,AREQUIPA
2016-02-15,2.3782543612988065,2.0305663364380266,arima,AREQUIPA
2016-02-22,2.4015705805272263,1.903431334398842,arima,AREQUIPA
2016-02-29,2.4948354574409053,1.9582607650906025,arima,AREQUIPA
2016-03-07,2.471519238212485,1.9648086457617817,arima,AREQUIPA
2016-03-14,2.2150408266998687,2.475993436857581,arima,AREQUIPA
2016-03-21,1.772032661359895,2.6209564743352987,arima,AREQUIPA
2016-03-28,1.562186688304118,2.5394873541672887,arima,AREQUIPA
2016-04-04,1.562186688304118,2.5433229914504905,arima,AREQUIPA
2016-04-11,1.911929976730413,1.7667371601443855,arima,AREQUIPA
2016-04-18,1.8419813190451542,1.6988749506843055,arima,AREQUIPA
2016-04-25,1.562186688304118,1.674900627859463,arima,AREQUIPA
2016-05-02,1.5155542498472787,1.7072652464713183,arima,AREQUIPA
2016-05-09,1.5855029075325378,1.4671927214916458,arima,AREQUIPA
2016-05-16,2.0751435113293506,1.5962288326827676,arima,AREQUIPA
2016-05-23,2.2849894843851275,1.5425131248344193,arima,AREQUIPA
2016-05-30,2.494835457440905,1.53240703160545,arima,AREQUIPA
2016-06-06,2.5881003343545834,2.4894852128097984,arima,AREQUIPA
2016-06-13,3.217638253521915,2.5148227467800215,arima,AREQUIPA
2016-06-20,3.8704923919176655,2.5032222315149135,arima,AREQUIPA
2016-06-27,4.546662749541835,2.5027627417579312,arima,AREQUIPA
2016-07-04,4.779824941826033,3.7364690122624755,arima,AREQUIPA
2016-07-11,4.8031411610544525,3.7364690122624755,arima,AREQUIPA
2016-07-18,4.243551899572381,3.7364690122624755,arima,AREQUIPA
2016-07-25,3.7772275150039873,3.7364690122624755,arima,AREQUIPA
2016-08-01,3.2409544727503348,3.537587288934338,arima,AREQUIPA
2016-08-08,3.427484226577692,3.6392195993411973,arima,AREQUIPA
2016-08-15,3.4508004458061117,3.645979825369871,arima,AREQUIPA
2016-08-22,3.3575355688924327,3.6177260002872904,arima,AREQUIPA
2016-08-29,2.8445787458672,3.177149326069286,arima,AREQUIPA
2016-09-05,2.564784115126164,3.0418070103166954,arima,AREQUIPA
2016-09-12,2.4015705805272263,3.1524895513389026,arima,AREQUIPA
2016-09-19,2.3782543612988065,3.1298061563763846,arima,AREQUIPA
2016-09-26,2.12177594978619,2.285754022564387,arima,AREQUIPA
2016-10-03,2.1217759497861906,2.302835105232047,arima,AREQUIPA
2016-10-10,1.9585624151872525,2.3160139825555275,arima,AREQUIPA
2016-10-17,1.981878634415672,2.305412741918342,arima,AREQUIPA
2016-10-24,1.8652975382735735,1.905879443790288,arima,AREQUIPA
2016-10-31,1.9585624151872523,1.9507578857531256,arima,AREQUIPA
2016-11-07,2.12177594978619,1.9452217557673686,arima,AREQUIPA
2016-11-14,2.2849894843851275,1.93802509636426,arima,AREQUIPA
2016-11-21,2.284989484385128,2.3653447368512857,arima,AREQUIPA
2016-11-28,2.14509216901461,2.334236116928306,arima,AREQUIPA
2016-12-05,2.2616732651567077,2.3346392923815458,arima,AREQUIPA
2016-12-12,2.401570580527226,2.3401308398830287,arima,AREQUIPA
2016-12-19,2.4482030189840653,2.5478037148598833,arima,AREQUIPA
2016-12-26,2.4248867997556456,2.503088895592378,arima,AREQUIPA
2017-01-02,2.2721990932886396,2.498063778976319,arima,AREQUIPA
2017-01-09,1.9810898858084023,2.5088059155721893,arima,AREQUIPA
2017-01-16,1.6889968020899735,1.7746860645647067,arima,AREQUIPA
2017-01-23,1.8259424887459172,1.6812298313151122,arima,AREQUIPA
2017-01-30,2.2139552676044247,1.7645321459989205,arima,AREQUIPA
2017-02-06,2.1226581431671288,1.7400323315830324,arima,AREQUIPA
2017-02-13,2.054185299839157,1.9668998093508279,arima,AREQUIPA
2017-02-20,1.9400638942925372,1.7770079266352978,arima,AREQUIPA
2017-02-27,1.9628881754018612,1.900086151644286,arima,AREQUIPA
2017-03-06,1.7118210831992975,1.876113658724417,arima,AREQUIPA
2017-03-13,1.8259424887459172,1.5577383342537934,arima,AREQUIPA
2017-03-20,2.1683067053857767,1.5536540393008504,arima,AREQUIPA
2017-03-27,2.2824281109323965,1.5838997793398357,arima,AREQUIPA
2017-04-03,1.8715910509645648,1.569405804890297,arima,AREQUIPA
2017-04-10,1.8259424887459172,1.6289206290451603,arima,AREQUIPA
2017-04-17,2.054185299839157,1.5748728193260242,arima,AREQUIPA
2017-04-24,2.054185299839157,1.65141510413147,arima,AREQUIPA
2017-05-01,1.917239613183213,1.6246644332916529,arima,AREQUIPA
2017-05-08,1.8259424887459172,1.752111251776882,arima,AREQUIPA
2017-05-15,1.9857124565111854,1.865326664935324,arima,AREQUIPA
2017-05-22,2.2139552676044247,1.84899455172036,arima,AREQUIPA
2017-05-29,2.4878466409163127,1.8279761905864622,arima,AREQUIPA
2017-06-05,2.6704408897909038,2.7209124708203305,arima,AREQUIPA
2017-06-12,2.487846640916312,2.7522945224731794,arima,AREQUIPA
2017-06-19,2.1454824242764525,2.681873039650895,arima,AREQUIPA
2017-06-26,1.917239613183213,2.7103684618292707,arima,AREQUIPA
2017-07-03,2.328076673151044,1.8464806604845392,arima,AREQUIPA
2017-07-10,2.6704408897909038,1.8319440721689928,arima,AREQUIPA
2017-07-17,2.967156544212115,1.8552399292904684,arima,AREQUIPA
2017-07-24,2.921507981993468,1.8467282072987292,arima,AREQUIPA
2017-07-31,2.807386576446848,2.9486090348371343,arima,AREQUIPA
2017-08-07,2.921507981993468,3.0675814910712536,arima,AREQUIPA
2017-08-14,3.058453668649411,3.0010579929526395,arima,AREQUIPA
2017-08-21,3.241047917524003,3.0066720583598685,arima,AREQUIPA
2017-08-28,2.8758594197748195,3.3323094382851517,arima,AREQUIPA
2017-09-04,2.6704408897909038,3.235309473005906,arima,AREQUIPA
2017-09-11,2.601968046462932,3.2618328348074286,arima,AREQUIPA
2017-09-18,2.556319484244284,3.27149862920249,arima,AREQUIPA
2017-09-25,2.236779548713748,2.433783771664608,arima,AREQUIPA
2017-10-02,2.145482424276452,2.3218798503523916,arima,AREQUIPA
2017-10-09,2.1454824242764525,2.405122416809526,arima,AREQUIPA
2017-10-16,2.1226581431671288,2.38892237049445,arima,AREQUIPA
2017-10-23,2.1226581431671288,2.01575067757942,arima,AREQUIPA
2017-10-30,2.1454824242764525,2.000228587980435,arima,AREQUIPA
2017-11-06,2.373725235369692,2.033148504345188,arima,AREQUIPA
2017-11-13,2.1911309864951005,2.020190881243958,arima,AREQUIPA
2017-11-20,2.328076673151044,2.1800942967627246,arima,AREQUIPA
2017-11-27,2.1226581431671288,2.066950061756952,arima,AREQUIPA
2017-12-04,2.2139552676044243,2.1259281570869426,arima,AREQUIPA
2017-12-11,2.2824281109323965,2.123854797254785,arima,AREQUIPA
2017-12-18,2.2367795487137485,2.4203045645891126,arima,AREQUIPA
2017-12-25,2.41937379758834,2.49062818764186,arima,AREQUIPA
2018-01-01,2.1814840714207016,2.4210695452250546,arima,AREQUIPA
2018-01-08,1.985695155077693,2.439936036855281,arima,AREQUIPA
2018-01-15,1.5165216871933704,1.7509302938041404,arima,AREQUIPA
2018-01-22,1.5165216871933704,1.6897586418320292,arima,AREQUIPA
2018-01-29,1.6798394073526566,1.7736396328719508,arima,AREQUIPA
2018-02-05,1.9598126419114326,1.7439182518609964,arima,AREQUIPA
2018-02-12,1.8898193332717386,1.9817515449758474,arima,AREQUIPA
2018-02-19,2.1464614649506166,1.99601045857319,arima,AREQUIPA
2018-02-26,2.029805950551127,1.9835531912191195,arima,AREQUIPA
2018-03-05,2.449765802389291,1.986691859684006,arima,AREQUIPA
2018-03-12,2.333110287989801,2.392398252607565,arima,AREQUIPA
2018-03-19,2.473096905269189,2.639062467249097,arima,AREQUIPA
2018-03-26,2.0764681563109226,2.518207042167889,arima,AREQUIPA
2018-04-02,2.0531370534310245,2.526292487147053,arima,AREQUIPA
2018-04-09,2.193123670710413,2.0195673807813947,arima,AREQUIPA
2018-04-16,2.4964280081490866,2.103944118032125,arima,AREQUIPA
2018-04-23,2.449765802389291,2.065990381412968,arima,AREQUIPA
2018-04-30,2.216454773590311,2.068496026803355,arima,AREQUIPA
2018-05-07,1.959812641911433,2.0689401720995693,arima,AREQUIPA
2018-05-14,1.8431571275119427,2.0498987896141885,arima,AREQUIPA
2018-05-21,1.9598126419114328,2.0948473209318457,arima,AREQUIPA
2018-05-28,2.519759111028985,2.075807907870421,arima,AREQUIPA
2018-06-04,3.0097122715068436,2.857052568009509,arima,AREQUIPA
2018-06-11,3.2663544031857215,3.058157610444874,arima,AREQUIPA
2018-06-18,3.0097122715068436,2.872666779755758,arima,AREQUIPA
2018-06-25,2.9163878599872515,2.9217175792224754,arima,AREQUIPA
2018-07-02,3.219692197425926,2.892136621573542,arima,AREQUIPA
2018-07-09,3.6396520492640896,2.895465912353589,arima,AREQUIPA
2018-07-16,4.409578444300725,2.899984086995016,arima,AREQUIPA
2018-07-23,4.10627410686205,2.896764794591511,arima,AREQUIPA
2018-07-30,4.1995985183816416,4.02456652306172,arima,AREQUIPA
2018-08-06,3.9896185924625596,3.708819669100975,arima,AREQUIPA
2018-08-13,4.036280798222356,3.8903441997657007,arima,AREQUIPA
2018-08-20,3.966287489582662,3.87469992200599,arima,AREQUIPA
2018-08-27,3.3830099175852113,3.8428421031856637,arima,AREQUIPA
2018-09-03,3.2663544031857215,4.017495486080551,arima,AREQUIPA
2018-09-10,2.893056757107353,3.953521387536681,arima,AREQUIPA
2018-09-17,3.0797055801465376,3.946622850710237,arima,AREQUIPA
2018-09-24,2.706407934068169,3.135802102378117,arima,AREQUIPA
2018-10-01,2.3797724937495968,3.2483273539999473,arima,AREQUIPA
2018-10-08,2.1231303620707185,3.170294997488114,arima,AREQUIPA
2018-10-15,2.356441390869699,3.1821426720808663,arima,AREQUIPA
2018-10-22,2.706407934068169,2.5181564623396793,arima,AREQUIPA
2018-10-29,2.916387859987251,2.5719516740815984,arima,AREQUIPA
2018-11-05,2.8463945513475566,2.5056056761176677,arima,AREQUIPA
2018-11-12,2.7764012427078626,2.5279722054526945,arima,AREQUIPA
2018-11-19,2.356441390869698,2.716822801549387,arima,AREQUIPA
2018-11-26,2.4264346995093926,2.7662049192808977,arima,AREQUIPA
2018-12-03,2.2397858764702083,2.753814765948496,arima,AREQUIPA
2018-12-10,2.636414625428475,2.749150897813257,arima,AREQUIPA
2018-12-17,2.473096905269189,2.600719832430679,arima,AREQUIPA
2018-12-24,2.3797724937495968,2.7571132883617704,arima,AREQUIPA
2018-12-31,2.1697925678305148,2.6811421000117,arima,AREQUIPA
2019-01-07,2.266988159778081,2.6877090449162595,arima,AREQUIPA
2019-01-14,2.546826120142376,2.3923275887464324,arima,AREQUIPA
2019-01-21,2.4124277352720145,2.440377199377145,arima,AREQUIPA
2019-01-28,2.3441514786133717,2.386237506775417,arima,AREQUIPA
2019-02-04,1.8662176820028786,2.4043632437134326,arima,AREQUIPA
2019-02-11,1.5248363987096691,1.8307818063625911,arima,AREQUIPA
2019-02-18,1.5475951509292163,1.658854074928973,arima,AREQUIPA
2019-02-25,1.661388912026953,1.7613443358642398,arima,AREQUIPA
2019-03-04,1.9117351864419732,1.7411828409356087,arima,AREQUIPA
2019-03-11,2.0710464519788045,1.7501242221843898,arima,AREQUIPA
2019-03-18,2.1165639564178993,1.761911287100695,arima,AREQUIPA
2019-03-25,2.184840213076541,1.7936513502057472,arima,AREQUIPA
2019-04-01,1.8889764342224262,1.7730950758791975,arima,AREQUIPA
2019-04-08,1.9117351864419734,1.8973022932738202,arima,AREQUIPA
2019-04-15,1.9572526908810681,1.898940948201235,arima,AREQUIPA
2019-04-22,2.0027701953201626,1.895974339633642,arima,AREQUIPA
2019-04-29,2.4351864874915616,1.89723346282656,arima,AREQUIPA
2019-05-06,2.5034627441502035,2.6244709822651626,arima,AREQUIPA
2019-05-13,2.7310502663456773,2.8361664865647698,arima,AREQUIPA
2019-05-20,2.5717390008088454,2.6675260724146432,arima,AREQUIPA
2019-05-27,2.913120284102055,2.7105879033079248,arima,AREQUIPA
2019-06-03,3.0951903018584335,3.002733757238239,arima,AREQUIPA
2019-06-10,3.391054080712548,3.075122845633155,arima,AREQUIPA
2019-06-17,3.3455365762734535,3.0068256484258273,arima,AREQUIPA
2019-06-24,3.846229125103495,3.026544804254263,arima,AREQUIPA
2019-07-01,3.8007116206644,3.947796757229415,arima,AREQUIPA
2019-07-08,4.210369160616252,4.2693925730687665,arima,AREQUIPA
2019-07-15,4.528991691689915,4.060253122314817,arima,AREQUIPA
2019-07-22,4.870372974983124,4.104596361380203,arima,AREQUIPA
2019-07-29,5.006925488300408,4.6422592483783625,arima,AREQUIPA
2019-08-05,4.392439178372631,4.6422592483783625,arima,AREQUIPA
2019-08-12,4.142092903957611,4.6422592483783625,arima,AREQUIPA
2019-08-19,3.664159107347117,4.6422592483783625,arima,AREQUIPA
2019-08-26,3.3227778240539076,3.5419785285926935,arima,AREQUIPA
2019-09-02,3.368295328493002,3.477188909482428,arima,AREQUIPA
2019-09-09,3.3682953284930015,3.542286673933527,arima,AREQUIPA
2019-09-16,3.5276065940298333,3.5202033855378585,arima,AREQUIPA
2019-09-23,3.3910540807125487,3.4164322355381023,arima,AREQUIPA
2019-09-30,3.3682953284930015,3.468005850132258,arima,AREQUIPA
2019-10-07,3.4593303373711906,3.4646860070108567,arima,AREQUIPA
2019-10-14,3.1407078062975287,3.454152716378676,arima,AREQUIPA
2019-10-21,2.4807039919306564,3.0879049725058074,arima,AREQUIPA
2019-10-28,2.480703991930657,2.8894378703700707,arima,AREQUIPA
2019-11-04,2.867602779662961,3.0165220418255676,arima,AREQUIPA
2019-11-11,3.6414003551275695,2.9882832036049884,arima,AREQUIPA
2019-11-18,3.436571585151644,3.65333564978949,arima,AREQUIPA
2019-11-25,2.9813965407606973,3.6151252703267938,arima,AREQUIPA
2019-12-02,2.5262214963697516,3.6341222254999916,arima,AREQUIPA
2019-12-09,2.1620814608569945,3.6322890882292973,arima,AREQUIPA
2019-12-16,2.412427735272015,2.0513104151089157,arima,AREQUIPA
2019-12-23,2.3441514786133726,2.0175407464643973,arima,AREQUIPA
2019-12-30,2.1393227086374473,2.06109094553557,arima,AREQUIPA
2020-01-06,1.4936029849431207,2.045345685585504,arima,AREQUIPA
2020-01-13,1.1214867973861264,1.3324534647520687,arima,AREQUIPA
2020-01-20,1.135272378555907,1.2970926689289015,arima,AREQUIPA
2020-01-27,1.7585591746258167,1.353393673459756,arima,AREQUIPA
2020-02-03,2.1147230580943366,1.3315887821456092,arima,AREQUIPA
2020-02-10,2.359585727978944,2.309114500928334,arima,AREQUIPA
2020-02-17,1.8476001454929465,1.999312785706663,arima,AREQUIPA
2020-02-24,1.8921206309265113,2.111476216148629,arima,AREQUIPA
2020-03-02,1.9366411163600763,2.124060831069184,arima,AREQUIPA
2020-03-09,1.869860388209729,2.05796855032063,arima,AREQUIPA
2020-03-16,1.602737475608339,2.115124296693494,arima,AREQUIPA
2020-03-23,1.3801350484405142,2.057938412539018,arima,AREQUIPA
2020-03-30,1.224313349423037,2.074184917349616,arima,AREQUIPA
2020-04-06,0.9349301941048646,1.2266717184870641,arima,AREQUIPA
2020-04-13,0.6010265533531272,1.1539068025640313,arima,AREQUIPA
2020-04-20,0.4674650970524323,1.1895539378610425,arima,AREQUIPA
2020-04-27,0.5342458252027797,1.1887508996748386,arima,AREQUIPA
2020-05-04,0.7345880096538221,0.5967484396850175,arima,AREQUIPA
2020-05-11,0.9794506795384295,0.6136307853966001,arima,AREQUIPA
2020-05-18,0.9794506795384296,0.5926319216867114,arima,AREQUIPA
2020-05-25,0.8458892232377345,0.5992239297664047,arima,AREQUIPA
2020-06-01,0.8013687378041695,0.7037231510238555,arima,AREQUIPA
2020-06-08,1.2688338348566015,0.6987588958570539,arima,AREQUIPA
2020-06-15,1.8698603882097284,0.7244824739712542,arima,AREQUIPA
2020-06-22,2.2037640289614657,0.7137695783417867,arima,AREQUIPA
2020-06-29,2.648968883297116,2.1372007572163025,arima,AREQUIPA
2020-07-06,3.7619810191362397,2.078700529266479,arima,AREQUIPA
2020-07-13,5.075335339426407,2.1155183818024854,arima,AREQUIPA
2020-07-20,5.965745048097706,2.1102987856451856,arima,AREQUIPA
2020-07-27,5.676361892779535,4.926359505443215,arima,AREQUIPA
2020-08-03,5.794435189450748,4.926359505443215,arima,AREQUIPA
2020-08-10,5.482791791415793,4.926359505443215,arima,AREQUIPA
2020-08-17,5.3937508205486635,4.926359505443215,arima,AREQUIPA
2020-08-24,5.030814853992841,5.24946808820277,arima,AREQUIPA
2020-08-31,5.075335339426407,5.21930197570926,arima,AREQUIPA
2020-09-07,5.253417281160666,5.256106427485044,arima,AREQUIPA
2020-09-14,4.5856099996571915,5.246818574602891,arima,AREQUIPA
2020-09-21,3.6506798055523273,4.12775307238795,arima,AREQUIPA
2020-09-28,2.693489368730681,3.70189342921045,arima,AREQUIPA
2020-10-05,2.3818459706957262,3.9397684262437584,arima,AREQUIPA
2020-10-12,2.3595857279789434,3.92342324670409,arima,AREQUIPA
2020-10-19,2.626708640580333,2.4236743540073213,arima,AREQUIPA
2020-10-26,3.2722556793670248,2.5181445847422794,arima,AREQUIPA
2020-11-02,3.4948581065348505,2.4743157535744027,arima,AREQUIPA
2020-11-09,3.2945159220838076,2.47553753226066,arima,AREQUIPA
2020-11-16,2.9160917958985055,2.9462630584083516,arima,AREQUIPA
2020-11-23,2.7157496114474626,2.846592640968432,arima,AREQUIPA
2020-11-30,2.893831553181723,2.9300044636200564,arima,AREQUIPA
2020-12-07,3.027393009482418,2.915665040151518,arima,AREQUIPA
2020-12-14,3.2945159220838076,3.197006890627292,arima,AREQUIPA
2020-12-21,3.4948581065348505,3.1958332778232097,arima,AREQUIPA
2020-12-28,3.249995436650243,3.170822824172992,arima,AREQUIPA
2021-01-04,3.577602918321624,3.1799348964308067,arima,AREQUIPA
2021-01-11,3.7292595330197256,3.667498736674501,arima,AREQUIPA
2021-01-18,4.104797219742241,4.068701513801777,arima,AREQUIPA
2021-01-25,4.741152257979809,3.9086878495539197,arima,AREQUIPA
2021-02-01,5.486677435040309,3.8805904836746623,arima,AREQUIPA
2021-02-08,5.508511462804894,5.564448062713396,arima,AREQUIPA
2021-02-15,4.959492535625673,5.564448062713396,arima,AREQUIPA
2021-02-22,4.301303469623519,5.564448062713396,arima,AREQUIPA
2021-03-01,4.541477775033969,5.564448062713396,arima,AREQUIPA
2021-03-08,4.475975691740209,4.513644474447846,arima,AREQUIPA
2021-03-15,4.606979858327727,4.619895877603724,arima,AREQUIPA
2021-03-22,4.301303469623519,4.593099082110397,arima,AREQUIPA
2021-03-29,3.995627080919309,4.5769492321340355,arima,AREQUIPA
2021-04-05,3.886456942096377,3.7844255013921755,arima,AREQUIPA
2021-04-12,3.973793053154722,3.776503639812397,arima,AREQUIPA
2021-04-19,4.192133330800586,3.8196552980050695,arima,AREQUIPA
2021-04-26,4.585145830563142,3.807870696555076,arima,AREQUIPA
2021-05-03,5.352505035388226,4.862449797721541,arima,AREQUIPA
2021-05-10,6.054362156919555,5.03464954539346,arima,AREQUIPA
2021-05-17,6.032528129154969,4.926539162339578,arima,AREQUIPA
2021-05-24,6.032528129154968,4.9274738175195045,arima,AREQUIPA
2021-05-31,6.032528129154968,5.993126111331185,arima,AREQUIPA
2021-06-07,6.297704695394567,5.993126111331185,arima,AREQUIPA
2021-06-14,6.297704695394567,5.993126111331185,arima,AREQUIPA
2021-06-21,5.90152396256745,5.993126111331185,arima,AREQUIPA
2021-06-28,5.265168924329882,5.685304454650679,arima,AREQUIPA
2021-07-05,4.41047360844645,5.486129083365767,arima,AREQUIPA
2021-07-12,3.7772868032734443,5.595800814671058,arima,AREQUIPA
2021-07-19,3.122265970335853,5.6035643334237974,arima,AREQUIPA
2021-07-26,2.6419173595149528,2.8394601470535403,arima,AREQUIPA
2021-08-02,2.161568748694053,2.7263901258870833,arima,AREQUIPA
2021-08-09,1.965062498812775,2.8169243243958224,arima,AREQUIPA
2021-08-16,2.030564582106534,2.8117479311329165,arima,AREQUIPA
2021-08-23,2.0523986098711204,2.179318465002498,arima,AREQUIPA
2021-08-30,2.096066665400293,2.2761733934402657,arima,AREQUIPA
2021-09-06,1.7030541656377383,2.214893260555731,arima,AREQUIPA
2021-09-13,1.6593861101085654,2.2136596734719842,arima,AREQUIPA
2021-09-20,1.5065479157564605,1.5844381341776936,arima,AREQUIPA
2021-09-27,1.5720499990502195,1.6986998273105665,arima,AREQUIPA
2021-10-04,1.4847138879918742,1.6784467813358313,arima,AREQUIPA
2021-10-11,1.4628798602272877,1.6606461158190615,arima,AREQUIPA
2021-10-18,1.6375520823439789,1.4484803119111291,arima,AREQUIPA
2021-10-25,1.6593861101085654,1.4485840023292085,arima,AREQUIPA
2021-11-01,1.8122243044606703,1.4515041955122403,arima,AREQUIPA
2021-11-08,1.986896526577361,1.450574232997026,arima,AREQUIPA
2021-11-15,2.9475937482191625,2.2386900208751297,arima,AREQUIPA
2021-11-22,3.0567638870420946,2.3403561801267503,arima,AREQUIPA
2021-11-29,2.6855854150441254,2.2529040406511,arima,AREQUIPA
2021-12-06,1.6593861101085654,2.2590234899738038,arima,AREQUIPA
2021-12-13,1.5283819435210468,1.4068657210662745,arima,AREQUIPA
2021-12-20,1.4410458324627016,1.312527856352895,arima,AREQUIPA
2021-12-27,1.6812201378731517,1.3855047051101659,arima,AREQUIPA
2022-01-03,1.649020175726568,1.3816750494966656,arima,AREQUIPA
2022-01-10,2.0711116381843735,1.699498396741782,arima,AREQUIPA
2022-01-17,1.8876091756682027,1.647356062810673,arima,AREQUIPA
2022-01-24,1.9090592799371595,1.654562326804974,arima,AREQUIPA
2022-01-31,1.7374584457855047,1.6615924739706338,arima,AREQUIPA
2022-02-07,2.4024116781231672,1.9108315984371427,arima,AREQUIPA
2022-02-14,2.7885135549643905,1.9640255879729416,arima,AREQUIPA
2022-02-21,2.8099636592333472,1.9145626950391055,arima,AREQUIPA
2022-02-28,2.295161156778383,1.9212868593786805,arima,AREQUIPA
2022-03-07,1.994859697012987,2.079886298171642,arima,AREQUIPA
2022-03-14,2.037759905550901,2.035945243030131,arima,AREQUIPA
2022-03-21,2.145010426895685,2.0767241392043827,arima,AREQUIPA
2022-03-28,2.3166112610473397,2.0701996120117863,arima,AREQUIPA
2022-04-04,2.2522609482404694,2.3211448700887023,arima,AREQUIPA
2022-04-11,2.0592100098198576,2.351000597403719,arima,AREQUIPA
2022-04-18,2.037759905550901,2.341529244007589,arima,AREQUIPA
2022-04-25,1.994859697012987,2.3412542086076407,arima,AREQUIPA
2022-05-02,1.9519594884750733,2.088804953400863,arima,AREQUIPA
2022-05-09,1.887609175668203,2.0210434564670483,arima,AREQUIPA
2022-05-16,2.123560322626728,2.031260068819478,arima,AREQUIPA
2022-05-23,2.3595114695852537,2.0353886690835017,arima,AREQUIPA
2022-05-30,2.273711052509426,2.4669766197580274,arima,AREQUIPA
2022-06-06,2.273711052509426,2.367095174079533,arima,AREQUIPA
2022-06-13,2.616912720812736,2.384883900197991,arima,AREQUIPA
2022-06-20,3.0244647019229163,2.3908609908802037,arima,AREQUIPA
2022-06-27,2.8528638677712608,3.1469950181377597,arima,AREQUIPA
2022-07-04,2.7456133464264774,3.0574461879761747,arima,AREQUIPA
2022-07-11,2.6169127208127354,3.0732519970097276,arima,AREQUIPA
2022-07-18,2.8099636592333472,3.0773457246830453,arima,AREQUIPA
2022-07-25,2.4453118866610812,2.763852474362772,arima,AREQUIPA
2022-08-01,2.5525624080058655,2.8384342375420695,arima,AREQUIPA
2022-08-08,2.445311886661081,2.8199178636854345,arima,AREQUIPA
2022-08-15,2.6812630336196066,2.817080440407507,arima,AREQUIPA
2022-08-22,2.2308108439715126,2.613674138609155,arima,AREQUIPA
2022-08-29,2.1664605311646423,2.6613937993133834,arima,AREQUIPA
2022-09-05,1.9305093842061165,2.6542148570726156,arima,AREQUIPA
2022-09-12,2.0592100098198576,2.6508518723280874,arima,AREQUIPA
2022-09-19,2.145010426895685,1.9852953747881492,arima,AREQUIPA
2022-09-26,2.0592100098198576,2.0270846734177805,arima,AREQUIPA
2022-10-03,1.9519594884750735,2.021797755789067,arima,AREQUIPA
2022-10-10,1.7589085500544617,2.0188908333710254,arima,AREQUIPA
2022-10-17,1.9519594884750733,1.7968155967623445,arima,AREQUIPA
2022-10-24,1.9519594884750733,1.8137003180067925,arima,AREQUIPA
2022-10-31,1.9090592799371597,1.8043775458617897,arima,AREQUIPA
2022-11-07,1.737458445785505,1.805583134803345,arima,AREQUIPA
2022-11-14,1.8447089671302892,1.720652953471828,arima,AREQUIPA
2022-11-21,1.97340959274403,1.7142363965400462,arima,AREQUIPA
2022-11-28,2.1450104268956847,1.7180235819629668,arima,AREQUIPA
2022-12-05,2.102110218357771,1.717516184791145,arima,AREQUIPA
2022-12-12,1.994859697012987,2.073337617966861,arima,AREQUIPA
2022-12-19,1.9734095927440303,2.0209635660117433,arima,AREQUIPA
2022-12-26,2.016309801281944,2.0401456227220183,arima,AREQUIPA
2023-01-02,2.0071042607820275,2.0397493866559566,arima,AREQUIPA
2023-01-09,2.058708440589014,1.9365947855466843,arima,AREQUIPA
2023-01-16,1.9408361417443265,1.877811666556649,arima,AREQUIPA
2023-01-23,1.9408361417443265,1.9030019873749282,arima,AREQUIPA
2023-01-30,1.8564519616684863,1.900961996036066,arima,AREQUIPA
2023-02-06,1.6665875564978458,1.9082287834878344,arima,AREQUIPA
2023-02-13,1.5822033764220054,1.9325879941726936,arima,AREQUIPA
2023-02-20,1.518915241365125,1.919621932473894,arima,AREQUIPA
2023-02-27,1.6454915114788855,1.9212457384456718,arima,AREQUIPA
2023-03-06,1.814259871630566,1.6659641190225287,arima,AREQUIPA
2023-03-13,1.6876836015168057,1.649345093297218,arima,AREQUIPA
2023-03-20,1.9408361417443265,1.6519054039715881,arima,AREQUIPA
2023-03-27,1.9619321867632866,1.653110100640574,arima,AREQUIPA
2023-04-03,2.447141222199368,2.2051303944194176,arima,AREQUIPA
2023-04-10,2.9534463026544095,2.1087767526056957,arima,AREQUIPA
2023-04-17,3.6918078783180124,2.1075954500864946,arima,AREQUIPA
2023-04-24,4.113728778697214,2.119545702345362,arima,AREQUIPA
2023-05-01,3.966056463564494,4.090632522094086,arima,AREQUIPA
2023-05-08,3.839480193450733,4.032650208208568,arima,AREQUIPA
2023-05-15,3.4175592930715317,4.0523742121662005,arima,AREQUIPA
2023-05-22,3.269886977938811,4.052806949521159,arima,AREQUIPA
2023-05-29,3.206598842881931,3.094631255246051,arima,AREQUIPA
2023-06-05,3.2487909329198508,3.2120390010600413,arima,AREQUIPA
2023-06-12,3.501943473147372,3.193295936755087,arima,AREQUIPA
2023-06-19,3.523039518166332,3.1866524826111813,arima,AREQUIPA
2023-06-26,3.9027683285076136,3.735419308342458,arima,AREQUIPA
2023-07-03,3.9027683285076136,3.6251750214244,arima,AREQUIPA
2023-07-10,3.8605762384696938,3.634309549421958,arima,AREQUIPA
2023-07-17,3.375367203033612,3.6441098406079346,arima,AREQUIPA
2023-07-24,3.0589265277492106,3.075342891347213,arima,AREQUIPA
2023-07-31,2.9112542126164898,2.9325161648739733,arima,AREQUIPA
2023-08-07,2.7002937624268895,3.007537431362026,arima,AREQUIPA
2023-08-14,2.7002937624268895,2.9999281354213205,arima,AREQUIPA
2023-08-21,2.2361807720097677,2.636013083428012,arima,AREQUIPA
2023-08-28,2.1728926369528874,2.832795626469175,arima,AREQUIPA
2023-09-04,2.109604501896007,2.78225490820936,arima,AREQUIPA
2023-09-11,2.257276817028728,2.7686460732011318,arima,AREQUIPA
2023-09-18,2.6791977174079293,2.337800488100822,arima,AREQUIPA
2023-09-25,2.4471412221993685,2.2211890637311495,arima,AREQUIPA
2023-10-02,2.257276817028728,2.243593382099054,arima,AREQUIPA
2023-10-09,1.750971736573686,2.2553202039067566,arima,AREQUIPA
2023-10-16,1.8142598716305665,1.6423376252357906,arima,AREQUIPA
2023-10-23,1.8775480066874468,1.621984446563209,arima,AREQUIPA
2023-10-30,2.067412411858087,1.6443958510704526,arima,AREQUIPA
2023-11-06,1.8564519616684863,1.6405351412399203,arima,AREQUIPA
2023-11-13,1.8142598716305665,1.7988490634041912,arima,AREQUIPA
2023-11-20,1.6665875564978458,1.6827666462253297,arima,AREQUIPA
2023-11-27,1.9619321867632866,1.725592892105296,arima,AREQUIPA
2023-12-04,1.8986440517064065,1.7298615341848464,arima,AREQUIPA
2010-12-27,1.8937086059999275,2.0034888150434016,naive,CUSCO
2011-01-03,1.8320736017898989,2.0034888150434016,naive,CUSCO
2011-01-10,1.6893881835950346,2.0034888150434016,naive,CUSCO
2011-01-17,1.3561933280713034,2.0034888150434016,naive,CUSCO
2011-01-24,1.4375649277555815,1.3561933280713034,naive,CUSCO
2011-01-31,1.247697861825599,1.3561933280713034,naive,CUSCO
2011-02-07,1.1120785290184685,1.3561933280713034,naive,CUSCO
2011-02-14,0.8137159968427818,1.3561933280713034,naive,CUSCO
2011-02-21,0.840839863404208,0.8137159968427818,naive,CUSCO
2011-02-28,0.9222114630884861,0.8137159968427818,naive,CUSCO
2011-03-07,0.89508759652706,0.8137159968427818,naive,CUSCO
2011-03-14,0.9493353296499123,0.8137159968427818,naive,CUSCO
2011-03-21,1.1392023955798949,0.9493353296499123,naive,CUSCO
2011-03-28,1.1120785290184687,0.9493353296499123,naive,CUSCO
2011-04-04,1.1663262621413208,0.9493353296499123,naive,CUSCO
2011-04-11,0.9764591962113384,0.9493353296499123,naive,CUSCO
2011-04-18,1.0307069293341906,0.9764591962113384,naive,CUSCO
2011-04-25,0.7865921302813558,0.9764591962113384,naive,CUSCO
2011-05-02,0.9493353296499123,0.9764591962113384,naive,CUSCO
2011-05-09,1.0307069293341904,0.9764591962113384,naive,CUSCO
2011-05-16,1.2748217283870251,1.0307069293341904,naive,CUSCO
2011-05-23,1.301945594948451,1.0307069293341904,naive,CUSCO
2011-05-30,1.0849546624570428,1.0307069293341904,naive,CUSCO
2011-06-06,0.9764591962113384,1.0307069293341904,naive,CUSCO
2011-06-13,0.8679637299656341,0.9764591962113384,naive,CUSCO
2011-06-20,0.9222114630884861,0.9764591962113384,naive,CUSCO
2011-06-27,0.89508759652706,0.9764591962113384,naive,CUSCO
2011-07-04,0.8408398634042079,0.9764591962113384,naive,CUSCO
2011-07-11,1.1120785290184685,0.8408398634042078,naive,CUSCO
2011-07-18,1.356193328071303,0.8408398634042078,naive,CUSCO
2011-07-25,1.2205739952641728,0.8408398634042078,naive,CUSCO
2011-08-01,1.0578307958956163,0.8408398634042078,naive,CUSCO
2011-08-08,1.0035830627727644,1.0578307958956163,naive,CUSCO
2011-08-15,1.247697861825599,1.0578307958956163,naive,CUSCO
2011-08-22,1.1934501287027468,1.0578307958956163,naive,CUSCO
2011-08-29,1.247697861825599,1.0578307958956163,naive,CUSCO
2011-09-05,1.301945594948451,1.247697861825599,naive,CUSCO
2011-09-12,1.5731842605627115,1.247697861825599,naive,CUSCO
2011-09-19,1.79017519305412,1.247697861825599,naive,CUSCO
2011-09-26,2.007166125545529,1.247697861825599,naive,CUSCO
2011-10-03,2.0342899921069546,2.0071661255455293,naive,CUSCO
2011-10-10,1.8444229261769722,2.0071661255455293,naive,CUSCO
2011-10-17,1.7359274599312682,2.0071661255455293,naive,CUSCO
2011-10-24,1.5731842605627115,2.0071661255455293,naive,CUSCO
2011-10-31,1.4646887943170075,1.5731842605627118,naive,CUSCO
2011-11-07,1.5460603940012856,1.5731842605627118,naive,CUSCO
2011-11-14,1.3561933280713034,1.5731842605627118,naive,CUSCO
2011-11-21,1.1663262621413206,1.5731842605627118,naive,CUSCO
2011-11-28,0.8408398634042079,1.1663262621413206,naive,CUSCO
2011-12-05,1.0307069293341904,1.1663262621413206,naive,CUSCO
2011-12-12,1.1663262621413208,1.1663262621413206,naive,CUSCO
2011-12-19,1.1934501287027468,1.1663262621413206,naive,CUSCO
2011-12-26,1.247697861825599,1.1934501287027468,naive,CUSCO
2012-01-02,1.0556345103758071,1.1934501287027468,naive,CUSCO
2012-01-09,0.9175051369746093,1.1934501287027468,naive,CUSCO
2012-01-16,0.5898224527176873,1.1934501287027468,naive,CUSCO
2012-01-23,0.9115437905636986,0.5898224527176873,naive,CUSCO
2012-01-30,1.0455943479995367,0.5898224527176873,naive,CUSCO
2012-02-06,1.1260246824610396,0.5898224527176873,naive,CUSCO
2012-02-13,0.9115437905636986,0.5898224527176873,naive,CUSCO
2012-02-20,0.8311134561021959,0.9115437905636986,naive,CUSCO
2012-02-27,0.7774932331278607,0.9115437905636986,naive,CUSCO
2012-03-05,0.6434426756920226,0.9115437905636986,naive,CUSCO
2012-03-12,0.7238730101535253,0.9115437905636986,naive,CUSCO
2012-03-19,0.8043033446150282,0.7238730101535252,naive,CUSCO
2012-03-26,1.0724044594867044,0.7238730101535252,naive,CUSCO
2012-04-02,1.1260246824610396,0.7238730101535252,naive,CUSCO
2012-04-09,1.1528347939482073,0.7238730101535252,naive,CUSCO
2012-04-16,1.2064550169225423,1.1528347939482073,naive,CUSCO
2012-04-23,1.1260246824610396,1.1528347939482073,naive,CUSCO
2012-04-30,1.0724044594867044,1.1528347939482073,naive,CUSCO
2012-05-07,0.9919741250252015,1.1528347939482073,naive,CUSCO
2012-05-14,0.9115437905636986,0.9919741250252015,naive,CUSCO
2012-05-21,1.0724044594867044,0.9919741250252015,naive,CUSCO
2012-05-28,0.8043033446150282,0.9919741250252015,naive,CUSCO
2012-06-04,0.8847336790765311,0.9919741250252015,naive,CUSCO
2012-06-11,0.9651640135380338,0.884733679076531,naive,CUSCO
2012-06-18,1.0992145709738719,0.884733679076531,naive,CUSCO
2012-06-25,1.2332651284097098,0.884733679076531,naive,CUSCO
2012-07-02,1.4209359088198827,0.884733679076531,naive,CUSCO
2012-07-09,1.7158471351787268,1.4209359088198827,naive,CUSCO
2012-07-16,1.849897692614565,1.4209359088198827,naive,CUSCO
2012-07-23,1.635416800717224,1.4209359088198827,naive,CUSCO
2012-07-30,1.554986466255721,1.4209359088198827,naive,CUSCO
2012-08-06,1.6086066892300563,1.554986466255721,naive,CUSCO
2012-08-13,1.5281763547685536,1.554986466255721,naive,CUSCO
2012-08-20,1.7694673581530622,1.554986466255721,naive,CUSCO
2012-08-27,1.6890370236915595,1.554986466255721,naive,CUSCO
2012-09-03,1.715847135178727,1.6890370236915595,naive,CUSCO
2012-09-10,1.3136954628712127,1.6890370236915595,naive,CUSCO
2012-09-17,1.5817965777428888,1.6890370236915595,naive,CUSCO
2012-09-24,1.4209359088198832,1.6890370236915595,naive,CUSCO
2012-10-01,1.5817965777428888,1.420935908819883,naive,CUSCO
2012-10-08,1.1796449054353748,1.420935908819883,naive,CUSCO
2012-10-15,1.3136954628712127,1.420935908819883,naive,CUSCO
2012-10-22,1.4209359088198832,1.420935908819883,naive,CUSCO
2012-10-29,1.849897692614565,1.420935908819883,naive,CUSCO
2012-11-05,2.037568473024738,1.420935908819883,naive,CUSCO
2012-11-12,1.849897692614565,1.420935908819883,naive,CUSCO
2012-11-19,1.5281763547685536,1.420935908819883,naive,CUSCO
2012-11-26,1.3136954628712127,1.5281763547685536,naive,CUSCO
2012-12-03,1.3136954628712127,1.5281763547685536,naive,CUSCO
2012-12-10,1.1796449054353746,1.5281763547685536,naive,CUSCO
2012-12-17,1.152834793948207,1.5281763547685536,naive,CUSCO
2012-12-24,1.152834793948207,1.1528347939482073,naive,CUSCO
2012-12-31,1.2064550169225423,1.1528347939482073,naive,CUSCO
2013-01-07,1.2554768655722575,1.1528347939482073,naive,CUSCO
2013-01-14,1.1978713848499183,1.1528347939482073,naive,CUSCO
2013-01-21,1.4311918727384185,1.1978713848499183,naive,CUSCO
2013-01-28,1.537206085533857,1.1978713848499183,naive,CUSCO
2013-02-04,1.537206085533857,1.1978713848499183,naive,CUSCO
2013-02-11,0.9806314683578053,1.1978713848499183,naive,CUSCO
2013-02-18,1.1926598939486823,0.9806314683578052,naive,CUSCO
2013-02-25,1.2721705535452612,0.9806314683578052,naive,CUSCO
2013-03-04,1.5107025323349976,0.9806314683578052,naive,CUSCO
2013-03-11,1.272170553545261,0.9806314683578052,naive,CUSCO
2013-03-18,1.1396527875509632,1.272170553545261,naive,CUSCO
2013-03-25,1.1661563407498228,1.272170553545261,naive,CUSCO
2013-04-01,1.272170553545261,1.272170553545261,naive,CUSCO
2013-04-08,1.4046883195395592,1.272170553545261,naive,CUSCO
2013-04-15,1.139652787550963,1.4046883195395592,naive,CUSCO
2013-04-22,0.9541279151589457,1.4046883195395592,naive,CUSCO
2013-04-29,0.8216101491646478,1.4046883195395592,naive,CUSCO
2013-05-06,0.9806314683578053,1.4046883195395592,naive,CUSCO
2013-05-13,0.9276243619600861,0.9806314683578052,naive,CUSCO
2013-05-20,1.272170553545261,0.9806314683578052,naive,CUSCO
2013-05-27,1.3251776599429803,0.9806314683578052,naive,CUSCO
2013-06-03,1.6962274047270147,0.9806314683578052,naive,CUSCO
2013-06-10,1.6432202983292956,1.6962274047270147,naive,CUSCO
2013-06-17,2.01427004311333,1.6962274047270147,naive,CUSCO
2013-06-24,1.6432202983292956,1.6962274047270147,naive,CUSCO
2013-07-01,1.7757380643235934,1.6962274047270147,naive,CUSCO
2013-07-08,1.4046883195395587,1.7757380643235934,naive,CUSCO
2013-07-15,1.3781847663406992,1.7757380643235934,naive,CUSCO
2013-07-22,1.2986741067441205,1.7757380643235934,naive,CUSCO
2013-07-29,1.32517765994298,1.7757380643235934,naive,CUSCO
2013-08-05,1.537206085533857,1.32517765994298,naive,CUSCO
2013-08-12,1.537206085533857,1.32517765994298,naive,CUSCO
2013-08-19,1.8552487239201723,1.32517765994298,naive,CUSCO
2013-08-26,1.6962274047270147,1.32517765994298,naive,CUSCO
2013-09-02,1.537206085533857,1.6962274047270147,naive,CUSCO
2013-09-09,1.5372060855338567,1.6962274047270147,naive,CUSCO
2013-09-16,1.7492345111247338,1.6962274047270147,naive,CUSCO
2013-09-23,1.8552487239201723,1.6962274047270147,naive,CUSCO
2013-09-30,1.6962274047270143,1.8552487239201725,naive,CUSCO
2013-10-07,1.510702532334997,1.8552487239201725,naive,CUSCO
2013-10-14,1.1661563407498223,1.8552487239201725,naive,CUSCO
2013-10-21,1.0071350215566646,1.8552487239201725,naive,CUSCO
2013-10-28,0.848113702363507,1.0071350215566646,naive,CUSCO
2013-11-04,0.8481137023635071,1.0071350215566646,naive,CUSCO
2013-11-11,0.8481137023635071,1.0071350215566646,naive,CUSCO
2013-11-18,1.0336385747555243,1.0071350215566646,naive,CUSCO
2013-11-25,1.245667000346401,1.0336385747555241,naive,CUSCO
2013-12-02,1.3251776599429799,1.0336385747555241,naive,CUSCO
2013-12-09,1.2986741067441203,1.0336385747555241,naive,CUSCO
2013-12-16,1.2721705535452605,1.0336385747555241,naive,CUSCO
2013-12-23,1.2721705535452605,1.2721705535452605,naive,CUSCO
2013-12-30,1.0866456811532434,1.2721705535452605,naive,CUSCO
2014-01-06,1.0818513210457843,1.2721705535452605,naive,CUSCO
2014-01-13,0.8933299735866053,1.2721705535452605,naive,CUSCO
2014-01-20,1.2577874732228835,0.8933299735866053,naive,CUSCO
2014-01-27,1.336399190299314,0.8933299735866053,naive,CUSCO
2014-02-03,1.2577874732228838,0.8933299735866053,naive,CUSCO
2014-02-10,1.0481562276857364,0.8933299735866053,naive,CUSCO
2014-02-17,0.9171366992250193,1.0481562276857364,naive,CUSCO
2014-02-24,1.0743601333778798,1.0481562276857364,naive,CUSCO
2014-03-03,1.100564039070023,1.0481562276857364,naive,CUSCO
2014-03-10,0.9957484163014496,1.0481562276857364,naive,CUSCO
2014-03-17,0.9433406049171627,0.9957484163014496,naive,CUSCO
2014-03-24,0.8909327935328758,0.9957484163014496,naive,CUSCO
2014-03-31,1.0743601333778798,0.9957484163014496,naive,CUSCO
2014-04-07,1.0481562276857364,0.9957484163014496,naive,CUSCO
2014-04-14,1.1267679447621666,1.0481562276857364,naive,CUSCO
2014-04-21,0.9433406049171627,1.0481562276857364,naive,CUSCO
2014-04-28,1.021952321993593,1.0481562276857364,naive,CUSCO
2014-05-05,0.8385249821485891,1.0481562276857364,naive,CUSCO
2014-05-12,0.707505453687872,0.8385249821485891,naive,CUSCO
2014-05-19,0.5764859252271549,0.8385249821485891,naive,CUSCO
2014-05-26,0.5502820195350114,0.8385249821485891,naive,CUSCO
2014-06-02,0.6550976423035851,0.8385249821485891,naive,CUSCO
2014-06-09,0.7599132650721588,0.6550976423035851,naive,CUSCO
2014-06-16,0.6550976423035851,0.6550976423035851,naive,CUSCO
2014-06-23,0.9433406049171627,0.6550976423035851,naive,CUSCO
2014-06-30,1.0481562276857364,0.6550976423035851,naive,CUSCO
2014-07-07,1.336399190299314,1.0481562276857364,naive,CUSCO
2014-07-14,1.1529718504543098,1.0481562276857364,naive,CUSCO
2014-07-21,1.1005640390700233,1.0481562276857364,naive,CUSCO
2014-07-28,1.0743601333778798,1.0481562276857364,naive,CUSCO
2014-08-04,1.336399190299314,1.0743601333778798,naive,CUSCO
2014-08-11,1.6246421529128916,1.0743601333778798,naive,CUSCO
2014-08-18,1.8080694927578953,1.0743601333778798,naive,CUSCO
2014-08-25,1.6246421529128916,1.0743601333778798,naive,CUSCO
2014-09-01,1.4412148130678875,1.6246421529128916,naive,CUSCO
2014-09-08,1.3101952846071703,1.6246421529128916,naive,CUSCO
2014-09-15,1.4150109073757442,1.6246421529128916,naive,CUSCO
2014-09-22,1.3626030959914572,1.6246421529128916,naive,CUSCO
2014-09-29,1.4936226244521744,1.3626030959914572,naive,CUSCO
2014-10-06,1.2315835675307403,1.3626030959914572,naive,CUSCO
2014-10-13,1.1529718504543103,1.3626030959914572,naive,CUSCO
2014-10-20,0.9957484163014495,1.3626030959914572,naive,CUSCO
2014-10-27,1.205379661838597,0.9957484163014494,naive,CUSCO
2014-11-03,1.2315835675307403,0.9957484163014494,naive,CUSCO
2014-11-10,1.336399190299314,0.9957484163014494,naive,CUSCO
2014-11-17,1.1529718504543098,0.9957484163014494,naive,CUSCO
2014-11-24,1.15297185045431,1.1529718504543096,naive,CUSCO
2014-12-01,0.8909327935328758,1.1529718504543096,naive,CUSCO
2014-12-08,0.8909327935328758,1.1529718504543096,naive,CUSCO
2014-12-15,0.9433406049171627,1.1529718504543096,naive,CUSCO
2014-12-22,1.0219523219935929,0.9433406049171627,naive,CUSCO
2014-12-29,1.283991378915027,0.9433406049171627,naive,CUSCO
2015-01-05,1.357037090394983,0.9433406049171627,naive,CUSCO
2015-01-12,1.5348984246435124,0.9433406049171627,naive,CUSCO
2015-01-19,1.1659931113126982,1.5348984246435124,naive,CUSCO
2015-01-26,1.0364383211668426,1.5348984246435124,naive,CUSCO
2015-02-02,0.803239698904303,1.5348984246435124,naive,CUSCO
2015-02-09,0.751417782845961,1.5348984246435124,naive,CUSCO
2015-02-16,0.5182191605834213,0.751417782845961,naive,CUSCO
2015-02-23,0.6477739507292767,0.751417782845961,naive,CUSCO
2015-03-02,0.8032396989043032,0.751417782845961,naive,CUSCO
2015-03-09,0.8550616149626453,0.751417782845961,naive,CUSCO
2015-03-16,0.6736849087584478,0.8550616149626453,naive,CUSCO
2015-03-23,0.6477739507292767,0.8550616149626453,naive,CUSCO
2015-03-30,0.6736849087584478,0.8550616149626453,naive,CUSCO
2015-04-06,0.9587054470793296,0.8550616149626453,naive,CUSCO
2015-04-13,1.165993111312698,0.9587054470793295,naive,CUSCO
2015-04-20,1.2178150273710404,0.9587054470793295,naive,CUSCO
2015-04-27,0.9327944890501585,0.9587054470793295,naive,CUSCO
2015-05-04,0.751417782845961,0.9587054470793295,naive,CUSCO
2015-05-11,1.114171195254356,0.751417782845961,naive,CUSCO
2015-05-18,1.140082153283527,0.751417782845961,naive,CUSCO
2015-05-25,1.2955479014585534,0.751417782845961,naive,CUSCO
2015-06-01,0.9846164051085005,0.751417782845961,naive,CUSCO
2015-06-08,1.3732807755460668,0.9846164051085005,naive,CUSCO
2015-06-15,1.5546574817502643,0.9846164051085005,naive,CUSCO
2015-06-22,1.9174108941586592,0.9846164051085005,naive,CUSCO
2015-06-29,1.9692328102170016,0.9846164051085005,naive,CUSCO
2015-07-06,1.7101232299252904,1.9692328102170016,naive,CUSCO
2015-07-13,1.528746523721093,1.9692328102170016,naive,CUSCO
2015-07-20,1.3991917335752377,1.9692328102170016,naive,CUSCO
2015-07-27,1.554657481750264,1.9692328102170016,naive,CUSCO
2015-08-03,1.3991917335752377,1.554657481750264,naive,CUSCO
2015-08-10,1.3473698175168956,1.554657481750264,naive,CUSCO
2015-08-17,1.0364383211668426,1.554657481750264,naive,CUSCO
2015-08-24,1.0623492791960139,1.554657481750264,naive,CUSCO
2015-08-31,0.8809725729918162,1.0623492791960139,naive,CUSCO
2015-09-07,1.165993111312698,1.0623492791960139,naive,CUSCO
2015-09-14,1.0623492791960139,1.0623492791960139,naive,CUSCO
2015-09-21,1.2437259854002114,1.0623492791960139,naive,CUSCO
2015-09-28,1.140082153283527,1.2437259854002114,naive,CUSCO
2015-10-05,1.1141711952543558,1.2437259854002114,naive,CUSCO
2015-10-12,0.9327944890501584,1.2437259854002114,naive,CUSCO
2015-10-19,0.7255068248167897,1.2437259854002114,naive,CUSCO
2015-10-26,0.803239698904303,0.7255068248167899,naive,CUSCO
2015-11-02,0.803239698904303,0.7255068248167899,naive,CUSCO
2015-11-09,0.8550616149626452,0.7255068248167899,naive,CUSCO
2015-11-16,1.2437259854002114,0.7255068248167899,naive,CUSCO
2015-11-23,1.425102691604409,1.2437259854002114,naive,CUSCO
2015-11-30,1.5028355656919221,1.2437259854002114,naive,CUSCO
2015-12-07,1.140082153283527,1.2437259854002114,naive,CUSCO
2015-12-14,0.9327944890501584,1.2437259854002114,naive,CUSCO
2015-12-21,1.1919040693418692,0.9327944890501583,naive,CUSCO
2015-12-28,0.8550616149626453,0.9327944890501583,naive,CUSCO
2016-01-04,1.1081557381138298,0.9327944890501583,naive,CUSCO
2016-01-11,0.9737312921875486,0.9327944890501583,naive,CUSCO
2016-01-18,1.4349724305921772,0.9737312921875486,naive,CUSCO
2016-01-25,1.1787273537007168,0.9737312921875486,naive,CUSCO
2016-02-01,1.0249803075658406,0.9737312921875486,naive,CUSCO
2016-02-08,0.7943597383635265,0.9737312921875486,naive,CUSCO
2016-02-15,0.8199842460526726,0.7943597383635266,naive,CUSCO
2016-02-22,0.7943597383635265,0.7943597383635266,naive,CUSCO
2016-02-29,0.8199842460526726,0.7943597383635266,naive,CUSCO
2016-03-07,0.9224822768092565,0.7943597383635266,naive,CUSCO
2016-03-14,1.2043518613898627,0.9224822768092564,naive,CUSCO
2016-03-21,1.281225384457301,0.9224822768092564,naive,CUSCO
2016-03-28,1.383723415213885,0.9224822768092564,naive,CUSCO
2016-04-04,1.281225384457301,0.9224822768092564,naive,CUSCO
2016-04-11,1.358098907524739,1.281225384457301,naive,CUSCO
2016-04-18,1.2556008767681548,1.281225384457301,naive,CUSCO
2016-04-25,1.281225384457301,1.281225384457301,naive,CUSCO
2016-05-02,1.2556008767681548,1.281225384457301,naive,CUSCO
2016-05-09,1.281225384457301,1.2556008767681548,naive,CUSCO
2016-05-16,1.3324743998355928,1.2556008767681548,naive,CUSCO
2016-05-23,1.3068498921464469,1.2556008767681548,naive,CUSCO
2016-05-30,1.537470461348761,1.2556008767681548,naive,CUSCO
2016-06-06,1.5374704613487609,1.537470461348761,naive,CUSCO
2016-06-13,1.537470461348761,1.537470461348761,naive,CUSCO
2016-06-20,1.2812253844573007,1.537470461348761,naive,CUSCO
2016-06-27,1.588719476727053,1.537470461348761,naive,CUSCO
2016-07-04,2.12683413819912,1.588719476727053,naive,CUSCO
2016-07-11,2.434328230468872,1.588719476727053,naive,CUSCO
2016-07-18,2.0755851228208275,1.588719476727053,naive,CUSCO
2016-07-25,1.8962135689968054,1.588719476727053,naive,CUSCO
2016-08-01,2.0755851228208275,1.8962135689968052,naive,CUSCO
2016-08-08,2.3062056920231417,1.8962135689968052,naive,CUSCO
2016-08-15,2.2293321689557035,1.8962135689968052,naive,CUSCO
2016-08-22,1.9218380766859517,1.8962135689968052,naive,CUSCO
2016-08-29,1.6912175074836373,1.9218380766859517,naive,CUSCO
2016-09-05,1.588719476727053,1.9218380766859517,naive,CUSCO
2016-09-12,1.6143439844161993,1.9218380766859517,naive,CUSCO
2016-09-19,1.6399684921053452,1.9218380766859517,naive,CUSCO
2016-09-26,1.8193400459293674,1.6399684921053452,naive,CUSCO
2016-10-03,1.716842015172783,1.6399684921053452,naive,CUSCO
2016-10-10,1.844964553618513,1.6399684921053452,naive,CUSCO
2016-10-17,1.844964553618513,1.6399684921053452,naive,CUSCO
2016-10-24,1.716842015172783,1.8449645536185129,naive,CUSCO
2016-10-31,1.4605969382813226,1.8449645536185129,naive,CUSCO
2016-11-07,1.2043518613898625,1.8449645536185129,naive,CUSCO
2016-11-14,1.3837234152138846,1.8449645536185129,naive,CUSCO
2016-11-21,1.4349724305921765,1.3837234152138849,naive,CUSCO
2016-11-28,1.716842015172783,1.3837234152138849,naive,CUSCO
2016-12-05,1.5374704613487609,1.3837234152138849,naive,CUSCO
2016-12-12,1.6399684921053448,1.3837234152138849,naive,CUSCO
2016-12-19,1.5374704613487609,1.6399684921053448,naive,CUSCO
2016-12-26,1.691217507483637,1.6399684921053448,naive,CUSCO
2017-01-02,1.76164630769067,1.6399684921053448,naive,CUSCO
2017-01-09,1.526542453020248,1.6399684921053448,naive,CUSCO
2017-01-16,1.4953138384959672,1.526542453020248,naive,CUSCO
2017-01-23,1.39393662910641,1.526542453020248,naive,CUSCO
2017-01-30,1.5206581408433564,1.526542453020248,naive,CUSCO
2017-02-06,1.622035350232914,1.526542453020248,naive,CUSCO
2017-02-13,1.6473796525803028,1.6220353502329141,naive,CUSCO
2017-02-20,1.6473796525803028,1.6220353502329141,naive,CUSCO
2017-02-27,1.4192809314537993,1.6220353502329141,naive,CUSCO
2017-03-06,1.2672151173694637,1.6220353502329141,naive,CUSCO
2017-03-13,1.1404936056325172,1.2672151173694637,naive,CUSCO
2017-03-20,1.0644606985903493,1.2672151173694637,naive,CUSCO
2017-03-27,1.2925594197168528,1.2672151173694637,naive,CUSCO
2017-04-03,1.4192809314537993,1.2672151173694637,naive,CUSCO
2017-04-10,1.6220353502329135,1.4192809314537993,naive,CUSCO
2017-04-17,1.4446252338011885,1.4192809314537993,naive,CUSCO
2017-04-24,1.4446252338011887,1.4192809314537993,naive,CUSCO
2017-05-01,1.4192809314537993,1.4192809314537993,naive,CUSCO
2017-05-08,1.3432480244116316,1.4192809314537993,naive,CUSCO
2017-05-15,1.4192809314537993,1.4192809314537993,naive,CUSCO
2017-05-22,1.5206581408433564,1.4192809314537993,naive,CUSCO
2017-05-29,1.5460024431907458,1.4192809314537993,naive,CUSCO
2017-06-05,1.4192809314537993,1.546002443190746,naive,CUSCO
2017-06-12,1.4446252338011885,1.546002443190746,naive,CUSCO
2017-06-19,1.6473796525803028,1.546002443190746,naive,CUSCO
2017-06-26,1.850134071359417,1.546002443190746,naive,CUSCO
2017-07-03,2.382364420654592,1.8501340713594172,naive,CUSCO
2017-07-10,2.3063315136124243,1.8501340713594172,naive,CUSCO
2017-07-17,2.483741630044149,1.8501340713594172,naive,CUSCO
2017-07-24,2.1796100018754774,1.8501340713594172,naive,CUSCO
2017-07-31,2.1796100018754774,2.1796100018754774,naive,CUSCO
2017-08-07,2.0021998854437526,2.1796100018754774,naive,CUSCO
2017-08-14,1.6980682572750814,2.1796100018754774,naive,CUSCO
2017-08-21,1.850134071359417,2.1796100018754774,naive,CUSCO
2017-08-28,1.7741011643172493,1.8501340713594172,naive,CUSCO
2017-09-04,1.7994454666646387,1.8501340713594172,naive,CUSCO
2017-09-11,1.672723954927692,1.8501340713594172,naive,CUSCO
2017-09-18,1.6473796525803028,1.8501340713594172,naive,CUSCO
2017-09-25,1.850134071359417,1.647379652580303,naive,CUSCO
2017-10-02,2.027544187791142,1.647379652580303,naive,CUSCO
2017-10-09,2.0021998854437526,1.647379652580303,naive,CUSCO
2017-10-16,1.7994454666646387,1.647379652580303,naive,CUSCO
2017-10-23,1.7741011643172493,1.7994454666646387,naive,CUSCO
2017-10-30,1.672723954927692,1.7994454666646387,naive,CUSCO
2017-11-06,1.7234125596224708,1.7994454666646387,naive,CUSCO
2017-11-13,1.6473796525803028,1.7994454666646387,naive,CUSCO
2017-11-20,1.824789769012028,1.647379652580303,naive,CUSCO
2017-11-27,2.027544187791142,1.647379652580303,naive,CUSCO
2017-12-04,2.0528884901385314,1.647379652580303,naive,CUSCO
2017-12-11,2.10357709483331,1.647379652580303,naive,CUSCO
2017-12-18,1.6980682572750814,2.10357709483331,naive,CUSCO
2017-12-25,1.6473796525803028,2.10357709483331,naive,CUSCO
2018-01-01,1.6446280205631993,2.10357709483331,naive,CUSCO
2018-01-08,2.3497843452251908,2.10357709483331,naive,CUSCO
2018-01-15,2.524239005045953,2.349784345225191,naive,CUSCO
2018-01-22,2.5747237851468725,2.349784345225191,naive,CUSCO
2018-01-29,2.044633594087222,2.349784345225191,naive,CUSCO
2018-02-05,1.8931792537844647,2.349784345225191,naive,CUSCO
2018-02-12,1.716482523431248,1.8931792537844645,naive,CUSCO
2018-02-19,1.4135738428257334,1.8931792537844645,naive,CUSCO
2018-02-26,1.3883314527752741,1.8931792537844645,naive,CUSCO
2018-03-05,1.3630890627248144,1.8931792537844645,naive,CUSCO
2018-03-12,1.766967303532167,1.3630890627248144,naive,CUSCO
2018-03-19,1.7164825234312477,1.3630890627248144,naive,CUSCO
2018-03-26,1.9689064239358434,1.3630890627248144,naive,CUSCO
2018-04-02,1.6912401333807885,1.3630890627248144,naive,CUSCO
2018-04-09,1.9436640338853841,1.6912401333807885,naive,CUSCO
2018-04-16,1.8174520836330863,1.6912401333807885,naive,CUSCO
2018-04-23,2.0698759841376813,1.6912401333807885,naive,CUSCO
2018-04-30,1.7164825234312477,1.6912401333807885,naive,CUSCO
2018-05-07,1.489301012977112,1.7164825234312477,naive,CUSCO
2018-05-14,1.5145434030275713,1.7164825234312477,naive,CUSCO
2018-05-21,1.7417249134817074,1.7164825234312477,naive,CUSCO
2018-05-28,2.1456031542890597,1.7164825234312477,naive,CUSCO
2018-06-04,2.2718151045413575,2.1456031542890597,naive,CUSCO
2018-06-11,2.9887772096541014,2.1456031542890597,naive,CUSCO
2018-06-18,3.1149891599063992,2.1456031542890597,naive,CUSCO
2018-06-25,3.518867400713752,2.1456031542890597,naive,CUSCO
2018-07-02,3.1048139762065223,3.5188674007137526,naive,CUSCO
2018-07-09,3.029086806055144,3.5188674007137526,naive,CUSCO
2018-07-16,2.70093573539917,3.5188674007137526,naive,CUSCO
2018-07-23,2.6756933453487104,3.5188674007137526,naive,CUSCO
2018-07-30,2.625208565247791,2.67569334534871,naive,CUSCO
2018-08-06,2.801905295601008,2.67569334534871,naive,CUSCO
2018-08-13,2.7766629055505483,2.67569334534871,naive,CUSCO
2018-08-20,2.72617812544963,2.67569334534871,naive,CUSCO
2018-08-27,2.473754224945034,2.72617812544963,naive,CUSCO
2018-09-03,2.0193912040367628,2.72617812544963,naive,CUSCO
2018-09-10,1.9689064239358434,2.72617812544963,naive,CUSCO
2018-09-17,1.7417249134817077,2.72617812544963,naive,CUSCO
2018-09-24,1.9436640338853841,1.7417249134817077,naive,CUSCO
2018-10-01,1.8426944736835458,1.7417249134817077,naive,CUSCO
2018-10-08,1.665997743330329,1.7417249134817077,naive,CUSCO
2018-10-15,1.665997743330329,1.7417249134817077,naive,CUSCO
2018-10-22,1.665997743330329,1.665997743330329,naive,CUSCO
2018-10-29,1.8426944736835458,1.665997743330329,naive,CUSCO
2018-11-05,1.9941488139863033,1.665997743330329,naive,CUSCO
2018-11-12,2.1708455443395196,1.665997743330329,naive,CUSCO
2018-11-19,2.347542274692737,2.1708455443395196,naive,CUSCO
2018-11-26,2.221330324440439,2.1708455443395196,naive,CUSCO
2018-12-03,1.8679368637340052,2.1708455443395196,naive,CUSCO
2018-12-10,1.5397857930780312,2.1708455443395196,naive,CUSCO
2018-12-17,1.1359075522706787,1.5397857930780312,naive,CUSCO
2018-12-24,1.1611499423211384,1.5397857930780312,naive,CUSCO
2018-12-31,1.2116347224220574,1.5397857930780312,naive,CUSCO
2019-01-07,1.4316865024751626,1.5397857930780312,naive,CUSCO
2019-01-14,1.6483610418119896,1.4316865024751628,naive,CUSCO
2019-01-21,1.8401684400668323,1.4316865024751628,naive,CUSCO
2019-01-28,1.9147698633127852,1.4316865024751628,naive,CUSCO
2019-02-04,1.8153012989848485,1.4316865024751628,naive,CUSCO
2019-02-11,1.5914970292469903,1.8153012989848487,naive,CUSCO
2019-02-18,1.5417627470830222,1.8153012989848487,naive,CUSCO
2019-02-25,1.7158327346569113,1.8153012989848487,naive,CUSCO
2019-03-04,1.9147698633127854,1.8153012989848487,naive,CUSCO
2019-03-11,1.8650355811488168,1.9147698633127852,naive,CUSCO
2019-03-18,1.6412313114109587,1.9147698633127852,naive,CUSCO
2019-03-25,1.4920284649190532,1.9147698633127852,naive,CUSCO
2019-04-01,1.59149702924699,1.9147698633127852,naive,CUSCO
2019-04-08,1.6909655935749273,1.59149702924699,naive,CUSCO
2019-04-15,1.6163641703289746,1.59149702924699,naive,CUSCO
2019-04-22,1.6163641703289746,1.59149702924699,naive,CUSCO
2019-04-29,1.4920284649190532,1.59149702924699,naive,CUSCO
2019-05-06,1.6163641703289742,1.4920284649190532,naive,CUSCO
2019-05-13,1.7655670168208797,1.4920284649190532,naive,CUSCO
2019-05-20,1.7904341579028642,1.4920284649190532,naive,CUSCO
2019-05-27,1.9396370043947695,1.4920284649190532,naive,CUSCO
2019-06-03,1.9147698633127852,1.9396370043947695,naive,CUSCO
2019-06-10,2.1137069919686593,1.9396370043947695,naive,CUSCO
2019-06-17,2.163441274132628,1.9396370043947695,naive,CUSCO
2019-06-24,2.436979826034454,1.9396370043947695,naive,CUSCO
2019-07-01,2.7602526601002495,2.436979826034454,naive,CUSCO
2019-07-08,2.735385519018265,2.436979826034454,naive,CUSCO
2019-07-15,2.8099869422642176,2.436979826034454,naive,CUSCO
2019-07-22,3.0835254941660444,2.436979826034454,naive,CUSCO
2019-07-29,3.3570640460678707,3.083525494166044,naive,CUSCO
2019-08-05,3.406798328231839,3.083525494166044,naive,CUSCO
2019-08-12,2.8099869422642176,3.083525494166044,naive,CUSCO
2019-08-19,2.6110498136083438,3.083525494166044,naive,CUSCO
2019-08-26,2.312644120624533,2.6110498136083438,naive,CUSCO
2019-09-02,2.138574133050644,2.6110498136083438,naive,CUSCO
2019-09-09,2.0142384276407226,2.6110498136083438,naive,CUSCO
2019-09-16,1.8650355811488175,2.6110498136083438,naive,CUSCO
2019-09-23,1.9893712865587385,1.8650355811488177,naive,CUSCO
2019-09-30,1.964504145476754,1.8650355811488177,naive,CUSCO
2019-10-07,1.9396370043947702,1.8650355811488177,naive,CUSCO
2019-10-14,2.039105568722707,1.8650355811488177,naive,CUSCO
2019-10-21,1.964504145476754,2.039105568722707,naive,CUSCO
2019-10-28,2.0142384276407226,2.039105568722707,naive,CUSCO
2019-11-04,1.7655670168208804,2.039105568722707,naive,CUSCO
2019-11-11,1.7158327346569118,2.039105568722707,naive,CUSCO
2019-11-18,1.7158327346569118,1.7158327346569118,naive,CUSCO
2019-11-25,1.7904341579028644,1.7158327346569118,naive,CUSCO
2019-12-02,1.8899027222308016,1.7158327346569118,naive,CUSCO
2019-12-09,2.063972709804691,1.7158327346569118,naive,CUSCO
2019-12-16,2.138574133050644,2.063972709804691,naive,CUSCO
2019-12-23,2.0639727098046907,2.063972709804691,naive,CUSCO
2019-12-30,1.6163641703289748,2.063972709804691,naive,CUSCO
2020-01-06,1.6815258008843887,2.063972709804691,naive,CUSCO
2020-01-13,1.7976397513702924,1.6815258008843887,naive,CUSCO
2020-01-20,2.0632610577897315,1.6815258008843887,naive,CUSCO
2020-01-27,1.891322636307254,1.6815258008843887,naive,CUSCO
2020-02-03,1.7193842148247764,1.6815258008843887,naive,CUSCO
2020-02-10,1.5228831617019447,1.7193842148247762,naive,CUSCO
2020-02-17,1.4246326351405287,1.7193842148247762,naive,CUSCO
2020-02-24,1.473757898421237,1.7193842148247762,naive,CUSCO
2020-03-02,1.793072109745838,1.7193842148247762,naive,CUSCO
2020-03-09,1.965010531228316,1.793072109745838,naive,CUSCO
2020-03-16,1.8667600046669,1.793072109745838,naive,CUSCO
2020-03-23,1.5720084249826527,1.793072109745838,naive,CUSCO
2020-03-30,1.2526942136580512,1.793072109745838,naive,CUSCO
2020-04-06,1.1053184238159275,1.2526942136580512,naive,CUSCO
2020-04-13,1.0316305288948657,1.2526942136580512,naive,CUSCO
2020-04-20,0.9825052656141576,1.2526942136580512,naive,CUSCO
2020-04-27,0.884254739052742,1.2526942136580512,naive,CUSCO
2020-05-04,0.7614415808509722,0.884254739052742,naive,CUSCO
2020-05-11,0.6140657910088486,0.884254739052742,naive,CUSCO
2020-05-18,0.6386284226492025,0.884254739052742,naive,CUSCO
2020-05-25,0.6386284226492025,0.884254739052742,naive,CUSCO
2020-06-01,0.7123163175702644,0.6386284226492025,naive,CUSCO
2020-06-08,0.6631910542895564,0.6386284226492025,naive,CUSCO
2020-06-15,0.6877536859299104,0.6386284226492025,naive,CUSCO
2020-06-22,0.6877536859299104,0.6386284226492025,naive,CUSCO
2020-06-29,0.9579426339738039,0.6877536859299104,naive,CUSCO
2020-07-06,1.1298810554562815,0.6877536859299104,naive,CUSCO
2020-07-13,1.5228831617019445,0.6877536859299104,naive,CUSCO
2020-07-20,2.1615115843511474,0.6877536859299104,naive,CUSCO
2020-07-27,3.0428434395586543,2.161511584351147,naive,CUSCO
2020-08-03,3.7767995049240386,2.161511584351147,naive,CUSCO
2020-08-10,3.948737926406516,2.161511584351147,naive,CUSCO
2020-08-17,3.9487379264065154,2.161511584351147,naive,CUSCO
2020-08-24,3.9487379264065154,3.948737926406515,naive,CUSCO
2020-08-31,3.8504873998451004,3.948737926406515,naive,CUSCO
2020-09-07,3.5832213356464417,3.948737926406515,naive,CUSCO
2020-09-14,2.947515796842474,3.948737926406515,naive,CUSCO
2020-09-21,2.5545136905968104,2.9475157968424743,naive,CUSCO
2020-09-28,2.0878236894300852,2.9475157968424743,naive,CUSCO
2020-10-05,1.8913226363072537,2.9475157968424743,naive,CUSCO
2020-10-12,1.5228831617019445,2.9475157968424743,naive,CUSCO
2020-10-19,1.4000700035001747,1.5228831617019445,naive,CUSCO
2020-10-26,1.4000700035001747,1.5228831617019445,naive,CUSCO
2020-11-02,1.350944740219467,1.5228831617019445,naive,CUSCO
2020-11-09,1.3263821085791128,1.5228831617019445,naive,CUSCO
2020-11-16,1.301819476938759,1.326382108579113,naive,CUSCO
2020-11-23,1.5228831617019445,1.326382108579113,naive,CUSCO
2020-11-30,1.5720084249826523,1.326382108579113,naive,CUSCO
2020-12-07,1.5474457933422983,1.326382108579113,naive,CUSCO
2020-12-14,1.4000700035001747,1.547445793342298,naive,CUSCO
2020-12-21,1.3755073718598207,1.547445793342298,naive,CUSCO
2020-12-28,1.1790063187369892,1.547445793342298,naive,CUSCO
2021-01-04,1.3697442800603732,1.547445793342298,naive,CUSCO
2021-01-11,1.778779642083208,1.3697442800603732,naive,CUSCO
2021-01-18,2.287218149027348,1.3697442800603732,naive,CUSCO
2021-01-25,2.700863984489741,1.3697442800603732,naive,CUSCO
2021-02-01,3.1145098199521333,1.3697442800603732,naive,CUSCO
2021-02-08,3.576819871351278,3.1145098199521333,naive,CUSCO
2021-02-15,3.902893193053717,3.1145098199521333,naive,CUSCO
2021-02-22,3.7325684372750847,3.1145098199521333,naive,CUSCO
2021-03-01,3.5135794655596997,3.1145098199521333,naive,CUSCO
2021-03-08,2.9685171721418766,3.5135794655596992,naive,CUSCO
2021-03-15,2.8955208482367483,3.5135794655596992,naive,CUSCO
2021-03-22,3.2118382518256374,3.5135794655596992,naive,CUSCO
2021-03-29,3.6011519793196545,3.5135794655596992,naive,CUSCO
2021-04-05,3.576819871351278,3.6011519793196545,naive,CUSCO
2021-04-12,3.5865757894648276,3.6011519793196545,naive,CUSCO
2021-04-19,3.742324355388634,3.6011519793196545,naive,CUSCO
2021-04-26,3.9856454350723944,3.6011519793196545,naive,CUSCO
2021-05-03,3.7325684372750842,3.985645435072394,naive,CUSCO
2021-05-10,3.601151979319654,3.985645435072394,naive,CUSCO
2021-05-17,3.406495115572646,3.985645435072394,naive,CUSCO
2021-05-24,3.6011519793196545,3.985645435072394,naive,CUSCO
2021-05-31,3.479491439477774,3.6011519793196545,naive,CUSCO
2021-06-07,3.333498791667518,3.6011519793196545,naive,CUSCO
2021-06-14,2.6278676605846125,3.6011519793196545,naive,CUSCO
2021-06-21,1.9952328534068353,3.6011519793196545,naive,CUSCO
2021-06-28,1.5085906940393141,1.995232853406835,naive,CUSCO
2021-07-05,1.3139338302923058,1.995232853406835,naive,CUSCO
2021-07-12,1.0949448585769215,1.995232853406835,naive,CUSCO
2021-07-19,1.1192769665452975,1.995232853406835,naive,CUSCO
2021-07-26,1.1192769665452973,1.1192769665452975,naive,CUSCO
2021-08-02,1.0462806426401692,1.1192769665452975,naive,CUSCO
2021-08-09,1.0219485346717934,1.1192769665452975,naive,CUSCO
2021-08-16,0.9732843187350412,1.1192769665452975,naive,CUSCO
2021-08-23,1.240937506387178,0.9732843187350411,naive,CUSCO
2021-08-30,1.2652696143555537,0.9732843187350411,naive,CUSCO
2021-09-06,1.2652696143555537,0.9732843187350411,naive,CUSCO
2021-09-13,1.4355943701341858,0.9732843187350411,naive,CUSCO
2021-09-20,1.5572549099760664,1.4355943701341858,naive,CUSCO
2021-09-27,1.7519117737230747,1.4355943701341858,naive,CUSCO
2021-10-04,1.5329228020076904,1.4355943701341858,naive,CUSCO
2021-10-11,1.4599264781025623,1.4355943701341858,naive,CUSCO
2021-10-18,1.386930154197434,1.4599264781025623,naive,CUSCO
2021-10-25,1.4112622621658104,1.4599264781025623,naive,CUSCO
2021-11-01,1.2896017223239298,1.4599264781025623,naive,CUSCO
2021-11-08,1.338265938260682,1.4599264781025623,naive,CUSCO
2021-11-15,1.4355943701341862,1.338265938260682,naive,CUSCO
2021-11-22,1.4355943701341862,1.338265938260682,naive,CUSCO
2021-11-29,1.5815870179444425,1.338265938260682,naive,CUSCO
2021-12-06,1.4112622621658104,1.338265938260682,naive,CUSCO
2021-12-13,1.484258586070938,1.4112622621658104,naive,CUSCO
2021-12-20,1.240937506387178,1.4112622621658104,naive,CUSCO
2021-12-27,1.1679411824820496,1.4112622621658104,naive,CUSCO
2022-01-03,1.2849039448607722,1.4112622621658104,naive,CUSCO
2022-01-10,1.6438724092335708,1.2849039448607722,naive,CUSCO
2022-01-17,1.9556799464578285,1.2849039448607722,naive,CUSCO
2022-01-24,2.2454103088960253,1.2849039448607722,naive,CUSCO
2022-01-31,2.1488335214166265,1.2849039448607722,naive,CUSCO
2022-02-07,2.0522567339372273,2.1488335214166265,naive,CUSCO
2022-02-14,1.5935169934100823,2.1488335214166265,naive,CUSCO
2022-02-21,1.448651812190984,2.1488335214166265,naive,CUSCO
2022-02-28,1.4727960090608336,2.1488335214166265,naive,CUSCO
2022-03-07,1.352075024711585,1.4727960090608336,naive,CUSCO
2022-03-14,1.1830656466226368,1.4727960090608336,naive,CUSCO
2022-03-21,1.0623446622733879,1.4727960090608336,naive,CUSCO
2022-03-28,1.4969402059306833,1.4727960090608336,naive,CUSCO
2022-04-04,1.5452285996703825,1.4969402059306833,naive,CUSCO
2022-04-11,1.8108147652387299,1.4969402059306833,naive,CUSCO
2022-04-18,1.5210844028005333,1.4969402059306833,naive,CUSCO
2022-04-25,1.4969402059306833,1.4969402059306833,naive,CUSCO
2022-05-02,1.0140562685336885,1.4969402059306833,naive,CUSCO
2022-05-09,1.3037866309718853,1.4969402059306833,naive,CUSCO
2022-05-16,1.4969402059306833,1.4969402059306833,naive,CUSCO
2022-05-23,1.8108147652387299,1.4969402059306833,naive,CUSCO
2022-05-30,1.714237977759331,1.8108147652387299,naive,CUSCO
2022-06-06,1.7383821746291808,1.8108147652387299,naive,CUSCO
2022-06-13,1.8349589621085798,1.8108147652387299,naive,CUSCO
2022-06-20,1.9073915527181289,1.8108147652387299,naive,CUSCO
2022-06-27,1.8591031589784297,1.9073915527181287,naive,CUSCO
2022-07-04,2.124689324546777,1.9073915527181287,naive,CUSCO
2022-07-11,2.2454103088960253,1.9073915527181287,naive,CUSCO
2022-07-18,2.293698702635725,1.9073915527181287,naive,CUSCO
2022-07-25,2.003968340197528,2.293698702635725,naive,CUSCO
2022-08-01,1.81081476523873,2.293698702635725,naive,CUSCO
2022-08-08,1.81081476523873,2.293698702635725,naive,CUSCO
2022-08-15,1.7625263714990307,2.293698702635725,naive,CUSCO
2022-08-22,1.665949584019632,1.762526371499031,naive,CUSCO
2022-08-29,1.448651812190984,1.762526371499031,naive,CUSCO
2022-09-05,1.6900937808894814,1.762526371499031,naive,CUSCO
2022-09-12,1.6176611902799323,1.762526371499031,naive,CUSCO
2022-09-19,1.714237977759331,1.6176611902799323,naive,CUSCO
2022-09-26,1.3279308278417352,1.6176611902799323,naive,CUSCO
2022-10-03,1.4727960090608336,1.6176611902799323,naive,CUSCO
2022-10-10,1.5935169934100823,1.6176611902799323,naive,CUSCO
2022-10-17,1.9073915527181289,1.5935169934100823,naive,CUSCO
2022-10-24,1.9315357495879788,1.5935169934100823,naive,CUSCO
2022-10-31,1.8349589621085798,1.5935169934100823,naive,CUSCO
2022-11-07,1.641805387149782,1.5935169934100823,naive,CUSCO
2022-11-14,1.7142379777593313,1.641805387149782,naive,CUSCO
2022-11-21,1.448651812190984,1.641805387149782,naive,CUSCO
2022-11-28,1.448651812190984,1.641805387149782,naive,CUSCO
2022-12-05,1.158921449752787,1.641805387149782,naive,CUSCO
2022-12-12,1.255498237232186,1.158921449752787,naive,CUSCO
2022-12-19,1.3037866309718857,1.158921449752787,naive,CUSCO
2022-12-26,1.4245076153211345,1.158921449752787,naive,CUSCO
2023-01-02,1.8300348202375554,1.158921449752787,naive,CUSCO
2023-01-09,1.92248168227674,1.8300348202375551,naive,CUSCO
2023-01-16,1.7989015187765738,1.8300348202375551,naive,CUSCO
2023-01-23,1.439121215021259,1.8300348202375551,naive,CUSCO
2023-01-30,1.3431798006865083,1.8300348202375551,naive,CUSCO
2023-02-06,1.6549893972744478,1.3431798006865083,naive,CUSCO
2023-02-13,1.7029601044418232,1.3431798006865083,naive,CUSCO
2023-02-20,1.6789747508581356,1.3431798006865083,naive,CUSCO
2023-02-27,1.4870919221886343,1.3431798006865083,naive,CUSCO
2023-03-06,1.4870919221886343,1.4870919221886343,naive,CUSCO
2023-03-13,1.7269454580255108,1.4870919221886343,naive,CUSCO
2023-03-20,1.9907843474460751,1.4870919221886343,naive,CUSCO
2023-03-27,2.4944767727035155,1.4870919221886343,naive,CUSCO
2023-04-03,2.7343303085403927,2.494476772703516,naive,CUSCO
2023-04-10,2.638388894205642,2.494476772703516,naive,CUSCO
2023-04-17,2.782301015707768,2.494476772703516,naive,CUSCO
2023-04-24,2.7343303085403927,2.494476772703516,naive,CUSCO
2023-05-01,3.0461399051283315,2.7343303085403927,naive,CUSCO
2023-05-08,2.8782424300425187,2.7343303085403927,naive,CUSCO
2023-05-15,2.5904181870382663,2.7343303085403927,naive,CUSCO
2023-05-22,2.230637883282952,2.7343303085403927,naive,CUSCO
2023-05-29,2.2546232368666392,2.2306378832829523,naive,CUSCO
2023-06-05,2.470491419119828,2.2306378832829523,naive,CUSCO
2023-06-12,2.518462126287204,2.2306378832829523,naive,CUSCO
2023-06-19,2.446506065536141,2.2306378832829523,naive,CUSCO
2023-06-26,2.830271722875143,2.4465060655361413,naive,CUSCO
2023-07-03,2.7343303085403927,2.4465060655361413,naive,CUSCO
2023-07-10,2.3745500047850774,2.4465060655361413,naive,CUSCO
2023-07-17,1.8468722259439492,2.4465060655361413,naive,CUSCO
2023-07-24,2.206652529699264,1.846872225943949,naive,CUSCO
2023-07-31,2.326579297617702,1.846872225943949,naive,CUSCO
2023-08-07,2.134696468948201,1.846872225943949,naive,CUSCO
2023-08-14,1.6070186901070727,1.846872225943949,naive,CUSCO
2023-08-21,1.7749161651928862,1.6070186901070729,naive,CUSCO
2023-08-28,1.8708575795276365,1.6070186901070729,naive,CUSCO
2023-09-04,2.1826671761155763,1.6070186901070729,naive,CUSCO
2023-09-11,2.1107111153645133,1.6070186901070729,naive,CUSCO
2023-09-18,2.014769701029763,2.1107111153645137,naive,CUSCO
2023-09-25,2.0387550546134503,2.1107111153645137,naive,CUSCO
2023-10-02,1.9667989938623875,2.1107111153645137,naive,CUSCO
2023-10-09,2.1107111153645133,2.1107111153645137,naive,CUSCO
2023-10-16,2.0387550546134503,2.1107111153645137,naive,CUSCO
2023-10-23,1.9188282866950122,2.1107111153645137,naive,CUSCO
2023-10-30,1.8708575795276368,2.1107111153645137,naive,CUSCO
2023-11-06,1.9907843474460751,2.1107111153645137,naive,CUSCO
2023-11-13,2.2546232368666392,1.9907843474460751,naive,CUSCO
2023-11-20,2.35056465120139,1.9907843474460751,naive,CUSCO
2023-11-27,2.398535358368765,1.9907843474460751,naive,CUSCO
2023-12-04,2.2546232368666392,1.9907843474460751,naive,CUSCO
2010-12-27,1.8937086059999275,0.8609920072167794,seasonal_naive,CUSCO
2011-01-03,1.8320736017898989,1.185070499054373,seasonal_naive,CUSCO
2011-01-10,1.6893881835950346,1.5643679788695055,seasonal_naive,CUSCO
2011-01-17,1.3561933280713034,1.9485987105216647,seasonal_naive,CUSCO
2011-01-24,1.4375649277555815,1.5643679788695055,seasonal_naive,CUSCO
2011-01-31,1.247697861825599,1.070357038173872,seasonal_naive,CUSCO
2011-02-07,1.1120785290184685,0.8782416723477925,seasonal_naive,CUSCO
2011-02-14,0.8137159968427818,0.8507966200869239,seasonal_naive,CUSCO
2011-02-21,0.840839863404208,0.8507966200869239,seasonal_naive,CUSCO
2011-02-28,0.9222114630884861,1.1252471426956092,seasonal_naive,CUSCO
2011-03-07,0.89508759652706,1.235027351739083,seasonal_naive,CUSCO
2011-03-14,0.9493353296499123,1.4271427175651628,seasonal_naive,CUSCO
2011-03-21,1.1392023955798949,1.4820328220869,seasonal_naive,CUSCO
2011-03-28,1.1120785290184687,1.3173625085216887,seasonal_naive,CUSCO
2011-04-04,1.1663262621413208,1.0978020904347405,seasonal_naive,CUSCO
2011-04-11,0.9764591962113384,1.1252471426956092,seasonal_naive,CUSCO
2011-04-18,1.0307069293341906,1.235027351739083,seasonal_naive,CUSCO
2011-04-25,0.7865921302813558,1.2075822994782146,seasonal_naive,CUSCO
2011-05-02,0.9493353296499123,1.1252471426956092,seasonal_naive,CUSCO
2011-05-09,1.0307069293341904,1.070357038173872,seasonal_naive,CUSCO
2011-05-16,1.2748217283870251,1.2899174562608202,seasonal_naive,CUSCO
2011-05-23,1.301945594948451,1.2624724039999515,seasonal_naive,CUSCO
2011-05-30,1.0849546624570428,1.1526921949564777,seasonal_naive,CUSCO
2011-06-06,0.9764591962113384,1.0429119859130036,seasonal_naive,CUSCO
2011-06-13,0.8679637299656341,1.0703570381738723,seasonal_naive,CUSCO
2011-06-20,0.9222114630884861,1.3173625085216887,seasonal_naive,CUSCO
2011-06-27,0.89508759652706,1.4820328220869,seasonal_naive,CUSCO
2011-07-04,0.8408398634042079,1.5369229266086368,seasonal_naive,CUSCO
2011-07-11,1.1120785290184685,1.3448075607825571,seasonal_naive,CUSCO
2011-07-18,1.356193328071303,1.1801372472173464,seasonal_naive,CUSCO
2011-07-25,1.2205739952641728,1.0978020904347405,seasonal_naive,CUSCO
2011-08-01,1.0578307958956163,1.2899174562608202,seasonal_naive,CUSCO
2011-08-08,1.0035830627727644,1.3722526130434254,seasonal_naive,CUSCO
2011-08-15,1.247697861825599,1.4820328220869,seasonal_naive,CUSCO
2011-08-22,1.1934501287027468,1.4545877698260312,seasonal_naive,CUSCO
2011-08-29,1.247697861825599,1.2075822994782146,seasonal_naive,CUSCO
2011-09-05,1.301945594948451,1.0978020904347405,seasonal_naive,CUSCO
2011-09-12,1.5731842605627115,1.2075822994782146,seasonal_naive,CUSCO
2011-09-19,1.79017519305412,1.6467031356521107,seasonal_naive,CUSCO
2011-09-26,2.007166125545529,1.8113734492173217,seasonal_naive,CUSCO
2011-10-03,2.0342899921069546,1.5918130311303738,seasonal_naive,CUSCO
2011-10-10,1.8444229261769722,1.4820328220868995,seasonal_naive,CUSCO
2011-10-17,1.7359274599312682,1.5918130311303738,seasonal_naive,CUSCO
2011-10-24,1.5731842605627115,1.6741481879129794,seasonal_naive,CUSCO
2011-10-31,1.4646887943170075,1.866263553739059,seasonal_naive,CUSCO
2011-11-07,1.5460603940012856,1.8937086059999275,seasonal_naive,CUSCO
2011-11-14,1.3561933280713034,1.8937086059999275,seasonal_naive,CUSCO
2011-11-21,1.1663262621413206,1.6741481879129794,seasonal_naive,CUSCO
2011-11-28,0.8408398634042079,1.5369229266086368,seasonal_naive,CUSCO
2011-12-05,1.0307069293341904,1.866263553739059,seasonal_naive,CUSCO
2011-12-12,1.1663262621413208,2.003488815043402,seasonal_naive,CUSCO
2011-12-19,1.1934501287027468,2.0034888150434016,seasonal_naive,CUSCO
2011-12-26,1.247697861825599,1.8937086059999275,seasonal_naive,CUSCO
2012-01-02,1.0556345103758071,1.832073601789899,seasonal_naive,CUSCO
2012-01-09,0.9175051369746093,1.6893881835950346,seasonal_naive,CUSCO
2012-01-16,0.5898224527176873,1.3561933280713034,seasonal_naive,CUSCO
2012-01-23,0.9115437905636986,1.4375649277555815,seasonal_naive,CUSCO
2012-01-30,1.0455943479995367,1.247697861825599,seasonal_naive,CUSCO
2012-02-06,1.1260246824610396,1.1120785290184685,seasonal_naive,CUSCO
2012-02-13,0.9115437905636986,0.8137159968427818,seasonal_naive,CUSCO
2012-02-20,0.8311134561021959,0.840839863404208,seasonal_naive,CUSCO
2012-02-27,0.7774932331278607,0.9222114630884861,seasonal_naive,CUSCO
2012-03-05,0.6434426756920226,0.89508759652706,seasonal_naive,CUSCO
2012-03-12,0.7238730101535253,0.9493353296499123,seasonal_naive,CUSCO
2012-03-19,0.8043033446150282,1.1392023955798949,seasonal_naive,CUSCO
2012-03-26,1.0724044594867044,1.1120785290184687,seasonal_naive,CUSCO
2012-04-02,1.1260246824610396,1.1663262621413208,seasonal_naive,CUSCO
2012-04-09,1.1528347939482073,0.9764591962113384,seasonal_naive,CUSCO
2012-04-16,1.2064550169225423,1.0307069293341906,seasonal_naive,CUSCO
2012-04-23,1.1260246824610396,0.7865921302813559,seasonal_naive,CUSCO
2012-04-30,1.0724044594867044,0.9493353296499123,seasonal_naive,CUSCO
2012-05-07,0.9919741250252015,1.0307069293341904,seasonal_naive,CUSCO
2012-05-14,0.9115437905636986,1.2748217283870251,seasonal_naive,CUSCO
2012-05-21,1.0724044594867044,1.301945594948451,seasonal_naive,CUSCO
2012-05-28,0.8043033446150282,1.0849546624570428,seasonal_naive,CUSCO
2012-06-04,0.8847336790765311,0.9764591962113384,seasonal_naive,CUSCO
2012-06-11,0.9651640135380338,0.867963729965634,seasonal_naive,CUSCO
2012-06-18,1.0992145709738719,0.9222114630884861,seasonal_naive,CUSCO
2012-06-25,1.2332651284097098,0.89508759652706,seasonal_naive,CUSCO
2012-07-02,1.4209359088198827,0.8408398634042078,seasonal_naive,CUSCO
2012-07-09,1.7158471351787268,1.1120785290184685,seasonal_naive,CUSCO
2012-07-16,1.849897692614565,1.3561933280713028,seasonal_naive,CUSCO
2012-07-23,1.635416800717224,1.2205739952641728,seasonal_naive,CUSCO
2012-07-30,1.554986466255721,1.0578307958956163,seasonal_naive,CUSCO
2012-08-06,1.6086066892300563,1.0035830627727644,seasonal_naive,CUSCO
2012-08-13,1.5281763547685536,1.247697861825599,seasonal_naive,CUSCO
2012-08-20,1.7694673581530622,1.1934501287027468,seasonal_naive,CUSCO
2012-08-27,1.6890370236915595,1.247697861825599,seasonal_naive,CUSCO
2012-09-03,1.715847135178727,1.301945594948451,seasonal_naive,CUSCO
2012-09-10,1.3136954628712127,1.5731842605627118,seasonal_naive,CUSCO
2012-09-17,1.5817965777428888,1.7901751930541199,seasonal_naive,CUSCO
2012-09-24,1.4209359088198832,2.0071661255455293,seasonal_naive,CUSCO
2012-10-01,1.5817965777428888,2.0342899921069546,seasonal_naive,CUSCO
2012-10-08,1.1796449054353748,1.844422926176972,seasonal_naive,CUSCO
2012-10-15,1.3136954628712127,1.7359274599312682,seasonal_naive,CUSCO
2012-10-22,1.4209359088198832,1.5731842605627118,seasonal_naive,CUSCO
2012-10-29,1.849897692614565,1.4646887943170075,seasonal_naive,CUSCO
2012-11-05,2.037568473024738,1.5460603940012856,seasonal_naive,CUSCO
2012-11-12,1.849897692614565,1.3561933280713034,seasonal_naive,CUSCO
2012-11-19,1.5281763547685536,1.1663262621413206,seasonal_naive,CUSCO
2012-11-26,1.3136954628712127,0.8408398634042078,seasonal_naive,CUSCO
2012-12-03,1.3136954628712127,1.0307069293341904,seasonal_naive,CUSCO
2012-12-10,1.1796449054353746,1.1663262621413208,seasonal_naive,CUSCO
2012-12-17,1.152834793948207,1.1934501287027468,seasonal_naive,CUSCO
2012-12-24,1.152834793948207,1.247697861825599,seasonal_naive,CUSCO
2012-12-31,1.2064550169225423,1.0556345103758071,seasonal_naive,CUSCO
2013-01-07,1.2554768655722575,0.9175051369746093,seasonal_naive,CUSCO
2013-01-14,1.1978713848499183,0.5898224527176873,seasonal_naive,CUSCO
2013-01-21,1.4311918727384185,0.9115437905636986,seasonal_naive,CUSCO
2013-01-28,1.537206085533857,1.0455943479995367,seasonal_naive,CUSCO
2013-02-04,1.537206085533857,1.1260246824610396,seasonal_naive,CUSCO
2013-02-11,0.9806314683578053,0.9115437905636986,seasonal_naive,CUSCO
2013-02-18,1.1926598939486823,0.8311134561021958,seasonal_naive,CUSCO
2013-02-25,1.2721705535452612,0.7774932331278607,seasonal_naive,CUSCO
2013-03-04,1.5107025323349976,0.6434426756920226,seasonal_naive,CUSCO
2013-03-11,1.272170553545261,0.7238730101535252,seasonal_naive,CUSCO
2013-03-18,1.1396527875509632,0.8043033446150282,seasonal_naive,CUSCO
2013-03-25,1.1661563407498228,1.0724044594867044,seasonal_naive,CUSCO
2013-04-01,1.272170553545261,1.1260246824610396,seasonal_naive,CUSCO
2013-04-08,1.4046883195395592,1.1528347939482073,seasonal_naive,CUSCO
2013-04-15,1.139652787550963,1.2064550169225423,seasonal_naive,CUSCO
2013-04-22,0.9541279151589457,1.1260246824610396,seasonal_naive,CUSCO
2013-04-29,0.8216101491646478,1.0724044594867044,seasonal_naive,CUSCO
2013-05-06,0.9806314683578053,0.9919741250252015,seasonal_naive,CUSCO
2013-05-13,0.9276243619600861,0.9115437905636986,seasonal_naive,CUSCO
2013-05-20,1.272170553545261,1.0724044594867044,seasonal_naive,CUSCO
2013-05-27,1.3251776599429803,0.8043033446150282,seasonal_naive,CUSCO
2013-06-03,1.6962274047270147,0.884733679076531,seasonal_naive,CUSCO
2013-06-10,1.6432202983292956,0.9651640135380337,seasonal_naive,CUSCO
2013-06-17,2.01427004311333,1.0992145709738719,seasonal_naive,CUSCO
2013-06-24,1.6432202983292956,1.2332651284097098,seasonal_naive,CUSCO
2013-07-01,1.7757380643235934,1.4209359088198827,seasonal_naive,CUSCO
2013-07-08,1.4046883195395587,1.7158471351787268,seasonal_naive,CUSCO
2013-07-15,1.3781847663406992,1.8498976926145647,seasonal_naive,CUSCO
2013-07-22,1.2986741067441205,1.635416800717224,seasonal_naive,CUSCO
2013-07-29,1.32517765994298,1.554986466255721,seasonal_naive,CUSCO
2013-08-05,1.537206085533857,1.6086066892300563,seasonal_naive,CUSCO
2013-08-12,1.537206085533857,1.5281763547685536,seasonal_naive,CUSCO
2013-08-19,1.8552487239201723,1.7694673581530624,seasonal_naive,CUSCO
2013-08-26,1.6962274047270147,1.6890370236915595,seasonal_naive,CUSCO
2013-09-02,1.537206085533857,1.7158471351787268,seasonal_naive,CUSCO
2013-09-09,1.5372060855338567,1.3136954628712127,seasonal_naive,CUSCO
2013-09-16,1.7492345111247338,1.581796577742889,seasonal_naive,CUSCO
2013-09-23,1.8552487239201723,1.420935908819883,seasonal_naive,CUSCO
2013-09-30,1.6962274047270143,1.581796577742889,seasonal_naive,CUSCO
2013-10-07,1.510702532334997,1.1796449054353748,seasonal_naive,CUSCO
2013-10-14,1.1661563407498223,1.3136954628712127,seasonal_naive,CUSCO
2013-10-21,1.0071350215566646,1.420935908819883,seasonal_naive,CUSCO
2013-10-28,0.848113702363507,1.8498976926145647,seasonal_naive,CUSCO
2013-11-04,0.8481137023635071,2.0375684730247383,seasonal_naive,CUSCO
2013-11-11,0.8481137023635071,1.8498976926145647,seasonal_naive,CUSCO
2013-11-18,1.0336385747555243,1.5281763547685536,seasonal_naive,CUSCO
2013-11-25,1.245667000346401,1.3136954628712127,seasonal_naive,CUSCO
2013-12-02,1.3251776599429799,1.3136954628712127,seasonal_naive,CUSCO
2013-12-09,1.2986741067441203,1.1796449054353746,seasonal_naive,CUSCO
2013-12-16,1.2721705535452605,1.1528347939482073,seasonal_naive,CUSCO
2013-12-23,1.2721705535452605,1.1528347939482073,seasonal_naive,CUSCO
2013-12-30,1.0866456811532434,1.2064550169225423,seasonal_naive,CUSCO
2014-01-06,1.0818513210457843,1.2554768655722575,seasonal_naive,CUSCO
2014-01-13,0.8933299735866053,1.1978713848499183,seasonal_naive,CUSCO
2014-01-20,1.2577874732228835,1.4311918727384185,seasonal_naive,CUSCO
2014-01-27,1.336399190299314,1.537206085533857,seasonal_naive,CUSCO
2014-02-03,1.2577874732228838,1.537206085533857,seasonal_naive,CUSCO
2014-02-10,1.0481562276857364,0.9806314683578052,seasonal_naive,CUSCO
2014-02-17,0.9171366992250193,1.1926598939486823,seasonal_naive,CUSCO
2014-02-24,1.0743601333778798,1.2721705535452612,seasonal_naive,CUSCO
2014-03-03,1.100564039070023,1.5107025323349976,seasonal_naive,CUSCO
2014-03-10,0.9957484163014496,1.272170553545261,seasonal_naive,CUSCO
2014-03-17,0.9433406049171627,1.1396527875509632,seasonal_naive,CUSCO
2014-03-24,0.8909327935328758,1.1661563407498228,seasonal_naive,CUSCO
2014-03-31,1.0743601333778798,1.272170553545261,seasonal_naive,CUSCO
2014-04-07,1.0481562276857364,1.4046883195395592,seasonal_naive,CUSCO
2014-04-14,1.1267679447621666,1.139652787550963,seasonal_naive,CUSCO
2014-04-21,0.9433406049171627,0.9541279151589457,seasonal_naive,CUSCO
2014-04-28,1.021952321993593,0.8216101491646478,seasonal_naive,CUSCO
2014-05-05,0.8385249821485891,0.9806314683578052,seasonal_naive,CUSCO
2014-05-12,0.707505453687872,0.927624361960086,seasonal_naive,CUSCO
2014-05-19,0.5764859252271549,1.272170553545261,seasonal_naive,CUSCO
2014-05-26,0.5502820195350114,1.3251776599429803,seasonal_naive,CUSCO
2014-06-02,0.6550976423035851,1.6962274047270147,seasonal_naive,CUSCO
2014-06-09,0.7599132650721588,1.6432202983292956,seasonal_naive,CUSCO
2014-06-16,0.6550976423035851,2.01427004311333,seasonal_naive,CUSCO
2014-06-23,0.9433406049171627,1.6432202983292956,seasonal_naive,CUSCO
2014-06-30,1.0481562276857364,1.7757380643235934,seasonal_naive,CUSCO
2014-07-07,1.336399190299314,1.4046883195395587,seasonal_naive,CUSCO
2014-07-14,1.1529718504543098,1.3781847663406992,seasonal_naive,CUSCO
2014-07-21,1.1005640390700233,1.2986741067441205,seasonal_naive,CUSCO
2014-07-28,1.0743601333778798,1.32517765994298,seasonal_naive,CUSCO
2014-08-04,1.336399190299314,1.537206085533857,seasonal_naive,CUSCO
2014-08-11,1.6246421529128916,1.537206085533857,seasonal_naive,CUSCO
2014-08-18,1.8080694927578953,1.8552487239201725,seasonal_naive,CUSCO
2014-08-25,1.6246421529128916,1.6962274047270147,seasonal_naive,CUSCO
2014-09-01,1.4412148130678875,1.537206085533857,seasonal_naive,CUSCO
2014-09-08,1.3101952846071703,1.537206085533857,seasonal_naive,CUSCO
2014-09-15,1.4150109073757442,1.749234511124734,seasonal_naive,CUSCO
2014-09-22,1.3626030959914572,1.8552487239201725,seasonal_naive,CUSCO
2014-09-29,1.4936226244521744,1.6962274047270143,seasonal_naive,CUSCO
2014-10-06,1.2315835675307403,1.5107025323349967,seasonal_naive,CUSCO
2014-10-13,1.1529718504543103,1.1661563407498223,seasonal_naive,CUSCO
2014-10-20,0.9957484163014495,1.0071350215566646,seasonal_naive,CUSCO
2014-10-27,1.205379661838597,0.8481137023635071,seasonal_naive,CUSCO
2014-11-03,1.2315835675307403,0.8481137023635071,seasonal_naive,CUSCO
2014-11-10,1.336399190299314,0.8481137023635071,seasonal_naive,CUSCO
2014-11-17,1.1529718504543098,1.0336385747555241,seasonal_naive,CUSCO
2014-11-24,1.15297185045431,1.245667000346401,seasonal_naive,CUSCO
2014-12-01,0.8909327935328758,1.3251776599429799,seasonal_naive,CUSCO
2014-12-08,0.8909327935328758,1.2986741067441203,seasonal_naive,CUSCO
2014-12-15,0.9433406049171627,1.2721705535452605,seasonal_naive,CUSCO
2014-12-22,1.0219523219935929,1.2721705535452605,seasonal_naive,CUSCO
2014-12-29,1.283991378915027,1.0866456811532434,seasonal_naive,CUSCO
2015-01-05,1.357037090394983,1.0818513210457843,seasonal_naive,CUSCO
2015-01-12,1.5348984246435124,0.8933299735866053,seasonal_naive,CUSCO
2015-01-19,1.1659931113126982,1.2577874732228835,seasonal_naive,CUSCO
2015-01-26,1.0364383211668426,1.336399190299314,seasonal_naive,CUSCO
2015-02-02,0.803239698904303,1.2577874732228838,seasonal_naive,CUSCO
2015-02-09,0.751417782845961,1.0481562276857364,seasonal_naive,CUSCO
2015-02-16,0.5182191605834213,0.9171366992250193,seasonal_naive,CUSCO
2015-02-23,0.6477739507292767,1.0743601333778798,seasonal_naive,CUSCO
2015-03-02,0.8032396989043032,1.100564039070023,seasonal_naive,CUSCO
2015-03-09,0.8550616149626453,0.9957484163014496,seasonal_naive,CUSCO
2015-03-16,0.6736849087584478,0.9433406049171627,seasonal_naive,CUSCO
2015-03-23,0.6477739507292767,0.8909327935328758,seasonal_naive,CUSCO
2015-03-30,0.6736849087584478,1.0743601333778798,seasonal_naive,CUSCO
2015-04-06,0.9587054470793296,1.0481562276857364,seasonal_naive,CUSCO
2015-04-13,1.165993111312698,1.1267679447621666,seasonal_naive,CUSCO
2015-04-20,1.2178150273710404,0.9433406049171627,seasonal_naive,CUSCO
2015-04-27,0.9327944890501585,1.021952321993593,seasonal_naive,CUSCO
2015-05-04,0.751417782845961,0.8385249821485891,seasonal_naive,CUSCO
2015-05-11,1.114171195254356,0.707505453687872,seasonal_naive,CUSCO
2015-05-18,1.140082153283527,0.5764859252271549,seasonal_naive,CUSCO
2015-05-25,1.2955479014585534,0.5502820195350114,seasonal_naive,CUSCO
2015-06-01,0.9846164051085005,0.6550976423035851,seasonal_naive,CUSCO
2015-06-08,1.3732807755460668,0.759913265072159,seasonal_naive,CUSCO
2015-06-15,1.5546574817502643,0.6550976423035851,seasonal_naive,CUSCO
2015-06-22,1.9174108941586592,0.9433406049171627,seasonal_naive,CUSCO
2015-06-29,1.9692328102170016,1.0481562276857364,seasonal_naive,CUSCO
2015-07-06,1.7101232299252904,1.336399190299314,seasonal_naive,CUSCO
2015-07-13,1.528746523721093,1.1529718504543096,seasonal_naive,CUSCO
2015-07-20,1.3991917335752377,1.1005640390700233,seasonal_naive,CUSCO
2015-07-27,1.554657481750264,1.0743601333778798,seasonal_naive,CUSCO
2015-08-03,1.3991917335752377,1.336399190299314,seasonal_naive,CUSCO
2015-08-10,1.3473698175168956,1.6246421529128916,seasonal_naive,CUSCO
2015-08-17,1.0364383211668426,1.8080694927578953,seasonal_naive,CUSCO
2015-08-24,1.0623492791960139,1.6246421529128916,seasonal_naive,CUSCO
2015-08-31,0.8809725729918162,1.4412148130678875,seasonal_naive,CUSCO
2015-09-07,1.165993111312698,1.3101952846071703,seasonal_naive,CUSCO
2015-09-14,1.0623492791960139,1.4150109073757442,seasonal_naive,CUSCO
2015-09-21,1.2437259854002114,1.3626030959914572,seasonal_naive,CUSCO
2015-09-28,1.140082153283527,1.4936226244521742,seasonal_naive,CUSCO
2015-10-05,1.1141711952543558,1.2315835675307403,seasonal_naive,CUSCO
2015-10-12,0.9327944890501584,1.1529718504543103,seasonal_naive,CUSCO
2015-10-19,0.7255068248167897,0.9957484163014494,seasonal_naive,CUSCO
2015-10-26,0.803239698904303,1.205379661838597,seasonal_naive,CUSCO
2015-11-02,0.803239698904303,1.2315835675307403,seasonal_naive,CUSCO
2015-11-09,0.8550616149626452,1.336399190299314,seasonal_naive,CUSCO
2015-11-16,1.2437259854002114,1.1529718504543096,seasonal_naive,CUSCO
2015-11-23,1.425102691604409,1.15297185045431,seasonal_naive,CUSCO
2015-11-30,1.5028355656919221,0.8909327935328758,seasonal_naive,CUSCO
2015-12-07,1.140082153283527,0.8909327935328758,seasonal_naive,CUSCO
2015-12-14,0.9327944890501584,0.9433406049171627,seasonal_naive,CUSCO
2015-12-21,1.1919040693418692,1.0219523219935929,seasonal_naive,CUSCO
2015-12-28,0.8550616149626453,1.283991378915027,seasonal_naive,CUSCO
2016-01-04,1.1081557381138298,1.3570370903949829,seasonal_naive,CUSCO
2016-01-11,0.9737312921875486,1.5348984246435124,seasonal_naive,CUSCO
2016-01-18,1.4349724305921772,1.1659931113126982,seasonal_naive,CUSCO
2016-01-25,1.1787273537007168,1.0364383211668426,seasonal_naive,CUSCO
2016-02-01,1.0249803075658406,0.803239698904303,seasonal_naive,CUSCO
2016-02-08,0.7943597383635265,0.751417782845961,seasonal_naive,CUSCO
2016-02-15,0.8199842460526726,0.5182191605834213,seasonal_naive,CUSCO
2016-02-22,0.7943597383635265,0.6477739507292767,seasonal_naive,CUSCO
2016-02-29,0.8199842460526726,0.8032396989043032,seasonal_naive,CUSCO
2016-03-07,0.9224822768092565,0.8550616149626453,seasonal_naive,CUSCO
2016-03-14,1.2043518613898627,0.6736849087584479,seasonal_naive,CUSCO
2016-03-21,1.281225384457301,0.6477739507292767,seasonal_naive,CUSCO
2016-03-28,1.383723415213885,0.6736849087584479,seasonal_naive,CUSCO
2016-04-04,1.281225384457301,0.9587054470793295,seasonal_naive,CUSCO
2016-04-11,1.358098907524739,1.165993111312698,seasonal_naive,CUSCO
2016-04-18,1.2556008767681548,1.2178150273710404,seasonal_naive,CUSCO
2016-04-25,1.281225384457301,0.9327944890501585,seasonal_naive,CUSCO
2016-05-02,1.2556008767681548,0.751417782845961,seasonal_naive,CUSCO
2016-05-09,1.281225384457301,1.114171195254356,seasonal_naive,CUSCO
2016-05-16,1.3324743998355928,1.140082153283527,seasonal_naive,CUSCO
2016-05-23,1.3068498921464469,1.2955479014585534,seasonal_naive,CUSCO
2016-05-30,1.537470461348761,0.9846164051085005,seasonal_naive,CUSCO
2016-06-06,1.5374704613487609,1.3732807755460668,seasonal_naive,CUSCO
2016-06-13,1.537470461348761,1.5546574817502643,seasonal_naive,CUSCO
2016-06-20,1.2812253844573007,1.9174108941586592,seasonal_naive,CUSCO
2016-06-27,1.588719476727053,1.9692328102170016,seasonal_naive,CUSCO
2016-07-04,2.12683413819912,1.7101232299252904,seasonal_naive,CUSCO
2016-07-11,2.434328230468872,1.528746523721093,seasonal_naive,CUSCO
2016-07-18,2.0755851228208275,1.3991917335752377,seasonal_naive,CUSCO
2016-07-25,1.8962135689968054,1.554657481750264,seasonal_naive,CUSCO
2016-08-01,2.0755851228208275,1.3991917335752377,seasonal_naive,CUSCO
2016-08-08,2.3062056920231417,1.3473698175168956,seasonal_naive,CUSCO
2016-08-15,2.2293321689557035,1.0364383211668426,seasonal_naive,CUSCO
2016-08-22,1.9218380766859517,1.0623492791960139,seasonal_naive,CUSCO
2016-08-29,1.6912175074836373,0.8809725729918163,seasonal_naive,CUSCO
2016-09-05,1.588719476727053,1.165993111312698,seasonal_naive,CUSCO
2016-09-12,1.6143439844161993,1.0623492791960139,seasonal_naive,CUSCO
2016-09-19,1.6399684921053452,1.2437259854002114,seasonal_naive,CUSCO
2016-09-26,1.8193400459293674,1.140082153283527,seasonal_naive,CUSCO
2016-10-03,1.716842015172783,1.1141711952543558,seasonal_naive,CUSCO
2016-10-10,1.844964553618513,0.9327944890501583,seasonal_naive,CUSCO
2016-10-17,1.844964553618513,0.7255068248167899,seasonal_naive,CUSCO
2016-10-24,1.716842015172783,0.803239698904303,seasonal_naive,CUSCO
2016-10-31,1.4605969382813226,0.803239698904303,seasonal_naive,CUSCO
2016-11-07,1.2043518613898625,0.8550616149626451,seasonal_naive,CUSCO
2016-11-14,1.3837234152138846,1.2437259854002114,seasonal_naive,CUSCO
2016-11-21,1.4349724305921765,1.425102691604409,seasonal_naive,CUSCO
2016-11-28,1.716842015172783,1.5028355656919223,seasonal_naive,CUSCO
2016-12-05,1.5374704613487609,1.140082153283527,seasonal_naive,CUSCO
2016-12-12,1.6399684921053448,0.9327944890501583,seasonal_naive,CUSCO
2016-12-19,1.5374704613487609,1.1919040693418692,seasonal_naive,CUSCO
2016-12-26,1.691217507483637,0.8550616149626453,seasonal_naive,CUSCO
2017-01-02,1.76164630769067,1.1081557381138298,seasonal_naive,CUSCO
2017-01-09,1.526542453020248,0.9737312921875486,seasonal_naive,CUSCO
2017-01-16,1.4953138384959672,1.4349724305921772,seasonal_naive,CUSCO
2017-01-23,1.39393662910641,1.1787273537007168,seasonal_naive,CUSCO
2017-01-30,1.5206581408433564,1.0249803075658406,seasonal_naive,CUSCO
2017-02-06,1.622035350232914,0.7943597383635266,seasonal_naive,CUSCO
2017-02-13,1.6473796525803028,0.8199842460526726,seasonal_naive,CUSCO
2017-02-20,1.6473796525803028,0.7943597383635266,seasonal_naive,CUSCO
2017-02-27,1.4192809314537993,0.8199842460526726,seasonal_naive,CUSCO
2017-03-06,1.2672151173694637,0.9224822768092564,seasonal_naive,CUSCO
2017-03-13,1.1404936056325172,1.2043518613898627,seasonal_naive,CUSCO
2017-03-20,1.0644606985903493,1.281225384457301,seasonal_naive,CUSCO
2017-03-27,1.2925594197168528,1.383723415213885,seasonal_naive,CUSCO
2017-04-03,1.4192809314537993,1.281225384457301,seasonal_naive,CUSCO
2017-04-10,1.6220353502329135,1.358098907524739,seasonal_naive,CUSCO
2017-04-17,1.4446252338011885,1.2556008767681548,seasonal_naive,CUSCO
2017-04-24,1.4446252338011887,1.281225384457301,seasonal_naive,CUSCO
2017-05-01,1.4192809314537993,1.2556008767681548,seasonal_naive,CUSCO
2017-05-08,1.3432480244116316,1.281225384457301,seasonal_naive,CUSCO
2017-05-15,1.4192809314537993,1.3324743998355928,seasonal_naive,CUSCO
2017-05-22,1.5206581408433564,1.3068498921464469,seasonal_naive,CUSCO
2017-05-29,1.5460024431907458,1.537470461348761,seasonal_naive,CUSCO
2017-06-05,1.4192809314537993,1.5374704613487609,seasonal_naive,CUSCO
2017-06-12,1.4446252338011885,1.537470461348761,seasonal_naive,CUSCO
2017-06-19,1.6473796525803028,1.2812253844573007,seasonal_naive,CUSCO
2017-06-26,1.850134071359417,1.588719476727053,seasonal_naive,CUSCO
2017-07-03,2.382364420654592,2.1268341381991194,seasonal_naive,CUSCO
2017-07-10,2.3063315136124243,2.434328230468872,seasonal_naive,CUSCO
2017-07-17,2.483741630044149,2.0755851228208275,seasonal_naive,CUSCO
2017-07-24,2.1796100018754774,1.8962135689968052,seasonal_naive,CUSCO
2017-07-31,2.1796100018754774,2.0755851228208275,seasonal_naive,CUSCO
2017-08-07,2.0021998854437526,2.3062056920231417,seasonal_naive,CUSCO
2017-08-14,1.6980682572750814,2.2293321689557035,seasonal_naive,CUSCO
2017-08-21,1.850134071359417,1.9218380766859517,seasonal_naive,CUSCO
2017-08-28,1.7741011643172493,1.6912175074836373,seasonal_naive,CUSCO
2017-09-04,1.7994454666646387,1.588719476727053,seasonal_naive,CUSCO
2017-09-11,1.672723954927692,1.6143439844161993,seasonal_naive,CUSCO
2017-09-18,1.6473796525803028,1.6399684921053452,seasonal_naive,CUSCO
2017-09-25,1.850134071359417,1.8193400459293676,seasonal_naive,CUSCO
2017-10-02,2.027544187791142,1.716842015172783,seasonal_naive,CUSCO
2017-10-09,2.0021998854437526,1.8449645536185129,seasonal_naive,CUSCO
2017-10-16,1.7994454666646387,1.8449645536185129,seasonal_naive,CUSCO
2017-10-23,1.7741011643172493,1.716842015172783,seasonal_naive,CUSCO
2017-10-30,1.672723954927692,1.4605969382813224,seasonal_naive,CUSCO
2017-11-06,1.7234125596224708,1.2043518613898625,seasonal_naive,CUSCO
2017-11-13,1.6473796525803028,1.3837234152138849,seasonal_naive,CUSCO
2017-11-20,1.824789769012028,1.4349724305921765,seasonal_naive,CUSCO
2017-11-27,2.027544187791142,1.716842015172783,seasonal_naive,CUSCO
2017-12-04,2.0528884901385314,1.5374704613487609,seasonal_naive,CUSCO
2017-12-11,2.10357709483331,1.6399684921053448,seasonal_naive,CUSCO
2017-12-18,1.6980682572750814,1.5374704613487609,seasonal_naive,CUSCO
2017-12-25,1.6473796525803028,1.6912175074836373,seasonal_naive,CUSCO
2018-01-01,1.6446280205631993,1.7616463076906699,seasonal_naive,CUSCO
2018-01-08,2.3497843452251908,1.526542453020248,seasonal_naive,CUSCO
2018-01-15,2.524239005045953,1.4953138384959672,seasonal_naive,CUSCO
2018-01-22,2.5747237851468725,1.39393662910641,seasonal_naive,CUSCO
2018-01-29,2.044633594087222,1.5206581408433564,seasonal_naive,CUSCO
2018-02-05,1.8931792537844647,1.6220353502329141,seasonal_naive,CUSCO
2018-02-12,1.716482523431248,1.647379652580303,seasonal_naive,CUSCO
2018-02-19,1.4135738428257334,1.647379652580303,seasonal_naive,CUSCO
2018-02-26,1.3883314527752741,1.4192809314537993,seasonal_naive,CUSCO
2018-03-05,1.3630890627248144,1.2672151173694637,seasonal_naive,CUSCO
2018-03-12,1.766967303532167,1.1404936056325172,seasonal_naive,CUSCO
2018-03-19,1.7164825234312477,1.0644606985903493,seasonal_naive,CUSCO
2018-03-26,1.9689064239358434,1.2925594197168528,seasonal_naive,CUSCO
2018-04-02,1.6912401333807885,1.4192809314537993,seasonal_naive,CUSCO
2018-04-09,1.9436640338853841,1.6220353502329135,seasonal_naive,CUSCO
2018-04-16,1.8174520836330863,1.4446252338011885,seasonal_naive,CUSCO
2018-04-23,2.0698759841376813,1.4446252338011887,seasonal_naive,CUSCO
2018-04-30,1.7164825234312477,1.4192809314537993,seasonal_naive,CUSCO
2018-05-07,1.489301012977112,1.3432480244116316,seasonal_naive,CUSCO
2018-05-14,1.5145434030275713,1.4192809314537993,seasonal_naive,CUSCO
2018-05-21,1.7417249134817074,1.5206581408433564,seasonal_naive,CUSCO
2018-05-28,2.1456031542890597,1.546002443190746,seasonal_naive,CUSCO
2018-06-04,2.2718151045413575,1.4192809314537993,seasonal_naive,CUSCO
2018-06-11,2.9887772096541014,1.4446252338011885,seasonal_naive,CUSCO
2018-06-18,3.1149891599063992,1.647379652580303,seasonal_naive,CUSCO
2018-06-25,3.518867400713752,1.8501340713594172,seasonal_naive,CUSCO
2018-07-02,3.1048139762065223,2.382364420654592,seasonal_naive,CUSCO
2018-07-09,3.029086806055144,2.3063315136124247,seasonal_naive,CUSCO
2018-07-16,2.70093573539917,2.483741630044149,seasonal_naive,CUSCO
2018-07-23,2.6756933453487104,2.1796100018754774,seasonal_naive,CUSCO
2018-07-30,2.625208565247791,2.1796100018754774,seasonal_naive,CUSCO
2018-08-06,2.801905295601008,2.0021998854437526,seasonal_naive,CUSCO
2018-08-13,2.7766629055505483,1.6980682572750814,seasonal_naive,CUSCO
2018-08-20,2.72617812544963,1.8501340713594172,seasonal_naive,CUSCO
2018-08-27,2.473754224945034,1.774101164317249,seasonal_naive,CUSCO
2018-09-03,2.0193912040367628,1.7994454666646387,seasonal_naive,CUSCO
2018-09-10,1.9689064239358434,1.6727239549276922,seasonal_naive,CUSCO
2018-09-17,1.7417249134817077,1.647379652580303,seasonal_naive,CUSCO
2018-09-24,1.9436640338853841,1.8501340713594172,seasonal_naive,CUSCO
2018-10-01,1.8426944736835458,2.027544187791142,seasonal_naive,CUSCO
2018-10-08,1.665997743330329,2.0021998854437526,seasonal_naive,CUSCO
2018-10-15,1.665997743330329,1.7994454666646387,seasonal_naive,CUSCO
2018-10-22,1.665997743330329,1.774101164317249,seasonal_naive,CUSCO
2018-10-29,1.8426944736835458,1.6727239549276922,seasonal_naive,CUSCO
2018-11-05,1.9941488139863033,1.7234125596224705,seasonal_naive,CUSCO
2018-11-12,2.1708455443395196,1.647379652580303,seasonal_naive,CUSCO
2018-11-19,2.347542274692737,1.8247897690120278,seasonal_naive,CUSCO
2018-11-26,2.221330324440439,2.027544187791142,seasonal_naive,CUSCO
2018-12-03,1.8679368637340052,2.052888490138532,seasonal_naive,CUSCO
2018-12-10,1.5397857930780312,2.10357709483331,seasonal_naive,CUSCO
2018-12-17,1.1359075522706787,1.6980682572750814,seasonal_naive,CUSCO
2018-12-24,1.1611499423211384,1.647379652580303,seasonal_naive,CUSCO
2018-12-31,1.2116347224220574,1.6446280205631996,seasonal_naive,CUSCO
2019-01-07,1.4316865024751626,2.349784345225191,seasonal_naive,CUSCO
2019-01-14,1.6483610418119896,2.524239005045953,seasonal_naive,CUSCO
2019-01-21,1.8401684400668323,2.5747237851468725,seasonal_naive,CUSCO
2019-01-28,1.9147698633127852,2.044633594087222,seasonal_naive,CUSCO
2019-02-04,1.8153012989848485,1.8931792537844645,seasonal_naive,CUSCO
2019-02-11,1.5914970292469903,1.7164825234312482,seasonal_naive,CUSCO
2019-02-18,1.5417627470830222,1.4135738428257334,seasonal_naive,CUSCO
2019-02-25,1.7158327346569113,1.3883314527752741,seasonal_naive,CUSCO
2019-03-04,1.9147698633127854,1.3630890627248144,seasonal_naive,CUSCO
2019-03-11,1.8650355811488168,1.766967303532167,seasonal_naive,CUSCO
2019-03-18,1.6412313114109587,1.7164825234312477,seasonal_naive,CUSCO
2019-03-25,1.4920284649190532,1.9689064239358434,seasonal_naive,CUSCO
2019-04-01,1.59149702924699,1.6912401333807885,seasonal_naive,CUSCO
2019-04-08,1.6909655935749273,1.9436640338853841,seasonal_naive,CUSCO
2019-04-15,1.6163641703289746,1.817452083633086,seasonal_naive,CUSCO
2019-04-22,1.6163641703289746,2.069875984137681,seasonal_naive,CUSCO
2019-04-29,1.4920284649190532,1.7164825234312477,seasonal_naive,CUSCO
2019-05-06,1.6163641703289742,1.489301012977112,seasonal_naive,CUSCO
2019-05-13,1.7655670168208797,1.5145434030275715,seasonal_naive,CUSCO
2019-05-20,1.7904341579028642,1.7417249134817072,seasonal_naive,CUSCO
2019-05-27,1.9396370043947695,2.1456031542890597,seasonal_naive,CUSCO
2019-06-03,1.9147698633127852,2.271815104541358,seasonal_naive,CUSCO
2019-06-10,2.1137069919686593,2.9887772096541014,seasonal_naive,CUSCO
2019-06-17,2.163441274132628,3.1149891599063997,seasonal_naive,CUSCO
2019-06-24,2.436979826034454,3.5188674007137526,seasonal_naive,CUSCO
2019-07-01,2.7602526601002495,3.1048139762065228,seasonal_naive,CUSCO
2019-07-08,2.735385519018265,3.029086806055144,seasonal_naive,CUSCO
2019-07-15,2.8099869422642176,2.70093573539917,seasonal_naive,CUSCO
2019-07-22,3.0835254941660444,2.67569334534871,seasonal_naive,CUSCO
2019-07-29,3.3570640460678707,2.625208565247791,seasonal_naive,CUSCO
2019-08-05,3.406798328231839,2.801905295601008,seasonal_naive,CUSCO
2019-08-12,2.8099869422642176,2.7766629055505483,seasonal_naive,CUSCO
2019-08-19,2.6110498136083438,2.72617812544963,seasonal_naive,CUSCO
2019-08-26,2.312644120624533,2.4737542249450337,seasonal_naive,CUSCO
2019-09-02,2.138574133050644,2.0193912040367628,seasonal_naive,CUSCO
2019-09-09,2.0142384276407226,1.9689064239358434,seasonal_naive,CUSCO
2019-09-16,1.8650355811488175,1.7417249134817077,seasonal_naive,CUSCO
2019-09-23,1.9893712865587385,1.9436640338853841,seasonal_naive,CUSCO
2019-09-30,1.964504145476754,1.842694473683546,seasonal_naive,CUSCO
2019-10-07,1.9396370043947702,1.665997743330329,seasonal_naive,CUSCO
2019-10-14,2.039105568722707,1.665997743330329,seasonal_naive,CUSCO
2019-10-21,1.964504145476754,1.665997743330329,seasonal_naive,CUSCO
2019-10-28,2.0142384276407226,1.842694473683546,seasonal_naive,CUSCO
2019-11-04,1.7655670168208804,1.994148813986303,seasonal_naive,CUSCO
2019-11-11,1.7158327346569118,2.1708455443395196,seasonal_naive,CUSCO
2019-11-18,1.7158327346569118,2.3475422746927364,seasonal_naive,CUSCO
2019-11-25,1.7904341579028644,2.221330324440439,seasonal_naive,CUSCO
2019-12-02,1.8899027222308016,1.867936863734005,seasonal_naive,CUSCO
2019-12-09,2.063972709804691,1.5397857930780312,seasonal_naive,CUSCO
2019-12-16,2.138574133050644,1.1359075522706787,seasonal_naive,CUSCO
2019-12-23,2.0639727098046907,1.1611499423211384,seasonal_naive,CUSCO
2019-12-30,1.6163641703289748,1.2116347224220574,seasonal_naive,CUSCO
2020-01-06,1.6815258008843887,1.4316865024751628,seasonal_naive,CUSCO
2020-01-13,1.7976397513702924,1.6483610418119898,seasonal_naive,CUSCO
2020-01-20,2.0632610577897315,1.8401684400668326,seasonal_naive,CUSCO
2020-01-27,1.891322636307254,1.9147698633127852,seasonal_naive,CUSCO
2020-02-03,1.7193842148247764,1.8153012989848487,seasonal_naive,CUSCO
2020-02-10,1.5228831617019447,1.5914970292469903,seasonal_naive,CUSCO
2020-02-17,1.4246326351405287,1.5417627470830222,seasonal_naive,CUSCO
2020-02-24,1.473757898421237,1.7158327346569116,seasonal_naive,CUSCO
2020-03-02,1.793072109745838,1.9147698633127852,seasonal_naive,CUSCO
2020-03-09,1.965010531228316,1.865035581148817,seasonal_naive,CUSCO
2020-03-16,1.8667600046669,1.6412313114109587,seasonal_naive,CUSCO
2020-03-23,1.5720084249826527,1.4920284649190532,seasonal_naive,CUSCO
2020-03-30,1.2526942136580512,1.59149702924699,seasonal_naive,CUSCO
2020-04-06,1.1053184238159275,1.6909655935749273,seasonal_naive,CUSCO
2020-04-13,1.0316305288948657,1.6163641703289746,seasonal_naive,CUSCO
2020-04-20,0.9825052656141576,1.6163641703289746,seasonal_naive,CUSCO
2020-04-27,0.884254739052742,1.4920284649190532,seasonal_naive,CUSCO
2020-05-04,0.7614415808509722,1.6163641703289742,seasonal_naive,CUSCO
2020-05-11,0.6140657910088486,1.7655670168208795,seasonal_naive,CUSCO
2020-05-18,0.6386284226492025,1.7904341579028644,seasonal_naive,CUSCO
2020-05-25,0.6386284226492025,1.9396370043947695,seasonal_naive,CUSCO
2020-06-01,0.7123163175702644,1.9147698633127852,seasonal_naive,CUSCO
2020-06-08,0.6631910542895564,2.113706991968659,seasonal_naive,CUSCO
2020-06-15,0.6877536859299104,2.163441274132628,seasonal_naive,CUSCO
2020-06-22,0.6877536859299104,2.436979826034454,seasonal_naive,CUSCO
2020-06-29,0.9579426339738039,2.760252660100249,seasonal_naive,CUSCO
2020-07-06,1.1298810554562815,2.7353855190182657,seasonal_naive,CUSCO
2020-07-13,1.5228831617019445,2.8099869422642176,seasonal_naive,CUSCO
2020-07-20,2.1615115843511474,3.083525494166044,seasonal_naive,CUSCO
2020-07-27,3.0428434395586543,3.3570640460678707,seasonal_naive,CUSCO
2020-08-03,3.7767995049240386,3.4067983282318393,seasonal_naive,CUSCO
2020-08-10,3.948737926406516,2.8099869422642176,seasonal_naive,CUSCO
2020-08-17,3.9487379264065154,2.6110498136083438,seasonal_naive,CUSCO
2020-08-24,3.9487379264065154,2.312644120624533,seasonal_naive,CUSCO
2020-08-31,3.8504873998451004,2.138574133050644,seasonal_naive,CUSCO
2020-09-07,3.5832213356464417,2.0142384276407226,seasonal_naive,CUSCO
2020-09-14,2.947515796842474,1.8650355811488177,seasonal_naive,CUSCO
2020-09-21,2.5545136905968104,1.9893712865587383,seasonal_naive,CUSCO
2020-09-28,2.0878236894300852,1.9645041454767538,seasonal_naive,CUSCO
2020-10-05,1.8913226363072537,1.9396370043947702,seasonal_naive,CUSCO
2020-10-12,1.5228831617019445,2.039105568722707,seasonal_naive,CUSCO
2020-10-19,1.4000700035001747,1.9645041454767538,seasonal_naive,CUSCO
2020-10-26,1.4000700035001747,2.0142384276407226,seasonal_naive,CUSCO
2020-11-02,1.350944740219467,1.7655670168208806,seasonal_naive,CUSCO
2020-11-09,1.3263821085791128,1.7158327346569118,seasonal_naive,CUSCO
2020-11-16,1.301819476938759,1.7158327346569118,seasonal_naive,CUSCO
2020-11-23,1.5228831617019445,1.7904341579028644,seasonal_naive,CUSCO
2020-11-30,1.5720084249826523,1.8899027222308018,seasonal_naive,CUSCO
2020-12-07,1.5474457933422983,2.063972709804691,seasonal_naive,CUSCO
2020-12-14,1.4000700035001747,2.138574133050644,seasonal_naive,CUSCO
2020-12-21,1.3755073718598207,2.0639727098046907,seasonal_naive,CUSCO
2020-12-28,1.1790063187369892,1.6163641703289748,seasonal_naive,CUSCO
2021-01-04,1.3697442800603732,1.6815258008843887,seasonal_naive,CUSCO
2021-01-11,1.778779642083208,1.7976397513702922,seasonal_naive,CUSCO
2021-01-18,2.287218149027348,2.063261057789732,seasonal_naive,CUSCO
2021-01-25,2.700863984489741,1.8913226363072542,seasonal_naive,CUSCO
2021-02-01,3.1145098199521333,1.7193842148247762,seasonal_naive,CUSCO
2021-02-08,3.576819871351278,1.5228831617019447,seasonal_naive,CUSCO
2021-02-15,3.902893193053717,1.4246326351405287,seasonal_naive,CUSCO
2021-02-22,3.7325684372750847,1.473757898421237,seasonal_naive,CUSCO
2021-03-01,3.5135794655596997,1.793072109745838,seasonal_naive,CUSCO
2021-03-08,2.9685171721418766,1.9650105312283157,seasonal_naive,CUSCO
2021-03-15,2.8955208482367483,1.8667600046668997,seasonal_naive,CUSCO
2021-03-22,3.2118382518256374,1.5720084249826527,seasonal_naive,CUSCO
2021-03-29,3.6011519793196545,1.2526942136580512,seasonal_naive,CUSCO
2021-04-05,3.576819871351278,1.1053184238159273,seasonal_naive,CUSCO
2021-04-12,3.5865757894648276,1.0316305288948657,seasonal_naive,CUSCO
2021-04-19,3.742324355388634,0.9825052656141577,seasonal_naive,CUSCO
2021-04-26,3.9856454350723944,0.884254739052742,seasonal_naive,CUSCO
2021-05-03,3.7325684372750842,0.7614415808509722,seasonal_naive,CUSCO
2021-05-10,3.601151979319654,0.6140657910088486,seasonal_naive,CUSCO
2021-05-17,3.406495115572646,0.6386284226492025,seasonal_naive,CUSCO
2021-05-24,3.6011519793196545,0.6386284226492025,seasonal_naive,CUSCO
2021-05-31,3.479491439477774,0.7123163175702645,seasonal_naive,CUSCO
2021-06-07,3.333498791667518,0.6631910542895564,seasonal_naive,CUSCO
2021-06-14,2.6278676605846125,0.6877536859299104,seasonal_naive,CUSCO
2021-06-21,1.9952328534068353,0.6877536859299104,seasonal_naive,CUSCO
2021-06-28,1.5085906940393141,0.9579426339738037,seasonal_naive,CUSCO
2021-07-05,1.3139338302923058,1.1298810554562815,seasonal_naive,CUSCO
2021-07-12,1.0949448585769215,1.5228831617019445,seasonal_naive,CUSCO
2021-07-19,1.1192769665452975,2.161511584351147,seasonal_naive,CUSCO
2021-07-26,1.1192769665452973,3.0428434395586543,seasonal_naive,CUSCO
2021-08-02,1.0462806426401692,3.776799504924038,seasonal_naive,CUSCO
2021-08-09,1.0219485346717934,3.9487379264065163,seasonal_naive,CUSCO
2021-08-16,0.9732843187350412,3.948737926406515,seasonal_naive,CUSCO
2021-08-23,1.240937506387178,3.948737926406515,seasonal_naive,CUSCO
2021-08-30,1.2652696143555537,3.850487399845101,seasonal_naive,CUSCO
2021-09-06,1.2652696143555537,3.583221335646442,seasonal_naive,CUSCO
2021-09-13,1.4355943701341858,2.9475157968424743,seasonal_naive,CUSCO
2021-09-20,1.5572549099760664,2.5545136905968104,seasonal_naive,CUSCO
2021-09-27,1.7519117737230747,2.0878236894300852,seasonal_naive,CUSCO
2021-10-04,1.5329228020076904,1.8913226363072535,seasonal_naive,CUSCO
2021-10-11,1.4599264781025623,1.5228831617019445,seasonal_naive,CUSCO
2021-10-18,1.386930154197434,1.4000700035001747,seasonal_naive,CUSCO
2021-10-25,1.4112622621658104,1.4000700035001747,seasonal_naive,CUSCO
2021-11-01,1.2896017223239298,1.350944740219467,seasonal_naive,CUSCO
2021-11-08,1.338265938260682,1.326382108579113,seasonal_naive,CUSCO
2021-11-15,1.4355943701341862,1.301819476938759,seasonal_naive,CUSCO
2021-11-22,1.4355943701341862,1.5228831617019445,seasonal_naive,CUSCO
2021-11-29,1.5815870179444425,1.5720084249826523,seasonal_naive,CUSCO
2021-12-06,1.4112622621658104,1.547445793342298,seasonal_naive,CUSCO
2021-12-13,1.484258586070938,1.4000700035001747,seasonal_naive,CUSCO
2021-12-20,1.240937506387178,1.3755073718598207,seasonal_naive,CUSCO
2021-12-27,1.1679411824820496,1.1790063187369892,seasonal_naive,CUSCO
2022-01-03,1.2849039448607722,1.3697442800603732,seasonal_naive,CUSCO
2022-01-10,1.6438724092335708,1.7787796420832078,seasonal_naive,CUSCO
2022-01-17,1.9556799464578285,2.2872181490273484,seasonal_naive,CUSCO
2022-01-24,2.2454103088960253,2.700863984489741,seasonal_naive,CUSCO
2022-01-31,2.1488335214166265,3.1145098199521333,seasonal_naive,CUSCO
2022-02-07,2.0522567339372273,3.5768198713512778,seasonal_naive,CUSCO
2022-02-14,1.5935169934100823,3.902893193053717,seasonal_naive,CUSCO
2022-02-21,1.448651812190984,3.7325684372750847,seasonal_naive,CUSCO
2022-02-28,1.4727960090608336,3.5135794655596992,seasonal_naive,CUSCO
2022-03-07,1.352075024711585,2.9685171721418766,seasonal_naive,CUSCO
2022-03-14,1.1830656466226368,2.8955208482367483,seasonal_naive,CUSCO
2022-03-21,1.0623446622733879,3.2118382518256374,seasonal_naive,CUSCO
2022-03-28,1.4969402059306833,3.6011519793196545,seasonal_naive,CUSCO
2022-04-04,1.5452285996703825,3.5768198713512778,seasonal_naive,CUSCO
2022-04-11,1.8108147652387299,3.586575789464828,seasonal_naive,CUSCO
2022-04-18,1.5210844028005333,3.742324355388634,seasonal_naive,CUSCO
2022-04-25,1.4969402059306833,3.985645435072394,seasonal_naive,CUSCO
2022-05-02,1.0140562685336885,3.7325684372750847,seasonal_naive,CUSCO
2022-05-09,1.3037866309718853,3.6011519793196545,seasonal_naive,CUSCO
2022-05-16,1.4969402059306833,3.406495115572646,seasonal_naive,CUSCO
2022-05-23,1.8108147652387299,3.6011519793196545,seasonal_naive,CUSCO
2022-05-30,1.714237977759331,3.479491439477774,seasonal_naive,CUSCO
2022-06-06,1.7383821746291808,3.333498791667518,seasonal_naive,CUSCO
2022-06-13,1.8349589621085798,2.627867660584613,seasonal_naive,CUSCO
2022-06-20,1.9073915527181289,1.995232853406835,seasonal_naive,CUSCO
2022-06-27,1.8591031589784297,1.5085906940393141,seasonal_naive,CUSCO
2022-07-04,2.124689324546777,1.3139338302923058,seasonal_naive,CUSCO
2022-07-11,2.2454103088960253,1.0949448585769215,seasonal_naive,CUSCO
2022-07-18,2.293698702635725,1.1192769665452975,seasonal_naive,CUSCO
2022-07-25,2.003968340197528,1.1192769665452973,seasonal_naive,CUSCO
2022-08-01,1.81081476523873,1.0462806426401692,seasonal_naive,CUSCO
2022-08-08,1.81081476523873,1.0219485346717934,seasonal_naive,CUSCO
2022-08-15,1.7625263714990307,0.9732843187350411,seasonal_naive,CUSCO
2022-08-22,1.665949584019632,1.240937506387178,seasonal_naive,CUSCO
2022-08-29,1.448651812190984,1.2652696143555537,seasonal_naive,CUSCO
2022-09-05,1.6900937808894814,1.2652696143555537,seasonal_naive,CUSCO
2022-09-12,1.6176611902799323,1.4355943701341858,seasonal_naive,CUSCO
2022-09-19,1.714237977759331,1.5572549099760664,seasonal_naive,CUSCO
2022-09-26,1.3279308278417352,1.751911773723075,seasonal_naive,CUSCO
2022-10-03,1.4727960090608336,1.5329228020076904,seasonal_naive,CUSCO
2022-10-10,1.5935169934100823,1.4599264781025623,seasonal_naive,CUSCO
2022-10-17,1.9073915527181289,1.386930154197434,seasonal_naive,CUSCO
2022-10-24,1.9315357495879788,1.4112622621658104,seasonal_naive,CUSCO
2022-10-31,1.8349589621085798,1.2896017223239298,seasonal_naive,CUSCO
2022-11-07,1.641805387149782,1.338265938260682,seasonal_naive,CUSCO
2022-11-14,1.7142379777593313,1.4355943701341862,seasonal_naive,CUSCO
2022-11-21,1.448651812190984,1.4355943701341862,seasonal_naive,CUSCO
2022-11-28,1.448651812190984,1.5815870179444425,seasonal_naive,CUSCO
2022-12-05,1.158921449752787,1.4112622621658104,seasonal_naive,CUSCO
2022-12-12,1.255498237232186,1.4842585860709379,seasonal_naive,CUSCO
2022-12-19,1.3037866309718857,1.240937506387178,seasonal_naive,CUSCO
2022-12-26,1.4245076153211345,1.1679411824820496,seasonal_naive,CUSCO
2023-01-02,1.8300348202375554,1.2849039448607722,seasonal_naive,CUSCO
2023-01-09,1.92248168227674,1.6438724092335708,seasonal_naive,CUSCO
2023-01-16,1.7989015187765738,1.9556799464578283,seasonal_naive,CUSCO
2023-01-23,1.439121215021259,2.2454103088960253,seasonal_naive,CUSCO
2023-01-30,1.3431798006865083,2.1488335214166265,seasonal_naive,CUSCO
2023-02-06,1.6549893972744478,2.0522567339372273,seasonal_naive,CUSCO
2023-02-13,1.7029601044418232,1.5935169934100823,seasonal_naive,CUSCO
2023-02-20,1.6789747508581356,1.448651812190984,seasonal_naive,CUSCO
2023-02-27,1.4870919221886343,1.4727960090608336,seasonal_naive,CUSCO
2023-03-06,1.4870919221886343,1.352075024711585,seasonal_naive,CUSCO
2023-03-13,1.7269454580255108,1.1830656466226368,seasonal_naive,CUSCO
2023-03-20,1.9907843474460751,1.0623446622733879,seasonal_naive,CUSCO
2023-03-27,2.4944767727035155,1.4969402059306833,seasonal_naive,CUSCO
2023-04-03,2.7343303085403927,1.5452285996703825,seasonal_naive,CUSCO
2023-04-10,2.638388894205642,1.8108147652387299,seasonal_naive,CUSCO
2023-04-17,2.782301015707768,1.5210844028005333,seasonal_naive,CUSCO
2023-04-24,2.7343303085403927,1.4969402059306833,seasonal_naive,CUSCO
2023-05-01,3.0461399051283315,1.0140562685336885,seasonal_naive,CUSCO
2023-05-08,2.8782424300425187,1.303786630971885,seasonal_naive,CUSCO
2023-05-15,2.5904181870382663,1.4969402059306833,seasonal_naive,CUSCO
2023-05-22,2.230637883282952,1.8108147652387299,seasonal_naive,CUSCO
2023-05-29,2.2546232368666392,1.714237977759331,seasonal_naive,CUSCO
2023-06-05,2.470491419119828,1.7383821746291808,seasonal_naive,CUSCO
2023-06-12,2.518462126287204,1.83495896210858,seasonal_naive,CUSCO
2023-06-19,2.446506065536141,1.9073915527181287,seasonal_naive,CUSCO
2023-06-26,2.830271722875143,1.85910315897843,seasonal_naive,CUSCO
2023-07-03,2.7343303085403927,2.124689324546777,seasonal_naive,CUSCO
2023-07-10,2.3745500047850774,2.2454103088960253,seasonal_naive,CUSCO
2023-07-17,1.8468722259439492,2.293698702635725,seasonal_naive,CUSCO
2023-07-24,2.206652529699264,2.0039683401975283,seasonal_naive,CUSCO
2023-07-31,2.326579297617702,1.8108147652387299,seasonal_naive,CUSCO
2023-08-07,2.134696468948201,1.8108147652387299,seasonal_naive,CUSCO
2023-08-14,1.6070186901070727,1.762526371499031,seasonal_naive,CUSCO
2023-08-21,1.7749161651928862,1.6659495840196321,seasonal_naive,CUSCO
2023-08-28,1.8708575795276365,1.448651812190984,seasonal_naive,CUSCO
2023-09-04,2.1826671761155763,1.6900937808894811,seasonal_naive,CUSCO
2023-09-11,2.1107111153645133,1.6176611902799323,seasonal_naive,CUSCO
2023-09-18,2.014769701029763,1.714237977759331,seasonal_naive,CUSCO
2023-09-25,2.0387550546134503,1.3279308278417352,seasonal_naive,CUSCO
2023-10-02,1.9667989938623875,1.4727960090608336,seasonal_naive,CUSCO
2023-10-09,2.1107111153645133,1.5935169934100823,seasonal_naive,CUSCO
2023-10-16,2.0387550546134503,1.9073915527181287,seasonal_naive,CUSCO
2023-10-23,1.9188282866950122,1.931535749587979,seasonal_naive,CUSCO
2023-10-30,1.8708575795276368,1.83495896210858,seasonal_naive,CUSCO
2023-11-06,1.9907843474460751,1.641805387149782,seasonal_naive,CUSCO
2023-11-13,2.2546232368666392,1.7142379777593313,seasonal_naive,CUSCO
2023-11-20,2.35056465120139,1.448651812190984,seasonal_naive,CUSCO
2023-11-27,2.398535358368765,1.448651812190984,seasonal_naive,CUSCO
2023-12-04,2.2546232368666392,1.158921449752787,seasonal_naive,CUSCO
2010-12-27,1.8937086059999275,1.765676766258576,holt_winters,CUSCO
2011-01-03,1.8320736017898989,1.7118301205553736,holt_winters,CUSCO
2011-01-10,1.6893881835950346,1.9178626884966892,holt_winters,CUSCO
2011-01-17,1.3561933280713034,1.8756608472567253,holt_winters,CUSCO
2011-01-24,1.4375649277555815,1.3429646727186475,holt_winters,CUSCO
2011-01-31,1.247697861825599,1.2636945339071766,holt_winters,CUSCO
2011-02-07,1.1120785290184685,1.2410194182750944,holt_winters,CUSCO
2011-02-14,0.8137159968427818,1.1863788920008995,holt_winters,CUSCO
2011-02-21,0.840839863404208,0.7519701507713007,holt_winters,CUSCO
2011-02-28,0.9222114630884861,0.742089735810594,holt_winters,CUSCO
2011-03-07,0.89508759652706,0.7304285952940949,holt_winters,CUSCO
2011-03-14,0.9493353296499123,0.732546192296602,holt_winters,CUSCO
2011-03-21,1.1392023955798949,1.1098974990809594,holt_winters,CUSCO
2011-03-28,1.1120785290184687,1.136586645104418,holt_winters,CUSCO
2011-04-04,1.1663262621413208,1.2196916713216333,holt_winters,CUSCO
2011-04-11,0.9764591962113384,1.2616542823205048,holt_winters,CUSCO
2011-04-18,1.0307069293341906,1.0463434996934367,holt_winters,CUSCO
2011-04-25,0.7865921302813558,0.974596639366201,holt_winters,CUSCO
2011-05-02,0.9493353296499123,0.9415771862251947,holt_winters,CUSCO
2011-05-09,1.0307069293341904,0.8539173097069537,holt_winters,CUSCO
2011-05-16,1.2748217283870251,1.1013412387816277,holt_winters,CUSCO
2011-05-23,1.301945594948451,1.0802627482689102,holt_winters,CUSCO
2011-05-30,1.0849546624570428,1.176861698089843,holt_winters,CUSCO
2011-06-06,0.9764591962113384,1.272791005209987,holt_winters,CUSCO
2011-06-13,0.8679637299656341,0.9527377471573185,holt_winters,CUSCO
2011-06-20,0.9222114630884861,1.00104928283201,holt_winters,CUSCO
2011-06-27,0.89508759652706,1.0605102322546163,holt_winters,CUSCO
2011-07-04,0.8408398634042079,1.1268942019550703,holt_winters,CUSCO
2011-07-11,1.1120785290184685,0.8478881379170938,holt_winters,CUSCO
2011-07-18,1.356193328071303,0.7156391382861538,holt_winters,CUSCO
2011-07-25,1.2205739952641728,0.6309683533083849,holt_winters,CUSCO
2011-08-01,1.0578307958956163,0.6470556254953873,holt_winters,CUSCO
2011-08-08,1.0035830627727644,1.0682604779811575,holt_winters,CUSCO
2011-08-15,1.247697861825599,1.1587523924472012,holt_winters,CUSCO
2011-08-22,1.1934501287027468,1.0916745011545255,holt_winters,CUSCO
2011-08-29,1.247697861825599,1.2407330022495735,holt_winters,CUSCO
2011-09-05,1.301945594948451,1.1947258882210785,holt_winters,CUSCO
2011-09-12,1.5731842605627115,1.2542204869926474,holt_winters,CUSCO
2011-09-19,1.79017519305412,1.3249820953636593,holt_winters,CUSCO
2011-09-26,2.007166125545529,1.2997101705034553,holt_winters,CUSCO
2011-10-03,2.0342899921069546,1.7218921411935049,holt_winters,CUSCO
2011-10-10,1.8444229261769722,1.4783368889739237,holt_winters,CUSCO
2011-10-17,1.7359274599312682,1.4384787617723542,holt_winters,CUSCO
2011-10-24,1.5731842605627115,1.7042762325775567,holt_winters,CUSCO
2011-10-31,1.4646887943170075,1.7571872405377706,holt_winters,CUSCO
2011-11-07,1.5460603940012856,1.9953280123934716,holt_winters,CUSCO
2011-11-14,1.3561933280713034,1.887692976849227,holt_winters,CUSCO
2011-11-21,1.1663262621413206,1.7049547369429572,holt_winters,CUSCO
2011-11-28,0.8408398634042079,1.0367778003872152,holt_winters,CUSCO
2011-12-05,1.0307069293341904,1.115117017867577,holt_winters,CUSCO
2011-12-12,1.1663262621413208,1.1919311269023087,holt_winters,CUSCO
2011-12-19,1.1934501287027468,1.0841276690057835,holt_winters,CUSCO
2011-12-26,1.247697861825599,1.0851631185521171,holt_winters,CUSCO
2012-01-02,1.0556345103758071,1.0455603991427926,holt_winters,CUSCO
2012-01-09,0.9175051369746093,1.1444974743537304,holt_winters,CUSCO
2012-01-16,0.5898224527176873,1.041795478427015,holt_winters,CUSCO
2012-01-23,0.9115437905636986,0.5655058779136626,holt_winters,CUSCO
2012-01-30,1.0455943479995367,0.47086642740707874,holt_winters,CUSCO
2012-02-06,1.1260246824610396,0.45530340629899385,holt_winters,CUSCO
2012-02-13,0.9115437905636986,0.3916688234510026,holt_winters,CUSCO
2012-02-20,0.8311134561021959,0.8544265888766267,holt_winters,CUSCO
2012-02-27,0.7774932331278607,0.8610911764357313,holt_winters,CUSCO
2012-03-05,0.6434426756920226,0.8210775235667463,holt_winters,CUSCO
2012-03-12,0.7238730101535253,0.8348748825913299,holt_winters,CUSCO
2012-03-19,0.8043033446150282,0.8609527156767498,holt_winters,CUSCO
2012-03-26,1.0724044594867044,0.9272224025397287,holt_winters,CUSCO
2012-04-02,1.1260246824610396,0.9766514872583757,holt_winters,CUSCO
2012-04-09,1.1528347939482073,0.9876764441693497,holt_winters,CUSCO
2012-04-16,1.2064550169225423,1.2212145997986528,holt_winters,CUSCO
2012-04-23,1.1260246824610396,1.1623309807474485,holt_winters,CUSCO
2012-04-30,1.0724044594867044,1.1182174265461744,holt_winters,CUSCO
2012-05-07,0.9919741250252015,1.0404101088847153,holt_winters,CUSCO
2012-05-14,0.9115437905636986,1.1255548536436524,holt_winters,CUSCO
2012-05-21,1.0724044594867044,1.0722258647402767,holt_winters,CUSCO
2012-05-28,0.8043033446150282,1.0836233259891592,holt_winters,CUSCO
2012-06-04,0.8847336790765311,1.1267264621833841,holt_winters,CUSCO
2012-06-11,0.9651640135380338,0.8348187383022704,holt_winters,CUSCO
2012-06-18,1.0992145709738719,0.9321760215141752,holt_winters,CUSCO
2012-06-25,1.2332651284097098,1.0266879728696652,holt_winters,CUSCO
2012-07-02,1.4209359088198827,1.1552910922313306,holt_winters,CUSCO
2012-07-09,1.7158471351787268,1.5139831753142043,holt_winters,CUSCO
2012-07-16,1.849897692614565,1.3818820282705162,holt_winters,CUSCO
2012-07-23,1.635416800717224,1.2337191239147698,holt_winters,CUSCO
2012-07-30,1.554986466255721,1.2545115288997355,holt_winters,CUSCO
2012-08-06,1.6086066892300563,1.597407471084785,holt_winters,CUSCO
2012-08-13,1.5281763547685536,1.7568881610815126,holt_winters,CUSCO
2012-08-20,1.7694673581530622,1.6242330183196625,holt_winters,CUSCO
2012-08-27,1.6890370236915595,1.7407438527512131,holt_winters,CUSCO
2012-09-03,1.715847135178727,1.7244380467214262,holt_winters,CUSCO
2012-09-10,1.3136954628712127,1.8946944696377672,holt_winters,CUSCO
2012-09-17,1.5817965777428888,2.0383413845159515,holt_winters,CUSCO
2012-09-24,1.4209359088198832,2.0518103611440623,holt_winters,CUSCO
2012-10-01,1.5817965777428888,1.2832380229637954,holt_winters,CUSCO
2012-10-08,1.1796449054353748,1.151068823581823,holt_winters,CUSCO
2012-10-15,1.3136954628712127,1.137426886409907,holt_winters,CUSCO
2012-10-22,1.4209359088198832,1.2877675437719094,holt_winters,CUSCO
2012-10-29,1.849897692614565,1.5737888492181982,holt_winters,CUSCO
2012-11-05,2.037568473024738,1.7984424651227886,holt_winters,CUSCO
2012-11-12,1.849897692614565,1.7216238491097264,holt_winters,CUSCO
2012-11-19,1.5281763547685536,1.4909417894931674,holt_winters,CUSCO
2012-11-26,1.3136954628712127,1.32215591033452,holt_winters,CUSCO
2012-12-03,1.3136954628712127,1.4326422258806957,holt_winters,CUSCO
2012-12-10,1.1796449054353746,1.5596527533563733,holt_winters,CUSCO
2012-12-17,1.152834793948207,1.477917148538962,holt_winters,CUSCO
2012-12-24,1.152834793948207,1.1019858695276326,holt_winters,CUSCO
2012-12-31,1.2064550169225423,1.0604161155830059,holt_winters,CUSCO
2013-01-07,1.2554768655722575,1.053458589741584,holt_winters,CUSCO
2013-01-14,1.1978713848499183,0.8691722808929375,holt_winters,CUSCO
2013-01-21,1.4311918727384185,1.2944384096771662,holt_winters,CUSCO
2013-01-28,1.537206085533857,1.1659455710233746,holt_winters,CUSCO
2013-02-04,1.537206085533857,1.142590935103625,holt_winters,CUSCO
2013-02-11,0.9806314683578053,1.000932373986748,holt_winters,CUSCO
2013-02-18,1.1926598939486823,0.9302848530720116,holt_winters,CUSCO
2013-02-25,1.2721705535452612,0.9204823894392772,holt_winters,CUSCO
2013-03-04,1.5107025323349976,0.8677624983399601,holt_winters,CUSCO
2013-03-11,1.272170553545261,0.9550044380227591,holt_winters,CUSCO
2013-03-18,1.1396527875509632,1.435399251482226,holt_winters,CUSCO
2013-03-25,1.1661563407498228,1.5387101230720475,holt_winters,CUSCO
2013-04-01,1.272170553545261,1.5567582022539814,holt_winters,CUSCO
2013-04-08,1.4046883195395592,1.5882365677924697,holt_winters,CUSCO
2013-04-15,1.139652787550963,1.495804947163049,holt_winters,CUSCO
2013-04-22,0.9541279151589457,1.3766065321942695,holt_winters,CUSCO
2013-04-29,0.8216101491646478,1.3236302913349096,holt_winters,CUSCO
2013-05-06,0.9806314683578053,1.2780285574757362,holt_winters,CUSCO
2013-05-13,0.9276243619600861,1.0357596973233831,holt_winters,CUSCO
2013-05-20,1.272170553545261,1.0294860471114415,holt_winters,CUSCO
2013-05-27,1.3251776599429803,0.9367383807036006,holt_winters,CUSCO
2013-06-03,1.6962274047270147,0.9287120935756582,holt_winters,CUSCO
2013-06-10,1.6432202983292956,1.7174721960019916,holt_winters,CUSCO
2013-06-17,2.01427004311333,1.77745017353871,holt_winters,CUSCO
2013-06-24,1.6432202983292956,1.9225096585500683,holt_winters,CUSCO
2013-07-01,1.7757380643235934,2.0183908822217,holt_winters,CUSCO
2013-07-08,1.4046883195395587,1.927381553848702,holt_winters,CUSCO
2013-07-15,1.3781847663406992,1.9075220300689455,holt_winters,CUSCO
2013-07-22,1.2986741067441205,1.806371275153694,holt_winters,CUSCO
2013-07-29,1.32517765994298,1.8678433595117592,holt_winters,CUSCO
2013-08-05,1.537206085533857,1.3094135856996734,holt_winters,CUSCO
2013-08-12,1.537206085533857,1.363687259100271,holt_winters,CUSCO
2013-08-19,1.8552487239201723,1.310011103509392,holt_winters,CUSCO
2013-08-26,1.6962274047270147,1.3786814170534898,holt_winters,CUSCO
2013-09-02,1.537206085533857,1.7442628124240191,holt_winters,CUSCO
2013-09-09,1.5372060855338567,1.8058456791661306,holt_winters,CUSCO
2013-09-16,1.7492345111247338,1.8855032719524947,holt_winters,CUSCO
2013-09-23,1.8552487239201723,1.8663213300106039,holt_winters,CUSCO
2013-09-30,1.6962274047270143,1.7658737983392097,holt_winters,CUSCO
2013-10-07,1.510702532334997,1.6023719092436148,holt_winters,CUSCO
2013-10-14,1.1661563407498223,1.6312532198174607,holt_winters,CUSCO
2013-10-21,1.0071350215566646,1.6554445485105367,holt_winters,CUSCO
2013-10-28,0.848113702363507,1.1371775238112514,holt_winters,CUSCO
2013-11-04,0.8481137023635071,1.3010453288675836,holt_winters,CUSCO
2013-11-11,0.8481137023635071,1.2706087989903947,holt_winters,CUSCO
2013-11-18,1.0336385747555243,1.0458019998386727,holt_winters,CUSCO
2013-11-25,1.245667000346401,0.9018201719749218,holt_winters,CUSCO
2013-12-02,1.3251776599429799,0.9849004419940426,holt_winters,CUSCO
2013-12-09,1.2986741067441203,1.088134562703177,holt_winters,CUSCO
2013-12-16,1.2721705535452605,1.0357079217809615,holt_winters,CUSCO
2013-12-23,1.2721705535452605,1.1217429292385819,holt_winters,CUSCO
2013-12-30,1.0866456811532434,1.1253172216722211,holt_winters,CUSCO
2014-01-06,1.0818513210457843,1.1935157724779282,holt_winters,CUSCO
2014-01-13,0.8933299735866053,1.0260218450416756,holt_winters,CUSCO
2014-01-20,1.2577874732228835,0.9814567721351637,holt_winters,CUSCO
2014-01-27,1.336399190299314,0.8853414333719734,holt_winters,CUSCO
2014-02-03,1.2577874732228838,0.8705712290199689,holt_winters,CUSCO
2014-02-10,1.0481562276857364,0.6642836928218682,holt_winters,CUSCO
2014-02-17,0.9171366992250193,1.0861459018956716,holt_winters,CUSCO
2014-02-24,1.0743601333778798,1.0927530392317877,holt_winters,CUSCO
2014-03-03,1.100564039070023,1.1306594783471369,holt_winters,CUSCO
2014-03-10,0.9957484163014496,1.1693167005671188,holt_winters,CUSCO
2014-03-17,0.9433406049171627,1.05062700054927,holt_winters,CUSCO
2014-03-24,0.8909327935328758,1.0913999818260371,holt_winters,CUSCO
2014-03-31,1.0743601333778798,1.0922432178020685,holt_winters,CUSCO
2014-04-07,1.0481562276857364,1.1426694736060614,holt_winters,CUSCO
2014-04-14,1.1267679447621666,1.0410722409385806,holt_winters,CUSCO
2014-04-21,0.9433406049171627,0.9658517357242749,holt_winters,CUSCO
2014-04-28,1.021952321993593,0.9082705534698912,holt_winters,CUSCO
2014-05-05,0.8385249821485891,0.9035477042446416,holt_winters,CUSCO
2014-05-12,0.707505453687872,0.9078987870276682,holt_winters,CUSCO
2014-05-19,0.5764859252271549,0.9692886209823846,holt_winters,CUSCO
2014-05-26,0.5502820195350114,0.9251015903472587,holt_winters,CUSCO
2014-06-02,0.6550976423035851,1.0227656017267384,holt_winters,CUSCO
2014-06-09,0.7599132650721588,0.6469776530702378,holt_winters,CUSCO
2014-06-16,0.6550976423035851,0.7555777441338998,holt_winters,CUSCO
2014-06-23,0.9433406049171627,0.7420677392338073,holt_winters,CUSCO
2014-06-30,1.0481562276857364,0.797393364720492,holt_winters,CUSCO
2014-07-07,1.336399190299314,1.066246866169709,holt_winters,CUSCO
2014-07-14,1.1529718504543098,1.095199162245843,holt_winters,CUSCO
2014-07-21,1.1005640390700233,1.0563471265247868,holt_winters,CUSCO
2014-07-28,1.0743601333778798,1.065867674815772,holt_winters,CUSCO
2014-08-04,1.336399190299314,1.1357437272350983,holt_winters,CUSCO
2014-08-11,1.6246421529128916,1.170591910021151,holt_winters,CUSCO
2014-08-18,1.8080694927578953,1.2057953843240785,holt_winters,CUSCO
2014-08-25,1.6246421529128916,1.2275491853859508,holt_winters,CUSCO
2014-09-01,1.4412148130678875,1.571618898776761,holt_winters,CUSCO
2014-09-08,1.3101952846071703,1.64989780312594,holt_winters,CUSCO
2014-09-15,1.4150109073757442,1.8321655737510347,holt_winters,CUSCO
2014-09-22,1.3626030959914572,1.8573483244800941,holt_winters,CUSCO
2014-09-29,1.4936226244521744,1.327954988127766,holt_winters,CUSCO
2014-10-06,1.2315835675307403,1.1764336111555624,holt_winters,CUSCO
2014-10-13,1.1529718504543103,1.1051942164861301,holt_winters,CUSCO
2014-10-20,0.9957484163014495,1.0657106545265937,holt_winters,CUSCO
2014-10-27,1.205379661838597,1.0526153248061458,holt_winters,CUSCO
2014-11-03,1.2315835675307403,1.112741708191838,holt_winters,CUSCO
2014-11-10,1.336399190299314,1.074609616352725,holt_winters,CUSCO
2014-11-17,1.1529718504543098,0.9528998565811748,holt_winters,CUSCO
2014-11-24,1.15297185045431,1.0457048730627516,holt_winters,CUSCO
2014-12-01,0.8909327935328758,1.1697207447758688,holt_winters,CUSCO
2014-12-08,0.8909327935328758,1.2058705558273703,holt_winters,CUSCO
2014-12-15,0.9433406049171627,1.182671746744483,holt_winters,CUSCO
2014-12-22,1.0219523219935929,0.9418298224257803,holt_winters,CUSCO
2014-12-29,1.283991378915027,0.8994008700784204,holt_winters,CUSCO
2015-01-05,1.357037090394983,0.8920999741255587,holt_winters,CUSCO
2015-01-12,1.5348984246435124,0.7602682900491962,holt_winters,CUSCO
2015-01-19,1.1659931113126982,1.8640082381205603,holt_winters,CUSCO
2015-01-26,1.0364383211668426,1.8035276504022442,holt_winters,CUSCO
2015-02-02,0.803239698904303,1.7361095014280694,holt_winters,CUSCO
2015-02-09,0.751417782845961,1.4301210355636298,holt_winters,CUSCO
2015-02-16,0.5182191605834213,0.7572500373825485,holt_winters,CUSCO
2015-02-23,0.6477739507292767,0.8368256782079158,holt_winters,CUSCO
2015-03-02,0.8032396989043032,0.8498889368509236,holt_winters,CUSCO
2015-03-09,0.8550616149626453,0.842816941219083,holt_winters,CUSCO
2015-03-16,0.6736849087584478,0.8792365720830807,holt_winters,CUSCO
2015-03-23,0.6477739507292767,0.9166119906959936,holt_winters,CUSCO
2015-03-30,0.6736849087584478,0.9697761607794093,holt_winters,CUSCO
2015-04-06,0.9587054470793296,0.9752225498869935,holt_winters,CUSCO
2015-04-13,1.165993111312698,0.9459720269113241,holt_winters,CUSCO
2015-04-20,1.2178150273710404,0.8120360690338526,holt_winters,CUSCO
2015-04-27,0.9327944890501585,0.8102114250896819,holt_winters,CUSCO
2015-05-04,0.751417782845961,0.7978157127832032,holt_winters,CUSCO
2015-05-11,1.114171195254356,0.7395698172821981,holt_winters,CUSCO
2015-05-18,1.140082153283527,0.8125171133174335,holt_winters,CUSCO
2015-05-25,1.2955479014585534,0.7246290636488469,holt_winters,CUSCO
2015-06-01,0.9846164051085005,0.7869840810082629,holt_winters,CUSCO
2015-06-08,1.3732807755460668,0.9986108836694034,holt_winters,CUSCO
2015-06-15,1.5546574817502643,1.1122148495882898,holt_winters,CUSCO
2015-06-22,1.9174108941586592,1.1742871204861403,holt_winters,CUSCO
2015-06-29,1.9692328102170016,1.2514679951338983,holt_winters,CUSCO
2015-07-06,1.7101232299252904,2.0100787317483277,holt_winters,CUSCO
2015-07-13,1.528746523721093,2.0100787317483277,holt_winters,CUSCO
2015-07-20,1.3991917335752377,1.9900029341823413,holt_winters,CUSCO
2015-07-27,1.554657481750264,1.9720573920172175,holt_winters,CUSCO
2015-08-03,1.3991917335752377,1.68518626345602,holt_winters,CUSCO
2015-08-10,1.3473698175168956,1.8164953989926296,holt_winters,CUSCO
2015-08-17,1.0364383211668426,1.9521116607473321,holt_winters,CUSCO
2015-08-24,1.0623492791960139,1.8127889710222733,holt_winters,CUSCO
2015-08-31,0.8809725729918162,1.0150450841887781,holt_winters,CUSCO
2015-09-07,1.165993111312698,0.9668417185503235,holt_winters,CUSCO
2015-09-14,1.0623492791960139,1.1494259421380166,holt_winters,CUSCO
2015-09-21,1.2437259854002114,1.1693700348896283,holt_winters,CUSCO
2015-09-28,1.140082153283527,1.283660587750385,holt_winters,CUSCO
2015-10-05,1.1141711952543558,1.059641289361874,holt_winters,CUSCO
2015-10-12,0.9327944890501584,0.993571628670241,holt_winters,CUSCO
2015-10-19,0.7255068248167897,0.9269354922708096,holt_winters,CUSCO
2015-10-26,0.803239698904303,0.7928548875791198,holt_winters,CUSCO
2015-11-02,0.803239698904303,0.8416227213863215,holt_winters,CUSCO
2015-11-09,0.8550616149626452,0.8126442709073727,holt_winters,CUSCO
2015-11-16,1.2437259854002114,0.723126526010041,holt_winters,CUSCO
2015-11-23,1.425102691604409,1.1427080747179539,holt_winters,CUSCO
2015-11-30,1.5028355656919221,1.201066929849762,holt_winters,CUSCO
2015-12-07,1.140082153283527,1.22275209595659,holt_winters,CUSCO
2015-12-14,0.9327944890501584,1.2335020122768916,holt_winters,CUSCO
2015-12-21,1.1919040693418692,0.9679023714528701,holt_winters,CUSCO
2015-12-28,0.8550616149626453,0.9707372143790538,holt_winters,CUSCO
2016-01-04,1.1081557381138298,0.9619808903877968,holt_winters,CUSCO
2016-01-11,0.9737312921875486,0.8376329130717243,holt_winters,CUSCO
2016-01-18,1.4349724305921772,1.1300419576013516,holt_winters,CUSCO
2016-01-25,1.1787273537007168,1.1476532012682432,holt_winters,CUSCO
2016-02-01,1.0249803075658406,1.0848696421446413,holt_winters,CUSCO
2016-02-08,0.7943597383635265,0.8460614052941654,holt_winters,CUSCO
2016-02-15,0.8199842460526726,0.7288156826372143,holt_winters,CUSCO
2016-02-22,0.7943597383635265,0.8036424152491759,holt_winters,CUSCO
2016-02-29,0.8199842460526726,0.8444483044131099,holt_winters,CUSCO
2016-03-07,0.9224822768092565,0.8279932058477596,holt_winters,CUSCO
2016-03-14,1.2043518613898627,0.8471932950136827,holt_winters,CUSCO
2016-03-21,1.281225384457301,0.8987616747731507,holt_winters,CUSCO
2016-03-28,1.383723415213885,0.9923681742916319,holt_winters,CUSCO
2016-04-04,1.281225384457301,1.0525316743214304,holt_winters,CUSCO
2016-04-11,1.358098907524739,1.3176341830496525,holt_winters,CUSCO
2016-04-18,1.2556008767681548,1.1707805599753849,holt_winters,CUSCO
2016-04-25,1.281225384457301,1.1230371425766774,holt_winters,CUSCO
2016-05-02,1.2556008767681548,1.0755087303811204,holt_winters,CUSCO
2016-05-09,1.281225384457301,1.2727465052685727,holt_winters,CUSCO
2016-05-16,1.3324743998355928,1.3933762683357283,holt_winters,CUSCO
2016-05-23,1.3068498921464469,1.3425780320825114,holt_winters,CUSCO
2016-05-30,1.537470461348761,1.3897735556556532,holt_winters,CUSCO
2016-06-06,1.5374704613487609,1.69763118493507,holt_winters,CUSCO
2016-06-13,1.537470461348761,1.8210438875923671,holt_winters,CUSCO
2016-06-20,1.2812253844573007,1.9336276942273758,holt_winters,CUSCO
2016-06-27,1.588719476727053,2.0100787317483277,holt_winters,CUSCO
2016-07-04,2.12683413819912,1.5828692408455327,holt_winters,CUSCO
2016-07-11,2.434328230468872,1.5622386093824079,holt_winters,CUSCO
2016-07-18,2.0755851228208275,1.4232454937765195,holt_winters,CUSCO
2016-07-25,1.8962135689968054,1.3891357753788285,holt_winters,CUSCO
2016-08-01,2.0755851228208275,2.0274975648947557,holt_winters,CUSCO
2016-08-08,2.3062056920231417,2.0531552994411357,holt_winters,CUSCO
2016-08-15,2.2293321689557035,2.0531552994411357,holt_winters,CUSCO
2016-08-22,1.9218380766859517,2.0224704911417066,holt_winters,CUSCO
2016-08-29,1.6912175074836373,1.778175993561258,holt_winters,CUSCO
2016-09-05,1.588719476727053,1.7670708725365796,holt_winters,CUSCO
2016-09-12,1.6143439844161993,1.8921104066301961,holt_winters,CUSCO
2016-09-19,1.6399684921053452,1.9358065428783244,holt_winters,CUSCO
2016-09-26,1.8193400459293674,1.6455947858958446,holt_winters,CUSCO
2016-10-03,1.716842015172783,1.4402737282697267,holt_winters,CUSCO
2016-10-10,1.844964553618513,1.3303566201972425,holt_winters,CUSCO
2016-10-17,1.844964553618513,1.2114171462531613,holt_winters,CUSCO
2016-10-24,1.716842015172783,1.9911198210069831,holt_winters,CUSCO
2016-10-31,1.4605969382813226,2.081717747941823,holt_winters,CUSCO
2016-11-07,1.2043518613898625,2.059719670823568,holt_winters,CUSCO
2016-11-14,1.3837234152138846,2.07419285342865,holt_winters,CUSCO
2016-11-21,1.4349724305921765,1.4302097098038993,holt_winters,CUSCO
2016-11-28,1.716842015172783,1.4188480143833009,holt_winters,CUSCO
2016-12-05,1.5374704613487609,1.3195780158915749,holt_winters,CUSCO
2016-12-12,1.6399684921053448,1.2631074509781537,holt_winters,CUSCO
2016-12-19,1.5374704613487609,1.7361854822365295,holt_winters,CUSCO
2016-12-26,1.691217507483637,1.6527528770834008,holt_winters,CUSCO
2017-01-02,1.76164630769067,1.7280018004001763,holt_winters,CUSCO
2017-01-09,1.526542453020248,1.5800971350810438,holt_winters,CUSCO
2017-01-16,1.4953138384959672,1.752067798224114,holt_winters,CUSCO
2017-01-23,1.39393662910641,1.7081216938611488,holt_winters,CUSCO
2017-01-30,1.5206581408433564,1.5849595392896563,holt_winters,CUSCO
2017-02-06,1.622035350232914,1.27631942751043,holt_winters,CUSCO
2017-02-13,1.6473796525803028,1.5332078009012615,holt_winters,CUSCO
2017-02-20,1.6473796525803028,1.6076596098712799,holt_winters,CUSCO
2017-02-27,1.4192809314537993,1.6767751637802633,holt_winters,CUSCO
2017-03-06,1.2672151173694637,1.66208541251499,holt_winters,CUSCO
2017-03-13,1.1404936056325172,1.2418302138152977,holt_winters,CUSCO
2017-03-20,1.0644606985903493,1.2911765778612327,holt_winters,CUSCO
2017-03-27,1.2925594197168528,1.3840090218439425,holt_winters,CUSCO
2017-04-03,1.4192809314537993,1.4557039740077704,holt_winters,CUSCO
2017-04-10,1.6220353502329135,1.4486220316964835,holt_winters,CUSCO
2017-04-17,1.4446252338011885,1.3331969336455245,holt_winters,CUSCO
2017-04-24,1.4446252338011887,1.2484774706801756,holt_winters,CUSCO
2017-05-01,1.4192809314537993,1.1762106147506546,holt_winters,CUSCO
2017-05-08,1.3432480244116316,1.473338337589923,holt_winters,CUSCO
2017-05-15,1.4192809314537993,1.5696951869853313,holt_winters,CUSCO
2017-05-22,1.5206581408433564,1.528105376293449,holt_winters,CUSCO
2017-05-29,1.5460024431907458,1.630586646262134,holt_winters,CUSCO
2017-06-05,1.4192809314537993,1.6945120596490815,holt_winters,CUSCO
2017-06-12,1.4446252338011885,1.7811826769472872,holt_winters,CUSCO
2017-06-19,1.6473796525803028,1.823854272521319,holt_winters,CUSCO
2017-06-26,1.850134071359417,1.9942250994167905,holt_winters,CUSCO
2017-07-03,2.382364420654592,1.9058099951093896,holt_winters,CUSCO
2017-07-10,2.3063315136124243,1.8935296856351054,holt_winters,CUSCO
2017-07-17,2.483741630044149,1.7245520253978008,holt_winters,CUSCO
2017-07-24,2.1796100018754774,1.7079995757107613,holt_winters,CUSCO
2017-07-31,2.1796100018754774,2.337505005499715,holt_winters,CUSCO
2017-08-07,2.0021998854437526,2.337505005499715,holt_winters,CUSCO
2017-08-14,1.6980682572750814,2.337505005499715,holt_winters,CUSCO
2017-08-21,1.850134071359417,2.337505005499715,holt_winters,CUSCO
2017-08-28,1.7741011643172493,1.6292079282160634,holt_winters,CUSCO
2017-09-04,1.7994454666646387,1.5722421149937365,holt_winters,CUSCO
2017-09-11,1.672723954927692,1.6764415776649482,holt_winters,CUSCO
2017-09-18,1.6473796525803028,1.7027267231247785,holt_winters,CUSCO
2017-09-25,1.850134071359417,1.6647590752853614,holt_winters,CUSCO
2017-10-02,2.027544187791142,1.4468208480687497,holt_winters,CUSCO
2017-10-09,2.0021998854437526,1.3567107177403246,holt_winters,CUSCO
2017-10-16,1.7994454666646387,1.2480655974141075,holt_winters,CUSCO
2017-10-23,1.7741011643172493,1.8023706622018323,holt_winters,CUSCO
2017-10-30,1.672723954927692,1.81431511160991,holt_winters,CUSCO
2017-11-06,1.7234125596224708,1.779129688482467,holt_winters,CUSCO
2017-11-13,1.6473796525803028,1.8881174732087889,holt_winters,CUSCO
2017-11-20,1.824789769012028,1.7974399690026457,holt_winters,CUSCO
2017-11-27,2.027544187791142,1.8186138190506065,holt_winters,CUSCO
2017-12-04,2.0528884901385314,1.652420120804046,holt_winters,CUSCO
2017-12-11,2.10357709483331,1.617503378710453,holt_winters,CUSCO
2017-12-18,1.6980682572750814,2.1925334180450062,holt_winters,CUSCO
2017-12-25,1.6473796525803028,2.1397376755644837,holt_winters,CUSCO
2018-01-01,1.6446280205631993,2.2513666910639816,holt_winters,CUSCO
2018-01-08,2.3497843452251908,2.1064550966371036,holt_winters,CUSCO
2018-01-15,2.524239005045953,2.3631421761512463,holt_winters,CUSCO
2018-01-22,2.5747237851468725,2.358794838020017,holt_winters,CUSCO
2018-01-29,2.044633594087222,2.237710022963169,holt_winters,CUSCO
2018-02-05,1.8931792537844647,1.9520225686674042,holt_winters,CUSCO
2018-02-12,1.716482523431248,1.7577018309342196,holt_winters,CUSCO
2018-02-19,1.4135738428257334,1.8600292056115562,holt_winters,CUSCO
2018-02-26,1.3883314527752741,1.9332263900170483,holt_winters,CUSCO
2018-03-05,1.3630890627248144,1.8560308457830086,holt_winters,CUSCO
2018-03-12,1.766967303532167,1.3309601913556002,holt_winters,CUSCO
2018-03-19,1.7164825234312477,1.3171552848156949,holt_winters,CUSCO
2018-03-26,1.9689064239358434,1.4639937334610167,holt_winters,CUSCO
2018-04-02,1.6912401333807885,1.5713896211042644,holt_winters,CUSCO
2018-04-09,1.9436640338853841,1.8871629134221026,holt_winters,CUSCO
2018-04-16,1.8174520836330863,1.72196617330228,holt_winters,CUSCO
2018-04-23,2.0698759841376813,1.6274117153546395,holt_winters,CUSCO
2018-04-30,1.7164825234312477,1.550205257303339,holt_winters,CUSCO
2018-05-07,1.489301012977112,1.7858998326466107,holt_winters,CUSCO
2018-05-14,1.5145434030275713,1.8363702502236747,holt_winters,CUSCO
2018-05-21,1.7417249134817074,1.8690311344288588,holt_winters,CUSCO
2018-05-28,2.1456031542890597,1.9467904009420989,holt_winters,CUSCO
2018-06-04,2.2718151045413575,2.2657870558836235,holt_winters,CUSCO
2018-06-11,2.9887772096541014,2.3929484166443906,holt_winters,CUSCO
2018-06-18,3.1149891599063992,2.4545877242947367,holt_winters,CUSCO
2018-06-25,3.518867400713752,2.4545877242947367,holt_winters,CUSCO
2018-07-02,3.1048139762065223,2.7444856891948466,holt_winters,CUSCO
2018-07-09,3.029086806055144,2.7444856891948466,holt_winters,CUSCO
2018-07-16,2.70093573539917,2.7444856891948466,holt_winters,CUSCO
2018-07-23,2.6756933453487104,2.7444856891948466,holt_winters,CUSCO
2018-07-30,2.625208565247791,2.778345353514414,holt_winters,CUSCO
2018-08-06,2.801905295601008,2.8354462335296233,holt_winters,CUSCO
2018-08-13,2.7766629055505483,2.7480328783332535,holt_winters,CUSCO
2018-08-20,2.72617812544963,2.6146255211390317,holt_winters,CUSCO
2018-08-27,2.473754224945034,2.469986002987612,holt_winters,CUSCO
2018-09-03,2.0193912040367628,2.5112658558026912,holt_winters,CUSCO
2018-09-10,1.9689064239358434,2.540345977225579,holt_winters,CUSCO
2018-09-17,1.7417249134817077,2.6131359014856184,holt_winters,CUSCO
2018-09-24,1.9436640338853841,1.8483890419424045,holt_winters,CUSCO
2018-10-01,1.8426944736835458,1.7804050555713997,holt_winters,CUSCO
2018-10-08,1.665997743330329,1.6732538982004586,holt_winters,CUSCO
2018-10-15,1.665997743330329,1.5147793467822244,holt_winters,CUSCO
2018-10-22,1.665997743330329,1.7165004528496395,holt_winters,CUSCO
2018-10-29,1.8426944736835458,1.627403377556108,holt_winters,CUSCO
2018-11-05,1.9941488139863033,1.6004647100918385,holt_winters,CUSCO
2018-11-12,2.1708455443395196,1.7205112853648175,holt_winters,CUSCO
2018-11-19,2.347542274692737,2.29334435802338,holt_winters,CUSCO
2018-11-26,2.221330324440439,2.3665334210471305,holt_winters,CUSCO
2018-12-03,1.8679368637340052,2.2128331834687547,holt_winters,CUSCO
2018-12-10,1.5397857930780312,2.1898863317194834,holt_winters,CUSCO
2018-12-17,1.1359075522706787,1.537942145189645,holt_winters,CUSCO
2018-12-24,1.1611499423211384,1.506364844569511,holt_winters,CUSCO
2018-12-31,1.2116347224220574,1.6102135655807481,holt_winters,CUSCO
2019-01-07,1.4316865024751626,1.6497479240337436,holt_winters,CUSCO
2019-01-14,1.6483610418119896,1.4816174725736455,holt_winters,CUSCO
2019-01-21,1.8401684400668323,1.4003677753244197,holt_winters,CUSCO
2019-01-28,1.9147698633127852,1.243206038158008,holt_winters,CUSCO
2019-02-04,1.8153012989848485,1.1296083377940886,holt_winters,CUSCO
2019-02-11,1.5914970292469903,1.68327223939591,holt_winters,CUSCO
2019-02-18,1.5417627470830222,1.6988147200123929,holt_winters,CUSCO
2019-02-25,1.7158327346569113,1.7075265898727399,holt_winters,CUSCO
2019-03-04,1.9147698633127854,1.6835880974149315,holt_winters,CUSCO
2019-03-11,1.8650355811488168,2.0025792200840233,holt_winters,CUSCO
2019-03-18,1.6412313114109587,1.97241237326022,holt_winters,CUSCO
2019-03-25,1.4920284649190532,2.1912072150055657,holt_winters,CUSCO
2019-04-01,1.59149702924699,2.2314067099759636,holt_winters,CUSCO
2019-04-08,1.6909655935749273,1.7940479700063126,holt_winters,CUSCO
2019-04-15,1.6163641703289746,1.6692140231952317,holt_winters,CUSCO
2019-04-22,1.6163641703289746,1.66683858508157,holt_winters,CUSCO
2019-04-29,1.4920284649190532,1.4908678183136748,holt_winters,CUSCO
2019-05-06,1.6163641703289742,1.540753715253821,holt_winters,CUSCO
2019-05-13,1.7655670168208797,1.536037141275494,holt_winters,CUSCO
2019-05-20,1.7904341579028642,1.6206149293951273,holt_winters,CUSCO
2019-05-27,1.9396370043947695,1.7040931346609205,holt_winters,CUSCO
2019-06-03,1.9147698633127852,2.061006063661256,holt_winters,CUSCO
2019-06-10,2.1137069919686593,2.181975040087599,holt_winters,CUSCO
2019-06-17,2.163441274132628,2.360076055477774,holt_winters,CUSCO
2019-06-24,2.436979826034454,2.59656920043709,holt_winters,CUSCO
2019-07-01,2.7602526601002495,2.5853785608223205,holt_winters,CUSCO
2019-07-08,2.735385519018265,2.4927897599366817,holt_winters,CUSCO
2019-07-15,2.8099869422642176,2.32304941197623,holt_winters,CUSCO
2019-07-22,3.0835254941660444,2.2352206586437555,holt_winters,CUSCO
2019-07-29,3.3570640460678707,3.0587181538752577,holt_winters,CUSCO
2019-08-05,3.406798328231839,3.092253771802641,holt_winters,CUSCO
2019-08-12,2.8099869422642176,2.921519349805877,holt_winters,CUSCO
2019-08-19,2.6110498136083438,2.8004857311690015,holt_winters,CUSCO
2019-08-26,2.312644120624533,2.3670159971882514,holt_winters,CUSCO
2019-09-02,2.138574133050644,2.3115669638002103,holt_winters,CUSCO
2019-09-09,2.0142384276407226,2.2735393074483956,holt_winters,CUSCO
2019-09-16,1.8650355811488175,2.2621391875951873,holt_winters,CUSCO
2019-09-23,1.9893712865587385,1.979411408906959,holt_winters,CUSCO
2019-09-30,1.964504145476754,1.9161796687535666,holt_winters,CUSCO
2019-10-07,1.9396370043947702,1.8405526065970466,holt_winters,CUSCO
2019-10-14,2.039105568722707,1.705255842565723,holt_winters,CUSCO
2019-10-21,1.964504145476754,2.0241808595484243,holt_winters,CUSCO
2019-10-28,2.0142384276407226,1.993026618993335,holt_winters,CUSCO
2019-11-04,1.7655670168208804,2.017818991415121,holt_winters,CUSCO
2019-11-11,1.7158327346569118,2.153597912492094,holt_winters,CUSCO
2019-11-18,1.7158327346569118,1.8666455601571077,holt_winters,CUSCO
2019-11-25,1.7904341579028644,1.8888916750136395,holt_winters,CUSCO
2019-12-02,1.8899027222308016,1.7009909779972385,holt_winters,CUSCO
2019-12-09,2.063972709804691,1.6245755002604134,holt_winters,CUSCO
2019-12-16,2.138574133050644,1.8888804341820091,holt_winters,CUSCO
2019-12-23,2.0639727098046907,1.8917330419235778,holt_winters,CUSCO
2019-12-30,1.6163641703289748,2.012784728666161,holt_winters,CUSCO
2020-01-06,1.6815258008843887,2.1649615949572727,holt_winters,CUSCO
2020-01-13,1.7976397513702924,1.913373480324245,holt_winters,CUSCO
2020-01-20,2.0632610577897315,1.8364487852277567,holt_winters,CUSCO
2020-01-27,1.891322636307254,1.6812353530222728,holt_winters,CUSCO
2020-02-03,1.7193842148247764,1.5761294252603553,holt_winters,CUSCO
2020-02-10,1.5228831617019447,1.6346843997755838,holt_winters,CUSCO
2020-02-17,1.4246326351405287,1.5630505952331462,holt_winters,CUSCO
2020-02-24,1.473757898421237,1.5706129809966856,holt_winters,CUSCO
2020-03-02,1.793072109745838,1.587730517572183,holt_winters,CUSCO
2020-03-09,1.965010531228316,1.945760430420442,holt_winters,CUSCO
2020-03-16,1.8667600046669,1.8692423005098584,holt_winters,CUSCO
2020-03-23,1.5720084249826527,1.9749543309677724,holt_winters,CUSCO
2020-03-30,1.2526942136580512,2.0314753468787696,holt_winters,CUSCO
2020-04-06,1.1053184238159275,1.3925009083834683,holt_winters,CUSCO
2020-04-13,1.0316305288948657,1.3151962024823998,holt_winters,CUSCO
2020-04-20,0.9825052656141576,1.2959005975992184,holt_winters,CUSCO
2020-04-27,0.884254739052742,1.1653950933202413,holt_winters,CUSCO
2020-05-04,0.7614415808509722,0.855988747115138,holt_winters,CUSCO
2020-05-11,0.6140657910088486,0.9128032848116221,holt_winters,CUSCO
2020-05-18,0.6386284226492025,0.9958035703930066,holt_winters,CUSCO
2020-05-25,0.6386284226492025,1.0624326748636528,holt_winters,CUSCO
2020-06-01,0.7123163175702644,0.6315024398570266,holt_winters,CUSCO
2020-06-08,0.6631910542895564,0.7595903356952518,holt_winters,CUSCO
2020-06-15,0.6877536859299104,0.8239204970667875,holt_winters,CUSCO
2020-06-22,0.6877536859299104,0.9830365784985835,holt_winters,CUSCO
2020-06-29,0.9579426339738039,0.847828042098238,holt_winters,CUSCO
2020-07-06,1.1298810554562815,0.8415657798061339,holt_winters,CUSCO
2020-07-13,1.5228831617019445,0.7802582279734085,holt_winters,CUSCO
2020-07-20,2.1615115843511474,0.773307578700811,holt_winters,CUSCO
2020-07-27,3.0428434395586543,2.2489026853631744,holt_winters,CUSCO
2020-08-03,3.7767995049240386,2.2763423209632143,holt_winters,CUSCO
2020-08-10,3.948737926406516,2.003744503813078,holt_winters,CUSCO
2020-08-17,3.9487379264065154,1.9388603656572165,holt_winters,CUSCO
2020-08-24,3.9487379264065154,3.624619563439976,holt_winters,CUSCO
2020-08-31,3.8504873998451004,3.624619563439976,holt_winters,CUSCO
2020-09-07,3.5832213356464417,3.624619563439976,holt_winters,CUSCO
2020-09-14,2.947515796842474,3.607464632864907,holt_winters,CUSCO
2020-09-21,2.5545136905968104,3.1992846123793623,holt_winters,CUSCO
2020-09-28,2.0878236894300852,3.1650638700307647,holt_winters,CUSCO
2020-10-05,1.8913226363072537,3.055409429737645,holt_winters,CUSCO
2020-10-12,1.5228831617019445,2.9286039732332694,holt_winters,CUSCO
2020-10-19,1.4000700035001747,1.3545006323059745,holt_winters,CUSCO
2020-10-26,1.4000700035001747,1.2144097592823297,holt_winters,CUSCO
2020-11-02,1.350944740219467,1.086610797837242,holt_winters,CUSCO
2020-11-09,1.3263821085791128,1.1372886088577978,holt_winters,CUSCO
2020-11-16,1.301819476938759,1.3795075438089643,holt_winters,CUSCO
2020-11-23,1.5228831617019445,1.4736764940047158,holt_winters,CUSCO
2020-11-30,1.5720084249826523,1.3285284963013844,holt_winters,CUSCO
2020-12-07,1.5474457933422983,1.276423055012427,holt_winters,CUSCO
2020-12-14,1.4000700035001747,1.3465699284801531,holt_winters,CUSCO
2020-12-21,1.3755073718598207,1.2811507618787144,holt_winters,CUSCO
2020-12-28,1.1790063187369892,1.2883908612339405,holt_winters,CUSCO
2021-01-04,1.3697442800603732,1.3813081863383643,holt_winters,CUSCO
2021-01-11,1.778779642083208,1.4708103694310024,holt_winters,CUSCO
2021-01-18,2.287218149027348,1.4812474430449203,holt_winters,CUSCO
2021-01-25,2.700863984489741,1.3768458992938555,holt_winters,CUSCO
2021-02-01,3.1145098199521333,1.2702171560555418,holt_winters,CUSCO
2021-02-08,3.576819871351278,3.2813388458559727,holt_winters,CUSCO
2021-02-15,3.902893193053717,3.4034761765013433,holt_winters,CUSCO
2021-02-22,3.7325684372750847,3.6398542487683136,holt_winters,CUSCO
2021-03-01,3.5135794655596997,3.890770115735283,holt_winters,CUSCO
2021-03-08,2.9685171721418766,3.6684643329619284,holt_winters,CUSCO
2021-03-15,2.8955208482367483,3.534170489038428,holt_winters,CUSCO
2021-03-22,3.2118382518256374,3.5892791455413184,holt_winters,CUSCO
2021-03-29,3.6011519793196545,3.4161386892114476,holt_winters,CUSCO
2021-04-05,3.576819871351278,3.9216895337283653,holt_winters,CUSCO
2021-04-12,3.5865757894648276,3.9216895337283653,holt_winters,CUSCO
2021-04-19,3.742324355388634,3.9216895337283653,holt_winters,CUSCO
2021-04-26,3.9856454350723944,3.9216895337283653,holt_winters,CUSCO
2021-05-03,3.7325684372750842,3.948737926406515,holt_winters,CUSCO
2021-05-10,3.601151979319654,3.948737926406515,holt_winters,CUSCO
2021-05-17,3.406495115572646,3.948737926406515,holt_winters,CUSCO
2021-05-24,3.6011519793196545,3.948737926406515,holt_winters,CUSCO
2021-05-31,3.479491439477774,3.6190821626669516,holt_winters,CUSCO
2021-06-07,3.333498791667518,3.842158924229198,holt_winters,CUSCO
2021-06-14,2.6278676605846125,3.866688770202853,holt_winters,CUSCO
2021-06-21,1.9952328534068353,3.948737926406515,holt_winters,CUSCO
2021-06-28,1.5085906940393141,1.7486225357037788,holt_winters,CUSCO
2021-07-05,1.3139338302923058,1.4638165606420934,holt_winters,CUSCO
2021-07-12,1.0949448585769215,1.2329492148796242,holt_winters,CUSCO
2021-07-19,1.1192769665452975,1.1070205230444021,holt_winters,CUSCO
2021-07-26,1.1192769665452973,1.1790104009113396,holt_winters,CUSCO
2021-08-02,1.0462806426401692,1.1945661688203306,holt_winters,CUSCO
2021-08-09,1.0219485346717934,1.022336711710735,holt_winters,CUSCO
2021-08-16,0.9732843187350412,0.9279599498509564,holt_winters,CUSCO
2021-08-23,1.240937506387178,0.8701790804865452,holt_winters,CUSCO
2021-08-30,1.2652696143555537,0.7613734159432773,holt_winters,CUSCO
2021-09-06,1.2652696143555537,0.6946657541648559,holt_winters,CUSCO
2021-09-13,1.4355943701341858,0.5922884313915162,holt_winters,CUSCO
2021-09-20,1.5572549099760664,1.7078699257810965,holt_winters,CUSCO
2021-09-27,1.7519117737230747,1.8043048368528054,holt_winters,CUSCO
2021-10-04,1.5329228020076904,1.8994737883667954,holt_winters,CUSCO
2021-10-11,1.4599264781025623,1.9228537501911753,holt_winters,CUSCO
2021-10-18,1.386930154197434,1.4218618540008603,holt_winters,CUSCO
2021-10-25,1.4112622621658104,1.4533374722944448,holt_winters,CUSCO
2021-11-01,1.2896017223239298,1.4282301212599926,holt_winters,CUSCO
2021-11-08,1.338265938260682,1.5036295354092937,holt_winters,CUSCO
2021-11-15,1.4355943701341862,1.4082209438026767,holt_winters,CUSCO
2021-11-22,1.4355943701341862,1.5245518842041703,holt_winters,CUSCO
2021-11-29,1.5815870179444425,1.4549724894973808,holt_winters,CUSCO
2021-12-06,1.4112622621658104,1.4402682596036558,holt_winters,CUSCO
2021-12-13,1.484258586070938,1.1766230677916254,holt_winters,CUSCO
2021-12-20,1.240937506387178,1.113957841099742,holt_winters,CUSCO
2021-12-27,1.1679411824820496,0.9811157468404611,holt_winters,CUSCO
2022-01-03,1.2849039448607722,1.0830255991683773,holt_winters,CUSCO
2022-01-10,1.6438724092335708,1.420274685380624,holt_winters,CUSCO
2022-01-17,1.9556799464578285,1.5519367314151413,holt_winters,CUSCO
2022-01-24,2.2454103088960253,1.5253812076509452,holt_winters,CUSCO
2022-01-31,2.1488335214166265,1.5120119893562938,holt_winters,CUSCO
2022-02-07,2.0522567339372273,2.101801426181047,holt_winters,CUSCO
2022-02-14,1.5935169934100823,2.0521715863757213,holt_winters,CUSCO
2022-02-21,1.448651812190984,2.0350365869285088,holt_winters,CUSCO
2022-02-28,1.4727960090608336,2.087465359519078,holt_winters,CUSCO
2022-03-07,1.352075024711585,1.4442410366286964,holt_winters,CUSCO
2022-03-14,1.1830656466226368,1.2921084982956752,holt_winters,CUSCO
2022-03-21,1.0623446622733879,1.291671249639691,holt_winters,CUSCO
2022-03-28,1.4969402059306833,1.2311876443115712,holt_winters,CUSCO
2022-04-04,1.5452285996703825,1.7823638252716008,holt_winters,CUSCO
2022-04-11,1.8108147652387299,1.989220038955709,holt_winters,CUSCO
2022-04-18,1.5210844028005333,2.316271994838218,holt_winters,CUSCO
2022-04-25,1.4969402059306833,2.4203521121870613,holt_winters,CUSCO
2022-05-02,1.0140562685336885,1.3666395657410288,holt_winters,CUSCO
2022-05-09,1.3037866309718853,1.3276010942576086,holt_winters,CUSCO
2022-05-16,1.4969402059306833,1.3543922944545217,holt_winters,CUSCO
2022-05-23,1.8108147652387299,1.4518217706072467,holt_winters,CUSCO
2022-05-30,1.714237977759331,2.002424376913127,holt_winters,CUSCO
2022-06-06,1.7383821746291808,2.2635911804169724,holt_winters,CUSCO
2022-06-13,1.8349589621085798,2.346629077739628,holt_winters,CUSCO
2022-06-20,1.9073915527181289,2.4738926232853573,holt_winters,CUSCO
2022-06-27,1.8591031589784297,1.9469486579450075,holt_winters,CUSCO
2022-07-04,2.124689324546777,1.982565874177025,holt_winters,CUSCO
2022-07-11,2.2454103088960253,2.067693224679236,holt_winters,CUSCO
2022-07-18,2.293698702635725,2.241336672366412,holt_winters,CUSCO
2022-07-25,2.003968340197528,2.5128163701334665,holt_winters,CUSCO
2022-08-01,1.81081476523873,2.6210751829675853,holt_winters,CUSCO
2022-08-08,1.81081476523873,2.463335985253783,holt_winters,CUSCO
2022-08-15,1.7625263714990307,2.4438726103348247,holt_winters,CUSCO
2022-08-22,1.665949584019632,1.736887078029564,holt_winters,CUSCO
2022-08-29,1.448651812190984,1.6095254867441602,holt_winters,CUSCO
2022-09-05,1.6900937808894814,1.5099200315847405,holt_winters,CUSCO
2022-09-12,1.6176611902799323,1.3907004597197012,holt_winters,CUSCO
2022-09-19,1.714237977759331,1.7392736770104964,holt_winters,CUSCO
2022-09-26,1.3279308278417352,1.740515562511063,holt_winters,CUSCO
2022-10-03,1.4727960090608336,1.640096266740857,holt_winters,CUSCO
2022-10-10,1.5935169934100823,1.5534822697517667,holt_winters,CUSCO
2022-10-17,1.9073915527181289,1.6388298052690058,holt_winters,CUSCO
2022-10-24,1.9315357495879788,1.7798746155864682,holt_winters,CUSCO
2022-10-31,1.8349589621085798,1.8226683871508356,holt_winters,CUSCO
2022-11-07,1.641805387149782,1.9096028121448314,holt_winters,CUSCO
2022-11-14,1.7142379777593313,1.6211306704709607,holt_winters,CUSCO
2022-11-21,1.448651812190984,1.6153672757079247,holt_winters,CUSCO
2022-11-28,1.448651812190984,1.5521373663365983,holt_winters,CUSCO
2022-12-05,1.158921449752787,1.440090946127166,holt_winters,CUSCO
2022-12-12,1.255498237232186,0.9798290252293655,holt_winters,CUSCO
2022-12-19,1.3037866309718857,0.8410180506477307,holt_winters,CUSCO
2022-12-26,1.4245076153211345,0.6900681434842707,holt_winters,CUSCO
2023-01-02,1.8300348202375554,0.8151460076267006,holt_winters,CUSCO
2023-01-09,1.92248168227674,2.3588324174972675,holt_winters,CUSCO
2023-01-16,1.7989015187765738,2.979700232177112,holt_winters,CUSCO
2023-01-23,1.439121215021259,3.2523291882567054,holt_winters,CUSCO
2023-01-30,1.3431798006865083,3.4034681086689758,holt_winters,CUSCO
2023-02-06,1.6549893972744478,1.1563071092122255,holt_winters,CUSCO
2023-02-13,1.7029601044418232,0.9739155833719899,holt_winters,CUSCO
2023-02-20,1.6789747508581356,0.9144699252212533,holt_winters,CUSCO
2023-02-27,1.4870919221886343,0.9282224904986963,holt_winters,CUSCO
2023-03-06,1.4870919221886343,1.3123809268361872,holt_winters,CUSCO
2023-03-13,1.7269454580255108,1.124654991458069,holt_winters,CUSCO
2023-03-20,1.9907843474460751,1.0364901989068824,holt_winters,CUSCO
2023-03-27,2.4944767727035155,1.0226451646862627,holt_winters,CUSCO
2023-04-03,2.7343303085403927,2.755370991394538,holt_winters,CUSCO
2023-04-10,2.638388894205642,2.9991018425334466,holt_winters,CUSCO
2023-04-17,2.782301015707768,3.1956424828948453,holt_winters,CUSCO
2023-04-24,2.7343303085403927,3.2118806099298194,holt_winters,CUSCO
2023-05-01,3.0461399051283315,2.5151394012776414,holt_winters,CUSCO
2023-05-08,2.8782424300425187,2.5893346464286973,holt_winters,CUSCO
2023-05-15,2.5904181870382663,2.708095861793401,holt_winters,CUSCO
2023-05-22,2.230637883282952,2.98650462474618,holt_winters,CUSCO
2023-05-29,2.2546232368666392,1.94175583597619,holt_winters,CUSCO
2023-06-05,2.470491419119828,1.7736871840990216,holt_winters,CUSCO
2023-06-12,2.518462126287204,1.5194774105377347,holt_winters,CUSCO
2023-06-19,2.446506065536141,1.3706322426662279,holt_winters,CUSCO
2023-06-26,2.830271722875143,2.515470326024216,holt_winters,CUSCO
2023-07-03,2.7343303085403927,2.6360433690186147,holt_winters,CUSCO
2023-07-10,2.3745500047850774,2.7267255776306505,holt_winters,CUSCO
2023-07-17,1.8468722259439492,3.0194562999470684,holt_winters,CUSCO
2023-07-24,2.206652529699264,1.6136916585026546,holt_winters,CUSCO
2023-07-31,2.326579297617702,1.3859064514925583,holt_winters,CUSCO
2023-08-07,2.134696468948201,1.1207528003514369,holt_winters,CUSCO
2023-08-14,1.6070186901070727,0.9292937112569132,holt_winters,CUSCO
2023-08-21,1.7749161651928862,1.4262568539644918,holt_winters,CUSCO
2023-08-28,1.8708575795276365,1.1946916913008847,holt_winters,CUSCO
2023-09-04,2.1826671761155763,1.113108522653375,holt_winters,CUSCO
2023-09-11,2.1107111153645133,0.9627556784888175,holt_winters,CUSCO
2023-09-18,2.014769701029763,2.214609042952981,holt_winters,CUSCO
2023-09-25,2.0387550546134503,2.11045504712199,holt_winters,CUSCO
2023-10-02,1.9667989938623875,2.0599335360287983,holt_winters,CUSCO
2023-10-09,2.1107111153645133,2.046511409713159,holt_winters,CUSCO
2023-10-16,2.0387550546134503,2.2197311694589406,holt_winters,CUSCO
2023-10-23,1.9188282866950122,2.321299764869229,holt_winters,CUSCO
2023-10-30,1.8708575795276368,2.258743525504395,holt_winters,CUSCO
2023-11-06,1.9907843474460751,2.2688154140326997,holt_winters,CUSCO
2023-11-13,2.2546232368666392,2.1092958409775067,holt_winters,CUSCO
2023-11-20,2.35056465120139,2.209379599886553,holt_winters,CUSCO
2023-11-27,2.398535358368765,2.300144829867761,holt_winters,CUSCO
2023-12-04,2.2546232368666392,2.200045256611405,holt_winters,CUSCO
2010-12-27,1.8937086059999275,1.811007645379024,arima,CUSCO
2011-01-03,1.8320736017898989,1.7190110509185712,arima,CUSCO
2011-01-10,1.6893881835950346,1.7091034229617172,arima,CUSCO
2011-01-17,1.3561933280713034,1.80462348649997,arima,CUSCO
2011-01-24,1.4375649277555815,1.3230959088477838,arima,CUSCO
2011-01-31,1.247697861825599,1.3850252350917411,arima,CUSCO
2011-02-07,1.1120785290184685,1.564842671796199,arima,CUSCO
2011-02-14,0.8137159968427818,1.6078948514591762,arima,CUSCO
2011-02-21,0.840839863404208,0.8405894765582311,arima,CUSCO
2011-02-28,0.9222114630884861,0.9037000048319194,arima,CUSCO
2011-03-07,0.89508759652706,1.068589038933347,arima,CUSCO
2011-03-14,0.9493353296499123,1.0727011192049525,arima,CUSCO
2011-03-21,1.1392023955798949,0.9192912134378449,arima,CUSCO
2011-03-28,1.1120785290184687,0.9302846476513118,arima,CUSCO
2011-04-04,1.1663262621413208,0.9034414469896453,arima,CUSCO
2011-04-11,0.9764591962113384,0.9157680154912929,arima,CUSCO
2011-04-18,1.0307069293341906,0.9567216630885993,arima,CUSCO
2011-04-25,0.7865921302813558,0.9319139181264374,arima,CUSCO
2011-05-02,0.9493353296499123,1.0209003705289987,arima,CUSCO
2011-05-09,1.0307069293341904,1.0449548926574472,arima,CUSCO
2011-05-16,1.2748217283870251,1.1804301038653822,arima,CUSCO
2011-05-23,1.301945594948451,1.1052348561375944,arima,CUSCO
2011-05-30,1.0849546624570428,1.0474942825053561,arima,CUSCO
2011-06-06,0.9764591962113384,0.9677389874233656,arima,CUSCO
2011-06-13,0.8679637299656341,0.9550274350047405,arima,CUSCO
2011-06-20,0.9222114630884861,1.0565815747070606,arima,CUSCO
2011-06-27,0.89508759652706,1.1310414475189747,arima,CUSCO
2011-07-04,0.8408398634042079,1.151899615601931,arima,CUSCO
2011-07-11,1.1120785290184685,0.803180260359349,arima,CUSCO
2011-07-18,1.356193328071303,0.8115811215559615,arima,CUSCO
2011-07-25,1.2205739952641728,0.8410871227689825,arima,CUSCO
2011-08-01,1.0578307958956163,0.8654077483847978,arima,CUSCO
2011-08-08,1.0035830627727644,0.9276933803234706,arima,CUSCO
2011-08-15,1.247697861825599,0.9700727989793382,arima,CUSCO
2011-08-22,1.1934501287027468,1.0583366359923307,arima,CUSCO
2011-08-29,1.247697861825599,1.1408270676305632,arima,CUSCO
2011-09-05,1.301945594948451,1.1310803812978318,arima,CUSCO
2011-09-12,1.5731842605627115,1.1390855685252566,arima,CUSCO
2011-09-19,1.79017519305412,1.1165634670542834,arima,CUSCO
2011-09-26,2.007166125545529,1.1707342521061237,arima,CUSCO
2011-10-03,2.0342899921069546,1.8767316943623893,arima,CUSCO
2011-10-10,1.8444229261769722,1.7371279223714702,arima,CUSCO
2011-10-17,1.7359274599312682,1.6160455485574294,arima,CUSCO
2011-10-24,1.5731842605627115,1.6611409797459205,arima,CUSCO
2011-10-31,1.4646887943170075,1.6302878673143542,arima,CUSCO
2011-11-07,1.5460603940012856,1.6936525294570992,arima,CUSCO
2011-11-14,1.3561933280713034,1.78844613677904,arima,CUSCO
2011-11-21,1.1663262621413206,1.7711607029316399,arima,CUSCO
2011-11-28,0.8408398634042079,1.0975569128250358,arima,CUSCO
2011-12-05,1.0307069293341904,1.1726982678438427,arima,CUSCO
2011-12-12,1.1663262621413208,1.2804559694094768,arima,CUSCO
2011-12-19,1.1934501287027468,1.334336581904802,arima,CUSCO
2011-12-26,1.247697861825599,1.0782437288131808,arima,CUSCO
2012-01-02,1.0556345103758071,0.995827013274489,arima,CUSCO
2012-01-09,0.9175051369746093,0.9726714424325874,arima,CUSCO
2012-01-16,0.5898224527176873,1.0248289635333767,arima,CUSCO
2012-01-23,0.9115437905636986,0.6035331887841421,arima,CUSCO
2012-01-30,1.0455943479995367,0.6660807728543557,arima,CUSCO
2012-02-06,1.1260246824610396,0.8427488899264459,arima,CUSCO
2012-02-13,0.9115437905636986,0.8634318808987207,arima,CUSCO
2012-02-20,0.8311134561021959,0.816201857237469,arima,CUSCO
2012-02-27,0.7774932331278607,0.7703515342990532,arima,CUSCO
2012-03-05,0.6434426756920226,0.864259990981371,arima,CUSCO
2012-03-12,0.7238730101535253,0.9287393581788522,arima,CUSCO
2012-03-19,0.8043033446150282,0.7678932001097082,arima,CUSCO
2012-03-26,1.0724044594867044,0.8459535910384252,arima,CUSCO
2012-04-02,1.1260246824610396,0.8138271530129391,arima,CUSCO
2012-04-09,1.1528347939482073,0.7844772869398853,arima,CUSCO
2012-04-16,1.2064550169225423,1.0092529210542218,arima,CUSCO
2012-04-23,1.1260246824610396,0.959620192678266,arima,CUSCO
2012-04-30,1.0724044594867044,0.940186595607481,arima,CUSCO
2012-05-07,0.9919741250252015,1.007844616293654,arima,CUSCO
2012-05-14,0.9115437905636986,1.0166125628209206,arima,CUSCO
2012-05-21,1.0724044594867044,1.0484209732703107,arima,CUSCO
2012-05-28,0.8043033446150282,1.095830500401832,arima,CUSCO
2012-06-04,0.8847336790765311,1.0899313586956623,arima,CUSCO
2012-06-11,0.9651640135380338,0.8238318658466486,arima,CUSCO
2012-06-18,1.0992145709738719,0.9464353820328304,arima,CUSCO
2012-06-25,1.2332651284097098,0.9234904196978608,arima,CUSCO
2012-07-02,1.4209359088198827,0.9517194446766961,arima,CUSCO
2012-07-09,1.7158471351787268,1.369704187016821,arima,CUSCO
2012-07-16,1.849897692614565,1.2833431125901231,arima,CUSCO
2012-07-23,1.635416800717224,1.1759938875871065,arima,CUSCO
2012-07-30,1.554986466255721,1.180095999412279,arima,CUSCO
2012-08-06,1.6086066892300563,1.482422351872314,arima,CUSCO
2012-08-13,1.5281763547685536,1.570051152149979,arima,CUSCO
2012-08-20,1.7694673581530622,1.6270182091696719,arima,CUSCO
2012-08-27,1.6890370236915595,1.6748887584932417,arima,CUSCO
2012-09-03,1.715847135178727,1.7161572099824056,arima,CUSCO
2012-09-10,1.3136954628712127,1.5980574917527572,arima,CUSCO
2012-09-17,1.5817965777428888,1.612863287108313,arima,CUSCO
2012-09-24,1.4209359088198832,1.6039000380006068,arima,CUSCO
2012-10-01,1.5817965777428888,1.6064030946860277,arima,CUSCO
2012-10-08,1.1796449054353748,1.494740638573839,arima,CUSCO
2012-10-15,1.3136954628712127,1.5598934425413165,arima,CUSCO
2012-10-22,1.4209359088198832,1.4742656078750511,arima,CUSCO
2012-10-29,1.849897692614565,1.6722147362108677,arima,CUSCO
2012-11-05,2.037568473024738,1.632102377213059,arima,CUSCO
2012-11-12,1.849897692614565,1.5727037329919413,arima,CUSCO
2012-11-19,1.5281763547685536,1.433884869612027,arima,CUSCO
2012-11-26,1.3136954628712127,1.3907524659477342,arima,CUSCO
2012-12-03,1.3136954628712127,1.4415014555856198,arima,CUSCO
2012-12-10,1.1796449054353746,1.6062523138132663,arima,CUSCO
2012-12-17,1.152834793948207,1.7161334460208757,arima,CUSCO
2012-12-24,1.152834793948207,1.1446365640670713,arima,CUSCO
2012-12-31,1.2064550169225423,1.2097353501797066,arima,CUSCO
2013-01-07,1.2554768655722575,1.2355676859534597,arima,CUSCO
2013-01-14,1.1978713848499183,1.24631133334075,arima,CUSCO
2013-01-21,1.4311918727384185,1.1612025065457316,arima,CUSCO
2013-01-28,1.537206085533857,1.128901243845215,arima,CUSCO
2013-02-04,1.537206085533857,1.1505683408095841,arima,CUSCO
2013-02-11,0.9806314683578053,1.1726707483938987,arima,CUSCO
2013-02-18,1.1926598939486823,0.8518442577764819,arima,CUSCO
2013-02-25,1.2721705535452612,0.8217751878373322,arima,CUSCO
2013-03-04,1.5107025323349976,1.0648719317184008,arima,CUSCO
2013-03-11,1.272170553545261,1.1846669437370634,arima,CUSCO
2013-03-18,1.1396527875509632,1.2001594577636776,arima,CUSCO
2013-03-25,1.1661563407498228,1.0765081554277096,arima,CUSCO
2013-04-01,1.272170553545261,1.1675537580744366,arima,CUSCO
2013-04-08,1.4046883195395592,1.2148533241636,arima,CUSCO
2013-04-15,1.139652787550963,1.411165991085073,arima,CUSCO
2013-04-22,0.9541279151589457,1.355466117430509,arima,CUSCO
2013-04-29,0.8216101491646478,1.2806823308433342,arima,CUSCO
2013-05-06,0.9806314683578053,1.266652922289218,arima,CUSCO
2013-05-13,0.9276243619600861,1.098625958246739,arima,CUSCO
2013-05-20,1.272170553545261,1.194595059067765,arima,CUSCO
2013-05-27,1.3251776599429803,1.1161284821959185,arima,CUSCO
2013-06-03,1.6962274047270147,1.0457262887327687,arima,CUSCO
2013-06-10,1.6432202983292956,1.653072826879611,arima,CUSCO
2013-06-17,2.01427004311333,1.8172174329790847,arima,CUSCO
2013-06-24,1.6432202983292956,1.730041645364411,arima,CUSCO
2013-07-01,1.7757380643235934,1.7277054030998062,arima,CUSCO
2013-07-08,1.4046883195395587,1.6876092796275868,arima,CUSCO
2013-07-15,1.3781847663406992,1.8664788323223893,arima,CUSCO
2013-07-22,1.2986741067441205,1.7787463269982382,arima,CUSCO
2013-07-29,1.32517765994298,1.769706732360365,arima,CUSCO
2013-08-05,1.537206085533857,1.3762967467694476,arima,CUSCO
2013-08-12,1.537206085533857,1.2761763467483842,arima,CUSCO
2013-08-19,1.8552487239201723,1.3273225370943091,arima,CUSCO
2013-08-26,1.6962274047270147,1.3295751163873684,arima,CUSCO
2013-09-02,1.537206085533857,1.6791620718170717,arima,CUSCO
2013-09-09,1.5372060855338567,1.5904204426241826,arima,CUSCO
2013-09-16,1.7492345111247338,1.6593614769740754,arima,CUSCO
2013-09-23,1.8552487239201723,1.6437861874530815,arima,CUSCO
2013-09-30,1.6962274047270143,1.8126573223870541,arima,CUSCO
2013-10-07,1.510702532334997,1.774641770617432,arima,CUSCO
2013-10-14,1.1661563407498223,1.8172152616498434,arima,CUSCO
2013-10-21,1.0071350215566646,1.8016694843346386,arima,CUSCO
2013-10-28,0.848113702363507,0.9179173206818672,arima,CUSCO
2013-11-04,0.8481137023635071,0.9855123921975051,arima,CUSCO
2013-11-11,0.8481137023635071,0.9712929443078113,arima,CUSCO
2013-11-18,1.0336385747555243,0.9556959959955392,arima,CUSCO
2013-11-25,1.245667000346401,1.1364408406872237,arima,CUSCO
2013-12-02,1.3251776599429799,1.1660115899340995,arima,CUSCO
2013-12-09,1.2986741067441203,1.1064915887769056,arima,CUSCO
2013-12-16,1.2721705535452605,1.138149192668744,arima,CUSCO
2013-12-23,1.2721705535452605,1.2700234386362452,arima,CUSCO
2013-12-30,1.0866456811532434,1.2594211177758783,arima,CUSCO
2014-01-06,1.0818513210457843,1.267822732216938,arima,CUSCO
2014-01-13,0.8933299735866053,1.26585154838082,arima,CUSCO
2014-01-20,1.2577874732228835,0.9078411037672766,arima,CUSCO
2014-01-27,1.336399190299314,0.8298425303315952,arima,CUSCO
2014-02-03,1.2577874732228838,0.8753392101226917,arima,CUSCO
2014-02-10,1.0481562276857364,0.8740839322746385,arima,CUSCO
2014-02-17,0.9171366992250193,0.9799020836785353,arima,CUSCO
2014-02-24,1.0743601333778798,1.0939506491131172,arima,CUSCO
2014-03-03,1.100564039070023,1.0420388488636936,arima,CUSCO
2014-03-10,0.9957484163014496,1.0321505599372596,arima,CUSCO
2014-03-17,0.9433406049171627,0.964098218272928,arima,CUSCO
2014-03-24,0.8909327935328758,0.8869844275062083,arima,CUSCO
2014-03-31,1.0743601333778798,0.9508791875674931,arima,CUSCO
2014-04-07,1.0481562276857364,0.9377154380171274,arima,CUSCO
2014-04-14,1.1267679447621666,1.0249253723128937,arima,CUSCO
2014-04-21,0.9433406049171627,0.9948434507065073,arima,CUSCO
2014-04-28,1.021952321993593,1.0257928474281464,arima,CUSCO
2014-05-05,0.8385249821485891,1.0164675970792527,arima,CUSCO
2014-05-12,0.707505453687872,0.859678651105817,arima,CUSCO
2014-05-19,0.5764859252271549,0.8105664875646363,arima,CUSCO
2014-05-26,0.5502820195350114,0.8333945720170334,arima,CUSCO
2014-06-02,0.6550976423035851,0.8383812900106995,arima,CUSCO
2014-06-09,0.7599132650721588,0.6774890793215028,arima,CUSCO
2014-06-16,0.6550976423035851,0.6873993606310419,arima,CUSCO
2014-06-23,0.9433406049171627,0.6719799894087817,arima,CUSCO
2014-06-30,1.0481562276857364,0.6777034726379997,arima,CUSCO
2014-07-07,1.336399190299314,1.2656496564845334,arima,CUSCO
2014-07-14,1.1529718504543098,1.1464917929752,arima,CUSCO
2014-07-21,1.1005640390700233,1.1350038051775726,arima,CUSCO
2014-07-28,1.0743601333778798,1.1909632963113679,arima,CUSCO
2014-08-04,1.336399190299314,1.0599223983113106,arima,CUSCO
2014-08-11,1.6246421529128916,1.0629753984681258,arima,CUSCO
2014-08-18,1.8080694927578953,1.0666027824063185,arima,CUSCO
2014-08-25,1.6246421529128916,1.0629921880725974,arima,CUSCO
2014-09-01,1.4412148130678875,1.5859446549167528,arima,CUSCO
2014-09-08,1.3101952846071703,1.5966041864190823,arima,CUSCO
2014-09-15,1.4150109073757442,1.6058348766808983,arima,CUSCO
2014-09-22,1.3626030959914572,1.5952326796780454,arima,CUSCO
2014-09-29,1.4936226244521744,1.4078496909458589,arima,CUSCO
2014-10-06,1.2315835675307403,1.310822004835466,arima,CUSCO
2014-10-13,1.1529718504543103,1.3578499364993892,arima,CUSCO
2014-10-20,0.9957484163014495,1.3641986298236195,arima,CUSCO
2014-10-27,1.205379661838597,0.9944082519479849,arima,CUSCO
2014-11-03,1.2315835675307403,1.0107201172024123,arima,CUSCO
2014-11-10,1.336399190299314,1.0003144803809256,arima,CUSCO
2014-11-17,1.1529718504543098,1.0008457340533765,arima,CUSCO
2014-11-24,1.15297185045431,1.185047266863392,arima,CUSCO
2014-12-01,0.8909327935328758,1.1355017190059609,arima,CUSCO
2014-12-08,0.8909327935328758,1.1566383265305331,arima,CUSCO
2014-12-15,0.9433406049171627,1.1613800462915298,arima,CUSCO
2014-12-22,1.0219523219935929,1.0512234845516544,arima,CUSCO
2014-12-29,1.283991378915027,1.0456700085235182,arima,CUSCO
2015-01-05,1.357037090394983,1.0061479224260594,arima,CUSCO
2015-01-12,1.5348984246435124,1.0352159946277668,arima,CUSCO
2015-01-19,1.1659931113126982,1.4186692063110093,arima,CUSCO
2015-01-26,1.0364383211668426,1.4303419623723899,arima,CUSCO
2015-02-02,0.803239698904303,1.4660570606418566,arima,CUSCO
2015-02-09,0.751417782845961,1.4366174659676978,arima,CUSCO
2015-02-16,0.5182191605834213,0.6906943730562143,arima,CUSCO
2015-02-23,0.6477739507292767,0.7211049531960317,arima,CUSCO
2015-03-02,0.8032396989043032,0.7230861755638298,arima,CUSCO
2015-03-09,0.8550616149626453,0.7101531350082971,arima,CUSCO
2015-03-16,0.6736849087584478,0.798143841449271,arima,CUSCO
2015-03-23,0.6477739507292767,0.7005449468642275,arima,CUSCO
2015-03-30,0.6736849087584478,0.7886719174941834,arima,CUSCO
2015-04-06,0.9587054470793296,0.7646073095236373,arima,CUSCO
2015-04-13,1.165993111312698,0.9325052904085728,arima,CUSCO
2015-04-20,1.2178150273710404,1.0797374146619136,arima,CUSCO
2015-04-27,0.9327944890501585,0.9858908757504714,arima,CUSCO
2015-05-04,0.751417782845961,0.9940794685318176,arima,CUSCO
2015-05-11,1.114171195254356,0.7923313232366076,arima,CUSCO
2015-05-18,1.140082153283527,0.8312625381441456,arima,CUSCO
2015-05-25,1.2955479014585534,0.7882892109862216,arima,CUSCO
2015-06-01,0.9846164051085005,0.8028197292051762,arima,CUSCO
2015-06-08,1.3732807755460668,1.062804900772572,arima,CUSCO
2015-06-15,1.5546574817502643,0.9472370157382187,arima,CUSCO
2015-06-22,1.9174108941586592,0.9977891241524334,arima,CUSCO
2015-06-29,1.9692328102170016,1.0060497436460143,arima,CUSCO
2015-07-06,1.7101232299252904,1.938759719302158,arima,CUSCO
2015-07-13,1.528746523721093,2.0100787317483277,arima,CUSCO
2015-07-20,1.3991917335752377,1.9730288413620014,arima,CUSCO
2015-07-27,1.554657481750264,1.9736153517647672,arima,CUSCO
2015-08-03,1.3991917335752377,1.6727002456031754,arima,CUSCO
2015-08-10,1.3473698175168956,1.6609850205874848,arima,CUSCO
2015-08-17,1.0364383211668426,1.6224597145807245,arima,CUSCO
2015-08-24,1.0623492791960139,1.65442246021494,arima,CUSCO
2015-08-31,0.8809725729918162,0.9347764098396646,arima,CUSCO
2015-09-07,1.165993111312698,0.9773868319696293,arima,CUSCO
2015-09-14,1.0623492791960139,0.9958247608511243,arima,CUSCO
2015-09-21,1.2437259854002114,0.9655186782254837,arima,CUSCO
2015-09-28,1.140082153283527,1.1246833775746234,arima,CUSCO
2015-10-05,1.1141711952543558,1.25802819719148,arima,CUSCO
2015-10-12,0.9327944890501584,1.203230951503531,arima,CUSCO
2015-10-19,0.7255068248167897,1.1950113567961458,arima,CUSCO
2015-10-26,0.803239698904303,0.7347643324043468,arima,CUSCO
2015-11-02,0.803239698904303,0.6924879399266916,arima,CUSCO
2015-11-09,0.8550616149626452,0.7194820243447756,arima,CUSCO
2015-11-16,1.2437259854002114,0.7147602253668761,arima,CUSCO
2015-11-23,1.425102691604409,1.3370982472483426,arima,CUSCO
2015-11-30,1.5028355656919221,1.528934759881329,arima,CUSCO
2015-12-07,1.140082153283527,1.3484495730411747,arima,CUSCO
2015-12-14,0.9327944890501584,1.40690469876607,arima,CUSCO
2015-12-21,1.1919040693418692,0.9097465368376794,arima,CUSCO
2015-12-28,0.8550616149626453,0.8771716832465675,arima,CUSCO
2016-01-04,1.1081557381138298,0.9096422585457407,arima,CUSCO
2016-01-11,0.9737312921875486,0.898218282670183,arima,CUSCO
2016-01-18,1.4349724305921772,1.2595296796520734,arima,CUSCO
2016-01-25,1.1787273537007168,1.1675816448162342,arima,CUSCO
2016-02-01,1.0249803075658406,1.1310272108618997,arima,CUSCO
2016-02-08,0.7943597383635265,1.1912276249483125,arima,CUSCO
2016-02-15,0.8199842460526726,0.7708242686858946,arima,CUSCO
2016-02-22,0.7943597383635265,0.7462815160681154,arima,CUSCO
2016-02-29,0.8199842460526726,0.7725804475541106,arima,CUSCO
2016-03-07,0.9224822768092565,0.7610861644515491,arima,CUSCO
2016-03-14,1.2043518613898627,0.9708360220670829,arima,CUSCO
2016-03-21,1.281225384457301,1.0422566851043398,arima,CUSCO
2016-03-28,1.383723415213885,0.9719787363004451,arima,CUSCO
2016-04-04,1.281225384457301,1.0005703110612993,arima,CUSCO
2016-04-11,1.358098907524739,1.3855048772034966,arima,CUSCO
2016-04-18,1.2556008767681548,1.3147678826876532,arima,CUSCO
2016-04-25,1.281225384457301,1.3326806000073532,arima,CUSCO
2016-05-02,1.2556008767681548,1.342474045402676,arima,CUSCO
2016-05-09,1.281225384457301,1.2480062453666265,arima,CUSCO
2016-05-16,1.3324743998355928,1.223635124086859,arima,CUSCO
2016-05-23,1.3068498921464469,1.2443094864547761,arima,CUSCO
2016-05-30,1.537470461348761,1.236953631499111,arima,CUSCO
2016-06-06,1.5374704613487609,1.5457098808456105,arima,CUSCO
2016-06-13,1.537470461348761,1.7054202008865897,arima,CUSCO
2016-06-20,1.2812253844573007,1.5827235236774766,arima,CUSCO
2016-06-27,1.588719476727053,1.6213219571772997,arima,CUSCO
2016-07-04,2.12683413819912,1.713290459226796,arima,CUSCO
2016-07-11,2.434328230468872,1.8766751825072054,arima,CUSCO
2016-07-18,2.0755851228208275,1.709691474101633,arima,CUSCO
2016-07-25,1.8962135689968054,1.7805465743064175,arima,CUSCO
2016-08-01,2.0755851228208275,1.8394433139359132,arima,CUSCO
2016-08-08,2.3062056920231417,1.9375990846596471,arima,CUSCO
2016-08-15,2.2293321689557035,1.8833266966922213,arima,CUSCO
2016-08-22,1.9218380766859517,1.891582081808927,arima,CUSCO
2016-08-29,1.6912175074836373,1.8463259536517258,arima,CUSCO
2016-09-05,1.588719476727053,1.8142090163660913,arima,CUSCO
2016-09-12,1.6143439844161993,1.8612773838581675,arima,CUSCO
2016-09-19,1.6399684921053452,1.8369924789035947,arima,CUSCO
2016-09-26,1.8193400459293674,1.6495706345064372,arima,CUSCO
2016-10-03,1.716842015172783,1.6234248695230493,arima,CUSCO
2016-10-10,1.844964553618513,1.639469592435307,arima,CUSCO
2016-10-17,1.844964553618513,1.63602469277363,arima,CUSCO
2016-10-24,1.716842015172783,1.9820645142120115,arima,CUSCO
2016-10-31,1.4605969382813226,1.9807677520306106,arima,CUSCO
2016-11-07,1.2043518613898625,1.9364279603434604,arima,CUSCO
2016-11-14,1.3837234152138846,1.9693975376731288,arima,CUSCO
2016-11-21,1.4349724305921765,1.4211194699848955,arima,CUSCO
2016-11-28,1.716842015172783,1.4953989615877352,arima,CUSCO
2016-12-05,1.5374704613487609,1.4288611560784714,arima,CUSCO
2016-12-12,1.6399684921053448,1.4536378599687394,arima,CUSCO
2016-12-19,1.5374704613487609,1.5055399134409508,arima,CUSCO
2016-12-26,1.691217507483637,1.6126934298606914,arima,CUSCO
2017-01-02,1.76164630769067,1.575308205781269,arima,CUSCO
2017-01-09,1.526542453020248,1.5688630252973865,arima,CUSCO
2017-01-16,1.4953138384959672,1.5014767415255768,arima,CUSCO
2017-01-23,1.39393662910641,1.369205797459343,arima,CUSCO
2017-01-30,1.5206581408433564,1.474731169806106,arima,CUSCO
2017-02-06,1.622035350232914,1.4385044540176468,arima,CUSCO
2017-02-13,1.6473796525803028,1.6367086641719784,arima,CUSCO
2017-02-20,1.6473796525803028,1.708795434876495,arima,CUSCO
2017-02-27,1.4192809314537993,1.6504486724372136,arima,CUSCO
2017-03-06,1.2672151173694637,1.670783008762875,arima,CUSCO
2017-03-13,1.1404936056325172,1.2111280706087895,arima,CUSCO
2017-03-20,1.0644606985903493,1.209695933528877,arima,CUSCO
2017-03-27,1.2925594197168528,1.2281711063505425,arima,CUSCO
2017-04-03,1.4192809314537993,1.2149065279830669,arima,CUSCO
2017-04-10,1.6220353502329135,1.5817422300953259,arima,CUSCO
2017-04-17,1.4446252338011885,1.4794708268568928,arima,CUSCO
2017-04-24,1.4446252338011887,1.503319485074552,arima,CUSCO
2017-05-01,1.4192809314537993,1.517256566026498,arima,CUSCO
2017-05-08,1.3432480244116316,1.4405311652370358,arima,CUSCO
2017-05-15,1.4192809314537993,1.449576970232664,arima,CUSCO
2017-05-22,1.5206581408433564,1.4367442086497213,arima,CUSCO
2017-05-29,1.5460024431907458,1.4434782240071997,arima,CUSCO
2017-06-05,1.4192809314537993,1.5148343281422407,arima,CUSCO
2017-06-12,1.4446252338011885,1.4330877690981516,arima,CUSCO
2017-06-19,1.6473796525803028,1.5004348167262818,arima,CUSCO
2017-06-26,1.850134071359417,1.4754254773272695,arima,CUSCO
2017-07-03,2.382364420654592,1.8573073975972092,arima,CUSCO
2017-07-10,2.3063315136124243,1.869125163330001,arima,CUSCO
2017-07-17,2.483741630044149,1.8584350647082868,arima,CUSCO
2017-07-24,2.1796100018754774,1.8628489098156114,arima,CUSCO
2017-07-31,2.1796100018754774,2.337505005499715,arima,CUSCO
2017-08-07,2.0021998854437526,2.337505005499715,arima,CUSCO
2017-08-14,1.6980682572750814,2.3135773995272046,arima,CUSCO
2017-08-21,1.850134071359417,2.337505005499715,arima,CUSCO
2017-08-28,1.7741011643172493,1.7981280047718236,arima,CUSCO
2017-09-04,1.7994454666646387,1.923299635921023,arima,CUSCO
2017-09-11,1.672723954927692,1.8459246692757894,arima,CUSCO
2017-09-18,1.6473796525803028,1.8661019963587915,arima,CUSCO
2017-09-25,1.850134071359417,1.672467928937305,arima,CUSCO
2017-10-02,2.027544187791142,1.649825853880882,arima,CUSCO
2017-10-09,2.0021998854437526,1.6589116798873775,arima,CUSCO
2017-10-16,1.7994454666646387,1.6588896216990046,arima,CUSCO
2017-10-23,1.7741011643172493,1.6687530351450475,arima,CUSCO
2017-10-30,1.672723954927692,1.6935783873841115,arima,CUSCO
2017-11-06,1.7234125596224708,1.7142701930715565,arima,CUSCO
2017-11-13,1.6473796525803028,1.6918155884278547,arima,CUSCO
2017-11-20,1.824789769012028,1.763812278587811,arima,CUSCO
2017-11-27,2.027544187791142,1.7454204524274206,arima,CUSCO
2017-12-04,2.0528884901385314,1.7237520921188536,arima,CUSCO
2017-12-11,2.10357709483331,1.7451147550773203,arima,CUSCO
2017-12-18,1.6980682572750814,1.9933203173838991,arima,CUSCO
2017-12-25,1.6473796525803028,2.0330930465936174,arima,CUSCO
2018-01-01,1.6446280205631993,2.036004168478758,arima,CUSCO
2018-01-08,2.3497843452251908,2.02215712304479,arima,CUSCO
2018-01-15,2.524239005045953,2.3631421761512463,arima,CUSCO
2018-01-22,2.5747237851468725,2.3631421761512463,arima,CUSCO
2018-01-29,2.044633594087222,2.3631421761512463,arima,CUSCO
2018-02-05,1.8931792537844647,2.3631421761512463,arima,CUSCO
2018-02-12,1.716482523431248,1.803084219586659,arima,CUSCO
2018-02-19,1.4135738428257334,1.8090327556244112,arima,CUSCO
2018-02-26,1.3883314527752741,1.8276809033294408,arima,CUSCO
2018-03-05,1.3630890627248144,1.8130789064419022,arima,CUSCO
2018-03-12,1.766967303532167,1.515033888540891,arima,CUSCO
2018-03-19,1.7164825234312477,1.4673859591266027,arima,CUSCO
2018-03-26,1.9689064239358434,1.4612903963286388,arima,CUSCO
2018-04-02,1.6912401333807885,1.4774947565311014,arima,CUSCO
2018-04-09,1.9436640338853841,1.7688828220899764,arima,CUSCO
2018-04-16,1.8174520836330863,1.6046944716826899,arima,CUSCO
2018-04-23,2.0698759841376813,1.6991645418237107,arima,CUSCO
2018-04-30,1.7164825234312477,1.6711849617776264,arima,CUSCO
2018-05-07,1.489301012977112,1.694357129695749,arima,CUSCO
2018-05-14,1.5145434030275713,1.5548162595369437,arima,CUSCO
2018-05-21,1.7417249134817074,1.6546507767239227,arima,CUSCO
2018-05-28,2.1456031542890597,1.616269866761008,arima,CUSCO
2018-06-04,2.2718151045413575,2.1451940550201707,arima,CUSCO
2018-06-11,2.9887772096541014,2.2164026573872766,arima,CUSCO
2018-06-18,3.1149891599063992,2.1676453016274593,arima,CUSCO
2018-06-25,3.518867400713752,2.184198475473324,arima,CUSCO
2018-07-02,3.1048139762065223,2.7444856891948466,arima,CUSCO
2018-07-09,3.029086806055144,2.7444856891948466,arima,CUSCO
2018-07-16,2.70093573539917,2.7444856891948466,arima,CUSCO
2018-07-23,2.6756933453487104,2.7444856891948466,arima,CUSCO
2018-07-30,2.625208565247791,2.716099572292287,arima,CUSCO
2018-08-06,2.801905295601008,2.742082257985843,arima,CUSCO
2018-08-13,2.7766629055505483,2.7156550488495186,arima,CUSCO
2018-08-20,2.72617812544963,2.727465986783708,arima,CUSCO
2018-08-27,2.473754224945034,2.5726469099669953,arima,CUSCO
2018-09-03,2.0193912040367628,2.524539838786751,arima,CUSCO
2018-09-10,1.9689064239358434,2.590697268337103,arima,CUSCO
2018-09-17,1.7417249134817077,2.556731207232745,arima,CUSCO
2018-09-24,1.9436640338853841,1.8521843976506531,arima,CUSCO
2018-10-01,1.8426944736835458,1.743141231425991,arima,CUSCO
2018-10-08,1.665997743330329,1.790684530718127,arima,CUSCO
2018-10-15,1.665997743330329,1.7818763851797597,arima,CUSCO
2018-10-22,1.665997743330329,1.5993597582792938,arima,CUSCO
2018-10-29,1.8426944736835458,1.7638019913464549,arima,CUSCO
2018-11-05,1.9941488139863033,1.6671268311009597,arima,CUSCO
2018-11-12,2.1708455443395196,1.6947042543019866,arima,CUSCO
2018-11-19,2.347542274692737,2.3640811602525478,arima,CUSCO
2018-11-26,2.221330324440439,2.306878491740456,arima,CUSCO
2018-12-03,1.8679368637340052,2.3006596182584342,arima,CUSCO
2018-12-10,1.5397857930780312,2.3171848690675354,arima,CUSCO
2018-12-17,1.1359075522706787,1.3523326116338181,arima,CUSCO
2018-12-24,1.1611499423211384,1.3427613352300556,arima,CUSCO
2018-12-31,1.2116347224220574,1.3871868606006348,arima,CUSCO
2019-01-07,1.4316865024751626,1.3610334676831717,arima,CUSCO
2019-01-14,1.6483610418119896,1.4243538351338727,arima,CUSCO
2019-01-21,1.8401684400668323,1.45200822661981,arima,CUSCO
2019-01-28,1.9147698633127852,1.4367919041663553,arima,CUSCO
2019-02-04,1.8153012989848485,1.4399139307995652,arima,CUSCO
2019-02-11,1.5914970292469903,1.7691971223072418,arima,CUSCO
2019-02-18,1.5417627470830222,1.7846622579127376,arima,CUSCO
2019-02-25,1.7158327346569113,1.7838024600716882,arima,CUSCO
2019-03-04,1.9147698633127854,1.7813176277826832,arima,CUSCO
2019-03-11,1.8650355811488168,2.050982370552502,arima,CUSCO
2019-03-18,1.6412313114109587,1.9470807982395677,arima,CUSCO
2019-03-25,1.4920284649190532,1.9876449776247875,arima,CUSCO
2019-04-01,1.59149702924699,1.9815401759983657,arima,CUSCO
2019-04-08,1.6909655935749273,1.5518088746019505,arima,CUSCO
2019-04-15,1.6163641703289746,1.644820354430128,arima,CUSCO
2019-04-22,1.6163641703289746,1.589138390211608,arima,CUSCO
2019-04-29,1.4920284649190532,1.606568128237392,arima,CUSCO
2019-05-06,1.6163641703289742,1.64878693070022,arima,CUSCO
2019-05-13,1.7655670168208797,1.5785815456398775,arima,CUSCO
2019-05-20,1.7904341579028642,1.5921239032296572,arima,CUSCO
2019-05-27,1.9396370043947695,1.5975941948506678,arima,CUSCO
2019-06-03,1.9147698633127852,1.7893014814780561,arima,CUSCO
2019-06-10,2.1137069919686593,1.8735688041652585,arima,CUSCO
2019-06-17,2.163441274132628,1.8458971218152234,arima,CUSCO
2019-06-24,2.436979826034454,1.8477784484116186,arima,CUSCO
2019-07-01,2.7602526601002495,2.5534386805029223,arima,CUSCO
2019-07-08,2.735385519018265,2.736334608833283,arima,CUSCO
2019-07-15,2.8099869422642176,2.5890674823362407,arima,CUSCO
2019-07-22,3.0835254941660444,2.648414226853951,arima,CUSCO
2019-07-29,3.3570640460678707,3.092253771802641,arima,CUSCO
2019-08-05,3.406798328231839,3.092253771802641,arima,CUSCO
2019-08-12,2.8099869422642176,3.092253771802641,arima,CUSCO
2019-08-19,2.6110498136083438,3.092253771802641,arima,CUSCO
2019-08-26,2.312644120624533,2.30966616034024,arima,CUSCO
2019-09-02,2.138574133050644,2.366340809861846,arima,CUSCO
2019-09-09,2.0142384276407226,2.3901691183076337,arima,CUSCO
2019-09-16,1.8650355811488175,2.3625097709969047,arima,CUSCO
2019-09-23,1.9893712865587385,1.9247503008879625,arima,CUSCO
2019-09-30,1.964504145476754,1.922915473333428,arima,CUSCO
2019-10-07,1.9396370043947702,1.9111819403227612,arima,CUSCO
2019-10-14,2.039105568722707,1.9192268908502041,arima,CUSCO
2019-10-21,1.964504145476754,2.1161838784955664,arima,CUSCO
2019-10-28,2.0142384276407226,2.210369467880703,arima,CUSCO
2019-11-04,1.7655670168208804,2.132056280456008,arima,CUSCO
2019-11-11,1.7158327346569118,2.162134836119497,arima,CUSCO
2019-11-18,1.7158327346569118,1.5964627094576866,arima,CUSCO
2019-11-25,1.7904341579028644,1.585780663693905,arima,CUSCO
2019-12-02,1.8899027222308016,1.6180075718038118,arima,CUSCO
2019-12-09,2.063972709804691,1.5993271619378595,arima,CUSCO
2019-12-16,2.138574133050644,2.1568540985418,arima,CUSCO
2019-12-23,2.0639727098046907,2.306677939006824,arima,CUSCO
2019-12-30,1.6163641703289748,2.1882983979233703,arima,CUSCO
2020-01-06,1.6815258008843887,2.231381090702915,arima,CUSCO
2020-01-13,1.7976397513702924,1.6913236648190713,arima,CUSCO
2020-01-20,2.0632610577897315,1.8759900728682313,arima,CUSCO
2020-01-27,1.891322636307254,1.7529779198289892,arima,CUSCO
2020-02-03,1.7193842148247764,1.7913359651038463,arima,CUSCO
2020-02-10,1.5228831617019447,1.6245790810613447,arima,CUSCO
2020-02-17,1.4246326351405287,1.5861117681847696,arima,CUSCO
2020-02-24,1.473757898421237,1.631377097285915,arima,CUSCO
2020-03-02,1.793072109745838,1.6108877345447845,arima,CUSCO
2020-03-09,1.965010531228316,1.9526706219742767,arima,CUSCO
2020-03-16,1.8667600046669,2.093581336161568,arima,CUSCO
2020-03-23,1.5720084249826527,1.9676253710887894,arima,CUSCO
2020-03-30,1.2526942136580512,2.0176015909399174,arima,CUSCO
2020-04-06,1.1053184238159275,1.2062577725390025,arima,CUSCO
2020-04-13,1.0316305288948657,1.1060170554552735,arima,CUSCO
2020-04-20,0.9825052656141576,1.1797579669009768,arima,CUSCO
2020-04-27,0.884254739052742,1.1536390450988636,arima,CUSCO
2020-05-04,0.7614415808509722,0.7790445446938163,arima,CUSCO
2020-05-11,0.6140657910088486,0.7768184856433072,arima,CUSCO
2020-05-18,0.6386284226492025,0.7989497507818979,arima,CUSCO
2020-05-25,0.6386284226492025,0.7851067390206892,arima,CUSCO
2020-06-01,0.7123163175702644,0.7430196742743475,arima,CUSCO
2020-06-08,0.6631910542895564,0.7207581825674227,arima,CUSCO
2020-06-15,0.6877536859299104,0.7147068210615785,arima,CUSCO
2020-06-22,0.6877536859299104,0.7225103603822151,arima,CUSCO
2020-06-29,0.9579426339738039,0.7003678738795237,arima,CUSCO
2020-07-06,1.1298810554562815,0.6617812138998582,arima,CUSCO
2020-07-13,1.5228831617019445,0.6833173901143867,arima,CUSCO
2020-07-20,2.1615115843511474,0.6772159287614606,arima,CUSCO
2020-07-27,3.0428434395586543,2.5703886904501134,arima,CUSCO
2020-08-03,3.7767995049240386,2.9676636863200807,arima,CUSCO
2020-08-10,3.948737926406516,2.6454580364053757,arima,CUSCO
2020-08-17,3.9487379264065154,2.761609760920461,arima,CUSCO
2020-08-24,3.9487379264065154,3.624619563439976,arima,CUSCO
2020-08-31,3.8504873998451004,3.624619563439976,arima,CUSCO
2020-09-07,3.5832213356464417,3.624619563439976,arima,CUSCO
2020-09-14,2.947515796842474,3.624619563439976,arima,CUSCO
2020-09-21,2.5545136905968104,2.553826144443076,arima,CUSCO
2020-09-28,2.0878236894300852,2.372944372380311,arima,CUSCO
2020-10-05,1.8913226363072537,2.5267580944456043,arima,CUSCO
2020-10-12,1.5228831617019445,2.4732697545070192,arima,CUSCO
2020-10-19,1.4000700035001747,1.463332461591033,arima,CUSCO
2020-10-26,1.4000700035001747,1.4437141267911597,arima,CUSCO
2020-11-02,1.350944740219467,1.4619038357792389,arima,CUSCO
2020-11-09,1.3263821085791128,1.4551283905435495,arima,CUSCO
2020-11-16,1.301819476938759,1.2598285766877315,arima,CUSCO
2020-11-23,1.5228831617019445,1.2590333890363459,arima,CUSCO
2020-11-30,1.5720084249826523,1.2682202289751205,arima,CUSCO
2020-12-07,1.5474457933422983,1.2634212907677391,arima,CUSCO
2020-12-14,1.4000700035001747,1.40872968282988,arima,CUSCO
2020-12-21,1.3755073718598207,1.4029987521974485,arima,CUSCO
2020-12-28,1.1790063187369892,1.4055477008164057,arima,CUSCO
2021-01-04,1.3697442800603732,1.4044129202855185,arima,CUSCO
2021-01-11,1.778779642083208,1.4117046062458598,arima,CUSCO
2021-01-18,2.287218149027348,1.6770447086428422,arima,CUSCO
2021-01-25,2.700863984489741,1.5672390692408003,arima,CUSCO
2021-02-01,3.1145098199521333,1.6107470215740147,arima,CUSCO
2021-02-08,3.576819871351278,3.5950755074771767,arima,CUSCO
2021-02-15,3.902893193053717,3.7635578992535614,arima,CUSCO
2021-02-22,3.7325684372750847,3.6988072088746256,arima,CUSCO
2021-03-01,3.5135794655596997,3.7233125975708057,arima,CUSCO
2021-03-08,2.9685171721418766,3.2385794182871566,arima,CUSCO
2021-03-15,2.8955208482367483,3.1488836426718803,arima,CUSCO
2021-03-22,3.2118382518256374,3.1818188969496557,arima,CUSCO
2021-03-29,3.6011519793196545,3.169613103224137,arima,CUSCO
2021-04-05,3.576819871351278,3.808989139979573,arima,CUSCO
2021-04-12,3.5865757894648276,3.737191350968208,arima,CUSCO
2021-04-19,3.742324355388634,3.7639400829051946,arima,CUSCO
2021-04-26,3.9856454350723944,3.7539099400616642,arima,CUSCO
2021-05-03,3.7325684372750842,3.948737926406515,arima,CUSCO
2021-05-10,3.601151979319654,3.948737926406515,arima,CUSCO
2021-05-17,3.406495115572646,3.948737926406515,arima,CUSCO
2021-05-24,3.6011519793196545,3.948737926406515,arima,CUSCO
2021-05-31,3.479491439477774,3.6020072972686377,arima,CUSCO
2021-06-07,3.333498791667518,3.737241245527132,arima,CUSCO
2021-06-14,2.6278676605846125,3.686755399878652,arima,CUSCO
2021-06-21,1.9952328534068353,3.7053692607231308,arima,CUSCO
2021-06-28,1.5085906940393141,1.6257503067717034,arima,CUSCO
2021-07-05,1.3139338302923058,1.5235078464020302,arima,CUSCO
2021-07-12,1.0949448585769215,1.5603027108836216,arima,CUSCO
2021-07-19,1.1192769665452975,1.5468303619730883,arima,CUSCO
2021-07-26,1.1192769665452973,1.0889178364742378,arima,CUSCO
2021-08-02,1.0462806426401692,1.2105164526062466,arima,CUSCO
2021-08-09,1.0219485346717934,1.1659864407220735,arima,CUSCO
2021-08-16,0.9732843187350412,1.1818984161344857,arima,CUSCO
2021-08-23,1.240937506387178,1.097940152903482,arima,CUSCO
2021-08-30,1.2652696143555537,1.0619086862436806,arima,CUSCO
2021-09-06,1.2652696143555537,1.0750567746410093,arima,CUSCO
2021-09-13,1.4355943701341858,1.0702228180715336,arima,CUSCO
2021-09-20,1.5572549099760664,1.5542704709080557,arima,CUSCO
2021-09-27,1.7519117737230747,1.7854390102905677,arima,CUSCO
2021-10-04,1.5329228020076904,1.6983143299053083,arima,CUSCO
2021-10-11,1.4599264781025623,1.729949710823244,arima,CUSCO
2021-10-18,1.386930154197434,1.3802006043668462,arima,CUSCO
2021-10-25,1.4112622621658104,1.395522315728821,arima,CUSCO
2021-11-01,1.2896017223239298,1.3898940828332857,arima,CUSCO
2021-11-08,1.338265938260682,1.3919558106059808,arima,CUSCO
2021-11-15,1.4355943701341862,1.3191039777964266,arima,CUSCO
2021-11-22,1.4355943701341862,1.426944090502569,arima,CUSCO
2021-11-29,1.5815870179444425,1.3855604194374491,arima,CUSCO
2021-12-06,1.4112622621658104,1.4011361542922407,arima,CUSCO
2021-12-13,1.484258586070938,1.5108722865206496,arima,CUSCO
2021-12-20,1.240937506387178,1.343384473251182,arima,CUSCO
2021-12-27,1.1679411824820496,1.403847304778215,arima,CUSCO
2022-01-03,1.2849039448607722,1.381356375778039,arima,CUSCO
2022-01-10,1.6438724092335708,1.3798904395121243,arima,CUSCO
2022-01-17,1.9556799464578285,1.5536243574503719,arima,CUSCO
2022-01-24,2.2454103088960253,1.4875548898752853,arima,CUSCO
2022-01-31,2.1488335214166265,1.5119330742244852,arima,CUSCO
2022-02-07,2.0522567339372273,2.2410070992273705,arima,CUSCO
2022-02-14,1.5935169934100823,2.107562731125655,arima,CUSCO
2022-02-21,1.448651812190984,2.1544032293410926,arima,CUSCO
2022-02-28,1.4727960090608336,2.137656065594014,arima,CUSCO
2022-03-07,1.352075024711585,1.6163443764717647,arima,CUSCO
2022-03-14,1.1830656466226368,1.6744792596375488,arima,CUSCO
2022-03-21,1.0623446622733879,1.653734589557118,arima,CUSCO
2022-03-28,1.4969402059306833,1.6610663774317624,arima,CUSCO
2022-04-04,1.5452285996703825,1.8235326431141827,arima,CUSCO
2022-04-11,1.8108147652387299,2.1195219781074415,arima,CUSCO
2022-04-18,1.5210844028005333,2.0165918501744864,arima,CUSCO
2022-04-25,1.4969402059306833,2.0508492845266986,arima,CUSCO
2022-05-02,1.0140562685336885,1.285320781772369,arima,CUSCO
2022-05-09,1.3037866309718853,1.233812020434594,arima,CUSCO
2022-05-16,1.4969402059306833,1.2521401542579544,arima,CUSCO
2022-05-23,1.8108147652387299,1.2455533192877233,arima,CUSCO
2022-05-30,1.714237977759331,1.5675826819472134,arima,CUSCO
2022-06-06,1.7383821746291808,1.4871290404125506,arima,CUSCO
2022-06-13,1.8349589621085798,1.5172865790724943,arima,CUSCO
2022-06-20,1.9073915527181289,1.5058266539090976,arima,CUSCO
2022-06-27,1.8591031589784297,1.9567294446365682,arima,CUSCO
2022-07-04,2.124689324546777,2.0493749657850064,arima,CUSCO
2022-07-11,2.2454103088960253,2.013787823441379,arima,CUSCO
2022-07-18,2.293698702635725,2.0272788393556307,arima,CUSCO
2022-07-25,2.003968340197528,2.1708193512597855,arima,CUSCO
2022-08-01,1.81081476523873,2.043665524818953,arima,CUSCO
2022-08-08,1.81081476523873,2.0885941756941553,arima,CUSCO
2022-08-15,1.7625263714990307,2.072432425396929,arima,CUSCO
2022-08-22,1.665949584019632,1.7272653709446726,arima,CUSCO
2022-08-29,1.448651812190984,1.6563021855751257,arima,CUSCO
2022-09-05,1.6900937808894814,1.6815147879853913,arima,CUSCO
2022-09-12,1.6176611902799323,1.672453253992291,arima,CUSCO
2022-09-19,1.714237977759331,1.7613604356648294,arima,CUSCO
2022-09-26,1.3279308278417352,1.552446912859818,arima,CUSCO
2022-10-03,1.4727960090608336,1.6268055508120574,arima,CUSCO
2022-10-10,1.5935169934100823,1.5994158340056006,arima,CUSCO
2022-10-17,1.9073915527181289,1.865162594960326,arima,CUSCO
2022-10-24,1.9315357495879788,1.88914653451126,arima,CUSCO
2022-10-31,1.8349589621085798,1.8801567425901624,arima,CUSCO
2022-11-07,1.641805387149782,1.8835142929322617,arima,CUSCO
2022-11-14,1.7142379777593313,1.5275932248445017,arima,CUSCO
2022-11-21,1.448651812190984,1.476287412342609,arima,CUSCO
2022-11-28,1.448651812190984,1.495114069910925,arima,CUSCO
2022-12-05,1.158921449752787,1.4881440955542196,arima,CUSCO
2022-12-12,1.255498237232186,1.2201187315908715,arima,CUSCO
2022-12-19,1.3037866309718857,1.1345346648137178,arima,CUSCO
2022-12-26,1.4245076153211345,1.1667597019091032,arima,CUSCO
2023-01-02,1.8300348202375554,1.1544198300289248,arima,CUSCO
2023-01-09,1.92248168227674,2.0065768791836462,arima,CUSCO
2023-01-16,1.7989015187765738,2.29065035286115,arima,CUSCO
2023-01-23,1.439121215021259,2.1770868946514126,arima,CUSCO
2023-01-30,1.3431798006865083,2.220790244188758,arima,CUSCO
2023-02-06,1.6549893972744478,1.3997987799691107,arima,CUSCO
2023-02-13,1.7029601044418232,1.4349585788492292,arima,CUSCO
2023-02-20,1.6789747508581356,1.4216995923837141,arima,CUSCO
2023-02-27,1.4870919221886343,1.4266685331289983,arima,CUSCO
2023-03-06,1.4870919221886343,1.4813431677263706,arima,CUSCO
2023-03-13,1.7269454580255108,1.4957299425793726,arima,CUSCO
2023-03-20,1.9907843474460751,1.4904143207298752,arima,CUSCO
2023-03-27,2.4944767727035155,1.492373438462074,arima,CUSCO
2023-04-03,2.7343303085403927,2.682274566659357,arima,CUSCO
2023-04-10,2.638388894205642,2.8541706652980103,arima,CUSCO
2023-04-17,2.782301015707768,2.7940488543382163,arima,CUSCO
2023-04-24,2.7343303085403927,2.8146597278014163,arima,CUSCO
2023-05-01,3.0461399051283315,2.9999416730260404,arima,CUSCO
2023-05-08,2.8782424300425187,2.860501804253199,arima,CUSCO
2023-05-15,2.5904181870382663,2.90682035044036,arima,CUSCO
2023-05-22,2.230637883282952,2.89118976541277,arima,CUSCO
2023-05-29,2.2546232368666392,1.9892183934041878,arima,CUSCO
2023-06-05,2.470491419119828,1.9619937336449025,arima,CUSCO
2023-06-12,2.518462126287204,1.9707421681079014,arima,CUSCO
2023-06-19,2.446506065536141,1.967919370342527,arima,CUSCO
2023-06-26,2.830271722875143,2.365561456928072,arima,CUSCO
2023-07-03,2.7343303085403927,2.4569475284815137,arima,CUSCO
2023-07-10,2.3745500047850774,2.4343871003344395,arima,CUSCO
2023-07-17,1.8468722259439492,2.4314136453140387,arima,CUSCO
2023-07-24,2.206652529699264,1.7934326800039229,arima,CUSCO
2023-07-31,2.326579297617702,1.8414484889381828,arima,CUSCO
2023-08-07,2.134696468948201,1.8310964767448308,arima,CUSCO
2023-08-14,1.6070186901070727,1.8281216319895872,arima,CUSCO
2023-08-21,1.7749161651928862,1.4445672441299262,arima,CUSCO
2023-08-28,1.8708575795276365,1.441915552135313,arima,CUSCO
2023-09-04,2.1826671761155763,1.4676790647523434,arima,CUSCO
2023-09-11,2.1107111153645133,1.4584772243468502,arima,CUSCO
2023-09-18,2.014769701029763,2.24776064490294,arima,CUSCO
2023-09-25,2.0387550546134503,2.2389137811723243,arima,CUSCO
2023-10-02,1.9667989938623875,2.2183360424972087,arima,CUSCO
2023-10-09,2.1107111153645133,2.227386601722253,arima,CUSCO
2023-10-16,2.0387550546134503,2.049386737869955,arima,CUSCO
2023-10-23,1.9188282866950122,2.048846822581287,arima,CUSCO
2023-10-30,1.8708575795276368,2.059819560906549,arima,CUSCO
2023-11-06,1.9907843474460751,2.0558720174224505,arima,CUSCO
2023-11-13,2.2546232368666392,2.130963357866357,arima,CUSCO
2023-11-20,2.35056465120139,2.223796621860957,arima,CUSCO
2023-11-27,2.398535358368765,2.1636573170670768,arima,CUSCO
2023-12-04,2.2546232368666392,2.1687701602481586,arima,CUSCO
2010-12-27,1.3915560379616487,1.5903497576704557,naive,MOQUEGUA
2011-01-03,0.9939685985440346,1.5903497576704557,naive,MOQUEGUA
2011-01-10,0.5939812561546877,1.5903497576704557,naive,MOQUEGUA
2011-01-17,0.19639381673707376,1.5903497576704557,naive,MOQUEGUA
2011-01-24,0.3927876334741476,0.19639381673707376,naive,MOQUEGUA
2011-01-31,0.19639381673707376,0.19639381673707376,naive,MOQUEGUA
2011-02-07,0.3927876334741476,0.19639381673707376,naive,MOQUEGUA
2011-02-14,0.19639381673707376,0.19639381673707376,naive,MOQUEGUA
2011-02-21,0.7855752669482953,0.19639381673707376,naive,MOQUEGUA
2011-02-28,1.178362900422443,0.19639381673707376,naive,MOQUEGUA
2011-03-07,1.178362900422443,0.19639381673707376,naive,MOQUEGUA
2011-03-14,0.7855752669482953,0.19639381673707376,naive,MOQUEGUA
2011-03-21,0.3927876334741476,0.7855752669482952,naive,MOQUEGUA
2011-03-28,0.5891814502112215,0.7855752669482952,naive,MOQUEGUA
2011-04-04,0.7855752669482952,0.7855752669482952,naive,MOQUEGUA
2011-04-11,0.7855752669482952,0.7855752669482952,naive,MOQUEGUA
2011-04-18,0.5891814502112213,0.7855752669482952,naive,MOQUEGUA
2011-04-25,0.5891814502112215,0.7855752669482952,naive,MOQUEGUA
2011-05-02,0.5891814502112215,0.7855752669482952,naive,MOQUEGUA
2011-05-09,0.7855752669482952,0.7855752669482952,naive,MOQUEGUA
2011-05-16,0.39278763347414763,0.7855752669482952,naive,MOQUEGUA
2011-05-23,0.9819690836853692,0.7855752669482952,naive,MOQUEGUA
2011-05-30,1.178362900422443,0.7855752669482952,naive,MOQUEGUA
2011-06-06,1.5711505338965905,0.7855752669482952,naive,MOQUEGUA
2011-06-13,1.178362900422443,1.5711505338965905,naive,MOQUEGUA
2011-06-20,1.178362900422443,1.5711505338965905,naive,MOQUEGUA
2011-06-27,0.7855752669482953,1.5711505338965905,naive,MOQUEGUA
2011-07-04,0.7855752669482953,1.5711505338965905,naive,MOQUEGUA
2011-07-11,1.178362900422443,0.7855752669482952,naive,MOQUEGUA
2011-07-18,1.374756717159517,0.7855752669482952,naive,MOQUEGUA
2011-07-25,0.9819690836853692,0.7855752669482952,naive,MOQUEGUA
2011-08-01,0.7855752669482955,0.7855752669482952,naive,MOQUEGUA
2011-08-08,1.374756717159517,0.7855752669482956,naive,MOQUEGUA
2011-08-15,1.5711505338965905,0.7855752669482956,naive,MOQUEGUA
2011-08-22,1.9639381673707383,0.7855752669482956,naive,MOQUEGUA
2011-08-29,1.374756717159517,0.7855752669482956,naive,MOQUEGUA
2011-09-05,1.1783629004224432,1.374756717159517,naive,MOQUEGUA
2011-09-12,0.5891814502112216,1.374756717159517,naive,MOQUEGUA
2011-09-19,0.5891814502112216,1.374756717159517,naive,MOQUEGUA
2011-09-26,1.178362900422443,1.374756717159517,naive,MOQUEGUA
2011-10-03,0.9819690836853693,1.178362900422443,naive,MOQUEGUA
2011-10-10,0.9819690836853692,1.178362900422443,naive,MOQUEGUA
2011-10-17,1.1783629004224432,1.178362900422443,naive,MOQUEGUA
2011-10-24,1.1783629004224432,1.178362900422443,naive,MOQUEGUA
2011-10-31,1.9639381673707386,1.1783629004224432,naive,MOQUEGUA
2011-11-07,1.374756717159517,1.1783629004224432,naive,MOQUEGUA
2011-11-14,1.571150533896591,1.1783629004224432,naive,MOQUEGUA
2011-11-21,0.9819690836853692,1.1783629004224432,naive,MOQUEGUA
2011-11-28,0.7855752669482955,0.9819690836853691,naive,MOQUEGUA
2011-12-05,0.5891814502112216,0.9819690836853691,naive,MOQUEGUA
2011-12-12,0.7855752669482955,0.9819690836853691,naive,MOQUEGUA
2011-12-19,1.1783629004224432,0.9819690836853691,naive,MOQUEGUA
2011-12-26,0.9819690836853693,1.1783629004224432,naive,MOQUEGUA
2012-01-02,0.5868399305682147,1.1783629004224432,naive,MOQUEGUA
2012-01-09,0.388104594188134,1.1783629004224432,naive,MOQUEGUA
2012-01-16,0.5821568912822006,1.1783629004224432,naive,MOQUEGUA
2012-01-23,0.7762091883762677,0.5821568912822006,naive,MOQUEGUA
2012-01-30,1.1643137825644014,0.5821568912822006,naive,MOQUEGUA
2012-02-06,1.552418376752535,0.5821568912822006,naive,MOQUEGUA
2012-02-13,1.9405229709406686,0.5821568912822006,naive,MOQUEGUA
2012-02-20,1.9405229709406688,1.9405229709406688,naive,MOQUEGUA
2012-02-27,2.3286275651288024,1.9405229709406688,naive,MOQUEGUA
2012-03-05,2.1345752680347356,1.9405229709406688,naive,MOQUEGUA
2012-03-12,2.522679862222869,1.9405229709406688,naive,MOQUEGUA
2012-03-19,2.134575268034735,2.5226798622228688,naive,MOQUEGUA
2012-03-26,2.1345752680347356,2.5226798622228688,naive,MOQUEGUA
2012-04-02,1.3583660796584682,2.5226798622228688,naive,MOQUEGUA
2012-04-09,1.3583660796584682,2.5226798622228688,naive,MOQUEGUA
2012-04-16,1.1643137825644014,1.3583660796584682,naive,MOQUEGUA
2012-04-23,1.3583660796584682,1.3583660796584682,naive,MOQUEGUA
2012-04-30,0.7762091883762675,1.3583660796584682,naive,MOQUEGUA
2012-05-07,0.9702614854703344,1.3583660796584682,naive,MOQUEGUA
2012-05-14,0.7762091883762675,0.9702614854703344,naive,MOQUEGUA
2012-05-21,1.7464706738466018,0.9702614854703344,naive,MOQUEGUA
2012-05-28,1.9405229709406686,0.9702614854703344,naive,MOQUEGUA
2012-06-04,2.3286275651288024,0.9702614854703344,naive,MOQUEGUA
2012-06-11,1.9405229709406686,2.328627565128802,naive,MOQUEGUA
2012-06-18,1.552418376752535,2.328627565128802,naive,MOQUEGUA
2012-06-25,1.746470673846602,2.328627565128802,naive,MOQUEGUA
2012-07-02,1.1643137825644014,2.328627565128802,naive,MOQUEGUA
2012-07-09,1.3583660796584682,1.1643137825644014,naive,MOQUEGUA
2012-07-16,1.1643137825644012,1.1643137825644014,naive,MOQUEGUA
2012-07-23,1.9405229709406686,1.1643137825644014,naive,MOQUEGUA
2012-07-30,1.552418376752535,1.1643137825644014,naive,MOQUEGUA
2012-08-06,1.3583660796584682,1.552418376752535,naive,MOQUEGUA
2012-08-13,1.7464706738466018,1.552418376752535,naive,MOQUEGUA
2012-08-20,1.9405229709406686,1.552418376752535,naive,MOQUEGUA
2012-08-27,2.134575268034735,1.552418376752535,naive,MOQUEGUA
2012-09-03,1.552418376752535,2.134575268034735,naive,MOQUEGUA
2012-09-10,1.3583660796584678,2.134575268034735,naive,MOQUEGUA
2012-09-17,0.9702614854703343,2.134575268034735,naive,MOQUEGUA
2012-09-24,0.9702614854703343,2.134575268034735,naive,MOQUEGUA
2012-10-01,0.9702614854703343,0.9702614854703342,naive,MOQUEGUA
2012-10-08,1.164313782564401,0.9702614854703342,naive,MOQUEGUA
2012-10-15,1.164313782564401,0.9702614854703342,naive,MOQUEGUA
2012-10-22,0.9702614854703343,0.9702614854703342,naive,MOQUEGUA
2012-10-29,0.9702614854703343,0.9702614854703342,naive,MOQUEGUA
2012-11-05,0.7762091883762675,0.9702614854703342,naive,MOQUEGUA
2012-11-12,1.3583660796584678,0.9702614854703342,naive,MOQUEGUA
2012-11-19,2.134575268034735,0.9702614854703342,naive,MOQUEGUA
2012-11-26,2.328627565128802,2.134575268034735,naive,MOQUEGUA
2012-12-03,2.134575268034735,2.134575268034735,naive,MOQUEGUA
2012-12-10,1.164313782564401,2.134575268034735,naive,MOQUEGUA
2012-12-17,0.9702614854703343,2.134575268034735,naive,MOQUEGUA
2012-12-24,0.9702614854703343,0.9702614854703342,naive,MOQUEGUA
2012-12-31,1.1643137825644012,0.9702614854703342,naive,MOQUEGUA
2013-01-07,1.54327300233261,0.9702614854703342,naive,MOQUEGUA
2013-01-14,1.5387003151226477,0.9702614854703342,naive,MOQUEGUA
2013-01-21,1.3423616744235993,1.538700315122648,naive,MOQUEGUA
2013-01-28,1.150595720934514,1.538700315122648,naive,MOQUEGUA
2013-02-04,0.7670638139563426,1.538700315122648,naive,MOQUEGUA
2013-02-11,1.150595720934514,1.538700315122648,naive,MOQUEGUA
2013-02-18,0.9588297674454282,1.150595720934514,naive,MOQUEGUA
2013-02-25,0.9588297674454282,1.150595720934514,naive,MOQUEGUA
2013-03-04,0.3835319069781713,1.150595720934514,naive,MOQUEGUA
2013-03-11,0.0,1.150595720934514,naive,MOQUEGUA
2013-03-18,0.19176595348908565,0.0,naive,MOQUEGUA
2013-03-25,0.19176595348908565,0.0,naive,MOQUEGUA
2013-04-01,0.3835319069781713,0.0,naive,MOQUEGUA
2013-04-08,0.19176595348908565,0.0,naive,MOQUEGUA
2013-04-15,0.3835319069781713,0.19176595348908562,naive,MOQUEGUA
2013-04-22,0.7670638139563426,0.19176595348908562,naive,MOQUEGUA
2013-04-29,1.150595720934514,0.19176595348908562,naive,MOQUEGUA
2013-05-06,1.150595720934514,0.19176595348908562,naive,MOQUEGUA
2013-05-13,0.9588297674454282,1.150595720934514,naive,MOQUEGUA
2013-05-20,0.9588297674454282,1.150595720934514,naive,MOQUEGUA
2013-05-27,0.7670638139563426,1.150595720934514,naive,MOQUEGUA
2013-06-03,0.3835319069781713,1.150595720934514,naive,MOQUEGUA
2013-06-10,0.575297860467257,0.3835319069781713,naive,MOQUEGUA
2013-06-17,1.150595720934514,0.3835319069781713,naive,MOQUEGUA
2013-06-24,1.150595720934514,0.3835319069781713,naive,MOQUEGUA
2013-07-01,1.150595720934514,0.3835319069781713,naive,MOQUEGUA
2013-07-08,1.5341276279126852,1.150595720934514,naive,MOQUEGUA
2013-07-15,2.109425488379942,1.150595720934514,naive,MOQUEGUA
2013-07-22,2.109425488379942,1.150595720934514,naive,MOQUEGUA
2013-07-29,1.3423616744235993,1.150595720934514,naive,MOQUEGUA
2013-08-05,1.3423616744235993,1.3423616744235993,naive,MOQUEGUA
2013-08-12,1.150595720934514,1.3423616744235993,naive,MOQUEGUA
2013-08-19,1.150595720934514,1.3423616744235993,naive,MOQUEGUA
2013-08-26,0.7670638139563426,1.3423616744235993,naive,MOQUEGUA
2013-09-02,0.575297860467257,0.7670638139563426,naive,MOQUEGUA
2013-09-09,0.7670638139563426,0.7670638139563426,naive,MOQUEGUA
2013-09-16,1.150595720934514,0.7670638139563426,naive,MOQUEGUA
2013-09-23,1.150595720934514,0.7670638139563426,naive,MOQUEGUA
2013-09-30,0.9588297674454282,1.150595720934514,naive,MOQUEGUA
2013-10-07,0.575297860467257,1.150595720934514,naive,MOQUEGUA
2013-10-14,0.7670638139563426,1.150595720934514,naive,MOQUEGUA
2013-10-21,1.3423616744235993,1.150595720934514,naive,MOQUEGUA
2013-10-28,1.5341276279126852,1.3423616744235993,naive,MOQUEGUA
2013-11-04,1.725893581401771,1.3423616744235993,naive,MOQUEGUA
2013-11-11,1.3423616744235993,1.3423616744235993,naive,MOQUEGUA
2013-11-18,1.3423616744235993,1.3423616744235993,naive,MOQUEGUA
2013-11-25,0.7670638139563426,1.3423616744235993,naive,MOQUEGUA
2013-12-02,1.150595720934514,1.3423616744235993,naive,MOQUEGUA
2013-12-09,0.9588297674454282,1.3423616744235993,naive,MOQUEGUA
2013-12-16,1.725893581401771,1.3423616744235993,naive,MOQUEGUA
2013-12-23,1.3423616744235993,1.725893581401771,naive,MOQUEGUA
2013-12-30,1.5341276279126852,1.725893581401771,naive,MOQUEGUA
2014-01-06,1.1461273753343144,1.725893581401771,naive,MOQUEGUA
2014-01-13,0.952127249045129,1.725893581401771,naive,MOQUEGUA
2014-01-20,1.1371906841339154,0.9521272490451291,naive,MOQUEGUA
2014-01-27,0.9476589034449296,0.9521272490451291,naive,MOQUEGUA
2014-02-03,0.9476589034449298,0.9521272490451291,naive,MOQUEGUA
2014-02-10,0.37906356137797187,0.9521272490451291,naive,MOQUEGUA
2014-02-17,0.18953178068898593,0.37906356137797187,naive,MOQUEGUA
2014-02-24,0.37906356137797187,0.37906356137797187,naive,MOQUEGUA
2014-03-03,0.5685953420669578,0.37906356137797187,naive,MOQUEGUA
2014-03-10,0.5685953420669578,0.37906356137797187,naive,MOQUEGUA
2014-03-17,0.37906356137797187,0.5685953420669578,naive,MOQUEGUA
2014-03-24,0.7581271227559437,0.5685953420669578,naive,MOQUEGUA
2014-03-31,1.1371906841339154,0.5685953420669578,naive,MOQUEGUA
2014-04-07,0.9476589034449295,0.5685953420669578,naive,MOQUEGUA
2014-04-14,0.5685953420669578,0.9476589034449296,naive,MOQUEGUA
2014-04-21,0.5685953420669578,0.9476589034449296,naive,MOQUEGUA
2014-04-28,0.5685953420669578,0.9476589034449296,naive,MOQUEGUA
2014-05-05,1.1371906841339157,0.9476589034449296,naive,MOQUEGUA
2014-05-12,1.1371906841339157,1.1371906841339157,naive,MOQUEGUA
2014-05-19,1.5162542455118875,1.1371906841339157,naive,MOQUEGUA
2014-05-26,1.1371906841339157,1.1371906841339157,naive,MOQUEGUA
2014-06-02,1.5162542455118875,1.1371906841339157,naive,MOQUEGUA
2014-06-09,1.1371906841339157,1.5162542455118875,naive,MOQUEGUA
2014-06-16,1.1371906841339157,1.5162542455118875,naive,MOQUEGUA
2014-06-23,0.7581271227559437,1.5162542455118875,naive,MOQUEGUA
2014-06-30,0.9476589034449298,1.5162542455118875,naive,MOQUEGUA
2014-07-07,0.9476589034449298,0.9476589034449298,naive,MOQUEGUA
2014-07-14,0.9476589034449298,0.9476589034449298,naive,MOQUEGUA
2014-07-21,1.1371906841339157,0.9476589034449298,naive,MOQUEGUA
2014-07-28,1.3267224648229015,0.9476589034449298,naive,MOQUEGUA
2014-08-04,2.463913148956817,1.3267224648229015,naive,MOQUEGUA
2014-08-11,3.411572052401747,1.3267224648229015,naive,MOQUEGUA
2014-08-18,3.7906356137797186,1.3267224648229015,naive,MOQUEGUA
2014-08-25,2.274381368267831,1.3267224648229015,naive,MOQUEGUA
2014-09-01,1.5162542455118875,2.2743813682678304,naive,MOQUEGUA
2014-09-08,0.9476589034449296,2.2743813682678304,naive,MOQUEGUA
2014-09-15,1.7057860262008735,2.2743813682678304,naive,MOQUEGUA
2014-09-22,1.7057860262008735,2.2743813682678304,naive,MOQUEGUA
2014-09-29,1.8953178068898593,1.7057860262008735,naive,MOQUEGUA
2014-10-06,1.3267224648229015,1.7057860262008735,naive,MOQUEGUA
2014-10-13,1.7057860262008733,1.7057860262008735,naive,MOQUEGUA
2014-10-20,1.7057860262008733,1.7057860262008735,naive,MOQUEGUA
2014-10-27,1.895317806889859,1.705786026200873,naive,MOQUEGUA
2014-11-03,1.8953178068898593,1.705786026200873,naive,MOQUEGUA
2014-11-10,1.5162542455118875,1.705786026200873,naive,MOQUEGUA
2014-11-17,1.7057860262008733,1.705786026200873,naive,MOQUEGUA
2014-11-24,0.7581271227559437,1.705786026200873,naive,MOQUEGUA
2014-12-01,0.5685953420669577,1.705786026200873,naive,MOQUEGUA
2014-12-08,0.0,1.705786026200873,naive,MOQUEGUA
2014-12-15,0.18953178068898593,1.705786026200873,naive,MOQUEGUA
2014-12-22,0.18953178068898593,0.18953178068898596,naive,MOQUEGUA
2014-12-29,1.3267224648229015,0.18953178068898596,naive,MOQUEGUA
2015-01-05,1.511890923942069,0.18953178068898596,naive,MOQUEGUA
2015-01-12,2.261291403558376,0.18953178068898596,naive,MOQUEGUA
2015-01-19,1.3114508393285373,2.2612914035583764,naive,MOQUEGUA
2015-01-26,0.9367505995203839,2.2612914035583764,naive,MOQUEGUA
2015-02-02,0.56205035971223,2.2612914035583764,naive,MOQUEGUA
2015-02-09,0.56205035971223,2.2612914035583764,naive,MOQUEGUA
2015-02-16,0.7494004796163068,0.56205035971223,naive,MOQUEGUA
2015-02-23,0.7494004796163068,0.56205035971223,naive,MOQUEGUA
2015-03-02,1.12410071942446,0.56205035971223,naive,MOQUEGUA
2015-03-09,1.1241007194244603,0.56205035971223,naive,MOQUEGUA
2015-03-16,0.7494004796163067,1.1241007194244603,naive,MOQUEGUA
2015-03-23,0.7494004796163068,1.1241007194244603,naive,MOQUEGUA
2015-03-30,0.7494004796163067,1.1241007194244603,naive,MOQUEGUA
2015-04-06,0.9367505995203835,1.1241007194244603,naive,MOQUEGUA
2015-04-13,1.1241007194244605,0.9367505995203834,naive,MOQUEGUA
2015-04-20,1.6861510791366907,0.9367505995203834,naive,MOQUEGUA
2015-04-27,2.0608513189448443,0.9367505995203834,naive,MOQUEGUA
2015-05-04,2.060851318944844,0.9367505995203834,naive,MOQUEGUA
2015-05-11,1.873501199040767,2.060851318944844,naive,MOQUEGUA
2015-05-18,1.4988009592326137,2.060851318944844,naive,MOQUEGUA
2015-05-25,0.9367505995203835,2.060851318944844,naive,MOQUEGUA
2015-06-01,0.7494004796163068,2.060851318944844,naive,MOQUEGUA
2015-06-08,0.7494004796163068,0.7494004796163067,naive,MOQUEGUA
2015-06-15,1.12410071942446,0.7494004796163067,naive,MOQUEGUA
2015-06-22,1.311450839328537,0.7494004796163067,naive,MOQUEGUA
2015-06-29,1.873501199040767,0.7494004796163067,naive,MOQUEGUA
2015-07-06,2.060851318944844,1.8735011990407673,naive,MOQUEGUA
2015-07-13,2.248201438848921,1.8735011990407673,naive,MOQUEGUA
2015-07-20,2.4355515587529974,1.8735011990407673,naive,MOQUEGUA
2015-07-27,2.0608513189448443,1.8735011990407673,naive,MOQUEGUA
2015-08-03,1.6861510791366907,2.0608513189448443,naive,MOQUEGUA
2015-08-10,1.6861510791366907,2.0608513189448443,naive,MOQUEGUA
2015-08-17,1.311450839328537,2.0608513189448443,naive,MOQUEGUA
2015-08-24,1.3114508393285371,2.0608513189448443,naive,MOQUEGUA
2015-08-31,0.7494004796163068,1.3114508393285373,naive,MOQUEGUA
2015-09-07,1.1241007194244605,1.3114508393285373,naive,MOQUEGUA
2015-09-14,1.4988009592326137,1.3114508393285373,naive,MOQUEGUA
2015-09-21,1.6861510791366905,1.3114508393285373,naive,MOQUEGUA
2015-09-28,2.060851318944844,1.6861510791366907,naive,MOQUEGUA
2015-10-05,2.060851318944844,1.6861510791366907,naive,MOQUEGUA
2015-10-12,2.060851318944844,1.6861510791366907,naive,MOQUEGUA
2015-10-19,1.4988009592326141,1.6861510791366907,naive,MOQUEGUA
2015-10-26,1.1241007194244605,1.4988009592326144,naive,MOQUEGUA
2015-11-02,1.6861510791366907,1.4988009592326144,naive,MOQUEGUA
2015-11-09,2.248201438848921,1.4988009592326144,naive,MOQUEGUA
2015-11-16,2.4355515587529974,1.4988009592326144,naive,MOQUEGUA
2015-11-23,2.6229016786570742,2.435551558752998,naive,MOQUEGUA
2015-11-30,2.4355515587529974,2.435551558752998,naive,MOQUEGUA
2015-12-07,1.8735011990407673,2.435551558752998,naive,MOQUEGUA
2015-12-14,1.1241007194244605,2.435551558752998,naive,MOQUEGUA
2015-12-21,0.9367505995203839,1.1241007194244608,naive,MOQUEGUA
2015-12-28,0.9367505995203839,1.1241007194244608,naive,MOQUEGUA
2016-01-04,0.5599173234910843,1.1241007194244608,naive,MOQUEGUA
2016-01-11,0.5556512510487919,1.1241007194244608,naive,MOQUEGUA
2016-01-18,0.5556512510487919,0.5556512510487919,naive,MOQUEGUA
2016-01-25,0.5556512510487918,0.5556512510487919,naive,MOQUEGUA
2016-02-01,0.3704341673658613,0.5556512510487919,naive,MOQUEGUA
2016-02-08,0.3704341673658613,0.5556512510487919,naive,MOQUEGUA
2016-02-15,0.555651251048792,0.3704341673658613,naive,MOQUEGUA
2016-02-22,0.3704341673658613,0.3704341673658613,naive,MOQUEGUA
2016-02-29,0.37043416736586127,0.3704341673658613,naive,MOQUEGUA
2016-03-07,0.0,0.3704341673658613,naive,MOQUEGUA
2016-03-14,0.9260854184146531,0.0,naive,MOQUEGUA
2016-03-21,1.481736669463445,0.0,naive,MOQUEGUA
2016-03-28,1.8521708368293062,0.0,naive,MOQUEGUA
2016-04-04,1.2965195857805143,0.0,naive,MOQUEGUA
2016-04-11,1.2965195857805143,1.2965195857805143,naive,MOQUEGUA
2016-04-18,1.481736669463445,1.2965195857805143,naive,MOQUEGUA
2016-04-25,1.2965195857805143,1.2965195857805143,naive,MOQUEGUA
2016-05-02,1.481736669463445,1.2965195857805143,naive,MOQUEGUA
2016-05-09,1.6669537531463756,1.481736669463445,naive,MOQUEGUA
2016-05-16,2.593039171561028,1.481736669463445,naive,MOQUEGUA
2016-05-23,2.7782562552439587,1.481736669463445,naive,MOQUEGUA
2016-05-30,2.222605004195167,1.481736669463445,naive,MOQUEGUA
2016-06-06,1.8521708368293062,2.2226050041951675,naive,MOQUEGUA
2016-06-13,1.6669537531463756,2.2226050041951675,naive,MOQUEGUA
2016-06-20,2.222605004195167,2.2226050041951675,naive,MOQUEGUA
2016-06-27,1.6669537531463756,2.2226050041951675,naive,MOQUEGUA
2016-07-04,1.1113025020975835,1.6669537531463758,naive,MOQUEGUA
2016-07-11,1.481736669463445,1.6669537531463758,naive,MOQUEGUA
2016-07-18,2.0373879205122365,1.6669537531463758,naive,MOQUEGUA
2016-07-25,2.222605004195167,1.6669537531463758,naive,MOQUEGUA
2016-08-01,2.0373879205122365,2.2226050041951675,naive,MOQUEGUA
2016-08-08,1.8521708368293062,2.2226050041951675,naive,MOQUEGUA
2016-08-15,2.0373879205122365,2.2226050041951675,naive,MOQUEGUA
2016-08-22,2.0373879205122365,2.2226050041951675,naive,MOQUEGUA
2016-08-29,2.0373879205122365,2.0373879205122365,naive,MOQUEGUA
2016-09-05,2.96347333892689,2.0373879205122365,naive,MOQUEGUA
2016-09-12,3.1486904226098207,2.0373879205122365,naive,MOQUEGUA
2016-09-19,3.1486904226098207,2.0373879205122365,naive,MOQUEGUA
2016-09-26,2.2226050041951675,3.1486904226098207,naive,MOQUEGUA
2016-10-03,1.481736669463445,3.1486904226098207,naive,MOQUEGUA
2016-10-10,0.9260854184146533,3.1486904226098207,naive,MOQUEGUA
2016-10-17,0.9260854184146533,3.1486904226098207,naive,MOQUEGUA
2016-10-24,1.111302502097584,0.9260854184146534,naive,MOQUEGUA
2016-10-31,1.6669537531463754,0.9260854184146534,naive,MOQUEGUA
2016-11-07,1.2965195857805145,0.9260854184146534,naive,MOQUEGUA
2016-11-14,1.6669537531463756,0.9260854184146534,naive,MOQUEGUA
2016-11-21,1.481736669463445,1.6669537531463758,naive,MOQUEGUA
2016-11-28,1.8521708368293062,1.6669537531463758,naive,MOQUEGUA
2016-12-05,1.2965195857805145,1.6669537531463758,naive,MOQUEGUA
2016-12-12,1.481736669463445,1.6669537531463758,naive,MOQUEGUA
2016-12-19,1.6669537531463756,1.481736669463445,naive,MOQUEGUA
2016-12-26,2.407822087878098,1.481736669463445,naive,MOQUEGUA
2017-01-02,2.4015700687691797,1.481736669463445,naive,MOQUEGUA
2017-01-09,2.210100965977331,1.481736669463445,naive,MOQUEGUA
2017-01-16,2.014463850446204,2.2101009659773316,naive,MOQUEGUA
2017-01-23,2.1975969277594953,2.2101009659773316,naive,MOQUEGUA
2017-01-30,2.3807300050727864,2.2101009659773316,naive,MOQUEGUA
2017-02-06,2.3807300050727864,2.2101009659773316,naive,MOQUEGUA
2017-02-13,2.563863082386078,2.380730005072786,naive,MOQUEGUA
2017-02-20,2.563863082386078,2.380730005072786,naive,MOQUEGUA
2017-02-27,2.014463850446204,2.380730005072786,naive,MOQUEGUA
2017-03-06,1.4650646185063303,2.380730005072786,naive,MOQUEGUA
2017-03-13,0.7325323092531653,1.4650646185063303,naive,MOQUEGUA
2017-03-20,1.0987984638797477,1.4650646185063303,naive,MOQUEGUA
2017-03-27,0.7325323092531653,1.4650646185063303,naive,MOQUEGUA
2017-04-03,1.4650646185063303,1.4650646185063303,naive,MOQUEGUA
2017-04-10,1.831330773132913,1.4650646185063303,naive,MOQUEGUA
2017-04-17,3.1132623143259512,1.4650646185063303,naive,MOQUEGUA
2017-04-24,3.1132623143259512,1.4650646185063303,naive,MOQUEGUA
2017-05-01,2.3807300050727864,1.4650646185063303,naive,MOQUEGUA
2017-05-08,1.4650646185063303,2.380730005072786,naive,MOQUEGUA
2017-05-15,1.4650646185063303,2.380730005072786,naive,MOQUEGUA
2017-05-22,1.8313307731329127,2.380730005072786,naive,MOQUEGUA
2017-05-29,2.197596927759495,2.380730005072786,naive,MOQUEGUA
2017-06-05,2.014463850446204,2.1975969277594944,naive,MOQUEGUA
2017-06-12,2.5638630823860775,2.1975969277594944,naive,MOQUEGUA
2017-06-19,3.1132623143259512,2.1975969277594944,naive,MOQUEGUA
2017-06-26,3.479528468952534,2.1975969277594944,naive,MOQUEGUA
2017-07-03,3.8457946235791165,3.479528468952534,naive,MOQUEGUA
2017-07-10,4.028927700892408,3.479528468952534,naive,MOQUEGUA
2017-07-17,4.395193855518991,3.479528468952534,naive,MOQUEGUA
2017-07-24,3.479528468952534,3.479528468952534,naive,MOQUEGUA
2017-07-31,3.8457946235791165,3.479528468952534,naive,MOQUEGUA
2017-08-07,3.2963953916392428,3.479528468952534,naive,MOQUEGUA
2017-08-14,2.746996159699369,3.479528468952534,naive,MOQUEGUA
2017-08-21,1.6481976958196214,3.479528468952534,naive,MOQUEGUA
2017-08-28,2.014463850446204,1.6481976958196214,naive,MOQUEGUA
2017-09-04,2.380730005072787,1.6481976958196214,naive,MOQUEGUA
2017-09-11,2.0144638504462042,1.6481976958196214,naive,MOQUEGUA
2017-09-18,1.0987984638797477,1.6481976958196214,naive,MOQUEGUA
2017-09-25,0.9156653865664565,1.0987984638797477,naive,MOQUEGUA
2017-10-02,1.6481976958196214,1.0987984638797477,naive,MOQUEGUA
2017-10-09,2.563863082386078,1.0987984638797477,naive,MOQUEGUA
2017-10-16,3.6626615462658254,1.0987984638797477,naive,MOQUEGUA
2017-10-23,3.6626615462658254,3.6626615462658254,naive,MOQUEGUA
2017-10-30,2.9301292370126606,3.6626615462658254,naive,MOQUEGUA
2017-11-06,2.563863082386078,3.6626615462658254,naive,MOQUEGUA
2017-11-13,2.380730005072787,3.6626615462658254,naive,MOQUEGUA
2017-11-20,3.1132623143259512,2.380730005072787,naive,MOQUEGUA
2017-11-27,2.563863082386078,2.380730005072787,naive,MOQUEGUA
2017-12-04,2.380730005072787,2.380730005072787,naive,MOQUEGUA
2017-12-11,2.014463850446204,2.380730005072787,naive,MOQUEGUA
2017-12-18,1.831330773132913,2.014463850446204,naive,MOQUEGUA
2017-12-25,1.6481976958196218,2.014463850446204,naive,MOQUEGUA
2018-01-01,1.988793716617806,2.014463850446204,naive,MOQUEGUA
2018-01-08,2.159091727016898,2.014463850446204,naive,MOQUEGUA
2018-01-15,2.503966103453149,2.159091727016898,naive,MOQUEGUA
2018-01-22,2.146256660102699,2.159091727016898,naive,MOQUEGUA
2018-01-29,2.3251113817779236,2.159091727016898,naive,MOQUEGUA
2018-02-05,2.8616755468035984,2.159091727016898,naive,MOQUEGUA
2018-02-12,2.5039661034531484,2.861675546803599,naive,MOQUEGUA
2018-02-19,2.3251113817779236,2.861675546803599,naive,MOQUEGUA
2018-02-26,1.2519830517265744,2.861675546803599,naive,MOQUEGUA
2018-03-05,1.4308377734017992,2.861675546803599,naive,MOQUEGUA
2018-03-12,1.6096924950770244,1.4308377734017992,naive,MOQUEGUA
2018-03-19,1.7885472167522491,1.4308377734017992,naive,MOQUEGUA
2018-03-26,2.1462566601026984,1.4308377734017992,naive,MOQUEGUA
2018-04-02,2.5039661034531484,1.4308377734017992,naive,MOQUEGUA
2018-04-09,2.6828208251283727,2.503966103453148,naive,MOQUEGUA
2018-04-16,2.8616755468035984,2.503966103453148,naive,MOQUEGUA
2018-04-23,2.503966103453149,2.503966103453148,naive,MOQUEGUA
2018-04-30,2.6828208251283736,2.503966103453148,naive,MOQUEGUA
2018-05-07,2.146256660102699,2.6828208251283736,naive,MOQUEGUA
2018-05-14,2.325111381777923,2.6828208251283736,naive,MOQUEGUA
2018-05-21,2.146256660102699,2.6828208251283736,naive,MOQUEGUA
2018-05-28,2.325111381777923,2.6828208251283736,naive,MOQUEGUA
2018-06-04,2.1462566601026984,2.325111381777923,naive,MOQUEGUA
2018-06-11,1.967401938427474,2.325111381777923,naive,MOQUEGUA
2018-06-18,3.219384990154048,2.325111381777923,naive,MOQUEGUA
2018-06-25,3.040530268478823,2.325111381777923,naive,MOQUEGUA
2018-07-02,3.040530268478823,3.040530268478823,naive,MOQUEGUA
2018-07-09,1.609692495077024,3.040530268478823,naive,MOQUEGUA
2018-07-16,2.6828208251283736,3.040530268478823,naive,MOQUEGUA
2018-07-23,3.5770944335044974,3.040530268478823,naive,MOQUEGUA
2018-07-30,3.934803876854948,3.577094433504497,naive,MOQUEGUA
2018-08-06,3.5770944335044974,3.577094433504497,naive,MOQUEGUA
2018-08-13,3.040530268478823,3.577094433504497,naive,MOQUEGUA
2018-08-20,3.398239711829273,3.577094433504497,naive,MOQUEGUA
2018-08-27,3.040530268478823,3.398239711829273,naive,MOQUEGUA
2018-09-03,2.8616755468035984,3.398239711829273,naive,MOQUEGUA
2018-09-10,2.1462566601026984,3.398239711829273,naive,MOQUEGUA
2018-09-17,1.967401938427474,3.398239711829273,naive,MOQUEGUA
2018-09-24,1.967401938427474,1.9674019384274741,naive,MOQUEGUA
2018-10-01,2.3251113817779236,1.9674019384274741,naive,MOQUEGUA
2018-10-08,2.1462566601026984,1.9674019384274741,naive,MOQUEGUA
2018-10-15,1.967401938427474,1.9674019384274741,naive,MOQUEGUA
2018-10-22,2.3251113817779236,1.9674019384274741,naive,MOQUEGUA
2018-10-29,2.6828208251283736,1.9674019384274741,naive,MOQUEGUA
2018-11-05,3.7559491551797226,1.9674019384274741,naive,MOQUEGUA
2018-11-12,3.7559491551797226,1.9674019384274741,naive,MOQUEGUA
2018-11-19,3.040530268478823,3.7559491551797226,naive,MOQUEGUA
2018-11-26,1.9674019384274741,3.7559491551797226,naive,MOQUEGUA
2018-12-03,1.6096924950770244,3.7559491551797226,naive,MOQUEGUA
2018-12-10,1.7885472167522494,3.7559491551797226,naive,MOQUEGUA
2018-12-17,1.967401938427474,1.7885472167522494,naive,MOQUEGUA
2018-12-24,1.967401938427474,1.7885472167522494,naive,MOQUEGUA
2018-12-31,1.7885472167522491,1.7885472167522494,naive,MOQUEGUA
2019-01-07,1.24876937595865,1.7885472167522494,naive,MOQUEGUA
2019-01-14,0.3544957675825256,1.24876937595865,naive,MOQUEGUA
2019-01-21,0.8782052295365014,1.24876937595865,naive,MOQUEGUA
2019-01-28,1.2294873213511017,1.24876937595865,naive,MOQUEGUA
2019-02-04,2.458974642702203,1.24876937595865,naive,MOQUEGUA
2019-02-11,2.283333596794903,2.458974642702203,naive,MOQUEGUA
2019-02-18,2.9858977804241036,2.458974642702203,naive,MOQUEGUA
2019-02-25,2.6346156886095033,2.458974642702203,naive,MOQUEGUA
2019-03-04,2.634615688609503,2.458974642702203,naive,MOQUEGUA
2019-03-11,2.1076925508876028,2.634615688609503,naive,MOQUEGUA
2019-03-18,2.1076925508876028,2.634615688609503,naive,MOQUEGUA
2019-03-25,1.7564104590730023,2.634615688609503,naive,MOQUEGUA
2019-04-01,1.580769413165702,2.634615688609503,naive,MOQUEGUA
2019-04-08,1.229487321351102,1.580769413165702,naive,MOQUEGUA
2019-04-15,1.2294873213511017,1.580769413165702,naive,MOQUEGUA
2019-04-22,1.0538462754438018,1.580769413165702,naive,MOQUEGUA
2019-04-29,1.0538462754438018,1.580769413165702,naive,MOQUEGUA
2019-05-06,1.7564104590730025,1.0538462754438018,naive,MOQUEGUA
2019-05-13,2.458974642702203,1.0538462754438018,naive,MOQUEGUA
2019-05-20,2.8102567345168037,1.0538462754438018,naive,MOQUEGUA
2019-05-27,3.161538826331404,1.0538462754438018,naive,MOQUEGUA
2019-06-03,2.6346156886095033,3.1615388263314044,naive,MOQUEGUA
2019-06-10,2.8102567345168032,3.1615388263314044,naive,MOQUEGUA
2019-06-17,2.8102567345168037,3.1615388263314044,naive,MOQUEGUA
2019-06-24,2.9858977804241036,3.1615388263314044,naive,MOQUEGUA
2019-07-01,3.8641030099606044,2.985897780424103,naive,MOQUEGUA
2019-07-08,4.039744055867904,2.985897780424103,naive,MOQUEGUA
2019-07-15,4.215385101775205,2.985897780424103,naive,MOQUEGUA
2019-07-22,3.3371798722387034,2.985897780424103,naive,MOQUEGUA
2019-07-29,2.8102567345168032,3.3371798722387034,naive,MOQUEGUA
2019-08-05,2.8102567345168032,3.3371798722387034,naive,MOQUEGUA
2019-08-12,4.039744055867904,3.3371798722387034,naive,MOQUEGUA
2019-08-19,4.742308239497105,3.3371798722387034,naive,MOQUEGUA
2019-08-26,5.093590331311705,4.742308239497105,naive,MOQUEGUA
2019-09-02,3.6884619640533036,4.742308239497105,naive,MOQUEGUA
2019-09-09,3.1615388263314035,4.742308239497105,naive,MOQUEGUA
2019-09-16,2.6346156886095033,4.742308239497105,naive,MOQUEGUA
2019-09-23,2.6346156886095033,2.6346156886095033,naive,MOQUEGUA
2019-09-30,2.2833335967949027,2.6346156886095033,naive,MOQUEGUA
2019-10-07,2.8102567345168032,2.6346156886095033,naive,MOQUEGUA
2019-10-14,2.9858977804241036,2.6346156886095033,naive,MOQUEGUA
2019-10-21,3.5128209181460037,2.985897780424103,naive,MOQUEGUA
2019-10-28,3.161538826331404,2.985897780424103,naive,MOQUEGUA
2019-11-04,2.2833335967949027,2.985897780424103,naive,MOQUEGUA
2019-11-11,2.2833335967949027,2.985897780424103,naive,MOQUEGUA
2019-11-18,2.4589746427022035,2.283333596794903,naive,MOQUEGUA
2019-11-25,3.161538826331404,2.283333596794903,naive,MOQUEGUA
2019-12-02,2.458974642702203,2.283333596794903,naive,MOQUEGUA
2019-12-09,2.458974642702203,2.283333596794903,naive,MOQUEGUA
2019-12-16,2.8102567345168032,2.458974642702203,naive,MOQUEGUA
2019-12-23,3.1615388263314035,2.458974642702203,naive,MOQUEGUA
2019-12-30,2.458974642702203,2.458974642702203,naive,MOQUEGUA
2020-01-06,1.921265537255083,2.458974642702203,naive,MOQUEGUA
2020-01-13,2.080727631574554,1.921265537255083,naive,MOQUEGUA
2020-01-20,1.7294455397599535,1.921265537255083,naive,MOQUEGUA
2020-01-27,1.7294455397599535,1.921265537255083,naive,MOQUEGUA
2020-02-03,1.9023900937359486,1.921265537255083,naive,MOQUEGUA
2020-02-10,2.767112863615925,1.9023900937359488,naive,MOQUEGUA
2020-02-17,2.767112863615925,1.9023900937359488,naive,MOQUEGUA
2020-02-24,1.7294455397599533,1.9023900937359488,naive,MOQUEGUA
2020-03-02,1.9023900937359486,1.9023900937359488,naive,MOQUEGUA
2020-03-09,1.5565009857839582,1.9023900937359488,naive,MOQUEGUA
2020-03-16,2.767112863615925,1.9023900937359488,naive,MOQUEGUA
2020-03-23,1.7294455397599535,1.9023900937359488,naive,MOQUEGUA
2020-03-30,1.7294455397599535,1.9023900937359488,naive,MOQUEGUA
2020-04-06,0.6917782159039817,1.7294455397599535,naive,MOQUEGUA
2020-04-13,0.8647227698799771,1.7294455397599535,naive,MOQUEGUA
2020-04-20,0.8647227698799771,1.7294455397599535,naive,MOQUEGUA
2020-04-27,0.8647227698799771,1.7294455397599535,naive,MOQUEGUA
2020-05-04,1.7294455397599533,0.8647227698799772,naive,MOQUEGUA
2020-05-11,1.9023900937359486,0.8647227698799772,naive,MOQUEGUA
2020-05-18,1.9023900937359486,0.8647227698799772,naive,MOQUEGUA
2020-05-25,0.8647227698799771,0.8647227698799772,naive,MOQUEGUA
2020-06-01,0.8647227698799771,0.8647227698799772,naive,MOQUEGUA
2020-06-08,1.2106118778319677,0.8647227698799772,naive,MOQUEGUA
2020-06-15,2.421223755663935,0.8647227698799772,naive,MOQUEGUA
2020-06-22,2.2482792016879394,0.8647227698799772,naive,MOQUEGUA
2020-06-29,2.2482792016879394,2.2482792016879394,naive,MOQUEGUA
2020-07-06,2.2482792016879394,2.2482792016879394,naive,MOQUEGUA
2020-07-13,2.59416830963993,2.2482792016879394,naive,MOQUEGUA
2020-07-20,5.442849227010499,2.2482792016879394,naive,MOQUEGUA
2020-07-27,7.6911284286984385,5.442849227010499,naive,MOQUEGUA
2020-08-03,9.939407630386377,5.442849227010499,naive,MOQUEGUA
2020-08-10,9.939407630386377,5.442849227010499,naive,MOQUEGUA
2020-08-17,9.766463076410382,5.442849227010499,naive,MOQUEGUA
2020-08-24,9.0746848605064,9.76646307641038,naive,MOQUEGUA
2020-08-31,7.609560374943793,9.76646307641038,naive,MOQUEGUA
2020-09-07,5.707170281207845,9.76646307641038,naive,MOQUEGUA
2020-09-14,4.323613849399883,9.76646307641038,naive,MOQUEGUA
2020-09-21,4.323613849399883,4.323613849399884,naive,MOQUEGUA
2020-09-28,3.6318356334959017,4.323613849399884,naive,MOQUEGUA
2020-10-05,4.150669295423888,4.323613849399884,naive,MOQUEGUA
2020-10-12,2.59416830963993,4.323613849399884,naive,MOQUEGUA
2020-10-19,2.075334647711944,2.5941683096399295,naive,MOQUEGUA
2020-10-26,1.0376673238559724,2.5941683096399295,naive,MOQUEGUA
2020-11-02,0.8647227698799771,2.5941683096399295,naive,MOQUEGUA
2020-11-09,1.0376673238559717,2.5941683096399295,naive,MOQUEGUA
2020-11-16,1.2106118778319677,1.0376673238559717,naive,MOQUEGUA
2020-11-23,1.5565009857839582,1.0376673238559717,naive,MOQUEGUA
2020-11-30,2.4212237556639344,1.0376673238559717,naive,MOQUEGUA
2020-12-07,2.2482792016879394,1.0376673238559717,naive,MOQUEGUA
2020-12-14,2.940057417591921,2.2482792016879394,naive,MOQUEGUA
2020-12-21,3.8047801874718967,2.2482792016879394,naive,MOQUEGUA
2020-12-28,5.534225727231849,2.2482792016879394,naive,MOQUEGUA
2021-01-04,7.053897856361801,2.2482792016879394,naive,MOQUEGUA
2021-01-11,8.052569920231178,7.053897856361801,naive,MOQUEGUA
2021-01-18,9.517694405793785,7.053897856361801,naive,MOQUEGUA
2021-01-25,8.834581803220159,7.053897856361801,naive,MOQUEGUA
2021-02-01,8.151469200646531,7.053897856361801,naive,MOQUEGUA
2021-02-08,5.806457121875828,8.15146920064653,naive,MOQUEGUA
2021-02-15,3.927897464798354,8.15146920064653,naive,MOQUEGUA
2021-02-22,2.561672259651101,8.15146920064653,naive,MOQUEGUA
2021-03-01,3.7571193141549473,8.15146920064653,naive,MOQUEGUA
2021-03-08,3.5863411635115408,3.757119314154947,naive,MOQUEGUA
2021-03-15,2.903228560937914,3.757119314154947,naive,MOQUEGUA
2021-03-22,0.6831126025736273,3.757119314154947,naive,MOQUEGUA
2021-03-29,1.1954470545038471,3.757119314154947,naive,MOQUEGUA
2021-04-05,3.927897464798354,1.1954470545038471,naive,MOQUEGUA
2021-04-12,7.297578447429498,1.1954470545038471,naive,MOQUEGUA
2021-04-19,8.663803652576751,1.1954470545038471,naive,MOQUEGUA
2021-04-26,8.663803652576751,1.1954470545038471,naive,MOQUEGUA
2021-05-03,8.663803652576751,8.663803652576753,naive,MOQUEGUA
2021-05-10,8.663803652576751,8.663803652576753,naive,MOQUEGUA
2021-05-17,8.493025501933344,8.663803652576753,naive,MOQUEGUA
2021-05-24,8.493025501933344,8.663803652576753,naive,MOQUEGUA
2021-05-31,9.984146827487015,8.493025501933342,naive,MOQUEGUA
2021-06-07,9.471812375556794,8.493025501933342,naive,MOQUEGUA
2021-06-14,7.468356598072904,8.493025501933342,naive,MOQUEGUA
2021-06-21,5.294122669945607,8.493025501933342,naive,MOQUEGUA
2021-06-28,4.098675615441761,5.294122669945607,naive,MOQUEGUA
2021-07-05,3.2447848622247277,5.294122669945607,naive,MOQUEGUA
2021-07-12,2.561672259651101,5.294122669945607,naive,MOQUEGUA
2021-07-19,2.7324504102945073,5.294122669945607,naive,MOQUEGUA
2021-07-26,2.390894109007694,2.7324504102945073,naive,MOQUEGUA
2021-08-02,3.0740067115813203,2.7324504102945073,naive,MOQUEGUA
2021-08-09,3.2447848622247277,2.7324504102945073,naive,MOQUEGUA
2021-08-16,3.7571193141549473,2.7324504102945073,naive,MOQUEGUA
2021-08-23,3.2447848622247277,3.757119314154947,naive,MOQUEGUA
2021-08-30,2.2201159583642878,3.757119314154947,naive,MOQUEGUA
2021-09-06,1.8785596570774743,3.757119314154947,naive,MOQUEGUA
2021-09-13,1.1954470545038476,3.757119314154947,naive,MOQUEGUA
2021-09-20,1.5370033557906606,1.1954470545038476,naive,MOQUEGUA
2021-09-27,1.1954470545038474,1.1954470545038476,naive,MOQUEGUA
2021-10-04,1.7077815064340676,1.1954470545038476,naive,MOQUEGUA
2021-10-11,1.0246689038604406,1.1954470545038476,naive,MOQUEGUA
2021-10-18,1.5370033557906606,1.0246689038604406,naive,MOQUEGUA
2021-10-25,1.5370033557906606,1.0246689038604406,naive,MOQUEGUA
2021-11-01,2.04933780772088,1.0246689038604406,naive,MOQUEGUA
2021-11-08,1.8785596570774736,1.0246689038604406,naive,MOQUEGUA
2021-11-15,1.3662252051472539,1.8785596570774734,naive,MOQUEGUA
2021-11-22,1.0246689038604406,1.8785596570774734,naive,MOQUEGUA
2021-11-29,1.0246689038604406,1.8785596570774734,naive,MOQUEGUA
2021-12-06,2.561672259651101,1.8785596570774734,naive,MOQUEGUA
2021-12-13,3.074006711581321,2.5616722596511003,naive,MOQUEGUA
2021-12-20,2.903228560937914,2.5616722596511003,naive,MOQUEGUA
2021-12-27,1.3662252051472539,2.5616722596511003,naive,MOQUEGUA
2022-01-03,1.0190817927735496,2.5616722596511003,naive,MOQUEGUA
2022-01-10,1.691020173173394,1.0190817927735496,naive,MOQUEGUA
2022-01-17,2.1959051436544264,1.0190817927735496,naive,MOQUEGUA
2022-01-24,2.0269893633733163,1.0190817927735496,naive,MOQUEGUA
2022-01-31,3.5472313859033036,1.0190817927735496,naive,MOQUEGUA
2022-02-07,4.222894507027742,3.5472313859033036,naive,MOQUEGUA
2022-02-14,5.405304968995509,3.5472313859033036,naive,MOQUEGUA
2022-02-21,3.378315605622193,3.5472313859033036,naive,MOQUEGUA
2022-02-28,2.871568264778864,3.5472313859033036,naive,MOQUEGUA
2022-03-07,2.0269893633733163,2.8715682647788636,naive,MOQUEGUA
2022-03-14,2.1959051436544264,2.8715682647788636,naive,MOQUEGUA
2022-03-21,2.026989363373316,2.8715682647788636,naive,MOQUEGUA
2022-03-28,1.5202420225299875,2.8715682647788636,naive,MOQUEGUA
2022-04-04,2.0269893633733163,1.5202420225299873,naive,MOQUEGUA
2022-04-11,1.8580735830922066,1.5202420225299873,naive,MOQUEGUA
2022-04-18,2.0269893633733163,1.5202420225299873,naive,MOQUEGUA
2022-04-25,1.5202420225299875,1.5202420225299873,naive,MOQUEGUA
2022-05-02,1.5202420225299875,1.5202420225299873,naive,MOQUEGUA
2022-05-09,1.5202420225299875,1.5202420225299873,naive,MOQUEGUA
2022-05-16,1.3513262422488779,1.5202420225299873,naive,MOQUEGUA
2022-05-23,1.0134946816866586,1.5202420225299873,naive,MOQUEGUA
2022-05-30,1.1824104619677682,1.0134946816866586,naive,MOQUEGUA
2022-06-06,1.3513262422488779,1.0134946816866586,naive,MOQUEGUA
2022-06-13,2.533736704216645,1.0134946816866586,naive,MOQUEGUA
2022-06-20,2.533736704216645,1.0134946816866586,naive,MOQUEGUA
2022-06-27,2.0269893633733163,2.533736704216645,naive,MOQUEGUA
2022-07-04,1.0134946816866586,2.533736704216645,naive,MOQUEGUA
2022-07-11,1.1824104619677682,2.533736704216645,naive,MOQUEGUA
2022-07-18,1.5202420225299875,2.533736704216645,naive,MOQUEGUA
2022-07-25,2.5337367042166457,1.5202420225299873,naive,MOQUEGUA
2022-08-01,1.8580735830922068,1.5202420225299873,naive,MOQUEGUA
2022-08-08,1.8580735830922066,1.5202420225299873,naive,MOQUEGUA
2022-08-15,1.0134946816866586,1.5202420225299873,naive,MOQUEGUA
2022-08-22,1.5202420225299869,1.0134946816866586,naive,MOQUEGUA
2022-08-29,1.3513262422488779,1.0134946816866586,naive,MOQUEGUA
2022-09-05,1.0134946816866586,1.0134946816866586,naive,MOQUEGUA
2022-09-12,0.6756631211244392,1.0134946816866586,naive,MOQUEGUA
2022-09-19,0.506747340843329,0.6756631211244392,naive,MOQUEGUA
2022-09-26,0.506747340843329,0.6756631211244392,naive,MOQUEGUA
2022-10-03,0.8445789014055488,0.6756631211244392,naive,MOQUEGUA
2022-10-10,1.0134946816866586,0.6756631211244392,naive,MOQUEGUA
2022-10-17,1.5202420225299875,1.0134946816866586,naive,MOQUEGUA
2022-10-24,1.3513262422488779,1.0134946816866586,naive,MOQUEGUA
2022-10-31,1.8580735830922066,1.0134946816866586,naive,MOQUEGUA
2022-11-07,1.1824104619677682,1.0134946816866586,naive,MOQUEGUA
2022-11-14,1.1824104619677682,1.1824104619677682,naive,MOQUEGUA
2022-11-21,0.6756631211244392,1.1824104619677682,naive,MOQUEGUA
2022-11-28,4.216122254398989,1.1824104619677682,naive,MOQUEGUA
2022-12-05,7.41874982711132,1.1824104619677682,naive,MOQUEGUA
2022-12-12,10.62137739982365,7.418749827111322,naive,MOQUEGUA
2022-12-19,7.24983404683021,7.418749827111322,naive,MOQUEGUA
2022-12-26,3.8782906938367696,7.418749827111322,naive,MOQUEGUA
2023-01-02,1.3414143511245273,7.418749827111322,naive,MOQUEGUA
2023-01-09,2.008817562978674,1.3414143511245273,naive,MOQUEGUA
2023-01-16,2.1744293795516665,1.3414143511245273,naive,MOQUEGUA
2023-01-23,1.505374185843462,1.3414143511245273,naive,MOQUEGUA
2023-01-30,1.3381103874164104,1.3414143511245273,naive,MOQUEGUA
2023-02-06,1.3381103874164104,1.3381103874164104,naive,MOQUEGUA
2023-02-13,1.3381103874164104,1.3381103874164104,naive,MOQUEGUA
2023-02-20,0.8363189921352566,1.3381103874164104,naive,MOQUEGUA
2023-02-27,0.8363189921352566,1.3381103874164104,naive,MOQUEGUA
2023-03-06,0.5017913952811542,0.8363189921352567,naive,MOQUEGUA
2023-03-13,0.8363189921352568,0.8363189921352567,naive,MOQUEGUA
2023-03-20,1.003582790562308,0.8363189921352567,naive,MOQUEGUA
2023-03-27,1.3381103874164104,0.8363189921352567,naive,MOQUEGUA
2023-04-03,1.1708465889893593,1.3381103874164104,naive,MOQUEGUA
2023-04-10,1.505374185843462,1.3381103874164104,naive,MOQUEGUA
2023-04-17,2.0071655811246156,1.3381103874164104,naive,MOQUEGUA
2023-04-24,2.174429379551667,1.3381103874164104,naive,MOQUEGUA
2023-05-01,2.341693177978718,2.1744293795516665,naive,MOQUEGUA
2023-05-08,2.5089569764057695,2.1744293795516665,naive,MOQUEGUA
2023-05-15,3.0107483716869226,2.1744293795516665,naive,MOQUEGUA
2023-05-22,3.3452759685410256,2.1744293795516665,naive,MOQUEGUA
2023-05-29,2.8434845732598717,3.345275968541026,naive,MOQUEGUA
2023-06-05,2.6762207748328204,3.345275968541026,naive,MOQUEGUA
2023-06-12,2.0071655811246156,3.345275968541026,naive,MOQUEGUA
2023-06-19,2.1744293795516665,3.345275968541026,naive,MOQUEGUA
2023-06-26,2.174429379551667,2.1744293795516665,naive,MOQUEGUA
2023-07-03,2.5089569764057695,2.1744293795516665,naive,MOQUEGUA
2023-07-10,2.508956976405769,2.1744293795516665,naive,MOQUEGUA
2023-07-17,2.5089569764057695,2.1744293795516665,naive,MOQUEGUA
2023-07-24,2.1744293795516665,2.50895697640577,naive,MOQUEGUA
2023-07-31,2.5089569764057695,2.50895697640577,naive,MOQUEGUA
2023-08-07,2.341693177978718,2.50895697640577,naive,MOQUEGUA
2023-08-14,2.8434845732598717,2.50895697640577,naive,MOQUEGUA
2023-08-21,2.6762207748328204,2.8434845732598717,naive,MOQUEGUA
2023-08-28,3.1780121701139747,2.8434845732598717,naive,MOQUEGUA
2023-09-04,2.6762207748328204,2.8434845732598717,naive,MOQUEGUA
2023-09-11,2.508956976405769,2.8434845732598717,naive,MOQUEGUA
2023-09-18,2.1744293795516665,2.508956976405769,naive,MOQUEGUA
2023-09-25,2.1744293795516665,2.508956976405769,naive,MOQUEGUA
2023-10-02,2.0071655811246156,2.508956976405769,naive,MOQUEGUA
2023-10-09,1.839901782697564,2.508956976405769,naive,MOQUEGUA
2023-10-16,1.672637984270513,1.839901782697564,naive,MOQUEGUA
2023-10-23,1.672637984270513,1.839901782697564,naive,MOQUEGUA
2023-10-30,2.174429379551667,1.839901782697564,naive,MOQUEGUA
2023-11-06,2.5089569764057695,1.839901782697564,naive,MOQUEGUA
2023-11-13,2.5089569764057695,2.50895697640577,naive,MOQUEGUA
2023-11-20,1.505374185843462,2.50895697640577,naive,MOQUEGUA
2023-11-27,1.839901782697564,2.50895697640577,naive,MOQUEGUA
2023-12-04,1.672637984270513,2.50895697640577,naive,MOQUEGUA
2010-12-27,1.3915560379616487,0.8050071444384065,seasonal_naive,MOQUEGUA
2011-01-03,0.9939685985440346,0.4025035722192031,seasonal_naive,MOQUEGUA
2011-01-10,0.5939812561546877,0.0,seasonal_naive,MOQUEGUA
2011-01-17,0.19639381673707376,0.19879371970880663,seasonal_naive,MOQUEGUA
2011-01-24,0.3927876334741476,0.19879371970880663,seasonal_naive,MOQUEGUA
2011-01-31,0.19639381673707376,0.19879371970880663,seasonal_naive,MOQUEGUA
2011-02-07,0.3927876334741476,0.0,seasonal_naive,MOQUEGUA
2011-02-14,0.19639381673707376,0.0,seasonal_naive,MOQUEGUA
2011-02-21,0.7855752669482953,0.0,seasonal_naive,MOQUEGUA
2011-02-28,1.178362900422443,0.19879371970880663,seasonal_naive,MOQUEGUA
2011-03-07,1.178362900422443,0.3975874394176136,seasonal_naive,MOQUEGUA
2011-03-14,0.7855752669482953,0.3975874394176136,seasonal_naive,MOQUEGUA
2011-03-21,0.3927876334741476,1.590349757670455,seasonal_naive,MOQUEGUA
2011-03-28,0.5891814502112215,1.3915560379616485,seasonal_naive,MOQUEGUA
2011-04-04,0.7855752669482952,1.590349757670455,seasonal_naive,MOQUEGUA
2011-04-11,0.7855752669482952,0.9939685985440344,seasonal_naive,MOQUEGUA
2011-04-18,0.5891814502112213,1.3915560379616485,seasonal_naive,MOQUEGUA
2011-04-25,0.5891814502112215,1.7891434773792625,seasonal_naive,MOQUEGUA
2011-05-02,0.5891814502112215,0.9939685985440344,seasonal_naive,MOQUEGUA
2011-05-09,0.7855752669482952,0.7951748788352274,seasonal_naive,MOQUEGUA
2011-05-16,0.39278763347414763,0.19879371970880663,seasonal_naive,MOQUEGUA
2011-05-23,0.9819690836853692,0.3975874394176136,seasonal_naive,MOQUEGUA
2011-05-30,1.178362900422443,0.19879371970880663,seasonal_naive,MOQUEGUA
2011-06-06,1.5711505338965905,0.19879371970880663,seasonal_naive,MOQUEGUA
2011-06-13,1.178362900422443,0.0,seasonal_naive,MOQUEGUA
2011-06-20,1.178362900422443,0.19879371970880663,seasonal_naive,MOQUEGUA
2011-06-27,0.7855752669482953,0.3975874394176136,seasonal_naive,MOQUEGUA
2011-07-04,0.7855752669482953,0.9939685985440344,seasonal_naive,MOQUEGUA
2011-07-11,1.178362900422443,0.9939685985440344,seasonal_naive,MOQUEGUA
2011-07-18,1.374756717159517,1.1927623182528415,seasonal_naive,MOQUEGUA
2011-07-25,0.9819690836853692,1.1927623182528413,seasonal_naive,MOQUEGUA
2011-08-01,0.7855752669482955,1.3915560379616483,seasonal_naive,MOQUEGUA
2011-08-08,1.374756717159517,1.3915560379616485,seasonal_naive,MOQUEGUA
2011-08-15,1.5711505338965905,1.3915560379616485,seasonal_naive,MOQUEGUA
2011-08-22,1.9639381673707383,0.9939685985440344,seasonal_naive,MOQUEGUA
2011-08-29,1.374756717159517,1.1927623182528415,seasonal_naive,MOQUEGUA
2011-09-05,1.1783629004224432,0.9939685985440344,seasonal_naive,MOQUEGUA
2011-09-12,0.5891814502112216,1.1927623182528415,seasonal_naive,MOQUEGUA
2011-09-19,0.5891814502112216,0.9939685985440344,seasonal_naive,MOQUEGUA
2011-09-26,1.178362900422443,0.7951748788352274,seasonal_naive,MOQUEGUA
2011-10-03,0.9819690836853693,0.7951748788352274,seasonal_naive,MOQUEGUA
2011-10-10,0.9819690836853692,0.3975874394176136,seasonal_naive,MOQUEGUA
2011-10-17,1.1783629004224432,0.7951748788352274,seasonal_naive,MOQUEGUA
2011-10-24,1.1783629004224432,0.9939685985440344,seasonal_naive,MOQUEGUA
2011-10-31,1.9639381673707386,1.7891434773792625,seasonal_naive,MOQUEGUA
2011-11-07,1.374756717159517,1.590349757670455,seasonal_naive,MOQUEGUA
2011-11-14,1.571150533896591,1.3915560379616485,seasonal_naive,MOQUEGUA
2011-11-21,0.9819690836853692,0.9939685985440346,seasonal_naive,MOQUEGUA
2011-11-28,0.7855752669482955,0.9939685985440346,seasonal_naive,MOQUEGUA
2011-12-05,0.5891814502112216,1.3915560379616485,seasonal_naive,MOQUEGUA
2011-12-12,0.7855752669482955,1.3915560379616485,seasonal_naive,MOQUEGUA
2011-12-19,1.1783629004224432,1.5903497576704557,seasonal_naive,MOQUEGUA
2011-12-26,0.9819690836853693,1.3915560379616485,seasonal_naive,MOQUEGUA
2012-01-02,0.5868399305682147,0.9939685985440346,seasonal_naive,MOQUEGUA
2012-01-09,0.388104594188134,0.5939812561546877,seasonal_naive,MOQUEGUA
2012-01-16,0.5821568912822006,0.19639381673707376,seasonal_naive,MOQUEGUA
2012-01-23,0.7762091883762677,0.39278763347414763,seasonal_naive,MOQUEGUA
2012-01-30,1.1643137825644014,0.19639381673707376,seasonal_naive,MOQUEGUA
2012-02-06,1.552418376752535,0.39278763347414763,seasonal_naive,MOQUEGUA
2012-02-13,1.9405229709406686,0.19639381673707376,seasonal_naive,MOQUEGUA
2012-02-20,1.9405229709406688,0.7855752669482952,seasonal_naive,MOQUEGUA
2012-02-27,2.3286275651288024,1.178362900422443,seasonal_naive,MOQUEGUA
2012-03-05,2.1345752680347356,1.178362900422443,seasonal_naive,MOQUEGUA
2012-03-12,2.522679862222869,0.7855752669482952,seasonal_naive,MOQUEGUA
2012-03-19,2.134575268034735,0.39278763347414763,seasonal_naive,MOQUEGUA
2012-03-26,2.1345752680347356,0.5891814502112215,seasonal_naive,MOQUEGUA
2012-04-02,1.3583660796584682,0.7855752669482952,seasonal_naive,MOQUEGUA
2012-04-09,1.3583660796584682,0.7855752669482952,seasonal_naive,MOQUEGUA
2012-04-16,1.1643137825644014,0.5891814502112213,seasonal_naive,MOQUEGUA
2012-04-23,1.3583660796584682,0.5891814502112215,seasonal_naive,MOQUEGUA
2012-04-30,0.7762091883762675,0.5891814502112215,seasonal_naive,MOQUEGUA
2012-05-07,0.9702614854703344,0.7855752669482952,seasonal_naive,MOQUEGUA
2012-05-14,0.7762091883762675,0.39278763347414763,seasonal_naive,MOQUEGUA
2012-05-21,1.7464706738466018,0.9819690836853691,seasonal_naive,MOQUEGUA
2012-05-28,1.9405229709406686,1.178362900422443,seasonal_naive,MOQUEGUA
2012-06-04,2.3286275651288024,1.5711505338965905,seasonal_naive,MOQUEGUA
2012-06-11,1.9405229709406686,1.178362900422443,seasonal_naive,MOQUEGUA
2012-06-18,1.552418376752535,1.178362900422443,seasonal_naive,MOQUEGUA
2012-06-25,1.746470673846602,0.7855752669482952,seasonal_naive,MOQUEGUA
2012-07-02,1.1643137825644014,0.7855752669482952,seasonal_naive,MOQUEGUA
2012-07-09,1.3583660796584682,1.178362900422443,seasonal_naive,MOQUEGUA
2012-07-16,1.1643137825644012,1.374756717159517,seasonal_naive,MOQUEGUA
2012-07-23,1.9405229709406686,0.9819690836853691,seasonal_naive,MOQUEGUA
2012-07-30,1.552418376752535,0.7855752669482956,seasonal_naive,MOQUEGUA
2012-08-06,1.3583660796584682,1.374756717159517,seasonal_naive,MOQUEGUA
2012-08-13,1.7464706738466018,1.5711505338965905,seasonal_naive,MOQUEGUA
2012-08-20,1.9405229709406686,1.9639381673707383,seasonal_naive,MOQUEGUA
2012-08-27,2.134575268034735,1.374756717159517,seasonal_naive,MOQUEGUA
2012-09-03,1.552418376752535,1.1783629004224432,seasonal_naive,MOQUEGUA
2012-09-10,1.3583660796584678,0.5891814502112216,seasonal_naive,MOQUEGUA
2012-09-17,0.9702614854703343,0.5891814502112216,seasonal_naive,MOQUEGUA
2012-09-24,0.9702614854703343,1.178362900422443,seasonal_naive,MOQUEGUA
2012-10-01,0.9702614854703343,0.9819690836853693,seasonal_naive,MOQUEGUA
2012-10-08,1.164313782564401,0.9819690836853691,seasonal_naive,MOQUEGUA
2012-10-15,1.164313782564401,1.1783629004224432,seasonal_naive,MOQUEGUA
2012-10-22,0.9702614854703343,1.1783629004224432,seasonal_naive,MOQUEGUA
2012-10-29,0.9702614854703343,1.9639381673707383,seasonal_naive,MOQUEGUA
2012-11-05,0.7762091883762675,1.374756717159517,seasonal_naive,MOQUEGUA
2012-11-12,1.3583660796584678,1.571150533896591,seasonal_naive,MOQUEGUA
2012-11-19,2.134575268034735,0.9819690836853691,seasonal_naive,MOQUEGUA
2012-11-26,2.328627565128802,0.7855752669482956,seasonal_naive,MOQUEGUA
2012-12-03,2.134575268034735,0.5891814502112216,seasonal_naive,MOQUEGUA
2012-12-10,1.164313782564401,0.7855752669482956,seasonal_naive,MOQUEGUA
2012-12-17,0.9702614854703343,1.1783629004224432,seasonal_naive,MOQUEGUA
2012-12-24,0.9702614854703343,0.9819690836853693,seasonal_naive,MOQUEGUA
2012-12-31,1.1643137825644012,0.5868399305682147,seasonal_naive,MOQUEGUA
2013-01-07,1.54327300233261,0.3881045941881339,seasonal_naive,MOQUEGUA
2013-01-14,1.5387003151226477,0.5821568912822006,seasonal_naive,MOQUEGUA
2013-01-21,1.3423616744235993,0.7762091883762677,seasonal_naive,MOQUEGUA
2013-01-28,1.150595720934514,1.1643137825644014,seasonal_naive,MOQUEGUA
2013-02-04,0.7670638139563426,1.552418376752535,seasonal_naive,MOQUEGUA
2013-02-11,1.150595720934514,1.9405229709406688,seasonal_naive,MOQUEGUA
2013-02-18,0.9588297674454282,1.9405229709406688,seasonal_naive,MOQUEGUA
2013-02-25,0.9588297674454282,2.328627565128802,seasonal_naive,MOQUEGUA
2013-03-04,0.3835319069781713,2.134575268034735,seasonal_naive,MOQUEGUA
2013-03-11,0.0,2.5226798622228688,seasonal_naive,MOQUEGUA
2013-03-18,0.19176595348908565,2.134575268034735,seasonal_naive,MOQUEGUA
2013-03-25,0.19176595348908565,2.134575268034735,seasonal_naive,MOQUEGUA
2013-04-01,0.3835319069781713,1.3583660796584682,seasonal_naive,MOQUEGUA
2013-04-08,0.19176595348908565,1.3583660796584682,seasonal_naive,MOQUEGUA
2013-04-15,0.3835319069781713,1.1643137825644014,seasonal_naive,MOQUEGUA
2013-04-22,0.7670638139563426,1.3583660796584682,seasonal_naive,MOQUEGUA
2013-04-29,1.150595720934514,0.7762091883762675,seasonal_naive,MOQUEGUA
2013-05-06,1.150595720934514,0.9702614854703344,seasonal_naive,MOQUEGUA
2013-05-13,0.9588297674454282,0.7762091883762675,seasonal_naive,MOQUEGUA
2013-05-20,0.9588297674454282,1.7464706738466016,seasonal_naive,MOQUEGUA
2013-05-27,0.7670638139563426,1.9405229709406688,seasonal_naive,MOQUEGUA
2013-06-03,0.3835319069781713,2.328627565128802,seasonal_naive,MOQUEGUA
2013-06-10,0.575297860467257,1.9405229709406688,seasonal_naive,MOQUEGUA
2013-06-17,1.150595720934514,1.552418376752535,seasonal_naive,MOQUEGUA
2013-06-24,1.150595720934514,1.746470673846602,seasonal_naive,MOQUEGUA
2013-07-01,1.150595720934514,1.1643137825644014,seasonal_naive,MOQUEGUA
2013-07-08,1.5341276279126852,1.3583660796584682,seasonal_naive,MOQUEGUA
2013-07-15,2.109425488379942,1.1643137825644012,seasonal_naive,MOQUEGUA
2013-07-22,2.109425488379942,1.9405229709406688,seasonal_naive,MOQUEGUA
2013-07-29,1.3423616744235993,1.552418376752535,seasonal_naive,MOQUEGUA
2013-08-05,1.3423616744235993,1.3583660796584682,seasonal_naive,MOQUEGUA
2013-08-12,1.150595720934514,1.7464706738466016,seasonal_naive,MOQUEGUA
2013-08-19,1.150595720934514,1.9405229709406688,seasonal_naive,MOQUEGUA
2013-08-26,0.7670638139563426,2.134575268034735,seasonal_naive,MOQUEGUA
2013-09-02,0.575297860467257,1.552418376752535,seasonal_naive,MOQUEGUA
2013-09-09,0.7670638139563426,1.3583660796584678,seasonal_naive,MOQUEGUA
2013-09-16,1.150595720934514,0.9702614854703342,seasonal_naive,MOQUEGUA
2013-09-23,1.150595720934514,0.9702614854703342,seasonal_naive,MOQUEGUA
2013-09-30,0.9588297674454282,0.9702614854703342,seasonal_naive,MOQUEGUA
2013-10-07,0.575297860467257,1.164313782564401,seasonal_naive,MOQUEGUA
2013-10-14,0.7670638139563426,1.164313782564401,seasonal_naive,MOQUEGUA
2013-10-21,1.3423616744235993,0.9702614854703342,seasonal_naive,MOQUEGUA
2013-10-28,1.5341276279126852,0.9702614854703342,seasonal_naive,MOQUEGUA
2013-11-04,1.725893581401771,0.7762091883762675,seasonal_naive,MOQUEGUA
2013-11-11,1.3423616744235993,1.3583660796584678,seasonal_naive,MOQUEGUA
2013-11-18,1.3423616744235993,2.134575268034735,seasonal_naive,MOQUEGUA
2013-11-25,0.7670638139563426,2.328627565128802,seasonal_naive,MOQUEGUA
2013-12-02,1.150595720934514,2.134575268034735,seasonal_naive,MOQUEGUA
2013-12-09,0.9588297674454282,1.164313782564401,seasonal_naive,MOQUEGUA
2013-12-16,1.725893581401771,0.9702614854703342,seasonal_naive,MOQUEGUA
2013-12-23,1.3423616744235993,0.9702614854703342,seasonal_naive,MOQUEGUA
2013-12-30,1.5341276279126852,1.1643137825644012,seasonal_naive,MOQUEGUA
2014-01-06,1.1461273753343144,1.5432730023326098,seasonal_naive,MOQUEGUA
2014-01-13,0.952127249045129,1.538700315122648,seasonal_naive,MOQUEGUA
2014-01-20,1.1371906841339154,1.3423616744235993,seasonal_naive,MOQUEGUA
2014-01-27,0.9476589034449296,1.150595720934514,seasonal_naive,MOQUEGUA
2014-02-03,0.9476589034449298,0.7670638139563426,seasonal_naive,MOQUEGUA
2014-02-10,0.37906356137797187,1.150595720934514,seasonal_naive,MOQUEGUA
2014-02-17,0.18953178068898593,0.9588297674454282,seasonal_naive,MOQUEGUA
2014-02-24,0.37906356137797187,0.9588297674454282,seasonal_naive,MOQUEGUA
2014-03-03,0.5685953420669578,0.3835319069781713,seasonal_naive,MOQUEGUA
2014-03-10,0.5685953420669578,0.0,seasonal_naive,MOQUEGUA
2014-03-17,0.37906356137797187,0.19176595348908562,seasonal_naive,MOQUEGUA
2014-03-24,0.7581271227559437,0.19176595348908562,seasonal_naive,MOQUEGUA
2014-03-31,1.1371906841339154,0.3835319069781713,seasonal_naive,MOQUEGUA
2014-04-07,0.9476589034449295,0.19176595348908562,seasonal_naive,MOQUEGUA
2014-04-14,0.5685953420669578,0.3835319069781713,seasonal_naive,MOQUEGUA
2014-04-21,0.5685953420669578,0.7670638139563426,seasonal_naive,MOQUEGUA
2014-04-28,0.5685953420669578,1.150595720934514,seasonal_naive,MOQUEGUA
2014-05-05,1.1371906841339157,1.150595720934514,seasonal_naive,MOQUEGUA
2014-05-12,1.1371906841339157,0.9588297674454282,seasonal_naive,MOQUEGUA
2014-05-19,1.5162542455118875,0.9588297674454282,seasonal_naive,MOQUEGUA
2014-05-26,1.1371906841339157,0.7670638139563426,seasonal_naive,MOQUEGUA
2014-06-02,1.5162542455118875,0.3835319069781713,seasonal_naive,MOQUEGUA
2014-06-09,1.1371906841339157,0.575297860467257,seasonal_naive,MOQUEGUA
2014-06-16,1.1371906841339157,1.150595720934514,seasonal_naive,MOQUEGUA
2014-06-23,0.7581271227559437,1.150595720934514,seasonal_naive,MOQUEGUA
2014-06-30,0.9476589034449298,1.150595720934514,seasonal_naive,MOQUEGUA
2014-07-07,0.9476589034449298,1.5341276279126852,seasonal_naive,MOQUEGUA
2014-07-14,0.9476589034449298,2.1094254883799417,seasonal_naive,MOQUEGUA
2014-07-21,1.1371906841339157,2.1094254883799417,seasonal_naive,MOQUEGUA
2014-07-28,1.3267224648229015,1.3423616744235993,seasonal_naive,MOQUEGUA
2014-08-04,2.463913148956817,1.3423616744235993,seasonal_naive,MOQUEGUA
2014-08-11,3.411572052401747,1.150595720934514,seasonal_naive,MOQUEGUA
2014-08-18,3.7906356137797186,1.150595720934514,seasonal_naive,MOQUEGUA
2014-08-25,2.274381368267831,0.7670638139563426,seasonal_naive,MOQUEGUA
2014-09-01,1.5162542455118875,0.575297860467257,seasonal_naive,MOQUEGUA
2014-09-08,0.9476589034449296,0.7670638139563426,seasonal_naive,MOQUEGUA
2014-09-15,1.7057860262008735,1.150595720934514,seasonal_naive,MOQUEGUA
2014-09-22,1.7057860262008735,1.150595720934514,seasonal_naive,MOQUEGUA
2014-09-29,1.8953178068898593,0.9588297674454282,seasonal_naive,MOQUEGUA
2014-10-06,1.3267224648229015,0.575297860467257,seasonal_naive,MOQUEGUA
2014-10-13,1.7057860262008733,0.7670638139563426,seasonal_naive,MOQUEGUA
2014-10-20,1.7057860262008733,1.3423616744235993,seasonal_naive,MOQUEGUA
2014-10-27,1.895317806889859,1.5341276279126852,seasonal_naive,MOQUEGUA
2014-11-03,1.8953178068898593,1.725893581401771,seasonal_naive,MOQUEGUA
2014-11-10,1.5162542455118875,1.3423616744235993,seasonal_naive,MOQUEGUA
2014-11-17,1.7057860262008733,1.3423616744235993,seasonal_naive,MOQUEGUA
2014-11-24,0.7581271227559437,0.7670638139563426,seasonal_naive,MOQUEGUA
2014-12-01,0.5685953420669577,1.150595720934514,seasonal_naive,MOQUEGUA
2014-12-08,0.0,0.9588297674454282,seasonal_naive,MOQUEGUA
2014-12-15,0.18953178068898593,1.725893581401771,seasonal_naive,MOQUEGUA
2014-12-22,0.18953178068898593,1.3423616744235993,seasonal_naive,MOQUEGUA
2014-12-29,1.3267224648229015,1.5341276279126852,seasonal_naive,MOQUEGUA
2015-01-05,1.511890923942069,1.1461273753343144,seasonal_naive,MOQUEGUA
2015-01-12,2.261291403558376,0.9521272490451291,seasonal_naive,MOQUEGUA
2015-01-19,1.3114508393285373,1.1371906841339154,seasonal_naive,MOQUEGUA
2015-01-26,0.9367505995203839,0.9476589034449296,seasonal_naive,MOQUEGUA
2015-02-02,0.56205035971223,0.9476589034449298,seasonal_naive,MOQUEGUA
2015-02-09,0.56205035971223,0.37906356137797187,seasonal_naive,MOQUEGUA
2015-02-16,0.7494004796163068,0.18953178068898596,seasonal_naive,MOQUEGUA
2015-02-23,0.7494004796163068,0.37906356137797187,seasonal_naive,MOQUEGUA
2015-03-02,1.12410071942446,0.5685953420669578,seasonal_naive,MOQUEGUA
2015-03-09,1.1241007194244603,0.5685953420669578,seasonal_naive,MOQUEGUA
2015-03-16,0.7494004796163067,0.37906356137797187,seasonal_naive,MOQUEGUA
2015-03-23,0.7494004796163068,0.7581271227559436,seasonal_naive,MOQUEGUA
2015-03-30,0.7494004796163067,1.1371906841339154,seasonal_naive,MOQUEGUA
2015-04-06,0.9367505995203835,0.9476589034449296,seasonal_naive,MOQUEGUA
2015-04-13,1.1241007194244605,0.5685953420669578,seasonal_naive,MOQUEGUA
2015-04-20,1.6861510791366907,0.5685953420669578,seasonal_naive,MOQUEGUA
2015-04-27,2.0608513189448443,0.5685953420669578,seasonal_naive,MOQUEGUA
2015-05-04,2.060851318944844,1.1371906841339157,seasonal_naive,MOQUEGUA
2015-05-11,1.873501199040767,1.1371906841339157,seasonal_naive,MOQUEGUA
2015-05-18,1.4988009592326137,1.5162542455118875,seasonal_naive,MOQUEGUA
2015-05-25,0.9367505995203835,1.1371906841339157,seasonal_naive,MOQUEGUA
2015-06-01,0.7494004796163068,1.5162542455118875,seasonal_naive,MOQUEGUA
2015-06-08,0.7494004796163068,1.1371906841339157,seasonal_naive,MOQUEGUA
2015-06-15,1.12410071942446,1.1371906841339157,seasonal_naive,MOQUEGUA
2015-06-22,1.311450839328537,0.7581271227559436,seasonal_naive,MOQUEGUA
2015-06-29,1.873501199040767,0.9476589034449298,seasonal_naive,MOQUEGUA
2015-07-06,2.060851318944844,0.9476589034449298,seasonal_naive,MOQUEGUA
2015-07-13,2.248201438848921,0.9476589034449298,seasonal_naive,MOQUEGUA
2015-07-20,2.4355515587529974,1.1371906841339157,seasonal_naive,MOQUEGUA
2015-07-27,2.0608513189448443,1.3267224648229015,seasonal_naive,MOQUEGUA
2015-08-03,1.6861510791366907,2.4639131489568165,seasonal_naive,MOQUEGUA
2015-08-10,1.6861510791366907,3.4115720524017465,seasonal_naive,MOQUEGUA
2015-08-17,1.311450839328537,3.7906356137797186,seasonal_naive,MOQUEGUA
2015-08-24,1.3114508393285371,2.2743813682678304,seasonal_naive,MOQUEGUA
2015-08-31,0.7494004796163068,1.5162542455118875,seasonal_naive,MOQUEGUA
2015-09-07,1.1241007194244605,0.9476589034449296,seasonal_naive,MOQUEGUA
2015-09-14,1.4988009592326137,1.7057860262008735,seasonal_naive,MOQUEGUA
2015-09-21,1.6861510791366905,1.7057860262008735,seasonal_naive,MOQUEGUA
2015-09-28,2.060851318944844,1.8953178068898593,seasonal_naive,MOQUEGUA
2015-10-05,2.060851318944844,1.3267224648229015,seasonal_naive,MOQUEGUA
2015-10-12,2.060851318944844,1.705786026200873,seasonal_naive,MOQUEGUA
2015-10-19,1.4988009592326141,1.705786026200873,seasonal_naive,MOQUEGUA
2015-10-26,1.1241007194244605,1.8953178068898593,seasonal_naive,MOQUEGUA
2015-11-02,1.6861510791366907,1.8953178068898593,seasonal_naive,MOQUEGUA
2015-11-09,2.248201438848921,1.5162542455118875,seasonal_naive,MOQUEGUA
2015-11-16,2.4355515587529974,1.705786026200873,seasonal_naive,MOQUEGUA
2015-11-23,2.6229016786570742,0.7581271227559436,seasonal_naive,MOQUEGUA
2015-11-30,2.4355515587529974,0.5685953420669577,seasonal_naive,MOQUEGUA
2015-12-07,1.8735011990407673,0.0,seasonal_naive,MOQUEGUA
2015-12-14,1.1241007194244605,0.18953178068898596,seasonal_naive,MOQUEGUA
2015-12-21,0.9367505995203839,0.18953178068898596,seasonal_naive,MOQUEGUA
2015-12-28,0.9367505995203839,1.3267224648229015,seasonal_naive,MOQUEGUA
2016-01-04,0.5599173234910843,1.511890923942069,seasonal_naive,MOQUEGUA
2016-01-11,0.5556512510487919,2.2612914035583764,seasonal_naive,MOQUEGUA
2016-01-18,0.5556512510487919,1.3114508393285373,seasonal_naive,MOQUEGUA
2016-01-25,0.5556512510487918,0.9367505995203839,seasonal_naive,MOQUEGUA
2016-02-01,0.3704341673658613,0.56205035971223,seasonal_naive,MOQUEGUA
2016-02-08,0.3704341673658613,0.56205035971223,seasonal_naive,MOQUEGUA
2016-02-15,0.555651251048792,0.7494004796163067,seasonal_naive,MOQUEGUA
2016-02-22,0.3704341673658613,0.7494004796163067,seasonal_naive,MOQUEGUA
2016-02-29,0.37043416736586127,1.12410071942446,seasonal_naive,MOQUEGUA
2016-03-07,0.0,1.1241007194244603,seasonal_naive,MOQUEGUA
2016-03-14,0.9260854184146531,0.7494004796163067,seasonal_naive,MOQUEGUA
2016-03-21,1.481736669463445,0.7494004796163067,seasonal_naive,MOQUEGUA
2016-03-28,1.8521708368293062,0.7494004796163067,seasonal_naive,MOQUEGUA
2016-04-04,1.2965195857805143,0.9367505995203834,seasonal_naive,MOQUEGUA
2016-04-11,1.2965195857805143,1.1241007194244608,seasonal_naive,MOQUEGUA
2016-04-18,1.481736669463445,1.6861510791366907,seasonal_naive,MOQUEGUA
2016-04-25,1.2965195857805143,2.0608513189448443,seasonal_naive,MOQUEGUA
2016-05-02,1.481736669463445,2.060851318944844,seasonal_naive,MOQUEGUA
2016-05-09,1.6669537531463756,1.8735011990407673,seasonal_naive,MOQUEGUA
2016-05-16,2.593039171561028,1.4988009592326137,seasonal_naive,MOQUEGUA
2016-05-23,2.7782562552439587,0.9367505995203834,seasonal_naive,MOQUEGUA
2016-05-30,2.222605004195167,0.7494004796163067,seasonal_naive,MOQUEGUA
2016-06-06,1.8521708368293062,0.7494004796163067,seasonal_naive,MOQUEGUA
2016-06-13,1.6669537531463756,1.12410071942446,seasonal_naive,MOQUEGUA
2016-06-20,2.222605004195167,1.311450839328537,seasonal_naive,MOQUEGUA
2016-06-27,1.6669537531463756,1.8735011990407673,seasonal_naive,MOQUEGUA
2016-07-04,1.1113025020975835,2.060851318944844,seasonal_naive,MOQUEGUA
2016-07-11,1.481736669463445,2.2482014388489215,seasonal_naive,MOQUEGUA
2016-07-18,2.0373879205122365,2.435551558752998,seasonal_naive,MOQUEGUA
2016-07-25,2.222605004195167,2.0608513189448443,seasonal_naive,MOQUEGUA
2016-08-01,2.0373879205122365,1.6861510791366907,seasonal_naive,MOQUEGUA
2016-08-08,1.8521708368293062,1.6861510791366907,seasonal_naive,MOQUEGUA
2016-08-15,2.0373879205122365,1.311450839328537,seasonal_naive,MOQUEGUA
2016-08-22,2.0373879205122365,1.3114508393285373,seasonal_naive,MOQUEGUA
2016-08-29,2.0373879205122365,0.7494004796163067,seasonal_naive,MOQUEGUA
2016-09-05,2.96347333892689,1.1241007194244608,seasonal_naive,MOQUEGUA
2016-09-12,3.1486904226098207,1.4988009592326137,seasonal_naive,MOQUEGUA
2016-09-19,3.1486904226098207,1.6861510791366907,seasonal_naive,MOQUEGUA
2016-09-26,2.2226050041951675,2.060851318944844,seasonal_naive,MOQUEGUA
2016-10-03,1.481736669463445,2.060851318944844,seasonal_naive,MOQUEGUA
2016-10-10,0.9260854184146533,2.060851318944844,seasonal_naive,MOQUEGUA
2016-10-17,0.9260854184146533,1.4988009592326144,seasonal_naive,MOQUEGUA
2016-10-24,1.111302502097584,1.1241007194244608,seasonal_naive,MOQUEGUA
2016-10-31,1.6669537531463754,1.6861510791366907,seasonal_naive,MOQUEGUA
2016-11-07,1.2965195857805145,2.2482014388489215,seasonal_naive,MOQUEGUA
2016-11-14,1.6669537531463756,2.435551558752998,seasonal_naive,MOQUEGUA
2016-11-21,1.481736669463445,2.6229016786570747,seasonal_naive,MOQUEGUA
2016-11-28,1.8521708368293062,2.435551558752998,seasonal_naive,MOQUEGUA
2016-12-05,1.2965195857805145,1.8735011990407673,seasonal_naive,MOQUEGUA
2016-12-12,1.481736669463445,1.1241007194244608,seasonal_naive,MOQUEGUA
2016-12-19,1.6669537531463756,0.9367505995203839,seasonal_naive,MOQUEGUA
2016-12-26,2.407822087878098,0.9367505995203839,seasonal_naive,MOQUEGUA
2017-01-02,2.4015700687691797,0.5599173234910843,seasonal_naive,MOQUEGUA
2017-01-09,2.210100965977331,0.5556512510487919,seasonal_naive,MOQUEGUA
2017-01-16,2.014463850446204,0.5556512510487919,seasonal_naive,MOQUEGUA
2017-01-23,2.1975969277594953,0.5556512510487918,seasonal_naive,MOQUEGUA
2017-01-30,2.3807300050727864,0.3704341673658613,seasonal_naive,MOQUEGUA
2017-02-06,2.3807300050727864,0.3704341673658613,seasonal_naive,MOQUEGUA
2017-02-13,2.563863082386078,0.555651251048792,seasonal_naive,MOQUEGUA
2017-02-20,2.563863082386078,0.3704341673658613,seasonal_naive,MOQUEGUA
2017-02-27,2.014463850446204,0.37043416736586127,seasonal_naive,MOQUEGUA
2017-03-06,1.4650646185063303,0.0,seasonal_naive,MOQUEGUA
2017-03-13,0.7325323092531653,0.9260854184146532,seasonal_naive,MOQUEGUA
2017-03-20,1.0987984638797477,1.481736669463445,seasonal_naive,MOQUEGUA
2017-03-27,0.7325323092531653,1.8521708368293062,seasonal_naive,MOQUEGUA
2017-04-03,1.4650646185063303,1.2965195857805143,seasonal_naive,MOQUEGUA
2017-04-10,1.831330773132913,1.2965195857805143,seasonal_naive,MOQUEGUA
2017-04-17,3.1132623143259512,1.481736669463445,seasonal_naive,MOQUEGUA
2017-04-24,3.1132623143259512,1.2965195857805143,seasonal_naive,MOQUEGUA
2017-05-01,2.3807300050727864,1.481736669463445,seasonal_naive,MOQUEGUA
2017-05-08,1.4650646185063303,1.6669537531463758,seasonal_naive,MOQUEGUA
2017-05-15,1.4650646185063303,2.593039171561028,seasonal_naive,MOQUEGUA
2017-05-22,1.8313307731329127,2.7782562552439587,seasonal_naive,MOQUEGUA
2017-05-29,2.197596927759495,2.2226050041951675,seasonal_naive,MOQUEGUA
2017-06-05,2.014463850446204,1.8521708368293062,seasonal_naive,MOQUEGUA
2017-06-12,2.5638630823860775,1.6669537531463758,seasonal_naive,MOQUEGUA
2017-06-19,3.1132623143259512,2.2226050041951675,seasonal_naive,MOQUEGUA
2017-06-26,3.479528468952534,1.6669537531463758,seasonal_naive,MOQUEGUA
2017-07-03,3.8457946235791165,1.1113025020975835,seasonal_naive,MOQUEGUA
2017-07-10,4.028927700892408,1.481736669463445,seasonal_naive,MOQUEGUA
2017-07-17,4.395193855518991,2.0373879205122365,seasonal_naive,MOQUEGUA
2017-07-24,3.479528468952534,2.2226050041951675,seasonal_naive,MOQUEGUA
2017-07-31,3.8457946235791165,2.0373879205122365,seasonal_naive,MOQUEGUA
2017-08-07,3.2963953916392428,1.8521708368293062,seasonal_naive,MOQUEGUA
2017-08-14,2.746996159699369,2.0373879205122365,seasonal_naive,MOQUEGUA
2017-08-21,1.6481976958196214,2.0373879205122365,seasonal_naive,MOQUEGUA
2017-08-28,2.014463850446204,2.0373879205122365,seasonal_naive,MOQUEGUA
2017-09-04,2.380730005072787,2.9634733389268906,seasonal_naive,MOQUEGUA
2017-09-11,2.0144638504462042,3.1486904226098207,seasonal_naive,MOQUEGUA
2017-09-18,1.0987984638797477,3.1486904226098207,seasonal_naive,MOQUEGUA
2017-09-25,0.9156653865664565,2.2226050041951675,seasonal_naive,MOQUEGUA
2017-10-02,1.6481976958196214,1.481736669463445,seasonal_naive,MOQUEGUA
2017-10-09,2.563863082386078,0.9260854184146534,seasonal_naive,MOQUEGUA
2017-10-16,3.6626615462658254,0.9260854184146534,seasonal_naive,MOQUEGUA
2017-10-23,3.6626615462658254,1.111302502097584,seasonal_naive,MOQUEGUA
2017-10-30,2.9301292370126606,1.6669537531463754,seasonal_naive,MOQUEGUA
2017-11-06,2.563863082386078,1.2965195857805145,seasonal_naive,MOQUEGUA
2017-11-13,2.380730005072787,1.6669537531463758,seasonal_naive,MOQUEGUA
2017-11-20,3.1132623143259512,1.481736669463445,seasonal_naive,MOQUEGUA
2017-11-27,2.563863082386078,1.8521708368293062,seasonal_naive,MOQUEGUA
2017-12-04,2.380730005072787,1.2965195857805145,seasonal_naive,MOQUEGUA
2017-12-11,2.014463850446204,1.481736669463445,seasonal_naive,MOQUEGUA
2017-12-18,1.831330773132913,1.6669537531463758,seasonal_naive,MOQUEGUA
2017-12-25,1.6481976958196218,2.4078220878780976,seasonal_naive,MOQUEGUA
2018-01-01,1.988793716617806,2.4015700687691797,seasonal_naive,MOQUEGUA
2018-01-08,2.159091727016898,2.2101009659773316,seasonal_naive,MOQUEGUA
2018-01-15,2.503966103453149,2.014463850446204,seasonal_naive,MOQUEGUA
2018-01-22,2.146256660102699,2.1975969277594953,seasonal_naive,MOQUEGUA
2018-01-29,2.3251113817779236,2.380730005072786,seasonal_naive,MOQUEGUA
2018-02-05,2.8616755468035984,2.380730005072786,seasonal_naive,MOQUEGUA
2018-02-12,2.5039661034531484,2.563863082386078,seasonal_naive,MOQUEGUA
2018-02-19,2.3251113817779236,2.563863082386078,seasonal_naive,MOQUEGUA
2018-02-26,1.2519830517265744,2.014463850446204,seasonal_naive,MOQUEGUA
2018-03-05,1.4308377734017992,1.4650646185063303,seasonal_naive,MOQUEGUA
2018-03-12,1.6096924950770244,0.7325323092531653,seasonal_naive,MOQUEGUA
2018-03-19,1.7885472167522491,1.0987984638797477,seasonal_naive,MOQUEGUA
2018-03-26,2.1462566601026984,0.7325323092531653,seasonal_naive,MOQUEGUA
2018-04-02,2.5039661034531484,1.4650646185063303,seasonal_naive,MOQUEGUA
2018-04-09,2.6828208251283727,1.831330773132913,seasonal_naive,MOQUEGUA
2018-04-16,2.8616755468035984,3.113262314325951,seasonal_naive,MOQUEGUA
2018-04-23,2.503966103453149,3.113262314325951,seasonal_naive,MOQUEGUA
2018-04-30,2.6828208251283736,2.380730005072786,seasonal_naive,MOQUEGUA
2018-05-07,2.146256660102699,1.4650646185063303,seasonal_naive,MOQUEGUA
2018-05-14,2.325111381777923,1.4650646185063303,seasonal_naive,MOQUEGUA
2018-05-21,2.146256660102699,1.831330773132913,seasonal_naive,MOQUEGUA
2018-05-28,2.325111381777923,2.1975969277594944,seasonal_naive,MOQUEGUA
2018-06-04,2.1462566601026984,2.014463850446204,seasonal_naive,MOQUEGUA
2018-06-11,1.967401938427474,2.563863082386078,seasonal_naive,MOQUEGUA
2018-06-18,3.219384990154048,3.113262314325951,seasonal_naive,MOQUEGUA
2018-06-25,3.040530268478823,3.479528468952534,seasonal_naive,MOQUEGUA
2018-07-02,3.040530268478823,3.8457946235791165,seasonal_naive,MOQUEGUA
2018-07-09,1.609692495077024,4.028927700892407,seasonal_naive,MOQUEGUA
2018-07-16,2.6828208251283736,4.39519385551899,seasonal_naive,MOQUEGUA
2018-07-23,3.5770944335044974,3.479528468952534,seasonal_naive,MOQUEGUA
2018-07-30,3.934803876854948,3.8457946235791165,seasonal_naive,MOQUEGUA
2018-08-06,3.5770944335044974,3.2963953916392428,seasonal_naive,MOQUEGUA
2018-08-13,3.040530268478823,2.7469961596993695,seasonal_naive,MOQUEGUA
2018-08-20,3.398239711829273,1.6481976958196214,seasonal_naive,MOQUEGUA
2018-08-27,3.040530268478823,2.014463850446204,seasonal_naive,MOQUEGUA
2018-09-03,2.8616755468035984,2.380730005072787,seasonal_naive,MOQUEGUA
2018-09-10,2.1462566601026984,2.0144638504462047,seasonal_naive,MOQUEGUA
2018-09-17,1.967401938427474,1.0987984638797477,seasonal_naive,MOQUEGUA
2018-09-24,1.967401938427474,0.9156653865664565,seasonal_naive,MOQUEGUA
2018-10-01,2.3251113817779236,1.6481976958196214,seasonal_naive,MOQUEGUA
2018-10-08,2.1462566601026984,2.563863082386078,seasonal_naive,MOQUEGUA
2018-10-15,1.967401938427474,3.6626615462658254,seasonal_naive,MOQUEGUA
2018-10-22,2.3251113817779236,3.6626615462658254,seasonal_naive,MOQUEGUA
2018-10-29,2.6828208251283736,2.9301292370126606,seasonal_naive,MOQUEGUA
2018-11-05,3.7559491551797226,2.563863082386078,seasonal_naive,MOQUEGUA
2018-11-12,3.7559491551797226,2.380730005072787,seasonal_naive,MOQUEGUA
2018-11-19,3.040530268478823,3.113262314325951,seasonal_naive,MOQUEGUA
2018-11-26,1.9674019384274741,2.563863082386078,seasonal_naive,MOQUEGUA
2018-12-03,1.6096924950770244,2.380730005072787,seasonal_naive,MOQUEGUA
2018-12-10,1.7885472167522494,2.014463850446204,seasonal_naive,MOQUEGUA
2018-12-17,1.967401938427474,1.831330773132913,seasonal_naive,MOQUEGUA
2018-12-24,1.967401938427474,1.6481976958196216,seasonal_naive,MOQUEGUA
2018-12-31,1.7885472167522491,1.988793716617806,seasonal_naive,MOQUEGUA
2019-01-07,1.24876937595865,2.159091727016898,seasonal_naive,MOQUEGUA
2019-01-14,0.3544957675825256,2.503966103453149,seasonal_naive,MOQUEGUA
2019-01-21,0.8782052295365014,2.1462566601026993,seasonal_naive,MOQUEGUA
2019-01-28,1.2294873213511017,2.325111381777923,seasonal_naive,MOQUEGUA
2019-02-04,2.458974642702203,2.861675546803599,seasonal_naive,MOQUEGUA
2019-02-11,2.283333596794903,2.503966103453148,seasonal_naive,MOQUEGUA
2019-02-18,2.9858977804241036,2.325111381777923,seasonal_naive,MOQUEGUA
2019-02-25,2.6346156886095033,1.2519830517265744,seasonal_naive,MOQUEGUA
2019-03-04,2.634615688609503,1.4308377734017992,seasonal_naive,MOQUEGUA
2019-03-11,2.1076925508876028,1.6096924950770244,seasonal_naive,MOQUEGUA
2019-03-18,2.1076925508876028,1.7885472167522494,seasonal_naive,MOQUEGUA
2019-03-25,1.7564104590730023,2.1462566601026984,seasonal_naive,MOQUEGUA
2019-04-01,1.580769413165702,2.503966103453148,seasonal_naive,MOQUEGUA
2019-04-08,1.229487321351102,2.6828208251283727,seasonal_naive,MOQUEGUA
2019-04-15,1.2294873213511017,2.861675546803599,seasonal_naive,MOQUEGUA
2019-04-22,1.0538462754438018,2.503966103453149,seasonal_naive,MOQUEGUA
2019-04-29,1.0538462754438018,2.6828208251283736,seasonal_naive,MOQUEGUA
2019-05-06,1.7564104590730025,2.1462566601026993,seasonal_naive,MOQUEGUA
2019-05-13,2.458974642702203,2.325111381777923,seasonal_naive,MOQUEGUA
2019-05-20,2.8102567345168037,2.1462566601026993,seasonal_naive,MOQUEGUA
2019-05-27,3.161538826331404,2.325111381777923,seasonal_naive,MOQUEGUA
2019-06-03,2.6346156886095033,2.1462566601026984,seasonal_naive,MOQUEGUA
2019-06-10,2.8102567345168032,1.9674019384274741,seasonal_naive,MOQUEGUA
2019-06-17,2.8102567345168037,3.219384990154048,seasonal_naive,MOQUEGUA
2019-06-24,2.9858977804241036,3.040530268478823,seasonal_naive,MOQUEGUA
2019-07-01,3.8641030099606044,3.040530268478823,seasonal_naive,MOQUEGUA
2019-07-08,4.039744055867904,1.6096924950770237,seasonal_naive,MOQUEGUA
2019-07-15,4.215385101775205,2.6828208251283736,seasonal_naive,MOQUEGUA
2019-07-22,3.3371798722387034,3.577094433504497,seasonal_naive,MOQUEGUA
2019-07-29,2.8102567345168032,3.9348038768549474,seasonal_naive,MOQUEGUA
2019-08-05,2.8102567345168032,3.577094433504497,seasonal_naive,MOQUEGUA
2019-08-12,4.039744055867904,3.040530268478823,seasonal_naive,MOQUEGUA
2019-08-19,4.742308239497105,3.398239711829273,seasonal_naive,MOQUEGUA
2019-08-26,5.093590331311705,3.040530268478823,seasonal_naive,MOQUEGUA
2019-09-02,3.6884619640533036,2.861675546803599,seasonal_naive,MOQUEGUA
2019-09-09,3.1615388263314035,2.1462566601026984,seasonal_naive,MOQUEGUA
2019-09-16,2.6346156886095033,1.9674019384274741,seasonal_naive,MOQUEGUA
2019-09-23,2.6346156886095033,1.9674019384274741,seasonal_naive,MOQUEGUA
2019-09-30,2.2833335967949027,2.325111381777923,seasonal_naive,MOQUEGUA
2019-10-07,2.8102567345168032,2.1462566601026984,seasonal_naive,MOQUEGUA
2019-10-14,2.9858977804241036,1.9674019384274741,seasonal_naive,MOQUEGUA
2019-10-21,3.5128209181460037,2.325111381777923,seasonal_naive,MOQUEGUA
2019-10-28,3.161538826331404,2.6828208251283736,seasonal_naive,MOQUEGUA
2019-11-04,2.2833335967949027,3.7559491551797226,seasonal_naive,MOQUEGUA
2019-11-11,2.2833335967949027,3.7559491551797226,seasonal_naive,MOQUEGUA
2019-11-18,2.4589746427022035,3.040530268478823,seasonal_naive,MOQUEGUA
2019-11-25,3.161538826331404,1.9674019384274741,seasonal_naive,MOQUEGUA
2019-12-02,2.458974642702203,1.6096924950770244,seasonal_naive,MOQUEGUA
2019-12-09,2.458974642702203,1.7885472167522494,seasonal_naive,MOQUEGUA
2019-12-16,2.8102567345168032,1.9674019384274741,seasonal_naive,MOQUEGUA
2019-12-23,3.1615388263314035,1.9674019384274741,seasonal_naive,MOQUEGUA
2019-12-30,2.458974642702203,1.7885472167522494,seasonal_naive,MOQUEGUA
2020-01-06,1.921265537255083,1.24876937595865,seasonal_naive,MOQUEGUA
2020-01-13,2.080727631574554,0.3544957675825256,seasonal_naive,MOQUEGUA
2020-01-20,1.7294455397599535,0.8782052295365013,seasonal_naive,MOQUEGUA
2020-01-27,1.7294455397599535,1.2294873213511017,seasonal_naive,MOQUEGUA
2020-02-03,1.9023900937359486,2.458974642702203,seasonal_naive,MOQUEGUA
2020-02-10,2.767112863615925,2.283333596794903,seasonal_naive,MOQUEGUA
2020-02-17,2.767112863615925,2.985897780424103,seasonal_naive,MOQUEGUA
2020-02-24,1.7294455397599533,2.6346156886095033,seasonal_naive,MOQUEGUA
2020-03-02,1.9023900937359486,2.634615688609503,seasonal_naive,MOQUEGUA
2020-03-09,1.5565009857839582,2.107692550887603,seasonal_naive,MOQUEGUA
2020-03-16,2.767112863615925,2.107692550887603,seasonal_naive,MOQUEGUA
2020-03-23,1.7294455397599535,1.756410459073002,seasonal_naive,MOQUEGUA
2020-03-30,1.7294455397599535,1.580769413165702,seasonal_naive,MOQUEGUA
2020-04-06,0.6917782159039817,1.229487321351102,seasonal_naive,MOQUEGUA
2020-04-13,0.8647227698799771,1.2294873213511017,seasonal_naive,MOQUEGUA
2020-04-20,0.8647227698799771,1.0538462754438018,seasonal_naive,MOQUEGUA
2020-04-27,0.8647227698799771,1.0538462754438018,seasonal_naive,MOQUEGUA
2020-05-04,1.7294455397599533,1.7564104590730027,seasonal_naive,MOQUEGUA
2020-05-11,1.9023900937359486,2.458974642702203,seasonal_naive,MOQUEGUA
2020-05-18,1.9023900937359486,2.8102567345168037,seasonal_naive,MOQUEGUA
2020-05-25,0.8647227698799771,3.1615388263314044,seasonal_naive,MOQUEGUA
2020-06-01,0.8647227698799771,2.6346156886095033,seasonal_naive,MOQUEGUA
2020-06-08,1.2106118778319677,2.810256734516803,seasonal_naive,MOQUEGUA
2020-06-15,2.421223755663935,2.8102567345168037,seasonal_naive,MOQUEGUA
2020-06-22,2.2482792016879394,2.985897780424103,seasonal_naive,MOQUEGUA
2020-06-29,2.2482792016879394,3.8641030099606044,seasonal_naive,MOQUEGUA
2020-07-06,2.2482792016879394,4.039744055867903,seasonal_naive,MOQUEGUA
2020-07-13,2.59416830963993,4.215385101775204,seasonal_naive,MOQUEGUA
2020-07-20,5.442849227010499,3.3371798722387034,seasonal_naive,MOQUEGUA
2020-07-27,7.6911284286984385,2.810256734516803,seasonal_naive,MOQUEGUA
2020-08-03,9.939407630386377,2.810256734516803,seasonal_naive,MOQUEGUA
2020-08-10,9.939407630386377,4.039744055867903,seasonal_naive,MOQUEGUA
2020-08-17,9.766463076410382,4.742308239497105,seasonal_naive,MOQUEGUA
2020-08-24,9.0746848605064,5.093590331311705,seasonal_naive,MOQUEGUA
2020-08-31,7.609560374943793,3.6884619640533036,seasonal_naive,MOQUEGUA
2020-09-07,5.707170281207845,3.1615388263314035,seasonal_naive,MOQUEGUA
2020-09-14,4.323613849399883,2.6346156886095033,seasonal_naive,MOQUEGUA
2020-09-21,4.323613849399883,2.6346156886095033,seasonal_naive,MOQUEGUA
2020-09-28,3.6318356334959017,2.283333596794903,seasonal_naive,MOQUEGUA
2020-10-05,4.150669295423888,2.810256734516803,seasonal_naive,MOQUEGUA
2020-10-12,2.59416830963993,2.985897780424103,seasonal_naive,MOQUEGUA
2020-10-19,2.075334647711944,3.5128209181460037,seasonal_naive,MOQUEGUA
2020-10-26,1.0376673238559724,3.1615388263314044,seasonal_naive,MOQUEGUA
2020-11-02,0.8647227698799771,2.283333596794903,seasonal_naive,MOQUEGUA
2020-11-09,1.0376673238559717,2.283333596794903,seasonal_naive,MOQUEGUA
2020-11-16,1.2106118778319677,2.4589746427022035,seasonal_naive,MOQUEGUA
2020-11-23,1.5565009857839582,3.1615388263314044,seasonal_naive,MOQUEGUA
2020-11-30,2.4212237556639344,2.458974642702203,seasonal_naive,MOQUEGUA
2020-12-07,2.2482792016879394,2.458974642702203,seasonal_naive,MOQUEGUA
2020-12-14,2.940057417591921,2.810256734516803,seasonal_naive,MOQUEGUA
2020-12-21,3.8047801874718967,3.1615388263314035,seasonal_naive,MOQUEGUA
2020-12-28,5.534225727231849,2.458974642702203,seasonal_naive,MOQUEGUA
2021-01-04,7.053897856361801,1.921265537255083,seasonal_naive,MOQUEGUA
2021-01-11,8.052569920231178,2.080727631574554,seasonal_naive,MOQUEGUA
2021-01-18,9.517694405793785,1.7294455397599535,seasonal_naive,MOQUEGUA
2021-01-25,8.834581803220159,1.7294455397599535,seasonal_naive,MOQUEGUA
2021-02-01,8.151469200646531,1.9023900937359488,seasonal_naive,MOQUEGUA
2021-02-08,5.806457121875828,2.7671128636159246,seasonal_naive,MOQUEGUA
2021-02-15,3.927897464798354,2.7671128636159246,seasonal_naive,MOQUEGUA
2021-02-22,2.561672259651101,1.7294455397599535,seasonal_naive,MOQUEGUA
2021-03-01,3.7571193141549473,1.9023900937359488,seasonal_naive,MOQUEGUA
2021-03-08,3.5863411635115408,1.5565009857839582,seasonal_naive,MOQUEGUA
2021-03-15,2.903228560937914,2.7671128636159246,seasonal_naive,MOQUEGUA
2021-03-22,0.6831126025736273,1.7294455397599535,seasonal_naive,MOQUEGUA
2021-03-29,1.1954470545038471,1.7294455397599535,seasonal_naive,MOQUEGUA
2021-04-05,3.927897464798354,0.6917782159039817,seasonal_naive,MOQUEGUA
2021-04-12,7.297578447429498,0.8647227698799772,seasonal_naive,MOQUEGUA
2021-04-19,8.663803652576751,0.8647227698799772,seasonal_naive,MOQUEGUA
2021-04-26,8.663803652576751,0.8647227698799772,seasonal_naive,MOQUEGUA
2021-05-03,8.663803652576751,1.7294455397599535,seasonal_naive,MOQUEGUA
2021-05-10,8.663803652576751,1.9023900937359488,seasonal_naive,MOQUEGUA
2021-05-17,8.493025501933344,1.9023900937359488,seasonal_naive,MOQUEGUA
2021-05-24,8.493025501933344,0.8647227698799772,seasonal_naive,MOQUEGUA
2021-05-31,9.984146827487015,0.8647227698799772,seasonal_naive,MOQUEGUA
2021-06-07,9.471812375556794,1.2106118778319677,seasonal_naive,MOQUEGUA
2021-06-14,7.468356598072904,2.421223755663935,seasonal_naive,MOQUEGUA
2021-06-21,5.294122669945607,2.2482792016879394,seasonal_naive,MOQUEGUA
2021-06-28,4.098675615441761,2.2482792016879394,seasonal_naive,MOQUEGUA
2021-07-05,3.2447848622247277,2.2482792016879394,seasonal_naive,MOQUEGUA
2021-07-12,2.561672259651101,2.5941683096399295,seasonal_naive,MOQUEGUA
2021-07-19,2.7324504102945073,5.442849227010499,seasonal_naive,MOQUEGUA
2021-07-26,2.390894109007694,7.69112842869844,seasonal_naive,MOQUEGUA
2021-08-02,3.0740067115813203,9.939407630386379,seasonal_naive,MOQUEGUA
2021-08-09,3.2447848622247277,9.939407630386379,seasonal_naive,MOQUEGUA
2021-08-16,3.7571193141549473,9.76646307641038,seasonal_naive,MOQUEGUA
2021-08-23,3.2447848622247277,9.0746848605064,seasonal_naive,MOQUEGUA
2021-08-30,2.2201159583642878,7.609560374943792,seasonal_naive,MOQUEGUA
2021-09-06,1.8785596570774743,5.707170281207844,seasonal_naive,MOQUEGUA
2021-09-13,1.1954470545038476,4.323613849399884,seasonal_naive,MOQUEGUA
2021-09-20,1.5370033557906606,4.323613849399884,seasonal_naive,MOQUEGUA
2021-09-27,1.1954470545038474,3.6318356334959017,seasonal_naive,MOQUEGUA
2021-10-04,1.7077815064340676,4.150669295423888,seasonal_naive,MOQUEGUA
2021-10-11,1.0246689038604406,2.5941683096399295,seasonal_naive,MOQUEGUA
2021-10-18,1.5370033557906606,2.0753346477119443,seasonal_naive,MOQUEGUA
2021-10-25,1.5370033557906606,1.0376673238559724,seasonal_naive,MOQUEGUA
2021-11-01,2.04933780772088,0.8647227698799772,seasonal_naive,MOQUEGUA
2021-11-08,1.8785596570774736,1.0376673238559717,seasonal_naive,MOQUEGUA
2021-11-15,1.3662252051472539,1.2106118778319677,seasonal_naive,MOQUEGUA
2021-11-22,1.0246689038604406,1.5565009857839582,seasonal_naive,MOQUEGUA
2021-11-29,1.0246689038604406,2.4212237556639344,seasonal_naive,MOQUEGUA
2021-12-06,2.561672259651101,2.2482792016879394,seasonal_naive,MOQUEGUA
2021-12-13,3.074006711581321,2.940057417591921,seasonal_naive,MOQUEGUA
2021-12-20,2.903228560937914,3.8047801874718963,seasonal_naive,MOQUEGUA
2021-12-27,1.3662252051472539,5.534225727231849,seasonal_naive,MOQUEGUA
2022-01-03,1.0190817927735496,7.053897856361801,seasonal_naive,MOQUEGUA
2022-01-10,1.691020173173394,8.052569920231178,seasonal_naive,MOQUEGUA
2022-01-17,2.1959051436544264,9.517694405793785,seasonal_naive,MOQUEGUA
2022-01-24,2.0269893633733163,8.834581803220159,seasonal_naive,MOQUEGUA
2022-01-31,3.5472313859033036,8.15146920064653,seasonal_naive,MOQUEGUA
2022-02-07,4.222894507027742,5.806457121875827,seasonal_naive,MOQUEGUA
2022-02-14,5.405304968995509,3.927897464798354,seasonal_naive,MOQUEGUA
2022-02-21,3.378315605622193,2.5616722596511003,seasonal_naive,MOQUEGUA
2022-02-28,2.871568264778864,3.757119314154947,seasonal_naive,MOQUEGUA
2022-03-07,2.0269893633733163,3.5863411635115408,seasonal_naive,MOQUEGUA
2022-03-14,2.1959051436544264,2.9032285609379134,seasonal_naive,MOQUEGUA
2022-03-21,2.026989363373316,0.6831126025736272,seasonal_naive,MOQUEGUA
2022-03-28,1.5202420225299875,1.1954470545038471,seasonal_naive,MOQUEGUA
2022-04-04,2.0269893633733163,3.927897464798354,seasonal_naive,MOQUEGUA
2022-04-11,1.8580735830922066,7.2975784474294985,seasonal_naive,MOQUEGUA
2022-04-18,2.0269893633733163,8.663803652576753,seasonal_naive,MOQUEGUA
2022-04-25,1.5202420225299875,8.663803652576753,seasonal_naive,MOQUEGUA
2022-05-02,1.5202420225299875,8.663803652576753,seasonal_naive,MOQUEGUA
2022-05-09,1.5202420225299875,8.663803652576753,seasonal_naive,MOQUEGUA
2022-05-16,1.3513262422488779,8.493025501933342,seasonal_naive,MOQUEGUA
2022-05-23,1.0134946816866586,8.493025501933342,seasonal_naive,MOQUEGUA
2022-05-30,1.1824104619677682,9.984146827487015,seasonal_naive,MOQUEGUA
2022-06-06,1.3513262422488779,9.471812375556796,seasonal_naive,MOQUEGUA
2022-06-13,2.533736704216645,7.468356598072903,seasonal_naive,MOQUEGUA
2022-06-20,2.533736704216645,5.294122669945607,seasonal_naive,MOQUEGUA
2022-06-27,2.0269893633733163,4.098675615441761,seasonal_naive,MOQUEGUA
2022-07-04,1.0134946816866586,3.2447848622247273,seasonal_naive,MOQUEGUA
2022-07-11,1.1824104619677682,2.5616722596511003,seasonal_naive,MOQUEGUA
2022-07-18,1.5202420225299875,2.7324504102945073,seasonal_naive,MOQUEGUA
2022-07-25,2.5337367042166457,2.390894109007694,seasonal_naive,MOQUEGUA
2022-08-01,1.8580735830922068,3.07400671158132,seasonal_naive,MOQUEGUA
2022-08-08,1.8580735830922066,3.2447848622247273,seasonal_naive,MOQUEGUA
2022-08-15,1.0134946816866586,3.757119314154947,seasonal_naive,MOQUEGUA
2022-08-22,1.5202420225299869,3.2447848622247273,seasonal_naive,MOQUEGUA
2022-08-29,1.3513262422488779,2.2201159583642878,seasonal_naive,MOQUEGUA
2022-09-05,1.0134946816866586,1.878559657077474,seasonal_naive,MOQUEGUA
2022-09-12,0.6756631211244392,1.1954470545038476,seasonal_naive,MOQUEGUA
2022-09-19,0.506747340843329,1.5370033557906606,seasonal_naive,MOQUEGUA
2022-09-26,0.506747340843329,1.1954470545038474,seasonal_naive,MOQUEGUA
2022-10-03,0.8445789014055488,1.7077815064340678,seasonal_naive,MOQUEGUA
2022-10-10,1.0134946816866586,1.0246689038604406,seasonal_naive,MOQUEGUA
2022-10-17,1.5202420225299875,1.5370033557906606,seasonal_naive,MOQUEGUA
2022-10-24,1.3513262422488779,1.5370033557906606,seasonal_naive,MOQUEGUA
2022-10-31,1.8580735830922066,2.0493378077208795,seasonal_naive,MOQUEGUA
2022-11-07,1.1824104619677682,1.8785596570774734,seasonal_naive,MOQUEGUA
2022-11-14,1.1824104619677682,1.3662252051472539,seasonal_naive,MOQUEGUA
2022-11-21,0.6756631211244392,1.0246689038604406,seasonal_naive,MOQUEGUA
2022-11-28,4.216122254398989,1.0246689038604406,seasonal_naive,MOQUEGUA
2022-12-05,7.41874982711132,2.5616722596511003,seasonal_naive,MOQUEGUA
2022-12-12,10.62137739982365,3.0740067115813208,seasonal_naive,MOQUEGUA
2022-12-19,7.24983404683021,2.9032285609379134,seasonal_naive,MOQUEGUA
2022-12-26,3.8782906938367696,1.3662252051472539,seasonal_naive,MOQUEGUA
2023-01-02,1.3414143511245273,1.0190817927735496,seasonal_naive,MOQUEGUA
2023-01-09,2.008817562978674,1.691020173173394,seasonal_naive,MOQUEGUA
2023-01-16,2.1744293795516665,2.1959051436544264,seasonal_naive,MOQUEGUA
2023-01-23,1.505374185843462,2.0269893633733163,seasonal_naive,MOQUEGUA
2023-01-30,1.3381103874164104,3.5472313859033036,seasonal_naive,MOQUEGUA
2023-02-06,1.3381103874164104,4.222894507027742,seasonal_naive,MOQUEGUA
2023-02-13,1.3381103874164104,5.405304968995509,seasonal_naive,MOQUEGUA
2023-02-20,0.8363189921352566,3.3783156056221935,seasonal_naive,MOQUEGUA
2023-02-27,0.8363189921352566,2.8715682647788636,seasonal_naive,MOQUEGUA
2023-03-06,0.5017913952811542,2.0269893633733163,seasonal_naive,MOQUEGUA
2023-03-13,0.8363189921352568,2.1959051436544264,seasonal_naive,MOQUEGUA
2023-03-20,1.003582790562308,2.0269893633733163,seasonal_naive,MOQUEGUA
2023-03-27,1.3381103874164104,1.5202420225299873,seasonal_naive,MOQUEGUA
2023-04-03,1.1708465889893593,2.0269893633733163,seasonal_naive,MOQUEGUA
2023-04-10,1.505374185843462,1.8580735830922064,seasonal_naive,MOQUEGUA
2023-04-17,2.0071655811246156,2.0269893633733163,seasonal_naive,MOQUEGUA
2023-04-24,2.174429379551667,1.5202420225299873,seasonal_naive,MOQUEGUA
2023-05-01,2.341693177978718,1.5202420225299873,seasonal_naive,MOQUEGUA
2023-05-08,2.5089569764057695,1.5202420225299873,seasonal_naive,MOQUEGUA
2023-05-15,3.0107483716869226,1.3513262422488779,seasonal_naive,MOQUEGUA
2023-05-22,3.3452759685410256,1.0134946816866586,seasonal_naive,MOQUEGUA
2023-05-29,2.8434845732598717,1.1824104619677682,seasonal_naive,MOQUEGUA
2023-06-05,2.6762207748328204,1.3513262422488779,seasonal_naive,MOQUEGUA
2023-06-12,2.0071655811246156,2.533736704216645,seasonal_naive,MOQUEGUA
2023-06-19,2.1744293795516665,2.533736704216645,seasonal_naive,MOQUEGUA
2023-06-26,2.174429379551667,2.0269893633733163,seasonal_naive,MOQUEGUA
2023-07-03,2.5089569764057695,1.0134946816866586,seasonal_naive,MOQUEGUA
2023-07-10,2.508956976405769,1.1824104619677682,seasonal_naive,MOQUEGUA
2023-07-17,2.5089569764057695,1.5202420225299873,seasonal_naive,MOQUEGUA
2023-07-24,2.1744293795516665,2.533736704216646,seasonal_naive,MOQUEGUA
2023-07-31,2.5089569764057695,1.858073583092207,seasonal_naive,MOQUEGUA
2023-08-07,2.341693177978718,1.8580735830922064,seasonal_naive,MOQUEGUA
2023-08-14,2.8434845732598717,1.0134946816866586,seasonal_naive,MOQUEGUA
2023-08-21,2.6762207748328204,1.5202420225299869,seasonal_naive,MOQUEGUA
2023-08-28,3.1780121701139747,1.3513262422488779,seasonal_naive,MOQUEGUA
2023-09-04,2.6762207748328204,1.0134946816866586,seasonal_naive,MOQUEGUA
2023-09-11,2.508956976405769,0.6756631211244392,seasonal_naive,MOQUEGUA
2023-09-18,2.1744293795516665,0.506747340843329,seasonal_naive,MOQUEGUA
2023-09-25,2.1744293795516665,0.506747340843329,seasonal_naive,MOQUEGUA
2023-10-02,2.0071655811246156,0.8445789014055488,seasonal_naive,MOQUEGUA
2023-10-09,1.839901782697564,1.0134946816866586,seasonal_naive,MOQUEGUA
2023-10-16,1.672637984270513,1.5202420225299873,seasonal_naive,MOQUEGUA
2023-10-23,1.672637984270513,1.3513262422488779,seasonal_naive,MOQUEGUA
2023-10-30,2.174429379551667,1.8580735830922064,seasonal_naive,MOQUEGUA
2023-11-06,2.5089569764057695,1.1824104619677682,seasonal_naive,MOQUEGUA
2023-11-13,2.5089569764057695,1.1824104619677682,seasonal_naive,MOQUEGUA
2023-11-20,1.505374185843462,0.6756631211244392,seasonal_naive,MOQUEGUA
2023-11-27,1.839901782697564,4.216122254398989,seasonal_naive,MOQUEGUA
2023-12-04,1.672637984270513,7.418749827111322,seasonal_naive,MOQUEGUA
2010-12-27,1.3915560379616487,1.5026835263193838,holt_winters,MOQUEGUA
2011-01-03,0.9939685985440346,1.7024683371938176,holt_winters,MOQUEGUA
2011-01-10,0.5939812561546877,1.630005173489114,holt_winters,MOQUEGUA
2011-01-17,0.19639381673707376,1.6404290941186517,holt_winters,MOQUEGUA
2011-01-24,0.3927876334741476,0.03913549656617326,holt_winters,MOQUEGUA
2011-01-31,0.19639381673707376,0.0,holt_winters,MOQUEGUA
2011-02-07,0.3927876334741476,0.0,holt_winters,MOQUEGUA
2011-02-14,0.19639381673707376,0.0,holt_winters,MOQUEGUA
2011-02-21,0.7855752669482953,0.38557448085181517,holt_winters,MOQUEGUA
2011-02-28,1.178362900422443,0.5217380868636179,holt_winters,MOQUEGUA
2011-03-07,1.178362900422443,0.48765364802711125,holt_winters,MOQUEGUA
2011-03-14,0.7855752669482953,0.2865711243596125,holt_winters,MOQUEGUA
2011-03-21,0.3927876334741476,1.026662312352767,holt_winters,MOQUEGUA
2011-03-28,0.5891814502112215,1.0372060148388074,holt_winters,MOQUEGUA
2011-04-04,0.7855752669482952,1.2228001342452655,holt_winters,MOQUEGUA
2011-04-11,0.7855752669482952,0.9688409126223005,holt_winters,MOQUEGUA
2011-04-18,0.5891814502112213,0.7452372045921754,holt_winters,MOQUEGUA
2011-04-25,0.5891814502112215,0.8846096374396243,holt_winters,MOQUEGUA
2011-05-02,0.5891814502112215,1.0585907859100847,holt_winters,MOQUEGUA
2011-05-09,0.7855752669482952,1.0286937045413072,holt_winters,MOQUEGUA
2011-05-16,0.39278763347414763,0.5733512135854703,holt_winters,MOQUEGUA
2011-05-23,0.9819690836853692,0.41709711705615354,holt_winters,MOQUEGUA
2011-05-30,1.178362900422443,0.49830600146277737,holt_winters,MOQUEGUA
2011-06-06,1.5711505338965905,0.39706364475930417,holt_winters,MOQUEGUA
2011-06-13,1.178362900422443,1.4940849436055974,holt_winters,MOQUEGUA
2011-06-20,1.178362900422443,1.3373277540372417,holt_winters,MOQUEGUA
2011-06-27,0.7855752669482953,1.8424653734122123,holt_winters,MOQUEGUA
2011-07-04,0.7855752669482953,2.047495040130812,holt_winters,MOQUEGUA
2011-07-11,1.178362900422443,1.0727365772801953,holt_winters,MOQUEGUA
2011-07-18,1.374756717159517,0.8552446085325831,holt_winters,MOQUEGUA
2011-07-25,0.9819690836853692,0.8404823726231793,holt_winters,MOQUEGUA
2011-08-01,0.7855752669482955,0.9446529794475469,holt_winters,MOQUEGUA
2011-08-08,1.374756717159517,0.6411125405056713,holt_winters,MOQUEGUA
2011-08-15,1.5711505338965905,0.5702517397166563,holt_winters,MOQUEGUA
2011-08-22,1.9639381673707383,0.37964298258371715,holt_winters,MOQUEGUA
2011-08-29,1.374756717159517,0.40579172448994033,holt_winters,MOQUEGUA
2011-09-05,1.1783629004224432,1.1988339782096165,holt_winters,MOQUEGUA
2011-09-12,0.5891814502112216,1.117777297497096,holt_winters,MOQUEGUA
2011-09-19,0.5891814502112216,0.9472961262157547,holt_winters,MOQUEGUA
2011-09-26,1.178362900422443,0.7844050142055448,holt_winters,MOQUEGUA
2011-10-03,0.9819690836853693,1.169524074042052,holt_winters,MOQUEGUA
2011-10-10,0.9819690836853692,1.5490436852987648,holt_winters,MOQUEGUA
2011-10-17,1.1783629004224432,1.7453912381643284,holt_winters,MOQUEGUA
2011-10-24,1.1783629004224432,1.892784606119017,holt_winters,MOQUEGUA
2011-10-31,1.9639381673707386,1.0321482562237838,holt_winters,MOQUEGUA
2011-11-07,1.374756717159517,1.3730148665792286,holt_winters,MOQUEGUA
2011-11-14,1.571150533896591,1.2936528111268106,holt_winters,MOQUEGUA
2011-11-21,0.9819690836853692,1.6887457931283438,holt_winters,MOQUEGUA
2011-11-28,0.7855752669482955,0.6958218533991647,holt_winters,MOQUEGUA
2011-12-05,0.5891814502112216,0.7701594047523099,holt_winters,MOQUEGUA
2011-12-12,0.7855752669482955,0.4971492721637913,holt_winters,MOQUEGUA
2011-12-19,1.1783629004224432,0.602352791155213,holt_winters,MOQUEGUA
2011-12-26,0.9819690836853693,1.1251571696257112,holt_winters,MOQUEGUA
2012-01-02,0.5868399305682147,1.218464723932499,holt_winters,MOQUEGUA
2012-01-09,0.388104594188134,1.0696630623080845,holt_winters,MOQUEGUA
2012-01-16,0.5821568912822006,0.966943128499445,holt_winters,MOQUEGUA
2012-01-23,0.7762091883762677,0.4796044198096146,holt_winters,MOQUEGUA
2012-01-30,1.1643137825644014,0.369514672990697,holt_winters,MOQUEGUA
2012-02-06,1.552418376752535,0.31940871009717664,holt_winters,MOQUEGUA
2012-02-13,1.9405229709406686,0.34668099157035887,holt_winters,MOQUEGUA
2012-02-20,1.9405229709406688,2.276454922439997,holt_winters,MOQUEGUA
2012-02-27,2.3286275651288024,2.276454922439997,holt_winters,MOQUEGUA
2012-03-05,2.1345752680347356,2.276454922439997,holt_winters,MOQUEGUA
2012-03-12,2.522679862222869,2.2200505447179495,holt_winters,MOQUEGUA
2012-03-19,2.134575268034735,2.561053138675672,holt_winters,MOQUEGUA
2012-03-26,2.1345752680347356,2.561053138675672,holt_winters,MOQUEGUA
2012-04-02,1.3583660796584682,2.561053138675672,holt_winters,MOQUEGUA
2012-04-09,1.3583660796584682,2.561053138675672,holt_winters,MOQUEGUA
2012-04-16,1.1643137825644014,1.122501512012748,holt_winters,MOQUEGUA
2012-04-23,1.3583660796584682,1.330890802072837,holt_winters,MOQUEGUA
2012-04-30,0.7762091883762675,1.5819714811865953,holt_winters,MOQUEGUA
2012-05-07,0.9702614854703344,1.6351354802232574,holt_winters,MOQUEGUA
2012-05-14,0.7762091883762675,0.5958632583756754,holt_winters,MOQUEGUA
2012-05-21,1.7464706738466018,0.5985663483090634,holt_winters,MOQUEGUA
2012-05-28,1.9405229709406686,0.7726940893042881,holt_winters,MOQUEGUA
2012-06-04,2.3286275651288024,0.8164901936836487,holt_winters,MOQUEGUA
2012-06-11,1.9405229709406686,2.1041819153387857,holt_winters,MOQUEGUA
2012-06-18,1.552418376752535,1.8548128377970763,holt_winters,MOQUEGUA
2012-06-25,1.746470673846602,2.1219025410148995,holt_winters,MOQUEGUA
2012-07-02,1.1643137825644014,2.4846671974659817,holt_winters,MOQUEGUA
2012-07-09,1.3583660796584682,1.584178245863249,holt_winters,MOQUEGUA
2012-07-16,1.1643137825644012,1.559886771668911,holt_winters,MOQUEGUA
2012-07-23,1.9405229709406686,1.4790710869829171,holt_winters,MOQUEGUA
2012-07-30,1.552418376752535,1.3510606437146808,holt_winters,MOQUEGUA
2012-08-06,1.3583660796584682,1.5161380166693343,holt_winters,MOQUEGUA
2012-08-13,1.7464706738466018,1.4539554522781426,holt_winters,MOQUEGUA
2012-08-20,1.9405229709406686,1.4176057955124979,holt_winters,MOQUEGUA
2012-08-27,2.134575268034735,1.3607088594081702,holt_winters,MOQUEGUA
2012-09-03,1.552418376752535,1.9258604596381683,holt_winters,MOQUEGUA
2012-09-10,1.3583660796584678,1.6345152271560557,holt_winters,MOQUEGUA
2012-09-17,0.9702614854703343,1.4918917661621423,holt_winters,MOQUEGUA
2012-09-24,0.9702614854703343,1.4244130868086362,holt_winters,MOQUEGUA
2012-10-01,0.9702614854703343,0.9227471699733556,holt_winters,MOQUEGUA
2012-10-08,1.164313782564401,1.1079232674601354,holt_winters,MOQUEGUA
2012-10-15,1.164313782564401,1.3206684323267963,holt_winters,MOQUEGUA
2012-10-22,0.9702614854703343,1.5378676111608942,holt_winters,MOQUEGUA
2012-10-29,0.9702614854703343,1.1757358188314446,holt_winters,MOQUEGUA
2012-11-05,0.7762091883762675,1.40222384239745,holt_winters,MOQUEGUA
2012-11-12,1.3583660796584678,1.2528531207147167,holt_winters,MOQUEGUA
2012-11-19,2.134575268034735,1.3498598673221134,holt_winters,MOQUEGUA
2012-11-26,2.328627565128802,1.7126643155538337,holt_winters,MOQUEGUA
2012-12-03,2.134575268034735,1.6090017475448266,holt_winters,MOQUEGUA
2012-12-10,1.164313782564401,1.2710870353911208,holt_winters,MOQUEGUA
2012-12-17,0.9702614854703343,1.5557090419749557,holt_winters,MOQUEGUA
2012-12-24,0.9702614854703343,0.9595287617422534,holt_winters,MOQUEGUA
2012-12-31,1.1643137825644012,0.8738965190375102,holt_winters,MOQUEGUA
2013-01-07,1.54327300233261,0.6063804863043682,holt_winters,MOQUEGUA
2013-01-14,1.5387003151226477,0.6070733729531081,holt_winters,MOQUEGUA
2013-01-21,1.3423616744235993,1.7054886735558774,holt_winters,MOQUEGUA
2013-01-28,1.150595720934514,1.7296612568912468,holt_winters,MOQUEGUA
2013-02-04,0.7670638139563426,1.7403926554139184,holt_winters,MOQUEGUA
2013-02-11,1.150595720934514,1.7917172130655028,holt_winters,MOQUEGUA
2013-02-18,0.9588297674454282,1.59063926518578,holt_winters,MOQUEGUA
2013-02-25,0.9588297674454282,2.0914648746034437,holt_winters,MOQUEGUA
2013-03-04,0.3835319069781713,2.030196056999502,holt_winters,MOQUEGUA
2013-03-11,0.0,1.8332657257064815,holt_winters,MOQUEGUA
2013-03-18,0.19176595348908565,0.0,holt_winters,MOQUEGUA
2013-03-25,0.19176595348908565,0.0,holt_winters,MOQUEGUA
2013-04-01,0.3835319069781713,0.0,holt_winters,MOQUEGUA
2013-04-08,0.19176595348908565,0.0,holt_winters,MOQUEGUA
2013-04-15,0.3835319069781713,0.09415855736787296,holt_winters,MOQUEGUA
2013-04-22,0.7670638139563426,0.23027279729477315,holt_winters,MOQUEGUA
2013-04-29,1.150595720934514,0.16367853524448578,holt_winters,MOQUEGUA
2013-05-06,1.150595720934514,0.2074704960642515,holt_winters,MOQUEGUA
2013-05-13,0.9588297674454282,0.775243698835106,holt_winters,MOQUEGUA
2013-05-20,0.9588297674454282,1.0527439989772882,holt_winters,MOQUEGUA
2013-05-27,0.7670638139563426,1.228758450868353,holt_winters,MOQUEGUA
2013-06-03,0.3835319069781713,1.4264532627076134,holt_winters,MOQUEGUA
2013-06-10,0.575297860467257,0.2265180743649922,holt_winters,MOQUEGUA
2013-06-17,1.150595720934514,0.2047882870712964,holt_winters,MOQUEGUA
2013-06-24,1.150595720934514,0.28624894799880574,holt_winters,MOQUEGUA
2013-07-01,1.150595720934514,0.4034149536529843,holt_winters,MOQUEGUA
2013-07-08,1.5341276279126852,1.5232290629384244,holt_winters,MOQUEGUA
2013-07-15,2.109425488379942,1.5567774002496744,holt_winters,MOQUEGUA
2013-07-22,2.109425488379942,1.5527229305061205,holt_winters,MOQUEGUA
2013-07-29,1.3423616744235993,1.289452518643255,holt_winters,MOQUEGUA
2013-08-05,1.3423616744235993,1.3428796749751797,holt_winters,MOQUEGUA
2013-08-12,1.150595720934514,1.3234370934955686,holt_winters,MOQUEGUA
2013-08-19,1.150595720934514,1.334821719952585,holt_winters,MOQUEGUA
2013-08-26,0.7670638139563426,1.3822871282874976,holt_winters,MOQUEGUA
2013-09-02,0.575297860467257,0.5731898315284477,holt_winters,MOQUEGUA
2013-09-09,0.7670638139563426,0.3924039344979406,holt_winters,MOQUEGUA
2013-09-16,1.150595720934514,0.2096651937676421,holt_winters,MOQUEGUA
2013-09-23,1.150595720934514,0.18977205263697391,holt_winters,MOQUEGUA
2013-09-30,0.9588297674454282,1.09794692970049,holt_winters,MOQUEGUA
2013-10-07,0.575297860467257,1.206634481865156,holt_winters,MOQUEGUA
2013-10-14,0.7670638139563426,1.4125448672018968,holt_winters,MOQUEGUA
2013-10-21,1.3423616744235993,1.520837823306475,holt_winters,MOQUEGUA
2013-10-28,1.5341276279126852,1.6719053309631706,holt_winters,MOQUEGUA
2013-11-04,1.725893581401771,1.6408169925776286,holt_winters,MOQUEGUA
2013-11-11,1.3423616744235993,1.7338688829070574,holt_winters,MOQUEGUA
2013-11-18,1.3423616744235993,1.9005566606295727,holt_winters,MOQUEGUA
2013-11-25,0.7670638139563426,1.1348637240061443,holt_winters,MOQUEGUA
2013-12-02,1.150595720934514,1.018996836340084,holt_winters,MOQUEGUA
2013-12-09,0.9588297674454282,0.711847873317907,holt_winters,MOQUEGUA
2013-12-16,1.725893581401771,1.0231770503807425,holt_winters,MOQUEGUA
2013-12-23,1.3423616744235993,1.6096847133696703,holt_winters,MOQUEGUA
2013-12-30,1.5341276279126852,1.3419658185709367,holt_winters,MOQUEGUA
2014-01-06,1.1461273753343144,1.0228040045392346,holt_winters,MOQUEGUA
2014-01-13,0.952127249045129,1.0547768666836763,holt_winters,MOQUEGUA
2014-01-20,1.1371906841339154,1.0416528430542442,holt_winters,MOQUEGUA
2014-01-27,0.9476589034449296,0.9869632055864538,holt_winters,MOQUEGUA
2014-02-03,0.9476589034449298,0.9183137803959177,holt_winters,MOQUEGUA
2014-02-10,0.37906356137797187,0.997456248868748,holt_winters,MOQUEGUA
2014-02-17,0.18953178068898593,0.4885178315681429,holt_winters,MOQUEGUA
2014-02-24,0.37906356137797187,0.7973287590514526,holt_winters,MOQUEGUA
2014-03-03,0.5685953420669578,0.7181552527828471,holt_winters,MOQUEGUA
2014-03-10,0.5685953420669578,0.5472958630483041,holt_winters,MOQUEGUA
2014-03-17,0.37906356137797187,0.7446939744789236,holt_winters,MOQUEGUA
2014-03-24,0.7581271227559437,0.8070794010080147,holt_winters,MOQUEGUA
2014-03-31,1.1371906841339154,0.7773354411497748,holt_winters,MOQUEGUA
2014-04-07,0.9476589034449295,0.6340274463499753,holt_winters,MOQUEGUA
2014-04-14,0.5685953420669578,1.0103806961915818,holt_winters,MOQUEGUA
2014-04-21,0.5685953420669578,1.1678297972780571,holt_winters,MOQUEGUA
2014-04-28,0.5685953420669578,1.094154898115758,holt_winters,MOQUEGUA
2014-05-05,1.1371906841339157,1.1692568059847315,holt_winters,MOQUEGUA
2014-05-12,1.1371906841339157,0.7240835277240374,holt_winters,MOQUEGUA
2014-05-19,1.5162542455118875,0.9955791846655289,holt_winters,MOQUEGUA
2014-05-26,1.1371906841339157,1.0447378842892054,holt_winters,MOQUEGUA
2014-06-02,1.5162542455118875,1.0824905624000618,holt_winters,MOQUEGUA
2014-06-09,1.1371906841339157,1.3093866227693889,holt_winters,MOQUEGUA
2014-06-16,1.1371906841339157,1.3634249198990245,holt_winters,MOQUEGUA
2014-06-23,0.7581271227559437,1.4856263338917937,holt_winters,MOQUEGUA
2014-06-30,0.9476589034449298,1.8172836738804787,holt_winters,MOQUEGUA
2014-07-07,0.9476589034449298,1.1746702345845998,holt_winters,MOQUEGUA
2014-07-14,0.9476589034449298,1.3994648164654102,holt_winters,MOQUEGUA
2014-07-21,1.1371906841339157,1.4838530154600236,holt_winters,MOQUEGUA
2014-07-28,1.3267224648229015,1.1103216606859754,holt_winters,MOQUEGUA
2014-08-04,2.463913148956817,1.4480056872881213,holt_winters,MOQUEGUA
2014-08-11,3.411572052401747,1.3937444953500686,holt_winters,MOQUEGUA
2014-08-18,3.7906356137797186,1.583052274166552,holt_winters,MOQUEGUA
2014-08-25,2.274381368267831,1.5408954738108565,holt_winters,MOQUEGUA
2014-09-01,1.5162542455118875,1.8736752835498984,holt_winters,MOQUEGUA
2014-09-08,0.9476589034449296,1.672080971610492,holt_winters,MOQUEGUA
2014-09-15,1.7057860262008735,1.5370705050062496,holt_winters,MOQUEGUA
2014-09-22,1.7057860262008735,1.5932045119064278,holt_winters,MOQUEGUA
2014-09-29,1.8953178068898593,1.5779084497211122,holt_winters,MOQUEGUA
2014-10-06,1.3267224648229015,1.415505108340486,holt_winters,MOQUEGUA
2014-10-13,1.7057860262008733,1.6727276359508307,holt_winters,MOQUEGUA
2014-10-20,1.7057860262008733,1.9285529158215524,holt_winters,MOQUEGUA
2014-10-27,1.895317806889859,2.2359832845535816,holt_winters,MOQUEGUA
2014-11-03,1.8953178068898593,2.1206846074444203,holt_winters,MOQUEGUA
2014-11-10,1.5162542455118875,2.162738105059512,holt_winters,MOQUEGUA
2014-11-17,1.7057860262008733,2.090899006220202,holt_winters,MOQUEGUA
2014-11-24,0.7581271227559437,1.4907908771951675,holt_winters,MOQUEGUA
2014-12-01,0.5685953420669577,1.442982013292455,holt_winters,MOQUEGUA
2014-12-08,0.0,1.346311187714308,holt_winters,MOQUEGUA
2014-12-15,0.18953178068898593,1.7304445454609017,holt_winters,MOQUEGUA
2014-12-22,0.18953178068898593,0.09677768169174147,holt_winters,MOQUEGUA
2014-12-29,1.3267224648229015,0.013197535528856386,holt_winters,MOQUEGUA
2015-01-05,1.511890923942069,0.0,holt_winters,MOQUEGUA
2015-01-12,2.261291403558376,0.0,holt_winters,MOQUEGUA
2015-01-19,1.3114508393285373,2.4854407755752326,holt_winters,MOQUEGUA
2015-01-26,0.9367505995203839,2.3598772089824926,holt_winters,MOQUEGUA
2015-02-02,0.56205035971223,2.287831420237343,holt_winters,MOQUEGUA
2015-02-09,0.56205035971223,2.1564702225612735,holt_winters,MOQUEGUA
2015-02-16,0.7494004796163068,0.6288153781389997,holt_winters,MOQUEGUA
2015-02-23,0.7494004796163068,0.7918205627852244,holt_winters,MOQUEGUA
2015-03-02,1.12410071942446,0.6996719431991086,holt_winters,MOQUEGUA
2015-03-09,1.1241007194244603,0.5330682289295713,holt_winters,MOQUEGUA
2015-03-16,0.7494004796163067,0.95685288657218,holt_winters,MOQUEGUA
2015-03-23,0.7494004796163068,1.1176460942759343,holt_winters,MOQUEGUA
2015-03-30,0.7494004796163067,1.2669877717287765,holt_winters,MOQUEGUA
2015-04-06,0.9367505995203835,1.0790942331075946,holt_winters,MOQUEGUA
2015-04-13,1.1241007194244605,0.8052567638041711,holt_winters,MOQUEGUA
2015-04-20,1.6861510791366907,1.0555677101744172,holt_winters,MOQUEGUA
2015-04-27,2.0608513189448443,0.9385634711981525,holt_winters,MOQUEGUA
2015-05-04,2.060851318944844,1.153557625501673,holt_winters,MOQUEGUA
2015-05-11,1.873501199040767,1.7316463777215452,holt_winters,MOQUEGUA
2015-05-18,1.4988009592326137,2.3891133837185117,holt_winters,MOQUEGUA
2015-05-25,0.9367505995203835,2.2024819945705993,holt_winters,MOQUEGUA
2015-06-01,0.7494004796163068,2.3217679292891615,holt_winters,MOQUEGUA
2015-06-08,0.7494004796163068,0.6170605587495773,holt_winters,MOQUEGUA
2015-06-15,1.12410071942446,0.6745747562536321,holt_winters,MOQUEGUA
2015-06-22,1.311450839328537,0.5749424492868042,holt_winters,MOQUEGUA
2015-06-29,1.873501199040767,0.6099055912293853,holt_winters,MOQUEGUA
2015-07-06,2.060851318944844,2.2106564960326365,holt_winters,MOQUEGUA
2015-07-13,2.248201438848921,2.404611221949767,holt_winters,MOQUEGUA
2015-07-20,2.4355515587529974,2.4880075013958995,holt_winters,MOQUEGUA
2015-07-27,2.0608513189448443,2.302429520890396,holt_winters,MOQUEGUA
2015-08-03,1.6861510791366907,2.4880075013958995,holt_winters,MOQUEGUA
2015-08-10,1.6861510791366907,2.4880075013958995,holt_winters,MOQUEGUA
2015-08-17,1.311450839328537,2.4880075013958995,holt_winters,MOQUEGUA
2015-08-24,1.3114508393285371,2.4729213331759152,holt_winters,MOQUEGUA
2015-08-31,0.7494004796163068,0.9553936000868413,holt_winters,MOQUEGUA
2015-09-07,1.1241007194244605,0.7904236233428915,holt_winters,MOQUEGUA
2015-09-14,1.4988009592326137,0.882371867320535,holt_winters,MOQUEGUA
2015-09-21,1.6861510791366905,0.9633125731872956,holt_winters,MOQUEGUA
2015-09-28,2.060851318944844,1.6042123729664464,holt_winters,MOQUEGUA
2015-10-05,2.060851318944844,1.298317907796972,holt_winters,MOQUEGUA
2015-10-12,2.060851318944844,1.582726575188096,holt_winters,MOQUEGUA
2015-10-19,1.4988009592326141,1.725700056838167,holt_winters,MOQUEGUA
2015-10-26,1.1241007194244605,1.7962014650935454,holt_winters,MOQUEGUA
2015-11-02,1.6861510791366907,1.6303395917053707,holt_winters,MOQUEGUA
2015-11-09,2.248201438848921,1.6351116937652768,holt_winters,MOQUEGUA
2015-11-16,2.4355515587529974,1.5987902638465148,holt_winters,MOQUEGUA
2015-11-23,2.6229016786570742,1.8377735270624944,holt_winters,MOQUEGUA
2015-11-30,2.4355515587529974,1.885104019874529,holt_winters,MOQUEGUA
2015-12-07,1.8735011990407673,1.4573118003385066,holt_winters,MOQUEGUA
2015-12-14,1.1241007194244605,1.8173379140720258,holt_winters,MOQUEGUA
2015-12-21,0.9367505995203839,0.9898302677459665,holt_winters,MOQUEGUA
2015-12-28,0.9367505995203839,1.2512569052107168,holt_winters,MOQUEGUA
2016-01-04,0.5599173234910843,1.1861695405310837,holt_winters,MOQUEGUA
2016-01-11,0.5556512510487919,1.2378768927388089,holt_winters,MOQUEGUA
2016-01-18,0.5556512510487919,0.47506506420105793,holt_winters,MOQUEGUA
2016-01-25,0.5556512510487918,0.37200398965701337,holt_winters,MOQUEGUA
2016-02-01,0.3704341673658613,0.3347579521680955,holt_winters,MOQUEGUA
2016-02-08,0.3704341673658613,0.2838435886332139,holt_winters,MOQUEGUA
2016-02-15,0.555651251048792,0.32848073316678167,holt_winters,MOQUEGUA
2016-02-22,0.3704341673658613,0.4635582496197761,holt_winters,MOQUEGUA
2016-02-29,0.37043416736586127,0.44254602840615986,holt_winters,MOQUEGUA
2016-03-07,0.0,0.33298054305804403,holt_winters,MOQUEGUA
2016-03-14,0.9260854184146531,0.0,holt_winters,MOQUEGUA
2016-03-21,1.481736669463445,0.012096575231956104,holt_winters,MOQUEGUA
2016-03-28,1.8521708368293062,0.0491644581346076,holt_winters,MOQUEGUA
2016-04-04,1.2965195857805143,0.020879778375698647,holt_winters,MOQUEGUA
2016-04-11,1.2965195857805143,1.25900670197664,holt_winters,MOQUEGUA
2016-04-18,1.481736669463445,1.5248585005253008,holt_winters,MOQUEGUA
2016-04-25,1.2965195857805143,1.542438323207845,holt_winters,MOQUEGUA
2016-05-02,1.481736669463445,1.8215648918886926,holt_winters,MOQUEGUA
2016-05-09,1.6669537531463756,1.3270322633265121,holt_winters,MOQUEGUA
2016-05-16,2.593039171561028,1.668263304769433,holt_winters,MOQUEGUA
2016-05-23,2.7782562552439587,1.4336166231825063,holt_winters,MOQUEGUA
2016-05-30,2.222605004195167,1.4461197618043378,holt_winters,MOQUEGUA
2016-06-06,1.8521708368293062,2.08777613732663,holt_winters,MOQUEGUA
2016-06-13,1.6669537531463756,2.359620312502503,holt_winters,MOQUEGUA
2016-06-20,2.222605004195167,2.23269232802152,holt_winters,MOQUEGUA
2016-06-27,1.6669537531463756,2.30728499986043,holt_winters,MOQUEGUA
2016-07-04,1.1113025020975835,1.8818281324580373,holt_winters,MOQUEGUA
2016-07-11,1.481736669463445,2.0326292252208504,holt_winters,MOQUEGUA
2016-07-18,2.0373879205122365,2.1979916177164136,holt_winters,MOQUEGUA
2016-07-25,2.222605004195167,1.8542402988168085,holt_winters,MOQUEGUA
2016-08-01,2.0373879205122365,2.374946171765007,holt_winters,MOQUEGUA
2016-08-08,1.8521708368293062,2.637226171694343,holt_winters,MOQUEGUA
2016-08-15,2.0373879205122365,2.686597055057701,holt_winters,MOQUEGUA
2016-08-22,2.0373879205122365,2.2140719805983795,holt_winters,MOQUEGUA
2016-08-29,2.0373879205122365,1.4424220037670203,holt_winters,MOQUEGUA
2016-09-05,2.96347333892689,1.3126692673511953,holt_winters,MOQUEGUA
2016-09-12,3.1486904226098207,1.5872003860398531,holt_winters,MOQUEGUA
2016-09-19,3.1486904226098207,1.8184742261531062,holt_winters,MOQUEGUA
2016-09-26,2.2226050041951675,3.1486904226098207,holt_winters,MOQUEGUA
2016-10-03,1.481736669463445,2.937638850526799,holt_winters,MOQUEGUA
2016-10-10,0.9260854184146533,3.1486904226098207,holt_winters,MOQUEGUA
2016-10-17,0.9260854184146533,3.1486904226098207,holt_winters,MOQUEGUA
2016-10-24,1.111302502097584,0.916594771938852,holt_winters,MOQUEGUA
2016-10-31,1.6669537531463754,0.9566282393031039,holt_winters,MOQUEGUA
2016-11-07,1.2965195857805145,1.1014335681182232,holt_winters,MOQUEGUA
2016-11-14,1.6669537531463756,1.1999503129971976,holt_winters,MOQUEGUA
2016-11-21,1.481736669463445,1.2997196742062784,holt_winters,MOQUEGUA
2016-11-28,1.8521708368293062,1.201702155560724,holt_winters,MOQUEGUA
2016-12-05,1.2965195857805145,0.7893107647062639,holt_winters,MOQUEGUA
2016-12-12,1.481736669463445,0.8826195881555947,holt_winters,MOQUEGUA
2016-12-19,1.6669537531463756,1.3341415653128699,holt_winters,MOQUEGUA
2016-12-26,2.407822087878098,1.6378811249542655,holt_winters,MOQUEGUA
2017-01-02,2.4015700687691797,1.4905798780939983,holt_winters,MOQUEGUA
2017-01-09,2.210100965977331,1.6363734700878168,holt_winters,MOQUEGUA
2017-01-16,2.014463850446204,1.9607559498768035,holt_winters,MOQUEGUA
2017-01-23,2.1975969277594953,1.754825744963387,holt_winters,MOQUEGUA
2017-01-30,2.3807300050727864,1.476034307834703,holt_winters,MOQUEGUA
2017-02-06,2.3807300050727864,1.410896060793422,holt_winters,MOQUEGUA
2017-02-13,2.563863082386078,2.3681144338900073,holt_winters,MOQUEGUA
2017-02-20,2.563863082386078,2.4844596501034144,holt_winters,MOQUEGUA
2017-02-27,2.014463850446204,2.4411971207323595,holt_winters,MOQUEGUA
2017-03-06,1.4650646185063303,2.112009347540672,holt_winters,MOQUEGUA
2017-03-13,0.7325323092531653,1.7885688114941487,holt_winters,MOQUEGUA
2017-03-20,1.0987984638797477,2.1820136092691036,holt_winters,MOQUEGUA
2017-03-27,0.7325323092531653,2.397056584809156,holt_winters,MOQUEGUA
2017-04-03,1.4650646185063303,2.226477032087756,holt_winters,MOQUEGUA
2017-04-10,1.831330773132913,1.4751870367340156,holt_winters,MOQUEGUA
2017-04-17,3.1132623143259512,1.845465481589715,holt_winters,MOQUEGUA
2017-04-24,3.1132623143259512,1.8497646300744603,holt_winters,MOQUEGUA
2017-05-01,2.3807300050727864,2.163425845570641,holt_winters,MOQUEGUA
2017-05-08,1.4650646185063303,2.312781112372999,holt_winters,MOQUEGUA
2017-05-15,1.4650646185063303,2.7367236774609442,holt_winters,MOQUEGUA
2017-05-22,1.8313307731329127,2.3634168070769053,holt_winters,MOQUEGUA
2017-05-29,2.197596927759495,2.1570887498161184,holt_winters,MOQUEGUA
2017-06-05,2.014463850446204,2.0657219740878805,holt_winters,MOQUEGUA
2017-06-12,2.5638630823860775,2.3273831456981906,holt_winters,MOQUEGUA
2017-06-19,3.1132623143259512,2.4906767964127043,holt_winters,MOQUEGUA
2017-06-26,3.479528468952534,2.462938281247014,holt_winters,MOQUEGUA
2017-07-03,3.8457946235791165,3.2564718908245167,holt_winters,MOQUEGUA
2017-07-10,4.028927700892408,3.2564718908245167,holt_winters,MOQUEGUA
2017-07-17,4.395193855518991,3.2564718908245167,holt_winters,MOQUEGUA
2017-07-24,3.479528468952534,3.2564718908245167,holt_winters,MOQUEGUA
2017-07-31,3.8457946235791165,3.7099245369398184,holt_winters,MOQUEGUA
2017-08-07,3.2963953916392428,3.813250807797473,holt_winters,MOQUEGUA
2017-08-14,2.746996159699369,3.813250807797473,holt_winters,MOQUEGUA
2017-08-21,1.6481976958196214,3.370693328665674,holt_winters,MOQUEGUA
2017-08-28,2.014463850446204,1.2421942565815742,holt_winters,MOQUEGUA
2017-09-04,2.380730005072787,1.4041900907516185,holt_winters,MOQUEGUA
2017-09-11,2.0144638504462042,1.7318876280113737,holt_winters,MOQUEGUA
2017-09-18,1.0987984638797477,1.8088162258330502,holt_winters,MOQUEGUA
2017-09-25,0.9156653865664565,1.026672327632061,holt_winters,MOQUEGUA
2017-10-02,1.6481976958196214,0.7676815709632936,holt_winters,MOQUEGUA
2017-10-09,2.563863082386078,0.7501123945986113,holt_winters,MOQUEGUA
2017-10-16,3.6626615462658254,0.7281274969859712,holt_winters,MOQUEGUA
2017-10-23,3.6626615462658254,3.7394374410505695,holt_winters,MOQUEGUA
2017-10-30,2.9301292370126606,3.8457946235791165,holt_winters,MOQUEGUA
2017-11-06,2.563863082386078,3.8457946235791165,holt_winters,MOQUEGUA
2017-11-13,2.380730005072787,3.8457946235791165,holt_winters,MOQUEGUA
2017-11-20,3.1132623143259512,1.8103122001479346,holt_winters,MOQUEGUA
2017-11-27,2.563863082386078,1.9315670848595985,holt_winters,MOQUEGUA
2017-12-04,2.380730005072787,1.2929677622387208,holt_winters,MOQUEGUA
2017-12-11,2.014463850446204,1.4099357980539713,holt_winters,MOQUEGUA
2017-12-18,1.831330773132913,1.8789517614273878,holt_winters,MOQUEGUA
2017-12-25,1.6481976958196218,2.584207882688569,holt_winters,MOQUEGUA
2018-01-01,1.988793716617806,2.4845617300705003,holt_winters,MOQUEGUA
2018-01-08,2.159091727016898,2.560723033887256,holt_winters,MOQUEGUA
2018-01-15,2.503966103453149,1.90989559585554,holt_winters,MOQUEGUA
2018-01-22,2.146256660102699,1.7637839980244012,holt_winters,MOQUEGUA
2018-01-29,2.3251113817779236,1.525768296983665,holt_winters,MOQUEGUA
2018-02-05,2.8616755468035984,1.4648805067927655,holt_winters,MOQUEGUA
2018-02-12,2.5039661034531484,2.9787884050063833,holt_winters,MOQUEGUA
2018-02-19,2.3251113817779236,3.0745493308094898,holt_winters,MOQUEGUA
2018-02-26,1.2519830517265744,2.9786478280604674,holt_winters,MOQUEGUA
2018-03-05,1.4308377734017992,2.3988363572263354,holt_winters,MOQUEGUA
2018-03-12,1.6096924950770244,1.4149091406518866,holt_winters,MOQUEGUA
2018-03-19,1.7885472167522491,1.765981390730742,holt_winters,MOQUEGUA
2018-03-26,2.1462566601026984,1.9267317456913702,holt_winters,MOQUEGUA
2018-04-02,2.5039661034531484,1.9187546639958466,holt_winters,MOQUEGUA
2018-04-09,2.6828208251283727,2.505666725793761,holt_winters,MOQUEGUA
2018-04-16,2.8616755468035984,3.163923826448465,holt_winters,MOQUEGUA
2018-04-23,2.503966103453149,3.325998156512248,holt_winters,MOQUEGUA
2018-04-30,2.6828208251283736,3.4501799587489197,holt_winters,MOQUEGUA
2018-05-07,2.146256660102699,2.4061197869502315,holt_winters,MOQUEGUA
2018-05-14,2.325111381777923,2.6269688628062506,holt_winters,MOQUEGUA
2018-05-21,2.146256660102699,2.38866771060304,holt_winters,MOQUEGUA
2018-05-28,2.325111381777923,2.2376047764687987,holt_winters,MOQUEGUA
2018-06-04,2.1462566601026984,2.046403827794541,holt_winters,MOQUEGUA
2018-06-11,1.967401938427474,2.385447219029238,holt_winters,MOQUEGUA
2018-06-18,3.219384990154048,2.494357564346298,holt_winters,MOQUEGUA
2018-06-25,3.040530268478823,2.610937027559251,holt_winters,MOQUEGUA
2018-07-02,3.040530268478823,2.9357577642252988,holt_winters,MOQUEGUA
2018-07-09,1.609692495077024,3.3453580939929615,holt_winters,MOQUEGUA
2018-07-16,2.6828208251283736,3.750164466550009,holt_winters,MOQUEGUA
2018-07-23,3.5770944335044974,3.3646065998851644,holt_winters,MOQUEGUA
2018-07-30,3.934803876854948,3.8457946235791165,holt_winters,MOQUEGUA
2018-08-06,3.5770944335044974,3.8457946235791165,holt_winters,MOQUEGUA
2018-08-13,3.040530268478823,3.7288756790183544,holt_winters,MOQUEGUA
2018-08-20,3.398239711829273,2.9234689072654136,holt_winters,MOQUEGUA
2018-08-27,3.040530268478823,2.956345506763432,holt_winters,MOQUEGUA
2018-09-03,2.8616755468035984,3.2609929559221422,holt_winters,MOQUEGUA
2018-09-10,2.1462566601026984,3.7694987786981944,holt_winters,MOQUEGUA
2018-09-17,1.967401938427474,3.4576273211056554,holt_winters,MOQUEGUA
2018-09-24,1.967401938427474,1.8584504998964602,holt_winters,MOQUEGUA
2018-10-01,2.3251113817779236,1.6391786768773968,holt_winters,MOQUEGUA
2018-10-08,2.1462566601026984,1.7950329638994584,holt_winters,MOQUEGUA
2018-10-15,1.967401938427474,1.9843038783043745,holt_winters,MOQUEGUA
2018-10-22,2.3251113817779236,1.9606756007885155,holt_winters,MOQUEGUA
2018-10-29,2.6828208251283736,2.1964039255177883,holt_winters,MOQUEGUA
2018-11-05,3.7559491551797226,1.9868560332518108,holt_winters,MOQUEGUA
2018-11-12,3.7559491551797226,2.1299599449859166,holt_winters,MOQUEGUA
2018-11-19,3.040530268478823,3.458100246409511,holt_winters,MOQUEGUA
2018-11-26,1.9674019384274741,3.3568393060879083,holt_winters,MOQUEGUA
2018-12-03,1.6096924950770244,2.4933022698693375,holt_winters,MOQUEGUA
2018-12-10,1.7885472167522494,2.5450280924698885,holt_winters,MOQUEGUA
2018-12-17,1.967401938427474,1.7212223557264017,holt_winters,MOQUEGUA
2018-12-24,1.967401938427474,2.3467544415079025,holt_winters,MOQUEGUA
2018-12-31,1.7885472167522491,2.2775761384546223,holt_winters,MOQUEGUA
2019-01-07,1.24876937595865,2.427820316764626,holt_winters,MOQUEGUA
2019-01-14,0.3544957675825256,1.0814383137227601,holt_winters,MOQUEGUA
2019-01-21,0.8782052295365014,0.9762053387264071,holt_winters,MOQUEGUA
2019-01-28,1.2294873213511017,0.9045129715866249,holt_winters,MOQUEGUA
2019-02-04,2.458974642702203,0.8445497696143714,holt_winters,MOQUEGUA
2019-02-11,2.283333596794903,2.624684216285814,holt_winters,MOQUEGUA
2019-02-18,2.9858977804241036,2.5005508014246467,holt_winters,MOQUEGUA
2019-02-25,2.6346156886095033,2.2636612483866405,holt_winters,MOQUEGUA
2019-03-04,2.634615688609503,1.9328530441257545,holt_winters,MOQUEGUA
2019-03-11,2.1076925508876028,2.792050351246406,holt_winters,MOQUEGUA
2019-03-18,2.1076925508876028,3.397094033521443,holt_winters,MOQUEGUA
2019-03-25,1.7564104590730023,3.6217575080369264,holt_winters,MOQUEGUA
2019-04-01,1.580769413165702,3.847543205021686,holt_winters,MOQUEGUA
2019-04-08,1.229487321351102,1.7655992403604266,holt_winters,MOQUEGUA
2019-04-15,1.2294873213511017,2.1793757546716996,holt_winters,MOQUEGUA
2019-04-22,1.0538462754438018,2.1304765911908903,holt_winters,MOQUEGUA
2019-04-29,1.0538462754438018,2.2645962759997578,holt_winters,MOQUEGUA
2019-05-06,1.7564104590730025,0.8299349013855357,holt_winters,MOQUEGUA
2019-05-13,2.458974642702203,0.9742844941025629,holt_winters,MOQUEGUA
2019-05-20,2.8102567345168037,0.8660671145021628,holt_winters,MOQUEGUA
2019-05-27,3.161538826331404,0.8969790645652561,holt_winters,MOQUEGUA
2019-06-03,2.6346156886095033,2.9164102385639055,holt_winters,MOQUEGUA
2019-06-10,2.8102567345168032,3.0984357121425705,holt_winters,MOQUEGUA
2019-06-17,2.8102567345168037,3.5891565917105073,holt_winters,MOQUEGUA
2019-06-24,2.9858977804241036,3.742426993840057,holt_winters,MOQUEGUA
2019-07-01,3.8641030099606044,2.892348248608637,holt_winters,MOQUEGUA
2019-07-08,4.039744055867904,2.675008674956065,holt_winters,MOQUEGUA
2019-07-15,4.215385101775205,3.208830082156064,holt_winters,MOQUEGUA
2019-07-22,3.3371798722387034,3.1997344120614937,holt_winters,MOQUEGUA
2019-07-29,2.8102567345168032,3.291328445786982,holt_winters,MOQUEGUA
2019-08-05,2.8102567345168032,3.277876695471322,holt_winters,MOQUEGUA
2019-08-12,4.039744055867904,3.056413401254723,holt_winters,MOQUEGUA
2019-08-19,4.742308239497105,2.567230489910784,holt_winters,MOQUEGUA
2019-08-26,5.093590331311705,4.111756884689901,holt_winters,MOQUEGUA
2019-09-02,3.6884619640533036,4.111756884689901,holt_winters,MOQUEGUA
2019-09-09,3.1615388263314035,4.111756884689901,holt_winters,MOQUEGUA
2019-09-16,2.6346156886095033,4.111756884689901,holt_winters,MOQUEGUA
2019-09-23,2.6346156886095033,2.4353662182060956,holt_winters,MOQUEGUA
2019-09-30,2.2833335967949027,2.461414868812853,holt_winters,MOQUEGUA
2019-10-07,2.8102567345168032,2.6031724610606184,holt_winters,MOQUEGUA
2019-10-14,2.9858977804241036,2.6423670772926133,holt_winters,MOQUEGUA
2019-10-21,3.5128209181460037,3.0098583000900163,holt_winters,MOQUEGUA
2019-10-28,3.161538826331404,3.4424422521728535,holt_winters,MOQUEGUA
2019-11-04,2.2833335967949027,3.572477158131619,holt_winters,MOQUEGUA
2019-11-11,2.2833335967949027,3.846102583457551,holt_winters,MOQUEGUA
2019-11-18,2.4589746427022035,2.2933005318714965,holt_winters,MOQUEGUA
2019-11-25,3.161538826331404,1.958473822689608,holt_winters,MOQUEGUA
2019-12-02,2.458974642702203,1.385070562704235,holt_winters,MOQUEGUA
2019-12-09,2.458974642702203,1.316889554491048,holt_winters,MOQUEGUA
2019-12-16,2.8102567345168032,2.442584414887744,holt_winters,MOQUEGUA
2019-12-23,3.1615388263314035,2.897693699063549,holt_winters,MOQUEGUA
2019-12-30,2.458974642702203,2.6963873354310173,holt_winters,MOQUEGUA
2020-01-06,1.921265537255083,2.619700158750629,holt_winters,MOQUEGUA
2020-01-13,2.080727631574554,1.5898908735749695,holt_winters,MOQUEGUA
2020-01-20,1.7294455397599535,1.7079553253373985,holt_winters,MOQUEGUA
2020-01-27,1.7294455397599535,1.7268946559022393,holt_winters,MOQUEGUA
2020-02-03,1.9023900937359486,2.112359187653514,holt_winters,MOQUEGUA
2020-02-10,2.767112863615925,1.9227477815695224,holt_winters,MOQUEGUA
2020-02-17,2.767112863615925,1.8835294742265651,holt_winters,MOQUEGUA
2020-02-24,1.7294455397599533,1.5978962893747646,holt_winters,MOQUEGUA
2020-03-02,1.9023900937359486,1.3538211582503148,holt_winters,MOQUEGUA
2020-03-09,1.5565009857839582,2.06044841872943,holt_winters,MOQUEGUA
2020-03-16,2.767112863615925,2.3850619966094806,holt_winters,MOQUEGUA
2020-03-23,1.7294455397599535,2.345114849829231,holt_winters,MOQUEGUA
2020-03-30,1.7294455397599535,2.5322263105440537,holt_winters,MOQUEGUA
2020-04-06,0.6917782159039817,1.7573224387251734,holt_winters,MOQUEGUA
2020-04-13,0.8647227698799771,2.190976327051957,holt_winters,MOQUEGUA
2020-04-20,0.8647227698799771,2.1096128742480396,holt_winters,MOQUEGUA
2020-04-27,0.8647227698799771,2.0653420386092853,holt_winters,MOQUEGUA
2020-05-04,1.7294455397599533,0.8122128086126598,holt_winters,MOQUEGUA
2020-05-11,1.9023900937359486,1.0427629372140448,holt_winters,MOQUEGUA
2020-05-18,1.9023900937359486,1.0842300414597175,holt_winters,MOQUEGUA
2020-05-25,0.8647227698799771,1.127598763992662,holt_winters,MOQUEGUA
2020-06-01,0.8647227698799771,0.7029054799061744,holt_winters,MOQUEGUA
2020-06-08,1.2106118778319677,0.7746782846323187,holt_winters,MOQUEGUA
2020-06-15,2.421223755663935,1.0453082968222647,holt_winters,MOQUEGUA
2020-06-22,2.2482792016879394,1.073990902460963,holt_winters,MOQUEGUA
2020-06-29,2.2482792016879394,2.2806835361275146,holt_winters,MOQUEGUA
2020-07-06,2.2482792016879394,2.204443721087801,holt_winters,MOQUEGUA
2020-07-13,2.59416830963993,2.7060645868882767,holt_winters,MOQUEGUA
2020-07-20,5.442849227010499,2.5650253810085437,holt_winters,MOQUEGUA
2020-07-27,7.6911284286984385,4.537510752950026,holt_winters,MOQUEGUA
2020-08-03,9.939407630386377,4.537510752950026,holt_winters,MOQUEGUA
2020-08-10,9.939407630386377,4.537510752950026,holt_winters,MOQUEGUA
2020-08-17,9.766463076410382,4.537510752950026,holt_winters,MOQUEGUA
2020-08-24,9.0746848605064,8.542015634260387,holt_winters,MOQUEGUA
2020-08-31,7.609560374943793,8.542015634260387,holt_winters,MOQUEGUA
2020-09-07,5.707170281207845,8.542015634260387,holt_winters,MOQUEGUA
2020-09-14,4.323613849399883,8.033941087701272,holt_winters,MOQUEGUA
2020-09-21,4.323613849399883,3.864190828188069,holt_winters,MOQUEGUA
2020-09-28,3.6318356334959017,3.982019760180532,holt_winters,MOQUEGUA
2020-10-05,4.150669295423888,4.1574219933321395,holt_winters,MOQUEGUA
2020-10-12,2.59416830963993,4.241386039127944,holt_winters,MOQUEGUA
2020-10-19,2.075334647711944,2.901920161086754,holt_winters,MOQUEGUA
2020-10-26,1.0376673238559724,3.067645321692121,holt_winters,MOQUEGUA
2020-11-02,0.8647227698799771,2.9653110325819854,holt_winters,MOQUEGUA
2020-11-09,1.0376673238559717,3.0306303861794213,holt_winters,MOQUEGUA
2020-11-16,1.2106118778319677,1.043152023929002,holt_winters,MOQUEGUA
2020-11-23,1.5565009857839582,1.021797657766878,holt_winters,MOQUEGUA
2020-11-30,2.4212237556639344,0.7727135239061943,holt_winters,MOQUEGUA
2020-12-07,2.2482792016879394,0.7070067971791134,holt_winters,MOQUEGUA
2020-12-14,2.940057417591921,2.3747498554540387,holt_winters,MOQUEGUA
2020-12-21,3.8047801874718967,2.5831743618087653,holt_winters,MOQUEGUA
2020-12-28,5.534225727231849,2.3604805324641727,holt_winters,MOQUEGUA
2021-01-04,7.053897856361801,2.118508092260178,holt_winters,MOQUEGUA
2021-01-11,8.052569920231178,6.222788871767676,holt_winters,MOQUEGUA
2021-01-18,9.517694405793785,6.394739058482784,holt_winters,MOQUEGUA
2021-01-25,8.834581803220159,6.569440058721425,holt_winters,MOQUEGUA
2021-02-01,8.151469200646531,7.554735637064772,holt_winters,MOQUEGUA
2021-02-08,5.806457121875828,8.492451114203918,holt_winters,MOQUEGUA
2021-02-15,3.927897464798354,8.282936417479672,holt_winters,MOQUEGUA
2021-02-22,2.561672259651101,6.4729622569025205,holt_winters,MOQUEGUA
2021-03-01,3.7571193141549473,5.789320688559123,holt_winters,MOQUEGUA
2021-03-08,3.5863411635115408,3.121349698098616,holt_winters,MOQUEGUA
2021-03-15,2.903228560937914,3.865639323143162,holt_winters,MOQUEGUA
2021-03-22,0.6831126025736273,3.463611749311063,holt_winters,MOQUEGUA
2021-03-29,1.1954470545038471,3.581516853288222,holt_winters,MOQUEGUA
2021-04-05,3.927897464798354,0.968360052204004,holt_winters,MOQUEGUA
2021-04-12,7.297578447429498,1.2232928298936947,holt_winters,MOQUEGUA
2021-04-19,8.663803652576751,1.1171368876494685,holt_winters,MOQUEGUA
2021-04-26,8.663803652576751,1.092926570374389,holt_winters,MOQUEGUA
2021-05-03,8.663803652576751,9.091410977180965,holt_winters,MOQUEGUA
2021-05-10,8.663803652576751,9.619689560746595,holt_winters,MOQUEGUA
2021-05-17,8.493025501933344,9.619689560746595,holt_winters,MOQUEGUA
2021-05-24,8.493025501933344,9.619689560746595,holt_winters,MOQUEGUA
2021-05-31,9.984146827487015,7.8459402970182115,holt_winters,MOQUEGUA
2021-06-07,9.471812375556794,8.469805450741259,holt_winters,MOQUEGUA
2021-06-14,7.468356598072904,9.619689560746595,holt_winters,MOQUEGUA
2021-06-21,5.294122669945607,9.619689560746595,holt_winters,MOQUEGUA
2021-06-28,4.098675615441761,5.72550082579608,holt_winters,MOQUEGUA
2021-07-05,3.2447848622247277,5.3145913410937835,holt_winters,MOQUEGUA
2021-07-12,2.561672259651101,6.205446189468068,holt_winters,MOQUEGUA
2021-07-19,2.7324504102945073,6.826492610799869,holt_winters,MOQUEGUA
2021-07-26,2.390894109007694,3.0489704129620945,holt_winters,MOQUEGUA
2021-08-02,3.0740067115813203,2.992453826741711,holt_winters,MOQUEGUA
2021-08-09,3.2447848622247277,3.0278100880774335,holt_winters,MOQUEGUA
2021-08-16,3.7571193141549473,2.885205457611504,holt_winters,MOQUEGUA
2021-08-23,3.2447848622247277,3.8065365212582245,holt_winters,MOQUEGUA
2021-08-30,2.2201159583642878,3.60760224952619,holt_winters,MOQUEGUA
2021-09-06,1.8785596570774743,2.9704757434887745,holt_winters,MOQUEGUA
2021-09-13,1.1954470545038476,2.338178982097426,holt_winters,MOQUEGUA
2021-09-20,1.5370033557906606,1.1426476707726219,holt_winters,MOQUEGUA
2021-09-27,1.1954470545038474,1.174479194506522,holt_winters,MOQUEGUA
2021-10-04,1.7077815064340676,1.3333290076140922,holt_winters,MOQUEGUA
2021-10-11,1.0246689038604406,1.324815666396665,holt_winters,MOQUEGUA
2021-10-18,1.5370033557906606,1.0731555482997743,holt_winters,MOQUEGUA
2021-10-25,1.5370033557906606,0.8975439699135263,holt_winters,MOQUEGUA
2021-11-01,2.04933780772088,0.749315178344404,holt_winters,MOQUEGUA
2021-11-08,1.8785596570774736,0.7905828027327576,holt_winters,MOQUEGUA
2021-11-15,1.3662252051472539,2.001460639702437,holt_winters,MOQUEGUA
2021-11-22,1.0246689038604406,1.9860051921114807,holt_winters,MOQUEGUA
2021-11-29,1.0246689038604406,1.7976224114558548,holt_winters,MOQUEGUA
2021-12-06,2.561672259651101,1.7697345869340042,holt_winters,MOQUEGUA
2021-12-13,3.074006711581321,2.825970744388788,holt_winters,MOQUEGUA
2021-12-20,2.903228560937914,3.1619735420216797,holt_winters,MOQUEGUA
2021-12-27,1.3662252051472539,3.2833173916418597,holt_winters,MOQUEGUA
2022-01-03,1.0190817927735496,3.109900627408937,holt_winters,MOQUEGUA
2022-01-10,1.691020173173394,0.9077887407785341,holt_winters,MOQUEGUA
2022-01-17,2.1959051436544264,1.0397356030265643,holt_winters,MOQUEGUA
2022-01-24,2.0269893633733163,1.139628969618381,holt_winters,MOQUEGUA
2022-01-31,3.5472313859033036,1.4119130474307928,holt_winters,MOQUEGUA
2022-02-07,4.222894507027742,3.3405766832072437,holt_winters,MOQUEGUA
2022-02-14,5.405304968995509,3.18383934562496,holt_winters,MOQUEGUA
2022-02-21,3.378315605622193,2.226752994460645,holt_winters,MOQUEGUA
2022-02-28,2.871568264778864,2.3743113712421624,holt_winters,MOQUEGUA
2022-03-07,2.0269893633733163,2.637169429315282,holt_winters,MOQUEGUA
2022-03-14,2.1959051436544264,2.8955050415019774,holt_winters,MOQUEGUA
2022-03-21,2.026989363373316,1.9046182796115325,holt_winters,MOQUEGUA
2022-03-28,1.5202420225299875,2.255014610156992,holt_winters,MOQUEGUA
2022-04-04,2.0269893633733163,1.6706333275038927,holt_winters,MOQUEGUA
2022-04-11,1.8580735830922066,2.3005835334915843,holt_winters,MOQUEGUA
2022-04-18,2.0269893633733163,2.2938985372590404,holt_winters,MOQUEGUA
2022-04-25,1.5202420225299875,2.2079536840198117,holt_winters,MOQUEGUA
2022-05-02,1.5202420225299875,1.8721169544119545,holt_winters,MOQUEGUA
2022-05-09,1.5202420225299875,2.0373507244561493,holt_winters,MOQUEGUA
2022-05-16,1.3513262422488779,2.1046419655074997,holt_winters,MOQUEGUA
2022-05-23,1.0134946816866586,1.9708518400783293,holt_winters,MOQUEGUA
2022-05-30,1.1824104619677682,0.9984749774828787,holt_winters,MOQUEGUA
2022-06-06,1.3513262422488779,1.0885161822550642,holt_winters,MOQUEGUA
2022-06-13,2.533736704216645,1.3909768193049816,holt_winters,MOQUEGUA
2022-06-20,2.533736704216645,1.2547205346399606,holt_winters,MOQUEGUA
2022-06-27,2.0269893633733163,2.522355533317645,holt_winters,MOQUEGUA
2022-07-04,1.0134946816866586,2.1924492658126122,holt_winters,MOQUEGUA
2022-07-11,1.1824104619677682,2.473790128812941,holt_winters,MOQUEGUA
2022-07-18,1.5202420225299875,2.8527830493871322,holt_winters,MOQUEGUA
2022-07-25,2.5337367042166457,1.6157365445435705,holt_winters,MOQUEGUA
2022-08-01,1.8580735830922068,1.8021849893900834,holt_winters,MOQUEGUA
2022-08-08,1.8580735830922066,1.8934284416837337,holt_winters,MOQUEGUA
2022-08-15,1.0134946816866586,1.920747501448217,holt_winters,MOQUEGUA
2022-08-22,1.5202420225299869,0.9235220262303182,holt_winters,MOQUEGUA
2022-08-29,1.3513262422488779,0.6549040633934589,holt_winters,MOQUEGUA
2022-09-05,1.0134946816866586,0.38319839635595604,holt_winters,MOQUEGUA
2022-09-12,0.6756631211244392,0.10336092849706917,holt_winters,MOQUEGUA
2022-09-19,0.506747340843329,0.7480833189335531,holt_winters,MOQUEGUA
2022-09-26,0.506747340843329,0.6928906205560167,holt_winters,MOQUEGUA
2022-10-03,0.8445789014055488,0.8864330364495077,holt_winters,MOQUEGUA
2022-10-10,1.0134946816866586,0.6992720378682384,holt_winters,MOQUEGUA
2022-10-17,1.5202420225299875,1.1768426957048852,holt_winters,MOQUEGUA
2022-10-24,1.3513262422488779,0.9771055694833023,holt_winters,MOQUEGUA
2022-10-31,1.8580735830922066,1.011260007856461,holt_winters,MOQUEGUA
2022-11-07,1.1824104619677682,1.0268752930234943,holt_winters,MOQUEGUA
2022-11-14,1.1824104619677682,1.0630573530371774,holt_winters,MOQUEGUA
2022-11-21,0.6756631211244392,1.004388170611261,holt_winters,MOQUEGUA
2022-11-28,4.216122254398989,1.0172808537276794,holt_winters,MOQUEGUA
2022-12-05,7.41874982711132,1.251866606804534,holt_winters,MOQUEGUA
2022-12-12,10.62137739982365,8.467515599050055,holt_winters,MOQUEGUA
2022-12-19,7.24983404683021,8.71661299956941,holt_winters,MOQUEGUA
2022-12-26,3.8782906938367696,8.035085278081413,holt_winters,MOQUEGUA
2023-01-02,1.3414143511245273,7.4744712277696745,holt_winters,MOQUEGUA
2023-01-09,2.008817562978674,1.311859486328976,holt_winters,MOQUEGUA
2023-01-16,2.1744293795516665,1.5623907416042964,holt_winters,MOQUEGUA
2023-01-23,1.505374185843462,1.6565933412337914,holt_winters,MOQUEGUA
2023-01-30,1.3381103874164104,2.2742532017712493,holt_winters,MOQUEGUA
2023-02-06,1.3381103874164104,1.375264658525421,holt_winters,MOQUEGUA
2023-02-13,1.3381103874164104,1.3791368783298854,holt_winters,MOQUEGUA
2023-02-20,0.8363189921352566,0.7551805608240296,holt_winters,MOQUEGUA
2023-02-27,0.8363189921352566,0.8619731073840465,holt_winters,MOQUEGUA
2023-03-06,0.5017913952811542,0.6013301392433837,holt_winters,MOQUEGUA
2023-03-13,0.8363189921352568,0.690354697510334,holt_winters,MOQUEGUA
2023-03-20,1.003582790562308,0.31003223394213036,holt_winters,MOQUEGUA
2023-03-27,1.3381103874164104,0.3317126321568645,holt_winters,MOQUEGUA
2023-04-03,1.1708465889893593,1.5609499847487227,holt_winters,MOQUEGUA
2023-04-10,1.505374185843462,1.9504728192793,holt_winters,MOQUEGUA
2023-04-17,2.0071655811246156,2.0159000340259086,holt_winters,MOQUEGUA
2023-04-24,2.174429379551667,1.9735493712469554,holt_winters,MOQUEGUA
2023-05-01,2.341693177978718,2.7573611526684667,holt_winters,MOQUEGUA
2023-05-08,2.5089569764057695,3.013400634385313,holt_winters,MOQUEGUA
2023-05-15,3.0107483716869226,2.9666008378983397,holt_winters,MOQUEGUA
2023-05-22,3.3452759685410256,2.613755556178565,holt_winters,MOQUEGUA
2023-05-29,2.8434845732598717,3.44104122191668,holt_winters,MOQUEGUA
2023-06-05,2.6762207748328204,3.5888593526889383,holt_winters,MOQUEGUA
2023-06-12,2.0071655811246156,4.5647290822317,holt_winters,MOQUEGUA
2023-06-19,2.1744293795516665,4.173410137110087,holt_winters,MOQUEGUA
2023-06-26,2.174429379551667,2.0473597235092376,holt_winters,MOQUEGUA
2023-07-03,2.5089569764057695,1.5134355640621606,holt_winters,MOQUEGUA
2023-07-10,2.508956976405769,1.7277846118247226,holt_winters,MOQUEGUA
2023-07-17,2.5089569764057695,2.218666814960858,holt_winters,MOQUEGUA
2023-07-24,2.1744293795516665,2.8882705450656556,holt_winters,MOQUEGUA
2023-07-31,2.5089569764057695,3.0355518277439226,holt_winters,MOQUEGUA
2023-08-07,2.341693177978718,3.2370245992335716,holt_winters,MOQUEGUA
2023-08-14,2.8434845732598717,3.237752268680344,holt_winters,MOQUEGUA
2023-08-21,2.6762207748328204,2.9527118817997144,holt_winters,MOQUEGUA
2023-08-28,3.1780121701139747,2.3106440838427185,holt_winters,MOQUEGUA
2023-09-04,2.6762207748328204,1.7651932719105539,holt_winters,MOQUEGUA
2023-09-11,2.508956976405769,1.2981408335281814,holt_winters,MOQUEGUA
2023-09-18,2.1744293795516665,2.5393230152170574,holt_winters,MOQUEGUA
2023-09-25,2.1744293795516665,2.3508734193445524,holt_winters,MOQUEGUA
2023-10-02,2.0071655811246156,2.7854013985774815,holt_winters,MOQUEGUA
2023-10-09,1.839901782697564,2.371781308777626,holt_winters,MOQUEGUA
2023-10-16,1.672637984270513,2.150742269765816,holt_winters,MOQUEGUA
2023-10-23,1.672637984270513,1.8814706662842784,holt_winters,MOQUEGUA
2023-10-30,2.174429379551667,2.0725821158152575,holt_winters,MOQUEGUA
2023-11-06,2.5089569764057695,1.9357628214108904,holt_winters,MOQUEGUA
2023-11-13,2.5089569764057695,2.4350850991518813,holt_winters,MOQUEGUA
2023-11-20,1.505374185843462,2.330332985627159,holt_winters,MOQUEGUA
2023-11-27,1.839901782697564,3.3226186890500964,holt_winters,MOQUEGUA
2023-12-04,1.672637984270513,4.50149592073325,holt_winters,MOQUEGUA
2010-12-27,1.3915560379616487,1.3784953260537391,arima,MOQUEGUA
2011-01-03,0.9939685985440346,1.4018619019403757,arima,MOQUEGUA
2011-01-10,0.5939812561546877,1.299189461666871,arima,MOQUEGUA
2011-01-17,0.19639381673707376,1.411715670580697,arima,MOQUEGUA
2011-01-24,0.3927876334741476,0.2687554573730602,arima,MOQUEGUA
2011-01-31,0.19639381673707376,0.4026591830163794,arima,MOQUEGUA
2011-02-07,0.3927876334741476,0.6124300287209657,arima,MOQUEGUA
2011-02-14,0.19639381673707376,0.5517880465735501,arima,MOQUEGUA
2011-02-21,0.7855752669482953,0.30352916825870424,arima,MOQUEGUA
2011-02-28,1.178362900422443,0.1917242472182439,arima,MOQUEGUA
2011-03-07,1.178362900422443,0.30098551902790616,arima,MOQUEGUA
2011-03-14,0.7855752669482953,0.23235720424012424,arima,MOQUEGUA
2011-03-21,0.3927876334741476,0.6471531502035911,arima,MOQUEGUA
2011-03-28,0.5891814502112215,0.6480893770716339,arima,MOQUEGUA
2011-04-04,0.7855752669482952,0.8172554537910066,arima,MOQUEGUA
2011-04-11,0.7855752669482952,0.8769111608107931,arima,MOQUEGUA
2011-04-18,0.5891814502112213,0.6444623572610356,arima,MOQUEGUA
2011-04-25,0.5891814502112215,0.5610817325168037,arima,MOQUEGUA
2011-05-02,0.5891814502112215,0.5642628765261627,arima,MOQUEGUA
2011-05-09,0.7855752669482952,0.628094808074621,arima,MOQUEGUA
2011-05-16,0.39278763347414763,0.7843241351485459,arima,MOQUEGUA
2011-05-23,0.9819690836853692,0.7902364906846161,arima,MOQUEGUA
2011-05-30,1.178362900422443,0.6871336548525312,arima,MOQUEGUA
2011-06-06,1.5711505338965905,0.696247898237904,arima,MOQUEGUA
2011-06-13,1.178362900422443,1.132026689437705,arima,MOQUEGUA
2011-06-20,1.178362900422443,1.0757841053047121,arima,MOQUEGUA
2011-06-27,0.7855752669482953,0.9037612213970716,arima,MOQUEGUA
2011-07-04,0.7855752669482953,1.1069728718350322,arima,MOQUEGUA
2011-07-11,1.178362900422443,0.7507493052749795,arima,MOQUEGUA
2011-07-18,1.374756717159517,0.9427233193487654,arima,MOQUEGUA
2011-07-25,0.9819690836853692,0.9228613937014687,arima,MOQUEGUA
2011-08-01,0.7855752669482955,0.9491076244729536,arima,MOQUEGUA
2011-08-08,1.374756717159517,0.7196843603215806,arima,MOQUEGUA
2011-08-15,1.5711505338965905,0.8828127037044284,arima,MOQUEGUA
2011-08-22,1.9639381673707383,0.9631676340318707,arima,MOQUEGUA
2011-08-29,1.374756717159517,0.9978601651474067,arima,MOQUEGUA
2011-09-05,1.1783629004224432,1.3081240399986176,arima,MOQUEGUA
2011-09-12,0.5891814502112216,1.1375805933920706,arima,MOQUEGUA
2011-09-19,0.5891814502112216,1.4030835532932826,arima,MOQUEGUA
2011-09-26,1.178362900422443,1.4045164863829938,arima,MOQUEGUA
2011-10-03,0.9819690836853693,1.6130851167976203,arima,MOQUEGUA
2011-10-10,0.9819690836853692,1.6062287233970618,arima,MOQUEGUA
2011-10-17,1.1783629004224432,1.2393738890205552,arima,MOQUEGUA
2011-10-24,1.1783629004224432,1.0681262650823562,arima,MOQUEGUA
2011-10-31,1.9639381673707386,1.158695591790904,arima,MOQUEGUA
2011-11-07,1.374756717159517,1.0651055257956563,arima,MOQUEGUA
2011-11-14,1.571150533896591,1.0735286479996329,arima,MOQUEGUA
2011-11-21,0.9819690836853692,1.0783328250577453,arima,MOQUEGUA
2011-11-28,0.7855752669482955,1.2376489499509082,arima,MOQUEGUA
2011-12-05,0.5891814502112216,1.1082350587618677,arima,MOQUEGUA
2011-12-12,0.7855752669482955,1.4162200575227764,arima,MOQUEGUA
2011-12-19,1.1783629004224432,1.2421171286385362,arima,MOQUEGUA
2011-12-26,0.9819690836853693,1.325609869374006,arima,MOQUEGUA
2012-01-02,0.5868399305682147,1.2003419767221366,arima,MOQUEGUA
2012-01-09,0.388104594188134,1.012089783349555,arima,MOQUEGUA
2012-01-16,0.5821568912822006,0.9607031015764288,arima,MOQUEGUA
2012-01-23,0.7762091883762677,0.7554724578427264,arima,MOQUEGUA
2012-01-30,1.1643137825644014,0.8603669587046482,arima,MOQUEGUA
2012-02-06,1.552418376752535,0.7397486139663213,arima,MOQUEGUA
2012-02-13,1.9405229709406686,0.667169661129132,arima,MOQUEGUA
2012-02-20,1.9405229709406688,1.953846391511504,arima,MOQUEGUA
2012-02-27,2.3286275651288024,1.9864611500225973,arima,MOQUEGUA
2012-03-05,2.1345752680347356,1.9596293393631485,arima,MOQUEGUA
2012-03-12,2.522679862222869,1.968089817749518,arima,MOQUEGUA
2012-03-19,2.134575268034735,2.3734460622829774,arima,MOQUEGUA
2012-03-26,2.1345752680347356,2.561053138675672,arima,MOQUEGUA
2012-04-02,1.3583660796584682,2.4871961300726015,arima,MOQUEGUA
2012-04-09,1.3583660796584682,2.5004463573605245,arima,MOQUEGUA
2012-04-16,1.1643137825644014,1.2642417288323091,arima,MOQUEGUA
2012-04-23,1.3583660796584682,1.420647108380659,arima,MOQUEGUA
2012-04-30,0.7762091883762675,1.3442200925822576,arima,MOQUEGUA
2012-05-07,0.9702614854703344,1.3435289480935269,arima,MOQUEGUA
2012-05-14,0.7762091883762675,0.8749421635158687,arima,MOQUEGUA
2012-05-21,1.7464706738466018,1.1180427780486322,arima,MOQUEGUA
2012-05-28,1.9405229709406686,0.9822438196502655,arima,MOQUEGUA
2012-06-04,2.3286275651288024,0.9904308768971486,arima,MOQUEGUA
2012-06-11,1.9405229709406686,2.088775338489233,arima,MOQUEGUA
2012-06-18,1.552418376752535,2.047246748646215,arima,MOQUEGUA
2012-06-25,1.746470673846602,2.154546283248714,arima,MOQUEGUA
2012-07-02,1.1643137825644014,2.0968053757421687,arima,MOQUEGUA
2012-07-09,1.3583660796584682,1.1734287433196582,arima,MOQUEGUA
2012-07-16,1.1643137825644012,0.9468454627313574,arima,MOQUEGUA
2012-07-23,1.9405229709406686,1.0930539269450064,arima,MOQUEGUA
2012-07-30,1.552418376752535,1.071211768704499,arima,MOQUEGUA
2012-08-06,1.3583660796584682,1.610675088525911,arima,MOQUEGUA
2012-08-13,1.7464706738466018,1.355181703286055,arima,MOQUEGUA
2012-08-20,1.9405229709406686,1.5096179524061446,arima,MOQUEGUA
2012-08-27,2.134575268034735,1.4849394988313882,arima,MOQUEGUA
2012-09-03,1.552418376752535,1.7287789263798898,arima,MOQUEGUA
2012-09-10,1.3583660796584678,1.8216174205846583,arima,MOQUEGUA
2012-09-17,0.9702614854703343,1.89138132206726,arima,MOQUEGUA
2012-09-24,0.9702614854703343,1.810531969824774,arima,MOQUEGUA
2012-10-01,0.9702614854703343,0.9750615926799568,arima,MOQUEGUA
2012-10-08,1.164313782564401,1.1113827602410429,arima,MOQUEGUA
2012-10-15,1.164313782564401,1.0150424610758868,arima,MOQUEGUA
2012-10-22,0.9702614854703343,1.0347738953035917,arima,MOQUEGUA
2012-10-29,0.9702614854703343,0.9415468883755086,arima,MOQUEGUA
2012-11-05,0.7762091883762675,0.8262562541354026,arima,MOQUEGUA
2012-11-12,1.3583660796584678,0.9122584746519125,arima,MOQUEGUA
2012-11-19,2.134575268034735,0.8938110611022975,arima,MOQUEGUA
2012-11-26,2.328627565128802,2.561053138675672,arima,MOQUEGUA
2012-12-03,2.134575268034735,2.561053138675672,arima,MOQUEGUA
2012-12-10,1.164313782564401,2.487000719765868,arima,MOQUEGUA
2012-12-17,0.9702614854703343,2.561053138675672,arima,MOQUEGUA
2012-12-24,0.9702614854703343,0.7687388737353582,arima,MOQUEGUA
2012-12-31,1.1643137825644012,0.8404304913388458,arima,MOQUEGUA
2013-01-07,1.54327300233261,0.8592881673536387,arima,MOQUEGUA
2013-01-14,1.5387003151226477,0.8227091607104615,arima,MOQUEGUA
2013-01-21,1.3423616744235993,1.673903836316432,arima,MOQUEGUA
2013-01-28,1.150595720934514,1.6168952358551236,arima,MOQUEGUA
2013-02-04,0.7670638139563426,1.6085741247314318,arima,MOQUEGUA
2013-02-11,1.150595720934514,1.6329829525800492,arima,MOQUEGUA
2013-02-18,0.9588297674454282,1.147921468469862,arima,MOQUEGUA
2013-02-25,0.9588297674454282,1.3758666456395499,arima,MOQUEGUA
2013-03-04,0.3835319069781713,1.2265212708901823,arima,MOQUEGUA
2013-03-11,0.0,1.2442054779451541,arima,MOQUEGUA
2013-03-18,0.19176595348908565,0.0,arima,MOQUEGUA
2013-03-25,0.19176595348908565,0.0,arima,MOQUEGUA
2013-04-01,0.3835319069781713,0.0,arima,MOQUEGUA
2013-04-08,0.19176595348908565,0.0,arima,MOQUEGUA
2013-04-15,0.3835319069781713,0.23385873453665207,arima,MOQUEGUA
2013-04-22,0.7670638139563426,0.25533201868096406,arima,MOQUEGUA
2013-04-29,1.150595720934514,0.22772308412668044,arima,MOQUEGUA
2013-05-06,1.150595720934514,0.2398849782548792,arima,MOQUEGUA
2013-05-13,0.9588297674454282,1.0950915948346645,arima,MOQUEGUA
2013-05-20,0.9588297674454282,0.9999207623949277,arima,MOQUEGUA
2013-05-27,0.7670638139563426,1.080386727701851,arima,MOQUEGUA
2013-06-03,0.3835319069781713,1.0542051492824294,arima,MOQUEGUA
2013-06-10,0.575297860467257,0.20150048189044953,arima,MOQUEGUA
2013-06-17,1.150595720934514,0.17095089442527645,arima,MOQUEGUA
2013-06-24,1.150595720934514,0.24266640661740518,arima,MOQUEGUA
2013-07-01,1.150595720934514,0.20164545406520848,arima,MOQUEGUA
2013-07-08,1.5341276279126852,0.9778175635618028,arima,MOQUEGUA
2013-07-15,2.109425488379942,1.258181983158803,arima,MOQUEGUA
2013-07-22,2.109425488379942,1.1003169388810612,arima,MOQUEGUA
2013-07-29,1.3423616744235993,1.1264046515295563,arima,MOQUEGUA
2013-08-05,1.3423616744235993,1.3153604338851443,arima,MOQUEGUA
2013-08-12,1.150595720934514,1.1373741044792531,arima,MOQUEGUA
2013-08-19,1.150595720934514,1.275880423520017,arima,MOQUEGUA
2013-08-26,0.7670638139563426,1.2298204393018999,arima,MOQUEGUA
2013-09-02,0.575297860467257,0.6641916392100283,arima,MOQUEGUA
2013-09-09,0.7670638139563426,0.6272820137200521,arima,MOQUEGUA
2013-09-16,1.150595720934514,0.6857012209347587,arima,MOQUEGUA
2013-09-23,1.150595720934514,0.6549965734353996,arima,MOQUEGUA
2013-09-30,0.9588297674454282,1.0893386655234458,arima,MOQUEGUA
2013-10-07,0.575297860467257,0.992465274257768,arima,MOQUEGUA
2013-10-14,0.7670638139563426,1.0827608618777194,arima,MOQUEGUA
2013-10-21,1.3423616744235993,1.0480323352433916,arima,MOQUEGUA
2013-10-28,1.5341276279126852,1.7590222049884263,arima,MOQUEGUA
2013-11-04,1.725893581401771,1.8654215077092773,arima,MOQUEGUA
2013-11-11,1.3423616744235993,1.643580705441183,arima,MOQUEGUA
2013-11-18,1.3423616744235993,1.766324330091297,arima,MOQUEGUA
2013-11-25,0.7670638139563426,1.1815621625104107,arima,MOQUEGUA
2013-12-02,1.150595720934514,1.1457147791298568,arima,MOQUEGUA
2013-12-09,0.9588297674454282,1.2217295468687657,arima,MOQUEGUA
2013-12-16,1.725893581401771,1.1792672680485854,arima,MOQUEGUA
2013-12-23,1.3423616744235993,1.478054284178616,arima,MOQUEGUA
2013-12-30,1.5341276279126852,1.9026352225458867,arima,MOQUEGUA
2014-01-06,1.1461273753343144,1.6700639428851207,arima,MOQUEGUA
2014-01-13,0.952127249045129,1.699450760924827,arima,MOQUEGUA
2014-01-20,1.1371906841339154,0.9335494097279186,arima,MOQUEGUA
2014-01-27,0.9476589034449296,0.8583418948922823,arima,MOQUEGUA
2014-02-03,0.9476589034449298,0.9167959699077326,arima,MOQUEGUA
2014-02-10,0.37906356137797187,0.8981736796418084,arima,MOQUEGUA
2014-02-17,0.18953178068898593,0.31150946646855804,arima,MOQUEGUA
2014-02-24,0.37906356137797187,0.20818447337694282,arima,MOQUEGUA
2014-03-03,0.5685953420669578,0.30088202069279385,arima,MOQUEGUA
2014-03-10,0.5685953420669578,0.26544263439238314,arima,MOQUEGUA
2014-03-17,0.37906356137797187,0.39619052622269324,arima,MOQUEGUA
2014-03-24,0.7581271227559437,0.39889987695443374,arima,MOQUEGUA
2014-03-31,1.1371906841339154,0.45166463274966506,arima,MOQUEGUA
2014-04-07,0.9476589034449295,0.41225544968223476,arima,MOQUEGUA
2014-04-14,0.5685953420669578,0.7875221404655575,arima,MOQUEGUA
2014-04-21,0.5685953420669578,0.6893340245920669,arima,MOQUEGUA
2014-04-28,0.5685953420669578,0.812572211493151,arima,MOQUEGUA
2014-05-05,1.1371906841339157,0.75469553044257,arima,MOQUEGUA
2014-05-12,1.1371906841339157,1.157326101730052,arima,MOQUEGUA
2014-05-19,1.5162542455118875,1.4597196520244113,arima,MOQUEGUA
2014-05-26,1.1371906841339157,1.2262529491973564,arima,MOQUEGUA
2014-06-02,1.5162542455118875,1.292869801035545,arima,MOQUEGUA
2014-06-09,1.1371906841339157,1.5459396089908288,arima,MOQUEGUA
2014-06-16,1.1371906841339157,1.69136001120912,arima,MOQUEGUA
2014-06-23,0.7581271227559437,1.5738628602820128,arima,MOQUEGUA
2014-06-30,0.9476589034449298,1.6111796400355856,arima,MOQUEGUA
2014-07-07,0.9476589034449298,0.8795183139235618,arima,MOQUEGUA
2014-07-14,0.9476589034449298,0.955996247307375,arima,MOQUEGUA
2014-07-21,1.1371906841339157,0.9194852642356064,arima,MOQUEGUA
2014-07-28,1.3267224648229015,0.9212079107103569,arima,MOQUEGUA
2014-08-04,2.463913148956817,1.5268373998484452,arima,MOQUEGUA
2014-08-11,3.411572052401747,1.4765741898451437,arima,MOQUEGUA
2014-08-18,3.7906356137797186,1.4403419959242543,arima,MOQUEGUA
2014-08-25,2.274381368267831,1.4882962846743908,arima,MOQUEGUA
2014-09-01,1.5162542455118875,1.9028966704212882,arima,MOQUEGUA
2014-09-08,0.9476589034449296,1.7189190455634613,arima,MOQUEGUA
2014-09-15,1.7057860262008735,1.9941154081000045,arima,MOQUEGUA
2014-09-22,1.7057860262008735,1.8460498510262928,arima,MOQUEGUA
2014-09-29,1.8953178068898593,2.1090767321492576,arima,MOQUEGUA
2014-10-06,1.3267224648229015,1.7436499877890481,arima,MOQUEGUA
2014-10-13,1.7057860262008733,1.8754575062526961,arima,MOQUEGUA
2014-10-20,1.7057860262008733,1.9042931753101857,arima,MOQUEGUA
2014-10-27,1.895317806889859,1.7812152765674532,arima,MOQUEGUA
2014-11-03,1.8953178068898593,1.620087095739567,arima,MOQUEGUA
2014-11-10,1.5162542455118875,1.7191487033946973,arima,MOQUEGUA
2014-11-17,1.7057860262008733,1.702618645436766,arima,MOQUEGUA
2014-11-24,0.7581271227559437,1.548025426390621,arima,MOQUEGUA
2014-12-01,0.5685953420669577,1.910215379013436,arima,MOQUEGUA
2014-12-08,0.0,1.6750231833964586,arima,MOQUEGUA
2014-12-15,0.18953178068898593,1.7111746900083316,arima,MOQUEGUA
2014-12-22,0.18953178068898593,0.16444713138238057,arima,MOQUEGUA
2014-12-29,1.3267224648229015,0.24183980291439458,arima,MOQUEGUA
2015-01-05,1.511890923942069,0.18800258375677398,arima,MOQUEGUA
2015-01-12,2.261291403558376,0.20208950993606323,arima,MOQUEGUA
2015-01-19,1.3114508393285373,1.6289841095229145,arima,MOQUEGUA
2015-01-26,0.9367505995203839,1.9502352973939703,arima,MOQUEGUA
2015-02-02,0.56205035971223,1.889041913795843,arima,MOQUEGUA
2015-02-09,0.56205035971223,1.8280979514060824,arima,MOQUEGUA
2015-02-16,0.7494004796163068,0.7023114587469008,arima,MOQUEGUA
2015-02-23,0.7494004796163068,0.7236392761312853,arima,MOQUEGUA
2015-03-02,1.12410071942446,0.6624677127512021,arima,MOQUEGUA
2015-03-09,1.1241007194244603,0.703290527641905,arima,MOQUEGUA
2015-03-16,0.7494004796163067,1.297259890361955,arima,MOQUEGUA
2015-03-23,0.7494004796163068,1.0769336868514936,arima,MOQUEGUA
2015-03-30,0.7494004796163067,1.1931893077301985,arima,MOQUEGUA
2015-04-06,0.9367505995203835,1.1674240389727435,arima,MOQUEGUA
2015-04-13,1.1241007194244605,0.7338576077546863,arima,MOQUEGUA
2015-04-20,1.6861510791366907,0.7718008389594567,arima,MOQUEGUA
2015-04-27,2.0608513189448443,0.7969592714569541,arima,MOQUEGUA
2015-05-04,2.060851318944844,0.7667496141299742,arima,MOQUEGUA
2015-05-11,1.873501199040767,2.034958410563652,arima,MOQUEGUA
2015-05-18,1.4988009592326137,2.119384696498252,arima,MOQUEGUA
2015-05-25,0.9367505995203835,2.0612499591068807,arima,MOQUEGUA
2015-06-01,0.7494004796163068,2.0817771327546337,arima,MOQUEGUA
2015-06-08,0.7494004796163068,0.703351393748082,arima,MOQUEGUA
2015-06-15,1.12410071942446,0.7481684481816465,arima,MOQUEGUA
2015-06-22,1.311450839328537,0.7268852787729957,arima,MOQUEGUA
2015-06-29,1.873501199040767,0.7301803025873237,arima,MOQUEGUA
2015-07-06,2.060851318944844,1.889311621259033,arima,MOQUEGUA
2015-07-13,2.248201438848921,2.0764911952795426,arima,MOQUEGUA
2015-07-20,2.4355515587529974,1.9273690575696958,arima,MOQUEGUA
2015-07-27,2.0608513189448443,1.9870213463351758,arima,MOQUEGUA
2015-08-03,1.6861510791366907,2.108826605490163,arima,MOQUEGUA
2015-08-10,1.6861510791366907,1.8456934032011927,arima,MOQUEGUA
2015-08-17,1.311450839328537,2.0320416400637797,arima,MOQUEGUA
2015-08-24,1.3114508393285371,1.962286541302615,arima,MOQUEGUA
2015-08-31,0.7494004796163068,1.0065264303952852,arima,MOQUEGUA
2015-09-07,1.1241007194244605,1.1860411455946356,arima,MOQUEGUA
2015-09-14,1.4988009592326137,1.1334088492389207,arima,MOQUEGUA
2015-09-21,1.6861510791366905,1.12007295999293,arima,MOQUEGUA
2015-09-28,2.060851318944844,1.6811675586533223,arima,MOQUEGUA
2015-10-05,2.060851318944844,1.4802319110311768,arima,MOQUEGUA
2015-10-12,2.060851318944844,1.6331461619171073,arima,MOQUEGUA
2015-10-19,1.4988009592326141,1.5735641904476794,arima,MOQUEGUA
2015-10-26,1.1241007194244605,1.3367587506795229,arima,MOQUEGUA
2015-11-02,1.6861510791366907,1.360336638227418,arima,MOQUEGUA
2015-11-09,2.248201438848921,1.391549609402443,arima,MOQUEGUA
2015-11-16,2.4355515587529974,1.3602439872724352,arima,MOQUEGUA
2015-11-23,2.6229016786570742,2.219031051865033,arima,MOQUEGUA
2015-11-30,2.4355515587529974,2.0799436671832936,arima,MOQUEGUA
2015-12-07,1.8735011990407673,2.249511030991482,arima,MOQUEGUA
2015-12-14,1.1241007194244605,2.1616770754053642,arima,MOQUEGUA
2015-12-21,0.9367505995203839,0.932400222935756,arima,MOQUEGUA
2015-12-28,0.9367505995203839,1.0000622953376808,arima,MOQUEGUA
2016-01-04,0.5599173234910843,1.0058906905313267,arima,MOQUEGUA
2016-01-11,0.5556512510487919,0.9803977840415424,arima,MOQUEGUA
2016-01-18,0.5556512510487919,0.5082670966800579,arima,MOQUEGUA
2016-01-25,0.5556512510487918,0.6471914911524258,arima,MOQUEGUA
2016-02-01,0.3704341673658613,0.5535629881883064,arima,MOQUEGUA
2016-02-08,0.3704341673658613,0.5794391975081501,arima,MOQUEGUA
2016-02-15,0.555651251048792,0.41900948102206365,arima,MOQUEGUA
2016-02-22,0.3704341673658613,0.4297178853756498,arima,MOQUEGUA
2016-02-29,0.37043416736586127,0.4052132794402802,arima,MOQUEGUA
2016-03-07,0.0,0.4205084182247212,arima,MOQUEGUA
2016-03-14,0.9260854184146531,0.014249683395286443,arima,MOQUEGUA
2016-03-21,1.481736669463445,0.0,arima,MOQUEGUA
2016-03-28,1.8521708368293062,0.0,arima,MOQUEGUA
2016-04-04,1.2965195857805143,0.0,arima,MOQUEGUA
2016-04-11,1.2965195857805143,1.2052374795453946,arima,MOQUEGUA
2016-04-18,1.481736669463445,1.4833225070099925,arima,MOQUEGUA
2016-04-25,1.2965195857805143,1.2894609940118542,arima,MOQUEGUA
2016-05-02,1.481736669463445,1.344931249471611,arima,MOQUEGUA
2016-05-09,1.6669537531463756,1.6154024850045448,arima,MOQUEGUA
2016-05-16,2.593039171561028,1.606386654101973,arima,MOQUEGUA
2016-05-23,2.7782562552439587,1.5673864685299277,arima,MOQUEGUA
2016-05-30,2.222605004195167,1.6018205637718195,arima,MOQUEGUA
2016-06-06,1.8521708368293062,1.7399051180348832,arima,MOQUEGUA
2016-06-13,1.6669537531463756,1.6627136229583441,arima,MOQUEGUA
2016-06-20,2.222605004195167,1.8759781093248404,arima,MOQUEGUA
2016-06-27,1.6669537531463756,1.7295954052381628,arima,MOQUEGUA
2016-07-04,1.1113025020975835,1.793089501109931,arima,MOQUEGUA
2016-07-11,1.481736669463445,1.557940032744979,arima,MOQUEGUA
2016-07-18,2.0373879205122365,1.706423214348503,arima,MOQUEGUA
2016-07-25,2.222605004195167,1.6620765332916474,arima,MOQUEGUA
2016-08-01,2.0373879205122365,1.8683259342587828,arima,MOQUEGUA
2016-08-08,1.8521708368293062,1.7221386584546359,arima,MOQUEGUA
2016-08-15,2.0373879205122365,1.9507362885908577,arima,MOQUEGUA
2016-08-22,2.0373879205122365,1.8241528019672553,arima,MOQUEGUA
2016-08-29,2.0373879205122365,2.146311202785519,arima,MOQUEGUA
2016-09-05,2.96347333892689,2.279908891008021,arima,MOQUEGUA
2016-09-12,3.1486904226098207,2.141690644729557,arima,MOQUEGUA
2016-09-19,3.1486904226098207,2.201486286865135,arima,MOQUEGUA
2016-09-26,2.2226050041951675,2.7501910042963864,arima,MOQUEGUA
2016-10-03,1.481736669463445,2.6537039065266166,arima,MOQUEGUA
2016-10-10,0.9260854184146533,2.84611687239154,arima,MOQUEGUA
2016-10-17,0.9260854184146533,2.731053782162549,arima,MOQUEGUA
2016-10-24,1.111302502097584,0.9445870647979144,arima,MOQUEGUA
2016-10-31,1.6669537531463754,1.1024567639707255,arima,MOQUEGUA
2016-11-07,1.2965195857805145,0.9798627147022406,arima,MOQUEGUA
2016-11-14,1.6669537531463756,1.020973359389427,arima,MOQUEGUA
2016-11-21,1.481736669463445,1.5667474632341347,arima,MOQUEGUA
2016-11-28,1.8521708368293062,1.8708049644700173,arima,MOQUEGUA
2016-12-05,1.2965195857805145,1.6748656908492785,arima,MOQUEGUA
2016-12-12,1.481736669463445,1.7233675427496242,arima,MOQUEGUA
2016-12-19,1.6669537531463756,1.388523830137652,arima,MOQUEGUA
2016-12-26,2.407822087878098,1.5593119581193942,arima,MOQUEGUA
2017-01-02,2.4015700687691797,1.4595276870976133,arima,MOQUEGUA
2017-01-09,2.210100965977331,1.4820653646567814,arima,MOQUEGUA
2017-01-16,2.014463850446204,2.0195628445575387,arima,MOQUEGUA
2017-01-23,2.1975969277594953,2.0286635423626365,arima,MOQUEGUA
2017-01-30,2.3807300050727864,2.0764252230129414,arima,MOQUEGUA
2017-02-06,2.3807300050727864,2.038556240422478,arima,MOQUEGUA
2017-02-13,2.563863082386078,2.3489990535040746,arima,MOQUEGUA
2017-02-20,2.563863082386078,2.332099369717469,arima,MOQUEGUA
2017-02-27,2.014463850446204,2.354060744453384,arima,MOQUEGUA
2017-03-06,1.4650646185063303,2.342821324496181,arima,MOQUEGUA
2017-03-13,0.7325323092531653,1.2637789905043457,arima,MOQUEGUA
2017-03-20,1.0987984638797477,1.3125359074031941,arima,MOQUEGUA
2017-03-27,0.7325323092531653,1.3357935568534143,arima,MOQUEGUA
2017-04-03,1.4650646185063303,1.3038400709707616,arima,MOQUEGUA
2017-04-10,1.831330773132913,1.1909015417398157,arima,MOQUEGUA
2017-04-17,3.1132623143259512,1.6255378773974012,arima,MOQUEGUA
2017-04-24,3.1132623143259512,1.368968918868791,arima,MOQUEGUA
2017-05-01,2.3807300050727864,1.4281571419754515,arima,MOQUEGUA
2017-05-08,1.4650646185063303,2.227574177974568,arima,MOQUEGUA
2017-05-15,1.4650646185063303,2.0633827674141805,arima,MOQUEGUA
2017-05-22,1.8313307731329127,2.2278653242090125,arima,MOQUEGUA
2017-05-29,2.197596927759495,2.154237973061787,arima,MOQUEGUA
2017-06-05,2.014463850446204,2.0834226985911584,arima,MOQUEGUA
2017-06-12,2.5638630823860775,1.984791678541525,arima,MOQUEGUA
2017-06-19,3.1132623143259512,2.089370263234212,arima,MOQUEGUA
2017-06-26,3.479528468952534,2.0426656226334354,arima,MOQUEGUA
2017-07-03,3.8457946235791165,3.2564718908245167,arima,MOQUEGUA
2017-07-10,4.028927700892408,3.2564718908245167,arima,MOQUEGUA
2017-07-17,4.395193855518991,3.2564718908245167,arima,MOQUEGUA
2017-07-24,3.479528468952534,3.2564718908245167,arima,MOQUEGUA
2017-07-31,3.8457946235791165,3.441465924074129,arima,MOQUEGUA
2017-08-07,3.2963953916392428,3.1783079854903056,arima,MOQUEGUA
2017-08-14,2.746996159699369,3.3750205102384085,arima,MOQUEGUA
2017-08-21,1.6481976958196214,3.3072902620856675,arima,MOQUEGUA
2017-08-28,2.014463850446204,1.414269882070556,arima,MOQUEGUA
2017-09-04,2.380730005072787,1.3665511270393942,arima,MOQUEGUA
2017-09-11,2.0144638504462042,1.463857476406596,arima,MOQUEGUA
2017-09-18,1.0987984638797477,1.408076200151828,arima,MOQUEGUA
2017-09-25,0.9156653865664565,0.8366215872876904,arima,MOQUEGUA
2017-10-02,1.6481976958196214,0.8770426904689226,arima,MOQUEGUA
2017-10-09,2.563863082386078,0.9219634843447035,arima,MOQUEGUA
2017-10-16,3.6626615462658254,0.877797216813837,arima,MOQUEGUA
2017-10-23,3.6626615462658254,3.7970879795824457,arima,MOQUEGUA
2017-10-30,2.9301292370126606,3.8457946235791165,arima,MOQUEGUA
2017-11-06,2.563863082386078,3.811999090496382,arima,MOQUEGUA
2017-11-13,2.380730005072787,3.8457946235791165,arima,MOQUEGUA
2017-11-20,3.1132623143259512,2.5907305621970496,arima,MOQUEGUA
2017-11-27,2.563863082386078,2.465022798918444,arima,MOQUEGUA
2017-12-04,2.380730005072787,2.4913774528095214,arima,MOQUEGUA
2017-12-11,2.014463850446204,2.508600341777995,arima,MOQUEGUA
2017-12-18,1.831330773132913,2.135609817247712,arima,MOQUEGUA
2017-12-25,1.6481976958196218,2.1355506198988405,arima,MOQUEGUA
2018-01-01,1.988793716617806,2.10090066509651,arima,MOQUEGUA
2018-01-08,2.159091727016898,2.125000663391452,arima,MOQUEGUA
2018-01-15,2.503966103453149,2.305993733749541,arima,MOQUEGUA
2018-01-22,2.146256660102699,2.074600407733075,arima,MOQUEGUA
2018-01-29,2.3251113817779236,2.193328264934973,arima,MOQUEGUA
2018-02-05,2.8616755468035984,2.174591930526047,arima,MOQUEGUA
2018-02-12,2.5039661034531484,3.188613749701716,arima,MOQUEGUA
2018-02-19,2.3251113817779236,3.4361167306574174,arima,MOQUEGUA
2018-02-26,1.2519830517265744,3.166095126572676,arima,MOQUEGUA
2018-03-05,1.4308377734017992,3.2773091310183915,arima,MOQUEGUA
2018-03-12,1.6096924950770244,1.280535789766737,arima,MOQUEGUA
2018-03-19,1.7885472167522491,1.5148483631814986,arima,MOQUEGUA
2018-03-26,2.1462566601026984,1.3936088442794694,arima,MOQUEGUA
2018-04-02,2.5039661034531484,1.4102435942859237,arima,MOQUEGUA
2018-04-09,2.6828208251283727,3.0209424334006907,arima,MOQUEGUA
2018-04-16,2.8616755468035984,2.925543802233998,arima,MOQUEGUA
2018-04-23,2.503966103453149,2.8327716220852848,arima,MOQUEGUA
2018-04-30,2.6828208251283736,2.924167264122843,arima,MOQUEGUA
2018-05-07,2.146256660102699,2.401232923511661,arima,MOQUEGUA
2018-05-14,2.325111381777923,2.5024695534535013,arima,MOQUEGUA
2018-05-21,2.146256660102699,2.5107795100228274,arima,MOQUEGUA
2018-05-28,2.325111381777923,2.4764256104584286,arima,MOQUEGUA
2018-06-04,2.1462566601026984,2.2359502938889175,arima,MOQUEGUA
2018-06-11,1.967401938427474,2.340655658143235,arima,MOQUEGUA
2018-06-18,3.219384990154048,2.293814734781471,arima,MOQUEGUA
2018-06-25,3.040530268478823,2.297499139681353,arima,MOQUEGUA
2018-07-02,3.040530268478823,3.612474792938854,arima,MOQUEGUA
2018-07-09,1.609692495077024,2.7998565747491218,arima,MOQUEGUA
2018-07-16,2.6828208251283736,3.1799868965974425,arima,MOQUEGUA
2018-07-23,3.5770944335044974,3.1280941777915965,arima,MOQUEGUA
2018-07-30,3.934803876854948,3.8457946235791165,arima,MOQUEGUA
2018-08-06,3.5770944335044974,3.8457946235791165,arima,MOQUEGUA
2018-08-13,3.040530268478823,3.8457946235791165,arima,MOQUEGUA
2018-08-20,3.398239711829273,3.8457946235791165,arima,MOQUEGUA
2018-08-27,3.040530268478823,3.132836585459641,arima,MOQUEGUA
2018-09-03,2.8616755468035984,3.3230060429204102,arima,MOQUEGUA
2018-09-10,2.1462566601026984,3.25989980542473,arima,MOQUEGUA
2018-09-17,1.967401938427474,3.251855413037234,arima,MOQUEGUA
2018-09-24,1.967401938427474,1.9010874115867114,arima,MOQUEGUA
2018-10-01,2.3251113817779236,2.0284895716668996,arima,MOQUEGUA
2018-10-08,2.1462566601026984,1.956236069389728,arima,MOQUEGUA
2018-10-15,1.967401938427474,1.97217673720475,arima,MOQUEGUA
2018-10-22,2.3251113817779236,1.8067491835936391,arima,MOQUEGUA
2018-10-29,2.6828208251283736,1.8140832702996466,arima,MOQUEGUA
2018-11-05,3.7559491551797226,1.8506593317781994,arima,MOQUEGUA
2018-11-12,3.7559491551797226,1.8228714986682226,arima,MOQUEGUA
2018-11-19,3.040530268478823,3.882288417422209,arima,MOQUEGUA
2018-11-26,1.9674019384274741,3.8524082389262344,arima,MOQUEGUA
2018-12-03,1.6096924950770244,3.882288417422209,arima,MOQUEGUA
2018-12-10,1.7885472167522494,3.882288417422209,arima,MOQUEGUA
2018-12-17,1.967401938427474,1.9083738848380793,arima,MOQUEGUA
2018-12-24,1.967401938427474,1.906301950861598,arima,MOQUEGUA
2018-12-31,1.7885472167522491,1.8739049280193008,arima,MOQUEGUA
2019-01-07,1.24876937595865,1.8963160782485131,arima,MOQUEGUA
2019-01-14,0.3544957675825256,1.0735454751297684,arima,MOQUEGUA
2019-01-21,0.8782052295365014,0.9685869380223039,arima,MOQUEGUA
2019-01-28,1.2294873213511017,1.083836716676035,arima,MOQUEGUA
2019-02-04,2.458974642702203,1.0341116460648985,arima,MOQUEGUA
2019-02-11,2.283333596794903,1.976699341467685,arima,MOQUEGUA
2019-02-18,2.9858977804241036,2.2059322417342844,arima,MOQUEGUA
2019-02-25,2.6346156886095033,2.1838349130950627,arima,MOQUEGUA
2019-03-04,2.634615688609503,2.1296446009229024,arima,MOQUEGUA
2019-03-11,2.1076925508876028,2.5053277183764746,arima,MOQUEGUA
2019-03-18,2.1076925508876028,2.7696110474400415,arima,MOQUEGUA
2019-03-25,1.7564104590730023,2.6213461630222663,arima,MOQUEGUA
2019-04-01,1.580769413165702,2.6517535352520394,arima,MOQUEGUA
2019-04-08,1.229487321351102,1.495895097799454,arima,MOQUEGUA
2019-04-15,1.2294873213511017,1.4183340428589162,arima,MOQUEGUA
2019-04-22,1.0538462754438018,1.49150424762624,arima,MOQUEGUA
2019-04-29,1.0538462754438018,1.4620244582662527,arima,MOQUEGUA
2019-05-06,1.7564104590730025,0.9149646488622966,arima,MOQUEGUA
2019-05-13,2.458974642702203,0.9834994850211102,arima,MOQUEGUA
2019-05-20,2.8102567345168037,0.9709292774021767,arima,MOQUEGUA
2019-05-27,3.161538826331404,0.9620798259808677,arima,MOQUEGUA
2019-06-03,2.6346156886095033,3.452303171629411,arima,MOQUEGUA
2019-06-10,2.8102567345168032,3.8686926826335393,arima,MOQUEGUA
2019-06-17,2.8102567345168037,3.5063021381064328,arima,MOQUEGUA
2019-06-24,2.9858977804241036,3.637203844711686,arima,MOQUEGUA
2019-07-01,3.8641030099606044,2.9286069272468462,arima,MOQUEGUA
2019-07-08,4.039744055867904,2.636374863909914,arima,MOQUEGUA
2019-07-15,4.215385101775205,2.843243453710459,arima,MOQUEGUA
2019-07-22,3.3371798722387034,2.777383059099679,arima,MOQUEGUA
2019-07-29,2.8102567345168032,3.0609754874586197,arima,MOQUEGUA
2019-08-05,2.8102567345168032,3.120395209085743,arima,MOQUEGUA
2019-08-12,4.039744055867904,3.154660731640834,arima,MOQUEGUA
2019-08-19,4.742308239497105,3.115860732055919,arima,MOQUEGUA
2019-08-26,5.093590331311705,4.111756884689901,arima,MOQUEGUA
2019-09-02,3.6884619640533036,4.111756884689901,arima,MOQUEGUA
2019-09-09,3.1615388263314035,4.111756884689901,arima,MOQUEGUA
2019-09-16,2.6346156886095033,4.111756884689901,arima,MOQUEGUA
2019-09-23,2.6346156886095033,2.599659423629867,arima,MOQUEGUA
2019-09-30,2.2833335967949027,2.532449964709039,arima,MOQUEGUA
2019-10-07,2.8102567345168032,2.5857152284133877,arima,MOQUEGUA
2019-10-14,2.9858977804241036,2.569776711111047,arima,MOQUEGUA
2019-10-21,3.5128209181460037,3.3519843946941705,arima,MOQUEGUA
2019-10-28,3.161538826331404,3.171844413298188,arima,MOQUEGUA
2019-11-04,2.2833335967949027,3.1813469070402043,arima,MOQUEGUA
2019-11-11,2.2833335967949027,3.2254912294343834,arima,MOQUEGUA
2019-11-18,2.4589746427022035,2.164715692269555,arima,MOQUEGUA
2019-11-25,3.161538826331404,2.492598302412837,arima,MOQUEGUA
2019-12-02,2.458974642702203,2.3184205231261545,arima,MOQUEGUA
2019-12-09,2.458974642702203,2.326816763300287,arima,MOQUEGUA
2019-12-16,2.8102567345168032,2.3521805957450357,arima,MOQUEGUA
2019-12-23,3.1615388263314035,2.598303140466192,arima,MOQUEGUA
2019-12-30,2.458974642702203,2.4756519418533633,arima,MOQUEGUA
2020-01-06,1.921265537255083,2.471692905512459,arima,MOQUEGUA
2020-01-13,2.080727631574554,1.8032268868419743,arima,MOQUEGUA
2020-01-20,1.7294455397599535,1.8906041717094493,arima,MOQUEGUA
2020-01-27,1.7294455397599535,1.8808292421632544,arima,MOQUEGUA
2020-02-03,1.9023900937359486,1.8536323699192208,arima,MOQUEGUA
2020-02-10,2.767112863615925,2.268817188789873,arima,MOQUEGUA
2020-02-17,2.767112863615925,2.328444287839018,arima,MOQUEGUA
2020-02-24,1.7294455397599533,2.146770642404612,arima,MOQUEGUA
2020-03-02,1.9023900937359486,2.2351326568807384,arima,MOQUEGUA
2020-03-09,1.5565009857839582,1.944224131755722,arima,MOQUEGUA
2020-03-16,2.767112863615925,2.32431988740273,arima,MOQUEGUA
2020-03-23,1.7294455397599535,2.0684716716900797,arima,MOQUEGUA
2020-03-30,1.7294455397599535,2.076965596819045,arima,MOQUEGUA
2020-04-06,0.6917782159039817,1.2915256787230354,arima,MOQUEGUA
2020-04-13,0.8647227698799771,1.4645611671040633,arima,MOQUEGUA
2020-04-20,0.8647227698799771,1.5023583074712683,arima,MOQUEGUA
2020-04-27,0.8647227698799771,1.4144257441846542,arima,MOQUEGUA
2020-05-04,1.7294455397599533,0.7557272899376498,arima,MOQUEGUA
2020-05-11,1.9023900937359486,0.6741219996532772,arima,MOQUEGUA
2020-05-18,1.9023900937359486,0.7635972336219745,arima,MOQUEGUA
2020-05-25,0.8647227698799771,0.732021134696515,arima,MOQUEGUA
2020-06-01,0.8647227698799771,0.7263018552419821,arima,MOQUEGUA
2020-06-08,1.2106118778319677,0.744119987670413,arima,MOQUEGUA
2020-06-15,2.421223755663935,0.7795676429490314,arima,MOQUEGUA
2020-06-22,2.2482792016879394,0.7491925113163161,arima,MOQUEGUA
2020-06-29,2.2482792016879394,2.3620294505822033,arima,MOQUEGUA
2020-07-06,2.2482792016879394,1.9488063943609015,arima,MOQUEGUA
2020-07-13,2.59416830963993,2.175681132692518,arima,MOQUEGUA
2020-07-20,5.442849227010499,2.1657193604549225,arima,MOQUEGUA
2020-07-27,7.6911284286984385,4.537510752950026,arima,MOQUEGUA
2020-08-03,9.939407630386377,4.537510752950026,arima,MOQUEGUA
2020-08-10,9.939407630386377,4.537510752950026,arima,MOQUEGUA
2020-08-17,9.766463076410382,4.537510752950026,arima,MOQUEGUA
2020-08-24,9.0746848605064,8.542015634260387,arima,MOQUEGUA
2020-08-31,7.609560374943793,8.542015634260387,arima,MOQUEGUA
2020-09-07,5.707170281207845,8.542015634260387,arima,MOQUEGUA
2020-09-14,4.323613849399883,8.542015634260387,arima,MOQUEGUA
2020-09-21,4.323613849399883,3.7445089503770137,arima,MOQUEGUA
2020-09-28,3.6318356334959017,3.609846134915642,arima,MOQUEGUA
2020-10-05,4.150669295423888,3.8813152311148857,arima,MOQUEGUA
2020-10-12,2.59416830963993,3.770805060282397,arima,MOQUEGUA
2020-10-19,2.075334647711944,2.4961839567840087,arima,MOQUEGUA
2020-10-26,1.0376673238559724,2.1763326131015166,arima,MOQUEGUA
2020-11-02,0.8647227698799771,2.3875321513336076,arima,MOQUEGUA
2020-11-09,1.0376673238559717,2.3732140600948637,arima,MOQUEGUA
2020-11-16,1.2106118778319677,1.2404415114409924,arima,MOQUEGUA
2020-11-23,1.5565009857839582,1.362482353983594,arima,MOQUEGUA
2020-11-30,2.4212237556639344,1.2228638252094746,arima,MOQUEGUA
2020-12-07,2.2482792016879394,1.2552826247810123,arima,MOQUEGUA
2020-12-14,2.940057417591921,2.3852870582111416,arima,MOQUEGUA
2020-12-21,3.8047801874718967,1.832043319333363,arima,MOQUEGUA
2020-12-28,5.534225727231849,2.055758101563199,arima,MOQUEGUA
2021-01-04,7.053897856361801,2.146106160710785,arima,MOQUEGUA
2021-01-11,8.052569920231178,6.355363429080525,arima,MOQUEGUA
2021-01-18,9.517694405793785,6.636409736058246,arima,MOQUEGUA
2021-01-25,8.834581803220159,6.772527653446672,arima,MOQUEGUA
2021-02-01,8.151469200646531,6.588449550496193,arima,MOQUEGUA
2021-02-08,5.806457121875828,7.982076126036474,arima,MOQUEGUA
2021-02-15,3.927897464798354,8.33074298818538,arima,MOQUEGUA
2021-02-22,2.561672259651101,8.184193188259417,arima,MOQUEGUA
2021-03-01,3.7571193141549473,8.159911305888906,arima,MOQUEGUA
2021-03-08,3.5863411635115408,4.363138849063752,arima,MOQUEGUA
2021-03-15,2.903228560937914,5.076774996426477,arima,MOQUEGUA
2021-03-22,0.6831126025736273,4.459830802139701,arima,MOQUEGUA
2021-03-29,1.1954470545038471,4.612141218428224,arima,MOQUEGUA
2021-04-05,3.927897464798354,1.3306384692132922,arima,MOQUEGUA
2021-04-12,7.297578447429498,1.9463676762636162,arima,MOQUEGUA
2021-04-19,8.663803652576751,1.5635417800933353,arima,MOQUEGUA
2021-04-26,8.663803652576751,1.497536921568212,arima,MOQUEGUA
2021-05-03,8.663803652576751,9.619689560746595,arima,MOQUEGUA
2021-05-10,8.663803652576751,9.619689560746595,arima,MOQUEGUA
2021-05-17,8.493025501933344,9.619689560746595,arima,MOQUEGUA
2021-05-24,8.493025501933344,9.619689560746595,arima,MOQUEGUA
2021-05-31,9.984146827487015,9.364238446581085,arima,MOQUEGUA
2021-06-07,9.471812375556794,8.299221956011632,arima,MOQUEGUA
2021-06-14,7.468356598072904,8.350994766971816,arima,MOQUEGUA
2021-06-21,5.294122669945607,8.80084475317928,arima,MOQUEGUA
2021-06-28,4.098675615441761,4.167423115849584,arima,MOQUEGUA
2021-07-05,3.2447848622247277,4.141950532149703,arima,MOQUEGUA
2021-07-12,2.561672259651101,4.621686865267745,arima,MOQUEGUA
2021-07-19,2.7324504102945073,4.437401627704292,arima,MOQUEGUA
2021-07-26,2.390894109007694,2.8840028209896915,arima,MOQUEGUA
2021-08-02,3.0740067115813203,3.4702303846806566,arima,MOQUEGUA
2021-08-09,3.2447848622247277,3.152721124691029,arima,MOQUEGUA
2021-08-16,3.7571193141549473,3.020773896480368,arima,MOQUEGUA
2021-08-23,3.2447848622247277,4.104257610482232,arima,MOQUEGUA
2021-08-30,2.2201159583642878,3.870898917553583,arima,MOQUEGUA
2021-09-06,1.8785596570774743,3.813627267605283,arima,MOQUEGUA
2021-09-13,1.1954470545038476,3.9354128959143595,arima,MOQUEGUA
2021-09-20,1.5370033557906606,1.0556221778102906,arima,MOQUEGUA
2021-09-27,1.1954470545038474,0.8417630717421072,arima,MOQUEGUA
2021-10-04,1.7077815064340676,0.9734309432080915,arima,MOQUEGUA
2021-10-11,1.0246689038604406,1.0049440738183555,arima,MOQUEGUA
2021-10-18,1.5370033557906606,0.8972366892542177,arima,MOQUEGUA
2021-10-25,1.5370033557906606,0.7559142936405111,arima,MOQUEGUA
2021-11-01,2.04933780772088,0.8608557487558661,arima,MOQUEGUA
2021-11-08,1.8785596570774736,0.8727043900206468,arima,MOQUEGUA
2021-11-15,1.3662252051472539,1.8546579696994643,arima,MOQUEGUA
2021-11-22,1.0246689038604406,1.854575075798992,arima,MOQUEGUA
2021-11-29,1.0246689038604406,1.8607853098515068,arima,MOQUEGUA
2021-12-06,2.561672259651101,1.8577467684731144,arima,MOQUEGUA
2021-12-13,3.074006711581321,3.5616588524634754,arima,MOQUEGUA
2021-12-20,2.903228560937914,4.175848343844711,arima,MOQUEGUA
2021-12-27,1.3662252051472539,3.5258507428084664,arima,MOQUEGUA
2022-01-03,1.0190817927735496,3.601797592972013,arima,MOQUEGUA
2022-01-10,1.691020173173394,0.9286405383332055,arima,MOQUEGUA
2022-01-17,2.1959051436544264,0.9743454735258809,arima,MOQUEGUA
2022-01-24,2.0269893633733163,0.9838243891356694,arima,MOQUEGUA
2022-01-31,3.5472313859033036,0.964929555228314,arima,MOQUEGUA
2022-02-07,4.222894507027742,4.148822554182342,arima,MOQUEGUA
2022-02-14,5.405304968995509,5.578623930263996,arima,MOQUEGUA
2022-02-21,3.378315605622193,4.677346249842974,arima,MOQUEGUA
2022-02-28,2.871568264778864,4.448921130731991,arima,MOQUEGUA
2022-03-07,2.0269893633733163,2.9796632905465312,arima,MOQUEGUA
2022-03-14,2.1959051436544264,3.1667498710744013,arima,MOQUEGUA
2022-03-21,2.026989363373316,3.0463891584178278,arima,MOQUEGUA
2022-03-28,1.5202420225299875,3.0196566295885123,arima,MOQUEGUA
2022-04-04,2.0269893633733163,1.2680152235993247,arima,MOQUEGUA
2022-04-11,1.8580735830922066,1.020091660802754,arima,MOQUEGUA
2022-04-18,2.0269893633733163,1.2013182421500843,arima,MOQUEGUA
2022-04-25,1.5202420225299875,1.2342652901291062,arima,MOQUEGUA
2022-05-02,1.5202420225299875,1.2914225262761683,arima,MOQUEGUA
2022-05-09,1.5202420225299875,1.384308550392626,arima,MOQUEGUA
2022-05-16,1.3513262422488779,1.4472341295174342,arima,MOQUEGUA
2022-05-23,1.0134946816866586,1.38169183502055,arima,MOQUEGUA
2022-05-30,1.1824104619677682,0.9595618664079517,arima,MOQUEGUA
2022-06-06,1.3513262422488779,1.012259149619057,arima,MOQUEGUA
2022-06-13,2.533736704216645,1.0140041666857869,arima,MOQUEGUA
2022-06-20,2.533736704216645,0.9916663645136489,arima,MOQUEGUA
2022-06-27,2.0269893633733163,2.7544635684104355,arima,MOQUEGUA
2022-07-04,1.0134946816866586,2.3739186559797916,arima,MOQUEGUA
2022-07-11,1.1824104619677682,2.450747666216129,arima,MOQUEGUA
2022-07-18,1.5202420225299875,2.549925414438934,arima,MOQUEGUA
2022-07-25,2.5337367042166457,1.8289042047740378,arima,MOQUEGUA
2022-08-01,1.8580735830922068,1.6926858124147797,arima,MOQUEGUA
2022-08-08,1.8580735830922066,1.6418868301750547,arima,MOQUEGUA
2022-08-15,1.0134946816866586,1.708719627490316,arima,MOQUEGUA
2022-08-22,1.5202420225299869,0.9767574422302596,arima,MOQUEGUA
2022-08-29,1.3513262422488779,0.8187190169084173,arima,MOQUEGUA
2022-09-05,1.0134946816866586,0.8967343720191563,arima,MOQUEGUA
2022-09-12,0.6756631211244392,0.9103587684314574,arima,MOQUEGUA
2022-09-19,0.506747340843329,0.5414451397027742,arima,MOQUEGUA
2022-09-26,0.506747340843329,0.660434362377507,arima,MOQUEGUA
2022-10-03,0.8445789014055488,0.6443655976699519,arima,MOQUEGUA
2022-10-10,1.0134946816866586,0.6166435155467311,arima,MOQUEGUA
2022-10-17,1.5202420225299875,1.2601958776706148,arima,MOQUEGUA
2022-10-24,1.3513262422488779,1.151687079651532,arima,MOQUEGUA
2022-10-31,1.8580735830922066,1.1259457577674317,arima,MOQUEGUA
2022-11-07,1.1824104619677682,1.16973534160824,arima,MOQUEGUA
2022-11-14,1.1824104619677682,1.1178051773821274,arima,MOQUEGUA
2022-11-21,0.6756631211244392,0.8381571258169346,arima,MOQUEGUA
2022-11-28,4.216122254398989,0.985388034272105,arima,MOQUEGUA
2022-12-05,7.41874982711132,0.9869964123446724,arima,MOQUEGUA
2022-12-12,10.62137739982365,9.837370343540544,arima,MOQUEGUA
2022-12-19,7.24983404683021,9.428093195437295,arima,MOQUEGUA
2022-12-26,3.8782906938367696,9.235576127948212,arima,MOQUEGUA
2023-01-02,1.3414143511245273,9.837370343540544,arima,MOQUEGUA
2023-01-09,2.008817562978674,1.2535225320330192,arima,MOQUEGUA
2023-01-16,2.1744293795516665,1.596904240301391,arima,MOQUEGUA
2023-01-23,1.505374185843462,2.633829652610526,arima,MOQUEGUA
2023-01-30,1.3381103874164104,2.8267589857853292,arima,MOQUEGUA
2023-02-06,1.3381103874164104,1.307580365440284,arima,MOQUEGUA
2023-02-13,1.3381103874164104,1.5295741202088593,arima,MOQUEGUA
2023-02-20,0.8363189921352566,1.599636841794772,arima,MOQUEGUA
2023-02-27,0.8363189921352566,1.6421028505397701,arima,MOQUEGUA
2023-03-06,0.5017913952811542,0.810138350620311,arima,MOQUEGUA
2023-03-13,0.8363189921352568,1.0036617033450892,arima,MOQUEGUA
2023-03-20,1.003582790562308,0.9979597707860517,arima,MOQUEGUA
2023-03-27,1.3381103874164104,1.0345938746337593,arima,MOQUEGUA
2023-04-03,1.1708465889893593,1.1803835811441883,arima,MOQUEGUA
2023-04-10,1.505374185843462,1.1430068469110355,arima,MOQUEGUA
2023-04-17,2.0071655811246156,0.9909146904036641,arima,MOQUEGUA
2023-04-24,2.174429379551667,1.048108507651571,arima,MOQUEGUA
2023-05-01,2.341693177978718,2.0182183697400435,arima,MOQUEGUA
2023-05-08,2.5089569764057695,1.8165849820197608,arima,MOQUEGUA
2023-05-15,3.0107483716869226,1.7396959927222977,arima,MOQUEGUA
2023-05-22,3.3452759685410256,1.7761715366105915,arima,MOQUEGUA
2023-05-29,2.8434845732598717,3.3977161666664504,arima,MOQUEGUA
2023-06-05,2.6762207748328204,3.197917381595712,arima,MOQUEGUA
2023-06-12,2.0071655811246156,3.068894586330958,arima,MOQUEGUA
2023-06-19,2.1744293795516665,3.02710665658384,arima,MOQUEGUA
2023-06-26,2.174429379551667,2.189984603171741,arima,MOQUEGUA
2023-07-03,2.5089569764057695,2.4986836841314206,arima,MOQUEGUA
2023-07-10,2.508956976405769,2.4187268539795945,arima,MOQUEGUA
2023-07-17,2.5089569764057695,2.452654960947289,arima,MOQUEGUA
2023-07-24,2.1744293795516665,2.3469694537020365,arima,MOQUEGUA
2023-07-31,2.5089569764057695,2.348041405653639,arima,MOQUEGUA
2023-08-07,2.341693177978718,2.326307322299593,arima,MOQUEGUA
2023-08-14,2.8434845732598717,2.393452857911188,arima,MOQUEGUA
2023-08-21,2.6762207748328204,2.752699144894581,arima,MOQUEGUA
2023-08-28,3.1780121701139747,2.906037494452569,arima,MOQUEGUA
2023-09-04,2.6762207748328204,2.6685527723904716,arima,MOQUEGUA
2023-09-11,2.508956976405769,2.7279019888384046,arima,MOQUEGUA
2023-09-18,2.1744293795516665,2.2143849910285507,arima,MOQUEGUA
2023-09-25,2.1744293795516665,2.373843573066768,arima,MOQUEGUA
2023-10-02,2.0071655811246156,2.398094664118286,arima,MOQUEGUA
2023-10-09,1.839901782697564,2.550171155033398,arima,MOQUEGUA
2023-10-16,1.672637984270513,1.7557825690791031,arima,MOQUEGUA
2023-10-23,1.672637984270513,1.7981283140695175,arima,MOQUEGUA
2023-10-30,2.174429379551667,1.8544901614959157,arima,MOQUEGUA
2023-11-06,2.5089569764057695,1.896743825107707,arima,MOQUEGUA
2023-11-13,2.5089569764057695,2.6233424182800373,arima,MOQUEGUA
2023-11-20,1.505374185843462,2.4164988642199945,arima,MOQUEGUA
2023-11-27,1.839901782697564,2.2923451365308214,arima,MOQUEGUA
2023-12-04,1.672637984270513,2.2229827523182832,arima,MOQUEGUA
