date,actual,predicted,model,region
2010-12-27,1.7406552254737662,1.526420736184687,naive,AREQUIPA
2011-01-03,2.1464828581136604,1.526420736184687,naive,AREQUIPA
2011-01-10,2.345191853045073,1.526420736184687,naive,AREQUIPA
2011-01-17,1.9076663360916097,1.526420736184687,naive,AREQUIPA
2011-01-24,1.7508718427142174,1.9076663360916095,naive,AREQUIPA
2011-01-31,1.7508718427142174,1.9076663360916095,naive,AREQUIPA
2011-02-07,1.9337987516545085,1.9076663360916095,naive,AREQUIPA
2011-02-14,1.8554015049658126,1.9076663360916095,naive,AREQUIPA
2011-02-21,2.012195998343205,1.8554015049658124,naive,AREQUIPA
2011-02-28,2.299652569535091,1.8554015049658124,naive,AREQUIPA
2011-03-07,2.064460829469003,1.8554015049658124,naive,AREQUIPA
2011-03-14,1.9599311672174073,1.8554015049658124,naive,AREQUIPA
2011-03-21,1.9076663360916097,1.9599311672174076,naive,AREQUIPA
2011-03-28,2.587109140726978,1.9599311672174076,naive,AREQUIPA
2011-04-04,2.456447062912484,1.9599311672174076,naive,AREQUIPA
2011-04-11,2.665506387415674,1.9599311672174076,naive,AREQUIPA
2011-04-18,2.456447062912484,2.665506387415674,naive,AREQUIPA
2011-04-25,2.5087118940382815,2.665506387415674,naive,AREQUIPA
2011-05-02,2.5087118940382815,2.665506387415674,naive,AREQUIPA
2011-05-09,2.1167256605948,2.665506387415674,naive,AREQUIPA
2011-05-16,1.9599311672174073,2.1167256605948,naive,AREQUIPA
2011-05-23,1.7247394271513183,2.1167256605948,naive,AREQUIPA
2011-05-30,2.0644608294690023,2.1167256605948,naive,AREQUIPA
2011-06-06,2.4564470629124835,2.1167256605948,naive,AREQUIPA
2011-06-13,2.4041822317866863,2.456447062912483,naive,AREQUIPA
2011-06-20,2.53484430960118,2.456447062912483,naive,AREQUIPA
2011-06-27,3.188154698673649,2.456447062912483,naive,AREQUIPA
2011-07-04,3.3972140231768395,2.456447062912483,naive,AREQUIPA
2011-07-11,3.2926843609252443,3.3972140231768395,naive,AREQUIPA
2011-07-18,2.6132415562898763,3.3972140231768395,naive,AREQUIPA
2011-07-25,2.5609767251640787,3.3972140231768395,naive,AREQUIPA
2011-08-01,2.665506387415674,3.3972140231768395,naive,AREQUIPA
2011-08-08,2.9006981274817627,2.665506387415674,naive,AREQUIPA
2011-08-15,3.083625036422054,2.665506387415674,naive,AREQUIPA
2011-08-22,3.2404195297994463,2.665506387415674,naive,AREQUIPA
2011-08-29,3.554008516554232,2.665506387415674,naive,AREQUIPA
2011-09-05,3.5278761009913335,3.5540085165542323,naive,AREQUIPA
2011-09-12,3.371081607613941,3.5540085165542323,naive,AREQUIPA
2011-09-19,3.1358898675478515,3.5540085165542323,naive,AREQUIPA
2011-09-26,3.3710816076139403,3.5540085165542323,naive,AREQUIPA
2011-10-03,3.527876100991333,3.3710816076139403,naive,AREQUIPA
2011-10-10,3.318816776488143,3.3710816076139403,naive,AREQUIPA
2011-10-17,3.527876100991333,3.3710816076139403,naive,AREQUIPA
2011-10-24,3.7892002566203207,3.3710816076139403,naive,AREQUIPA
2011-10-31,3.606273347680029,3.789200256620321,naive,AREQUIPA
2011-11-07,2.926830543044661,3.789200256620321,naive,AREQUIPA
2011-11-14,2.6916388029785723,3.789200256620321,naive,AREQUIPA
2011-11-21,3.1358898675478515,3.789200256620321,naive,AREQUIPA
2011-11-28,3.0836250364220543,3.1358898675478515,naive,AREQUIPA
2011-12-05,2.4825794784753827,3.1358898675478515,naive,AREQUIPA
2011-12-12,2.0383284139061035,3.1358898675478515,naive,AREQUIPA
2011-12-19,2.2212553228463947,3.1358898675478515,naive,AREQUIPA
2011-12-26,2.32578498509799,2.2212553228463947,naive,AREQUIPA
2012-01-02,2.3340424025734827,2.2212553228463947,naive,AREQUIPA
2012-01-09,2.0062766931976515,2.2212553228463947,naive,AREQUIPA
2012-01-16,2.0412829054804362,2.2212553228463947,naive,AREQUIPA
2012-01-23,2.092314978117447,2.0412829054804362,naive,AREQUIPA
2012-01-30,2.3985074139395124,2.0412829054804362,naive,AREQUIPA
2012-02-06,2.2198951597099748,2.0412829054804362,naive,AREQUIPA
2012-02-13,2.194379123391469,2.0412829054804362,naive,AREQUIPA
2012-02-20,2.577119668169051,2.194379123391469,naive,AREQUIPA
2012-02-27,2.857796067672611,2.194379123391469,naive,AREQUIPA
2012-03-05,2.781247958717094,2.194379123391469,naive,AREQUIPA
2012-03-12,2.3219593049839964,2.194379123391469,naive,AREQUIPA
2012-03-19,2.3985074139395124,2.3219593049839964,naive,AREQUIPA
2012-03-26,2.8322800313541054,2.3219593049839964,naive,AREQUIPA
2012-04-02,2.6281517408060613,2.3219593049839964,naive,AREQUIPA
2012-04-09,2.5005715592135345,2.3219593049839964,naive,AREQUIPA
2012-04-16,1.9392187602064146,2.5005715592135345,naive,AREQUIPA
2012-04-23,2.194379123391469,2.5005715592135345,naive,AREQUIPA
2012-04-30,2.270927232346985,2.5005715592135345,naive,AREQUIPA
2012-05-07,2.9598602129466323,2.5005715592135345,naive,AREQUIPA
2012-05-14,3.674309229864786,2.959860212946632,naive,AREQUIPA
2012-05-21,3.699825266183291,2.959860212946632,naive,AREQUIPA
2012-05-28,3.4191488666797305,2.959860212946632,naive,AREQUIPA
2012-06-04,2.8322800313541054,2.959860212946632,naive,AREQUIPA
2012-06-11,2.908828140309622,2.832280031354106,naive,AREQUIPA
2012-06-18,2.602635704487556,2.832280031354106,naive,AREQUIPA
2012-06-25,2.2964432686654908,2.832280031354106,naive,AREQUIPA
2012-07-02,2.117831014435953,2.832280031354106,naive,AREQUIPA
2012-07-09,2.7302158860800834,2.1178310144359527,naive,AREQUIPA
2012-07-16,2.934344176628127,2.1178310144359527,naive,AREQUIPA
2012-07-23,3.1384724671761703,2.1178310144359527,naive,AREQUIPA
2012-07-30,2.628151740806062,2.1178310144359527,naive,AREQUIPA
2012-08-06,2.5516036318505457,2.628151740806062,naive,AREQUIPA
2012-08-13,2.449539486576523,2.628151740806062,naive,AREQUIPA
2012-08-20,2.3474753413025016,2.628151740806062,naive,AREQUIPA
2012-08-27,2.3219593049839964,2.628151740806062,naive,AREQUIPA
2012-09-03,2.092314978117447,2.3219593049839964,naive,AREQUIPA
2012-09-10,2.066798941798942,2.3219593049839964,naive,AREQUIPA
2012-09-17,1.8881866875694036,2.3219593049839964,naive,AREQUIPA
2012-09-24,1.9392187602064144,2.3219593049839964,naive,AREQUIPA
2012-10-01,1.6585423607028542,1.9392187602064144,naive,AREQUIPA
2012-10-08,1.5054461427918218,1.9392187602064144,naive,AREQUIPA
2012-10-15,1.301317852243778,1.9392187602064144,naive,AREQUIPA
2012-10-22,1.352349924880789,1.9392187602064144,naive,AREQUIPA
2012-10-29,1.2758018159252729,1.352349924880789,naive,AREQUIPA
2012-11-05,1.4799301064733161,1.352349924880789,naive,AREQUIPA
2012-11-12,1.5564782154288326,1.352349924880789,naive,AREQUIPA
2012-11-19,1.7861225422953817,1.352349924880789,naive,AREQUIPA
2012-11-26,1.96473479652492,1.7861225422953817,naive,AREQUIPA
2012-12-03,2.3474753413025016,1.7861225422953817,naive,AREQUIPA
2012-12-10,2.24541119602848,1.7861225422953817,naive,AREQUIPA
2012-12-17,1.862670651250898,1.7861225422953817,naive,AREQUIPA
2012-12-24,1.5819942517473382,1.8626706512508981,naive,AREQUIPA
2012-12-31,1.9902508328434252,1.8626706512508981,naive,AREQUIPA
2013-01-07,2.1037196749464067,1.8626706512508981,naive,AREQUIPA
2013-01-14,2.164980499454915,1.8626706512508981,naive,AREQUIPA
2013-01-21,2.019173171021724,2.164980499454915,naive,AREQUIPA
2013-01-28,2.1936696179001447,2.164980499454915,naive,AREQUIPA
2013-02-04,2.1936696179001447,2.164980499454915,naive,AREQUIPA
2013-02-11,2.0191731710217242,2.164980499454915,naive,AREQUIPA
2013-02-18,1.7698925326239803,2.0191731710217242,naive,AREQUIPA
2013-02-25,1.5455399580660112,2.0191731710217242,naive,AREQUIPA
2013-03-04,1.4956838303864626,2.0191731710217242,naive,AREQUIPA
2013-03-11,1.5704680219057856,2.0191731710217242,naive,AREQUIPA
2013-03-18,1.4707557665466882,1.5704680219057858,naive,AREQUIPA
2013-03-25,1.4458277027069137,1.5704680219057858,naive,AREQUIPA
2013-04-01,1.420899638867139,1.5704680219057858,naive,AREQUIPA
2013-04-08,1.6203241495853342,1.5704680219057858,naive,AREQUIPA
2013-04-15,1.395971575027365,1.6203241495853342,naive,AREQUIPA
2013-04-22,1.346115447347816,1.6203241495853342,naive,AREQUIPA
2013-04-29,1.2214751281489442,1.6203241495853342,naive,AREQUIPA
2013-05-06,1.5206118942262368,1.6203241495853342,naive,AREQUIPA
2013-05-13,1.7449644687842063,1.5206118942262365,naive,AREQUIPA
2013-05-20,2.143813490220596,1.5206118942262365,naive,AREQUIPA
2013-05-27,2.418022192458114,1.5206118942262365,naive,AREQUIPA
2013-06-03,2.5426625116569856,1.5206118942262365,naive,AREQUIPA
2013-06-10,2.79194315005473,2.542662511656986,naive,AREQUIPA
2013-06-17,2.6673028308558577,2.542662511656986,naive,AREQUIPA
2013-06-24,2.492806383977437,2.542662511656986,naive,AREQUIPA
2013-07-01,2.1438134902205963,2.542662511656986,naive,AREQUIPA
2013-07-08,2.1188854263808214,2.1438134902205963,naive,AREQUIPA
2013-07-15,1.944388979502401,2.1438134902205963,naive,AREQUIPA
2013-07-22,2.143813490220596,2.1438134902205963,naive,AREQUIPA
2013-07-29,2.143813490220596,2.1438134902205963,naive,AREQUIPA
2013-08-05,2.343238000938791,2.143813490220596,naive,AREQUIPA
2013-08-12,2.5675905754967605,2.143813490220596,naive,AREQUIPA
2013-08-19,2.2933818732592424,2.143813490220596,naive,AREQUIPA
2013-08-26,1.944388979502401,2.143813490220596,naive,AREQUIPA
2013-09-02,1.5206118942262368,1.944388979502401,naive,AREQUIPA
2013-09-09,1.6701802772648833,1.944388979502401,naive,AREQUIPA
2013-09-16,2.0939573625410475,1.944388979502401,naive,AREQUIPA
2013-09-23,2.093957362541047,1.944388979502401,naive,AREQUIPA
2013-09-30,2.1687415540603703,2.0939573625410466,naive,AREQUIPA
2013-10-07,2.1936696179001447,2.0939573625410466,naive,AREQUIPA
2013-10-14,2.069029298701273,2.0939573625410466,naive,AREQUIPA
2013-10-21,1.9693170433421756,2.0939573625410466,naive,AREQUIPA
2013-10-28,1.7200364049444314,1.9693170433421756,naive,AREQUIPA
2013-11-04,1.6951083411046575,1.9693170433421756,naive,AREQUIPA
2013-11-11,1.6951083411046575,1.9693170433421756,naive,AREQUIPA
2013-11-18,1.6951083411046575,1.9693170433421756,naive,AREQUIPA
2013-11-25,1.545539958066011,1.6951083411046577,naive,AREQUIPA
2013-12-02,1.3710435111875905,1.6951083411046577,naive,AREQUIPA
2013-12-09,1.271331255828493,1.6951083411046577,naive,AREQUIPA
2013-12-16,1.346115447347816,1.6951083411046577,naive,AREQUIPA
2013-12-23,1.2962593196682672,1.346115447347816,naive,AREQUIPA
2013-12-30,1.2962593196682672,1.346115447347816,naive,AREQUIPA
2014-01-06,1.188124785800328,1.346115447347816,naive,AREQUIPA
2014-01-13,1.594495828824886,1.346115447347816,naive,AREQUIPA
2014-01-20,1.9493262884681268,1.594495828824886,naive,AREQUIPA
2014-01-27,2.4122912819793068,1.594495828824886,naive,AREQUIPA
2014-02-03,2.168625495920791,1.594495828824886,naive,AREQUIPA
2014-02-10,1.6325607665920563,1.594495828824886,naive,AREQUIPA
2014-02-17,1.2670620875042824,1.632560766592056,naive,AREQUIPA
2014-02-24,1.1452291944750244,1.632560766592056,naive,AREQUIPA
2014-03-03,1.242695508898431,1.632560766592056,naive,AREQUIPA
2014-03-10,1.2183289302925793,1.632560766592056,naive,AREQUIPA
2014-03-17,1.1695957730808761,1.2183289302925793,naive,AREQUIPA
2014-03-24,1.1939623516867277,1.2183289302925793,naive,AREQUIPA
2014-03-31,1.169595773080876,1.2183289302925793,naive,AREQUIPA
2014-04-07,1.3645284019276887,1.2183289302925793,naive,AREQUIPA
2014-04-14,1.5107278735627983,1.3645284019276887,naive,AREQUIPA
2014-04-21,1.413261559139392,1.3645284019276887,naive,AREQUIPA
2014-04-28,1.291428666110134,1.3645284019276887,naive,AREQUIPA
2014-05-05,1.1695957730808761,1.3645284019276887,naive,AREQUIPA
2014-05-12,1.2183289302925793,1.1695957730808761,naive,AREQUIPA
2014-05-19,1.3157952447159857,1.1695957730808761,naive,AREQUIPA
2014-05-26,1.3645284019276887,1.1695957730808761,naive,AREQUIPA
2014-06-02,1.5107278735627983,1.1695957730808761,naive,AREQUIPA
2014-06-09,1.583827609380353,1.5107278735627983,naive,AREQUIPA
2014-06-16,1.583827609380353,1.5107278735627983,naive,AREQUIPA
2014-06-23,1.4376281377452436,1.5107278735627983,naive,AREQUIPA
2014-06-30,1.2670620875042824,1.5107278735627983,naive,AREQUIPA
2014-07-07,1.3157952447159857,1.2670620875042824,naive,AREQUIPA
2014-07-14,1.7300270810154625,1.2670620875042824,naive,AREQUIPA
2014-07-21,2.3148249675559005,1.2670620875042824,naive,AREQUIPA
2014-07-28,2.7290568038553773,1.2670620875042824,naive,AREQUIPA
2014-08-04,2.4122912819793068,2.7290568038553773,naive,AREQUIPA
2014-08-11,2.655957068037823,2.7290568038553773,naive,AREQUIPA
2014-08-18,2.5584907536144166,2.7290568038553773,naive,AREQUIPA
2014-08-25,3.0701889043373,2.7290568038553773,naive,AREQUIPA
2014-09-01,2.509757596402713,3.0701889043372996,naive,AREQUIPA
2014-09-08,2.241725231738346,3.0701889043372996,naive,AREQUIPA
2014-09-15,2.1929920745266425,3.0701889043372996,naive,AREQUIPA
2014-09-22,2.3879247033734554,3.0701889043372996,naive,AREQUIPA
2014-09-29,2.6803236466436737,2.387924703373455,naive,AREQUIPA
2014-10-06,2.3391915461617523,2.387924703373455,naive,AREQUIPA
2014-10-13,1.9736928670739786,2.387924703373455,naive,AREQUIPA
2014-10-20,1.6812939238037592,2.387924703373455,naive,AREQUIPA
2014-10-27,1.7056605024096108,1.6812939238037592,naive,AREQUIPA
2014-11-03,1.754393659621314,1.6812939238037592,naive,AREQUIPA
2014-11-10,1.583827609380353,1.6812939238037592,naive,AREQUIPA
2014-11-17,1.5107278735627983,1.6812939238037592,naive,AREQUIPA
2014-11-24,1.2426955088984308,1.5107278735627983,naive,AREQUIPA
2014-12-01,1.53509445216865,1.5107278735627983,naive,AREQUIPA
2014-12-08,1.5107278735627983,1.5107278735627983,naive,AREQUIPA
2014-12-15,1.9005931312564235,1.5107278735627983,naive,AREQUIPA
2014-12-22,1.7300270810154625,1.9005931312564233,naive,AREQUIPA
2014-12-29,2.1929920745266425,1.9005931312564233,naive,AREQUIPA
2015-01-05,2.2017929502078726,1.9005931312564233,naive,AREQUIPA
2015-01-12,2.2614739766076504,1.9005931312564233,naive,AREQUIPA
2015-01-19,2.097025060164364,2.2614739766076504,naive,AREQUIPA
2015-01-26,1.9540460787895209,2.2614739766076504,naive,AREQUIPA
2015-02-02,2.0017057392478015,2.2614739766076504,naive,AREQUIPA
2015-02-09,1.6442582858106942,2.2614739766076504,naive,AREQUIPA
2015-02-16,1.6680881160398346,1.6442582858106942,naive,AREQUIPA
2015-02-23,1.4536196439775704,1.6442582858106942,naive,AREQUIPA
2015-03-02,1.5251091346649917,1.6442582858106942,naive,AREQUIPA
2015-03-09,1.4774494742067106,1.6442582858106942,naive,AREQUIPA
2015-03-16,1.3821301532901487,1.4774494742067106,naive,AREQUIPA
2015-03-23,1.4297898137484297,1.4774494742067106,naive,AREQUIPA
2015-03-30,1.3821301532901487,1.4774494742067106,naive,AREQUIPA
2015-04-06,1.6919179462689753,1.4774494742067106,naive,AREQUIPA
2015-04-13,1.5965986253524134,1.6919179462689753,naive,AREQUIPA
2015-04-20,1.5251091346649919,1.6919179462689753,naive,AREQUIPA
2015-04-27,1.3344704928318676,1.6919179462689753,naive,AREQUIPA
2015-05-04,1.5489389648941323,1.6919179462689753,naive,AREQUIPA
2015-05-11,1.4774494742067106,1.5489389648941323,naive,AREQUIPA
2015-05-18,1.334470492831868,1.5489389648941323,naive,AREQUIPA
2015-05-25,1.1914915114570246,1.5489389648941323,naive,AREQUIPA
2015-06-01,1.5251091346649917,1.5489389648941323,naive,AREQUIPA
2015-06-08,1.6204284555815536,1.5251091346649917,naive,AREQUIPA
2015-06-15,1.715747776498116,1.5251091346649917,naive,AREQUIPA
2015-06-22,1.8825565881020994,1.5251091346649917,naive,AREQUIPA
2015-06-29,2.2400040415392066,1.5251091346649917,naive,AREQUIPA
2015-07-06,2.38298302291405,2.2400040415392066,naive,AREQUIPA
2015-07-13,2.1208548903935043,2.2400040415392066,naive,AREQUIPA
2015-07-20,2.1446847206226445,2.2400040415392066,naive,AREQUIPA
2015-07-27,1.9540460787895206,2.2400040415392066,naive,AREQUIPA
2015-08-03,2.097025060164364,1.9540460787895206,naive,AREQUIPA
2015-08-10,2.025535569476942,1.9540460787895206,naive,AREQUIPA
2015-08-17,2.001705739247802,1.9540460787895206,naive,AREQUIPA
2015-08-24,2.1446847206226445,1.9540460787895206,naive,AREQUIPA
2015-08-31,1.90638641833124,2.144684720622644,naive,AREQUIPA
2015-09-07,1.8348969276438183,2.144684720622644,naive,AREQUIPA
2015-09-14,1.5251091346649917,2.144684720622644,naive,AREQUIPA
2015-09-21,1.6919179462689753,2.144684720622644,naive,AREQUIPA
2015-09-28,1.7157477764981157,1.6919179462689753,naive,AREQUIPA
2015-10-05,2.073195229935223,1.6919179462689753,naive,AREQUIPA
2015-10-12,2.073195229935223,1.6919179462689753,naive,AREQUIPA
2015-10-19,2.1446847206226445,1.6919179462689753,naive,AREQUIPA
2015-10-26,1.8587267578729587,2.144684720622644,naive,AREQUIPA
2015-11-02,1.8348969276438183,2.144684720622644,naive,AREQUIPA
2015-11-09,1.9778759090186613,2.144684720622644,naive,AREQUIPA
2015-11-16,1.9302162485603802,2.144684720622644,naive,AREQUIPA
2015-11-23,2.025535569476942,1.93021624856038,naive,AREQUIPA
2015-11-30,1.9540460787895206,1.93021624856038,naive,AREQUIPA
2015-12-07,1.9063864183312396,1.93021624856038,naive,AREQUIPA
2015-12-14,1.5012793044358512,1.93021624856038,naive,AREQUIPA
2015-12-21,1.1914915114570246,1.501279304435851,naive,AREQUIPA
2015-12-28,0.6672352464159337,1.501279304435851,naive,AREQUIPA
2016-01-04,0.9636691533760189,1.501279304435851,naive,AREQUIPA
2016-01-11,1.1424947421925638,1.501279304435851,naive,AREQUIPA
2016-01-18,2.005194853644092,1.1424947421925635,naive,AREQUIPA
2016-01-25,1.865297538273574,1.1424947421925635,naive,AREQUIPA
2016-02-01,2.1684083882430296,1.1424947421925635,naive,AREQUIPA
2016-02-08,1.981878634415672,1.1424947421925635,naive,AREQUIPA
2016-02-15,2.3782543612988065,1.9818786344156718,naive,AREQUIPA
2016-02-22,2.4015705805272263,1.9818786344156718,naive,AREQUIPA
2016-02-29,2.4948354574409053,1.9818786344156718,naive,AREQUIPA
2016-03-07,2.471519238212485,1.9818786344156718,naive,AREQUIPA
2016-03-14,2.2150408266998687,2.471519238212485,naive,AREQUIPA
2016-03-21,1.772032661359895,2.471519238212485,naive,AREQUIPA
2016-03-28,1.562186688304118,2.471519238212485,naive,AREQUIPA
2016-04-04,1.562186688304118,2.471519238212485,naive,AREQUIPA
2016-04-11,1.911929976730413,1.562186688304118,naive,AREQUIPA
2016-04-18,1.8419813190451542,1.562186688304118,naive,AREQUIPA
2016-04-25,1.562186688304118,1.562186688304118,naive,AREQUIPA
2016-05-02,1.5155542498472787,1.562186688304118,naive,AREQUIPA
2016-05-09,1.5855029075325378,1.5155542498472787,naive,AREQUIPA
2016-05-16,2.0751435113293506,1.5155542498472787,naive,AREQUIPA
2016-05-23,2.2849894843851275,1.5155542498472787,naive,AREQUIPA
2016-05-30,2.494835457440905,1.5155542498472787,naive,AREQUIPA
2016-06-06,2.5881003343545834,2.494835457440905,naive,AREQUIPA
2016-06-13,3.217638253521915,2.494835457440905,naive,AREQUIPA
2016-06-20,3.8704923919176655,2.494835457440905,naive,AREQUIPA
2016-06-27,4.546662749541835,2.494835457440905,naive,AREQUIPA
2016-07-04,4.779824941826033,4.546662749541835,naive,AREQUIPA
2016-07-11,4.8031411610544525,4.546662749541835,naive,AREQUIPA
2016-07-18,4.243551899572381,4.546662749541835,naive,AREQUIPA
2016-07-25,3.7772275150039873,4.546662749541835,naive,AREQUIPA
2016-08-01,3.2409544727503348,3.777227515003988,naive,AREQUIPA
2016-08-08,3.427484226577692,3.777227515003988,naive,AREQUIPA
2016-08-15,3.4508004458061117,3.777227515003988,naive,AREQUIPA
2016-08-22,3.3575355688924327,3.777227515003988,naive,AREQUIPA
2016-08-29,2.8445787458672,3.357535568892432,naive,AREQUIPA
2016-09-05,2.564784115126164,3.357535568892432,naive,AREQUIPA
2016-09-12,2.4015705805272263,3.357535568892432,naive,AREQUIPA
2016-09-19,2.3782543612988065,3.357535568892432,naive,AREQUIPA
2016-09-26,2.12177594978619,2.3782543612988065,naive,AREQUIPA
2016-10-03,2.1217759497861906,2.3782543612988065,naive,AREQUIPA
2016-10-10,1.9585624151872525,2.3782543612988065,naive,AREQUIPA
2016-10-17,1.981878634415672,2.3782543612988065,naive,AREQUIPA
2016-10-24,1.8652975382735735,1.9818786344156718,naive,AREQUIPA
2016-10-31,1.9585624151872523,1.9818786344156718,naive,AREQUIPA
2016-11-07,2.12177594978619,1.9818786344156718,naive,AREQUIPA
2016-11-14,2.2849894843851275,1.9818786344156718,naive,AREQUIPA
2016-11-21,2.284989484385128,2.2849894843851275,naive,AREQUIPA
2016-11-28,2.14509216901461,2.2849894843851275,naive,AREQUIPA
2016-12-05,2.2616732651567077,2.2849894843851275,naive,AREQUIPA
2016-12-12,2.401570580527226,2.2849894843851275,naive,AREQUIPA
2016-12-19,2.4482030189840653,2.401570580527226,naive,AREQUIPA
2016-12-26,2.4248867997556456,2.401570580527226,naive,AREQUIPA
2017-01-02,2.2721990932886396,2.401570580527226,naive,AREQUIPA
2017-01-09,1.9810898858084023,2.401570580527226,naive,AREQUIPA
2017-01-16,1.6889968020899735,1.9810898858084025,naive,AREQUIPA
2017-01-23,1.8259424887459172,1.9810898858084025,naive,AREQUIPA
2017-01-30,2.2139552676044247,1.9810898858084025,naive,AREQUIPA
2017-02-06,2.1226581431671288,1.9810898858084025,naive,AREQUIPA
2017-02-13,2.054185299839157,2.1226581431671288,naive,AREQUIPA
2017-02-20,1.9400638942925372,2.1226581431671288,naive,AREQUIPA
2017-02-27,1.9628881754018612,2.1226581431671288,naive,AREQUIPA
2017-03-06,1.7118210831992975,2.1226581431671288,naive,AREQUIPA
2017-03-13,1.8259424887459172,1.7118210831992975,naive,AREQUIPA
2017-03-20,2.1683067053857767,1.7118210831992975,naive,AREQUIPA
2017-03-27,2.2824281109323965,1.7118210831992975,naive,AREQUIPA
2017-04-03,1.8715910509645648,1.7118210831992975,naive,AREQUIPA
2017-04-10,1.8259424887459172,1.8715910509645648,naive,AREQUIPA
2017-04-17,2.054185299839157,1.8715910509645648,naive,AREQUIPA
2017-04-24,2.054185299839157,1.8715910509645648,naive,AREQUIPA
2017-05-01,1.917239613183213,1.8715910509645648,naive,AREQUIPA
2017-05-08,1.8259424887459172,1.9172396131832128,naive,AREQUIPA
2017-05-15,1.9857124565111854,1.9172396131832128,naive,AREQUIPA
2017-05-22,2.2139552676044247,1.9172396131832128,naive,AREQUIPA
2017-05-29,2.4878466409163127,1.9172396131832128,naive,AREQUIPA
2017-06-05,2.6704408897909038,2.487846640916313,naive,AREQUIPA
2017-06-12,2.487846640916312,2.487846640916313,naive,AREQUIPA
2017-06-19,2.1454824242764525,2.487846640916313,naive,AREQUIPA
2017-06-26,1.917239613183213,2.487846640916313,naive,AREQUIPA
2017-07-03,2.328076673151044,1.9172396131832128,naive,AREQUIPA
2017-07-10,2.6704408897909038,1.9172396131832128,naive,AREQUIPA
2017-07-17,2.967156544212115,1.9172396131832128,naive,AREQUIPA
2017-07-24,2.921507981993468,1.9172396131832128,naive,AREQUIPA
2017-07-31,2.807386576446848,2.921507981993468,naive,AREQUIPA
2017-08-07,2.921507981993468,2.921507981993468,naive,AREQUIPA
2017-08-14,3.058453668649411,2.921507981993468,naive,AREQUIPA
2017-08-21,3.241047917524003,2.921507981993468,naive,AREQUIPA
2017-08-28,2.8758594197748195,3.2410479175240035,naive,AREQUIPA
2017-09-04,2.6704408897909038,3.2410479175240035,naive,AREQUIPA
2017-09-11,2.601968046462932,3.2410479175240035,naive,AREQUIPA
2017-09-18,2.556319484244284,3.2410479175240035,naive,AREQUIPA
2017-09-25,2.236779548713748,2.556319484244284,naive,AREQUIPA
2017-10-02,2.145482424276452,2.556319484244284,naive,AREQUIPA
2017-10-09,2.1454824242764525,2.556319484244284,naive,AREQUIPA
2017-10-16,2.1226581431671288,2.556319484244284,naive,AREQUIPA
2017-10-23,2.1226581431671288,2.1226581431671288,naive,AREQUIPA
2017-10-30,2.1454824242764525,2.1226581431671288,naive,AREQUIPA
2017-11-06,2.373725235369692,2.1226581431671288,naive,AREQUIPA
2017-11-13,2.1911309864951005,2.1226581431671288,naive,AREQUIPA
2017-11-20,2.328076673151044,2.1911309864951,naive,AREQUIPA
2017-11-27,2.1226581431671288,2.1911309864951,naive,AREQUIPA
2017-12-04,2.2139552676044243,2.1911309864951,naive,AREQUIPA
2017-12-11,2.2824281109323965,2.1911309864951,naive,AREQUIPA
2017-12-18,2.2367795487137485,2.282428110932396,naive,AREQUIPA
2017-12-25,2.41937379758834,2.282428110932396,naive,AREQUIPA
2018-01-01,2.1814840714207016,2.282428110932396,naive,AREQUIPA
2018-01-08,1.985695155077693,2.282428110932396,naive,AREQUIPA
2018-01-15,1.5165216871933704,1.9856951550776931,naive,AREQUIPA
2018-01-22,1.5165216871933704,1.9856951550776931,naive,AREQUIPA
2018-01-29,1.6798394073526566,1.9856951550776931,naive,AREQUIPA
2018-02-05,1.9598126419114326,1.9856951550776931,naive,AREQUIPA
2018-02-12,1.8898193332717386,1.9598126419114328,naive,AREQUIPA
2018-02-19,2.1464614649506166,1.9598126419114328,naive,AREQUIPA
2018-02-26,2.029805950551127,1.9598126419114328,naive,AREQUIPA
2018-03-05,2.449765802389291,1.9598126419114328,naive,AREQUIPA
2018-03-12,2.333110287989801,2.449765802389291,naive,AREQUIPA
2018-03-19,2.473096905269189,2.449765802389291,naive,AREQUIPA
2018-03-26,2.0764681563109226,2.449765802389291,naive,AREQUIPA
2018-04-02,2.0531370534310245,2.449765802389291,naive,AREQUIPA
2018-04-09,2.193123670710413,2.0531370534310245,naive,AREQUIPA
2018-04-16,2.4964280081490866,2.0531370534310245,naive,AREQUIPA
2018-04-23,2.449765802389291,2.0531370534310245,naive,AREQUIPA
2018-04-30,2.216454773590311,2.0531370534310245,naive,AREQUIPA
2018-05-07,1.959812641911433,2.2164547735903115,naive,AREQUIPA
2018-05-14,1.8431571275119427,2.2164547735903115,naive,AREQUIPA
2018-05-21,1.9598126419114328,2.2164547735903115,naive,AREQUIPA
2018-05-28,2.519759111028985,2.2164547735903115,naive,AREQUIPA
2018-06-04,3.0097122715068436,2.519759111028985,naive,AREQUIPA
2018-06-11,3.2663544031857215,2.519759111028985,naive,AREQUIPA
2018-06-18,3.0097122715068436,2.519759111028985,naive,AREQUIPA
2018-06-25,2.9163878599872515,2.519759111028985,naive,AREQUIPA
2018-07-02,3.219692197425926,2.916387859987252,naive,AREQUIPA
2018-07-09,3.6396520492640896,2.916387859987252,naive,AREQUIPA
2018-07-16,4.409578444300725,2.916387859987252,naive,AREQUIPA
2018-07-23,4.10627410686205,2.916387859987252,naive,AREQUIPA
2018-07-30,4.1995985183816416,4.106274106862051,naive,AREQUIPA
2018-08-06,3.9896185924625596,4.106274106862051,naive,AREQUIPA
2018-08-13,4.036280798222356,4.106274106862051,naive,AREQUIPA
2018-08-20,3.966287489582662,4.106274106862051,naive,AREQUIPA
2018-08-27,3.3830099175852113,3.9662874895826623,naive,AREQUIPA
2018-09-03,3.2663544031857215,3.9662874895826623,naive,AREQUIPA
2018-09-10,2.893056757107353,3.9662874895826623,naive,AREQUIPA
2018-09-17,3.0797055801465376,3.9662874895826623,naive,AREQUIPA
2018-09-24,2.706407934068169,3.079705580146538,naive,AREQUIPA
2018-10-01,2.3797724937495968,3.079705580146538,naive,AREQUIPA
2018-10-08,2.1231303620707185,3.079705580146538,naive,AREQUIPA
2018-10-15,2.356441390869699,3.079705580146538,naive,AREQUIPA
2018-10-22,2.706407934068169,2.3564413908696986,naive,AREQUIPA
2018-10-29,2.916387859987251,2.3564413908696986,naive,AREQUIPA
2018-11-05,2.8463945513475566,2.3564413908696986,naive,AREQUIPA
2018-11-12,2.7764012427078626,2.3564413908696986,naive,AREQUIPA
2018-11-19,2.356441390869698,2.7764012427078626,naive,AREQUIPA
2018-11-26,2.4264346995093926,2.7764012427078626,naive,AREQUIPA
2018-12-03,2.2397858764702083,2.7764012427078626,naive,AREQUIPA
2018-12-10,2.636414625428475,2.7764012427078626,naive,AREQUIPA
2018-12-17,2.473096905269189,2.6364146254284746,naive,AREQUIPA
2018-12-24,2.3797724937495968,2.6364146254284746,naive,AREQUIPA
2018-12-31,2.1697925678305148,2.6364146254284746,naive,AREQUIPA
2019-01-07,2.266988159778081,2.6364146254284746,naive,AREQUIPA
2019-01-14,2.546826120142376,2.266988159778081,naive,AREQUIPA
2019-01-21,2.4124277352720145,2.266988159778081,naive,AREQUIPA
2019-01-28,2.3441514786133717,2.266988159778081,naive,AREQUIPA
2019-02-04,1.8662176820028786,2.266988159778081,naive,AREQUIPA
2019-02-11,1.5248363987096691,1.8662176820028784,naive,AREQUIPA
2019-02-18,1.5475951509292163,1.8662176820028784,naive,AREQUIPA
2019-02-25,1.661388912026953,1.8662176820028784,naive,AREQUIPA
2019-03-04,1.9117351864419732,1.8662176820028784,naive,AREQUIPA
2019-03-11,2.0710464519788045,1.911735186441973,naive,AREQUIPA
2019-03-18,2.1165639564178993,1.911735186441973,naive,AREQUIPA
2019-03-25,2.184840213076541,1.911735186441973,naive,AREQUIPA
2019-04-01,1.8889764342224262,1.911735186441973,naive,AREQUIPA
2019-04-08,1.9117351864419734,1.8889764342224264,naive,AREQUIPA
2019-04-15,1.9572526908810681,1.8889764342224264,naive,AREQUIPA
2019-04-22,2.0027701953201626,1.8889764342224264,naive,AREQUIPA
2019-04-29,2.4351864874915616,1.8889764342224264,naive,AREQUIPA
2019-05-06,2.5034627441502035,2.435186487491561,naive,AREQUIPA
2019-05-13,2.7310502663456773,2.435186487491561,naive,AREQUIPA
2019-05-20,2.5717390008088454,2.435186487491561,naive,AREQUIPA
2019-05-27,2.913120284102055,2.435186487491561,naive,AREQUIPA
2019-06-03,3.0951903018584335,2.9131202841020554,naive,AREQUIPA
2019-06-10,3.391054080712548,2.9131202841020554,naive,AREQUIPA
2019-06-17,3.3455365762734535,2.9131202841020554,naive,AREQUIPA
2019-06-24,3.846229125103495,2.9131202841020554,naive,AREQUIPA
2019-07-01,3.8007116206644,3.8462291251034944,naive,AREQUIPA
2019-07-08,4.210369160616252,3.8462291251034944,naive,AREQUIPA
2019-07-15,4.528991691689915,3.8462291251034944,naive,AREQUIPA
2019-07-22,4.870372974983124,3.8462291251034944,naive,AREQUIPA
2019-07-29,5.006925488300408,4.870372974983125,naive,AREQUIPA
2019-08-05,4.392439178372631,4.870372974983125,naive,AREQUIPA
2019-08-12,4.142092903957611,4.870372974983125,naive,AREQUIPA
2019-08-19,3.664159107347117,4.870372974983125,naive,AREQUIPA
2019-08-26,3.3227778240539076,3.6641591073471176,naive,AREQUIPA
2019-09-02,3.368295328493002,3.6641591073471176,naive,AREQUIPA
2019-09-09,3.3682953284930015,3.6641591073471176,naive,AREQUIPA
2019-09-16,3.5276065940298333,3.6641591073471176,naive,AREQUIPA
2019-09-23,3.3910540807125487,3.527606594029833,naive,AREQUIPA
2019-09-30,3.3682953284930015,3.527606594029833,naive,AREQUIPA
2019-10-07,3.4593303373711906,3.527606594029833,naive,AREQUIPA
2019-10-14,3.1407078062975287,3.527606594029833,naive,AREQUIPA
2019-10-21,2.4807039919306564,3.140707806297528,naive,AREQUIPA
2019-10-28,2.480703991930657,3.140707806297528,naive,AREQUIPA
2019-11-04,2.867602779662961,3.140707806297528,naive,AREQUIPA
2019-11-11,3.6414003551275695,3.140707806297528,naive,AREQUIPA
2019-11-18,3.436571585151644,3.6414003551275695,naive,AREQUIPA
2019-11-25,2.9813965407606973,3.6414003551275695,naive,AREQUIPA
2019-12-02,2.5262214963697516,3.6414003551275695,naive,AREQUIPA
2019-12-09,2.1620814608569945,3.6414003551275695,naive,AREQUIPA
2019-12-16,2.412427735272015,2.162081460856994,naive,AREQUIPA
2019-12-23,2.3441514786133726,2.162081460856994,naive,AREQUIPA
2019-12-30,2.1393227086374473,2.162081460856994,naive,AREQUIPA
2020-01-06,1.4936029849431207,2.162081460856994,naive,AREQUIPA
2020-01-13,1.1214867973861264,1.493602984943121,naive,AREQUIPA
2020-01-20,1.135272378555907,1.493602984943121,naive,AREQUIPA
2020-01-27,1.7585591746258167,1.493602984943121,naive,AREQUIPA
2020-02-03,2.1147230580943366,1.493602984943121,naive,AREQUIPA
2020-02-10,2.359585727978944,2.114723058094337,naive,AREQUIPA
2020-02-17,1.8476001454929465,2.114723058094337,naive,AREQUIPA
2020-02-24,1.8921206309265113,2.114723058094337,naive,AREQUIPA
2020-03-02,1.9366411163600763,2.114723058094337,naive,AREQUIPA
2020-03-09,1.869860388209729,1.9366411163600765,naive,AREQUIPA
2020-03-16,1.602737475608339,1.9366411163600765,naive,AREQUIPA
2020-03-23,1.3801350484405142,1.9366411163600765,naive,AREQUIPA
2020-03-30,1.224313349423037,1.9366411163600765,naive,AREQUIPA
2020-04-06,0.9349301941048646,1.224313349423037,naive,AREQUIPA
2020-04-13,0.6010265533531272,1.224313349423037,naive,AREQUIPA
2020-04-20,0.4674650970524323,1.224313349423037,naive,AREQUIPA
2020-04-27,0.5342458252027797,1.224313349423037,naive,AREQUIPA
2020-05-04,0.7345880096538221,0.5342458252027797,naive,AREQUIPA
2020-05-11,0.9794506795384295,0.5342458252027797,naive,AREQUIPA
2020-05-18,0.9794506795384296,0.5342458252027797,naive,AREQUIPA
2020-05-25,0.8458892232377345,0.5342458252027797,naive,AREQUIPA
2020-06-01,0.8013687378041695,0.8458892232377345,naive,AREQUIPA
2020-06-08,1.2688338348566015,0.8458892232377345,naive,AREQUIPA
2020-06-15,1.8698603882097284,0.8458892232377345,naive,AREQUIPA
2020-06-22,2.2037640289614657,0.8458892232377345,naive,AREQUIPA
2020-06-29,2.648968883297116,2.2037640289614657,naive,AREQUIPA
2020-07-06,3.7619810191362397,2.2037640289614657,naive,AREQUIPA
2020-07-13,5.075335339426407,2.2037640289614657,naive,AREQUIPA
2020-07-20,5.965745048097706,2.2037640289614657,naive,AREQUIPA
2020-07-27,5.676361892779535,5.965745048097706,naive,AREQUIPA
2020-08-03,5.794435189450748,5.965745048097706,naive,AREQUIPA
2020-08-10,5.482791791415793,5.965745048097706,naive,AREQUIPA
2020-08-17,5.3937508205486635,5.965745048097706,naive,AREQUIPA
2020-08-24,5.030814853992841,5.3937508205486635,naive,AREQUIPA
2020-08-31,5.075335339426407,5.3937508205486635,naive,AREQUIPA
2020-09-07,5.253417281160666,5.3937508205486635,naive,AREQUIPA
2020-09-14,4.5856099996571915,5.3937508205486635,naive,AREQUIPA
2020-09-21,3.6506798055523273,4.5856099996571915,naive,AREQUIPA
2020-09-28,2.693489368730681,4.5856099996571915,naive,AREQUIPA
2020-10-05,2.3818459706957262,4.5856099996571915,naive,AREQUIPA
2020-10-12,2.3595857279789434,4.5856099996571915,naive,AREQUIPA
2020-10-19,2.626708640580333,2.359585727978944,naive,AREQUIPA
2020-10-26,3.2722556793670248,2.359585727978944,naive,AREQUIPA
2020-11-02,3.4948581065348505,2.359585727978944,naive,AREQUIPA
2020-11-09,3.2945159220838076,2.359585727978944,naive,AREQUIPA
2020-11-16,2.9160917958985055,3.294515922083808,naive,AREQUIPA
2020-11-23,2.7157496114474626,3.294515922083808,naive,AREQUIPA
2020-11-30,2.893831553181723,3.294515922083808,naive,AREQUIPA
2020-12-07,3.027393009482418,3.294515922083808,naive,AREQUIPA
2020-12-14,3.2945159220838076,3.0273930094824184,naive,AREQUIPA
2020-12-21,3.4948581065348505,3.0273930094824184,naive,AREQUIPA
2020-12-28,3.249995436650243,3.0273930094824184,naive,AREQUIPA
2021-01-04,3.577602918321624,3.0273930094824184,naive,AREQUIPA
2021-01-11,3.7292595330197256,3.5776029183216242,naive,AREQUIPA
2021-01-18,4.104797219742241,3.5776029183216242,naive,AREQUIPA
2021-01-25,4.741152257979809,3.5776029183216242,naive,AREQUIPA
2021-02-01,5.486677435040309,3.5776029183216242,naive,AREQUIPA
2021-02-08,5.508511462804894,5.486677435040309,naive,AREQUIPA
2021-02-15,4.959492535625673,5.486677435040309,naive,AREQUIPA
2021-02-22,4.301303469623519,5.486677435040309,naive,AREQUIPA
2021-03-01,4.541477775033969,5.486677435040309,naive,AREQUIPA
2021-03-08,4.475975691740209,4.54147777503397,naive,AREQUIPA
2021-03-15,4.606979858327727,4.54147777503397,naive,AREQUIPA
2021-03-22,4.301303469623519,4.54147777503397,naive,AREQUIPA
2021-03-29,3.995627080919309,4.54147777503397,naive,AREQUIPA
2021-04-05,3.886456942096377,3.995627080919309,naive,AREQUIPA
2021-04-12,3.973793053154722,3.995627080919309,naive,AREQUIPA
2021-04-19,4.192133330800586,3.995627080919309,naive,AREQUIPA
2021-04-26,4.585145830563142,3.995627080919309,naive,AREQUIPA
2021-05-03,5.352505035388226,4.5851458305631425,naive,AREQUIPA
2021-05-10,6.054362156919555,4.5851458305631425,naive,AREQUIPA
2021-05-17,6.032528129154969,4.5851458305631425,naive,AREQUIPA
2021-05-24,6.032528129154968,4.5851458305631425,naive,AREQUIPA
2021-05-31,6.032528129154968,6.032528129154968,naive,AREQUIPA
2021-06-07,6.297704695394567,6.032528129154968,naive,AREQUIPA
2021-06-14,6.297704695394567,6.032528129154968,naive,AREQUIPA
2021-06-21,5.90152396256745,6.032528129154968,naive,AREQUIPA
2021-06-28,5.265168924329882,5.90152396256745,naive,AREQUIPA
2021-07-05,4.41047360844645,5.90152396256745,naive,AREQUIPA
2021-07-12,3.7772868032734443,5.90152396256745,naive,AREQUIPA
2021-07-19,3.122265970335853,5.90152396256745,naive,AREQUIPA
2021-07-26,2.6419173595149528,3.1222659703358535,naive,AREQUIPA
2021-08-02,2.161568748694053,3.1222659703358535,naive,AREQUIPA
2021-08-09,1.965062498812775,3.1222659703358535,naive,AREQUIPA
2021-08-16,2.030564582106534,3.1222659703358535,naive,AREQUIPA
2021-08-23,2.0523986098711204,2.0305645821065337,naive,AREQUIPA
2021-08-30,2.096066665400293,2.0305645821065337,naive,AREQUIPA
2021-09-06,1.7030541656377383,2.0305645821065337,naive,AREQUIPA
2021-09-13,1.6593861101085654,2.0305645821065337,naive,AREQUIPA
2021-09-20,1.5065479157564605,1.6593861101085654,naive,AREQUIPA
2021-09-27,1.5720499990502195,1.6593861101085654,naive,AREQUIPA
2021-10-04,1.4847138879918742,1.6593861101085654,naive,AREQUIPA
2021-10-11,1.4628798602272877,1.6593861101085654,naive,AREQUIPA
2021-10-18,1.6375520823439789,1.4628798602272874,naive,AREQUIPA
2021-10-25,1.6593861101085654,1.4628798602272874,naive,AREQUIPA
2021-11-01,1.8122243044606703,1.4628798602272874,naive,AREQUIPA
2021-11-08,1.986896526577361,1.4628798602272874,naive,AREQUIPA
2021-11-15,2.9475937482191625,1.986896526577361,naive,AREQUIPA
2021-11-22,3.0567638870420946,1.986896526577361,naive,AREQUIPA
2021-11-29,2.6855854150441254,1.986896526577361,naive,AREQUIPA
2021-12-06,1.6593861101085654,1.986896526577361,naive,AREQUIPA
2021-12-13,1.5283819435210468,1.6593861101085654,naive,AREQUIPA
2021-12-20,1.4410458324627016,1.6593861101085654,naive,AREQUIPA
2021-12-27,1.6812201378731517,1.6593861101085654,naive,AREQUIPA
2022-01-03,1.649020175726568,1.6593861101085654,naive,AREQUIPA
2022-01-10,2.0711116381843735,1.6490201757265677,naive,AREQUIPA
2022-01-17,1.8876091756682027,1.6490201757265677,naive,AREQUIPA
2022-01-24,1.9090592799371595,1.6490201757265677,naive,AREQUIPA
2022-01-31,1.7374584457855047,1.6490201757265677,naive,AREQUIPA
2022-02-07,2.4024116781231672,1.7374584457855047,naive,AREQUIPA
2022-02-14,2.7885135549643905,1.7374584457855047,naive,AREQUIPA
2022-02-21,2.8099636592333472,1.7374584457855047,naive,AREQUIPA
2022-02-28,2.295161156778383,1.7374584457855047,naive,AREQUIPA
2022-03-07,1.994859697012987,2.295161156778383,naive,AREQUIPA
2022-03-14,2.037759905550901,2.295161156778383,naive,AREQUIPA
2022-03-21,2.145010426895685,2.295161156778383,naive,AREQUIPA
2022-03-28,2.3166112610473397,2.295161156778383,naive,AREQUIPA
2022-04-04,2.2522609482404694,2.3166112610473397,naive,AREQUIPA
2022-04-11,2.0592100098198576,2.3166112610473397,naive,AREQUIPA
2022-04-18,2.037759905550901,2.3166112610473397,naive,AREQUIPA
2022-04-25,1.994859697012987,2.3166112610473397,naive,AREQUIPA
2022-05-02,1.9519594884750733,1.994859697012987,naive,AREQUIPA
2022-05-09,1.887609175668203,1.994859697012987,naive,AREQUIPA
2022-05-16,2.123560322626728,1.994859697012987,naive,AREQUIPA
2022-05-23,2.3595114695852537,1.994859697012987,naive,AREQUIPA
2022-05-30,2.273711052509426,2.359511469585254,naive,AREQUIPA
2022-06-06,2.273711052509426,2.359511469585254,naive,AREQUIPA
2022-06-13,2.616912720812736,2.359511469585254,naive,AREQUIPA
2022-06-20,3.0244647019229163,2.359511469585254,naive,AREQUIPA
2022-06-27,2.8528638677712608,3.024464701922916,naive,AREQUIPA
2022-07-04,2.7456133464264774,3.024464701922916,naive,AREQUIPA
2022-07-11,2.6169127208127354,3.024464701922916,naive,AREQUIPA
2022-07-18,2.8099636592333472,3.024464701922916,naive,AREQUIPA
2022-07-25,2.4453118866610812,2.8099636592333477,naive,AREQUIPA
2022-08-01,2.5525624080058655,2.8099636592333477,naive,AREQUIPA
2022-08-08,2.445311886661081,2.8099636592333477,naive,AREQUIPA
2022-08-15,2.6812630336196066,2.8099636592333477,naive,AREQUIPA
2022-08-22,2.2308108439715126,2.6812630336196066,naive,AREQUIPA
2022-08-29,2.1664605311646423,2.6812630336196066,naive,AREQUIPA
2022-09-05,1.9305093842061165,2.6812630336196066,naive,AREQUIPA
2022-09-12,2.0592100098198576,2.6812630336196066,naive,AREQUIPA
2022-09-19,2.145010426895685,2.0592100098198576,naive,AREQUIPA
2022-09-26,2.0592100098198576,2.0592100098198576,naive,AREQUIPA
2022-10-03,1.9519594884750735,2.0592100098198576,naive,AREQUIPA
2022-10-10,1.7589085500544617,2.0592100098198576,naive,AREQUIPA
2022-10-17,1.9519594884750733,1.758908550054462,naive,AREQUIPA
2022-10-24,1.9519594884750733,1.758908550054462,naive,AREQUIPA
2022-10-31,1.9090592799371597,1.758908550054462,naive,AREQUIPA
2022-11-07,1.737458445785505,1.758908550054462,naive,AREQUIPA
2022-11-14,1.8447089671302892,1.7374584457855051,naive,AREQUIPA
2022-11-21,1.97340959274403,1.7374584457855051,naive,AREQUIPA
2022-11-28,2.1450104268956847,1.7374584457855051,naive,AREQUIPA
2022-12-05,2.102110218357771,1.7374584457855051,naive,AREQUIPA
2022-12-12,1.994859697012987,2.102110218357771,naive,AREQUIPA
2022-12-19,1.9734095927440303,2.102110218357771,naive,AREQUIPA
2022-12-26,2.016309801281944,2.102110218357771,naive,AREQUIPA
2023-01-02,2.0071042607820275,2.102110218357771,naive,AREQUIPA
2023-01-09,2.058708440589014,2.0071042607820275,naive,AREQUIPA
2023-01-16,1.9408361417443265,2.0071042607820275,naive,AREQUIPA
2023-01-23,1.9408361417443265,2.0071042607820275,naive,AREQUIPA
2023-01-30,1.8564519616684863,2.0071042607820275,naive,AREQUIPA
2023-02-06,1.6665875564978458,1.8564519616684865,naive,AREQUIPA
2023-02-13,1.5822033764220054,1.8564519616684865,naive,AREQUIPA
2023-02-20,1.518915241365125,1.8564519616684865,naive,AREQUIPA
2023-02-27,1.6454915114788855,1.8564519616684865,naive,AREQUIPA
2023-03-06,1.814259871630566,1.6454915114788855,naive,AREQUIPA
2023-03-13,1.6876836015168057,1.6454915114788855,naive,AREQUIPA
2023-03-20,1.9408361417443265,1.6454915114788855,naive,AREQUIPA
2023-03-27,1.9619321867632866,1.6454915114788855,naive,AREQUIPA
2023-04-03,2.447141222199368,1.9619321867632864,naive,AREQUIPA
2023-04-10,2.9534463026544095,1.9619321867632864,naive,AREQUIPA
2023-04-17,3.6918078783180124,1.9619321867632864,naive,AREQUIPA
2023-04-24,4.113728778697214,1.9619321867632864,naive,AREQUIPA
2023-05-01,3.966056463564494,4.113728778697214,naive,AREQUIPA
2023-05-08,3.839480193450733,4.113728778697214,naive,AREQUIPA
2023-05-15,3.4175592930715317,4.113728778697214,naive,AREQUIPA
2023-05-22,3.269886977938811,4.113728778697214,naive,AREQUIPA
2023-05-29,3.206598842881931,3.269886977938811,naive,AREQUIPA
2023-06-05,3.2487909329198508,3.269886977938811,naive,AREQUIPA
2023-06-12,3.501943473147372,3.269886977938811,naive,AREQUIPA
2023-06-19,3.523039518166332,3.269886977938811,naive,AREQUIPA
2023-06-26,3.9027683285076136,3.5230395181663323,naive,AREQUIPA
2023-07-03,3.9027683285076136,3.5230395181663323,naive,AREQUIPA
2023-07-10,3.8605762384696938,3.5230395181663323,naive,AREQUIPA
2023-07-17,3.375367203033612,3.5230395181663323,naive,AREQUIPA
2023-07-24,3.0589265277492106,3.3753672030336124,naive,AREQUIPA
2023-07-31,2.9112542126164898,3.3753672030336124,naive,AREQUIPA
2023-08-07,2.7002937624268895,3.3753672030336124,naive,AREQUIPA
2023-08-14,2.7002937624268895,3.3753672030336124,naive,AREQUIPA
2023-08-21,2.2361807720097677,2.7002937624268895,naive,AREQUIPA
2023-08-28,2.1728926369528874,2.7002937624268895,naive,AREQUIPA
2023-09-04,2.109604501896007,2.7002937624268895,naive,AREQUIPA
2023-09-11,2.257276817028728,2.7002937624268895,naive,AREQUIPA
2023-09-18,2.6791977174079293,2.257276817028728,naive,AREQUIPA
2023-09-25,2.4471412221993685,2.257276817028728,naive,AREQUIPA
2023-10-02,2.257276817028728,2.257276817028728,naive,AREQUIPA
2023-10-09,1.750971736573686,2.257276817028728,naive,AREQUIPA
2023-10-16,1.8142598716305665,1.7509717365736859,naive,AREQUIPA
2023-10-23,1.8775480066874468,1.7509717365736859,naive,AREQUIPA
2023-10-30,2.067412411858087,1.7509717365736859,naive,AREQUIPA
2023-11-06,1.8564519616684863,1.7509717365736859,naive,AREQUIPA
2023-11-13,1.8142598716305665,1.8564519616684865,naive,AREQUIPA
2023-11-20,1.6665875564978458,1.8564519616684865,naive,AREQUIPA
2023-11-27,1.9619321867632866,1.8564519616684865,naive,AREQUIPA
2023-12-04,1.8986440517064065,1.8564519616684865,naive,AREQUIPA
2010-12-27,1.7406552254737662,0.9336075942936809,seasonal_naive,AREQUIPA
2011-01-03,2.1464828581136604,1.1122262079335004,seasonal_naive,AREQUIPA
2011-01-10,2.345191853045073,1.1247310687676648,seasonal_naive,AREQUIPA
2011-01-17,1.9076663360916097,1.8209931589571713,seasonal_naive,AREQUIPA
2011-01-24,1.7508718427142174,1.7674345366349018,seasonal_naive,AREQUIPA
2011-01-31,1.7508718427142174,1.6335379808292267,seasonal_naive,AREQUIPA
2011-02-07,1.9337987516545085,1.901331092440576,seasonal_naive,AREQUIPA
2011-02-14,1.8554015049658126,2.195903515213059,seasonal_naive,AREQUIPA
2011-02-21,2.012195998343205,1.954889714762846,seasonal_naive,AREQUIPA
2011-02-28,2.299652569535091,1.9548897147628452,seasonal_naive,AREQUIPA
2011-03-07,2.064460829469003,1.8209931589571706,seasonal_naive,AREQUIPA
2011-03-14,1.9599311672174073,2.9189449165637007,seasonal_naive,AREQUIPA
2011-03-21,1.9076663360916097,2.4369173156632726,seasonal_naive,AREQUIPA
2011-03-28,2.587109140726978,2.5975931826300815,seasonal_naive,AREQUIPA
2011-04-04,2.456447062912484,2.0887862705685194,seasonal_naive,AREQUIPA
2011-04-11,2.665506387415674,2.008448337085115,seasonal_naive,AREQUIPA
2011-04-18,2.456447062912484,1.8477724701183063,seasonal_naive,AREQUIPA
2011-04-25,2.5087118940382815,1.8209931589571713,seasonal_naive,AREQUIPA
2011-05-02,2.5087118940382815,2.1691242040519247,seasonal_naive,AREQUIPA
2011-05-09,2.1167256605948,2.2494621375353283,seasonal_naive,AREQUIPA
2011-05-16,1.9599311672174073,2.3030207598575987,seasonal_naive,AREQUIPA
2011-05-23,1.7247394271513183,2.1691242040519247,seasonal_naive,AREQUIPA
2011-05-30,2.0644608294690023,1.9816690259239804,seasonal_naive,AREQUIPA
2011-06-06,2.4564470629124835,1.9281104036017107,seasonal_naive,AREQUIPA
2011-06-13,2.4041822317866863,2.008448337085115,seasonal_naive,AREQUIPA
2011-06-20,2.53484430960118,2.383358693341003,seasonal_naive,AREQUIPA
2011-06-27,3.188154698673649,2.5172552491466766,seasonal_naive,AREQUIPA
2011-07-04,3.3972140231768395,2.5708138714689475,seasonal_naive,AREQUIPA
2011-07-11,3.2926843609252443,2.677931116113486,seasonal_naive,AREQUIPA
2011-07-18,2.6132415562898763,2.624372493791217,seasonal_naive,AREQUIPA
2011-07-25,2.5609767251640787,2.490475937985543,seasonal_naive,AREQUIPA
2011-08-01,2.665506387415674,2.3565793821798686,seasonal_naive,AREQUIPA
2011-08-08,2.9006981274817627,2.677931116113486,seasonal_naive,AREQUIPA
2011-08-15,3.083625036422054,3.240296650497319,seasonal_naive,AREQUIPA
2011-08-22,3.2404195297994463,3.186738028175049,seasonal_naive,AREQUIPA
2011-08-29,3.554008516554232,2.97250353888597,seasonal_naive,AREQUIPA
2011-09-05,3.5278761009913335,2.490475937985542,seasonal_naive,AREQUIPA
2011-09-12,3.371081607613941,2.5975931826300815,seasonal_naive,AREQUIPA
2011-09-19,3.1358898675478515,2.195903515213059,seasonal_naive,AREQUIPA
2011-09-26,3.3710816076139403,2.195903515213059,seasonal_naive,AREQUIPA
2011-10-03,3.527876100991333,1.7406552254737662,seasonal_naive,AREQUIPA
2011-10-10,3.318816776488143,3.27752458955479,seasonal_naive,AREQUIPA
2011-10-17,3.527876100991333,3.4382004565216,seasonal_naive,AREQUIPA
2011-10-24,3.7892002566203207,3.6524349458106777,seasonal_naive,AREQUIPA
2011-10-31,3.606273347680029,2.142344892890789,seasonal_naive,AREQUIPA
2011-11-07,2.926830543044661,1.7942138477960359,seasonal_naive,AREQUIPA
2011-11-14,2.6916388029785723,1.7942138477960359,seasonal_naive,AREQUIPA
2011-11-21,3.1358898675478515,2.115565581729654,seasonal_naive,AREQUIPA
2011-11-28,3.0836250364220543,2.169124204051924,seasonal_naive,AREQUIPA
2011-12-05,2.4825794784753827,2.062006959407385,seasonal_naive,AREQUIPA
2011-12-12,2.0383284139061035,1.6603172919903617,seasonal_naive,AREQUIPA
2011-12-19,2.2212553228463947,1.526420736184687,seasonal_naive,AREQUIPA
2011-12-26,2.32578498509799,1.7406552254737662,seasonal_naive,AREQUIPA
2012-01-02,2.3340424025734827,2.146482858113661,seasonal_naive,AREQUIPA
2012-01-09,2.0062766931976515,2.345191853045073,seasonal_naive,AREQUIPA
2012-01-16,2.0412829054804362,1.9076663360916095,seasonal_naive,AREQUIPA
2012-01-23,2.092314978117447,1.7508718427142174,seasonal_naive,AREQUIPA
2012-01-30,2.3985074139395124,1.7508718427142174,seasonal_naive,AREQUIPA
2012-02-06,2.2198951597099748,1.9337987516545083,seasonal_naive,AREQUIPA
2012-02-13,2.194379123391469,1.8554015049658124,seasonal_naive,AREQUIPA
2012-02-20,2.577119668169051,2.0121959983432047,seasonal_naive,AREQUIPA
2012-02-27,2.857796067672611,2.2996525695350916,seasonal_naive,AREQUIPA
2012-03-05,2.781247958717094,2.0644608294690032,seasonal_naive,AREQUIPA
2012-03-12,2.3219593049839964,1.9599311672174076,seasonal_naive,AREQUIPA
2012-03-19,2.3985074139395124,1.9076663360916095,seasonal_naive,AREQUIPA
2012-03-26,2.8322800313541054,2.587109140726978,seasonal_naive,AREQUIPA
2012-04-02,2.6281517408060613,2.456447062912484,seasonal_naive,AREQUIPA
2012-04-09,2.5005715592135345,2.665506387415674,seasonal_naive,AREQUIPA
2012-04-16,1.9392187602064146,2.456447062912484,seasonal_naive,AREQUIPA
2012-04-23,2.194379123391469,2.508711894038281,seasonal_naive,AREQUIPA
2012-04-30,2.270927232346985,2.508711894038281,seasonal_naive,AREQUIPA
2012-05-07,2.9598602129466323,2.1167256605948,seasonal_naive,AREQUIPA
2012-05-14,3.674309229864786,1.9599311672174076,seasonal_naive,AREQUIPA
2012-05-21,3.699825266183291,1.7247394271513186,seasonal_naive,AREQUIPA
2012-05-28,3.4191488666797305,2.0644608294690023,seasonal_naive,AREQUIPA
2012-06-04,2.8322800313541054,2.456447062912483,seasonal_naive,AREQUIPA
2012-06-11,2.908828140309622,2.4041822317866868,seasonal_naive,AREQUIPA
2012-06-18,2.602635704487556,2.5348443096011795,seasonal_naive,AREQUIPA
2012-06-25,2.2964432686654908,3.188154698673649,seasonal_naive,AREQUIPA
2012-07-02,2.117831014435953,3.3972140231768395,seasonal_naive,AREQUIPA
2012-07-09,2.7302158860800834,3.2926843609252443,seasonal_naive,AREQUIPA
2012-07-16,2.934344176628127,2.613241556289876,seasonal_naive,AREQUIPA
2012-07-23,3.1384724671761703,2.5609767251640787,seasonal_naive,AREQUIPA
2012-07-30,2.628151740806062,2.665506387415674,seasonal_naive,AREQUIPA
2012-08-06,2.5516036318505457,2.9006981274817623,seasonal_naive,AREQUIPA
2012-08-13,2.449539486576523,3.083625036422054,seasonal_naive,AREQUIPA
2012-08-20,2.3474753413025016,3.2404195297994467,seasonal_naive,AREQUIPA
2012-08-27,2.3219593049839964,3.5540085165542323,seasonal_naive,AREQUIPA
2012-09-03,2.092314978117447,3.5278761009913335,seasonal_naive,AREQUIPA
2012-09-10,2.066798941798942,3.371081607613941,seasonal_naive,AREQUIPA
2012-09-17,1.8881866875694036,3.1358898675478515,seasonal_naive,AREQUIPA
2012-09-24,1.9392187602064144,3.3710816076139403,seasonal_naive,AREQUIPA
2012-10-01,1.6585423607028542,3.5278761009913326,seasonal_naive,AREQUIPA
2012-10-08,1.5054461427918218,3.3188167764881427,seasonal_naive,AREQUIPA
2012-10-15,1.301317852243778,3.5278761009913326,seasonal_naive,AREQUIPA
2012-10-22,1.352349924880789,3.789200256620321,seasonal_naive,AREQUIPA
2012-10-29,1.2758018159252729,3.6062733476800295,seasonal_naive,AREQUIPA
2012-11-05,1.4799301064733161,2.926830543044661,seasonal_naive,AREQUIPA
2012-11-12,1.5564782154288326,2.6916388029785723,seasonal_naive,AREQUIPA
2012-11-19,1.7861225422953817,3.1358898675478515,seasonal_naive,AREQUIPA
2012-11-26,1.96473479652492,3.083625036422054,seasonal_naive,AREQUIPA
2012-12-03,2.3474753413025016,2.4825794784753827,seasonal_naive,AREQUIPA
2012-12-10,2.24541119602848,2.038328413906104,seasonal_naive,AREQUIPA
2012-12-17,1.862670651250898,2.2212553228463947,seasonal_naive,AREQUIPA
2012-12-24,1.5819942517473382,2.32578498509799,seasonal_naive,AREQUIPA
2012-12-31,1.9902508328434252,2.3340424025734827,seasonal_naive,AREQUIPA
2013-01-07,2.1037196749464067,2.006276693197652,seasonal_naive,AREQUIPA
2013-01-14,2.164980499454915,2.0412829054804362,seasonal_naive,AREQUIPA
2013-01-21,2.019173171021724,2.0923149781174475,seasonal_naive,AREQUIPA
2013-01-28,2.1936696179001447,2.398507413939512,seasonal_naive,AREQUIPA
2013-02-04,2.1936696179001447,2.2198951597099748,seasonal_naive,AREQUIPA
2013-02-11,2.0191731710217242,2.194379123391469,seasonal_naive,AREQUIPA
2013-02-18,1.7698925326239803,2.577119668169051,seasonal_naive,AREQUIPA
2013-02-25,1.5455399580660112,2.8577960676726106,seasonal_naive,AREQUIPA
2013-03-04,1.4956838303864626,2.7812479587170937,seasonal_naive,AREQUIPA
2013-03-11,1.5704680219057856,2.3219593049839964,seasonal_naive,AREQUIPA
2013-03-18,1.4707557665466882,2.398507413939512,seasonal_naive,AREQUIPA
2013-03-25,1.4458277027069137,2.832280031354106,seasonal_naive,AREQUIPA
2013-04-01,1.420899638867139,2.6281517408060613,seasonal_naive,AREQUIPA
2013-04-08,1.6203241495853342,2.5005715592135345,seasonal_naive,AREQUIPA
2013-04-15,1.395971575027365,1.9392187602064144,seasonal_naive,AREQUIPA
2013-04-22,1.346115447347816,2.194379123391469,seasonal_naive,AREQUIPA
2013-04-29,1.2214751281489442,2.270927232346985,seasonal_naive,AREQUIPA
2013-05-06,1.5206118942262368,2.959860212946632,seasonal_naive,AREQUIPA
2013-05-13,1.7449644687842063,3.6743092298647864,seasonal_naive,AREQUIPA
2013-05-20,2.143813490220596,3.699825266183291,seasonal_naive,AREQUIPA
2013-05-27,2.418022192458114,3.4191488666797305,seasonal_naive,AREQUIPA
2013-06-03,2.5426625116569856,2.832280031354106,seasonal_naive,AREQUIPA
2013-06-10,2.79194315005473,2.908828140309622,seasonal_naive,AREQUIPA
2013-06-17,2.6673028308558577,2.6026357044875557,seasonal_naive,AREQUIPA
2013-06-24,2.492806383977437,2.2964432686654908,seasonal_naive,AREQUIPA
2013-07-01,2.1438134902205963,2.1178310144359527,seasonal_naive,AREQUIPA
2013-07-08,2.1188854263808214,2.7302158860800834,seasonal_naive,AREQUIPA
2013-07-15,1.944388979502401,2.934344176628127,seasonal_naive,AREQUIPA
2013-07-22,2.143813490220596,3.1384724671761703,seasonal_naive,AREQUIPA
2013-07-29,2.143813490220596,2.628151740806062,seasonal_naive,AREQUIPA
2013-08-05,2.343238000938791,2.5516036318505453,seasonal_naive,AREQUIPA
2013-08-12,2.5675905754967605,2.4495394865765237,seasonal_naive,AREQUIPA
2013-08-19,2.2933818732592424,2.347475341302501,seasonal_naive,AREQUIPA
2013-08-26,1.944388979502401,2.3219593049839964,seasonal_naive,AREQUIPA
2013-09-02,1.5206118942262368,2.0923149781174475,seasonal_naive,AREQUIPA
2013-09-09,1.6701802772648833,2.066798941798942,seasonal_naive,AREQUIPA
2013-09-16,2.0939573625410475,1.8881866875694036,seasonal_naive,AREQUIPA
2013-09-23,2.093957362541047,1.9392187602064144,seasonal_naive,AREQUIPA
2013-09-30,2.1687415540603703,1.6585423607028542,seasonal_naive,AREQUIPA
2013-10-07,2.1936696179001447,1.5054461427918218,seasonal_naive,AREQUIPA
2013-10-14,2.069029298701273,1.301317852243778,seasonal_naive,AREQUIPA
2013-10-21,1.9693170433421756,1.352349924880789,seasonal_naive,AREQUIPA
2013-10-28,1.7200364049444314,1.2758018159252726,seasonal_naive,AREQUIPA
2013-11-04,1.6951083411046575,1.4799301064733161,seasonal_naive,AREQUIPA
2013-11-11,1.6951083411046575,1.5564782154288326,seasonal_naive,AREQUIPA
2013-11-18,1.6951083411046575,1.7861225422953817,seasonal_naive,AREQUIPA
2013-11-25,1.545539958066011,1.9647347965249198,seasonal_naive,AREQUIPA
2013-12-02,1.3710435111875905,2.347475341302501,seasonal_naive,AREQUIPA
2013-12-09,1.271331255828493,2.24541119602848,seasonal_naive,AREQUIPA
2013-12-16,1.346115447347816,1.8626706512508981,seasonal_naive,AREQUIPA
2013-12-23,1.2962593196682672,1.5819942517473382,seasonal_naive,AREQUIPA
2013-12-30,1.2962593196682672,1.9902508328434254,seasonal_naive,AREQUIPA
2014-01-06,1.188124785800328,2.1037196749464067,seasonal_naive,AREQUIPA
2014-01-13,1.594495828824886,2.164980499454915,seasonal_naive,AREQUIPA
2014-01-20,1.9493262884681268,2.0191731710217233,seasonal_naive,AREQUIPA
2014-01-27,2.4122912819793068,2.1936696179001443,seasonal_naive,AREQUIPA
2014-02-03,2.168625495920791,2.1936696179001443,seasonal_naive,AREQUIPA
2014-02-10,1.6325607665920563,2.0191731710217242,seasonal_naive,AREQUIPA
2014-02-17,1.2670620875042824,1.7698925326239805,seasonal_naive,AREQUIPA
2014-02-24,1.1452291944750244,1.5455399580660112,seasonal_naive,AREQUIPA
2014-03-03,1.242695508898431,1.4956838303864628,seasonal_naive,AREQUIPA
2014-03-10,1.2183289302925793,1.5704680219057858,seasonal_naive,AREQUIPA
2014-03-17,1.1695957730808761,1.4707557665466882,seasonal_naive,AREQUIPA
2014-03-24,1.1939623516867277,1.4458277027069137,seasonal_naive,AREQUIPA
2014-03-31,1.169595773080876,1.4208996388671393,seasonal_naive,AREQUIPA
2014-04-07,1.3645284019276887,1.6203241495853342,seasonal_naive,AREQUIPA
2014-04-14,1.5107278735627983,1.3959715750273647,seasonal_naive,AREQUIPA
2014-04-21,1.413261559139392,1.346115447347816,seasonal_naive,AREQUIPA
2014-04-28,1.291428666110134,1.2214751281489442,seasonal_naive,AREQUIPA
2014-05-05,1.1695957730808761,1.5206118942262365,seasonal_naive,AREQUIPA
2014-05-12,1.2183289302925793,1.744964468784206,seasonal_naive,AREQUIPA
2014-05-19,1.3157952447159857,2.143813490220596,seasonal_naive,AREQUIPA
2014-05-26,1.3645284019276887,2.418022192458114,seasonal_naive,AREQUIPA
2014-06-02,1.5107278735627983,2.542662511656986,seasonal_naive,AREQUIPA
2014-06-09,1.583827609380353,2.79194315005473,seasonal_naive,AREQUIPA
2014-06-16,1.583827609380353,2.6673028308558573,seasonal_naive,AREQUIPA
2014-06-23,1.4376281377452436,2.492806383977437,seasonal_naive,AREQUIPA
2014-06-30,1.2670620875042824,2.1438134902205963,seasonal_naive,AREQUIPA
2014-07-07,1.3157952447159857,2.1188854263808214,seasonal_naive,AREQUIPA
2014-07-14,1.7300270810154625,1.944388979502401,seasonal_naive,AREQUIPA
2014-07-21,2.3148249675559005,2.143813490220596,seasonal_naive,AREQUIPA
2014-07-28,2.7290568038553773,2.143813490220596,seasonal_naive,AREQUIPA
2014-08-04,2.4122912819793068,2.343238000938791,seasonal_naive,AREQUIPA
2014-08-11,2.655957068037823,2.5675905754967605,seasonal_naive,AREQUIPA
2014-08-18,2.5584907536144166,2.293381873259243,seasonal_naive,AREQUIPA
2014-08-25,3.0701889043373,1.944388979502401,seasonal_naive,AREQUIPA
2014-09-01,2.509757596402713,1.5206118942262365,seasonal_naive,AREQUIPA
2014-09-08,2.241725231738346,1.6701802772648835,seasonal_naive,AREQUIPA
2014-09-15,2.1929920745266425,2.0939573625410475,seasonal_naive,AREQUIPA
2014-09-22,2.3879247033734554,2.0939573625410466,seasonal_naive,AREQUIPA
2014-09-29,2.6803236466436737,2.1687415540603703,seasonal_naive,AREQUIPA
2014-10-06,2.3391915461617523,2.1936696179001443,seasonal_naive,AREQUIPA
2014-10-13,1.9736928670739786,2.0690292987012726,seasonal_naive,AREQUIPA
2014-10-20,1.6812939238037592,1.9693170433421756,seasonal_naive,AREQUIPA
2014-10-27,1.7056605024096108,1.7200364049444312,seasonal_naive,AREQUIPA
2014-11-03,1.754393659621314,1.6951083411046577,seasonal_naive,AREQUIPA
2014-11-10,1.583827609380353,1.6951083411046577,seasonal_naive,AREQUIPA
2014-11-17,1.5107278735627983,1.6951083411046577,seasonal_naive,AREQUIPA
2014-11-24,1.2426955088984308,1.545539958066011,seasonal_naive,AREQUIPA
2014-12-01,1.53509445216865,1.3710435111875905,seasonal_naive,AREQUIPA
2014-12-08,1.5107278735627983,1.271331255828493,seasonal_naive,AREQUIPA
2014-12-15,1.9005931312564235,1.346115447347816,seasonal_naive,AREQUIPA
2014-12-22,1.7300270810154625,1.2962593196682672,seasonal_naive,AREQUIPA
2014-12-29,2.1929920745266425,1.2962593196682672,seasonal_naive,AREQUIPA
2015-01-05,2.2017929502078726,1.188124785800328,seasonal_naive,AREQUIPA
2015-01-12,2.2614739766076504,1.594495828824886,seasonal_naive,AREQUIPA
2015-01-19,2.097025060164364,1.9493262884681266,seasonal_naive,AREQUIPA
2015-01-26,1.9540460787895209,2.4122912819793068,seasonal_naive,AREQUIPA
2015-02-02,2.0017057392478015,2.168625495920791,seasonal_naive,AREQUIPA
2015-02-09,1.6442582858106942,1.632560766592056,seasonal_naive,AREQUIPA
2015-02-16,1.6680881160398346,1.2670620875042824,seasonal_naive,AREQUIPA
2015-02-23,1.4536196439775704,1.1452291944750246,seasonal_naive,AREQUIPA
2015-03-02,1.5251091346649917,1.242695508898431,seasonal_naive,AREQUIPA
2015-03-09,1.4774494742067106,1.2183289302925793,seasonal_naive,AREQUIPA
2015-03-16,1.3821301532901487,1.1695957730808761,seasonal_naive,AREQUIPA
2015-03-23,1.4297898137484297,1.1939623516867277,seasonal_naive,AREQUIPA
2015-03-30,1.3821301532901487,1.169595773080876,seasonal_naive,AREQUIPA
2015-04-06,1.6919179462689753,1.3645284019276887,seasonal_naive,AREQUIPA
2015-04-13,1.5965986253524134,1.5107278735627983,seasonal_naive,AREQUIPA
2015-04-20,1.5251091346649919,1.413261559139392,seasonal_naive,AREQUIPA
2015-04-27,1.3344704928318676,1.291428666110134,seasonal_naive,AREQUIPA
2015-05-04,1.5489389648941323,1.1695957730808761,seasonal_naive,AREQUIPA
2015-05-11,1.4774494742067106,1.2183289302925793,seasonal_naive,AREQUIPA
2015-05-18,1.334470492831868,1.3157952447159857,seasonal_naive,AREQUIPA
2015-05-25,1.1914915114570246,1.3645284019276887,seasonal_naive,AREQUIPA
2015-06-01,1.5251091346649917,1.5107278735627983,seasonal_naive,AREQUIPA
2015-06-08,1.6204284555815536,1.5838276093803532,seasonal_naive,AREQUIPA
2015-06-15,1.715747776498116,1.5838276093803532,seasonal_naive,AREQUIPA
2015-06-22,1.8825565881020994,1.4376281377452436,seasonal_naive,AREQUIPA
2015-06-29,2.2400040415392066,1.2670620875042824,seasonal_naive,AREQUIPA
2015-07-06,2.38298302291405,1.3157952447159857,seasonal_naive,AREQUIPA
2015-07-13,2.1208548903935043,1.7300270810154625,seasonal_naive,AREQUIPA
2015-07-20,2.1446847206226445,2.3148249675559005,seasonal_naive,AREQUIPA
2015-07-27,1.9540460787895206,2.7290568038553773,seasonal_naive,AREQUIPA
2015-08-03,2.097025060164364,2.4122912819793068,seasonal_naive,AREQUIPA
2015-08-10,2.025535569476942,2.6559570680378224,seasonal_naive,AREQUIPA
2015-08-17,2.001705739247802,2.5584907536144166,seasonal_naive,AREQUIPA
2015-08-24,2.1446847206226445,3.0701889043372996,seasonal_naive,AREQUIPA
2015-08-31,1.90638641833124,2.509757596402713,seasonal_naive,AREQUIPA
2015-09-07,1.8348969276438183,2.241725231738346,seasonal_naive,AREQUIPA
2015-09-14,1.5251091346649917,2.1929920745266425,seasonal_naive,AREQUIPA
2015-09-21,1.6919179462689753,2.387924703373455,seasonal_naive,AREQUIPA
2015-09-28,1.7157477764981157,2.6803236466436733,seasonal_naive,AREQUIPA
2015-10-05,2.073195229935223,2.3391915461617527,seasonal_naive,AREQUIPA
2015-10-12,2.073195229935223,1.9736928670739788,seasonal_naive,AREQUIPA
2015-10-19,2.1446847206226445,1.6812939238037592,seasonal_naive,AREQUIPA
2015-10-26,1.8587267578729587,1.705660502409611,seasonal_naive,AREQUIPA
2015-11-02,1.8348969276438183,1.754393659621314,seasonal_naive,AREQUIPA
2015-11-09,1.9778759090186613,1.5838276093803532,seasonal_naive,AREQUIPA
2015-11-16,1.9302162485603802,1.5107278735627983,seasonal_naive,AREQUIPA
2015-11-23,2.025535569476942,1.2426955088984308,seasonal_naive,AREQUIPA
2015-11-30,1.9540460787895206,1.53509445216865,seasonal_naive,AREQUIPA
2015-12-07,1.9063864183312396,1.5107278735627983,seasonal_naive,AREQUIPA
2015-12-14,1.5012793044358512,1.9005931312564233,seasonal_naive,AREQUIPA
2015-12-21,1.1914915114570246,1.7300270810154625,seasonal_naive,AREQUIPA
2015-12-28,0.6672352464159337,2.1929920745266425,seasonal_naive,AREQUIPA
2016-01-04,0.9636691533760189,2.201792950207873,seasonal_naive,AREQUIPA
2016-01-11,1.1424947421925638,2.2614739766076504,seasonal_naive,AREQUIPA
2016-01-18,2.005194853644092,2.097025060164364,seasonal_naive,AREQUIPA
2016-01-25,1.865297538273574,1.9540460787895206,seasonal_naive,AREQUIPA
2016-02-01,2.1684083882430296,2.0017057392478015,seasonal_naive,AREQUIPA
2016-02-08,1.981878634415672,1.6442582858106942,seasonal_naive,AREQUIPA
2016-02-15,2.3782543612988065,1.6680881160398349,seasonal_naive,AREQUIPA
2016-02-22,2.4015705805272263,1.4536196439775704,seasonal_naive,AREQUIPA
2016-02-29,2.4948354574409053,1.5251091346649917,seasonal_naive,AREQUIPA
2016-03-07,2.471519238212485,1.4774494742067106,seasonal_naive,AREQUIPA
2016-03-14,2.2150408266998687,1.3821301532901487,seasonal_naive,AREQUIPA
2016-03-21,1.772032661359895,1.4297898137484295,seasonal_naive,AREQUIPA
2016-03-28,1.562186688304118,1.3821301532901487,seasonal_naive,AREQUIPA
2016-04-04,1.562186688304118,1.6919179462689753,seasonal_naive,AREQUIPA
2016-04-11,1.911929976730413,1.5965986253524134,seasonal_naive,AREQUIPA
2016-04-18,1.8419813190451542,1.5251091346649919,seasonal_naive,AREQUIPA
2016-04-25,1.562186688304118,1.3344704928318674,seasonal_naive,AREQUIPA
2016-05-02,1.5155542498472787,1.5489389648941323,seasonal_naive,AREQUIPA
2016-05-09,1.5855029075325378,1.4774494742067106,seasonal_naive,AREQUIPA
2016-05-16,2.0751435113293506,1.334470492831868,seasonal_naive,AREQUIPA
2016-05-23,2.2849894843851275,1.1914915114570246,seasonal_naive,AREQUIPA
2016-05-30,2.494835457440905,1.5251091346649917,seasonal_naive,AREQUIPA
2016-06-06,2.5881003343545834,1.6204284555815538,seasonal_naive,AREQUIPA
2016-06-13,3.217638253521915,1.715747776498116,seasonal_naive,AREQUIPA
2016-06-20,3.8704923919176655,1.8825565881020996,seasonal_naive,AREQUIPA
2016-06-27,4.546662749541835,2.2400040415392066,seasonal_naive,AREQUIPA
2016-07-04,4.779824941826033,2.38298302291405,seasonal_naive,AREQUIPA
2016-07-11,4.8031411610544525,2.120854890393504,seasonal_naive,AREQUIPA
2016-07-18,4.243551899572381,2.144684720622644,seasonal_naive,AREQUIPA
2016-07-25,3.7772275150039873,1.9540460787895206,seasonal_naive,AREQUIPA
2016-08-01,3.2409544727503348,2.097025060164364,seasonal_naive,AREQUIPA
2016-08-08,3.427484226577692,2.025535569476942,seasonal_naive,AREQUIPA
2016-08-15,3.4508004458061117,2.001705739247802,seasonal_naive,AREQUIPA
2016-08-22,3.3575355688924327,2.144684720622644,seasonal_naive,AREQUIPA
2016-08-29,2.8445787458672,1.9063864183312398,seasonal_naive,AREQUIPA
2016-09-05,2.564784115126164,1.8348969276438183,seasonal_naive,AREQUIPA
2016-09-12,2.4015705805272263,1.5251091346649917,seasonal_naive,AREQUIPA
2016-09-19,2.3782543612988065,1.6919179462689753,seasonal_naive,AREQUIPA
2016-09-26,2.12177594978619,1.7157477764981157,seasonal_naive,AREQUIPA
2016-10-03,2.1217759497861906,2.073195229935223,seasonal_naive,AREQUIPA
2016-10-10,1.9585624151872525,2.073195229935223,seasonal_naive,AREQUIPA
2016-10-17,1.981878634415672,2.144684720622644,seasonal_naive,AREQUIPA
2016-10-24,1.8652975382735735,1.8587267578729587,seasonal_naive,AREQUIPA
2016-10-31,1.9585624151872523,1.8348969276438183,seasonal_naive,AREQUIPA
2016-11-07,2.12177594978619,1.9778759090186613,seasonal_naive,AREQUIPA
2016-11-14,2.2849894843851275,1.93021624856038,seasonal_naive,AREQUIPA
2016-11-21,2.284989484385128,2.025535569476942,seasonal_naive,AREQUIPA
2016-11-28,2.14509216901461,1.9540460787895206,seasonal_naive,AREQUIPA
2016-12-05,2.2616732651567077,1.9063864183312398,seasonal_naive,AREQUIPA
2016-12-12,2.401570580527226,1.501279304435851,seasonal_naive,AREQUIPA
2016-12-19,2.4482030189840653,1.1914915114570246,seasonal_naive,AREQUIPA
2016-12-26,2.4248867997556456,0.6672352464159337,seasonal_naive,AREQUIPA
2017-01-02,2.2721990932886396,0.9636691533760189,seasonal_naive,AREQUIPA
2017-01-09,1.9810898858084023,1.1424947421925635,seasonal_naive,AREQUIPA
2017-01-16,1.6889968020899735,2.005194853644092,seasonal_naive,AREQUIPA
2017-01-23,1.8259424887459172,1.8652975382735741,seasonal_naive,AREQUIPA
2017-01-30,2.2139552676044247,2.1684083882430296,seasonal_naive,AREQUIPA
2017-02-06,2.1226581431671288,1.9818786344156718,seasonal_naive,AREQUIPA
2017-02-13,2.054185299839157,2.3782543612988065,seasonal_naive,AREQUIPA
2017-02-20,1.9400638942925372,2.4015705805272263,seasonal_naive,AREQUIPA
2017-02-27,1.9628881754018612,2.4948354574409057,seasonal_naive,AREQUIPA
2017-03-06,1.7118210831992975,2.471519238212485,seasonal_naive,AREQUIPA
2017-03-13,1.8259424887459172,2.215040826699869,seasonal_naive,AREQUIPA
2017-03-20,2.1683067053857767,1.772032661359895,seasonal_naive,AREQUIPA
2017-03-27,2.2824281109323965,1.562186688304118,seasonal_naive,AREQUIPA
2017-04-03,1.8715910509645648,1.562186688304118,seasonal_naive,AREQUIPA
2017-04-10,1.8259424887459172,1.9119299767304128,seasonal_naive,AREQUIPA
2017-04-17,2.054185299839157,1.841981319045154,seasonal_naive,AREQUIPA
2017-04-24,2.054185299839157,1.562186688304118,seasonal_naive,AREQUIPA
2017-05-01,1.917239613183213,1.5155542498472787,seasonal_naive,AREQUIPA
2017-05-08,1.8259424887459172,1.5855029075325378,seasonal_naive,AREQUIPA
2017-05-15,1.9857124565111854,2.0751435113293506,seasonal_naive,AREQUIPA
2017-05-22,2.2139552676044247,2.2849894843851275,seasonal_naive,AREQUIPA
2017-05-29,2.4878466409163127,2.494835457440905,seasonal_naive,AREQUIPA
2017-06-05,2.6704408897909038,2.5881003343545834,seasonal_naive,AREQUIPA
2017-06-12,2.487846640916312,3.217638253521915,seasonal_naive,AREQUIPA
2017-06-19,2.1454824242764525,3.8704923919176655,seasonal_naive,AREQUIPA
2017-06-26,1.917239613183213,4.546662749541835,seasonal_naive,AREQUIPA
2017-07-03,2.328076673151044,4.779824941826034,seasonal_naive,AREQUIPA
2017-07-10,2.6704408897909038,4.803141161054453,seasonal_naive,AREQUIPA
2017-07-17,2.967156544212115,4.24355189957238,seasonal_naive,AREQUIPA
2017-07-24,2.921507981993468,3.777227515003988,seasonal_naive,AREQUIPA
2017-07-31,2.807386576446848,3.240954472750335,seasonal_naive,AREQUIPA
2017-08-07,2.921507981993468,3.427484226577692,seasonal_naive,AREQUIPA
2017-08-14,3.058453668649411,3.4508004458061117,seasonal_naive,AREQUIPA
2017-08-21,3.241047917524003,3.357535568892432,seasonal_naive,AREQUIPA
2017-08-28,2.8758594197748195,2.8445787458671994,seasonal_naive,AREQUIPA
2017-09-04,2.6704408897909038,2.564784115126164,seasonal_naive,AREQUIPA
2017-09-11,2.601968046462932,2.4015705805272263,seasonal_naive,AREQUIPA
2017-09-18,2.556319484244284,2.3782543612988065,seasonal_naive,AREQUIPA
2017-09-25,2.236779548713748,2.12177594978619,seasonal_naive,AREQUIPA
2017-10-02,2.145482424276452,2.1217759497861906,seasonal_naive,AREQUIPA
2017-10-09,2.1454824242764525,1.9585624151872523,seasonal_naive,AREQUIPA
2017-10-16,2.1226581431671288,1.9818786344156718,seasonal_naive,AREQUIPA
2017-10-23,2.1226581431671288,1.8652975382735735,seasonal_naive,AREQUIPA
2017-10-30,2.1454824242764525,1.9585624151872523,seasonal_naive,AREQUIPA
2017-11-06,2.373725235369692,2.12177594978619,seasonal_naive,AREQUIPA
2017-11-13,2.1911309864951005,2.2849894843851275,seasonal_naive,AREQUIPA
2017-11-20,2.328076673151044,2.284989484385128,seasonal_naive,AREQUIPA
2017-11-27,2.1226581431671288,2.1450921690146103,seasonal_naive,AREQUIPA
2017-12-04,2.2139552676044243,2.2616732651567077,seasonal_naive,AREQUIPA
2017-12-11,2.2824281109323965,2.401570580527226,seasonal_naive,AREQUIPA
2017-12-18,2.2367795487137485,2.4482030189840653,seasonal_naive,AREQUIPA
2017-12-25,2.41937379758834,2.4248867997556456,seasonal_naive,AREQUIPA
2018-01-01,2.1814840714207016,2.2721990932886396,seasonal_naive,AREQUIPA
2018-01-08,1.985695155077693,1.9810898858084025,seasonal_naive,AREQUIPA
2018-01-15,1.5165216871933704,1.6889968020899733,seasonal_naive,AREQUIPA
2018-01-22,1.5165216871933704,1.8259424887459172,seasonal_naive,AREQUIPA
2018-01-29,1.6798394073526566,2.2139552676044247,seasonal_naive,AREQUIPA
2018-02-05,1.9598126419114326,2.1226581431671288,seasonal_naive,AREQUIPA
2018-02-12,1.8898193332717386,2.054185299839157,seasonal_naive,AREQUIPA
2018-02-19,2.1464614649506166,1.940063894292537,seasonal_naive,AREQUIPA
2018-02-26,2.029805950551127,1.9628881754018612,seasonal_naive,AREQUIPA
2018-03-05,2.449765802389291,1.7118210831992975,seasonal_naive,AREQUIPA
2018-03-12,2.333110287989801,1.8259424887459172,seasonal_naive,AREQUIPA
2018-03-19,2.473096905269189,2.1683067053857767,seasonal_naive,AREQUIPA
2018-03-26,2.0764681563109226,2.282428110932396,seasonal_naive,AREQUIPA
2018-04-02,2.0531370534310245,1.8715910509645648,seasonal_naive,AREQUIPA
2018-04-09,2.193123670710413,1.8259424887459172,seasonal_naive,AREQUIPA
2018-04-16,2.4964280081490866,2.054185299839157,seasonal_naive,AREQUIPA
2018-04-23,2.449765802389291,2.054185299839157,seasonal_naive,AREQUIPA
2018-04-30,2.216454773590311,1.9172396131832128,seasonal_naive,AREQUIPA
2018-05-07,1.959812641911433,1.8259424887459172,seasonal_naive,AREQUIPA
2018-05-14,1.8431571275119427,1.9857124565111852,seasonal_naive,AREQUIPA
2018-05-21,1.9598126419114328,2.2139552676044247,seasonal_naive,AREQUIPA
2018-05-28,2.519759111028985,2.487846640916313,seasonal_naive,AREQUIPA
2018-06-04,3.0097122715068436,2.670440889790904,seasonal_naive,AREQUIPA
2018-06-11,3.2663544031857215,2.4878466409163114,seasonal_naive,AREQUIPA
2018-06-18,3.0097122715068436,2.145482424276453,seasonal_naive,AREQUIPA
2018-06-25,2.9163878599872515,1.9172396131832128,seasonal_naive,AREQUIPA
2018-07-02,3.219692197425926,2.3280766731510436,seasonal_naive,AREQUIPA
2018-07-09,3.6396520492640896,2.670440889790904,seasonal_naive,AREQUIPA
2018-07-16,4.409578444300725,2.9671565442121155,seasonal_naive,AREQUIPA
2018-07-23,4.10627410686205,2.921507981993468,seasonal_naive,AREQUIPA
2018-07-30,4.1995985183816416,2.8073865764468486,seasonal_naive,AREQUIPA
2018-08-06,3.9896185924625596,2.921507981993468,seasonal_naive,AREQUIPA
2018-08-13,4.036280798222356,3.058453668649411,seasonal_naive,AREQUIPA
2018-08-20,3.966287489582662,3.2410479175240035,seasonal_naive,AREQUIPA
2018-08-27,3.3830099175852113,2.8758594197748195,seasonal_naive,AREQUIPA
2018-09-03,3.2663544031857215,2.670440889790904,seasonal_naive,AREQUIPA
2018-09-10,2.893056757107353,2.601968046462932,seasonal_naive,AREQUIPA
2018-09-17,3.0797055801465376,2.556319484244284,seasonal_naive,AREQUIPA
2018-09-24,2.706407934068169,2.236779548713748,seasonal_naive,AREQUIPA
2018-10-01,2.3797724937495968,2.145482424276452,seasonal_naive,AREQUIPA
2018-10-08,2.1231303620707185,2.145482424276453,seasonal_naive,AREQUIPA
2018-10-15,2.356441390869699,2.1226581431671288,seasonal_naive,AREQUIPA
2018-10-22,2.706407934068169,2.1226581431671288,seasonal_naive,AREQUIPA
2018-10-29,2.916387859987251,2.145482424276453,seasonal_naive,AREQUIPA
2018-11-05,2.8463945513475566,2.373725235369692,seasonal_naive,AREQUIPA
2018-11-12,2.7764012427078626,2.1911309864951,seasonal_naive,AREQUIPA
2018-11-19,2.356441390869698,2.3280766731510436,seasonal_naive,AREQUIPA
2018-11-26,2.4264346995093926,2.1226581431671288,seasonal_naive,AREQUIPA
2018-12-03,2.2397858764702083,2.2139552676044243,seasonal_naive,AREQUIPA
2018-12-10,2.636414625428475,2.282428110932396,seasonal_naive,AREQUIPA
2018-12-17,2.473096905269189,2.2367795487137485,seasonal_naive,AREQUIPA
2018-12-24,2.3797724937495968,2.41937379758834,seasonal_naive,AREQUIPA
2018-12-31,2.1697925678305148,2.181484071420702,seasonal_naive,AREQUIPA
2019-01-07,2.266988159778081,1.9856951550776931,seasonal_naive,AREQUIPA
2019-01-14,2.546826120142376,1.5165216871933704,seasonal_naive,AREQUIPA
2019-01-21,2.4124277352720145,1.5165216871933704,seasonal_naive,AREQUIPA
2019-01-28,2.3441514786133717,1.6798394073526566,seasonal_naive,AREQUIPA
2019-02-04,1.8662176820028786,1.9598126419114328,seasonal_naive,AREQUIPA
2019-02-11,1.5248363987096691,1.8898193332717386,seasonal_naive,AREQUIPA
2019-02-18,1.5475951509292163,2.146461464950616,seasonal_naive,AREQUIPA
2019-02-25,1.661388912026953,2.029805950551127,seasonal_naive,AREQUIPA
2019-03-04,1.9117351864419732,2.449765802389291,seasonal_naive,AREQUIPA
2019-03-11,2.0710464519788045,2.333110287989801,seasonal_naive,AREQUIPA
2019-03-18,2.1165639564178993,2.473096905269189,seasonal_naive,AREQUIPA
2019-03-25,2.184840213076541,2.076468156310923,seasonal_naive,AREQUIPA
2019-04-01,1.8889764342224262,2.0531370534310245,seasonal_naive,AREQUIPA
2019-04-08,1.9117351864419734,2.193123670710413,seasonal_naive,AREQUIPA
2019-04-15,1.9572526908810681,2.496428008149087,seasonal_naive,AREQUIPA
2019-04-22,2.0027701953201626,2.449765802389291,seasonal_naive,AREQUIPA
2019-04-29,2.4351864874915616,2.2164547735903115,seasonal_naive,AREQUIPA
2019-05-06,2.5034627441502035,1.9598126419114328,seasonal_naive,AREQUIPA
2019-05-13,2.7310502663456773,1.8431571275119427,seasonal_naive,AREQUIPA
2019-05-20,2.5717390008088454,1.9598126419114328,seasonal_naive,AREQUIPA
2019-05-27,2.913120284102055,2.519759111028985,seasonal_naive,AREQUIPA
2019-06-03,3.0951903018584335,3.0097122715068436,seasonal_naive,AREQUIPA
2019-06-10,3.391054080712548,3.2663544031857215,seasonal_naive,AREQUIPA
2019-06-17,3.3455365762734535,3.0097122715068436,seasonal_naive,AREQUIPA
2019-06-24,3.846229125103495,2.916387859987252,seasonal_naive,AREQUIPA
2019-07-01,3.8007116206644,3.2196921974259256,seasonal_naive,AREQUIPA
2019-07-08,4.210369160616252,3.639652049264089,seasonal_naive,AREQUIPA
2019-07-15,4.528991691689915,4.409578444300725,seasonal_naive,AREQUIPA
2019-07-22,4.870372974983124,4.106274106862051,seasonal_naive,AREQUIPA
2019-07-29,5.006925488300408,4.1995985183816416,seasonal_naive,AREQUIPA
2019-08-05,4.392439178372631,3.98961859246256,seasonal_naive,AREQUIPA
2019-08-12,4.142092903957611,4.036280798222356,seasonal_naive,AREQUIPA
2019-08-19,3.664159107347117,3.9662874895826623,seasonal_naive,AREQUIPA
2019-08-26,3.3227778240539076,3.3830099175852113,seasonal_naive,AREQUIPA
2019-09-02,3.368295328493002,3.2663544031857215,seasonal_naive,AREQUIPA
2019-09-09,3.3682953284930015,2.893056757107353,seasonal_naive,AREQUIPA
2019-09-16,3.5276065940298333,3.079705580146538,seasonal_naive,AREQUIPA
2019-09-23,3.3910540807125487,2.7064079340681695,seasonal_naive,AREQUIPA
2019-09-30,3.3682953284930015,2.3797724937495968,seasonal_naive,AREQUIPA
2019-10-07,3.4593303373711906,2.1231303620707185,seasonal_naive,AREQUIPA
2019-10-14,3.1407078062975287,2.3564413908696986,seasonal_naive,AREQUIPA
2019-10-21,2.4807039919306564,2.7064079340681695,seasonal_naive,AREQUIPA
2019-10-28,2.480703991930657,2.916387859987251,seasonal_naive,AREQUIPA
2019-11-04,2.867602779662961,2.8463945513475566,seasonal_naive,AREQUIPA
2019-11-11,3.6414003551275695,2.7764012427078626,seasonal_naive,AREQUIPA
2019-11-18,3.436571585151644,2.356441390869698,seasonal_naive,AREQUIPA
2019-11-25,2.9813965407606973,2.4264346995093926,seasonal_naive,AREQUIPA
2019-12-02,2.5262214963697516,2.2397858764702088,seasonal_naive,AREQUIPA
2019-12-09,2.1620814608569945,2.6364146254284746,seasonal_naive,AREQUIPA
2019-12-16,2.412427735272015,2.473096905269189,seasonal_naive,AREQUIPA
2019-12-23,2.3441514786133726,2.3797724937495968,seasonal_naive,AREQUIPA
2019-12-30,2.1393227086374473,2.1697925678305148,seasonal_naive,AREQUIPA
2020-01-06,1.4936029849431207,2.266988159778081,seasonal_naive,AREQUIPA
2020-01-13,1.1214867973861264,2.546826120142376,seasonal_naive,AREQUIPA
2020-01-20,1.135272378555907,2.4124277352720145,seasonal_naive,AREQUIPA
2020-01-27,1.7585591746258167,2.344151478613372,seasonal_naive,AREQUIPA
2020-02-03,2.1147230580943366,1.8662176820028784,seasonal_naive,AREQUIPA
2020-02-10,2.359585727978944,1.5248363987096694,seasonal_naive,AREQUIPA
2020-02-17,1.8476001454929465,1.5475951509292163,seasonal_naive,AREQUIPA
2020-02-24,1.8921206309265113,1.6613889120269532,seasonal_naive,AREQUIPA
2020-03-02,1.9366411163600763,1.911735186441973,seasonal_naive,AREQUIPA
2020-03-09,1.869860388209729,2.0710464519788045,seasonal_naive,AREQUIPA
2020-03-16,1.602737475608339,2.1165639564178993,seasonal_naive,AREQUIPA
2020-03-23,1.3801350484405142,2.184840213076541,seasonal_naive,AREQUIPA
2020-03-30,1.224313349423037,1.8889764342224264,seasonal_naive,AREQUIPA
2020-04-06,0.9349301941048646,1.9117351864419736,seasonal_naive,AREQUIPA
2020-04-13,0.6010265533531272,1.9572526908810681,seasonal_naive,AREQUIPA
2020-04-20,0.4674650970524323,2.002770195320162,seasonal_naive,AREQUIPA
2020-04-27,0.5342458252027797,2.435186487491561,seasonal_naive,AREQUIPA
2020-05-04,0.7345880096538221,2.503462744150204,seasonal_naive,AREQUIPA
2020-05-11,0.9794506795384295,2.731050266345677,seasonal_naive,AREQUIPA
2020-05-18,0.9794506795384296,2.5717390008088454,seasonal_naive,AREQUIPA
2020-05-25,0.8458892232377345,2.9131202841020554,seasonal_naive,AREQUIPA
2020-06-01,0.8013687378041695,3.095190301858433,seasonal_naive,AREQUIPA
2020-06-08,1.2688338348566015,3.3910540807125478,seasonal_naive,AREQUIPA
2020-06-15,1.8698603882097284,3.345536576273454,seasonal_naive,AREQUIPA
2020-06-22,2.2037640289614657,3.8462291251034944,seasonal_naive,AREQUIPA
2020-06-29,2.648968883297116,3.8007116206644,seasonal_naive,AREQUIPA
2020-07-06,3.7619810191362397,4.210369160616252,seasonal_naive,AREQUIPA
2020-07-13,5.075335339426407,4.528991691689914,seasonal_naive,AREQUIPA
2020-07-20,5.965745048097706,4.870372974983125,seasonal_naive,AREQUIPA
2020-07-27,5.676361892779535,5.006925488300409,seasonal_naive,AREQUIPA
2020-08-03,5.794435189450748,4.392439178372631,seasonal_naive,AREQUIPA
2020-08-10,5.482791791415793,4.142092903957611,seasonal_naive,AREQUIPA
2020-08-17,5.3937508205486635,3.6641591073471176,seasonal_naive,AREQUIPA
2020-08-24,5.030814853992841,3.322777824053908,seasonal_naive,AREQUIPA
2020-08-31,5.075335339426407,3.3682953284930015,seasonal_naive,AREQUIPA
2020-09-07,5.253417281160666,3.3682953284930015,seasonal_naive,AREQUIPA
2020-09-14,4.5856099996571915,3.527606594029833,seasonal_naive,AREQUIPA
2020-09-21,3.6506798055523273,3.3910540807125487,seasonal_naive,AREQUIPA
2020-09-28,2.693489368730681,3.3682953284930015,seasonal_naive,AREQUIPA
2020-10-05,2.3818459706957262,3.4593303373711906,seasonal_naive,AREQUIPA
2020-10-12,2.3595857279789434,3.140707806297528,seasonal_naive,AREQUIPA
2020-10-19,2.626708640580333,2.4807039919306564,seasonal_naive,AREQUIPA
2020-10-26,3.2722556793670248,2.4807039919306564,seasonal_naive,AREQUIPA
2020-11-02,3.4948581065348505,2.867602779662961,seasonal_naive,AREQUIPA
2020-11-09,3.2945159220838076,3.6414003551275695,seasonal_naive,AREQUIPA
2020-11-16,2.9160917958985055,3.436571585151644,seasonal_naive,AREQUIPA
2020-11-23,2.7157496114474626,2.981396540760697,seasonal_naive,AREQUIPA
2020-11-30,2.893831553181723,2.5262214963697516,seasonal_naive,AREQUIPA
2020-12-07,3.027393009482418,2.162081460856994,seasonal_naive,AREQUIPA
2020-12-14,3.2945159220838076,2.4124277352720154,seasonal_naive,AREQUIPA
2020-12-21,3.4948581065348505,2.3441514786133726,seasonal_naive,AREQUIPA
2020-12-28,3.249995436650243,2.1393227086374473,seasonal_naive,AREQUIPA
2021-01-04,3.577602918321624,1.493602984943121,seasonal_naive,AREQUIPA
2021-01-11,3.7292595330197256,1.1214867973861264,seasonal_naive,AREQUIPA
2021-01-18,4.104797219742241,1.135272378555907,seasonal_naive,AREQUIPA
2021-01-25,4.741152257979809,1.7585591746258165,seasonal_naive,AREQUIPA
2021-02-01,5.486677435040309,2.114723058094337,seasonal_naive,AREQUIPA
2021-02-08,5.508511462804894,2.359585727978944,seasonal_naive,AREQUIPA
2021-02-15,4.959492535625673,1.8476001454929463,seasonal_naive,AREQUIPA
2021-02-22,4.301303469623519,1.8921206309265115,seasonal_naive,AREQUIPA
2021-03-01,4.541477775033969,1.9366411163600765,seasonal_naive,AREQUIPA
2021-03-08,4.475975691740209,1.8698603882097289,seasonal_naive,AREQUIPA
2021-03-15,4.606979858327727,1.602737475608339,seasonal_naive,AREQUIPA
2021-03-22,4.301303469623519,1.3801350484405142,seasonal_naive,AREQUIPA
2021-03-29,3.995627080919309,1.224313349423037,seasonal_naive,AREQUIPA
2021-04-05,3.886456942096377,0.9349301941048646,seasonal_naive,AREQUIPA
2021-04-12,3.973793053154722,0.6010265533531272,seasonal_naive,AREQUIPA
2021-04-19,4.192133330800586,0.4674650970524323,seasonal_naive,AREQUIPA
2021-04-26,4.585145830563142,0.5342458252027797,seasonal_naive,AREQUIPA
2021-05-03,5.352505035388226,0.7345880096538221,seasonal_naive,AREQUIPA
2021-05-10,6.054362156919555,0.9794506795384296,seasonal_naive,AREQUIPA
2021-05-17,6.032528129154969,0.9794506795384296,seasonal_naive,AREQUIPA
2021-05-24,6.032528129154968,0.8458892232377345,seasonal_naive,AREQUIPA
2021-05-31,6.032528129154968,0.8013687378041695,seasonal_naive,AREQUIPA
2021-06-07,6.297704695394567,1.2688338348566015,seasonal_naive,AREQUIPA
2021-06-14,6.297704695394567,1.8698603882097282,seasonal_naive,AREQUIPA
2021-06-21,5.90152396256745,2.2037640289614657,seasonal_naive,AREQUIPA
2021-06-28,5.265168924329882,2.6489688832971154,seasonal_naive,AREQUIPA
2021-07-05,4.41047360844645,3.7619810191362397,seasonal_naive,AREQUIPA
2021-07-12,3.7772868032734443,5.075335339426407,seasonal_naive,AREQUIPA
2021-07-19,3.122265970335853,5.965745048097706,seasonal_naive,AREQUIPA
2021-07-26,2.6419173595149528,5.676361892779535,seasonal_naive,AREQUIPA
2021-08-02,2.161568748694053,5.794435189450748,seasonal_naive,AREQUIPA
2021-08-09,1.965062498812775,5.482791791415793,seasonal_naive,AREQUIPA
2021-08-16,2.030564582106534,5.3937508205486635,seasonal_naive,AREQUIPA
2021-08-23,2.0523986098711204,5.030814853992841,seasonal_naive,AREQUIPA
2021-08-30,2.096066665400293,5.075335339426407,seasonal_naive,AREQUIPA
2021-09-06,1.7030541656377383,5.253417281160666,seasonal_naive,AREQUIPA
2021-09-13,1.6593861101085654,4.5856099996571915,seasonal_naive,AREQUIPA
2021-09-20,1.5065479157564605,3.6506798055523273,seasonal_naive,AREQUIPA
2021-09-27,1.5720499990502195,2.6934893687306807,seasonal_naive,AREQUIPA
2021-10-04,1.4847138879918742,2.3818459706957262,seasonal_naive,AREQUIPA
2021-10-11,1.4628798602272877,2.359585727978944,seasonal_naive,AREQUIPA
2021-10-18,1.6375520823439789,2.626708640580333,seasonal_naive,AREQUIPA
2021-10-25,1.6593861101085654,3.2722556793670243,seasonal_naive,AREQUIPA
2021-11-01,1.8122243044606703,3.4948581065348505,seasonal_naive,AREQUIPA
2021-11-08,1.986896526577361,3.294515922083808,seasonal_naive,AREQUIPA
2021-11-15,2.9475937482191625,2.9160917958985055,seasonal_naive,AREQUIPA
2021-11-22,3.0567638870420946,2.7157496114474626,seasonal_naive,AREQUIPA
2021-11-29,2.6855854150441254,2.893831553181723,seasonal_naive,AREQUIPA
2021-12-06,1.6593861101085654,3.0273930094824184,seasonal_naive,AREQUIPA
2021-12-13,1.5283819435210468,3.294515922083808,seasonal_naive,AREQUIPA
2021-12-20,1.4410458324627016,3.4948581065348505,seasonal_naive,AREQUIPA
2021-12-27,1.6812201378731517,3.249995436650243,seasonal_naive,AREQUIPA
2022-01-03,1.649020175726568,3.5776029183216242,seasonal_naive,AREQUIPA
2022-01-10,2.0711116381843735,3.7292595330197256,seasonal_naive,AREQUIPA
2022-01-17,1.8876091756682027,4.104797219742241,seasonal_naive,AREQUIPA
2022-01-24,1.9090592799371595,4.741152257979809,seasonal_naive,AREQUIPA
2022-01-31,1.7374584457855047,5.486677435040309,seasonal_naive,AREQUIPA
2022-02-07,2.4024116781231672,5.508511462804894,seasonal_naive,AREQUIPA
2022-02-14,2.7885135549643905,4.959492535625672,seasonal_naive,AREQUIPA
2022-02-21,2.8099636592333472,4.301303469623519,seasonal_naive,AREQUIPA
2022-02-28,2.295161156778383,4.54147777503397,seasonal_naive,AREQUIPA
2022-03-07,1.994859697012987,4.475975691740209,seasonal_naive,AREQUIPA
2022-03-14,2.037759905550901,4.606979858327727,seasonal_naive,AREQUIPA
2022-03-21,2.145010426895685,4.301303469623519,seasonal_naive,AREQUIPA
2022-03-28,2.3166112610473397,3.995627080919309,seasonal_naive,AREQUIPA
2022-04-04,2.2522609482404694,3.886456942096377,seasonal_naive,AREQUIPA
2022-04-11,2.0592100098198576,3.973793053154722,seasonal_naive,AREQUIPA
2022-04-18,2.037759905550901,4.192133330800586,seasonal_naive,AREQUIPA
2022-04-25,1.994859697012987,4.5851458305631425,seasonal_naive,AREQUIPA
2022-05-02,1.9519594884750733,5.352505035388226,seasonal_naive,AREQUIPA
2022-05-09,1.887609175668203,6.054362156919554,seasonal_naive,AREQUIPA
2022-05-16,2.123560322626728,6.0325281291549695,seasonal_naive,AREQUIPA
2022-05-23,2.3595114695852537,6.032528129154968,seasonal_naive,AREQUIPA
2022-05-30,2.273711052509426,6.032528129154968,seasonal_naive,AREQUIPA
2022-06-06,2.273711052509426,6.297704695394567,seasonal_naive,AREQUIPA
2022-06-13,2.616912720812736,6.297704695394567,seasonal_naive,AREQUIPA
2022-06-20,3.0244647019229163,5.90152396256745,seasonal_naive,AREQUIPA
2022-06-27,2.8528638677712608,5.265168924329882,seasonal_naive,AREQUIPA
2022-07-04,2.7456133464264774,4.41047360844645,seasonal_naive,AREQUIPA
2022-07-11,2.6169127208127354,3.7772868032734443,seasonal_naive,AREQUIPA
2022-07-18,2.8099636592333472,3.1222659703358535,seasonal_naive,AREQUIPA
2022-07-25,2.4453118866610812,2.6419173595149523,seasonal_naive,AREQUIPA
2022-08-01,2.5525624080058655,2.1615687486940525,seasonal_naive,AREQUIPA
2022-08-08,2.445311886661081,1.9650624988127747,seasonal_naive,AREQUIPA
2022-08-15,2.6812630336196066,2.0305645821065337,seasonal_naive,AREQUIPA
2022-08-22,2.2308108439715126,2.0523986098711204,seasonal_naive,AREQUIPA
2022-08-29,2.1664605311646423,2.0960666654002926,seasonal_naive,AREQUIPA
2022-09-05,1.9305093842061165,1.703054165637738,seasonal_naive,AREQUIPA
2022-09-12,2.0592100098198576,1.6593861101085654,seasonal_naive,AREQUIPA
2022-09-19,2.145010426895685,1.5065479157564605,seasonal_naive,AREQUIPA
2022-09-26,2.0592100098198576,1.5720499990502192,seasonal_naive,AREQUIPA
2022-10-03,1.9519594884750735,1.4847138879918742,seasonal_naive,AREQUIPA
2022-10-10,1.7589085500544617,1.4628798602272874,seasonal_naive,AREQUIPA
2022-10-17,1.9519594884750733,1.6375520823439789,seasonal_naive,AREQUIPA
2022-10-24,1.9519594884750733,1.6593861101085654,seasonal_naive,AREQUIPA
2022-10-31,1.9090592799371597,1.8122243044606703,seasonal_naive,AREQUIPA
2022-11-07,1.737458445785505,1.986896526577361,seasonal_naive,AREQUIPA
2022-11-14,1.8447089671302892,2.9475937482191625,seasonal_naive,AREQUIPA
2022-11-21,1.97340959274403,3.0567638870420946,seasonal_naive,AREQUIPA
2022-11-28,2.1450104268956847,2.685585415044126,seasonal_naive,AREQUIPA
2022-12-05,2.102110218357771,1.6593861101085654,seasonal_naive,AREQUIPA
2022-12-12,1.994859697012987,1.5283819435210468,seasonal_naive,AREQUIPA
2022-12-19,1.9734095927440303,1.4410458324627016,seasonal_naive,AREQUIPA
2022-12-26,2.016309801281944,1.6812201378731517,seasonal_naive,AREQUIPA
2023-01-02,2.0071042607820275,1.6490201757265677,seasonal_naive,AREQUIPA
2023-01-09,2.058708440589014,2.071111638184374,seasonal_naive,AREQUIPA
2023-01-16,1.9408361417443265,1.887609175668203,seasonal_naive,AREQUIPA
2023-01-23,1.9408361417443265,1.9090592799371597,seasonal_naive,AREQUIPA
2023-01-30,1.8564519616684863,1.7374584457855047,seasonal_naive,AREQUIPA
2023-02-06,1.6665875564978458,2.4024116781231672,seasonal_naive,AREQUIPA
2023-02-13,1.5822033764220054,2.7885135549643905,seasonal_naive,AREQUIPA
2023-02-20,1.518915241365125,2.8099636592333477,seasonal_naive,AREQUIPA
2023-02-27,1.6454915114788855,2.295161156778383,seasonal_naive,AREQUIPA
2023-03-06,1.814259871630566,1.994859697012987,seasonal_naive,AREQUIPA
2023-03-13,1.6876836015168057,2.037759905550901,seasonal_naive,AREQUIPA
2023-03-20,1.9408361417443265,2.145010426895685,seasonal_naive,AREQUIPA
2023-03-27,1.9619321867632866,2.3166112610473397,seasonal_naive,AREQUIPA
2023-04-03,2.447141222199368,2.2522609482404694,seasonal_naive,AREQUIPA
2023-04-10,2.9534463026544095,2.0592100098198576,seasonal_naive,AREQUIPA
2023-04-17,3.6918078783180124,2.037759905550901,seasonal_naive,AREQUIPA
2023-04-24,4.113728778697214,1.994859697012987,seasonal_naive,AREQUIPA
2023-05-01,3.966056463564494,1.951959488475073,seasonal_naive,AREQUIPA
2023-05-08,3.839480193450733,1.887609175668203,seasonal_naive,AREQUIPA
2023-05-15,3.4175592930715317,2.1235603226267274,seasonal_naive,AREQUIPA
2023-05-22,3.269886977938811,2.359511469585254,seasonal_naive,AREQUIPA
2023-05-29,3.206598842881931,2.273711052509426,seasonal_naive,AREQUIPA
2023-06-05,3.2487909329198508,2.273711052509426,seasonal_naive,AREQUIPA
2023-06-12,3.501943473147372,2.6169127208127363,seasonal_naive,AREQUIPA
2023-06-19,3.523039518166332,3.024464701922916,seasonal_naive,AREQUIPA
2023-06-26,3.9027683285076136,2.8528638677712608,seasonal_naive,AREQUIPA
2023-07-03,3.9027683285076136,2.7456133464264774,seasonal_naive,AREQUIPA
2023-07-10,3.8605762384696938,2.6169127208127354,seasonal_naive,AREQUIPA
2023-07-17,3.375367203033612,2.8099636592333477,seasonal_naive,AREQUIPA
2023-07-24,3.0589265277492106,2.445311886661081,seasonal_naive,AREQUIPA
2023-07-31,2.9112542126164898,2.552562408005865,seasonal_naive,AREQUIPA
2023-08-07,2.7002937624268895,2.445311886661081,seasonal_naive,AREQUIPA
2023-08-14,2.7002937624268895,2.6812630336196066,seasonal_naive,AREQUIPA
2023-08-21,2.2361807720097677,2.230810843971512,seasonal_naive,AREQUIPA
2023-08-28,2.1728926369528874,2.1664605311646428,seasonal_naive,AREQUIPA
2023-09-04,2.109604501896007,1.9305093842061163,seasonal_naive,AREQUIPA
2023-09-11,2.257276817028728,2.0592100098198576,seasonal_naive,AREQUIPA
2023-09-18,2.6791977174079293,2.145010426895685,seasonal_naive,AREQUIPA
2023-09-25,2.4471412221993685,2.0592100098198576,seasonal_naive,AREQUIPA
2023-10-02,2.257276817028728,1.9519594884750737,seasonal_naive,AREQUIPA
2023-10-09,1.750971736573686,1.758908550054462,seasonal_naive,AREQUIPA
2023-10-16,1.8142598716305665,1.951959488475073,seasonal_naive,AREQUIPA
2023-10-23,1.8775480066874468,1.951959488475073,seasonal_naive,AREQUIPA
2023-10-30,2.067412411858087,1.9090592799371597,seasonal_naive,AREQUIPA
2023-11-06,1.8564519616684863,1.7374584457855051,seasonal_naive,AREQUIPA
2023-11-13,1.8142598716305665,1.8447089671302894,seasonal_naive,AREQUIPA
2023-11-20,1.6665875564978458,1.9734095927440298,seasonal_naive,AREQUIPA
2023-11-27,1.9619321867632866,2.145010426895685,seasonal_naive,AREQUIPA
2023-12-04,1.8986440517064065,2.102110218357771,seasonal_naive,AREQUIPA
2010-12-27,1.7406552254737662,1.59613780451995,holt_winters,AREQUIPA
2011-01-03,2.1464828581136604,1.5489402723673018,holt_winters,AREQUIPA
2011-01-10,2.345191853045073,1.5719743316574069,holt_winters,AREQUIPA
2011-01-17,1.9076663360916097,1.4329665892295231,holt_winters,AREQUIPA
2011-01-24,1.7508718427142174,2.147979982687647,holt_winters,AREQUIPA
2011-01-31,1.7508718427142174,2.154285081022856,holt_winters,AREQUIPA
2011-02-07,1.9337987516545085,2.2895195047872403,holt_winters,AREQUIPA
2011-02-14,1.8554015049658126,2.0381964838040516,holt_winters,AREQUIPA
2011-02-21,2.012195998343205,1.8613410250094853,holt_winters,AREQUIPA
2011-02-28,2.299652569535091,1.973633548941261,holt_winters,AREQUIPA
2011-03-07,2.064460829469003,1.9941669415307772,holt_winters,AREQUIPA
2011-03-14,1.9599311672174073,2.2611039450141988,holt_winters,AREQUIPA
2011-03-21,1.9076663360916097,1.7853179771613332,holt_winters,AREQUIPA
2011-03-28,2.587109140726978,1.8594035405762164,holt_winters,AREQUIPA
2011-04-04,2.456447062912484,1.7066982563684998,holt_winters,AREQUIPA
2011-04-11,2.665506387415674,1.7198244943244458,holt_winters,AREQUIPA
2011-04-18,2.456447062912484,2.4921276957827727,holt_winters,AREQUIPA
2011-04-25,2.5087118940382815,2.4669962977846955,holt_winters,AREQUIPA
2011-05-02,2.5087118940382815,2.392446484182215,holt_winters,AREQUIPA
2011-05-09,2.1167256605948,2.365702010246317,holt_winters,AREQUIPA
2011-05-16,1.9599311672174073,2.0828873316341836,holt_winters,AREQUIPA
2011-05-23,1.7247394271513183,2.1293395570365394,holt_winters,AREQUIPA
2011-05-30,2.0644608294690023,2.2863592899370757,holt_winters,AREQUIPA
2011-06-06,2.4564470629124835,2.5917289368898846,holt_winters,AREQUIPA
2011-06-13,2.4041822317866863,2.8603814656742785,holt_winters,AREQUIPA
2011-06-20,2.53484430960118,2.9392309294102392,holt_winters,AREQUIPA
2011-06-27,3.188154698673649,2.9627150539507445,holt_winters,AREQUIPA
2011-07-04,3.3972140231768395,2.989567864411484,holt_winters,AREQUIPA
2011-07-11,3.2926843609252443,3.3265972573398335,holt_winters,AREQUIPA
2011-07-18,2.6132415562898763,3.3265972573398335,holt_winters,AREQUIPA
2011-07-25,2.5609767251640787,3.178996923867777,holt_winters,AREQUIPA
2011-08-01,2.665506387415674,2.9074979827715954,holt_winters,AREQUIPA
2011-08-08,2.9006981274817627,2.6096194862728783,holt_winters,AREQUIPA
2011-08-15,3.083625036422054,2.5439913045108433,holt_winters,AREQUIPA
2011-08-22,3.2404195297994463,2.52176200779687,holt_winters,AREQUIPA
2011-08-29,3.554008516554232,2.5800477891260396,holt_winters,AREQUIPA
2011-09-05,3.5278761009913335,3.414018460848192,holt_winters,AREQUIPA
2011-09-12,3.371081607613941,3.414018460848192,holt_winters,AREQUIPA
2011-09-19,3.1358898675478515,3.414018460848192,holt_winters,AREQUIPA
2011-09-26,3.3710816076139403,3.3598190513430866,holt_winters,AREQUIPA
2011-10-03,3.527876100991333,3.1214142945350294,holt_winters,AREQUIPA
2011-10-10,3.318816776488143,3.3859435702887652,holt_winters,AREQUIPA
2011-10-17,3.527876100991333,3.3736604059309534,holt_winters,AREQUIPA
2011-10-24,3.7892002566203207,3.346317908468267,holt_winters,AREQUIPA
2011-10-31,3.606273347680029,3.5332969534275382,holt_winters,AREQUIPA
2011-11-07,2.926830543044661,3.5004455821402543,holt_winters,AREQUIPA
2011-11-14,2.6916388029785723,3.538590391372123,holt_winters,AREQUIPA
2011-11-21,3.1358898675478515,3.538590391372123,holt_winters,AREQUIPA
2011-11-28,3.0836250364220543,3.0360771220859433,holt_winters,AREQUIPA
2011-12-05,2.4825794784753827,2.83122103200878,holt_winters,AREQUIPA
2011-12-12,2.0383284139061035,2.8878815493799457,holt_winters,AREQUIPA
2011-12-19,2.2212553228463947,2.7311528638375275,holt_winters,AREQUIPA
2011-12-26,2.32578498509799,2.299268510691655,holt_winters,AREQUIPA
2012-01-02,2.3340424025734827,2.332578354333532,holt_winters,AREQUIPA
2012-01-09,2.0062766931976515,2.4067310104515736,holt_winters,AREQUIPA
2012-01-16,2.0412829054804362,2.1358714236786462,holt_winters,AREQUIPA
2012-01-23,2.092314978117447,2.1794209816631014,holt_winters,AREQUIPA
2012-01-30,2.3985074139395124,2.1835797602526,holt_winters,AREQUIPA
2012-02-06,2.2198951597099748,2.360822883184813,holt_winters,AREQUIPA
2012-02-13,2.194379123391469,2.0852758065794865,holt_winters,AREQUIPA
2012-02-20,2.577119668169051,2.2438507803980547,holt_winters,AREQUIPA
2012-02-27,2.857796067672611,2.4322266877029395,holt_winters,AREQUIPA
2012-03-05,2.781247958717094,2.40425874066565,holt_winters,AREQUIPA
2012-03-12,2.3219593049839964,2.681181436502735,holt_winters,AREQUIPA
2012-03-19,2.3985074139395124,2.1783125095050084,holt_winters,AREQUIPA
2012-03-26,2.8322800313541054,2.453359590078226,holt_winters,AREQUIPA
2012-04-02,2.6281517408060613,2.2832843666812854,holt_winters,AREQUIPA
2012-04-09,2.5005715592135345,2.369849438295744,holt_winters,AREQUIPA
2012-04-16,1.9392187602064146,2.2948068445333147,holt_winters,AREQUIPA
2012-04-23,2.194379123391469,2.3095251599020785,holt_winters,AREQUIPA
2012-04-30,2.270927232346985,2.2607454199123524,holt_winters,AREQUIPA
2012-05-07,2.9598602129466323,2.1765629193900353,holt_winters,AREQUIPA
2012-05-14,3.674309229864786,2.8155353052101164,holt_winters,AREQUIPA
2012-05-21,3.699825266183291,2.703671745770068,holt_winters,AREQUIPA
2012-05-28,3.4191488666797305,2.894216243011207,holt_winters,AREQUIPA
2012-06-04,2.8322800313541054,3.283845463867344,holt_winters,AREQUIPA
2012-06-11,2.908828140309622,2.9621889955458647,holt_winters,AREQUIPA
2012-06-18,2.602635704487556,3.097401814127943,holt_winters,AREQUIPA
2012-06-25,2.2964432686654908,3.288345666829511,holt_winters,AREQUIPA
2012-07-02,2.117831014435953,3.3840985372235948,holt_winters,AREQUIPA
2012-07-09,2.7302158860800834,2.288969943983058,holt_winters,AREQUIPA
2012-07-16,2.934344176628127,2.051588827734037,holt_winters,AREQUIPA
2012-07-23,3.1384724671761703,1.9456523920323523,holt_winters,AREQUIPA
2012-07-30,2.628151740806062,1.8085138808449468,holt_winters,AREQUIPA
2012-08-06,2.5516036318505457,2.734101248434852,holt_winters,AREQUIPA
2012-08-13,2.449539486576523,2.695336147940101,holt_winters,AREQUIPA
2012-08-20,2.3474753413025016,2.6970198616938448,holt_winters,AREQUIPA
2012-08-27,2.3219593049839964,2.810825102358423,holt_winters,AREQUIPA
2012-09-03,2.092314978117447,2.2913776787776468,holt_winters,AREQUIPA
2012-09-10,2.066798941798942,2.227857973732275,holt_winters,AREQUIPA
2012-09-17,1.8881866875694036,2.14662119086343,holt_winters,AREQUIPA
2012-09-24,1.9392187602064144,2.0287842158195653,holt_winters,AREQUIPA
2012-10-01,1.6585423607028542,1.8486179260192381,holt_winters,AREQUIPA
2012-10-08,1.5054461427918218,1.9484240480466841,holt_winters,AREQUIPA
2012-10-15,1.301317852243778,1.9608419231121705,holt_winters,AREQUIPA
2012-10-22,1.352349924880789,2.038105081593853,holt_winters,AREQUIPA
2012-10-29,1.2758018159252729,1.1841630473792173,holt_winters,AREQUIPA
2012-11-05,1.4799301064733161,1.1235735330932413,holt_winters,AREQUIPA
2012-11-12,1.5564782154288326,1.1108885746006079,holt_winters,AREQUIPA
2012-11-19,1.7861225422953817,1.1299528553186564,holt_winters,AREQUIPA
2012-11-26,1.96473479652492,1.6944143045788067,holt_winters,AREQUIPA
2012-12-03,2.3474753413025016,1.5113656891794467,holt_winters,AREQUIPA
2012-12-10,2.24541119602848,1.4399552156062583,holt_winters,AREQUIPA
2012-12-17,1.862670651250898,1.3998411538208995,holt_winters,AREQUIPA
2012-12-24,1.5819942517473382,1.9583599657146253,holt_winters,AREQUIPA
2012-12-31,1.9902508328434252,2.0414060306813466,holt_winters,AREQUIPA
2013-01-07,2.1037196749464067,1.9913006657440768,holt_winters,AREQUIPA
2013-01-14,2.164980499454915,1.8647003242793858,holt_winters,AREQUIPA
2013-01-21,2.019173171021724,2.0820187886084716,holt_winters,AREQUIPA
2013-01-28,2.1936696179001447,2.194297324698131,holt_winters,AREQUIPA
2013-02-04,2.1936696179001447,2.3383539117695924,holt_winters,AREQUIPA
2013-02-11,2.0191731710217242,2.135194352441742,holt_winters,AREQUIPA
2013-02-18,1.7698925326239803,2.157313822904073,holt_winters,AREQUIPA
2013-02-25,1.5455399580660112,2.301876608779414,holt_winters,AREQUIPA
2013-03-04,1.4956838303864626,2.2166266465328017,holt_winters,AREQUIPA
2013-03-11,1.5704680219057856,2.306123054947035,holt_winters,AREQUIPA
2013-03-18,1.4707557665466882,1.4698510078695635,holt_winters,AREQUIPA
2013-03-25,1.4458277027069137,1.7356357444875976,holt_winters,AREQUIPA
2013-04-01,1.420899638867139,1.6154071622359876,holt_winters,AREQUIPA
2013-04-08,1.6203241495853342,1.6291605628940942,holt_winters,AREQUIPA
2013-04-15,1.395971575027365,1.3862490922883548,holt_winters,AREQUIPA
2013-04-22,1.346115447347816,1.4941071752425263,holt_winters,AREQUIPA
2013-04-29,1.2214751281489442,1.530120863309323,holt_winters,AREQUIPA
2013-05-06,1.5206118942262368,1.6100649982037365,holt_winters,AREQUIPA
2013-05-13,1.7449644687842063,1.586755910764065,holt_winters,AREQUIPA
2013-05-20,2.143813490220596,1.527266588403333,holt_winters,AREQUIPA
2013-05-27,2.418022192458114,1.5089301744644612,holt_winters,AREQUIPA
2013-06-03,2.5426625116569856,1.5563478996019946,holt_winters,AREQUIPA
2013-06-10,2.79194315005473,2.6331886745799284,holt_winters,AREQUIPA
2013-06-17,2.6673028308558577,2.665329474768394,holt_winters,AREQUIPA
2013-06-24,2.492806383977437,2.750851320600749,holt_winters,AREQUIPA
2013-07-01,2.1438134902205963,2.862276193372244,holt_winters,AREQUIPA
2013-07-08,2.1188854263808214,2.479574075824967,holt_winters,AREQUIPA
2013-07-15,1.944388979502401,2.3222371077079567,holt_winters,AREQUIPA
2013-07-22,2.143813490220596,2.290550110185824,holt_winters,AREQUIPA
2013-07-29,2.143813490220596,2.119245171222232,holt_winters,AREQUIPA
2013-08-05,2.343238000938791,2.1571810755675194,holt_winters,AREQUIPA
2013-08-12,2.5675905754967605,2.1726747532125192,holt_winters,AREQUIPA
2013-08-19,2.2933818732592424,2.179094258629583,holt_winters,AREQUIPA
2013-08-26,1.944388979502401,2.242340892711929,holt_winters,AREQUIPA
2013-09-02,1.5206118942262368,1.8582405303748832,holt_winters,AREQUIPA
2013-09-09,1.6701802772648833,1.8450653452281,holt_winters,AREQUIPA
2013-09-16,2.0939573625410475,1.735497921393382,holt_winters,AREQUIPA
2013-09-23,2.093957362541047,1.7296282315592586,holt_winters,AREQUIPA
2013-09-30,2.1687415540603703,1.9488613376757953,holt_winters,AREQUIPA
2013-10-07,2.1936696179001447,2.055491743385756,holt_winters,AREQUIPA
2013-10-14,2.069029298701273,2.041596500205704,holt_winters,AREQUIPA
2013-10-21,1.9693170433421756,2.085691696504285,holt_winters,AREQUIPA
2013-10-28,1.7200364049444314,1.6903074744292899,holt_winters,AREQUIPA
2013-11-04,1.6951083411046575,1.6207116886927075,holt_winters,AREQUIPA
2013-11-11,1.6951083411046575,1.5893376845762026,holt_winters,AREQUIPA
2013-11-18,1.6951083411046575,1.7085653744936184,holt_winters,AREQUIPA
2013-11-25,1.545539958066011,1.7770194608829575,holt_winters,AREQUIPA
2013-12-02,1.3710435111875905,1.6245057588680016,holt_winters,AREQUIPA
2013-12-09,1.271331255828493,1.511545520483596,holt_winters,AREQUIPA
2013-12-16,1.346115447347816,1.4189770168058595,holt_winters,AREQUIPA
2013-12-23,1.2962593196682672,1.2441479492057923,holt_winters,AREQUIPA
2013-12-30,1.2962593196682672,1.4310035759146416,holt_winters,AREQUIPA
2014-01-06,1.188124785800328,1.4627301433065552,holt_winters,AREQUIPA
2014-01-13,1.594495828824886,1.4649662064249054,holt_winters,AREQUIPA
2014-01-20,1.9493262884681268,1.5275871897709148,holt_winters,AREQUIPA
2014-01-27,2.4122912819793068,1.6093682803513902,holt_winters,AREQUIPA
2014-02-03,2.168625495920791,1.664237338613782,holt_winters,AREQUIPA
2014-02-10,1.6325607665920563,1.6340669030047263,holt_winters,AREQUIPA
2014-02-17,1.2670620875042824,1.6344984702729848,holt_winters,AREQUIPA
2014-02-24,1.1452291944750244,1.7052537467608282,holt_winters,AREQUIPA
2014-03-03,1.242695508898431,1.6063036443714647,holt_winters,AREQUIPA
2014-03-10,1.2183289302925793,1.6951256681707432,holt_winters,AREQUIPA
2014-03-17,1.1695957730808761,1.1307327789165167,holt_winters,AREQUIPA
2014-03-24,1.1939623516867277,1.3072514848300842,holt_winters,AREQUIPA
2014-03-31,1.169595773080876,1.1968980284108817,holt_winters,AREQUIPA
2014-04-07,1.3645284019276887,1.253942709214013,holt_winters,AREQUIPA
2014-04-14,1.5107278735627983,1.153465785408945,holt_winters,AREQUIPA
2014-04-21,1.413261559139392,1.2258952742551783,holt_winters,AREQUIPA
2014-04-28,1.291428666110134,1.2688437561087518,holt_winters,AREQUIPA
2014-05-05,1.1695957730808761,1.4546204216370069,holt_winters,AREQUIPA
2014-05-12,1.2183289302925793,1.2920899052020987,holt_winters,AREQUIPA
2014-05-19,1.3157952447159857,1.3102390672210262,holt_winters,AREQUIPA
2014-05-26,1.3645284019276887,1.3340993214200552,holt_winters,AREQUIPA
2014-06-02,1.5107278735627983,1.3215227385150767,holt_winters,AREQUIPA
2014-06-09,1.583827609380353,1.5770077984667152,holt_winters,AREQUIPA
2014-06-16,1.583827609380353,1.5546742213622458,holt_winters,AREQUIPA
2014-06-23,1.4376281377452436,1.616946786392289,holt_winters,AREQUIPA
2014-06-30,1.2670620875042824,1.5910630726957906,holt_winters,AREQUIPA
2014-07-07,1.3157952447159857,1.3720311903362308,holt_winters,AREQUIPA
2014-07-14,1.7300270810154625,1.306784927700747,holt_winters,AREQUIPA
2014-07-21,2.3148249675559005,1.3408331347462454,holt_winters,AREQUIPA
2014-07-28,2.7290568038553773,1.2628958986444059,holt_winters,AREQUIPA
2014-08-04,2.4122912819793068,2.91215461330556,holt_winters,AREQUIPA
2014-08-11,2.655957068037823,3.0194753025468306,holt_winters,AREQUIPA
2014-08-18,2.5584907536144166,2.876717597207058,holt_winters,AREQUIPA
2014-08-25,3.0701889043373,2.7705334298451025,holt_winters,AREQUIPA
2014-09-01,2.509757596402713,2.715865079064377,holt_winters,AREQUIPA
2014-09-08,2.241725231738346,2.72633207981089,holt_winters,AREQUIPA
2014-09-15,2.1929920745266425,2.7711375473016164,holt_winters,AREQUIPA
2014-09-22,2.3879247033734554,2.75149456205885,holt_winters,AREQUIPA
2014-09-29,2.6803236466436737,2.226719925969619,holt_winters,AREQUIPA
2014-10-06,2.3391915461617523,2.4050308928296564,holt_winters,AREQUIPA
2014-10-13,1.9736928670739786,2.3890383789088685,holt_winters,AREQUIPA
2014-10-20,1.6812939238037592,2.416877520252472,holt_winters,AREQUIPA
2014-10-27,1.7056605024096108,1.338521532609541,holt_winters,AREQUIPA
2014-11-03,1.754393659621314,1.2523595573951922,holt_winters,AREQUIPA
2014-11-10,1.583827609380353,1.2313653994383398,holt_winters,AREQUIPA
2014-11-17,1.5107278735627983,1.347324732069158,holt_winters,AREQUIPA
2014-11-24,1.2426955088984308,1.5192814047002372,holt_winters,AREQUIPA
2014-12-01,1.53509445216865,1.4192915371661565,holt_winters,AREQUIPA
2014-12-08,1.5107278735627983,1.212440010360802,holt_winters,AREQUIPA
2014-12-15,1.9005931312564235,1.1497860857291269,holt_winters,AREQUIPA
2014-12-22,1.7300270810154625,1.893336762088623,holt_winters,AREQUIPA
2014-12-29,2.1929920745266425,2.076743208365417,holt_winters,AREQUIPA
2015-01-05,2.2017929502078726,2.012554056964994,holt_winters,AREQUIPA
2015-01-12,2.2614739766076504,2.195958484729064,holt_winters,AREQUIPA
2015-01-19,2.097025060164364,2.296068179488323,holt_winters,AREQUIPA
2015-01-26,1.9540460787895209,2.4461340960736195,holt_winters,AREQUIPA
2015-02-02,2.0017057392478015,2.454628876237796,holt_winters,AREQUIPA
2015-02-09,1.6442582858106942,2.3206233295690275,holt_winters,AREQUIPA
2015-02-16,1.6680881160398346,1.6021889596099335,holt_winters,AREQUIPA
2015-02-23,1.4536196439775704,1.6057912273577766,holt_winters,AREQUIPA
2015-03-02,1.5251091346649917,1.5385042227283832,holt_winters,AREQUIPA
2015-03-09,1.4774494742067106,1.627352278445082,holt_winters,AREQUIPA
2015-03-16,1.3821301532901487,1.4429645418563128,holt_winters,AREQUIPA
2015-03-23,1.4297898137484297,1.6667639471477451,holt_winters,AREQUIPA
2015-03-30,1.3821301532901487,1.5537710686630697,holt_winters,AREQUIPA
2015-04-06,1.6919179462689753,1.6586981003932222,holt_winters,AREQUIPA
2015-04-13,1.5965986253524134,1.522580502127547,holt_winters,AREQUIPA
2015-04-20,1.5251091346649919,1.5373259939504833,holt_winters,AREQUIPA
2015-04-27,1.3344704928318676,1.5549936810737808,holt_winters,AREQUIPA
2015-05-04,1.5489389648941323,1.643635046371851,holt_winters,AREQUIPA
2015-05-11,1.4774494742067106,1.6946249357577614,holt_winters,AREQUIPA
2015-05-18,1.334470492831868,1.7465314702725077,holt_winters,AREQUIPA
2015-05-25,1.1914915114570246,1.8176942883985945,holt_winters,AREQUIPA
2015-06-01,1.5251091346649917,1.8622714150180684,holt_winters,AREQUIPA
2015-06-08,1.6204284555815536,1.595467948192933,holt_winters,AREQUIPA
2015-06-15,1.715747776498116,1.5891321320904586,holt_winters,AREQUIPA
2015-06-22,1.8825565881020994,1.5749336903971602,holt_winters,AREQUIPA
2015-06-29,2.2400040415392066,1.4739574144306442,holt_winters,AREQUIPA
2015-07-06,2.38298302291405,2.3790647831188947,holt_winters,AREQUIPA
2015-07-13,2.1208548903935043,2.3755891767124706,holt_winters,AREQUIPA
2015-07-20,2.1446847206226445,2.566546014027124,holt_winters,AREQUIPA
2015-07-27,1.9540460787895206,2.5591242451362817,holt_winters,AREQUIPA
2015-08-03,2.097025060164364,1.968028894661618,holt_winters,AREQUIPA
2015-08-10,2.025535569476942,2.1484395437159747,holt_winters,AREQUIPA
2015-08-17,2.001705739247802,2.0800734050035183,holt_winters,AREQUIPA
2015-08-24,2.1446847206226445,2.1023049510445664,holt_winters,AREQUIPA
2015-08-31,1.90638641833124,1.862451411018221,holt_winters,AREQUIPA
2015-09-07,1.8348969276438183,1.8436775555391443,holt_winters,AREQUIPA
2015-09-14,1.5251091346649917,1.7877901873079973,holt_winters,AREQUIPA
2015-09-21,1.6919179462689753,1.8637982285819052,holt_winters,AREQUIPA
2015-09-28,1.7157477764981157,1.7291276968529234,holt_winters,AREQUIPA
2015-10-05,2.073195229935223,1.797936312916015,holt_winters,AREQUIPA
2015-10-12,2.073195229935223,1.6595453066686776,holt_winters,AREQUIPA
2015-10-19,2.1446847206226445,1.6140388138831137,holt_winters,AREQUIPA
2015-10-26,1.8587267578729587,2.0298283148530962,holt_winters,AREQUIPA
2015-11-02,1.8348969276438183,1.920562865931959,holt_winters,AREQUIPA
2015-11-09,1.9778759090186613,1.864815809311788,holt_winters,AREQUIPA
2015-11-16,1.9302162485603802,2.029143675399236,holt_winters,AREQUIPA
2015-11-23,2.025535569476942,1.8450921335149595,holt_winters,AREQUIPA
2015-11-30,1.9540460787895206,1.8340153984536376,holt_winters,AREQUIPA
2015-12-07,1.9063864183312396,1.6374165210330065,holt_winters,AREQUIPA
2015-12-14,1.5012793044358512,1.6688999098730077,holt_winters,AREQUIPA
2015-12-21,1.1914915114570246,1.4105552866885338,holt_winters,AREQUIPA
2015-12-28,0.6672352464159337,1.6319121591879442,holt_winters,AREQUIPA
2016-01-04,0.9636691533760189,1.603306271069378,holt_winters,AREQUIPA
2016-01-11,1.1424947421925638,1.643261183816961,holt_winters,AREQUIPA
2016-01-18,2.005194853644092,1.1729743332108056,holt_winters,AREQUIPA
2016-01-25,1.865297538273574,1.2702182929591623,holt_winters,AREQUIPA
2016-02-01,2.1684083882430296,1.2374721109449656,holt_winters,AREQUIPA
2016-02-08,1.981878634415672,1.0556749388211897,holt_winters,AREQUIPA
2016-02-15,2.3782543612988065,1.901613936997521,holt_winters,AREQUIPA
2016-02-22,2.4015705805272263,1.8496755092747874,holt_winters,AREQUIPA
2016-02-29,2.4948354574409053,1.8120248926341103,holt_winters,AREQUIPA
2016-03-07,2.471519238212485,1.7101409067591182,holt_winters,AREQUIPA
2016-03-14,2.2150408266998687,2.4051169804504906,holt_winters,AREQUIPA
2016-03-21,1.772032661359895,2.6225693727945787,holt_winters,AREQUIPA
2016-03-28,1.562186688304118,2.504264902715654,holt_winters,AREQUIPA
2016-04-04,1.562186688304118,2.7092599562705035,holt_winters,AREQUIPA
2016-04-11,1.911929976730413,1.4146438160285908,holt_winters,AREQUIPA
2016-04-18,1.8419813190451542,1.4398477885655985,holt_winters,AREQUIPA
2016-04-25,1.562186688304118,1.378737061523222,holt_winters,AREQUIPA
2016-05-02,1.5155542498472787,1.5058921289025597,holt_winters,AREQUIPA
2016-05-09,1.5855029075325378,1.6791381319321104,holt_winters,AREQUIPA
2016-05-16,2.0751435113293506,1.6910077092381213,holt_winters,AREQUIPA
2016-05-23,2.2849894843851275,1.734397612703645,holt_winters,AREQUIPA
2016-05-30,2.494835457440905,1.8463155144710084,holt_winters,AREQUIPA
2016-06-06,2.5881003343545834,2.6356748909610475,holt_winters,AREQUIPA
2016-06-13,3.217638253521915,2.5659487112716506,holt_winters,AREQUIPA
2016-06-20,3.8704923919176655,2.558887331026547,holt_winters,AREQUIPA
2016-06-27,4.546662749541835,2.487261156172728,holt_winters,AREQUIPA
2016-07-04,4.779824941826033,3.7364690122624755,holt_winters,AREQUIPA
2016-07-11,4.8031411610544525,3.7364690122624755,holt_winters,AREQUIPA
2016-07-18,4.243551899572381,3.7364690122624755,holt_winters,AREQUIPA
2016-07-25,3.7772275150039873,3.7364690122624755,holt_winters,AREQUIPA
2016-08-01,3.2409544727503348,3.777645095763454,holt_winters,AREQUIPA
2016-08-08,3.427484226577692,3.845736507798125,holt_winters,AREQUIPA
2016-08-15,3.4508004458061117,3.70052714669611,holt_winters,AREQUIPA
2016-08-22,3.3575355688924327,3.7926231542210185,holt_winters,AREQUIPA
2016-08-29,2.8445787458672,2.8889574778928684,holt_winters,AREQUIPA
2016-09-05,2.564784115126164,2.8254341542843666,holt_winters,AREQUIPA
2016-09-12,2.4015705805272263,2.7562363527526963,holt_winters,AREQUIPA
2016-09-19,2.3782543612988065,2.912183461550838,holt_winters,AREQUIPA
2016-09-26,2.12177594978619,2.3920930653782353,holt_winters,AREQUIPA
2016-10-03,2.1217759497861906,2.350882006762533,holt_winters,AREQUIPA
2016-10-10,1.9585624151872525,2.230780700444661,holt_winters,AREQUIPA
2016-10-17,1.981878634415672,2.214773266960552,holt_winters,AREQUIPA
2016-10-24,1.8652975382735735,1.8317419233296452,holt_winters,AREQUIPA
2016-10-31,1.9585624151872523,1.8429554360460851,holt_winters,AREQUIPA
2016-11-07,2.12177594978619,1.8592241468596715,holt_winters,AREQUIPA
2016-11-14,2.2849894843851275,1.984619373604279,holt_winters,AREQUIPA
2016-11-21,2.284989484385128,2.22081984531623,holt_winters,AREQUIPA
2016-11-28,2.14509216901461,2.2641156449680415,holt_winters,AREQUIPA
2016-12-05,2.2616732651567077,2.1515925090638404,holt_winters,AREQUIPA
2016-12-12,2.401570580527226,2.156454437561337,holt_winters,AREQUIPA
2016-12-19,2.4482030189840653,2.1401176985902444,holt_winters,AREQUIPA
2016-12-26,2.4248867997556456,2.164567514337099,holt_winters,AREQUIPA
2017-01-02,2.2721990932886396,2.201451876399331,holt_winters,AREQUIPA
2017-01-09,1.9810898858084023,2.408108121435534,holt_winters,AREQUIPA
2017-01-16,1.6889968020899735,2.2722314629016744,holt_winters,AREQUIPA
2017-01-23,1.8259424887459172,2.3684893960757814,holt_winters,AREQUIPA
2017-01-30,2.2139552676044247,2.3309356698457226,holt_winters,AREQUIPA
2017-02-06,2.1226581431671288,2.0309692344332295,holt_winters,AREQUIPA
2017-02-13,2.054185299839157,2.044149954576728,holt_winters,AREQUIPA
2017-02-20,1.9400638942925372,1.963567427860954,holt_winters,AREQUIPA
2017-02-27,1.9628881754018612,2.003603214949886,holt_winters,AREQUIPA
2017-03-06,1.7118210831992975,1.926427911353362,holt_winters,AREQUIPA
2017-03-13,1.8259424887459172,1.594606097618646,holt_winters,AREQUIPA
2017-03-20,2.1683067053857767,1.5968694801473602,holt_winters,AREQUIPA
2017-03-27,2.2824281109323965,1.5133776626785302,holt_winters,AREQUIPA
2017-04-03,1.8715910509645648,1.6488837487744759,holt_winters,AREQUIPA
2017-04-10,1.8259424887459172,1.9218089194889718,holt_winters,AREQUIPA
2017-04-17,2.054185299839157,1.8673477660385744,holt_winters,AREQUIPA
2017-04-24,2.054185299839157,1.6922523836813033,holt_winters,AREQUIPA
2017-05-01,1.917239613183213,1.855063193874891,holt_winters,AREQUIPA
2017-05-08,1.8259424887459172,1.991962127903411,holt_winters,AREQUIPA
2017-05-15,1.9857124565111854,2.2514953044107773,holt_winters,AREQUIPA
2017-05-22,2.2139552676044247,2.3454555979636345,holt_winters,AREQUIPA
2017-05-29,2.4878466409163127,2.5073244213555306,holt_winters,AREQUIPA
2017-06-05,2.6704408897909038,2.625365288355257,holt_winters,AREQUIPA
2017-06-12,2.487846640916312,2.7342172223725263,holt_winters,AREQUIPA
2017-06-19,2.1454824242764525,2.778580871641048,holt_winters,AREQUIPA
2017-06-26,1.917239613183213,2.819134222847115,holt_winters,AREQUIPA
2017-07-03,2.328076673151044,1.9901545119725077,holt_winters,AREQUIPA
2017-07-10,2.6704408897909038,2.0535067362323933,holt_winters,AREQUIPA
2017-07-17,2.967156544212115,2.200541552801968,holt_winters,AREQUIPA
2017-07-24,2.921507981993468,2.1041201481266194,holt_winters,AREQUIPA
2017-07-31,2.807386576446848,2.82165665764236,holt_winters,AREQUIPA
2017-08-07,2.921507981993468,2.9365582966129917,holt_winters,AREQUIPA
2017-08-14,3.058453668649411,2.8419811773029213,holt_winters,AREQUIPA
2017-08-21,3.241047917524003,2.8834535247313764,holt_winters,AREQUIPA
2017-08-28,2.8758594197748195,2.7302144901261767,holt_winters,AREQUIPA
2017-09-04,2.6704408897909038,2.6462200824743434,holt_winters,AREQUIPA
2017-09-11,2.601968046462932,2.589614027352843,holt_winters,AREQUIPA
2017-09-18,2.556319484244284,2.693381521324411,holt_winters,AREQUIPA
2017-09-25,2.236779548713748,2.5875321612829074,holt_winters,AREQUIPA
2017-10-02,2.145482424276452,2.5546811901832394,holt_winters,AREQUIPA
2017-10-09,2.1454824242764525,2.3385406980607426,holt_winters,AREQUIPA
2017-10-16,2.1226581431671288,2.271465962495484,holt_winters,AREQUIPA
2017-10-23,2.1226581431671288,1.9616754538298882,holt_winters,AREQUIPA
2017-10-30,2.1454824242764525,1.9888818974451186,holt_winters,AREQUIPA
2017-11-06,2.373725235369692,1.9959635932702013,holt_winters,AREQUIPA
2017-11-13,2.1911309864951005,2.023983345493143,holt_winters,AREQUIPA
2017-11-20,2.328076673151044,2.0810359477389517,holt_winters,AREQUIPA
2017-11-27,2.1226581431671288,2.1480102384818744,holt_winters,AREQUIPA
2017-12-04,2.2139552676044243,2.1094506468330056,holt_winters,AREQUIPA
2017-12-11,2.2824281109323965,2.0753240998812115,holt_winters,AREQUIPA
2017-12-18,2.2367795487137485,2.118877858772093,holt_winters,AREQUIPA
2017-12-25,2.41937379758834,2.13129735050551,holt_winters,AREQUIPA
2018-01-01,2.1814840714207016,2.19865416126505,holt_winters,AREQUIPA
2018-01-08,1.985695155077693,2.32848593458441,holt_winters,AREQUIPA
2018-01-15,1.5165216871933704,2.225288915578936,holt_winters,AREQUIPA
2018-01-22,1.5165216871933704,2.3292299697130274,holt_winters,AREQUIPA
2018-01-29,1.6798394073526566,2.4462747799488653,holt_winters,AREQUIPA
2018-02-05,1.9598126419114326,2.1456299809458272,holt_winters,AREQUIPA
2018-02-12,1.8898193332717386,1.9304310781184444,holt_winters,AREQUIPA
2018-02-19,2.1464614649506166,1.7851942041113553,holt_winters,AREQUIPA
2018-02-26,2.029805950551127,1.8349766845388886,holt_winters,AREQUIPA
2018-03-05,2.449765802389291,1.7814139280930539,holt_winters,AREQUIPA
2018-03-12,2.333110287989801,2.3633113892372024,holt_winters,AREQUIPA
2018-03-19,2.473096905269189,2.3447400330242463,holt_winters,AREQUIPA
2018-03-26,2.0764681563109226,2.279975674742075,holt_winters,AREQUIPA
2018-04-02,2.0531370534310245,2.3742912706991213,holt_winters,AREQUIPA
2018-04-09,2.193123670710413,2.157807047499551,holt_winters,AREQUIPA
2018-04-16,2.4964280081490866,2.107568383947112,holt_winters,AREQUIPA
2018-04-23,2.449765802389291,1.9121714764946627,holt_winters,AREQUIPA
2018-04-30,2.216454773590311,1.9509966055213566,holt_winters,AREQUIPA
2018-05-07,1.959812641911433,2.202881346308316,holt_winters,AREQUIPA
2018-05-14,1.8431571275119427,2.4365980926804154,holt_winters,AREQUIPA
2018-05-21,1.9598126419114328,2.5660197770723503,holt_winters,AREQUIPA
2018-05-28,2.519759111028985,2.8511391829660826,holt_winters,AREQUIPA
2018-06-04,3.0097122715068436,2.6409938972708975,holt_winters,AREQUIPA
2018-06-11,3.2663544031857215,2.7842940674316385,holt_winters,AREQUIPA
2018-06-18,3.0097122715068436,2.8267179867687715,holt_winters,AREQUIPA
2018-06-25,2.9163878599872515,2.8591828190509343,holt_winters,AREQUIPA
2018-07-02,3.219692197425926,3.1528845728360873,holt_winters,AREQUIPA
2018-07-09,3.6396520492640896,3.2573807135602517,holt_winters,AREQUIPA
2018-07-16,4.409578444300725,3.466336090883467,holt_winters,AREQUIPA
2018-07-23,4.10627410686205,3.4188435187812587,holt_winters,AREQUIPA
2018-07-30,4.1995985183816416,3.858753027727728,holt_winters,AREQUIPA
2018-08-06,3.9896185924625596,4.0463379434558355,holt_winters,AREQUIPA
2018-08-13,4.036280798222356,3.9741460280758103,holt_winters,AREQUIPA
2018-08-20,3.966287489582662,4.067128713593544,holt_winters,AREQUIPA
2018-08-27,3.3830099175852113,3.444302757326724,holt_winters,AREQUIPA
2018-09-03,3.2663544031857215,3.209408083968816,holt_winters,AREQUIPA
2018-09-10,2.893056757107353,3.1050782165061848,holt_winters,AREQUIPA
2018-09-17,3.0797055801465376,3.13988220725303,holt_winters,AREQUIPA
2018-09-24,2.706407934068169,2.9898755451134607,holt_winters,AREQUIPA
2018-10-01,2.3797724937495968,3.0011449770806076,holt_winters,AREQUIPA
2018-10-08,2.1231303620707185,2.8423537932374425,holt_winters,AREQUIPA
2018-10-15,2.356441390869699,2.7606964472106754,holt_winters,AREQUIPA
2018-10-22,2.706407934068169,2.2474335781452974,holt_winters,AREQUIPA
2018-10-29,2.916387859987251,2.2864316033442615,holt_winters,AREQUIPA
2018-11-05,2.8463945513475566,2.3688951620378833,holt_winters,AREQUIPA
2018-11-12,2.7764012427078626,2.3428526902334688,holt_winters,AREQUIPA
2018-11-19,2.356441390869698,2.7361681939558204,holt_winters,AREQUIPA
2018-11-26,2.4264346995093926,2.6731865376384185,holt_winters,AREQUIPA
2018-12-03,2.2397858764702083,2.666543547686341,holt_winters,AREQUIPA
2018-12-10,2.636414625428475,2.7289282715927783,holt_winters,AREQUIPA
2018-12-17,2.473096905269189,2.4619558210137154,holt_winters,AREQUIPA
2018-12-24,2.3797724937495968,2.4110941148925105,holt_winters,AREQUIPA
2018-12-31,2.1697925678305148,2.407784640039929,holt_winters,AREQUIPA
2019-01-07,2.266988159778081,2.4863808390628868,holt_winters,AREQUIPA
2019-01-14,2.546826120142376,2.2705067270385593,holt_winters,AREQUIPA
2019-01-21,2.4124277352720145,2.3624306265257413,holt_winters,AREQUIPA
2019-01-28,2.3441514786133717,2.5457616589802945,holt_winters,AREQUIPA
2019-02-04,1.8662176820028786,2.355005785251237,holt_winters,AREQUIPA
2019-02-11,1.5248363987096691,1.9279110983590142,holt_winters,AREQUIPA
2019-02-18,1.5475951509292163,1.8748916117683603,holt_winters,AREQUIPA
2019-02-25,1.661388912026953,1.911945480581,holt_winters,AREQUIPA
2019-03-04,1.9117351864419732,1.9111129633480881,holt_winters,AREQUIPA
2019-03-11,2.0710464519788045,1.8317875545826465,holt_winters,AREQUIPA
2019-03-18,2.1165639564178993,1.8458574155318372,holt_winters,AREQUIPA
2019-03-25,2.184840213076541,1.7297609958550366,holt_winters,AREQUIPA
2019-04-01,1.8889764342224262,1.759961463387142,holt_winters,AREQUIPA
2019-04-08,1.9117351864419734,1.9726691422960463,holt_winters,AREQUIPA
2019-04-15,1.9572526908810681,2.034612933801915,holt_winters,AREQUIPA
2019-04-22,2.0027701953201626,1.8996659560341176,holt_winters,AREQUIPA
2019-04-29,2.4351864874915616,1.8500171438794595,holt_winters,AREQUIPA
2019-05-06,2.5034627441502035,2.3340799443784075,holt_winters,AREQUIPA
2019-05-13,2.7310502663456773,2.446913179438457,holt_winters,AREQUIPA
2019-05-20,2.5717390008088454,2.5392524027202614,holt_winters,AREQUIPA
2019-05-27,2.913120284102055,2.9219434245715794,holt_winters,AREQUIPA
2019-06-03,3.0951903018584335,3.154067382540849,holt_winters,AREQUIPA
2019-06-10,3.391054080712548,3.316809122959707,holt_winters,AREQUIPA
2019-06-17,3.3455365762734535,3.286000081212218,holt_winters,AREQUIPA
2019-06-24,3.846229125103495,3.3379455532701483,holt_winters,AREQUIPA
2019-07-01,3.8007116206644,4.2085113347888035,holt_winters,AREQUIPA
2019-07-08,4.210369160616252,4.357577376052178,holt_winters,AREQUIPA
2019-07-15,4.528991691689915,4.465783009449583,holt_winters,AREQUIPA
2019-07-22,4.870372974983124,4.381153736654902,holt_winters,AREQUIPA
2019-07-29,5.006925488300408,4.6422592483783625,holt_winters,AREQUIPA
2019-08-05,4.392439178372631,4.6422592483783625,holt_winters,AREQUIPA
2019-08-12,4.142092903957611,4.6422592483783625,holt_winters,AREQUIPA
2019-08-19,3.664159107347117,4.6422592483783625,holt_winters,AREQUIPA
2019-08-26,3.3227778240539076,3.1953202957852973,holt_winters,AREQUIPA
2019-09-02,3.368295328493002,2.981059583718439,holt_winters,AREQUIPA
2019-09-09,3.3682953284930015,2.757399259431681,holt_winters,AREQUIPA
2019-09-16,3.5276065940298333,2.871266703956342,holt_winters,AREQUIPA
2019-09-23,3.3910540807125487,3.230793481013051,holt_winters,AREQUIPA
2019-09-30,3.3682953284930015,3.2141110646684323,holt_winters,AREQUIPA
2019-10-07,3.4593303373711906,3.056166003131938,holt_winters,AREQUIPA
2019-10-14,3.1407078062975287,3.0854764525161666,holt_winters,AREQUIPA
2019-10-21,2.4807039919306564,3.0991254164713253,holt_winters,AREQUIPA
2019-10-28,2.480703991930657,3.1802703453729206,holt_winters,AREQUIPA
2019-11-04,2.867602779662961,3.252053207519987,holt_winters,AREQUIPA
2019-11-11,3.6414003551275695,3.1898213256912062,holt_winters,AREQUIPA
2019-11-18,3.436571585151644,3.5861395665625015,holt_winters,AREQUIPA
2019-11-25,2.9813965407606973,3.501592055678022,holt_winters,AREQUIPA
2019-12-02,2.5262214963697516,3.411022874983389,holt_winters,AREQUIPA
2019-12-09,2.1620814608569945,3.5038329784115043,holt_winters,AREQUIPA
2019-12-16,2.412427735272015,2.021888562025422,holt_winters,AREQUIPA
2019-12-23,2.3441514786133726,1.9643392795827557,holt_winters,AREQUIPA
2019-12-30,2.1393227086374473,1.9549914274638471,holt_winters,AREQUIPA
2020-01-06,1.4936029849431207,1.942419827805463,holt_winters,AREQUIPA
2020-01-13,1.1214867973861264,1.5846266135001073,holt_winters,AREQUIPA
2020-01-20,1.135272378555907,1.5689060197740117,holt_winters,AREQUIPA
2020-01-27,1.7585591746258167,1.7452709160825344,holt_winters,AREQUIPA
2020-02-03,2.1147230580943366,1.6193394613925645,holt_winters,AREQUIPA
2020-02-10,2.359585727978944,2.072523165857507,holt_winters,AREQUIPA
2020-02-17,1.8476001454929465,2.0792922135261054,holt_winters,AREQUIPA
2020-02-24,1.8921206309265113,2.1375398380866977,holt_winters,AREQUIPA
2020-03-02,1.9366411163600763,2.2160438920854006,holt_winters,AREQUIPA
2020-03-09,1.869860388209729,1.9233740035572897,holt_winters,AREQUIPA
2020-03-16,1.602737475608339,1.9450202903747407,holt_winters,AREQUIPA
2020-03-23,1.3801350484405142,1.8480138910982313,holt_winters,AREQUIPA
2020-03-30,1.224313349423037,1.779771503060607,holt_winters,AREQUIPA
2020-04-06,0.9349301941048646,1.3163267855713399,holt_winters,AREQUIPA
2020-04-13,0.6010265533531272,1.3992117914554303,holt_winters,AREQUIPA
2020-04-20,0.4674650970524323,1.3305127520049784,holt_winters,AREQUIPA
2020-04-27,0.5342458252027797,1.3851709340576328,holt_winters,AREQUIPA
2020-05-04,0.7345880096538221,0.5096077990457278,holt_winters,AREQUIPA
2020-05-11,0.9794506795384295,0.59061057420627,holt_winters,AREQUIPA
2020-05-18,0.9794506795384296,0.632304118459374,holt_winters,AREQUIPA
2020-05-25,0.8458892232377345,0.8388124409781167,holt_winters,AREQUIPA
2020-06-01,0.8013687378041695,0.9707705478891241,holt_winters,AREQUIPA
2020-06-08,1.2688338348566015,1.0839342803933967,holt_winters,AREQUIPA
2020-06-15,1.8698603882097284,1.0960591035260756,holt_winters,AREQUIPA
2020-06-22,2.2037640289614657,1.207313640834555,holt_winters,AREQUIPA
2020-06-29,2.648968883297116,2.4021813802714145,holt_winters,AREQUIPA
2020-07-06,3.7619810191362397,2.5377211532789814,holt_winters,AREQUIPA
2020-07-13,5.075335339426407,2.677861602087651,holt_winters,AREQUIPA
2020-07-20,5.965745048097706,2.5567008315275643,holt_winters,AREQUIPA
2020-07-27,5.676361892779535,4.926359505443215,holt_winters,AREQUIPA
2020-08-03,5.794435189450748,4.926359505443215,holt_winters,AREQUIPA
2020-08-10,5.482791791415793,4.926359505443215,holt_winters,AREQUIPA
2020-08-17,5.3937508205486635,4.926359505443215,holt_winters,AREQUIPA
2020-08-24,5.030814853992841,4.752580621013173,holt_winters,AREQUIPA
2020-08-31,5.075335339426407,4.526609616429114,holt_winters,AREQUIPA
2020-09-07,5.253417281160666,4.20410103070147,holt_winters,AREQUIPA
2020-09-14,4.5856099996571915,4.3098159521046995,holt_winters,AREQUIPA
2020-09-21,3.6506798055523273,4.17965132483456,holt_winters,AREQUIPA
2020-09-28,2.693489368730681,4.117295080465895,holt_winters,AREQUIPA
2020-10-05,2.3818459706957262,3.956130581684718,holt_winters,AREQUIPA
2020-10-12,2.3595857279789434,3.938008774754836,holt_winters,AREQUIPA
2020-10-19,2.626708640580333,2.2640093574035447,holt_winters,AREQUIPA
2020-10-26,3.2722556793670248,2.3174769298548923,holt_winters,AREQUIPA
2020-11-02,3.4948581065348505,2.4915150833183866,holt_winters,AREQUIPA
2020-11-09,3.2945159220838076,2.5897081678334173,holt_winters,AREQUIPA
2020-11-16,2.9160917958985055,3.163149333755638,holt_winters,AREQUIPA
2020-11-23,2.7157496114474626,2.975368953343503,holt_winters,AREQUIPA
2020-11-30,2.893831553181723,2.8655467335179976,holt_winters,AREQUIPA
2020-12-07,3.027393009482418,2.7952733041119826,holt_winters,AREQUIPA
2020-12-14,3.2945159220838076,3.057202304198506,holt_winters,AREQUIPA
2020-12-21,3.4948581065348505,2.78699157415111,holt_winters,AREQUIPA
2020-12-28,3.249995436650243,2.6789271290218877,holt_winters,AREQUIPA
2021-01-04,3.577602918321624,2.447084699943887,holt_winters,AREQUIPA
2021-01-11,3.7292595330197256,3.1819348347783216,holt_winters,AREQUIPA
2021-01-18,4.104797219742241,3.154226354874002,holt_winters,AREQUIPA
2021-01-25,4.741152257979809,3.6138360358769805,holt_winters,AREQUIPA
2021-02-01,5.486677435040309,3.5894649228593623,holt_winters,AREQUIPA
2021-02-08,5.508511462804894,5.561497755971758,holt_winters,AREQUIPA
2021-02-15,4.959492535625673,5.564448062713396,holt_winters,AREQUIPA
2021-02-22,4.301303469623519,5.564448062713396,holt_winters,AREQUIPA
2021-03-01,4.541477775033969,5.564448062713396,holt_winters,AREQUIPA
2021-03-08,4.475975691740209,4.577016936652757,holt_winters,AREQUIPA
2021-03-15,4.606979858327727,4.483723642611464,holt_winters,AREQUIPA
2021-03-22,4.301303469623519,4.225608630446561,holt_winters,AREQUIPA
2021-03-29,3.995627080919309,3.90616325269442,holt_winters,AREQUIPA
2021-04-05,3.886456942096377,3.8552280732140387,holt_winters,AREQUIPA
2021-04-12,3.973793053154722,3.8195291304697974,holt_winters,AREQUIPA
2021-04-19,4.192133330800586,3.6340964757975605,holt_winters,AREQUIPA
2021-04-26,4.585145830563142,3.6688260900372716,holt_winters,AREQUIPA
2021-05-03,5.352505035388226,4.735431246137929,holt_winters,AREQUIPA
2021-05-10,6.054362156919555,5.182574965490211,holt_winters,AREQUIPA
2021-05-17,6.032528129154969,5.343183227588961,holt_winters,AREQUIPA
2021-05-24,6.032528129154968,5.577330139094501,holt_winters,AREQUIPA
2021-05-31,6.032528129154968,5.993126111331185,holt_winters,AREQUIPA
2021-06-07,6.297704695394567,5.993126111331185,holt_winters,AREQUIPA
2021-06-14,6.297704695394567,5.993126111331185,holt_winters,AREQUIPA
2021-06-21,5.90152396256745,5.993126111331185,holt_winters,AREQUIPA
2021-06-28,5.265168924329882,6.04148008053845,holt_winters,AREQUIPA
2021-07-05,4.41047360844645,6.04148008053845,holt_winters,AREQUIPA
2021-07-12,3.7772868032734443,6.04148008053845,holt_winters,AREQUIPA
2021-07-19,3.122265970335853,6.04148008053845,holt_winters,AREQUIPA
2021-07-26,2.6419173595149528,2.5630787910322694,holt_winters,AREQUIPA
2021-08-02,2.161568748694053,2.1244791300937735,holt_winters,AREQUIPA
2021-08-09,1.965062498812775,1.815790738706427,holt_winters,AREQUIPA
2021-08-16,2.030564582106534,1.558813887212208,holt_winters,AREQUIPA
2021-08-23,2.0523986098711204,1.7706073357269145,holt_winters,AREQUIPA
2021-08-30,2.096066665400293,1.7148746451606771,holt_winters,AREQUIPA
2021-09-06,1.7030541656377383,1.662207462051386,holt_winters,AREQUIPA
2021-09-13,1.6593861101085654,1.6488184760983065,holt_winters,AREQUIPA
2021-09-20,1.5065479157564605,1.366042548264297,holt_winters,AREQUIPA
2021-09-27,1.5720499990502195,1.1520567034799727,holt_winters,AREQUIPA
2021-10-04,1.4847138879918742,1.0300599914533002,holt_winters,AREQUIPA
2021-10-11,1.4628798602272877,0.99822807671178,holt_winters,AREQUIPA
2021-10-18,1.6375520823439789,1.478868466324354,holt_winters,AREQUIPA
2021-10-25,1.6593861101085654,1.6284861268082855,holt_winters,AREQUIPA
2021-11-01,1.8122243044606703,1.7854491584523664,holt_winters,AREQUIPA
2021-11-08,1.986896526577361,1.8625271556766367,holt_winters,AREQUIPA
2021-11-15,2.9475937482191625,1.8820827930028572,holt_winters,AREQUIPA
2021-11-22,3.0567638870420946,1.7690368686625255,holt_winters,AREQUIPA
2021-11-29,2.6855854150441254,1.754201087708491,holt_winters,AREQUIPA
2021-12-06,1.6593861101085654,1.829462105349545,holt_winters,AREQUIPA
2021-12-13,1.5283819435210468,1.3007983419642832,holt_winters,AREQUIPA
2021-12-20,1.4410458324627016,1.0431856295535538,holt_winters,AREQUIPA
2021-12-27,1.6812201378731517,0.7377947353293786,holt_winters,AREQUIPA
2022-01-03,1.649020175726568,0.5151307929628691,holt_winters,AREQUIPA
2022-01-10,2.0711116381843735,1.5095285056941699,holt_winters,AREQUIPA
2022-01-17,1.8876091756682027,1.5577713454406432,holt_winters,AREQUIPA
2022-01-24,1.9090592799371595,1.8530183065651973,holt_winters,AREQUIPA
2022-01-31,1.7374584457855047,1.946458357755676,holt_winters,AREQUIPA
2022-02-07,2.4024116781231672,1.6909572200862428,holt_winters,AREQUIPA
2022-02-14,2.7885135549643905,1.587727879816142,holt_winters,AREQUIPA
2022-02-21,2.8099636592333472,1.5436406047017115,holt_winters,AREQUIPA
2022-02-28,2.295161156778383,1.6436059884136291,holt_winters,AREQUIPA
2022-03-07,1.994859697012987,2.108208485164548,holt_winters,AREQUIPA
2022-03-14,2.037759905550901,1.9773323863876522,holt_winters,AREQUIPA
2022-03-21,2.145010426895685,1.7176356679591513,holt_winters,AREQUIPA
2022-03-28,2.3166112610473397,1.4292404790676903,holt_winters,AREQUIPA
2022-04-04,2.2522609482404694,2.437156126492482,holt_winters,AREQUIPA
2022-04-11,2.0592100098198576,2.5794957543399994,holt_winters,AREQUIPA
2022-04-18,2.037759905550901,2.6588188299391957,holt_winters,AREQUIPA
2022-04-25,1.994859697012987,2.8517863463702264,holt_winters,AREQUIPA
2022-05-02,1.9519594884750733,2.138480842193522,holt_winters,AREQUIPA
2022-05-09,1.887609175668203,2.3407603388313807,holt_winters,AREQUIPA
2022-05-16,2.123560322626728,2.3844100343786203,holt_winters,AREQUIPA
2022-05-23,2.3595114695852537,2.5752457169823173,holt_winters,AREQUIPA
2022-05-30,2.273711052509426,2.5340104397670404,holt_winters,AREQUIPA
2022-06-06,2.273711052509426,2.939753936354534,holt_winters,AREQUIPA
2022-06-13,2.616912720812736,3.11060048892681,holt_winters,AREQUIPA
2022-06-20,3.0244647019229163,3.264642349387711,holt_winters,AREQUIPA
2022-06-27,2.8528638677712608,3.2339931624612865,holt_winters,AREQUIPA
2022-07-04,2.7456133464264774,3.6615180472561177,holt_winters,AREQUIPA
2022-07-11,2.6169127208127354,4.129244381157083,holt_winters,AREQUIPA
2022-07-18,2.8099636592333472,4.16380110396154,holt_winters,AREQUIPA
2022-07-25,2.4453118866610812,2.6602198263316206,holt_winters,AREQUIPA
2022-08-01,2.5525624080058655,2.4033326009376275,holt_winters,AREQUIPA
2022-08-08,2.445311886661081,2.2637853303112445,holt_winters,AREQUIPA
2022-08-15,2.6812630336196066,2.17812716761457,holt_winters,AREQUIPA
2022-08-22,2.2308108439715126,2.458823173436016,holt_winters,AREQUIPA
2022-08-29,2.1664605311646423,2.42579031475616,holt_winters,AREQUIPA
2022-09-05,1.9305093842061165,2.281094920229248,holt_winters,AREQUIPA
2022-09-12,2.0592100098198576,2.2433756702085224,holt_winters,AREQUIPA
2022-09-19,2.145010426895685,1.792585336680526,holt_winters,AREQUIPA
2022-09-26,2.0592100098198576,1.6142090928688297,holt_winters,AREQUIPA
2022-10-03,1.9519594884750735,1.5216418699440981,holt_winters,AREQUIPA
2022-10-10,1.7589085500544617,1.5096308925270392,holt_winters,AREQUIPA
2022-10-17,1.9519594884750733,1.8096801921224819,holt_winters,AREQUIPA
2022-10-24,1.9519594884750733,1.9456081373083447,holt_winters,AREQUIPA
2022-10-31,1.9090592799371597,2.1064586419612636,holt_winters,AREQUIPA
2022-11-07,1.737458445785505,2.1849672060137704,holt_winters,AREQUIPA
2022-11-14,1.8447089671302892,1.7575983038747631,holt_winters,AREQUIPA
2022-11-21,1.97340959274403,1.6608663654528735,holt_winters,AREQUIPA
2022-11-28,2.1450104268956847,1.556920321446967,holt_winters,AREQUIPA
2022-12-05,2.102110218357771,1.4243989399116104,holt_winters,AREQUIPA
2022-12-12,1.994859697012987,2.137048520993851,holt_winters,AREQUIPA
2022-12-19,1.9734095927440303,2.1484488815565026,holt_winters,AREQUIPA
2022-12-26,2.016309801281944,2.0484904746053236,holt_winters,AREQUIPA
2023-01-02,2.0071042607820275,1.9283410684346385,holt_winters,AREQUIPA
2023-01-09,2.058708440589014,2.1346144422072975,holt_winters,AREQUIPA
2023-01-16,1.9408361417443265,2.1593439076135064,holt_winters,AREQUIPA
2023-01-23,1.9408361417443265,2.4693928215999073,holt_winters,AREQUIPA
2023-01-30,1.8564519616684863,2.5839927211386575,holt_winters,AREQUIPA
2023-02-06,1.6665875564978458,1.8874203203298299,holt_winters,AREQUIPA
2023-02-13,1.5822033764220054,1.7374381281309714,holt_winters,AREQUIPA
2023-02-20,1.518915241365125,1.5989648790603639,holt_winters,AREQUIPA
2023-02-27,1.6454915114788855,1.5993312781158875,holt_winters,AREQUIPA
2023-03-06,1.814259871630566,1.6529316563399852,holt_winters,AREQUIPA
2023-03-13,1.6876836015168057,1.6861241025367764,holt_winters,AREQUIPA
2023-03-20,1.9408361417443265,1.6033510637315254,holt_winters,AREQUIPA
2023-03-27,1.9619321867632866,1.533958247623969,holt_winters,AREQUIPA
2023-04-03,2.447141222199368,1.8375542994387284,holt_winters,AREQUIPA
2023-04-10,2.9534463026544095,1.7690611326548908,holt_winters,AREQUIPA
2023-04-17,3.6918078783180124,1.7441761192129326,holt_winters,AREQUIPA
2023-04-24,4.113728778697214,1.8399639826525287,holt_winters,AREQUIPA
2023-05-01,3.966056463564494,4.7341759419106335,holt_winters,AREQUIPA
2023-05-08,3.839480193450733,5.332252839901217,holt_winters,AREQUIPA
2023-05-15,3.4175592930715317,5.689304431998067,holt_winters,AREQUIPA
2023-05-22,3.269886977938811,6.04148008053845,holt_winters,AREQUIPA
2023-05-29,3.206598842881931,3.0609131923547275,holt_winters,AREQUIPA
2023-06-05,3.2487909329198508,3.274584017961717,holt_winters,AREQUIPA
2023-06-12,3.501943473147372,3.4025455312155697,holt_winters,AREQUIPA
2023-06-19,3.523039518166332,3.5406046803727227,holt_winters,AREQUIPA
2023-06-26,3.9027683285076136,3.3315061699793285,holt_winters,AREQUIPA
2023-07-03,3.9027683285076136,3.3793121632712224,holt_winters,AREQUIPA
2023-07-10,3.8605762384696938,3.4930260265598134,holt_winters,AREQUIPA
2023-07-17,3.375367203033612,3.4129567049749516,holt_winters,AREQUIPA
2023-07-24,3.0589265277492106,2.813495581951085,holt_winters,AREQUIPA
2023-07-31,2.9112542126164898,2.4079560542038703,holt_winters,AREQUIPA
2023-08-07,2.7002937624268895,2.1251478871046228,holt_winters,AREQUIPA
2023-08-14,2.7002937624268895,1.9803998757539087,holt_winters,AREQUIPA
2023-08-21,2.2361807720097677,2.476117419803732,holt_winters,AREQUIPA
2023-08-28,2.1728926369528874,2.49239247507814,holt_winters,AREQUIPA
2023-09-04,2.109604501896007,2.3254684496138047,holt_winters,AREQUIPA
2023-09-11,2.257276817028728,2.3397378889809093,holt_winters,AREQUIPA
2023-09-18,2.6791977174079293,2.1689650400962477,holt_winters,AREQUIPA
2023-09-25,2.4471412221993685,2.0649322216528208,holt_winters,AREQUIPA
2023-10-02,2.257276817028728,2.012118447394968,holt_winters,AREQUIPA
2023-10-09,1.750971736573686,2.023130819976509,holt_winters,AREQUIPA
2023-10-16,1.8142598716305665,1.5901004349834742,holt_winters,AREQUIPA
2023-10-23,1.8775480066874468,1.5692999919346633,holt_winters,AREQUIPA
2023-10-30,2.067412411858087,1.5527439003684291,holt_winters,AREQUIPA
2023-11-06,1.8564519616684863,1.5277171413544013,holt_winters,AREQUIPA
2023-11-13,1.8142598716305665,1.833089561667257,holt_winters,AREQUIPA
2023-11-20,1.6665875564978458,1.6586058883717256,holt_winters,AREQUIPA
2023-11-27,1.9619321867632866,1.4701472744377961,holt_winters,AREQUIPA
2023-12-04,1.8986440517064065,1.2551204418920494,holt_winters,AREQUIPA
2010-12-27,1.7406552254737662,1.4767382188984048,arima,AREQUIPA
2011-01-03,2.1464828581136604,1.4165738470537845,arima,AREQUIPA
2011-01-10,2.345191853045073,1.4708044805387088,arima,AREQUIPA
2011-01-17,1.9076663360916097,1.452267389520555,arima,AREQUIPA
2011-01-24,1.7508718427142174,1.6040407344074354,arima,AREQUIPA
2011-01-31,1.7508718427142174,1.5651949954911368,arima,AREQUIPA
2011-02-07,1.9337987516545085,1.6773569083171609,arima,AREQUIPA
2011-02-14,1.8554015049658126,1.6149985327249925,arima,AREQUIPA
2011-02-21,2.012195998343205,1.9080811272349654,arima,AREQUIPA
2011-02-28,2.299652569535091,1.958241017321756,arima,AREQUIPA
2011-03-07,2.064460829469003,1.9088483399168894,arima,AREQUIPA
2011-03-14,1.9599311672174073,1.9260877846033557,arima,AREQUIPA
2011-03-21,1.9076663360916097,1.7601558153051167,arima,AREQUIPA
2011-03-28,2.587109140726978,1.8619293858024693,arima,AREQUIPA
2011-04-04,2.456447062912484,1.854376205958955,arima,AREQUIPA
2011-04-11,2.665506387415674,1.8280754356935427,arima,AREQUIPA
2011-04-18,2.456447062912484,2.3827418093090573,arima,AREQUIPA
2011-04-25,2.5087118940382815,2.712164234116666,arima,AREQUIPA
2011-05-02,2.5087118940382815,2.5768108805158705,arima,AREQUIPA
2011-05-09,2.1167256605948,2.5632477535519036,arima,AREQUIPA
2011-05-16,1.9599311672174073,2.2676454871096823,arima,AREQUIPA
2011-05-23,1.7247394271513183,2.0141975656031117,arima,AREQUIPA
2011-05-30,2.0644608294690023,2.135650571349495,arima,AREQUIPA
2011-06-06,2.4564470629124835,2.1318808325611336,arima,AREQUIPA
2011-06-13,2.4041822317866863,2.5315032666141337,arima,AREQUIPA
2011-06-20,2.53484430960118,2.4484509011458324,arima,AREQUIPA
2011-06-27,3.188154698673649,2.4796199088895072,arima,AREQUIPA
2011-07-04,3.3972140231768395,2.4851486615258804,arima,AREQUIPA
2011-07-11,3.2926843609252443,3.3265972573398335,arima,AREQUIPA
2011-07-18,2.6132415562898763,3.1210633841737665,arima,AREQUIPA
2011-07-25,2.5609767251640787,3.3162166572852705,arima,AREQUIPA
2011-08-01,2.665506387415674,3.2868280860693853,arima,AREQUIPA
2011-08-08,2.9006981274817627,2.801235512004774,arima,AREQUIPA
2011-08-15,3.083625036422054,2.924630772016026,arima,AREQUIPA
2011-08-22,3.2404195297994463,2.798372606117699,arima,AREQUIPA
2011-08-29,3.554008516554232,2.8420165172280902,arima,AREQUIPA
2011-09-05,3.5278761009913335,3.414018460848192,arima,AREQUIPA
2011-09-12,3.371081607613941,3.414018460848192,arima,AREQUIPA
2011-09-19,3.1358898675478515,3.414018460848192,arima,AREQUIPA
2011-09-26,3.3710816076139403,3.414018460848192,arima,AREQUIPA
2011-10-03,3.527876100991333,3.3756231707272204,arima,AREQUIPA
2011-10-10,3.318816776488143,3.4539462749071865,arima,AREQUIPA
2011-10-17,3.527876100991333,3.4006411628014823,arima,AREQUIPA
2011-10-24,3.7892002566203207,3.4106855830459857,arima,AREQUIPA
2011-10-31,3.606273347680029,3.538590391372123,arima,AREQUIPA
2011-11-07,2.926830543044661,3.538590391372123,arima,AREQUIPA
2011-11-14,2.6916388029785723,3.538590391372123,arima,AREQUIPA
2011-11-21,3.1358898675478515,3.538590391372123,arima,AREQUIPA
2011-11-28,3.0836250364220543,3.4320710540121646,arima,AREQUIPA
2011-12-05,2.4825794784753827,3.411354685151258,arima,AREQUIPA
2011-12-12,2.0383284139061035,3.331143047095274,arima,AREQUIPA
2011-12-19,2.2212553228463947,3.390173466739673,arima,AREQUIPA
2011-12-26,2.32578498509799,2.337194131664524,arima,AREQUIPA
2012-01-02,2.3340424025734827,2.4541239454508017,arima,AREQUIPA
2012-01-09,2.0062766931976515,2.3381755407771685,arima,AREQUIPA
2012-01-16,2.0412829054804362,2.3752278776583666,arima,AREQUIPA
2012-01-23,2.092314978117447,2.0250608998742883,arima,AREQUIPA
2012-01-30,2.3985074139395124,2.090549275384824,arima,AREQUIPA
2012-02-06,2.2198951597099748,2.053475369604831,arima,AREQUIPA
2012-02-13,2.194379123391469,2.05673280939269,arima,AREQUIPA
2012-02-20,2.577119668169051,2.0405771476018795,arima,AREQUIPA
2012-02-27,2.857796067672611,2.1383858880800726,arima,AREQUIPA
2012-03-05,2.781247958717094,2.1243185506945768,arima,AREQUIPA
2012-03-12,2.3219593049839964,2.1019080330281965,arima,AREQUIPA
2012-03-19,2.3985074139395124,2.293423176695731,arima,AREQUIPA
2012-03-26,2.8322800313541054,2.3655610959974984,arima,AREQUIPA
2012-04-02,2.6281517408060613,2.3289431738700745,arima,AREQUIPA
2012-04-09,2.5005715592135345,2.328698370129387,arima,AREQUIPA
2012-04-16,1.9392187602064146,2.280904168816303,arima,AREQUIPA
2012-04-23,2.194379123391469,2.3843325813165213,arima,AREQUIPA
2012-04-30,2.270927232346985,2.3907184896115847,arima,AREQUIPA
2012-05-07,2.9598602129466323,2.351796315620083,arima,AREQUIPA
2012-05-14,3.674309229864786,3.0218368637538835,arima,AREQUIPA
2012-05-21,3.699825266183291,3.191010578323156,arima,AREQUIPA
2012-05-28,3.4191488666797305,3.0623899164273545,arima,AREQUIPA
2012-06-04,2.8322800313541054,3.0907571599987733,arima,AREQUIPA
2012-06-11,2.908828140309622,2.8999194019311925,arima,AREQUIPA
2012-06-18,2.602635704487556,2.9095996858800053,arima,AREQUIPA
2012-06-25,2.2964432686654908,2.879111095194393,arima,AREQUIPA
2012-07-02,2.117831014435953,2.895898757855303,arima,AREQUIPA
2012-07-09,2.7302158860800834,2.128937807096304,arima,AREQUIPA
2012-07-16,2.934344176628127,2.149211257426684,arima,AREQUIPA
2012-07-23,3.1384724671761703,2.1318287938369904,arima,AREQUIPA
2012-07-30,2.628151740806062,2.136435860014322,arima,AREQUIPA
2012-08-06,2.5516036318505457,2.623456068295512,arima,AREQUIPA
2012-08-13,2.449539486576523,2.5667701878640785,arima,AREQUIPA
2012-08-20,2.3474753413025016,2.6061272097740678,arima,AREQUIPA
2012-08-27,2.3219593049839964,2.600185305565757,arima,AREQUIPA
2012-09-03,2.092314978117447,2.272025067722291,arima,AREQUIPA
2012-09-10,2.066798941798942,2.3154950826310685,arima,AREQUIPA
2012-09-17,1.8881866875694036,2.3046292511197124,arima,AREQUIPA
2012-09-24,1.9392187602064144,2.295800168026738,arima,AREQUIPA
2012-10-01,1.6585423607028542,1.9018081195711989,arima,AREQUIPA
2012-10-08,1.5054461427918218,1.9402792870304453,arima,AREQUIPA
2012-10-15,1.301317852243778,1.9281678181351751,arima,AREQUIPA
2012-10-22,1.352349924880789,1.9221111459592453,arima,AREQUIPA
2012-10-29,1.2758018159252729,1.3615448952358669,arima,AREQUIPA
2012-11-05,1.4799301064733161,1.3855584525409146,arima,AREQUIPA
2012-11-12,1.5564782154288326,1.3661609393036667,arima,AREQUIPA
2012-11-19,1.7861225422953817,1.3705889047608586,arima,AREQUIPA
2012-11-26,1.96473479652492,1.7404415670641218,arima,AREQUIPA
2012-12-03,2.3474753413025016,1.7638721171515632,arima,AREQUIPA
2012-12-10,2.24541119602848,1.7643618315698104,arima,AREQUIPA
2012-12-17,1.862670651250898,1.755621726652564,arima,AREQUIPA
2012-12-24,1.5819942517473382,1.6243390594092508,arima,AREQUIPA
2012-12-31,1.9902508328434252,1.656775919012503,arima,AREQUIPA
2013-01-07,2.1037196749464067,1.7195381898125965,arima,AREQUIPA
2013-01-14,2.164980499454915,1.665753209595296,arima,AREQUIPA
2013-01-21,2.019173171021724,1.9702899788686161,arima,AREQUIPA
2013-01-28,2.1936696179001447,2.042849490653774,arima,AREQUIPA
2013-02-04,2.1936696179001447,2.067676187251436,arima,AREQUIPA
2013-02-11,2.0191731710217242,2.0230835749234006,arima,AREQUIPA
2013-02-18,1.7698925326239803,1.9522471116569264,arima,AREQUIPA
2013-02-25,1.5455399580660112,1.933529243825904,arima,AREQUIPA
2013-03-04,1.4956838303864626,1.9692422818017772,arima,AREQUIPA
2013-03-11,1.5704680219057856,1.952425380126167,arima,AREQUIPA
2013-03-18,1.4707557665466882,1.6424501606434339,arima,AREQUIPA
2013-03-25,1.4458277027069137,1.6382297897384688,arima,AREQUIPA
2013-04-01,1.420899638867139,1.6154260684995616,arima,AREQUIPA
2013-04-08,1.6203241495853342,1.631816647188107,arima,AREQUIPA
2013-04-15,1.395971575027365,1.6376435647634862,arima,AREQUIPA
2013-04-22,1.346115447347816,1.64532382164245,arima,AREQUIPA
2013-04-29,1.2214751281489442,1.634210970525454,arima,AREQUIPA
2013-05-06,1.5206118942262368,1.6388629488571562,arima,AREQUIPA
2013-05-13,1.7449644687842063,1.541858074747613,arima,AREQUIPA
2013-05-20,2.143813490220596,1.6353734783080984,arima,AREQUIPA
2013-05-27,2.418022192458114,1.5649803283266388,arima,AREQUIPA
2013-06-03,2.5426625116569856,1.5797227424603872,arima,AREQUIPA
2013-06-10,2.79194315005473,2.5896382233566255,arima,AREQUIPA
2013-06-17,2.6673028308558577,2.5622907816160554,arima,AREQUIPA
2013-06-24,2.492806383977437,2.5642260843546443,arima,AREQUIPA
2013-07-01,2.1438134902205963,2.5725901542333354,arima,AREQUIPA
2013-07-08,2.1188854263808214,2.0883363656771188,arima,AREQUIPA
2013-07-15,1.944388979502401,2.0886748974440517,arima,AREQUIPA
2013-07-22,2.143813490220596,2.1077382684741783,arima,AREQUIPA
2013-07-29,2.143813490220596,2.0947524672326536,arima,AREQUIPA
2013-08-05,2.343238000938791,2.3177106113081756,arima,AREQUIPA
2013-08-12,2.5675905754967605,2.2058279094861897,arima,AREQUIPA
2013-08-19,2.2933818732592424,2.2203302023683005,arima,AREQUIPA
2013-08-26,1.944388979502401,2.2492445812215642,arima,AREQUIPA
2013-09-02,1.5206118942262368,1.5890035727954366,arima,AREQUIPA
2013-09-09,1.6701802772648833,1.639648955570429,arima,AREQUIPA
2013-09-16,2.0939573625410475,1.7277418273995464,arima,AREQUIPA
2013-09-23,2.093957362541047,1.6485094693551872,arima,AREQUIPA
2013-09-30,2.1687415540603703,2.134303164156183,arima,AREQUIPA
2013-10-07,2.1936696179001447,2.00347233738765,arima,AREQUIPA
2013-10-14,2.069029298701273,2.0773844338605088,arima,AREQUIPA
2013-10-21,1.9693170433421756,2.0734837495472065,arima,AREQUIPA
2013-10-28,1.7200364049444314,1.7884900864995397,arima,AREQUIPA
2013-11-04,1.6951083411046575,1.8953702470325717,arima,AREQUIPA
2013-11-11,1.6951083411046575,1.8865834155146965,arima,AREQUIPA
2013-11-18,1.6951083411046575,1.853743623168999,arima,AREQUIPA
2013-11-25,1.545539958066011,1.7837205801854172,arima,AREQUIPA
2013-12-02,1.3710435111875905,1.7450286210592436,arima,AREQUIPA
2013-12-09,1.271331255828493,1.7390253145148717,arima,AREQUIPA
2013-12-16,1.346115447347816,1.7571754219879896,arima,AREQUIPA
2013-12-23,1.2962593196682672,1.3407063625084557,arima,AREQUIPA
2013-12-30,1.2962593196682672,1.3232913966021491,arima,AREQUIPA
2014-01-06,1.188124785800328,1.3372781462800973,arima,AREQUIPA
2014-01-13,1.594495828824886,1.3343425808014857,arima,AREQUIPA
2014-01-20,1.9493262884681268,1.6897854816472486,arima,AREQUIPA
2014-01-27,2.4122912819793068,1.9485215525672142,arima,AREQUIPA
2014-02-03,2.168625495920791,1.736060759666034,arima,AREQUIPA
2014-02-10,1.6325607665920563,1.7852086513699394,arima,AREQUIPA
2014-02-17,1.2670620875042824,1.4831115627516571,arima,AREQUIPA
2014-02-24,1.1452291944750244,1.3539742958564616,arima,AREQUIPA
2014-03-03,1.242695508898431,1.4804793807566172,arima,AREQUIPA
2014-03-10,1.2183289302925793,1.442394312604646,arima,AREQUIPA
2014-03-17,1.1695957730808761,1.1273819471121633,arima,AREQUIPA
2014-03-24,1.1939623516867277,1.089812543068121,arima,AREQUIPA
2014-03-31,1.169595773080876,1.141769361421215,arima,AREQUIPA
2014-04-07,1.3645284019276887,1.1213687986085112,arima,AREQUIPA
2014-04-14,1.5107278735627983,1.37619148186617,arima,AREQUIPA
2014-04-21,1.413261559139392,1.557627251516719,arima,AREQUIPA
2014-04-28,1.291428666110134,1.4423610368254838,arima,AREQUIPA
2014-05-05,1.1695957730808761,1.451455396137533,arima,AREQUIPA
2014-05-12,1.2183289302925793,1.3382788905739373,arima,AREQUIPA
2014-05-19,1.3157952447159857,1.2356039982182205,arima,AREQUIPA
2014-05-26,1.3645284019276887,1.241185951626086,arima,AREQUIPA
2014-06-02,1.5107278735627983,1.2736231943954486,arima,AREQUIPA
2014-06-09,1.583827609380353,1.3764574177876592,arima,AREQUIPA
2014-06-16,1.583827609380353,1.3787019230976818,arima,AREQUIPA
2014-06-23,1.4376281377452436,1.4223486155292275,arima,AREQUIPA
2014-06-30,1.2670620875042824,1.3938589105909958,arima,AREQUIPA
2014-07-07,1.3157952447159857,1.2375713776221702,arima,AREQUIPA
2014-07-14,1.7300270810154625,1.3295962473671417,arima,AREQUIPA
2014-07-21,2.3148249675559005,1.2818588531282604,arima,AREQUIPA
2014-07-28,2.7290568038553773,1.2794528341309253,arima,AREQUIPA
2014-08-04,2.4122912819793068,2.903539748206321,arima,AREQUIPA
2014-08-11,2.655957068037823,2.781369940501407,arima,AREQUIPA
2014-08-18,2.5584907536144166,2.795470891921522,arima,AREQUIPA
2014-08-25,3.0701889043373,2.8269974063149035,arima,AREQUIPA
2014-09-01,2.509757596402713,2.829519326446142,arima,AREQUIPA
2014-09-08,2.241725231738346,2.922585583444653,arima,AREQUIPA
2014-09-15,2.1929920745266425,2.946186833463067,arima,AREQUIPA
2014-09-22,2.3879247033734554,2.901902132659519,arima,AREQUIPA
2014-09-29,2.6803236466436737,2.5575256517803457,arima,AREQUIPA
2014-10-06,2.3391915461617523,2.5394970950953546,arima,AREQUIPA
2014-10-13,1.9736928670739786,2.4924860595082756,arima,AREQUIPA
2014-10-20,1.6812939238037592,2.524124869586348,arima,AREQUIPA
2014-10-27,1.7056605024096108,1.6729347533799233,arima,AREQUIPA
2014-11-03,1.754393659621314,1.687386352394946,arima,AREQUIPA
2014-11-10,1.583827609380353,1.682237726381279,arima,AREQUIPA
2014-11-17,1.5107278735627983,1.6803729285193716,arima,AREQUIPA
2014-11-24,1.2426955088984308,1.44417253084727,arima,AREQUIPA
2014-12-01,1.53509445216865,1.5030230909307902,arima,AREQUIPA
2014-12-08,1.5107278735627983,1.4928836464158537,arima,AREQUIPA
2014-12-15,1.9005931312564235,1.4790701327747082,arima,AREQUIPA
2014-12-22,1.7300270810154625,1.8322039528683995,arima,AREQUIPA
2014-12-29,2.1929920745266425,1.9515495684203004,arima,AREQUIPA
2015-01-05,2.2017929502078726,1.9061539533038248,arima,AREQUIPA
2015-01-12,2.2614739766076504,1.8932231101282044,arima,AREQUIPA
2015-01-19,2.097025060164364,2.0578604942124286,arima,AREQUIPA
2015-01-26,1.9540460787895209,2.0407450799346503,arima,AREQUIPA
2015-02-02,2.0017057392478015,2.1116948379934732,arima,AREQUIPA
2015-02-09,1.6442582858106942,2.0774745032633564,arima,AREQUIPA
2015-02-16,1.6680881160398346,1.5931359290048015,arima,AREQUIPA
2015-02-23,1.4536196439775704,1.4899684501080843,arima,AREQUIPA
2015-03-02,1.5251091346649917,1.5608270052780564,arima,AREQUIPA
2015-03-09,1.4774494742067106,1.551199298109939,arima,AREQUIPA
2015-03-16,1.3821301532901487,1.5336923575209032,arima,AREQUIPA
2015-03-23,1.4297898137484297,1.5446161953786604,arima,AREQUIPA
2015-03-30,1.3821301532901487,1.5216702171906615,arima,AREQUIPA
2015-04-06,1.6919179462689753,1.5303005539076395,arima,AREQUIPA
2015-04-13,1.5965986253524134,1.7372490593084622,arima,AREQUIPA
2015-04-20,1.5251091346649919,1.8227571588809013,arima,AREQUIPA
2015-04-27,1.3344704928318676,1.7645472251154077,arima,AREQUIPA
2015-05-04,1.5489389648941323,1.7687451814091673,arima,AREQUIPA
2015-05-11,1.4774494742067106,1.670459323698231,arima,AREQUIPA
2015-05-18,1.334470492831868,1.7669806898258387,arima,AREQUIPA
2015-05-25,1.1914915114570246,1.6787061269035566,arima,AREQUIPA
2015-06-01,1.5251091346649917,1.6946901026052044,arima,AREQUIPA
2015-06-08,1.6204284555815536,1.7615267431537454,arima,AREQUIPA
2015-06-15,1.715747776498116,1.8344530179659568,arima,AREQUIPA
2015-06-22,1.8825565881020994,1.720048671879307,arima,AREQUIPA
2015-06-29,2.2400040415392066,1.7554570767669977,arima,AREQUIPA
2015-07-06,2.38298302291405,2.3945722556332143,arima,AREQUIPA
2015-07-13,2.1208548903935043,2.2713022383129218,arima,AREQUIPA
2015-07-20,2.1446847206226445,2.284976282902601,arima,AREQUIPA
2015-07-27,1.9540460787895206,2.3166673216005065,arima,AREQUIPA
2015-08-03,2.097025060164364,1.9207339126325715,arima,AREQUIPA
2015-08-10,2.025535569476942,1.8122114863105427,arima,AREQUIPA
2015-08-17,2.001705739247802,1.8771135648915536,arima,AREQUIPA
2015-08-24,2.1446847206226445,1.8766513740552615,arima,AREQUIPA
2015-08-31,1.90638641833124,2.2099736900535385,arima,AREQUIPA
2015-09-07,1.8348969276438183,2.415017957547959,arima,AREQUIPA
2015-09-14,1.5251091346649917,2.285470990081592,arima,AREQUIPA
2015-09-21,1.6919179462689753,2.289772412850287,arima,AREQUIPA
2015-09-28,1.7157477764981157,1.8015622572335992,arima,AREQUIPA
2015-10-05,2.073195229935223,1.8389736131984078,arima,AREQUIPA
2015-10-12,2.073195229935223,1.785731276180639,arima,AREQUIPA
2015-10-19,2.1446847206226445,1.8005137188034073,arima,AREQUIPA
2015-10-26,1.8587267578729587,1.9631131806787057,arima,AREQUIPA
2015-11-02,1.8348969276438183,1.966835150001626,arima,AREQUIPA
2015-11-09,1.9778759090186613,2.026603643882164,arima,AREQUIPA
2015-11-16,1.9302162485603802,1.9950086264189208,arima,AREQUIPA
2015-11-23,2.025535569476942,1.9061952422719914,arima,AREQUIPA
2015-11-30,1.9540460787895206,1.836310357861285,arima,AREQUIPA
2015-12-07,1.9063864183312396,1.8799157740610706,arima,AREQUIPA
2015-12-14,1.5012793044358512,1.882051820834756,arima,AREQUIPA
2015-12-21,1.1914915114570246,1.3510773530691988,arima,AREQUIPA
2015-12-28,0.6672352464159337,1.2987609102781703,arima,AREQUIPA
2016-01-04,0.9636691533760189,1.3765066682969285,arima,AREQUIPA
2016-01-11,1.1424947421925638,1.3550576602524556,arima,AREQUIPA
2016-01-18,2.005194853644092,1.5507868466852779,arima,AREQUIPA
2016-01-25,1.865297538273574,1.3595294019607047,arima,AREQUIPA
2016-02-01,2.1684083882430296,1.3178921195658801,arima,AREQUIPA
2016-02-08,1.981878634415672,1.405281635062195,arima,AREQUIPA
2016-02-15,2.3782543612988065,2.0305663364380266,arima,AREQUIPA
2016-02-22,2.4015705805272263,1.903431334398842,arima,AREQUIPA
2016-02-29,2.4948354574409053,1.9582607650906025,arima,AREQUIPA
2016-03-07,2.471519238212485,1.9648086457617817,arima,AREQUIPA
2016-03-14,2.2150408266998687,2.475993436857581,arima,AREQUIPA
2016-03-21,1.772032661359895,2.6209564743352987,arima,AREQUIPA
2016-03-28,1.562186688304118,2.5394873541672887,arima,AREQUIPA
2016-04-04,1.562186688304118,2.5433229914504905,arima,AREQUIPA
2016-04-11,1.911929976730413,1.7667371601443855,arima,AREQUIPA
2016-04-18,1.8419813190451542,1.6988749506843055,arima,AREQUIPA
2016-04-25,1.562186688304118,1.674900627859463,arima,AREQUIPA
2016-05-02,1.5155542498472787,1.7072652464713183,arima,AREQUIPA
2016-05-09,1.5855029075325378,1.4671927214916458,arima,AREQUIPA
2016-05-16,2.0751435113293506,1.5962288326827676,arima,AREQUIPA
2016-05-23,2.2849894843851275,1.5425131248344193,arima,AREQUIPA
2016-05-30,2.494835457440905,1.53240703160545,arima,AREQUIPA
2016-06-06,2.5881003343545834,2.4894852128097984,arima,AREQUIPA
2016-06-13,3.217638253521915,2.5148227467800215,arima,AREQUIPA
2016-06-20,3.8704923919176655,2.5032222315149135,arima,AREQUIPA
2016-06-27,4.546662749541835,2.5027627417579312,arima,AREQUIPA
2016-07-04,4.779824941826033,3.7364690122624755,arima,AREQUIPA
2016-07-11,4.8031411610544525,3.7364690122624755,arima,AREQUIPA
2016-07-18,4.243551899572381,3.7364690122624755,arima,AREQUIPA
2016-07-25,3.7772275150039873,3.7364690122624755,arima,AREQUIPA
2016-08-01,3.2409544727503348,3.537587288934338,arima,AREQUIPA
2016-08-08,3.427484226577692,3.6392195993411973,arima,AREQUIPA
2016-08-15,3.4508004458061117,3.645979825369871,arima,AREQUIPA
2016-08-22,3.3575355688924327,3.6177260002872904,arima,AREQUIPA
2016-08-29,2.8445787458672,3.177149326069286,arima,AREQUIPA
2016-09-05,2.564784115126164,3.0418070103166954,arima,AREQUIPA
2016-09-12,2.4015705805272263,3.1524895513389026,arima,AREQUIPA
2016-09-19,2.3782543612988065,3.1298061563763846,arima,AREQUIPA
2016-09-26,2.12177594978619,2.285754022564387,arima,AREQUIPA
2016-10-03,2.1217759497861906,2.302835105232047,arima,AREQUIPA
2016-10-10,1.9585624151872525,2.3160139825555275,arima,AREQUIPA
2016-10-17,1.981878634415672,2.305412741918342,arima,AREQUIPA
2016-10-24,1.8652975382735735,1.905879443790288,arima,AREQUIPA
2016-10-31,1.9585624151872523,1.9507578857531256,arima,AREQUIPA
2016-11-07,2.12177594978619,1.9452217557673686,arima,AREQUIPA
2016-11-14,2.2849894843851275,1.93802509636426,arima,AREQUIPA
2016-11-21,2.284989484385128,2.3653447368512857,arima,AREQUIPA
2016-11-28,2.14509216901461,2.334236116928306,arima,AREQUIPA
2016-12-05,2.2616732651567077,2.3346392923815458,arima,AREQUIPA
2016-12-12,2.401570580527226,2.3401308398830287,arima,AREQUIPA
2016-12-19,2.4482030189840653,2.5478037148598833,arima,AREQUIPA
2016-12-26,2.4248867997556456,2.503088895592378,arima,AREQUIPA
2017-01-02,2.2721990932886396,2.498063778976319,arima,AREQUIPA
2017-01-09,1.9810898858084023,2.5088059155721893,arima,AREQUIPA
2017-01-16,1.6889968020899735,1.7746860645647067,arima,AREQUIPA
2017-01-23,1.8259424887459172,1.6812298313151122,arima,AREQUIPA
2017-01-30,2.2139552676044247,1.7645321459989205,arima,AREQUIPA
2017-02-06,2.1226581431671288,1.7400323315830324,arima,AREQUIPA
2017-02-13,2.054185299839157,1.9668998093508279,arima,AREQUIPA
2017-02-20,1.9400638942925372,1.7770079266352978,arima,AREQUIPA
2017-02-27,1.9628881754018612,1.900086151644286,arima,AREQUIPA
2017-03-06,1.7118210831992975,1.876113658724417,arima,AREQUIPA
2017-03-13,1.8259424887459172,1.5577383342537934,arima,AREQUIPA
2017-03-20,2.1683067053857767,1.5536540393008504,arima,AREQUIPA
2017-03-27,2.2824281109323965,1.5838997793398357,arima,AREQUIPA
2017-04-03,1.8715910509645648,1.569405804890297,arima,AREQUIPA
2017-04-10,1.8259424887459172,1.6289206290451603,arima,AREQUIPA
2017-04-17,2.054185299839157,1.5748728193260242,arima,AREQUIPA
2017-04-24,2.054185299839157,1.65141510413147,arima,AREQUIPA
2017-05-01,1.917239613183213,1.6246644332916529,arima,AREQUIPA
2017-05-08,1.8259424887459172,1.752111251776882,arima,AREQUIPA
2017-05-15,1.9857124565111854,1.865326664935324,arima,AREQUIPA
2017-05-22,2.2139552676044247,1.84899455172036,arima,AREQUIPA
2017-05-29,2.4878466409163127,1.8279761905864622,arima,AREQUIPA
2017-06-05,2.6704408897909038,2.7209124708203305,arima,AREQUIPA
2017-06-12,2.487846640916312,2.7522945224731794,arima,AREQUIPA
2017-06-19,2.1454824242764525,2.681873039650895,arima,AREQUIPA
2017-06-26,1.917239613183213,2.7103684618292707,arima,AREQUIPA
2017-07-03,2.328076673151044,1.8464806604845392,arima,AREQUIPA
2017-07-10,2.6704408897909038,1.8319440721689928,arima,AREQUIPA
2017-07-17,2.967156544212115,1.8552399292904684,arima,AREQUIPA
2017-07-24,2.921507981993468,1.8467282072987292,arima,AREQUIPA
2017-07-31,2.807386576446848,2.9486090348371343,arima,AREQUIPA
2017-08-07,2.921507981993468,3.0675814910712536,arima,AREQUIPA
2017-08-14,3.058453668649411,3.0010579929526395,arima,AREQUIPA
2017-08-21,3.241047917524003,3.0066720583598685,arima,AREQUIPA
2017-08-28,2.8758594197748195,3.3323094382851517,arima,AREQUIPA
2017-09-04,2.6704408897909038,3.235309473005906,arima,AREQUIPA
2017-09-11,2.601968046462932,3.2618328348074286,arima,AREQUIPA
2017-09-18,2.556319484244284,3.27149862920249,arima,AREQUIPA
2017-09-25,2.236779548713748,2.433783771664608,arima,AREQUIPA
2017-10-02,2.145482424276452,2.3218798503523916,arima,AREQUIPA
2017-10-09,2.1454824242764525,2.405122416809526,arima,AREQUIPA
2017-10-16,2.1226581431671288,2.38892237049445,arima,AREQUIPA
2017-10-23,2.1226581431671288,2.01575067757942,arima,AREQUIPA
2017-10-30,2.1454824242764525,2.000228587980435,arima,AREQUIPA
2017-11-06,2.373725235369692,2.033148504345188,arima,AREQUIPA
2017-11-13,2.1911309864951005,2.020190881243958,arima,AREQUIPA
2017-11-20,2.328076673151044,2.1800942967627246,arima,AREQUIPA
2017-11-27,2.1226581431671288,2.066950061756952,arima,AREQUIPA
2017-12-04,2.2139552676044243,2.1259281570869426,arima,AREQUIPA
2017-12-11,2.2824281109323965,2.123854797254785,arima,AREQUIPA
2017-12-18,2.2367795487137485,2.4203045645891126,arima,AREQUIPA
2017-12-25,2.41937379758834,2.49062818764186,arima,AREQUIPA
2018-01-01,2.1814840714207016,2.4210695452250546,arima,AREQUIPA
2018-01-08,1.985695155077693,2.439936036855281,arima,AREQUIPA
2018-01-15,1.5165216871933704,1.7509302938041404,arima,AREQUIPA
2018-01-22,1.5165216871933704,1.6897586418320292,arima,AREQUIPA
2018-01-29,1.6798394073526566,1.7736396328719508,arima,AREQUIPA
2018-02-05,1.9598126419114326,1.7439182518609964,arima,AREQUIPA
2018-02-12,1.8898193332717386,1.9817515449758474,arima,AREQUIPA
2018-02-19,2.1464614649506166,1.99601045857319,arima,AREQUIPA
2018-02-26,2.029805950551127,1.9835531912191195,arima,AREQUIPA
2018-03-05,2.449765802389291,1.986691859684006,arima,AREQUIPA
2018-03-12,2.333110287989801,2.392398252607565,arima,AREQUIPA
2018-03-19,2.473096905269189,2.639062467249097,arima,AREQUIPA
2018-03-26,2.0764681563109226,2.518207042167889,arima,AREQUIPA
2018-04-02,2.0531370534310245,2.526292487147053,arima,AREQUIPA
2018-04-09,2.193123670710413,2.0195673807813947,arima,AREQUIPA
2018-04-16,2.4964280081490866,2.103944118032125,arima,AREQUIPA
2018-04-23,2.449765802389291,2.065990381412968,arima,AREQUIPA
2018-04-30,2.216454773590311,2.068496026803355,arima,AREQUIPA
2018-05-07,1.959812641911433,2.0689401720995693,arima,AREQUIPA
2018-05-14,1.8431571275119427,2.0498987896141885,arima,AREQUIPA
2018-05-21,1.9598126419114328,2.0948473209318457,arima,AREQUIPA
2018-05-28,2.519759111028985,2.075807907870421,arima,AREQUIPA
2018-06-04,3.0097122715068436,2.857052568009509,arima,AREQUIPA
2018-06-11,3.2663544031857215,3.058157610444874,arima,AREQUIPA
2018-06-18,3.0097122715068436,2.872666779755758,arima,AREQUIPA
2018-06-25,2.9163878599872515,2.9217175792224754,arima,AREQUIPA
2018-07-02,3.219692197425926,2.892136621573542,arima,AREQUIPA
2018-07-09,3.6396520492640896,2.895465912353589,arima,AREQUIPA
2018-07-16,4.409578444300725,2.899984086995016,arima,AREQUIPA
2018-07-23,4.10627410686205,2.896764794591511,arima,AREQUIPA
2018-07-30,4.1995985183816416,4.02456652306172,arima,AREQUIPA
2018-08-06,3.9896185924625596,3.708819669100975,arima,AREQUIPA
2018-08-13,4.036280798222356,3.8903441997657007,arima,AREQUIPA
2018-08-20,3.966287489582662,3.87469992200599,arima,AREQUIPA
2018-08-27,3.3830099175852113,3.8428421031856637,arima,AREQUIPA
2018-09-03,3.2663544031857215,4.017495486080551,arima,AREQUIPA
2018-09-10,2.893056757107353,3.953521387536681,arima,AREQUIPA
2018-09-17,3.0797055801465376,3.946622850710237,arima,AREQUIPA
2018-09-24,2.706407934068169,3.135802102378117,arima,AREQUIPA
2018-10-01,2.3797724937495968,3.2483273539999473,arima,AREQUIPA
2018-10-08,2.1231303620707185,3.170294997488114,arima,AREQUIPA
2018-10-15,2.356441390869699,3.1821426720808663,arima,AREQUIPA
2018-10-22,2.706407934068169,2.5181564623396793,arima,AREQUIPA
2018-10-29,2.916387859987251,2.5719516740815984,arima,AREQUIPA
2018-11-05,2.8463945513475566,2.5056056761176677,arima,AREQUIPA
2018-11-12,2.7764012427078626,2.5279722054526945,arima,AREQUIPA
2018-11-19,2.356441390869698,2.716822801549387,arima,AREQUIPA
2018-11-26,2.4264346995093926,2.7662049192808977,arima,AREQUIPA
2018-12-03,2.2397858764702083,2.753814765948496,arima,AREQUIPA
2018-12-10,2.636414625428475,2.749150897813257,arima,AREQUIPA
2018-12-17,2.473096905269189,2.600719832430679,arima,AREQUIPA
2018-12-24,2.3797724937495968,2.7571132883617704,arima,AREQUIPA
2018-12-31,2.1697925678305148,2.6811421000117,arima,AREQUIPA
2019-01-07,2.266988159778081,2.6877090449162595,arima,AREQUIPA
2019-01-14,2.546826120142376,2.3923275887464324,arima,AREQUIPA
2019-01-21,2.4124277352720145,2.440377199377145,arima,AREQUIPA
2019-01-28,2.3441514786133717,2.386237506775417,arima,AREQUIPA
2019-02-04,1.8662176820028786,2.4043632437134326,arima,AREQUIPA
2019-02-11,1.5248363987096691,1.8307818063625911,arima,AREQUIPA
2019-02-18,1.5475951509292163,1.658854074928973,arima,AREQUIPA
2019-02-25,1.661388912026953,1.7613443358642398,arima,AREQUIPA
2019-03-04,1.9117351864419732,1.7411828409356087,arima,AREQUIPA
2019-03-11,2.0710464519788045,1.7501242221843898,arima,AREQUIPA
2019-03-18,2.1165639564178993,1.761911287100695,arima,AREQUIPA
2019-03-25,2.184840213076541,1.7936513502057472,arima,AREQUIPA
2019-04-01,1.8889764342224262,1.7730950758791975,arima,AREQUIPA
2019-04-08,1.9117351864419734,1.8973022932738202,arima,AREQUIPA
2019-04-15,1.9572526908810681,1.898940948201235,arima,AREQUIPA
2019-04-22,2.0027701953201626,1.895974339633642,arima,AREQUIPA
2019-04-29,2.4351864874915616,1.89723346282656,arima,AREQUIPA
2019-05-06,2.5034627441502035,2.6244709822651626,arima,AREQUIPA
2019-05-13,2.7310502663456773,2.8361664865647698,arima,AREQUIPA
2019-05-20,2.5717390008088454,2.6675260724146432,arima,AREQUIPA
2019-05-27,2.913120284102055,2.7105879033079248,arima,AREQUIPA
2019-06-03,3.0951903018584335,3.002733757238239,arima,AREQUIPA
2019-06-10,3.391054080712548,3.075122845633155,arima,AREQUIPA
2019-06-17,3.3455365762734535,3.0068256484258273,arima,AREQUIPA
2019-06-24,3.846229125103495,3.026544804254263,arima,AREQUIPA
2019-07-01,3.8007116206644,3.947796757229415,arima,AREQUIPA
2019-07-08,4.210369160616252,4.2693925730687665,arima,AREQUIPA
2019-07-15,4.528991691689915,4.060253122314817,arima,AREQUIPA
2019-07-22,4.870372974983124,4.104596361380203,arima,AREQUIPA
2019-07-29,5.006925488300408,4.6422592483783625,arima,AREQUIPA
2019-08-05,4.392439178372631,4.6422592483783625,arima,AREQUIPA
2019-08-12,4.142092903957611,4.6422592483783625,arima,AREQUIPA
2019-08-19,3.664159107347117,4.6422592483783625,arima,AREQUIPA
2019-08-26,3.3227778240539076,3.5419785285926935,arima,AREQUIPA
2019-09-02,3.368295328493002,3.477188909482428,arima,AREQUIPA
2019-09-09,3.3682953284930015,3.542286673933527,arima,AREQUIPA
2019-09-16,3.5276065940298333,3.5202033855378585,arima,AREQUIPA
2019-09-23,3.3910540807125487,3.4164322355381023,arima,AREQUIPA
2019-09-30,3.3682953284930015,3.468005850132258,arima,AREQUIPA
2019-10-07,3.4593303373711906,3.4646860070108567,arima,AREQUIPA
2019-10-14,3.1407078062975287,3.454152716378676,arima,AREQUIPA
2019-10-21,2.4807039919306564,3.0879049725058074,arima,AREQUIPA
2019-10-28,2.480703991930657,2.8894378703700707,arima,AREQUIPA
2019-11-04,2.867602779662961,3.0165220418255676,arima,AREQUIPA
2019-11-11,3.6414003551275695,2.9882832036049884,arima,AREQUIPA
2019-11-18,3.436571585151644,3.65333564978949,arima,AREQUIPA
2019-11-25,2.9813965407606973,3.6151252703267938,arima,AREQUIPA
2019-12-02,2.5262214963697516,3.6341222254999916,arima,AREQUIPA
2019-12-09,2.1620814608569945,3.6322890882292973,arima,AREQUIPA
2019-12-16,2.412427735272015,2.0513104151089157,arima,AREQUIPA
2019-12-23,2.3441514786133726,2.0175407464643973,arima,AREQUIPA
2019-12-30,2.1393227086374473,2.06109094553557,arima,AREQUIPA
2020-01-06,1.4936029849431207,2.045345685585504,arima,AREQUIPA
2020-01-13,1.1214867973861264,1.3324534647520687,arima,AREQUIPA
2020-01-20,1.135272378555907,1.2970926689289015,arima,AREQUIPA
2020-01-27,1.7585591746258167,1.353393673459756,arima,AREQUIPA
2020-02-03,2.1147230580943366,1.3315887821456092,arima,AREQUIPA
2020-02-10,2.359585727978944,2.309114500928334,arima,AREQUIPA
2020-02-17,1.8476001454929465,1.999312785706663,arima,AREQUIPA
2020-02-24,1.8921206309265113,2.111476216148629,arima,AREQUIPA
2020-03-02,1.9366411163600763,2.124060831069184,arima,AREQUIPA
2020-03-09,1.869860388209729,2.05796855032063,arima,AREQUIPA
2020-03-16,1.602737475608339,2.115124296693494,arima,AREQUIPA
2020-03-23,1.3801350484405142,2.057938412539018,arima,AREQUIPA
2020-03-30,1.224313349423037,2.074184917349616,arima,AREQUIPA
2020-04-06,0.9349301941048646,1.2266717184870641,arima,AREQUIPA
2020-04-13,0.6010265533531272,1.1539068025640313,arima,AREQUIPA
2020-04-20,0.4674650970524323,1.1895539378610425,arima,AREQUIPA
2020-04-27,0.5342458252027797,1.1887508996748386,arima,AREQUIPA
2020-05-04,0.7345880096538221,0.5967484396850175,arima,AREQUIPA
2020-05-11,0.9794506795384295,0.6136307853966001,arima,AREQUIPA
2020-05-18,0.9794506795384296,0.5926319216867114,arima,AREQUIPA
2020-05-25,0.8458892232377345,0.5992239297664047,arima,AREQUIPA
2020-06-01,0.8013687378041695,0.7037231510238555,arima,AREQUIPA
2020-06-08,1.2688338348566015,0.6987588958570539,arima,AREQUIPA
2020-06-15,1.8698603882097284,0.7244824739712542,arima,AREQUIPA
2020-06-22,2.2037640289614657,0.7137695783417867,arima,AREQUIPA
2020-06-29,2.648968883297116,2.1372007572163025,arima,AREQUIPA
2020-07-06,3.7619810191362397,2.078700529266479,arima,AREQUIPA
2020-07-13,5.075335339426407,2.1155183818024854,arima,AREQUIPA
2020-07-20,5.965745048097706,2.1102987856451856,arima,AREQUIPA
2020-07-27,5.676361892779535,4.926359505443215,arima,AREQUIPA
2020-08-03,5.794435189450748,4.926359505443215,arima,AREQUIPA
2020-08-10,5.482791791415793,4.926359505443215,arima,AREQUIPA
2020-08-17,5.3937508205486635,4.926359505443215,arima,AREQUIPA
2020-08-24,5.030814853992841,5.24946808820277,arima,AREQUIPA
2020-08-31,5.075335339426407,5.21930197570926,arima,AREQUIPA
2020-09-07,5.253417281160666,5.256106427485044,arima,AREQUIPA
2020-09-14,4.5856099996571915,5.246818574602891,arima,AREQUIPA
2020-09-21,3.6506798055523273,4.12775307238795,arima,AREQUIPA
2020-09-28,2.693489368730681,3.70189342921045,arima,AREQUIPA
2020-10-05,2.3818459706957262,3.9397684262437584,arima,AREQUIPA
2020-10-12,2.3595857279789434,3.92342324670409,arima,AREQUIPA
2020-10-19,2.626708640580333,2.4236743540073213,arima,AREQUIPA
2020-10-26,3.2722556793670248,2.5181445847422794,arima,AREQUIPA
2020-11-02,3.4948581065348505,2.4743157535744027,arima,AREQUIPA
2020-11-09,3.2945159220838076,2.47553753226066,arima,AREQUIPA
2020-11-16,2.9160917958985055,2.9462630584083516,arima,AREQUIPA
2020-11-23,2.7157496114474626,2.846592640968432,arima,AREQUIPA
2020-11-30,2.893831553181723,2.9300044636200564,arima,AREQUIPA
2020-12-07,3.027393009482418,2.915665040151518,arima,AREQUIPA
2020-12-14,3.2945159220838076,3.197006890627292,arima,AREQUIPA
2020-12-21,3.4948581065348505,3.1958332778232097,arima,AREQUIPA
2020-12-28,3.249995436650243,3.170822824172992,arima,AREQUIPA
2021-01-04,3.577602918321624,3.1799348964308067,arima,AREQUIPA
2021-01-11,3.7292595330197256,3.667498736674501,arima,AREQUIPA
2021-01-18,4.104797219742241,4.068701513801777,arima,AREQUIPA
2021-01-25,4.741152257979809,3.9086878495539197,arima,AREQUIPA
2021-02-01,5.486677435040309,3.8805904836746623,arima,AREQUIPA
2021-02-08,5.508511462804894,5.564448062713396,arima,AREQUIPA
2021-02-15,4.959492535625673,5.564448062713396,arima,AREQUIPA
2021-02-22,4.301303469623519,5.564448062713396,arima,AREQUIPA
2021-03-01,4.541477775033969,5.564448062713396,arima,AREQUIPA
2021-03-08,4.475975691740209,4.513644474447846,arima,AREQUIPA
2021-03-15,4.606979858327727,4.619895877603724,arima,AREQUIPA
2021-03-22,4.301303469623519,4.593099082110397,arima,AREQUIPA
2021-03-29,3.995627080919309,4.5769492321340355,arima,AREQUIPA
2021-04-05,3.886456942096377,3.7844255013921755,arima,AREQUIPA
2021-04-12,3.973793053154722,3.776503639812397,arima,AREQUIPA
2021-04-19,4.192133330800586,3.8196552980050695,arima,AREQUIPA
2021-04-26,4.585145830563142,3.807870696555076,arima,AREQUIPA
2021-05-03,5.352505035388226,4.862449797721541,arima,AREQUIPA
2021-05-10,6.054362156919555,5.03464954539346,arima,AREQUIPA
2021-05-17,6.032528129154969,4.926539162339578,arima,AREQUIPA
2021-05-24,6.032528129154968,4.9274738175195045,arima,AREQUIPA
2021-05-31,6.032528129154968,5.993126111331185,arima,AREQUIPA
2021-06-07,6.297704695394567,5.993126111331185,arima,AREQUIPA
2021-06-14,6.297704695394567,5.993126111331185,arima,AREQUIPA
2021-06-21,5.90152396256745,5.993126111331185,arima,AREQUIPA
2021-06-28,5.265168924329882,5.685304454650679,arima,AREQUIPA
2021-07-05,4.41047360844645,5.486129083365767,arima,AREQUIPA
2021-07-12,3.7772868032734443,5.595800814671058,arima,AREQUIPA
2021-07-19,3.122265970335853,5.6035643334237974,arima,AREQUIPA
2021-07-26,2.6419173595149528,2.8394601470535403,arima,AREQUIPA
2021-08-02,2.161568748694053,2.7263901258870833,arima,AREQUIPA
2021-08-09,1.965062498812775,2.8169243243958224,arima,AREQUIPA
2021-08-16,2.030564582106534,2.8117479311329165,arima,AREQUIPA
2021-08-23,2.0523986098711204,2.179318465002498,arima,AREQUIPA
2021-08-30,2.096066665400293,2.2761733934402657,arima,AREQUIPA
2021-09-06,1.7030541656377383,2.214893260555731,arima,AREQUIPA
2021-09-13,1.6593861101085654,2.2136596734719842,arima,AREQUIPA
2021-09-20,1.5065479157564605,1.5844381341776936,arima,AREQUIPA
2021-09-27,1.5720499990502195,1.6986998273105665,arima,AREQUIPA
2021-10-04,1.4847138879918742,1.6784467813358313,arima,AREQUIPA
2021-10-11,1.4628798602272877,1.6606461158190615,arima,AREQUIPA
2021-10-18,1.6375520823439789,1.4484803119111291,arima,AREQUIPA
2021-10-25,1.6593861101085654,1.4485840023292085,arima,AREQUIPA
2021-11-01,1.8122243044606703,1.4515041955122403,arima,AREQUIPA
2021-11-08,1.986896526577361,1.450574232997026,arima,AREQUIPA
2021-11-15,2.9475937482191625,2.2386900208751297,arima,AREQUIPA
2021-11-22,3.0567638870420946,2.3403561801267503,arima,AREQUIPA
2021-11-29,2.6855854150441254,2.2529040406511,arima,AREQUIPA
2021-12-06,1.6593861101085654,2.2590234899738038,arima,AREQUIPA
2021-12-13,1.5283819435210468,1.4068657210662745,arima,AREQUIPA
2021-12-20,1.4410458324627016,1.312527856352895,arima,AREQUIPA
2021-12-27,1.6812201378731517,1.3855047051101659,arima,AREQUIPA
2022-01-03,1.649020175726568,1.3816750494966656,arima,AREQUIPA
2022-01-10,2.0711116381843735,1.699498396741782,arima,AREQUIPA
2022-01-17,1.8876091756682027,1.647356062810673,arima,AREQUIPA
2022-01-24,1.9090592799371595,1.654562326804974,arima,AREQUIPA
2022-01-31,1.7374584457855047,1.6615924739706338,arima,AREQUIPA
2022-02-07,2.4024116781231672,1.9108315984371427,arima,AREQUIPA
2022-02-14,2.7885135549643905,1.9640255879729416,arima,AREQUIPA
2022-02-21,2.8099636592333472,1.9145626950391055,arima,AREQUIPA
2022-02-28,2.295161156778383,1.9212868593786805,arima,AREQUIPA
2022-03-07,1.994859697012987,2.079886298171642,arima,AREQUIPA
2022-03-14,2.037759905550901,2.035945243030131,arima,AREQUIPA
2022-03-21,2.145010426895685,2.0767241392043827,arima,AREQUIPA
2022-03-28,2.3166112610473397,2.0701996120117863,arima,AREQUIPA
2022-04-04,2.2522609482404694,2.3211448700887023,arima,AREQUIPA
2022-04-11,2.0592100098198576,2.351000597403719,arima,AREQUIPA
2022-04-18,2.037759905550901,2.341529244007589,arima,AREQUIPA
2022-04-25,1.994859697012987,2.3412542086076407,arima,AREQUIPA
2022-05-02,1.9519594884750733,2.088804953400863,arima,AREQUIPA
2022-05-09,1.887609175668203,2.0210434564670483,arima,AREQUIPA
2022-05-16,2.123560322626728,2.031260068819478,arima,AREQUIPA
2022-05-23,2.3595114695852537,2.0353886690835017,arima,AREQUIPA
2022-05-30,2.273711052509426,2.4669766197580274,arima,AREQUIPA
2022-06-06,2.273711052509426,2.367095174079533,arima,AREQUIPA
2022-06-13,2.616912720812736,2.384883900197991,arima,AREQUIPA
2022-06-20,3.0244647019229163,2.3908609908802037,arima,AREQUIPA
2022-06-27,2.8528638677712608,3.1469950181377597,arima,AREQUIPA
2022-07-04,2.7456133464264774,3.0574461879761747,arima,AREQUIPA
2022-07-11,2.6169127208127354,3.0732519970097276,arima,AREQUIPA
2022-07-18,2.8099636592333472,3.0773457246830453,arima,AREQUIPA
2022-07-25,2.4453118866610812,2.763852474362772,arima,AREQUIPA
2022-08-01,2.5525624080058655,2.8384342375420695,arima,AREQUIPA
2022-08-08,2.445311886661081,2.8199178636854345,arima,AREQUIPA
2022-08-15,2.6812630336196066,2.817080440407507,arima,AREQUIPA
2022-08-22,2.2308108439715126,2.613674138609155,arima,AREQUIPA
2022-08-29,2.1664605311646423,2.6613937993133834,arima,AREQUIPA
2022-09-05,1.9305093842061165,2.6542148570726156,arima,AREQUIPA
2022-09-12,2.0592100098198576,2.6508518723280874,arima,AREQUIPA
2022-09-19,2.145010426895685,1.9852953747881492,arima,AREQUIPA
2022-09-26,2.0592100098198576,2.0270846734177805,arima,AREQUIPA
2022-10-03,1.9519594884750735,2.021797755789067,arima,AREQUIPA
2022-10-10,1.7589085500544617,2.0188908333710254,arima,AREQUIPA
2022-10-17,1.9519594884750733,1.7968155967623445,arima,AREQUIPA
2022-10-24,1.9519594884750733,1.8137003180067925,arima,AREQUIPA
2022-10-31,1.9090592799371597,1.8043775458617897,arima,AREQUIPA
2022-11-07,1.737458445785505,1.805583134803345,arima,AREQUIPA
2022-11-14,1.8447089671302892,1.720652953471828,arima,AREQUIPA
2022-11-21,1.97340959274403,1.7142363965400462,arima,AREQUIPA
2022-11-28,2.1450104268956847,1.7180235819629668,arima,AREQUIPA
2022-12-05,2.102110218357771,1.717516184791145,arima,AREQUIPA
2022-12-12,1.994859697012987,2.073337617966861,arima,AREQUIPA
2022-12-19,1.9734095927440303,2.0209635660117433,arima,AREQUIPA
2022-12-26,2.016309801281944,2.0401456227220183,arima,AREQUIPA
2023-01-02,2.0071042607820275,2.0397493866559566,arima,AREQUIPA
2023-01-09,2.058708440589014,1.9365947855466843,arima,AREQUIPA
2023-01-16,1.9408361417443265,1.877811666556649,arima,AREQUIPA
2023-01-23,1.9408361417443265,1.9030019873749282,arima,AREQUIPA
2023-01-30,1.8564519616684863,1.900961996036066,arima,AREQUIPA
2023-02-06,1.6665875564978458,1.9082287834878344,arima,AREQUIPA
2023-02-13,1.5822033764220054,1.9325879941726936,arima,AREQUIPA
2023-02-20,1.518915241365125,1.919621932473894,arima,AREQUIPA
2023-02-27,1.6454915114788855,1.9212457384456718,arima,AREQUIPA
2023-03-06,1.814259871630566,1.6659641190225287,arima,AREQUIPA
2023-03-13,1.6876836015168057,1.649345093297218,arima,AREQUIPA
2023-03-20,1.9408361417443265,1.6519054039715881,arima,AREQUIPA
2023-03-27,1.9619321867632866,1.653110100640574,arima,AREQUIPA
2023-04-03,2.447141222199368,2.2051303944194176,arima,AREQUIPA
2023-04-10,2.9534463026544095,2.1087767526056957,arima,AREQUIPA
2023-04-17,3.6918078783180124,2.1075954500864946,arima,AREQUIPA
2023-04-24,4.113728778697214,2.119545702345362,arima,AREQUIPA
2023-05-01,3.966056463564494,4.090632522094086,arima,AREQUIPA
2023-05-08,3.839480193450733,4.032650208208568,arima,AREQUIPA
2023-05-15,3.4175592930715317,4.0523742121662005,arima,AREQUIPA
2023-05-22,3.269886977938811,4.052806949521159,arima,AREQUIPA
2023-05-29,3.206598842881931,3.094631255246051,arima,AREQUIPA
2023-06-05,3.2487909329198508,3.2120390010600413,arima,AREQUIPA
2023-06-12,3.501943473147372,3.193295936755087,arima,AREQUIPA
2023-06-19,3.523039518166332,3.1866524826111813,arima,AREQUIPA
2023-06-26,3.9027683285076136,3.735419308342458,arima,AREQUIPA
2023-07-03,3.9027683285076136,3.6251750214244,arima,AREQUIPA
2023-07-10,3.8605762384696938,3.634309549421958,arima,AREQUIPA
2023-07-17,3.375367203033612,3.6441098406079346,arima,AREQUIPA
2023-07-24,3.0589265277492106,3.075342891347213,arima,AREQUIPA
2023-07-31,2.9112542126164898,2.9325161648739733,arima,AREQUIPA
2023-08-07,2.7002937624268895,3.007537431362026,arima,AREQUIPA
2023-08-14,2.7002937624268895,2.9999281354213205,arima,AREQUIPA
2023-08-21,2.2361807720097677,2.636013083428012,arima,AREQUIPA
2023-08-28,2.1728926369528874,2.832795626469175,arima,AREQUIPA
2023-09-04,2.109604501896007,2.78225490820936,arima,AREQUIPA
2023-09-11,2.257276817028728,2.7686460732011318,arima,AREQUIPA
2023-09-18,2.6791977174079293,2.337800488100822,arima,AREQUIPA
2023-09-25,2.4471412221993685,2.2211890637311495,arima,AREQUIPA
2023-10-02,2.257276817028728,2.243593382099054,arima,AREQUIPA
2023-10-09,1.750971736573686,2.2553202039067566,arima,AREQUIPA
2023-10-16,1.8142598716305665,1.6423376252357906,arima,AREQUIPA
2023-10-23,1.8775480066874468,1.621984446563209,arima,AREQUIPA
2023-10-30,2.067412411858087,1.6443958510704526,arima,AREQUIPA
2023-11-06,1.8564519616684863,1.6405351412399203,arima,AREQUIPA
2023-11-13,1.8142598716305665,1.7988490634041912,arima,AREQUIPA
2023-11-20,1.6665875564978458,1.6827666462253297,arima,AREQUIPA
2023-11-27,1.9619321867632866,1.725592892105296,arima,AREQUIPA
2023-12-04,1.8986440517064065,1.7298615341848464,arima,AREQUIPA
