date,actual,predicted,model,region
2010-12-27,1.8937086059999275,2.0034888150434016,naive,CUSCO
2011-01-03,1.8320736017898989,2.0034888150434016,naive,CUSCO
2011-01-10,1.6893881835950346,2.0034888150434016,naive,CUSCO
2011-01-17,1.3561933280713034,2.0034888150434016,naive,CUSCO
2011-01-24,1.4375649277555815,1.3561933280713034,naive,CUSCO
2011-01-31,1.247697861825599,1.3561933280713034,naive,CUSCO
2011-02-07,1.1120785290184685,1.3561933280713034,naive,CUSCO
2011-02-14,0.8137159968427818,1.3561933280713034,naive,CUSCO
2011-02-21,0.840839863404208,0.8137159968427818,naive,CUSCO
2011-02-28,0.9222114630884861,0.8137159968427818,naive,CUSCO
2011-03-07,0.89508759652706,0.8137159968427818,naive,CUSCO
2011-03-14,0.9493353296499123,0.8137159968427818,naive,CUSCO
2011-03-21,1.1392023955798949,0.9493353296499123,naive,CUSCO
2011-03-28,1.1120785290184687,0.9493353296499123,naive,CUSCO
2011-04-04,1.1663262621413208,0.9493353296499123,naive,CUSCO
2011-04-11,0.9764591962113384,0.9493353296499123,naive,CUSCO
2011-04-18,1.0307069293341906,0.9764591962113384,naive,CUSCO
2011-04-25,0.7865921302813558,0.9764591962113384,naive,CUSCO
2011-05-02,0.9493353296499123,0.9764591962113384,naive,CUSCO
2011-05-09,1.0307069293341904,0.9764591962113384,naive,CUSCO
2011-05-16,1.2748217283870251,1.0307069293341904,naive,CUSCO
2011-05-23,1.301945594948451,1.0307069293341904,naive,CUSCO
2011-05-30,1.0849546624570428,1.0307069293341904,naive,CUSCO
2011-06-06,0.9764591962113384,1.0307069293341904,naive,CUSCO
2011-06-13,0.8679637299656341,0.9764591962113384,naive,CUSCO
2011-06-20,0.9222114630884861,0.9764591962113384,naive,CUSCO
2011-06-27,0.89508759652706,0.9764591962113384,naive,CUSCO
2011-07-04,0.8408398634042079,0.9764591962113384,naive,CUSCO
2011-07-11,1.1120785290184685,0.8408398634042078,naive,CUSCO
2011-07-18,1.356193328071303,0.8408398634042078,naive,CUSCO
2011-07-25,1.2205739952641728,0.8408398634042078,naive,CUSCO
2011-08-01,1.0578307958956163,0.8408398634042078,naive,CUSCO
2011-08-08,1.0035830627727644,1.0578307958956163,naive,CUSCO
2011-08-15,1.247697861825599,1.0578307958956163,naive,CUSCO
2011-08-22,1.1934501287027468,1.0578307958956163,naive,CUSCO
2011-08-29,1.247697861825599,1.0578307958956163,naive,CUSCO
2011-09-05,1.301945594948451,1.247697861825599,naive,CUSCO
2011-09-12,1.5731842605627115,1.247697861825599,naive,CUSCO
2011-09-19,1.79017519305412,1.247697861825599,naive,CUSCO
2011-09-26,2.007166125545529,1.247697861825599,naive,CUSCO
2011-10-03,2.0342899921069546,2.0071661255455293,naive,CUSCO
2011-10-10,1.8444229261769722,2.0071661255455293,naive,CUSCO
2011-10-17,1.7359274599312682,2.0071661255455293,naive,CUSCO
2011-10-24,1.5731842605627115,2.0071661255455293,naive,CUSCO
2011-10-31,1.4646887943170075,1.5731842605627118,naive,CUSCO
2011-11-07,1.5460603940012856,1.5731842605627118,naive,CUSCO
2011-11-14,1.3561933280713034,1.5731842605627118,naive,CUSCO
2011-11-21,1.1663262621413206,1.5731842605627118,naive,CUSCO
2011-11-28,0.8408398634042079,1.1663262621413206,naive,CUSCO
2011-12-05,1.0307069293341904,1.1663262621413206,naive,CUSCO
2011-12-12,1.1663262621413208,1.1663262621413206,naive,CUSCO
2011-12-19,1.1934501287027468,1.1663262621413206,naive,CUSCO
2011-12-26,1.247697861825599,1.1934501287027468,naive,CUSCO
2012-01-02,1.0556345103758071,1.1934501287027468,naive,CUSCO
2012-01-09,0.9175051369746093,1.1934501287027468,naive,CUSCO
2012-01-16,0.5898224527176873,1.1934501287027468,naive,CUSCO
2012-01-23,0.9115437905636986,0.5898224527176873,naive,CUSCO
2012-01-30,1.0455943479995367,0.5898224527176873,naive,CUSCO
2012-02-06,1.1260246824610396,0.5898224527176873,naive,CUSCO
2012-02-13,0.9115437905636986,0.5898224527176873,naive,CUSCO
2012-02-20,0.8311134561021959,0.9115437905636986,naive,CUSCO
2012-02-27,0.7774932331278607,0.9115437905636986,naive,CUSCO
2012-03-05,0.6434426756920226,0.9115437905636986,naive,CUSCO
2012-03-12,0.7238730101535253,0.9115437905636986,naive,CUSCO
2012-03-19,0.8043033446150282,0.7238730101535252,naive,CUSCO
2012-03-26,1.0724044594867044,0.7238730101535252,naive,CUSCO
2012-04-02,1.1260246824610396,0.7238730101535252,naive,CUSCO
2012-04-09,1.1528347939482073,0.7238730101535252,naive,CUSCO
2012-04-16,1.2064550169225423,1.1528347939482073,naive,CUSCO
2012-04-23,1.1260246824610396,1.1528347939482073,naive,CUSCO
2012-04-30,1.0724044594867044,1.1528347939482073,naive,CUSCO
2012-05-07,0.9919741250252015,1.1528347939482073,naive,CUSCO
2012-05-14,0.9115437905636986,0.9919741250252015,naive,CUSCO
2012-05-21,1.0724044594867044,0.9919741250252015,naive,CUSCO
2012-05-28,0.8043033446150282,0.9919741250252015,naive,CUSCO
2012-06-04,0.8847336790765311,0.9919741250252015,naive,CUSCO
2012-06-11,0.9651640135380338,0.884733679076531,naive,CUSCO
2012-06-18,1.0992145709738719,0.884733679076531,naive,CUSCO
2012-06-25,1.2332651284097098,0.884733679076531,naive,CUSCO
2012-07-02,1.4209359088198827,0.884733679076531,naive,CUSCO
2012-07-09,1.7158471351787268,1.4209359088198827,naive,CUSCO
2012-07-16,1.849897692614565,1.4209359088198827,naive,CUSCO
2012-07-23,1.635416800717224,1.4209359088198827,naive,CUSCO
2012-07-30,1.554986466255721,1.4209359088198827,naive,CUSCO
2012-08-06,1.6086066892300563,1.554986466255721,naive,CUSCO
2012-08-13,1.5281763547685536,1.554986466255721,naive,CUSCO
2012-08-20,1.7694673581530622,1.554986466255721,naive,CUSCO
2012-08-27,1.6890370236915595,1.554986466255721,naive,CUSCO
2012-09-03,1.715847135178727,1.6890370236915595,naive,CUSCO
2012-09-10,1.3136954628712127,1.6890370236915595,naive,CUSCO
2012-09-17,1.5817965777428888,1.6890370236915595,naive,CUSCO
2012-09-24,1.4209359088198832,1.6890370236915595,naive,CUSCO
2012-10-01,1.5817965777428888,1.420935908819883,naive,CUSCO
2012-10-08,1.1796449054353748,1.420935908819883,naive,CUSCO
2012-10-15,1.3136954628712127,1.420935908819883,naive,CUSCO
2012-10-22,1.4209359088198832,1.420935908819883,naive,CUSCO
2012-10-29,1.849897692614565,1.420935908819883,naive,CUSCO
2012-11-05,2.037568473024738,1.420935908819883,naive,CUSCO
2012-11-12,1.849897692614565,1.420935908819883,naive,CUSCO
2012-11-19,1.5281763547685536,1.420935908819883,naive,CUSCO
2012-11-26,1.3136954628712127,1.5281763547685536,naive,CUSCO
2012-12-03,1.3136954628712127,1.5281763547685536,naive,CUSCO
2012-12-10,1.1796449054353746,1.5281763547685536,naive,CUSCO
2012-12-17,1.152834793948207,1.5281763547685536,naive,CUSCO
2012-12-24,1.152834793948207,1.1528347939482073,naive,CUSCO
2012-12-31,1.2064550169225423,1.1528347939482073,naive,CUSCO
2013-01-07,1.2554768655722575,1.1528347939482073,naive,CUSCO
2013-01-14,1.1978713848499183,1.1528347939482073,naive,CUSCO
2013-01-21,1.4311918727384185,1.1978713848499183,naive,CUSCO
2013-01-28,1.537206085533857,1.1978713848499183,naive,CUSCO
2013-02-04,1.537206085533857,1.1978713848499183,naive,CUSCO
2013-02-11,0.9806314683578053,1.1978713848499183,naive,CUSCO
2013-02-18,1.1926598939486823,0.9806314683578052,naive,CUSCO
2013-02-25,1.2721705535452612,0.9806314683578052,naive,CUSCO
2013-03-04,1.5107025323349976,0.9806314683578052,naive,CUSCO
2013-03-11,1.272170553545261,0.9806314683578052,naive,CUSCO
2013-03-18,1.1396527875509632,1.272170553545261,naive,CUSCO
2013-03-25,1.1661563407498228,1.272170553545261,naive,CUSCO
2013-04-01,1.272170553545261,1.272170553545261,naive,CUSCO
2013-04-08,1.4046883195395592,1.272170553545261,naive,CUSCO
2013-04-15,1.139652787550963,1.4046883195395592,naive,CUSCO
2013-04-22,0.9541279151589457,1.4046883195395592,naive,CUSCO
2013-04-29,0.8216101491646478,1.4046883195395592,naive,CUSCO
2013-05-06,0.9806314683578053,1.4046883195395592,naive,CUSCO
2013-05-13,0.9276243619600861,0.9806314683578052,naive,CUSCO
2013-05-20,1.272170553545261,0.9806314683578052,naive,CUSCO
2013-05-27,1.3251776599429803,0.9806314683578052,naive,CUSCO
2013-06-03,1.6962274047270147,0.9806314683578052,naive,CUSCO
2013-06-10,1.6432202983292956,1.6962274047270147,naive,CUSCO
2013-06-17,2.01427004311333,1.6962274047270147,naive,CUSCO
2013-06-24,1.6432202983292956,1.6962274047270147,naive,CUSCO
2013-07-01,1.7757380643235934,1.6962274047270147,naive,CUSCO
2013-07-08,1.4046883195395587,1.7757380643235934,naive,CUSCO
2013-07-15,1.3781847663406992,1.7757380643235934,naive,CUSCO
2013-07-22,1.2986741067441205,1.7757380643235934,naive,CUSCO
2013-07-29,1.32517765994298,1.7757380643235934,naive,CUSCO
2013-08-05,1.537206085533857,1.32517765994298,naive,CUSCO
2013-08-12,1.537206085533857,1.32517765994298,naive,CUSCO
2013-08-19,1.8552487239201723,1.32517765994298,naive,CUSCO
2013-08-26,1.6962274047270147,1.32517765994298,naive,CUSCO
2013-09-02,1.537206085533857,1.6962274047270147,naive,CUSCO
2013-09-09,1.5372060855338567,1.6962274047270147,naive,CUSCO
2013-09-16,1.7492345111247338,1.6962274047270147,naive,CUSCO
2013-09-23,1.8552487239201723,1.6962274047270147,naive,CUSCO
2013-09-30,1.6962274047270143,1.8552487239201725,naive,CUSCO
2013-10-07,1.510702532334997,1.8552487239201725,naive,CUSCO
2013-10-14,1.1661563407498223,1.8552487239201725,naive,CUSCO
2013-10-21,1.0071350215566646,1.8552487239201725,naive,CUSCO
2013-10-28,0.848113702363507,1.0071350215566646,naive,CUSCO
2013-11-04,0.8481137023635071,1.0071350215566646,naive,CUSCO
2013-11-11,0.8481137023635071,1.0071350215566646,naive,CUSCO
2013-11-18,1.0336385747555243,1.0071350215566646,naive,CUSCO
2013-11-25,1.245667000346401,1.0336385747555241,naive,CUSCO
2013-12-02,1.3251776599429799,1.0336385747555241,naive,CUSCO
2013-12-09,1.2986741067441203,1.0336385747555241,naive,CUSCO
2013-12-16,1.2721705535452605,1.0336385747555241,naive,CUSCO
2013-12-23,1.2721705535452605,1.2721705535452605,naive,CUSCO
2013-12-30,1.0866456811532434,1.2721705535452605,naive,CUSCO
2014-01-06,1.0818513210457843,1.2721705535452605,naive,CUSCO
2014-01-13,0.8933299735866053,1.2721705535452605,naive,CUSCO
2014-01-20,1.2577874732228835,0.8933299735866053,naive,CUSCO
2014-01-27,1.336399190299314,0.8933299735866053,naive,CUSCO
2014-02-03,1.2577874732228838,0.8933299735866053,naive,CUSCO
2014-02-10,1.0481562276857364,0.8933299735866053,naive,CUSCO
2014-02-17,0.9171366992250193,1.0481562276857364,naive,CUSCO
2014-02-24,1.0743601333778798,1.0481562276857364,naive,CUSCO
2014-03-03,1.100564039070023,1.0481562276857364,naive,CUSCO
2014-03-10,0.9957484163014496,1.0481562276857364,naive,CUSCO
2014-03-17,0.9433406049171627,0.9957484163014496,naive,CUSCO
2014-03-24,0.8909327935328758,0.9957484163014496,naive,CUSCO
2014-03-31,1.0743601333778798,0.9957484163014496,naive,CUSCO
2014-04-07,1.0481562276857364,0.9957484163014496,naive,CUSCO
2014-04-14,1.1267679447621666,1.0481562276857364,naive,CUSCO
2014-04-21,0.9433406049171627,1.0481562276857364,naive,CUSCO
2014-04-28,1.021952321993593,1.0481562276857364,naive,CUSCO
2014-05-05,0.8385249821485891,1.0481562276857364,naive,CUSCO
2014-05-12,0.707505453687872,0.8385249821485891,naive,CUSCO
2014-05-19,0.5764859252271549,0.8385249821485891,naive,CUSCO
2014-05-26,0.5502820195350114,0.8385249821485891,naive,CUSCO
2014-06-02,0.6550976423035851,0.8385249821485891,naive,CUSCO
2014-06-09,0.7599132650721588,0.6550976423035851,naive,CUSCO
2014-06-16,0.6550976423035851,0.6550976423035851,naive,CUSCO
2014-06-23,0.9433406049171627,0.6550976423035851,naive,CUSCO
2014-06-30,1.0481562276857364,0.6550976423035851,naive,CUSCO
2014-07-07,1.336399190299314,1.0481562276857364,naive,CUSCO
2014-07-14,1.1529718504543098,1.0481562276857364,naive,CUSCO
2014-07-21,1.1005640390700233,1.0481562276857364,naive,CUSCO
2014-07-28,1.0743601333778798,1.0481562276857364,naive,CUSCO
2014-08-04,1.336399190299314,1.0743601333778798,naive,CUSCO
2014-08-11,1.6246421529128916,1.0743601333778798,naive,CUSCO
2014-08-18,1.8080694927578953,1.0743601333778798,naive,CUSCO
2014-08-25,1.6246421529128916,1.0743601333778798,naive,CUSCO
2014-09-01,1.4412148130678875,1.6246421529128916,naive,CUSCO
2014-09-08,1.3101952846071703,1.6246421529128916,naive,CUSCO
2014-09-15,1.4150109073757442,1.6246421529128916,naive,CUSCO
2014-09-22,1.3626030959914572,1.6246421529128916,naive,CUSCO
2014-09-29,1.4936226244521744,1.3626030959914572,naive,CUSCO
2014-10-06,1.2315835675307403,1.3626030959914572,naive,CUSCO
2014-10-13,1.1529718504543103,1.3626030959914572,naive,CUSCO
2014-10-20,0.9957484163014495,1.3626030959914572,naive,CUSCO
2014-10-27,1.205379661838597,0.9957484163014494,naive,CUSCO
2014-11-03,1.2315835675307403,0.9957484163014494,naive,CUSCO
2014-11-10,1.336399190299314,0.9957484163014494,naive,CUSCO
2014-11-17,1.1529718504543098,0.9957484163014494,naive,CUSCO
2014-11-24,1.15297185045431,1.1529718504543096,naive,CUSCO
2014-12-01,0.8909327935328758,1.1529718504543096,naive,CUSCO
2014-12-08,0.8909327935328758,1.1529718504543096,naive,CUSCO
2014-12-15,0.9433406049171627,1.1529718504543096,naive,CUSCO
2014-12-22,1.0219523219935929,0.9433406049171627,naive,CUSCO
2014-12-29,1.283991378915027,0.9433406049171627,naive,CUSCO
2015-01-05,1.357037090394983,0.9433406049171627,naive,CUSCO
2015-01-12,1.5348984246435124,0.9433406049171627,naive,CUSCO
2015-01-19,1.1659931113126982,1.5348984246435124,naive,CUSCO
2015-01-26,1.0364383211668426,1.5348984246435124,naive,CUSCO
2015-02-02,0.803239698904303,1.5348984246435124,naive,CUSCO
2015-02-09,0.751417782845961,1.5348984246435124,naive,CUSCO
2015-02-16,0.5182191605834213,0.751417782845961,naive,CUSCO
2015-02-23,0.6477739507292767,0.751417782845961,naive,CUSCO
2015-03-02,0.8032396989043032,0.751417782845961,naive,CUSCO
2015-03-09,0.8550616149626453,0.751417782845961,naive,CUSCO
2015-03-16,0.6736849087584478,0.8550616149626453,naive,CUSCO
2015-03-23,0.6477739507292767,0.8550616149626453,naive,CUSCO
2015-03-30,0.6736849087584478,0.8550616149626453,naive,CUSCO
2015-04-06,0.9587054470793296,0.8550616149626453,naive,CUSCO
2015-04-13,1.165993111312698,0.9587054470793295,naive,CUSCO
2015-04-20,1.2178150273710404,0.9587054470793295,naive,CUSCO
2015-04-27,0.9327944890501585,0.9587054470793295,naive,CUSCO
2015-05-04,0.751417782845961,0.9587054470793295,naive,CUSCO
2015-05-11,1.114171195254356,0.751417782845961,naive,CUSCO
2015-05-18,1.140082153283527,0.751417782845961,naive,CUSCO
2015-05-25,1.2955479014585534,0.751417782845961,naive,CUSCO
2015-06-01,0.9846164051085005,0.751417782845961,naive,CUSCO
2015-06-08,1.3732807755460668,0.9846164051085005,naive,CUSCO
2015-06-15,1.5546574817502643,0.9846164051085005,naive,CUSCO
2015-06-22,1.9174108941586592,0.9846164051085005,naive,CUSCO
2015-06-29,1.9692328102170016,0.9846164051085005,naive,CUSCO
2015-07-06,1.7101232299252904,1.9692328102170016,naive,CUSCO
2015-07-13,1.528746523721093,1.9692328102170016,naive,CUSCO
2015-07-20,1.3991917335752377,1.9692328102170016,naive,CUSCO
2015-07-27,1.554657481750264,1.9692328102170016,naive,CUSCO
2015-08-03,1.3991917335752377,1.554657481750264,naive,CUSCO
2015-08-10,1.3473698175168956,1.554657481750264,naive,CUSCO
2015-08-17,1.0364383211668426,1.554657481750264,naive,CUSCO
2015-08-24,1.0623492791960139,1.554657481750264,naive,CUSCO
2015-08-31,0.8809725729918162,1.0623492791960139,naive,CUSCO
2015-09-07,1.165993111312698,1.0623492791960139,naive,CUSCO
2015-09-14,1.0623492791960139,1.0623492791960139,naive,CUSCO
2015-09-21,1.2437259854002114,1.0623492791960139,naive,CUSCO
2015-09-28,1.140082153283527,1.2437259854002114,naive,CUSCO
2015-10-05,1.1141711952543558,1.2437259854002114,naive,CUSCO
2015-10-12,0.9327944890501584,1.2437259854002114,naive,CUSCO
2015-10-19,0.7255068248167897,1.2437259854002114,naive,CUSCO
2015-10-26,0.803239698904303,0.7255068248167899,naive,CUSCO
2015-11-02,0.803239698904303,0.7255068248167899,naive,CUSCO
2015-11-09,0.8550616149626452,0.7255068248167899,naive,CUSCO
2015-11-16,1.2437259854002114,0.7255068248167899,naive,CUSCO
2015-11-23,1.425102691604409,1.2437259854002114,naive,CUSCO
2015-11-30,1.5028355656919221,1.2437259854002114,naive,CUSCO
2015-12-07,1.140082153283527,1.2437259854002114,naive,CUSCO
2015-12-14,0.9327944890501584,1.2437259854002114,naive,CUSCO
2015-12-21,1.1919040693418692,0.9327944890501583,naive,CUSCO
2015-12-28,0.8550616149626453,0.9327944890501583,naive,CUSCO
2016-01-04,1.1081557381138298,0.9327944890501583,naive,CUSCO
2016-01-11,0.9737312921875486,0.9327944890501583,naive,CUSCO
2016-01-18,1.4349724305921772,0.9737312921875486,naive,CUSCO
2016-01-25,1.1787273537007168,0.9737312921875486,naive,CUSCO
2016-02-01,1.0249803075658406,0.9737312921875486,naive,CUSCO
2016-02-08,0.7943597383635265,0.9737312921875486,naive,CUSCO
2016-02-15,0.8199842460526726,0.7943597383635266,naive,CUSCO
2016-02-22,0.7943597383635265,0.7943597383635266,naive,CUSCO
2016-02-29,0.8199842460526726,0.7943597383635266,naive,CUSCO
2016-03-07,0.9224822768092565,0.7943597383635266,naive,CUSCO
2016-03-14,1.2043518613898627,0.9224822768092564,naive,CUSCO
2016-03-21,1.281225384457301,0.9224822768092564,naive,CUSCO
2016-03-28,1.383723415213885,0.9224822768092564,naive,CUSCO
2016-04-04,1.281225384457301,0.9224822768092564,naive,CUSCO
2016-04-11,1.358098907524739,1.281225384457301,naive,CUSCO
2016-04-18,1.2556008767681548,1.281225384457301,naive,CUSCO
2016-04-25,1.281225384457301,1.281225384457301,naive,CUSCO
2016-05-02,1.2556008767681548,1.281225384457301,naive,CUSCO
2016-05-09,1.281225384457301,1.2556008767681548,naive,CUSCO
2016-05-16,1.3324743998355928,1.2556008767681548,naive,CUSCO
2016-05-23,1.3068498921464469,1.2556008767681548,naive,CUSCO
2016-05-30,1.537470461348761,1.2556008767681548,naive,CUSCO
2016-06-06,1.5374704613487609,1.537470461348761,naive,CUSCO
2016-06-13,1.537470461348761,1.537470461348761,naive,CUSCO
2016-06-20,1.2812253844573007,1.537470461348761,naive,CUSCO
2016-06-27,1.588719476727053,1.537470461348761,naive,CUSCO
2016-07-04,2.12683413819912,1.588719476727053,naive,CUSCO
2016-07-11,2.434328230468872,1.588719476727053,naive,CUSCO
2016-07-18,2.0755851228208275,1.588719476727053,naive,CUSCO
2016-07-25,1.8962135689968054,1.588719476727053,naive,CUSCO
2016-08-01,2.0755851228208275,1.8962135689968052,naive,CUSCO
2016-08-08,2.3062056920231417,1.8962135689968052,naive,CUSCO
2016-08-15,2.2293321689557035,1.8962135689968052,naive,CUSCO
2016-08-22,1.9218380766859517,1.8962135689968052,naive,CUSCO
2016-08-29,1.6912175074836373,1.9218380766859517,naive,CUSCO
2016-09-05,1.588719476727053,1.9218380766859517,naive,CUSCO
2016-09-12,1.6143439844161993,1.9218380766859517,naive,CUSCO
2016-09-19,1.6399684921053452,1.9218380766859517,naive,CUSCO
2016-09-26,1.8193400459293674,1.6399684921053452,naive,CUSCO
2016-10-03,1.716842015172783,1.6399684921053452,naive,CUSCO
2016-10-10,1.844964553618513,1.6399684921053452,naive,CUSCO
2016-10-17,1.844964553618513,1.6399684921053452,naive,CUSCO
2016-10-24,1.716842015172783,1.8449645536185129,naive,CUSCO
2016-10-31,1.4605969382813226,1.8449645536185129,naive,CUSCO
2016-11-07,1.2043518613898625,1.8449645536185129,naive,CUSCO
2016-11-14,1.3837234152138846,1.8449645536185129,naive,CUSCO
2016-11-21,1.4349724305921765,1.3837234152138849,naive,CUSCO
2016-11-28,1.716842015172783,1.3837234152138849,naive,CUSCO
2016-12-05,1.5374704613487609,1.3837234152138849,naive,CUSCO
2016-12-12,1.6399684921053448,1.3837234152138849,naive,CUSCO
2016-12-19,1.5374704613487609,1.6399684921053448,naive,CUSCO
2016-12-26,1.691217507483637,1.6399684921053448,naive,CUSCO
2017-01-02,1.76164630769067,1.6399684921053448,naive,CUSCO
2017-01-09,1.526542453020248,1.6399684921053448,naive,CUSCO
2017-01-16,1.4953138384959672,1.526542453020248,naive,CUSCO
2017-01-23,1.39393662910641,1.526542453020248,naive,CUSCO
2017-01-30,1.5206581408433564,1.526542453020248,naive,CUSCO
2017-02-06,1.622035350232914,1.526542453020248,naive,CUSCO
2017-02-13,1.6473796525803028,1.6220353502329141,naive,CUSCO
2017-02-20,1.6473796525803028,1.6220353502329141,naive,CUSCO
2017-02-27,1.4192809314537993,1.6220353502329141,naive,CUSCO
2017-03-06,1.2672151173694637,1.6220353502329141,naive,CUSCO
2017-03-13,1.1404936056325172,1.2672151173694637,naive,CUSCO
2017-03-20,1.0644606985903493,1.2672151173694637,naive,CUSCO
2017-03-27,1.2925594197168528,1.2672151173694637,naive,CUSCO
2017-04-03,1.4192809314537993,1.2672151173694637,naive,CUSCO
2017-04-10,1.6220353502329135,1.4192809314537993,naive,CUSCO
2017-04-17,1.4446252338011885,1.4192809314537993,naive,CUSCO
2017-04-24,1.4446252338011887,1.4192809314537993,naive,CUSCO
2017-05-01,1.4192809314537993,1.4192809314537993,naive,CUSCO
2017-05-08,1.3432480244116316,1.4192809314537993,naive,CUSCO
2017-05-15,1.4192809314537993,1.4192809314537993,naive,CUSCO
2017-05-22,1.5206581408433564,1.4192809314537993,naive,CUSCO
2017-05-29,1.5460024431907458,1.4192809314537993,naive,CUSCO
2017-06-05,1.4192809314537993,1.546002443190746,naive,CUSCO
2017-06-12,1.4446252338011885,1.546002443190746,naive,CUSCO
2017-06-19,1.6473796525803028,1.546002443190746,naive,CUSCO
2017-06-26,1.850134071359417,1.546002443190746,naive,CUSCO
2017-07-03,2.382364420654592,1.8501340713594172,naive,CUSCO
2017-07-10,2.3063315136124243,1.8501340713594172,naive,CUSCO
2017-07-17,2.483741630044149,1.8501340713594172,naive,CUSCO
2017-07-24,2.1796100018754774,1.8501340713594172,naive,CUSCO
2017-07-31,2.1796100018754774,2.1796100018754774,naive,CUSCO
2017-08-07,2.0021998854437526,2.1796100018754774,naive,CUSCO
2017-08-14,1.6980682572750814,2.1796100018754774,naive,CUSCO
2017-08-21,1.850134071359417,2.1796100018754774,naive,CUSCO
2017-08-28,1.7741011643172493,1.8501340713594172,naive,CUSCO
2017-09-04,1.7994454666646387,1.8501340713594172,naive,CUSCO
2017-09-11,1.672723954927692,1.8501340713594172,naive,CUSCO
2017-09-18,1.6473796525803028,1.8501340713594172,naive,CUSCO
2017-09-25,1.850134071359417,1.647379652580303,naive,CUSCO
2017-10-02,2.027544187791142,1.647379652580303,naive,CUSCO
2017-10-09,2.0021998854437526,1.647379652580303,naive,CUSCO
2017-10-16,1.7994454666646387,1.647379652580303,naive,CUSCO
2017-10-23,1.7741011643172493,1.7994454666646387,naive,CUSCO
2017-10-30,1.672723954927692,1.7994454666646387,naive,CUSCO
2017-11-06,1.7234125596224708,1.7994454666646387,naive,CUSCO
2017-11-13,1.6473796525803028,1.7994454666646387,naive,CUSCO
2017-11-20,1.824789769012028,1.647379652580303,naive,CUSCO
2017-11-27,2.027544187791142,1.647379652580303,naive,CUSCO
2017-12-04,2.0528884901385314,1.647379652580303,naive,CUSCO
2017-12-11,2.10357709483331,1.647379652580303,naive,CUSCO
2017-12-18,1.6980682572750814,2.10357709483331,naive,CUSCO
2017-12-25,1.6473796525803028,2.10357709483331,naive,CUSCO
2018-01-01,1.6446280205631993,2.10357709483331,naive,CUSCO
2018-01-08,2.3497843452251908,2.10357709483331,naive,CUSCO
2018-01-15,2.524239005045953,2.349784345225191,naive,CUSCO
2018-01-22,2.5747237851468725,2.349784345225191,naive,CUSCO
2018-01-29,2.044633594087222,2.349784345225191,naive,CUSCO
2018-02-05,1.8931792537844647,2.349784345225191,naive,CUSCO
2018-02-12,1.716482523431248,1.8931792537844645,naive,CUSCO
2018-02-19,1.4135738428257334,1.8931792537844645,naive,CUSCO
2018-02-26,1.3883314527752741,1.8931792537844645,naive,CUSCO
2018-03-05,1.3630890627248144,1.8931792537844645,naive,CUSCO
2018-03-12,1.766967303532167,1.3630890627248144,naive,CUSCO
2018-03-19,1.7164825234312477,1.3630890627248144,naive,CUSCO
2018-03-26,1.9689064239358434,1.3630890627248144,naive,CUSCO
2018-04-02,1.6912401333807885,1.3630890627248144,naive,CUSCO
2018-04-09,1.9436640338853841,1.6912401333807885,naive,CUSCO
2018-04-16,1.8174520836330863,1.6912401333807885,naive,CUSCO
2018-04-23,2.0698759841376813,1.6912401333807885,naive,CUSCO
2018-04-30,1.7164825234312477,1.6912401333807885,naive,CUSCO
2018-05-07,1.489301012977112,1.7164825234312477,naive,CUSCO
2018-05-14,1.5145434030275713,1.7164825234312477,naive,CUSCO
2018-05-21,1.7417249134817074,1.7164825234312477,naive,CUSCO
2018-05-28,2.1456031542890597,1.7164825234312477,naive,CUSCO
2018-06-04,2.2718151045413575,2.1456031542890597,naive,CUSCO
2018-06-11,2.9887772096541014,2.1456031542890597,naive,CUSCO
2018-06-18,3.1149891599063992,2.1456031542890597,naive,CUSCO
2018-06-25,3.518867400713752,2.1456031542890597,naive,CUSCO
2018-07-02,3.1048139762065223,3.5188674007137526,naive,CUSCO
2018-07-09,3.029086806055144,3.5188674007137526,naive,CUSCO
2018-07-16,2.70093573539917,3.5188674007137526,naive,CUSCO
2018-07-23,2.6756933453487104,3.5188674007137526,naive,CUSCO
2018-07-30,2.625208565247791,2.67569334534871,naive,CUSCO
2018-08-06,2.801905295601008,2.67569334534871,naive,CUSCO
2018-08-13,2.7766629055505483,2.67569334534871,naive,CUSCO
2018-08-20,2.72617812544963,2.67569334534871,naive,CUSCO
2018-08-27,2.473754224945034,2.72617812544963,naive,CUSCO
2018-09-03,2.0193912040367628,2.72617812544963,naive,CUSCO
2018-09-10,1.9689064239358434,2.72617812544963,naive,CUSCO
2018-09-17,1.7417249134817077,2.72617812544963,naive,CUSCO
2018-09-24,1.9436640338853841,1.7417249134817077,naive,CUSCO
2018-10-01,1.8426944736835458,1.7417249134817077,naive,CUSCO
2018-10-08,1.665997743330329,1.7417249134817077,naive,CUSCO
2018-10-15,1.665997743330329,1.7417249134817077,naive,CUSCO
2018-10-22,1.665997743330329,1.665997743330329,naive,CUSCO
2018-10-29,1.8426944736835458,1.665997743330329,naive,CUSCO
2018-11-05,1.9941488139863033,1.665997743330329,naive,CUSCO
2018-11-12,2.1708455443395196,1.665997743330329,naive,CUSCO
2018-11-19,2.347542274692737,2.1708455443395196,naive,CUSCO
2018-11-26,2.221330324440439,2.1708455443395196,naive,CUSCO
2018-12-03,1.8679368637340052,2.1708455443395196,naive,CUSCO
2018-12-10,1.5397857930780312,2.1708455443395196,naive,CUSCO
2018-12-17,1.1359075522706787,1.5397857930780312,naive,CUSCO
2018-12-24,1.1611499423211384,1.5397857930780312,naive,CUSCO
2018-12-31,1.2116347224220574,1.5397857930780312,naive,CUSCO
2019-01-07,1.4316865024751626,1.5397857930780312,naive,CUSCO
2019-01-14,1.6483610418119896,1.4316865024751628,naive,CUSCO
2019-01-21,1.8401684400668323,1.4316865024751628,naive,CUSCO
2019-01-28,1.9147698633127852,1.4316865024751628,naive,CUSCO
2019-02-04,1.8153012989848485,1.4316865024751628,naive,CUSCO
2019-02-11,1.5914970292469903,1.8153012989848487,naive,CUSCO
2019-02-18,1.5417627470830222,1.8153012989848487,naive,CUSCO
2019-02-25,1.7158327346569113,1.8153012989848487,naive,CUSCO
2019-03-04,1.9147698633127854,1.8153012989848487,naive,CUSCO
2019-03-11,1.8650355811488168,1.9147698633127852,naive,CUSCO
2019-03-18,1.6412313114109587,1.9147698633127852,naive,CUSCO
2019-03-25,1.4920284649190532,1.9147698633127852,naive,CUSCO
2019-04-01,1.59149702924699,1.9147698633127852,naive,CUSCO
2019-04-08,1.6909655935749273,1.59149702924699,naive,CUSCO
2019-04-15,1.6163641703289746,1.59149702924699,naive,CUSCO
2019-04-22,1.6163641703289746,1.59149702924699,naive,CUSCO
2019-04-29,1.4920284649190532,1.59149702924699,naive,CUSCO
2019-05-06,1.6163641703289742,1.4920284649190532,naive,CUSCO
2019-05-13,1.7655670168208797,1.4920284649190532,naive,CUSCO
2019-05-20,1.7904341579028642,1.4920284649190532,naive,CUSCO
2019-05-27,1.9396370043947695,1.4920284649190532,naive,CUSCO
2019-06-03,1.9147698633127852,1.9396370043947695,naive,CUSCO
2019-06-10,2.1137069919686593,1.9396370043947695,naive,CUSCO
2019-06-17,2.163441274132628,1.9396370043947695,naive,CUSCO
2019-06-24,2.436979826034454,1.9396370043947695,naive,CUSCO
2019-07-01,2.7602526601002495,2.436979826034454,naive,CUSCO
2019-07-08,2.735385519018265,2.436979826034454,naive,CUSCO
2019-07-15,2.8099869422642176,2.436979826034454,naive,CUSCO
2019-07-22,3.0835254941660444,2.436979826034454,naive,CUSCO
2019-07-29,3.3570640460678707,3.083525494166044,naive,CUSCO
2019-08-05,3.406798328231839,3.083525494166044,naive,CUSCO
2019-08-12,2.8099869422642176,3.083525494166044,naive,CUSCO
2019-08-19,2.6110498136083438,3.083525494166044,naive,CUSCO
2019-08-26,2.312644120624533,2.6110498136083438,naive,CUSCO
2019-09-02,2.138574133050644,2.6110498136083438,naive,CUSCO
2019-09-09,2.0142384276407226,2.6110498136083438,naive,CUSCO
2019-09-16,1.8650355811488175,2.6110498136083438,naive,CUSCO
2019-09-23,1.9893712865587385,1.8650355811488177,naive,CUSCO
2019-09-30,1.964504145476754,1.8650355811488177,naive,CUSCO
2019-10-07,1.9396370043947702,1.8650355811488177,naive,CUSCO
2019-10-14,2.039105568722707,1.8650355811488177,naive,CUSCO
2019-10-21,1.964504145476754,2.039105568722707,naive,CUSCO
2019-10-28,2.0142384276407226,2.039105568722707,naive,CUSCO
2019-11-04,1.7655670168208804,2.039105568722707,naive,CUSCO
2019-11-11,1.7158327346569118,2.039105568722707,naive,CUSCO
2019-11-18,1.7158327346569118,1.7158327346569118,naive,CUSCO
2019-11-25,1.7904341579028644,1.7158327346569118,naive,CUSCO
2019-12-02,1.8899027222308016,1.7158327346569118,naive,CUSCO
2019-12-09,2.063972709804691,1.7158327346569118,naive,CUSCO
2019-12-16,2.138574133050644,2.063972709804691,naive,CUSCO
2019-12-23,2.0639727098046907,2.063972709804691,naive,CUSCO
2019-12-30,1.6163641703289748,2.063972709804691,naive,CUSCO
2020-01-06,1.6815258008843887,2.063972709804691,naive,CUSCO
2020-01-13,1.7976397513702924,1.6815258008843887,naive,CUSCO
2020-01-20,2.0632610577897315,1.6815258008843887,naive,CUSCO
2020-01-27,1.891322636307254,1.6815258008843887,naive,CUSCO
2020-02-03,1.7193842148247764,1.6815258008843887,naive,CUSCO
2020-02-10,1.5228831617019447,1.7193842148247762,naive,CUSCO
2020-02-17,1.4246326351405287,1.7193842148247762,naive,CUSCO
2020-02-24,1.473757898421237,1.7193842148247762,naive,CUSCO
2020-03-02,1.793072109745838,1.7193842148247762,naive,CUSCO
2020-03-09,1.965010531228316,1.793072109745838,naive,CUSCO
2020-03-16,1.8667600046669,1.793072109745838,naive,CUSCO
2020-03-23,1.5720084249826527,1.793072109745838,naive,CUSCO
2020-03-30,1.2526942136580512,1.793072109745838,naive,CUSCO
2020-04-06,1.1053184238159275,1.2526942136580512,naive,CUSCO
2020-04-13,1.0316305288948657,1.2526942136580512,naive,CUSCO
2020-04-20,0.9825052656141576,1.2526942136580512,naive,CUSCO
2020-04-27,0.884254739052742,1.2526942136580512,naive,CUSCO
2020-05-04,0.7614415808509722,0.884254739052742,naive,CUSCO
2020-05-11,0.6140657910088486,0.884254739052742,naive,CUSCO
2020-05-18,0.6386284226492025,0.884254739052742,naive,CUSCO
2020-05-25,0.6386284226492025,0.884254739052742,naive,CUSCO
2020-06-01,0.7123163175702644,0.6386284226492025,naive,CUSCO
2020-06-08,0.6631910542895564,0.6386284226492025,naive,CUSCO
2020-06-15,0.6877536859299104,0.6386284226492025,naive,CUSCO
2020-06-22,0.6877536859299104,0.6386284226492025,naive,CUSCO
2020-06-29,0.9579426339738039,0.6877536859299104,naive,CUSCO
2020-07-06,1.1298810554562815,0.6877536859299104,naive,CUSCO
2020-07-13,1.5228831617019445,0.6877536859299104,naive,CUSCO
2020-07-20,2.1615115843511474,0.6877536859299104,naive,CUSCO
2020-07-27,3.0428434395586543,2.161511584351147,naive,CUSCO
2020-08-03,3.7767995049240386,2.161511584351147,naive,CUSCO
2020-08-10,3.948737926406516,2.161511584351147,naive,CUSCO
2020-08-17,3.9487379264065154,2.161511584351147,naive,CUSCO
2020-08-24,3.9487379264065154,3.948737926406515,naive,CUSCO
2020-08-31,3.8504873998451004,3.948737926406515,naive,CUSCO
2020-09-07,3.5832213356464417,3.948737926406515,naive,CUSCO
2020-09-14,2.947515796842474,3.948737926406515,naive,CUSCO
2020-09-21,2.5545136905968104,2.9475157968424743,naive,CUSCO
2020-09-28,2.0878236894300852,2.9475157968424743,naive,CUSCO
2020-10-05,1.8913226363072537,2.9475157968424743,naive,CUSCO
2020-10-12,1.5228831617019445,2.9475157968424743,naive,CUSCO
2020-10-19,1.4000700035001747,1.5228831617019445,naive,CUSCO
2020-10-26,1.4000700035001747,1.5228831617019445,naive,CUSCO
2020-11-02,1.350944740219467,1.5228831617019445,naive,CUSCO
2020-11-09,1.3263821085791128,1.5228831617019445,naive,CUSCO
2020-11-16,1.301819476938759,1.326382108579113,naive,CUSCO
2020-11-23,1.5228831617019445,1.326382108579113,naive,CUSCO
2020-11-30,1.5720084249826523,1.326382108579113,naive,CUSCO
2020-12-07,1.5474457933422983,1.326382108579113,naive,CUSCO
2020-12-14,1.4000700035001747,1.547445793342298,naive,CUSCO
2020-12-21,1.3755073718598207,1.547445793342298,naive,CUSCO
2020-12-28,1.1790063187369892,1.547445793342298,naive,CUSCO
2021-01-04,1.3697442800603732,1.547445793342298,naive,CUSCO
2021-01-11,1.778779642083208,1.3697442800603732,naive,CUSCO
2021-01-18,2.287218149027348,1.3697442800603732,naive,CUSCO
2021-01-25,2.700863984489741,1.3697442800603732,naive,CUSCO
2021-02-01,3.1145098199521333,1.3697442800603732,naive,CUSCO
2021-02-08,3.576819871351278,3.1145098199521333,naive,CUSCO
2021-02-15,3.902893193053717,3.1145098199521333,naive,CUSCO
2021-02-22,3.7325684372750847,3.1145098199521333,naive,CUSCO
2021-03-01,3.5135794655596997,3.1145098199521333,naive,CUSCO
2021-03-08,2.9685171721418766,3.5135794655596992,naive,CUSCO
2021-03-15,2.8955208482367483,3.5135794655596992,naive,CUSCO
2021-03-22,3.2118382518256374,3.5135794655596992,naive,CUSCO
2021-03-29,3.6011519793196545,3.5135794655596992,naive,CUSCO
2021-04-05,3.576819871351278,3.6011519793196545,naive,CUSCO
2021-04-12,3.5865757894648276,3.6011519793196545,naive,CUSCO
2021-04-19,3.742324355388634,3.6011519793196545,naive,CUSCO
2021-04-26,3.9856454350723944,3.6011519793196545,naive,CUSCO
2021-05-03,3.7325684372750842,3.985645435072394,naive,CUSCO
2021-05-10,3.601151979319654,3.985645435072394,naive,CUSCO
2021-05-17,3.406495115572646,3.985645435072394,naive,CUSCO
2021-05-24,3.6011519793196545,3.985645435072394,naive,CUSCO
2021-05-31,3.479491439477774,3.6011519793196545,naive,CUSCO
2021-06-07,3.333498791667518,3.6011519793196545,naive,CUSCO
2021-06-14,2.6278676605846125,3.6011519793196545,naive,CUSCO
2021-06-21,1.9952328534068353,3.6011519793196545,naive,CUSCO
2021-06-28,1.5085906940393141,1.995232853406835,naive,CUSCO
2021-07-05,1.3139338302923058,1.995232853406835,naive,CUSCO
2021-07-12,1.0949448585769215,1.995232853406835,naive,CUSCO
2021-07-19,1.1192769665452975,1.995232853406835,naive,CUSCO
2021-07-26,1.1192769665452973,1.1192769665452975,naive,CUSCO
2021-08-02,1.0462806426401692,1.1192769665452975,naive,CUSCO
2021-08-09,1.0219485346717934,1.1192769665452975,naive,CUSCO
2021-08-16,0.9732843187350412,1.1192769665452975,naive,CUSCO
2021-08-23,1.240937506387178,0.9732843187350411,naive,CUSCO
2021-08-30,1.2652696143555537,0.9732843187350411,naive,CUSCO
2021-09-06,1.2652696143555537,0.9732843187350411,naive,CUSCO
2021-09-13,1.4355943701341858,0.9732843187350411,naive,CUSCO
2021-09-20,1.5572549099760664,1.4355943701341858,naive,CUSCO
2021-09-27,1.7519117737230747,1.4355943701341858,naive,CUSCO
2021-10-04,1.5329228020076904,1.4355943701341858,naive,CUSCO
2021-10-11,1.4599264781025623,1.4355943701341858,naive,CUSCO
2021-10-18,1.386930154197434,1.4599264781025623,naive,CUSCO
2021-10-25,1.4112622621658104,1.4599264781025623,naive,CUSCO
2021-11-01,1.2896017223239298,1.4599264781025623,naive,CUSCO
2021-11-08,1.338265938260682,1.4599264781025623,naive,CUSCO
2021-11-15,1.4355943701341862,1.338265938260682,naive,CUSCO
2021-11-22,1.4355943701341862,1.338265938260682,naive,CUSCO
2021-11-29,1.5815870179444425,1.338265938260682,naive,CUSCO
2021-12-06,1.4112622621658104,1.338265938260682,naive,CUSCO
2021-12-13,1.484258586070938,1.4112622621658104,naive,CUSCO
2021-12-20,1.240937506387178,1.4112622621658104,naive,CUSCO
2021-12-27,1.1679411824820496,1.4112622621658104,naive,CUSCO
2022-01-03,1.2849039448607722,1.4112622621658104,naive,CUSCO
2022-01-10,1.6438724092335708,1.2849039448607722,naive,CUSCO
2022-01-17,1.9556799464578285,1.2849039448607722,naive,CUSCO
2022-01-24,2.2454103088960253,1.2849039448607722,naive,CUSCO
2022-01-31,2.1488335214166265,1.2849039448607722,naive,CUSCO
2022-02-07,2.0522567339372273,2.1488335214166265,naive,CUSCO
2022-02-14,1.5935169934100823,2.1488335214166265,naive,CUSCO
2022-02-21,1.448651812190984,2.1488335214166265,naive,CUSCO
2022-02-28,1.4727960090608336,2.1488335214166265,naive,CUSCO
2022-03-07,1.352075024711585,1.4727960090608336,naive,CUSCO
2022-03-14,1.1830656466226368,1.4727960090608336,naive,CUSCO
2022-03-21,1.0623446622733879,1.4727960090608336,naive,CUSCO
2022-03-28,1.4969402059306833,1.4727960090608336,naive,CUSCO
2022-04-04,1.5452285996703825,1.4969402059306833,naive,CUSCO
2022-04-11,1.8108147652387299,1.4969402059306833,naive,CUSCO
2022-04-18,1.5210844028005333,1.4969402059306833,naive,CUSCO
2022-04-25,1.4969402059306833,1.4969402059306833,naive,CUSCO
2022-05-02,1.0140562685336885,1.4969402059306833,naive,CUSCO
2022-05-09,1.3037866309718853,1.4969402059306833,naive,CUSCO
2022-05-16,1.4969402059306833,1.4969402059306833,naive,CUSCO
2022-05-23,1.8108147652387299,1.4969402059306833,naive,CUSCO
2022-05-30,1.714237977759331,1.8108147652387299,naive,CUSCO
2022-06-06,1.7383821746291808,1.8108147652387299,naive,CUSCO
2022-06-13,1.8349589621085798,1.8108147652387299,naive,CUSCO
2022-06-20,1.9073915527181289,1.8108147652387299,naive,CUSCO
2022-06-27,1.8591031589784297,1.9073915527181287,naive,CUSCO
2022-07-04,2.124689324546777,1.9073915527181287,naive,CUSCO
2022-07-11,2.2454103088960253,1.9073915527181287,naive,CUSCO
2022-07-18,2.293698702635725,1.9073915527181287,naive,CUSCO
2022-07-25,2.003968340197528,2.293698702635725,naive,CUSCO
2022-08-01,1.81081476523873,2.293698702635725,naive,CUSCO
2022-08-08,1.81081476523873,2.293698702635725,naive,CUSCO
2022-08-15,1.7625263714990307,2.293698702635725,naive,CUSCO
2022-08-22,1.665949584019632,1.762526371499031,naive,CUSCO
2022-08-29,1.448651812190984,1.762526371499031,naive,CUSCO
2022-09-05,1.6900937808894814,1.762526371499031,naive,CUSCO
2022-09-12,1.6176611902799323,1.762526371499031,naive,CUSCO
2022-09-19,1.714237977759331,1.6176611902799323,naive,CUSCO
2022-09-26,1.3279308278417352,1.6176611902799323,naive,CUSCO
2022-10-03,1.4727960090608336,1.6176611902799323,naive,CUSCO
2022-10-10,1.5935169934100823,1.6176611902799323,naive,CUSCO
2022-10-17,1.9073915527181289,1.5935169934100823,naive,CUSCO
2022-10-24,1.9315357495879788,1.5935169934100823,naive,CUSCO
2022-10-31,1.8349589621085798,1.5935169934100823,naive,CUSCO
2022-11-07,1.641805387149782,1.5935169934100823,naive,CUSCO
2022-11-14,1.7142379777593313,1.641805387149782,naive,CUSCO
2022-11-21,1.448651812190984,1.641805387149782,naive,CUSCO
2022-11-28,1.448651812190984,1.641805387149782,naive,CUSCO
2022-12-05,1.158921449752787,1.641805387149782,naive,CUSCO
2022-12-12,1.255498237232186,1.158921449752787,naive,CUSCO
2022-12-19,1.3037866309718857,1.158921449752787,naive,CUSCO
2022-12-26,1.4245076153211345,1.158921449752787,naive,CUSCO
2023-01-02,1.8300348202375554,1.158921449752787,naive,CUSCO
2023-01-09,1.92248168227674,1.8300348202375551,naive,CUSCO
2023-01-16,1.7989015187765738,1.8300348202375551,naive,CUSCO
2023-01-23,1.439121215021259,1.8300348202375551,naive,CUSCO
2023-01-30,1.3431798006865083,1.8300348202375551,naive,CUSCO
2023-02-06,1.6549893972744478,1.3431798006865083,naive,CUSCO
2023-02-13,1.7029601044418232,1.3431798006865083,naive,CUSCO
2023-02-20,1.6789747508581356,1.3431798006865083,naive,CUSCO
2023-02-27,1.4870919221886343,1.3431798006865083,naive,CUSCO
2023-03-06,1.4870919221886343,1.4870919221886343,naive,CUSCO
2023-03-13,1.7269454580255108,1.4870919221886343,naive,CUSCO
2023-03-20,1.9907843474460751,1.4870919221886343,naive,CUSCO
2023-03-27,2.4944767727035155,1.4870919221886343,naive,CUSCO
2023-04-03,2.7343303085403927,2.494476772703516,naive,CUSCO
2023-04-10,2.638388894205642,2.494476772703516,naive,CUSCO
2023-04-17,2.782301015707768,2.494476772703516,naive,CUSCO
2023-04-24,2.7343303085403927,2.494476772703516,naive,CUSCO
2023-05-01,3.0461399051283315,2.7343303085403927,naive,CUSCO
2023-05-08,2.8782424300425187,2.7343303085403927,naive,CUSCO
2023-05-15,2.5904181870382663,2.7343303085403927,naive,CUSCO
2023-05-22,2.230637883282952,2.7343303085403927,naive,CUSCO
2023-05-29,2.2546232368666392,2.2306378832829523,naive,CUSCO
2023-06-05,2.470491419119828,2.2306378832829523,naive,CUSCO
2023-06-12,2.518462126287204,2.2306378832829523,naive,CUSCO
2023-06-19,2.446506065536141,2.2306378832829523,naive,CUSCO
2023-06-26,2.830271722875143,2.4465060655361413,naive,CUSCO
2023-07-03,2.7343303085403927,2.4465060655361413,naive,CUSCO
2023-07-10,2.3745500047850774,2.4465060655361413,naive,CUSCO
2023-07-17,1.8468722259439492,2.4465060655361413,naive,CUSCO
2023-07-24,2.206652529699264,1.846872225943949,naive,CUSCO
2023-07-31,2.326579297617702,1.846872225943949,naive,CUSCO
2023-08-07,2.134696468948201,1.846872225943949,naive,CUSCO
2023-08-14,1.6070186901070727,1.846872225943949,naive,CUSCO
2023-08-21,1.7749161651928862,1.6070186901070729,naive,CUSCO
2023-08-28,1.8708575795276365,1.6070186901070729,naive,CUSCO
2023-09-04,2.1826671761155763,1.6070186901070729,naive,CUSCO
2023-09-11,2.1107111153645133,1.6070186901070729,naive,CUSCO
2023-09-18,2.014769701029763,2.1107111153645137,naive,CUSCO
2023-09-25,2.0387550546134503,2.1107111153645137,naive,CUSCO
2023-10-02,1.9667989938623875,2.1107111153645137,naive,CUSCO
2023-10-09,2.1107111153645133,2.1107111153645137,naive,CUSCO
2023-10-16,2.0387550546134503,2.1107111153645137,naive,CUSCO
2023-10-23,1.9188282866950122,2.1107111153645137,naive,CUSCO
2023-10-30,1.8708575795276368,2.1107111153645137,naive,CUSCO
2023-11-06,1.9907843474460751,2.1107111153645137,naive,CUSCO
2023-11-13,2.2546232368666392,1.9907843474460751,naive,CUSCO
2023-11-20,2.35056465120139,1.9907843474460751,naive,CUSCO
2023-11-27,2.398535358368765,1.9907843474460751,naive,CUSCO
2023-12-04,2.2546232368666392,1.9907843474460751,naive,CUSCO
2010-12-27,1.8937086059999275,0.8609920072167794,seasonal_naive,CUSCO
2011-01-03,1.8320736017898989,1.185070499054373,seasonal_naive,CUSCO
2011-01-10,1.6893881835950346,1.5643679788695055,seasonal_naive,CUSCO
2011-01-17,1.3561933280713034,1.9485987105216647,seasonal_naive,CUSCO
2011-01-24,1.4375649277555815,1.5643679788695055,seasonal_naive,CUSCO
2011-01-31,1.247697861825599,1.070357038173872,seasonal_naive,CUSCO
2011-02-07,1.1120785290184685,0.8782416723477925,seasonal_naive,CUSCO
2011-02-14,0.8137159968427818,0.8507966200869239,seasonal_naive,CUSCO
2011-02-21,0.840839863404208,0.8507966200869239,seasonal_naive,CUSCO
2011-02-28,0.9222114630884861,1.1252471426956092,seasonal_naive,CUSCO
2011-03-07,0.89508759652706,1.235027351739083,seasonal_naive,CUSCO
2011-03-14,0.9493353296499123,1.4271427175651628,seasonal_naive,CUSCO
2011-03-21,1.1392023955798949,1.4820328220869,seasonal_naive,CUSCO
2011-03-28,1.1120785290184687,1.3173625085216887,seasonal_naive,CUSCO
2011-04-04,1.1663262621413208,1.0978020904347405,seasonal_naive,CUSCO
2011-04-11,0.9764591962113384,1.1252471426956092,seasonal_naive,CUSCO
2011-04-18,1.0307069293341906,1.235027351739083,seasonal_naive,CUSCO
2011-04-25,0.7865921302813558,1.2075822994782146,seasonal_naive,CUSCO
2011-05-02,0.9493353296499123,1.1252471426956092,seasonal_naive,CUSCO
2011-05-09,1.0307069293341904,1.070357038173872,seasonal_naive,CUSCO
2011-05-16,1.2748217283870251,1.2899174562608202,seasonal_naive,CUSCO
2011-05-23,1.301945594948451,1.2624724039999515,seasonal_naive,CUSCO
2011-05-30,1.0849546624570428,1.1526921949564777,seasonal_naive,CUSCO
2011-06-06,0.9764591962113384,1.0429119859130036,seasonal_naive,CUSCO
2011-06-13,0.8679637299656341,1.0703570381738723,seasonal_naive,CUSCO
2011-06-20,0.9222114630884861,1.3173625085216887,seasonal_naive,CUSCO
2011-06-27,0.89508759652706,1.4820328220869,seasonal_naive,CUSCO
2011-07-04,0.8408398634042079,1.5369229266086368,seasonal_naive,CUSCO
2011-07-11,1.1120785290184685,1.3448075607825571,seasonal_naive,CUSCO
2011-07-18,1.356193328071303,1.1801372472173464,seasonal_naive,CUSCO
2011-07-25,1.2205739952641728,1.0978020904347405,seasonal_naive,CUSCO
2011-08-01,1.0578307958956163,1.2899174562608202,seasonal_naive,CUSCO
2011-08-08,1.0035830627727644,1.3722526130434254,seasonal_naive,CUSCO
2011-08-15,1.247697861825599,1.4820328220869,seasonal_naive,CUSCO
2011-08-22,1.1934501287027468,1.4545877698260312,seasonal_naive,CUSCO
2011-08-29,1.247697861825599,1.2075822994782146,seasonal_naive,CUSCO
2011-09-05,1.301945594948451,1.0978020904347405,seasonal_naive,CUSCO
2011-09-12,1.5731842605627115,1.2075822994782146,seasonal_naive,CUSCO
2011-09-19,1.79017519305412,1.6467031356521107,seasonal_naive,CUSCO
2011-09-26,2.007166125545529,1.8113734492173217,seasonal_naive,CUSCO
2011-10-03,2.0342899921069546,1.5918130311303738,seasonal_naive,CUSCO
2011-10-10,1.8444229261769722,1.4820328220868995,seasonal_naive,CUSCO
2011-10-17,1.7359274599312682,1.5918130311303738,seasonal_naive,CUSCO
2011-10-24,1.5731842605627115,1.6741481879129794,seasonal_naive,CUSCO
2011-10-31,1.4646887943170075,1.866263553739059,seasonal_naive,CUSCO
2011-11-07,1.5460603940012856,1.8937086059999275,seasonal_naive,CUSCO
2011-11-14,1.3561933280713034,1.8937086059999275,seasonal_naive,CUSCO
2011-11-21,1.1663262621413206,1.6741481879129794,seasonal_naive,CUSCO
2011-11-28,0.8408398634042079,1.5369229266086368,seasonal_naive,CUSCO
2011-12-05,1.0307069293341904,1.866263553739059,seasonal_naive,CUSCO
2011-12-12,1.1663262621413208,2.003488815043402,seasonal_naive,CUSCO
2011-12-19,1.1934501287027468,2.0034888150434016,seasonal_naive,CUSCO
2011-12-26,1.247697861825599,1.8937086059999275,seasonal_naive,CUSCO
2012-01-02,1.0556345103758071,1.832073601789899,seasonal_naive,CUSCO
2012-01-09,0.9175051369746093,1.6893881835950346,seasonal_naive,CUSCO
2012-01-16,0.5898224527176873,1.3561933280713034,seasonal_naive,CUSCO
2012-01-23,0.9115437905636986,1.4375649277555815,seasonal_naive,CUSCO
2012-01-30,1.0455943479995367,1.247697861825599,seasonal_naive,CUSCO
2012-02-06,1.1260246824610396,1.1120785290184685,seasonal_naive,CUSCO
2012-02-13,0.9115437905636986,0.8137159968427818,seasonal_naive,CUSCO
2012-02-20,0.8311134561021959,0.840839863404208,seasonal_naive,CUSCO
2012-02-27,0.7774932331278607,0.9222114630884861,seasonal_naive,CUSCO
2012-03-05,0.6434426756920226,0.89508759652706,seasonal_naive,CUSCO
2012-03-12,0.7238730101535253,0.9493353296499123,seasonal_naive,CUSCO
2012-03-19,0.8043033446150282,1.1392023955798949,seasonal_naive,CUSCO
2012-03-26,1.0724044594867044,1.1120785290184687,seasonal_naive,CUSCO
2012-04-02,1.1260246824610396,1.1663262621413208,seasonal_naive,CUSCO
2012-04-09,1.1528347939482073,0.9764591962113384,seasonal_naive,CUSCO
2012-04-16,1.2064550169225423,1.0307069293341906,seasonal_naive,CUSCO
2012-04-23,1.1260246824610396,0.7865921302813559,seasonal_naive,CUSCO
2012-04-30,1.0724044594867044,0.9493353296499123,seasonal_naive,CUSCO
2012-05-07,0.9919741250252015,1.0307069293341904,seasonal_naive,CUSCO
2012-05-14,0.9115437905636986,1.2748217283870251,seasonal_naive,CUSCO
2012-05-21,1.0724044594867044,1.301945594948451,seasonal_naive,CUSCO
2012-05-28,0.8043033446150282,1.0849546624570428,seasonal_naive,CUSCO
2012-06-04,0.8847336790765311,0.9764591962113384,seasonal_naive,CUSCO
2012-06-11,0.9651640135380338,0.867963729965634,seasonal_naive,CUSCO
2012-06-18,1.0992145709738719,0.9222114630884861,seasonal_naive,CUSCO
2012-06-25,1.2332651284097098,0.89508759652706,seasonal_naive,CUSCO
2012-07-02,1.4209359088198827,0.8408398634042078,seasonal_naive,CUSCO
2012-07-09,1.7158471351787268,1.1120785290184685,seasonal_naive,CUSCO
2012-07-16,1.849897692614565,1.3561933280713028,seasonal_naive,CUSCO
2012-07-23,1.635416800717224,1.2205739952641728,seasonal_naive,CUSCO
2012-07-30,1.554986466255721,1.0578307958956163,seasonal_naive,CUSCO
2012-08-06,1.6086066892300563,1.0035830627727644,seasonal_naive,CUSCO
2012-08-13,1.5281763547685536,1.247697861825599,seasonal_naive,CUSCO
2012-08-20,1.7694673581530622,1.1934501287027468,seasonal_naive,CUSCO
2012-08-27,1.6890370236915595,1.247697861825599,seasonal_naive,CUSCO
2012-09-03,1.715847135178727,1.301945594948451,seasonal_naive,CUSCO
2012-09-10,1.3136954628712127,1.5731842605627118,seasonal_naive,CUSCO
2012-09-17,1.5817965777428888,1.7901751930541199,seasonal_naive,CUSCO
2012-09-24,1.4209359088198832,2.0071661255455293,seasonal_naive,CUSCO
2012-10-01,1.5817965777428888,2.0342899921069546,seasonal_naive,CUSCO
2012-10-08,1.1796449054353748,1.844422926176972,seasonal_naive,CUSCO
2012-10-15,1.3136954628712127,1.7359274599312682,seasonal_naive,CUSCO
2012-10-22,1.4209359088198832,1.5731842605627118,seasonal_naive,CUSCO
2012-10-29,1.849897692614565,1.4646887943170075,seasonal_naive,CUSCO
2012-11-05,2.037568473024738,1.5460603940012856,seasonal_naive,CUSCO
2012-11-12,1.849897692614565,1.3561933280713034,seasonal_naive,CUSCO
2012-11-19,1.5281763547685536,1.1663262621413206,seasonal_naive,CUSCO
2012-11-26,1.3136954628712127,0.8408398634042078,seasonal_naive,CUSCO
2012-12-03,1.3136954628712127,1.0307069293341904,seasonal_naive,CUSCO
2012-12-10,1.1796449054353746,1.1663262621413208,seasonal_naive,CUSCO
2012-12-17,1.152834793948207,1.1934501287027468,seasonal_naive,CUSCO
2012-12-24,1.152834793948207,1.247697861825599,seasonal_naive,CUSCO
2012-12-31,1.2064550169225423,1.0556345103758071,seasonal_naive,CUSCO
2013-01-07,1.2554768655722575,0.9175051369746093,seasonal_naive,CUSCO
2013-01-14,1.1978713848499183,0.5898224527176873,seasonal_naive,CUSCO
2013-01-21,1.4311918727384185,0.9115437905636986,seasonal_naive,CUSCO
2013-01-28,1.537206085533857,1.0455943479995367,seasonal_naive,CUSCO
2013-02-04,1.537206085533857,1.1260246824610396,seasonal_naive,CUSCO
2013-02-11,0.9806314683578053,0.9115437905636986,seasonal_naive,CUSCO
2013-02-18,1.1926598939486823,0.8311134561021958,seasonal_naive,CUSCO
2013-02-25,1.2721705535452612,0.7774932331278607,seasonal_naive,CUSCO
2013-03-04,1.5107025323349976,0.6434426756920226,seasonal_naive,CUSCO
2013-03-11,1.272170553545261,0.7238730101535252,seasonal_naive,CUSCO
2013-03-18,1.1396527875509632,0.8043033446150282,seasonal_naive,CUSCO
2013-03-25,1.1661563407498228,1.0724044594867044,seasonal_naive,CUSCO
2013-04-01,1.272170553545261,1.1260246824610396,seasonal_naive,CUSCO
2013-04-08,1.4046883195395592,1.1528347939482073,seasonal_naive,CUSCO
2013-04-15,1.139652787550963,1.2064550169225423,seasonal_naive,CUSCO
2013-04-22,0.9541279151589457,1.1260246824610396,seasonal_naive,CUSCO
2013-04-29,0.8216101491646478,1.0724044594867044,seasonal_naive,CUSCO
2013-05-06,0.9806314683578053,0.9919741250252015,seasonal_naive,CUSCO
2013-05-13,0.9276243619600861,0.9115437905636986,seasonal_naive,CUSCO
2013-05-20,1.272170553545261,1.0724044594867044,seasonal_naive,CUSCO
2013-05-27,1.3251776599429803,0.8043033446150282,seasonal_naive,CUSCO
2013-06-03,1.6962274047270147,0.884733679076531,seasonal_naive,CUSCO
2013-06-10,1.6432202983292956,0.9651640135380337,seasonal_naive,CUSCO
2013-06-17,2.01427004311333,1.0992145709738719,seasonal_naive,CUSCO
2013-06-24,1.6432202983292956,1.2332651284097098,seasonal_naive,CUSCO
2013-07-01,1.7757380643235934,1.4209359088198827,seasonal_naive,CUSCO
2013-07-08,1.4046883195395587,1.7158471351787268,seasonal_naive,CUSCO
2013-07-15,1.3781847663406992,1.8498976926145647,seasonal_naive,CUSCO
2013-07-22,1.2986741067441205,1.635416800717224,seasonal_naive,CUSCO
2013-07-29,1.32517765994298,1.554986466255721,seasonal_naive,CUSCO
2013-08-05,1.537206085533857,1.6086066892300563,seasonal_naive,CUSCO
2013-08-12,1.537206085533857,1.5281763547685536,seasonal_naive,CUSCO
2013-08-19,1.8552487239201723,1.7694673581530624,seasonal_naive,CUSCO
2013-08-26,1.6962274047270147,1.6890370236915595,seasonal_naive,CUSCO
2013-09-02,1.537206085533857,1.7158471351787268,seasonal_naive,CUSCO
2013-09-09,1.5372060855338567,1.3136954628712127,seasonal_naive,CUSCO
2013-09-16,1.7492345111247338,1.581796577742889,seasonal_naive,CUSCO
2013-09-23,1.8552487239201723,1.420935908819883,seasonal_naive,CUSCO
2013-09-30,1.6962274047270143,1.581796577742889,seasonal_naive,CUSCO
2013-10-07,1.510702532334997,1.1796449054353748,seasonal_naive,CUSCO
2013-10-14,1.1661563407498223,1.3136954628712127,seasonal_naive,CUSCO
2013-10-21,1.0071350215566646,1.420935908819883,seasonal_naive,CUSCO
2013-10-28,0.848113702363507,1.8498976926145647,seasonal_naive,CUSCO
2013-11-04,0.8481137023635071,2.0375684730247383,seasonal_naive,CUSCO
2013-11-11,0.8481137023635071,1.8498976926145647,seasonal_naive,CUSCO
2013-11-18,1.0336385747555243,1.5281763547685536,seasonal_naive,CUSCO
2013-11-25,1.245667000346401,1.3136954628712127,seasonal_naive,CUSCO
2013-12-02,1.3251776599429799,1.3136954628712127,seasonal_naive,CUSCO
2013-12-09,1.2986741067441203,1.1796449054353746,seasonal_naive,CUSCO
2013-12-16,1.2721705535452605,1.1528347939482073,seasonal_naive,CUSCO
2013-12-23,1.2721705535452605,1.1528347939482073,seasonal_naive,CUSCO
2013-12-30,1.0866456811532434,1.2064550169225423,seasonal_naive,CUSCO
2014-01-06,1.0818513210457843,1.2554768655722575,seasonal_naive,CUSCO
2014-01-13,0.8933299735866053,1.1978713848499183,seasonal_naive,CUSCO
2014-01-20,1.2577874732228835,1.4311918727384185,seasonal_naive,CUSCO
2014-01-27,1.336399190299314,1.537206085533857,seasonal_naive,CUSCO
2014-02-03,1.2577874732228838,1.537206085533857,seasonal_naive,CUSCO
2014-02-10,1.0481562276857364,0.9806314683578052,seasonal_naive,CUSCO
2014-02-17,0.9171366992250193,1.1926598939486823,seasonal_naive,CUSCO
2014-02-24,1.0743601333778798,1.2721705535452612,seasonal_naive,CUSCO
2014-03-03,1.100564039070023,1.5107025323349976,seasonal_naive,CUSCO
2014-03-10,0.9957484163014496,1.272170553545261,seasonal_naive,CUSCO
2014-03-17,0.9433406049171627,1.1396527875509632,seasonal_naive,CUSCO
2014-03-24,0.8909327935328758,1.1661563407498228,seasonal_naive,CUSCO
2014-03-31,1.0743601333778798,1.272170553545261,seasonal_naive,CUSCO
2014-04-07,1.0481562276857364,1.4046883195395592,seasonal_naive,CUSCO
2014-04-14,1.1267679447621666,1.139652787550963,seasonal_naive,CUSCO
2014-04-21,0.9433406049171627,0.9541279151589457,seasonal_naive,CUSCO
2014-04-28,1.021952321993593,0.8216101491646478,seasonal_naive,CUSCO
2014-05-05,0.8385249821485891,0.9806314683578052,seasonal_naive,CUSCO
2014-05-12,0.707505453687872,0.927624361960086,seasonal_naive,CUSCO
2014-05-19,0.5764859252271549,1.272170553545261,seasonal_naive,CUSCO
2014-05-26,0.5502820195350114,1.3251776599429803,seasonal_naive,CUSCO
2014-06-02,0.6550976423035851,1.6962274047270147,seasonal_naive,CUSCO
2014-06-09,0.7599132650721588,1.6432202983292956,seasonal_naive,CUSCO
2014-06-16,0.6550976423035851,2.01427004311333,seasonal_naive,CUSCO
2014-06-23,0.9433406049171627,1.6432202983292956,seasonal_naive,CUSCO
2014-06-30,1.0481562276857364,1.7757380643235934,seasonal_naive,CUSCO
2014-07-07,1.336399190299314,1.4046883195395587,seasonal_naive,CUSCO
2014-07-14,1.1529718504543098,1.3781847663406992,seasonal_naive,CUSCO
2014-07-21,1.1005640390700233,1.2986741067441205,seasonal_naive,CUSCO
2014-07-28,1.0743601333778798,1.32517765994298,seasonal_naive,CUSCO
2014-08-04,1.336399190299314,1.537206085533857,seasonal_naive,CUSCO
2014-08-11,1.6246421529128916,1.537206085533857,seasonal_naive,CUSCO
2014-08-18,1.8080694927578953,1.8552487239201725,seasonal_naive,CUSCO
2014-08-25,1.6246421529128916,1.6962274047270147,seasonal_naive,CUSCO
2014-09-01,1.4412148130678875,1.537206085533857,seasonal_naive,CUSCO
2014-09-08,1.3101952846071703,1.537206085533857,seasonal_naive,CUSCO
2014-09-15,1.4150109073757442,1.749234511124734,seasonal_naive,CUSCO
2014-09-22,1.3626030959914572,1.8552487239201725,seasonal_naive,CUSCO
2014-09-29,1.4936226244521744,1.6962274047270143,seasonal_naive,CUSCO
2014-10-06,1.2315835675307403,1.5107025323349967,seasonal_naive,CUSCO
2014-10-13,1.1529718504543103,1.1661563407498223,seasonal_naive,CUSCO
2014-10-20,0.9957484163014495,1.0071350215566646,seasonal_naive,CUSCO
2014-10-27,1.205379661838597,0.8481137023635071,seasonal_naive,CUSCO
2014-11-03,1.2315835675307403,0.8481137023635071,seasonal_naive,CUSCO
2014-11-10,1.336399190299314,0.8481137023635071,seasonal_naive,CUSCO
2014-11-17,1.1529718504543098,1.0336385747555241,seasonal_naive,CUSCO
2014-11-24,1.15297185045431,1.245667000346401,seasonal_naive,CUSCO
2014-12-01,0.8909327935328758,1.3251776599429799,seasonal_naive,CUSCO
2014-12-08,0.8909327935328758,1.2986741067441203,seasonal_naive,CUSCO
2014-12-15,0.9433406049171627,1.2721705535452605,seasonal_naive,CUSCO
2014-12-22,1.0219523219935929,1.2721705535452605,seasonal_naive,CUSCO
2014-12-29,1.283991378915027,1.0866456811532434,seasonal_naive,CUSCO
2015-01-05,1.357037090394983,1.0818513210457843,seasonal_naive,CUSCO
2015-01-12,1.5348984246435124,0.8933299735866053,seasonal_naive,CUSCO
2015-01-19,1.1659931113126982,1.2577874732228835,seasonal_naive,CUSCO
2015-01-26,1.0364383211668426,1.336399190299314,seasonal_naive,CUSCO
2015-02-02,0.803239698904303,1.2577874732228838,seasonal_naive,CUSCO
2015-02-09,0.751417782845961,1.0481562276857364,seasonal_naive,CUSCO
2015-02-16,0.5182191605834213,0.9171366992250193,seasonal_naive,CUSCO
2015-02-23,0.6477739507292767,1.0743601333778798,seasonal_naive,CUSCO
2015-03-02,0.8032396989043032,1.100564039070023,seasonal_naive,CUSCO
2015-03-09,0.8550616149626453,0.9957484163014496,seasonal_naive,CUSCO
2015-03-16,0.6736849087584478,0.9433406049171627,seasonal_naive,CUSCO
2015-03-23,0.6477739507292767,0.8909327935328758,seasonal_naive,CUSCO
2015-03-30,0.6736849087584478,1.0743601333778798,seasonal_naive,CUSCO
2015-04-06,0.9587054470793296,1.0481562276857364,seasonal_naive,CUSCO
2015-04-13,1.165993111312698,1.1267679447621666,seasonal_naive,CUSCO
2015-04-20,1.2178150273710404,0.9433406049171627,seasonal_naive,CUSCO
2015-04-27,0.9327944890501585,1.021952321993593,seasonal_naive,CUSCO
2015-05-04,0.751417782845961,0.8385249821485891,seasonal_naive,CUSCO
2015-05-11,1.114171195254356,0.707505453687872,seasonal_naive,CUSCO
2015-05-18,1.140082153283527,0.5764859252271549,seasonal_naive,CUSCO
2015-05-25,1.2955479014585534,0.5502820195350114,seasonal_naive,CUSCO
2015-06-01,0.9846164051085005,0.6550976423035851,seasonal_naive,CUSCO
2015-06-08,1.3732807755460668,0.759913265072159,seasonal_naive,CUSCO
2015-06-15,1.5546574817502643,0.6550976423035851,seasonal_naive,CUSCO
2015-06-22,1.9174108941586592,0.9433406049171627,seasonal_naive,CUSCO
2015-06-29,1.9692328102170016,1.0481562276857364,seasonal_naive,CUSCO
2015-07-06,1.7101232299252904,1.336399190299314,seasonal_naive,CUSCO
2015-07-13,1.528746523721093,1.1529718504543096,seasonal_naive,CUSCO
2015-07-20,1.3991917335752377,1.1005640390700233,seasonal_naive,CUSCO
2015-07-27,1.554657481750264,1.0743601333778798,seasonal_naive,CUSCO
2015-08-03,1.3991917335752377,1.336399190299314,seasonal_naive,CUSCO
2015-08-10,1.3473698175168956,1.6246421529128916,seasonal_naive,CUSCO
2015-08-17,1.0364383211668426,1.8080694927578953,seasonal_naive,CUSCO
2015-08-24,1.0623492791960139,1.6246421529128916,seasonal_naive,CUSCO
2015-08-31,0.8809725729918162,1.4412148130678875,seasonal_naive,CUSCO
2015-09-07,1.165993111312698,1.3101952846071703,seasonal_naive,CUSCO
2015-09-14,1.0623492791960139,1.4150109073757442,seasonal_naive,CUSCO
2015-09-21,1.2437259854002114,1.3626030959914572,seasonal_naive,CUSCO
2015-09-28,1.140082153283527,1.4936226244521742,seasonal_naive,CUSCO
2015-10-05,1.1141711952543558,1.2315835675307403,seasonal_naive,CUSCO
2015-10-12,0.9327944890501584,1.1529718504543103,seasonal_naive,CUSCO
2015-10-19,0.7255068248167897,0.9957484163014494,seasonal_naive,CUSCO
2015-10-26,0.803239698904303,1.205379661838597,seasonal_naive,CUSCO
2015-11-02,0.803239698904303,1.2315835675307403,seasonal_naive,CUSCO
2015-11-09,0.8550616149626452,1.336399190299314,seasonal_naive,CUSCO
2015-11-16,1.2437259854002114,1.1529718504543096,seasonal_naive,CUSCO
2015-11-23,1.425102691604409,1.15297185045431,seasonal_naive,CUSCO
2015-11-30,1.5028355656919221,0.8909327935328758,seasonal_naive,CUSCO
2015-12-07,1.140082153283527,0.8909327935328758,seasonal_naive,CUSCO
2015-12-14,0.9327944890501584,0.9433406049171627,seasonal_naive,CUSCO
2015-12-21,1.1919040693418692,1.0219523219935929,seasonal_naive,CUSCO
2015-12-28,0.8550616149626453,1.283991378915027,seasonal_naive,CUSCO
2016-01-04,1.1081557381138298,1.3570370903949829,seasonal_naive,CUSCO
2016-01-11,0.9737312921875486,1.5348984246435124,seasonal_naive,CUSCO
2016-01-18,1.4349724305921772,1.1659931113126982,seasonal_naive,CUSCO
2016-01-25,1.1787273537007168,1.0364383211668426,seasonal_naive,CUSCO
2016-02-01,1.0249803075658406,0.803239698904303,seasonal_naive,CUSCO
2016-02-08,0.7943597383635265,0.751417782845961,seasonal_naive,CUSCO
2016-02-15,0.8199842460526726,0.5182191605834213,seasonal_naive,CUSCO
2016-02-22,0.7943597383635265,0.6477739507292767,seasonal_naive,CUSCO
2016-02-29,0.8199842460526726,0.8032396989043032,seasonal_naive,CUSCO
2016-03-07,0.9224822768092565,0.8550616149626453,seasonal_naive,CUSCO
2016-03-14,1.2043518613898627,0.6736849087584479,seasonal_naive,CUSCO
2016-03-21,1.281225384457301,0.6477739507292767,seasonal_naive,CUSCO
2016-03-28,1.383723415213885,0.6736849087584479,seasonal_naive,CUSCO
2016-04-04,1.281225384457301,0.9587054470793295,seasonal_naive,CUSCO
2016-04-11,1.358098907524739,1.165993111312698,seasonal_naive,CUSCO
2016-04-18,1.2556008767681548,1.2178150273710404,seasonal_naive,CUSCO
2016-04-25,1.281225384457301,0.9327944890501585,seasonal_naive,CUSCO
2016-05-02,1.2556008767681548,0.751417782845961,seasonal_naive,CUSCO
2016-05-09,1.281225384457301,1.114171195254356,seasonal_naive,CUSCO
2016-05-16,1.3324743998355928,1.140082153283527,seasonal_naive,CUSCO
2016-05-23,1.3068498921464469,1.2955479014585534,seasonal_naive,CUSCO
2016-05-30,1.537470461348761,0.9846164051085005,seasonal_naive,CUSCO
2016-06-06,1.5374704613487609,1.3732807755460668,seasonal_naive,CUSCO
2016-06-13,1.537470461348761,1.5546574817502643,seasonal_naive,CUSCO
2016-06-20,1.2812253844573007,1.9174108941586592,seasonal_naive,CUSCO
2016-06-27,1.588719476727053,1.9692328102170016,seasonal_naive,CUSCO
2016-07-04,2.12683413819912,1.7101232299252904,seasonal_naive,CUSCO
2016-07-11,2.434328230468872,1.528746523721093,seasonal_naive,CUSCO
2016-07-18,2.0755851228208275,1.3991917335752377,seasonal_naive,CUSCO
2016-07-25,1.8962135689968054,1.554657481750264,seasonal_naive,CUSCO
2016-08-01,2.0755851228208275,1.3991917335752377,seasonal_naive,CUSCO
2016-08-08,2.3062056920231417,1.3473698175168956,seasonal_naive,CUSCO
2016-08-15,2.2293321689557035,1.0364383211668426,seasonal_naive,CUSCO
2016-08-22,1.9218380766859517,1.0623492791960139,seasonal_naive,CUSCO
2016-08-29,1.6912175074836373,0.8809725729918163,seasonal_naive,CUSCO
2016-09-05,1.588719476727053,1.165993111312698,seasonal_naive,CUSCO
2016-09-12,1.6143439844161993,1.0623492791960139,seasonal_naive,CUSCO
2016-09-19,1.6399684921053452,1.2437259854002114,seasonal_naive,CUSCO
2016-09-26,1.8193400459293674,1.140082153283527,seasonal_naive,CUSCO
2016-10-03,1.716842015172783,1.1141711952543558,seasonal_naive,CUSCO
2016-10-10,1.844964553618513,0.9327944890501583,seasonal_naive,CUSCO
2016-10-17,1.844964553618513,0.7255068248167899,seasonal_naive,CUSCO
2016-10-24,1.716842015172783,0.803239698904303,seasonal_naive,CUSCO
2016-10-31,1.4605969382813226,0.803239698904303,seasonal_naive,CUSCO
2016-11-07,1.2043518613898625,0.8550616149626451,seasonal_naive,CUSCO
2016-11-14,1.3837234152138846,1.2437259854002114,seasonal_naive,CUSCO
2016-11-21,1.4349724305921765,1.425102691604409,seasonal_naive,CUSCO
2016-11-28,1.716842015172783,1.5028355656919223,seasonal_naive,CUSCO
2016-12-05,1.5374704613487609,1.140082153283527,seasonal_naive,CUSCO
2016-12-12,1.6399684921053448,0.9327944890501583,seasonal_naive,CUSCO
2016-12-19,1.5374704613487609,1.1919040693418692,seasonal_naive,CUSCO
2016-12-26,1.691217507483637,0.8550616149626453,seasonal_naive,CUSCO
2017-01-02,1.76164630769067,1.1081557381138298,seasonal_naive,CUSCO
2017-01-09,1.526542453020248,0.9737312921875486,seasonal_naive,CUSCO
2017-01-16,1.4953138384959672,1.4349724305921772,seasonal_naive,CUSCO
2017-01-23,1.39393662910641,1.1787273537007168,seasonal_naive,CUSCO
2017-01-30,1.5206581408433564,1.0249803075658406,seasonal_naive,CUSCO
2017-02-06,1.622035350232914,0.7943597383635266,seasonal_naive,CUSCO
2017-02-13,1.6473796525803028,0.8199842460526726,seasonal_naive,CUSCO
2017-02-20,1.6473796525803028,0.7943597383635266,seasonal_naive,CUSCO
2017-02-27,1.4192809314537993,0.8199842460526726,seasonal_naive,CUSCO
2017-03-06,1.2672151173694637,0.9224822768092564,seasonal_naive,CUSCO
2017-03-13,1.1404936056325172,1.2043518613898627,seasonal_naive,CUSCO
2017-03-20,1.0644606985903493,1.281225384457301,seasonal_naive,CUSCO
2017-03-27,1.2925594197168528,1.383723415213885,seasonal_naive,CUSCO
2017-04-03,1.4192809314537993,1.281225384457301,seasonal_naive,CUSCO
2017-04-10,1.6220353502329135,1.358098907524739,seasonal_naive,CUSCO
2017-04-17,1.4446252338011885,1.2556008767681548,seasonal_naive,CUSCO
2017-04-24,1.4446252338011887,1.281225384457301,seasonal_naive,CUSCO
2017-05-01,1.4192809314537993,1.2556008767681548,seasonal_naive,CUSCO
2017-05-08,1.3432480244116316,1.281225384457301,seasonal_naive,CUSCO
2017-05-15,1.4192809314537993,1.3324743998355928,seasonal_naive,CUSCO
2017-05-22,1.5206581408433564,1.3068498921464469,seasonal_naive,CUSCO
2017-05-29,1.5460024431907458,1.537470461348761,seasonal_naive,CUSCO
2017-06-05,1.4192809314537993,1.5374704613487609,seasonal_naive,CUSCO
2017-06-12,1.4446252338011885,1.537470461348761,seasonal_naive,CUSCO
2017-06-19,1.6473796525803028,1.2812253844573007,seasonal_naive,CUSCO
2017-06-26,1.850134071359417,1.588719476727053,seasonal_naive,CUSCO
2017-07-03,2.382364420654592,2.1268341381991194,seasonal_naive,CUSCO
2017-07-10,2.3063315136124243,2.434328230468872,seasonal_naive,CUSCO
2017-07-17,2.483741630044149,2.0755851228208275,seasonal_naive,CUSCO
2017-07-24,2.1796100018754774,1.8962135689968052,seasonal_naive,CUSCO
2017-07-31,2.1796100018754774,2.0755851228208275,seasonal_naive,CUSCO
2017-08-07,2.0021998854437526,2.3062056920231417,seasonal_naive,CUSCO
2017-08-14,1.6980682572750814,2.2293321689557035,seasonal_naive,CUSCO
2017-08-21,1.850134071359417,1.9218380766859517,seasonal_naive,CUSCO
2017-08-28,1.7741011643172493,1.6912175074836373,seasonal_naive,CUSCO
2017-09-04,1.7994454666646387,1.588719476727053,seasonal_naive,CUSCO
2017-09-11,1.672723954927692,1.6143439844161993,seasonal_naive,CUSCO
2017-09-18,1.6473796525803028,1.6399684921053452,seasonal_naive,CUSCO
2017-09-25,1.850134071359417,1.8193400459293676,seasonal_naive,CUSCO
2017-10-02,2.027544187791142,1.716842015172783,seasonal_naive,CUSCO
2017-10-09,2.0021998854437526,1.8449645536185129,seasonal_naive,CUSCO
2017-10-16,1.7994454666646387,1.8449645536185129,seasonal_naive,CUSCO
2017-10-23,1.7741011643172493,1.716842015172783,seasonal_naive,CUSCO
2017-10-30,1.672723954927692,1.4605969382813224,seasonal_naive,CUSCO
2017-11-06,1.7234125596224708,1.2043518613898625,seasonal_naive,CUSCO
2017-11-13,1.6473796525803028,1.3837234152138849,seasonal_naive,CUSCO
2017-11-20,1.824789769012028,1.4349724305921765,seasonal_naive,CUSCO
2017-11-27,2.027544187791142,1.716842015172783,seasonal_naive,CUSCO
2017-12-04,2.0528884901385314,1.5374704613487609,seasonal_naive,CUSCO
2017-12-11,2.10357709483331,1.6399684921053448,seasonal_naive,CUSCO
2017-12-18,1.6980682572750814,1.5374704613487609,seasonal_naive,CUSCO
2017-12-25,1.6473796525803028,1.6912175074836373,seasonal_naive,CUSCO
2018-01-01,1.6446280205631993,1.7616463076906699,seasonal_naive,CUSCO
2018-01-08,2.3497843452251908,1.526542453020248,seasonal_naive,CUSCO
2018-01-15,2.524239005045953,1.4953138384959672,seasonal_naive,CUSCO
2018-01-22,2.5747237851468725,1.39393662910641,seasonal_naive,CUSCO
2018-01-29,2.044633594087222,1.5206581408433564,seasonal_naive,CUSCO
2018-02-05,1.8931792537844647,1.6220353502329141,seasonal_naive,CUSCO
2018-02-12,1.716482523431248,1.647379652580303,seasonal_naive,CUSCO
2018-02-19,1.4135738428257334,1.647379652580303,seasonal_naive,CUSCO
2018-02-26,1.3883314527752741,1.4192809314537993,seasonal_naive,CUSCO
2018-03-05,1.3630890627248144,1.2672151173694637,seasonal_naive,CUSCO
2018-03-12,1.766967303532167,1.1404936056325172,seasonal_naive,CUSCO
2018-03-19,1.7164825234312477,1.0644606985903493,seasonal_naive,CUSCO
2018-03-26,1.9689064239358434,1.2925594197168528,seasonal_naive,CUSCO
2018-04-02,1.6912401333807885,1.4192809314537993,seasonal_naive,CUSCO
2018-04-09,1.9436640338853841,1.6220353502329135,seasonal_naive,CUSCO
2018-04-16,1.8174520836330863,1.4446252338011885,seasonal_naive,CUSCO
2018-04-23,2.0698759841376813,1.4446252338011887,seasonal_naive,CUSCO
2018-04-30,1.7164825234312477,1.4192809314537993,seasonal_naive,CUSCO
2018-05-07,1.489301012977112,1.3432480244116316,seasonal_naive,CUSCO
2018-05-14,1.5145434030275713,1.4192809314537993,seasonal_naive,CUSCO
2018-05-21,1.7417249134817074,1.5206581408433564,seasonal_naive,CUSCO
2018-05-28,2.1456031542890597,1.546002443190746,seasonal_naive,CUSCO
2018-06-04,2.2718151045413575,1.4192809314537993,seasonal_naive,CUSCO
2018-06-11,2.9887772096541014,1.4446252338011885,seasonal_naive,CUSCO
2018-06-18,3.1149891599063992,1.647379652580303,seasonal_naive,CUSCO
2018-06-25,3.518867400713752,1.8501340713594172,seasonal_naive,CUSCO
2018-07-02,3.1048139762065223,2.382364420654592,seasonal_naive,CUSCO
2018-07-09,3.029086806055144,2.3063315136124247,seasonal_naive,CUSCO
2018-07-16,2.70093573539917,2.483741630044149,seasonal_naive,CUSCO
2018-07-23,2.6756933453487104,2.1796100018754774,seasonal_naive,CUSCO
2018-07-30,2.625208565247791,2.1796100018754774,seasonal_naive,CUSCO
2018-08-06,2.801905295601008,2.0021998854437526,seasonal_naive,CUSCO
2018-08-13,2.7766629055505483,1.6980682572750814,seasonal_naive,CUSCO
2018-08-20,2.72617812544963,1.8501340713594172,seasonal_naive,CUSCO
2018-08-27,2.473754224945034,1.774101164317249,seasonal_naive,CUSCO
2018-09-03,2.0193912040367628,1.7994454666646387,seasonal_naive,CUSCO
2018-09-10,1.9689064239358434,1.6727239549276922,seasonal_naive,CUSCO
2018-09-17,1.7417249134817077,1.647379652580303,seasonal_naive,CUSCO
2018-09-24,1.9436640338853841,1.8501340713594172,seasonal_naive,CUSCO
2018-10-01,1.8426944736835458,2.027544187791142,seasonal_naive,CUSCO
2018-10-08,1.665997743330329,2.0021998854437526,seasonal_naive,CUSCO
2018-10-15,1.665997743330329,1.7994454666646387,seasonal_naive,CUSCO
2018-10-22,1.665997743330329,1.774101164317249,seasonal_naive,CUSCO
2018-10-29,1.8426944736835458,1.6727239549276922,seasonal_naive,CUSCO
2018-11-05,1.9941488139863033,1.7234125596224705,seasonal_naive,CUSCO
2018-11-12,2.1708455443395196,1.647379652580303,seasonal_naive,CUSCO
2018-11-19,2.347542274692737,1.8247897690120278,seasonal_naive,CUSCO
2018-11-26,2.221330324440439,2.027544187791142,seasonal_naive,CUSCO
2018-12-03,1.8679368637340052,2.052888490138532,seasonal_naive,CUSCO
2018-12-10,1.5397857930780312,2.10357709483331,seasonal_naive,CUSCO
2018-12-17,1.1359075522706787,1.6980682572750814,seasonal_naive,CUSCO
2018-12-24,1.1611499423211384,1.647379652580303,seasonal_naive,CUSCO
2018-12-31,1.2116347224220574,1.6446280205631996,seasonal_naive,CUSCO
2019-01-07,1.4316865024751626,2.349784345225191,seasonal_naive,CUSCO
2019-01-14,1.6483610418119896,2.524239005045953,seasonal_naive,CUSCO
2019-01-21,1.8401684400668323,2.5747237851468725,seasonal_naive,CUSCO
2019-01-28,1.9147698633127852,2.044633594087222,seasonal_naive,CUSCO
2019-02-04,1.8153012989848485,1.8931792537844645,seasonal_naive,CUSCO
2019-02-11,1.5914970292469903,1.7164825234312482,seasonal_naive,CUSCO
2019-02-18,1.5417627470830222,1.4135738428257334,seasonal_naive,CUSCO
2019-02-25,1.7158327346569113,1.3883314527752741,seasonal_naive,CUSCO
2019-03-04,1.9147698633127854,1.3630890627248144,seasonal_naive,CUSCO
2019-03-11,1.8650355811488168,1.766967303532167,seasonal_naive,CUSCO
2019-03-18,1.6412313114109587,1.7164825234312477,seasonal_naive,CUSCO
2019-03-25,1.4920284649190532,1.9689064239358434,seasonal_naive,CUSCO
2019-04-01,1.59149702924699,1.6912401333807885,seasonal_naive,CUSCO
2019-04-08,1.6909655935749273,1.9436640338853841,seasonal_naive,CUSCO
2019-04-15,1.6163641703289746,1.817452083633086,seasonal_naive,CUSCO
2019-04-22,1.6163641703289746,2.069875984137681,seasonal_naive,CUSCO
2019-04-29,1.4920284649190532,1.7164825234312477,seasonal_naive,CUSCO
2019-05-06,1.6163641703289742,1.489301012977112,seasonal_naive,CUSCO
2019-05-13,1.7655670168208797,1.5145434030275715,seasonal_naive,CUSCO
2019-05-20,1.7904341579028642,1.7417249134817072,seasonal_naive,CUSCO
2019-05-27,1.9396370043947695,2.1456031542890597,seasonal_naive,CUSCO
2019-06-03,1.9147698633127852,2.271815104541358,seasonal_naive,CUSCO
2019-06-10,2.1137069919686593,2.9887772096541014,seasonal_naive,CUSCO
2019-06-17,2.163441274132628,3.1149891599063997,seasonal_naive,CUSCO
2019-06-24,2.436979826034454,3.5188674007137526,seasonal_naive,CUSCO
2019-07-01,2.7602526601002495,3.1048139762065228,seasonal_naive,CUSCO
2019-07-08,2.735385519018265,3.029086806055144,seasonal_naive,CUSCO
2019-07-15,2.8099869422642176,2.70093573539917,seasonal_naive,CUSCO
2019-07-22,3.0835254941660444,2.67569334534871,seasonal_naive,CUSCO
2019-07-29,3.3570640460678707,2.625208565247791,seasonal_naive,CUSCO
2019-08-05,3.406798328231839,2.801905295601008,seasonal_naive,CUSCO
2019-08-12,2.8099869422642176,2.7766629055505483,seasonal_naive,CUSCO
2019-08-19,2.6110498136083438,2.72617812544963,seasonal_naive,CUSCO
2019-08-26,2.312644120624533,2.4737542249450337,seasonal_naive,CUSCO
2019-09-02,2.138574133050644,2.0193912040367628,seasonal_naive,CUSCO
2019-09-09,2.0142384276407226,1.9689064239358434,seasonal_naive,CUSCO
2019-09-16,1.8650355811488175,1.7417249134817077,seasonal_naive,CUSCO
2019-09-23,1.9893712865587385,1.9436640338853841,seasonal_naive,CUSCO
2019-09-30,1.964504145476754,1.842694473683546,seasonal_naive,CUSCO
2019-10-07,1.9396370043947702,1.665997743330329,seasonal_naive,CUSCO
2019-10-14,2.039105568722707,1.665997743330329,seasonal_naive,CUSCO
2019-10-21,1.964504145476754,1.665997743330329,seasonal_naive,CUSCO
2019-10-28,2.0142384276407226,1.842694473683546,seasonal_naive,CUSCO
2019-11-04,1.7655670168208804,1.994148813986303,seasonal_naive,CUSCO
2019-11-11,1.7158327346569118,2.1708455443395196,seasonal_naive,CUSCO
2019-11-18,1.7158327346569118,2.3475422746927364,seasonal_naive,CUSCO
2019-11-25,1.7904341579028644,2.221330324440439,seasonal_naive,CUSCO
2019-12-02,1.8899027222308016,1.867936863734005,seasonal_naive,CUSCO
2019-12-09,2.063972709804691,1.5397857930780312,seasonal_naive,CUSCO
2019-12-16,2.138574133050644,1.1359075522706787,seasonal_naive,CUSCO
2019-12-23,2.0639727098046907,1.1611499423211384,seasonal_naive,CUSCO
2019-12-30,1.6163641703289748,1.2116347224220574,seasonal_naive,CUSCO
2020-01-06,1.6815258008843887,1.4316865024751628,seasonal_naive,CUSCO
2020-01-13,1.7976397513702924,1.6483610418119898,seasonal_naive,CUSCO
2020-01-20,2.0632610577897315,1.8401684400668326,seasonal_naive,CUSCO
2020-01-27,1.891322636307254,1.9147698633127852,seasonal_naive,CUSCO
2020-02-03,1.7193842148247764,1.8153012989848487,seasonal_naive,CUSCO
2020-02-10,1.5228831617019447,1.5914970292469903,seasonal_naive,CUSCO
2020-02-17,1.4246326351405287,1.5417627470830222,seasonal_naive,CUSCO
2020-02-24,1.473757898421237,1.7158327346569116,seasonal_naive,CUSCO
2020-03-02,1.793072109745838,1.9147698633127852,seasonal_naive,CUSCO
2020-03-09,1.965010531228316,1.865035581148817,seasonal_naive,CUSCO
2020-03-16,1.8667600046669,1.6412313114109587,seasonal_naive,CUSCO
2020-03-23,1.5720084249826527,1.4920284649190532,seasonal_naive,CUSCO
2020-03-30,1.2526942136580512,1.59149702924699,seasonal_naive,CUSCO
2020-04-06,1.1053184238159275,1.6909655935749273,seasonal_naive,CUSCO
2020-04-13,1.0316305288948657,1.6163641703289746,seasonal_naive,CUSCO
2020-04-20,0.9825052656141576,1.6163641703289746,seasonal_naive,CUSCO
2020-04-27,0.884254739052742,1.4920284649190532,seasonal_naive,CUSCO
2020-05-04,0.7614415808509722,1.6163641703289742,seasonal_naive,CUSCO
2020-05-11,0.6140657910088486,1.7655670168208795,seasonal_naive,CUSCO
2020-05-18,0.6386284226492025,1.7904341579028644,seasonal_naive,CUSCO
2020-05-25,0.6386284226492025,1.9396370043947695,seasonal_naive,CUSCO
2020-06-01,0.7123163175702644,1.9147698633127852,seasonal_naive,CUSCO
2020-06-08,0.6631910542895564,2.113706991968659,seasonal_naive,CUSCO
2020-06-15,0.6877536859299104,2.163441274132628,seasonal_naive,CUSCO
2020-06-22,0.6877536859299104,2.436979826034454,seasonal_naive,CUSCO
2020-06-29,0.9579426339738039,2.760252660100249,seasonal_naive,CUSCO
2020-07-06,1.1298810554562815,2.7353855190182657,seasonal_naive,CUSCO
2020-07-13,1.5228831617019445,2.8099869422642176,seasonal_naive,CUSCO
2020-07-20,2.1615115843511474,3.083525494166044,seasonal_naive,CUSCO
2020-07-27,3.0428434395586543,3.3570640460678707,seasonal_naive,CUSCO
2020-08-03,3.7767995049240386,3.4067983282318393,seasonal_naive,CUSCO
2020-08-10,3.948737926406516,2.8099869422642176,seasonal_naive,CUSCO
2020-08-17,3.9487379264065154,2.6110498136083438,seasonal_naive,CUSCO
2020-08-24,3.9487379264065154,2.312644120624533,seasonal_naive,CUSCO
2020-08-31,3.8504873998451004,2.138574133050644,seasonal_naive,CUSCO
2020-09-07,3.5832213356464417,2.0142384276407226,seasonal_naive,CUSCO
2020-09-14,2.947515796842474,1.8650355811488177,seasonal_naive,CUSCO
2020-09-21,2.5545136905968104,1.9893712865587383,seasonal_naive,CUSCO
2020-09-28,2.0878236894300852,1.9645041454767538,seasonal_naive,CUSCO
2020-10-05,1.8913226363072537,1.9396370043947702,seasonal_naive,CUSCO
2020-10-12,1.5228831617019445,2.039105568722707,seasonal_naive,CUSCO
2020-10-19,1.4000700035001747,1.9645041454767538,seasonal_naive,CUSCO
2020-10-26,1.4000700035001747,2.0142384276407226,seasonal_naive,CUSCO
2020-11-02,1.350944740219467,1.7655670168208806,seasonal_naive,CUSCO
2020-11-09,1.3263821085791128,1.7158327346569118,seasonal_naive,CUSCO
2020-11-16,1.301819476938759,1.7158327346569118,seasonal_naive,CUSCO
2020-11-23,1.5228831617019445,1.7904341579028644,seasonal_naive,CUSCO
2020-11-30,1.5720084249826523,1.8899027222308018,seasonal_naive,CUSCO
2020-12-07,1.5474457933422983,2.063972709804691,seasonal_naive,CUSCO
2020-12-14,1.4000700035001747,2.138574133050644,seasonal_naive,CUSCO
2020-12-21,1.3755073718598207,2.0639727098046907,seasonal_naive,CUSCO
2020-12-28,1.1790063187369892,1.6163641703289748,seasonal_naive,CUSCO
2021-01-04,1.3697442800603732,1.6815258008843887,seasonal_naive,CUSCO
2021-01-11,1.778779642083208,1.7976397513702922,seasonal_naive,CUSCO
2021-01-18,2.287218149027348,2.063261057789732,seasonal_naive,CUSCO
2021-01-25,2.700863984489741,1.8913226363072542,seasonal_naive,CUSCO
2021-02-01,3.1145098199521333,1.7193842148247762,seasonal_naive,CUSCO
2021-02-08,3.576819871351278,1.5228831617019447,seasonal_naive,CUSCO
2021-02-15,3.902893193053717,1.4246326351405287,seasonal_naive,CUSCO
2021-02-22,3.7325684372750847,1.473757898421237,seasonal_naive,CUSCO
2021-03-01,3.5135794655596997,1.793072109745838,seasonal_naive,CUSCO
2021-03-08,2.9685171721418766,1.9650105312283157,seasonal_naive,CUSCO
2021-03-15,2.8955208482367483,1.8667600046668997,seasonal_naive,CUSCO
2021-03-22,3.2118382518256374,1.5720084249826527,seasonal_naive,CUSCO
2021-03-29,3.6011519793196545,1.2526942136580512,seasonal_naive,CUSCO
2021-04-05,3.576819871351278,1.1053184238159273,seasonal_naive,CUSCO
2021-04-12,3.5865757894648276,1.0316305288948657,seasonal_naive,CUSCO
2021-04-19,3.742324355388634,0.9825052656141577,seasonal_naive,CUSCO
2021-04-26,3.9856454350723944,0.884254739052742,seasonal_naive,CUSCO
2021-05-03,3.7325684372750842,0.7614415808509722,seasonal_naive,CUSCO
2021-05-10,3.601151979319654,0.6140657910088486,seasonal_naive,CUSCO
2021-05-17,3.406495115572646,0.6386284226492025,seasonal_naive,CUSCO
2021-05-24,3.6011519793196545,0.6386284226492025,seasonal_naive,CUSCO
2021-05-31,3.479491439477774,0.7123163175702645,seasonal_naive,CUSCO
2021-06-07,3.333498791667518,0.6631910542895564,seasonal_naive,CUSCO
2021-06-14,2.6278676605846125,0.6877536859299104,seasonal_naive,CUSCO
2021-06-21,1.9952328534068353,0.6877536859299104,seasonal_naive,CUSCO
2021-06-28,1.5085906940393141,0.9579426339738037,seasonal_naive,CUSCO
2021-07-05,1.3139338302923058,1.1298810554562815,seasonal_naive,CUSCO
2021-07-12,1.0949448585769215,1.5228831617019445,seasonal_naive,CUSCO
2021-07-19,1.1192769665452975,2.161511584351147,seasonal_naive,CUSCO
2021-07-26,1.1192769665452973,3.0428434395586543,seasonal_naive,CUSCO
2021-08-02,1.0462806426401692,3.776799504924038,seasonal_naive,CUSCO
2021-08-09,1.0219485346717934,3.9487379264065163,seasonal_naive,CUSCO
2021-08-16,0.9732843187350412,3.948737926406515,seasonal_naive,CUSCO
2021-08-23,1.240937506387178,3.948737926406515,seasonal_naive,CUSCO
2021-08-30,1.2652696143555537,3.850487399845101,seasonal_naive,CUSCO
2021-09-06,1.2652696143555537,3.583221335646442,seasonal_naive,CUSCO
2021-09-13,1.4355943701341858,2.9475157968424743,seasonal_naive,CUSCO
2021-09-20,1.5572549099760664,2.5545136905968104,seasonal_naive,CUSCO
2021-09-27,1.7519117737230747,2.0878236894300852,seasonal_naive,CUSCO
2021-10-04,1.5329228020076904,1.8913226363072535,seasonal_naive,CUSCO
2021-10-11,1.4599264781025623,1.5228831617019445,seasonal_naive,CUSCO
2021-10-18,1.386930154197434,1.4000700035001747,seasonal_naive,CUSCO
2021-10-25,1.4112622621658104,1.4000700035001747,seasonal_naive,CUSCO
2021-11-01,1.2896017223239298,1.350944740219467,seasonal_naive,CUSCO
2021-11-08,1.338265938260682,1.326382108579113,seasonal_naive,CUSCO
2021-11-15,1.4355943701341862,1.301819476938759,seasonal_naive,CUSCO
2021-11-22,1.4355943701341862,1.5228831617019445,seasonal_naive,CUSCO
2021-11-29,1.5815870179444425,1.5720084249826523,seasonal_naive,CUSCO
2021-12-06,1.4112622621658104,1.547445793342298,seasonal_naive,CUSCO
2021-12-13,1.484258586070938,1.4000700035001747,seasonal_naive,CUSCO
2021-12-20,1.240937506387178,1.3755073718598207,seasonal_naive,CUSCO
2021-12-27,1.1679411824820496,1.1790063187369892,seasonal_naive,CUSCO
2022-01-03,1.2849039448607722,1.3697442800603732,seasonal_naive,CUSCO
2022-01-10,1.6438724092335708,1.7787796420832078,seasonal_naive,CUSCO
2022-01-17,1.9556799464578285,2.2872181490273484,seasonal_naive,CUSCO
2022-01-24,2.2454103088960253,2.700863984489741,seasonal_naive,CUSCO
2022-01-31,2.1488335214166265,3.1145098199521333,seasonal_naive,CUSCO
2022-02-07,2.0522567339372273,3.5768198713512778,seasonal_naive,CUSCO
2022-02-14,1.5935169934100823,3.902893193053717,seasonal_naive,CUSCO
2022-02-21,1.448651812190984,3.7325684372750847,seasonal_naive,CUSCO
2022-02-28,1.4727960090608336,3.5135794655596992,seasonal_naive,CUSCO
2022-03-07,1.352075024711585,2.9685171721418766,seasonal_naive,CUSCO
2022-03-14,1.1830656466226368,2.8955208482367483,seasonal_naive,CUSCO
2022-03-21,1.0623446622733879,3.2118382518256374,seasonal_naive,CUSCO
2022-03-28,1.4969402059306833,3.6011519793196545,seasonal_naive,CUSCO
2022-04-04,1.5452285996703825,3.5768198713512778,seasonal_naive,CUSCO
2022-04-11,1.8108147652387299,3.586575789464828,seasonal_naive,CUSCO
2022-04-18,1.5210844028005333,3.742324355388634,seasonal_naive,CUSCO
2022-04-25,1.4969402059306833,3.985645435072394,seasonal_naive,CUSCO
2022-05-02,1.0140562685336885,3.7325684372750847,seasonal_naive,CUSCO
2022-05-09,1.3037866309718853,3.6011519793196545,seasonal_naive,CUSCO
2022-05-16,1.4969402059306833,3.406495115572646,seasonal_naive,CUSCO
2022-05-23,1.8108147652387299,3.6011519793196545,seasonal_naive,CUSCO
2022-05-30,1.714237977759331,3.479491439477774,seasonal_naive,CUSCO
2022-06-06,1.7383821746291808,3.333498791667518,seasonal_naive,CUSCO
2022-06-13,1.8349589621085798,2.627867660584613,seasonal_naive,CUSCO
2022-06-20,1.9073915527181289,1.995232853406835,seasonal_naive,CUSCO
2022-06-27,1.8591031589784297,1.5085906940393141,seasonal_naive,CUSCO
2022-07-04,2.124689324546777,1.3139338302923058,seasonal_naive,CUSCO
2022-07-11,2.2454103088960253,1.0949448585769215,seasonal_naive,CUSCO
2022-07-18,2.293698702635725,1.1192769665452975,seasonal_naive,CUSCO
2022-07-25,2.003968340197528,1.1192769665452973,seasonal_naive,CUSCO
2022-08-01,1.81081476523873,1.0462806426401692,seasonal_naive,CUSCO
2022-08-08,1.81081476523873,1.0219485346717934,seasonal_naive,CUSCO
2022-08-15,1.7625263714990307,0.9732843187350411,seasonal_naive,CUSCO
2022-08-22,1.665949584019632,1.240937506387178,seasonal_naive,CUSCO
2022-08-29,1.448651812190984,1.2652696143555537,seasonal_naive,CUSCO
2022-09-05,1.6900937808894814,1.2652696143555537,seasonal_naive,CUSCO
2022-09-12,1.6176611902799323,1.4355943701341858,seasonal_naive,CUSCO
2022-09-19,1.714237977759331,1.5572549099760664,seasonal_naive,CUSCO
2022-09-26,1.3279308278417352,1.751911773723075,seasonal_naive,CUSCO
2022-10-03,1.4727960090608336,1.5329228020076904,seasonal_naive,CUSCO
2022-10-10,1.5935169934100823,1.4599264781025623,seasonal_naive,CUSCO
2022-10-17,1.9073915527181289,1.386930154197434,seasonal_naive,CUSCO
2022-10-24,1.9315357495879788,1.4112622621658104,seasonal_naive,CUSCO
2022-10-31,1.8349589621085798,1.2896017223239298,seasonal_naive,CUSCO
2022-11-07,1.641805387149782,1.338265938260682,seasonal_naive,CUSCO
2022-11-14,1.7142379777593313,1.4355943701341862,seasonal_naive,CUSCO
2022-11-21,1.448651812190984,1.4355943701341862,seasonal_naive,CUSCO
2022-11-28,1.448651812190984,1.5815870179444425,seasonal_naive,CUSCO
2022-12-05,1.158921449752787,1.4112622621658104,seasonal_naive,CUSCO
2022-12-12,1.255498237232186,1.4842585860709379,seasonal_naive,CUSCO
2022-12-19,1.3037866309718857,1.240937506387178,seasonal_naive,CUSCO
2022-12-26,1.4245076153211345,1.1679411824820496,seasonal_naive,CUSCO
2023-01-02,1.8300348202375554,1.2849039448607722,seasonal_naive,CUSCO
2023-01-09,1.92248168227674,1.6438724092335708,seasonal_naive,CUSCO
2023-01-16,1.7989015187765738,1.9556799464578283,seasonal_naive,CUSCO
2023-01-23,1.439121215021259,2.2454103088960253,seasonal_naive,CUSCO
2023-01-30,1.3431798006865083,2.1488335214166265,seasonal_naive,CUSCO
2023-02-06,1.6549893972744478,2.0522567339372273,seasonal_naive,CUSCO
2023-02-13,1.7029601044418232,1.5935169934100823,seasonal_naive,CUSCO
2023-02-20,1.6789747508581356,1.448651812190984,seasonal_naive,CUSCO
2023-02-27,1.4870919221886343,1.4727960090608336,seasonal_naive,CUSCO
2023-03-06,1.4870919221886343,1.352075024711585,seasonal_naive,CUSCO
2023-03-13,1.7269454580255108,1.1830656466226368,seasonal_naive,CUSCO
2023-03-20,1.9907843474460751,1.0623446622733879,seasonal_naive,CUSCO
2023-03-27,2.4944767727035155,1.4969402059306833,seasonal_naive,CUSCO
2023-04-03,2.7343303085403927,1.5452285996703825,seasonal_naive,CUSCO
2023-04-10,2.638388894205642,1.8108147652387299,seasonal_naive,CUSCO
2023-04-17,2.782301015707768,1.5210844028005333,seasonal_naive,CUSCO
2023-04-24,2.7343303085403927,1.4969402059306833,seasonal_naive,CUSCO
2023-05-01,3.0461399051283315,1.0140562685336885,seasonal_naive,CUSCO
2023-05-08,2.8782424300425187,1.303786630971885,seasonal_naive,CUSCO
2023-05-15,2.5904181870382663,1.4969402059306833,seasonal_naive,CUSCO
2023-05-22,2.230637883282952,1.8108147652387299,seasonal_naive,CUSCO
2023-05-29,2.2546232368666392,1.714237977759331,seasonal_naive,CUSCO
2023-06-05,2.470491419119828,1.7383821746291808,seasonal_naive,CUSCO
2023-06-12,2.518462126287204,1.83495896210858,seasonal_naive,CUSCO
2023-06-19,2.446506065536141,1.9073915527181287,seasonal_naive,CUSCO
2023-06-26,2.830271722875143,1.85910315897843,seasonal_naive,CUSCO
2023-07-03,2.7343303085403927,2.124689324546777,seasonal_naive,CUSCO
2023-07-10,2.3745500047850774,2.2454103088960253,seasonal_naive,CUSCO
2023-07-17,1.8468722259439492,2.293698702635725,seasonal_naive,CUSCO
2023-07-24,2.206652529699264,2.0039683401975283,seasonal_naive,CUSCO
2023-07-31,2.326579297617702,1.8108147652387299,seasonal_naive,CUSCO
2023-08-07,2.134696468948201,1.8108147652387299,seasonal_naive,CUSCO
2023-08-14,1.6070186901070727,1.762526371499031,seasonal_naive,CUSCO
2023-08-21,1.7749161651928862,1.6659495840196321,seasonal_naive,CUSCO
2023-08-28,1.8708575795276365,1.448651812190984,seasonal_naive,CUSCO
2023-09-04,2.1826671761155763,1.6900937808894811,seasonal_naive,CUSCO
2023-09-11,2.1107111153645133,1.6176611902799323,seasonal_naive,CUSCO
2023-09-18,2.014769701029763,1.714237977759331,seasonal_naive,CUSCO
2023-09-25,2.0387550546134503,1.3279308278417352,seasonal_naive,CUSCO
2023-10-02,1.9667989938623875,1.4727960090608336,seasonal_naive,CUSCO
2023-10-09,2.1107111153645133,1.5935169934100823,seasonal_naive,CUSCO
2023-10-16,2.0387550546134503,1.9073915527181287,seasonal_naive,CUSCO
2023-10-23,1.9188282866950122,1.931535749587979,seasonal_naive,CUSCO
2023-10-30,1.8708575795276368,1.83495896210858,seasonal_naive,CUSCO
2023-11-06,1.9907843474460751,1.641805387149782,seasonal_naive,CUSCO
2023-11-13,2.2546232368666392,1.7142379777593313,seasonal_naive,CUSCO
2023-11-20,2.35056465120139,1.448651812190984,seasonal_naive,CUSCO
2023-11-27,2.398535358368765,1.448651812190984,seasonal_naive,CUSCO
2023-12-04,2.2546232368666392,1.158921449752787,seasonal_naive,CUSCO
2010-12-27,1.8937086059999275,1.765676766258576,holt_winters,CUSCO
2011-01-03,1.8320736017898989,1.7118301205553736,holt_winters,CUSCO
2011-01-10,1.6893881835950346,1.9178626884966892,holt_winters,CUSCO
2011-01-17,1.3561933280713034,1.8756608472567253,holt_winters,CUSCO
2011-01-24,1.4375649277555815,1.3429646727186475,holt_winters,CUSCO
2011-01-31,1.247697861825599,1.2636945339071766,holt_winters,CUSCO
2011-02-07,1.1120785290184685,1.2410194182750944,holt_winters,CUSCO
2011-02-14,0.8137159968427818,1.1863788920008995,holt_winters,CUSCO
2011-02-21,0.840839863404208,0.7519701507713007,holt_winters,CUSCO
2011-02-28,0.9222114630884861,0.742089735810594,holt_winters,CUSCO
2011-03-07,0.89508759652706,0.7304285952940949,holt_winters,CUSCO
2011-03-14,0.9493353296499123,0.732546192296602,holt_winters,CUSCO
2011-03-21,1.1392023955798949,1.1098974990809594,holt_winters,CUSCO
2011-03-28,1.1120785290184687,1.136586645104418,holt_winters,CUSCO
2011-04-04,1.1663262621413208,1.2196916713216333,holt_winters,CUSCO
2011-04-11,0.9764591962113384,1.2616542823205048,holt_winters,CUSCO
2011-04-18,1.0307069293341906,1.0463434996934367,holt_winters,CUSCO
2011-04-25,0.7865921302813558,0.974596639366201,holt_winters,CUSCO
2011-05-02,0.9493353296499123,0.9415771862251947,holt_winters,CUSCO
2011-05-09,1.0307069293341904,0.8539173097069537,holt_winters,CUSCO
2011-05-16,1.2748217283870251,1.1013412387816277,holt_winters,CUSCO
2011-05-23,1.301945594948451,1.0802627482689102,holt_winters,CUSCO
2011-05-30,1.0849546624570428,1.176861698089843,holt_winters,CUSCO
2011-06-06,0.9764591962113384,1.272791005209987,holt_winters,CUSCO
2011-06-13,0.8679637299656341,0.9527377471573185,holt_winters,CUSCO
2011-06-20,0.9222114630884861,1.00104928283201,holt_winters,CUSCO
2011-06-27,0.89508759652706,1.0605102322546163,holt_winters,CUSCO
2011-07-04,0.8408398634042079,1.1268942019550703,holt_winters,CUSCO
2011-07-11,1.1120785290184685,0.8478881379170938,holt_winters,CUSCO
2011-07-18,1.356193328071303,0.7156391382861538,holt_winters,CUSCO
2011-07-25,1.2205739952641728,0.6309683533083849,holt_winters,CUSCO
2011-08-01,1.0578307958956163,0.6470556254953873,holt_winters,CUSCO
2011-08-08,1.0035830627727644,1.0682604779811575,holt_winters,CUSCO
2011-08-15,1.247697861825599,1.1587523924472012,holt_winters,CUSCO
2011-08-22,1.1934501287027468,1.0916745011545255,holt_winters,CUSCO
2011-08-29,1.247697861825599,1.2407330022495735,holt_winters,CUSCO
2011-09-05,1.301945594948451,1.1947258882210785,holt_winters,CUSCO
2011-09-12,1.5731842605627115,1.2542204869926474,holt_winters,CUSCO
2011-09-19,1.79017519305412,1.3249820953636593,holt_winters,CUSCO
2011-09-26,2.007166125545529,1.2997101705034553,holt_winters,CUSCO
2011-10-03,2.0342899921069546,1.7218921411935049,holt_winters,CUSCO
2011-10-10,1.8444229261769722,1.4783368889739237,holt_winters,CUSCO
2011-10-17,1.7359274599312682,1.4384787617723542,holt_winters,CUSCO
2011-10-24,1.5731842605627115,1.7042762325775567,holt_winters,CUSCO
2011-10-31,1.4646887943170075,1.7571872405377706,holt_winters,CUSCO
2011-11-07,1.5460603940012856,1.9953280123934716,holt_winters,CUSCO
2011-11-14,1.3561933280713034,1.887692976849227,holt_winters,CUSCO
2011-11-21,1.1663262621413206,1.7049547369429572,holt_winters,CUSCO
2011-11-28,0.8408398634042079,1.0367778003872152,holt_winters,CUSCO
2011-12-05,1.0307069293341904,1.115117017867577,holt_winters,CUSCO
2011-12-12,1.1663262621413208,1.1919311269023087,holt_winters,CUSCO
2011-12-19,1.1934501287027468,1.0841276690057835,holt_winters,CUSCO
2011-12-26,1.247697861825599,1.0851631185521171,holt_winters,CUSCO
2012-01-02,1.0556345103758071,1.0455603991427926,holt_winters,CUSCO
2012-01-09,0.9175051369746093,1.1444974743537304,holt_winters,CUSCO
2012-01-16,0.5898224527176873,1.041795478427015,holt_winters,CUSCO
2012-01-23,0.9115437905636986,0.5655058779136626,holt_winters,CUSCO
2012-01-30,1.0455943479995367,0.47086642740707874,holt_winters,CUSCO
2012-02-06,1.1260246824610396,0.45530340629899385,holt_winters,CUSCO
2012-02-13,0.9115437905636986,0.3916688234510026,holt_winters,CUSCO
2012-02-20,0.8311134561021959,0.8544265888766267,holt_winters,CUSCO
2012-02-27,0.7774932331278607,0.8610911764357313,holt_winters,CUSCO
2012-03-05,0.6434426756920226,0.8210775235667463,holt_winters,CUSCO
2012-03-12,0.7238730101535253,0.8348748825913299,holt_winters,CUSCO
2012-03-19,0.8043033446150282,0.8609527156767498,holt_winters,CUSCO
2012-03-26,1.0724044594867044,0.9272224025397287,holt_winters,CUSCO
2012-04-02,1.1260246824610396,0.9766514872583757,holt_winters,CUSCO
2012-04-09,1.1528347939482073,0.9876764441693497,holt_winters,CUSCO
2012-04-16,1.2064550169225423,1.2212145997986528,holt_winters,CUSCO
2012-04-23,1.1260246824610396,1.1623309807474485,holt_winters,CUSCO
2012-04-30,1.0724044594867044,1.1182174265461744,holt_winters,CUSCO
2012-05-07,0.9919741250252015,1.0404101088847153,holt_winters,CUSCO
2012-05-14,0.9115437905636986,1.1255548536436524,holt_winters,CUSCO
2012-05-21,1.0724044594867044,1.0722258647402767,holt_winters,CUSCO
2012-05-28,0.8043033446150282,1.0836233259891592,holt_winters,CUSCO
2012-06-04,0.8847336790765311,1.1267264621833841,holt_winters,CUSCO
2012-06-11,0.9651640135380338,0.8348187383022704,holt_winters,CUSCO
2012-06-18,1.0992145709738719,0.9321760215141752,holt_winters,CUSCO
2012-06-25,1.2332651284097098,1.0266879728696652,holt_winters,CUSCO
2012-07-02,1.4209359088198827,1.1552910922313306,holt_winters,CUSCO
2012-07-09,1.7158471351787268,1.5139831753142043,holt_winters,CUSCO
2012-07-16,1.849897692614565,1.3818820282705162,holt_winters,CUSCO
2012-07-23,1.635416800717224,1.2337191239147698,holt_winters,CUSCO
2012-07-30,1.554986466255721,1.2545115288997355,holt_winters,CUSCO
2012-08-06,1.6086066892300563,1.597407471084785,holt_winters,CUSCO
2012-08-13,1.5281763547685536,1.7568881610815126,holt_winters,CUSCO
2012-08-20,1.7694673581530622,1.6242330183196625,holt_winters,CUSCO
2012-08-27,1.6890370236915595,1.7407438527512131,holt_winters,CUSCO
2012-09-03,1.715847135178727,1.7244380467214262,holt_winters,CUSCO
2012-09-10,1.3136954628712127,1.8946944696377672,holt_winters,CUSCO
2012-09-17,1.5817965777428888,2.0383413845159515,holt_winters,CUSCO
2012-09-24,1.4209359088198832,2.0518103611440623,holt_winters,CUSCO
2012-10-01,1.5817965777428888,1.2832380229637954,holt_winters,CUSCO
2012-10-08,1.1796449054353748,1.151068823581823,holt_winters,CUSCO
2012-10-15,1.3136954628712127,1.137426886409907,holt_winters,CUSCO
2012-10-22,1.4209359088198832,1.2877675437719094,holt_winters,CUSCO
2012-10-29,1.849897692614565,1.5737888492181982,holt_winters,CUSCO
2012-11-05,2.037568473024738,1.7984424651227886,holt_winters,CUSCO
2012-11-12,1.849897692614565,1.7216238491097264,holt_winters,CUSCO
2012-11-19,1.5281763547685536,1.4909417894931674,holt_winters,CUSCO
2012-11-26,1.3136954628712127,1.32215591033452,holt_winters,CUSCO
2012-12-03,1.3136954628712127,1.4326422258806957,holt_winters,CUSCO
2012-12-10,1.1796449054353746,1.5596527533563733,holt_winters,CUSCO
2012-12-17,1.152834793948207,1.477917148538962,holt_winters,CUSCO
2012-12-24,1.152834793948207,1.1019858695276326,holt_winters,CUSCO
2012-12-31,1.2064550169225423,1.0604161155830059,holt_winters,CUSCO
2013-01-07,1.2554768655722575,1.053458589741584,holt_winters,CUSCO
2013-01-14,1.1978713848499183,0.8691722808929375,holt_winters,CUSCO
2013-01-21,1.4311918727384185,1.2944384096771662,holt_winters,CUSCO
2013-01-28,1.537206085533857,1.1659455710233746,holt_winters,CUSCO
2013-02-04,1.537206085533857,1.142590935103625,holt_winters,CUSCO
2013-02-11,0.9806314683578053,1.000932373986748,holt_winters,CUSCO
2013-02-18,1.1926598939486823,0.9302848530720116,holt_winters,CUSCO
2013-02-25,1.2721705535452612,0.9204823894392772,holt_winters,CUSCO
2013-03-04,1.5107025323349976,0.8677624983399601,holt_winters,CUSCO
2013-03-11,1.272170553545261,0.9550044380227591,holt_winters,CUSCO
2013-03-18,1.1396527875509632,1.435399251482226,holt_winters,CUSCO
2013-03-25,1.1661563407498228,1.5387101230720475,holt_winters,CUSCO
2013-04-01,1.272170553545261,1.5567582022539814,holt_winters,CUSCO
2013-04-08,1.4046883195395592,1.5882365677924697,holt_winters,CUSCO
2013-04-15,1.139652787550963,1.495804947163049,holt_winters,CUSCO
2013-04-22,0.9541279151589457,1.3766065321942695,holt_winters,CUSCO
2013-04-29,0.8216101491646478,1.3236302913349096,holt_winters,CUSCO
2013-05-06,0.9806314683578053,1.2780285574757362,holt_winters,CUSCO
2013-05-13,0.9276243619600861,1.0357596973233831,holt_winters,CUSCO
2013-05-20,1.272170553545261,1.0294860471114415,holt_winters,CUSCO
2013-05-27,1.3251776599429803,0.9367383807036006,holt_winters,CUSCO
2013-06-03,1.6962274047270147,0.9287120935756582,holt_winters,CUSCO
2013-06-10,1.6432202983292956,1.7174721960019916,holt_winters,CUSCO
2013-06-17,2.01427004311333,1.77745017353871,holt_winters,CUSCO
2013-06-24,1.6432202983292956,1.9225096585500683,holt_winters,CUSCO
2013-07-01,1.7757380643235934,2.0183908822217,holt_winters,CUSCO
2013-07-08,1.4046883195395587,1.927381553848702,holt_winters,CUSCO
2013-07-15,1.3781847663406992,1.9075220300689455,holt_winters,CUSCO
2013-07-22,1.2986741067441205,1.806371275153694,holt_winters,CUSCO
2013-07-29,1.32517765994298,1.8678433595117592,holt_winters,CUSCO
2013-08-05,1.537206085533857,1.3094135856996734,holt_winters,CUSCO
2013-08-12,1.537206085533857,1.363687259100271,holt_winters,CUSCO
2013-08-19,1.8552487239201723,1.310011103509392,holt_winters,CUSCO
2013-08-26,1.6962274047270147,1.3786814170534898,holt_winters,CUSCO
2013-09-02,1.537206085533857,1.7442628124240191,holt_winters,CUSCO
2013-09-09,1.5372060855338567,1.8058456791661306,holt_winters,CUSCO
2013-09-16,1.7492345111247338,1.8855032719524947,holt_winters,CUSCO
2013-09-23,1.8552487239201723,1.8663213300106039,holt_winters,CUSCO
2013-09-30,1.6962274047270143,1.7658737983392097,holt_winters,CUSCO
2013-10-07,1.510702532334997,1.6023719092436148,holt_winters,CUSCO
2013-10-14,1.1661563407498223,1.6312532198174607,holt_winters,CUSCO
2013-10-21,1.0071350215566646,1.6554445485105367,holt_winters,CUSCO
2013-10-28,0.848113702363507,1.1371775238112514,holt_winters,CUSCO
2013-11-04,0.8481137023635071,1.3010453288675836,holt_winters,CUSCO
2013-11-11,0.8481137023635071,1.2706087989903947,holt_winters,CUSCO
2013-11-18,1.0336385747555243,1.0458019998386727,holt_winters,CUSCO
2013-11-25,1.245667000346401,0.9018201719749218,holt_winters,CUSCO
2013-12-02,1.3251776599429799,0.9849004419940426,holt_winters,CUSCO
2013-12-09,1.2986741067441203,1.088134562703177,holt_winters,CUSCO
2013-12-16,1.2721705535452605,1.0357079217809615,holt_winters,CUSCO
2013-12-23,1.2721705535452605,1.1217429292385819,holt_winters,CUSCO
2013-12-30,1.0866456811532434,1.1253172216722211,holt_winters,CUSCO
2014-01-06,1.0818513210457843,1.1935157724779282,holt_winters,CUSCO
2014-01-13,0.8933299735866053,1.0260218450416756,holt_winters,CUSCO
2014-01-20,1.2577874732228835,0.9814567721351637,holt_winters,CUSCO
2014-01-27,1.336399190299314,0.8853414333719734,holt_winters,CUSCO
2014-02-03,1.2577874732228838,0.8705712290199689,holt_winters,CUSCO
2014-02-10,1.0481562276857364,0.6642836928218682,holt_winters,CUSCO
2014-02-17,0.9171366992250193,1.0861459018956716,holt_winters,CUSCO
2014-02-24,1.0743601333778798,1.0927530392317877,holt_winters,CUSCO
2014-03-03,1.100564039070023,1.1306594783471369,holt_winters,CUSCO
2014-03-10,0.9957484163014496,1.1693167005671188,holt_winters,CUSCO
2014-03-17,0.9433406049171627,1.05062700054927,holt_winters,CUSCO
2014-03-24,0.8909327935328758,1.0913999818260371,holt_winters,CUSCO
2014-03-31,1.0743601333778798,1.0922432178020685,holt_winters,CUSCO
2014-04-07,1.0481562276857364,1.1426694736060614,holt_winters,CUSCO
2014-04-14,1.1267679447621666,1.0410722409385806,holt_winters,CUSCO
2014-04-21,0.9433406049171627,0.9658517357242749,holt_winters,CUSCO
2014-04-28,1.021952321993593,0.9082705534698912,holt_winters,CUSCO
2014-05-05,0.8385249821485891,0.9035477042446416,holt_winters,CUSCO
2014-05-12,0.707505453687872,0.9078987870276682,holt_winters,CUSCO
2014-05-19,0.5764859252271549,0.9692886209823846,holt_winters,CUSCO
2014-05-26,0.5502820195350114,0.9251015903472587,holt_winters,CUSCO
2014-06-02,0.6550976423035851,1.0227656017267384,holt_winters,CUSCO
2014-06-09,0.7599132650721588,0.6469776530702378,holt_winters,CUSCO
2014-06-16,0.6550976423035851,0.7555777441338998,holt_winters,CUSCO
2014-06-23,0.9433406049171627,0.7420677392338073,holt_winters,CUSCO
2014-06-30,1.0481562276857364,0.797393364720492,holt_winters,CUSCO
2014-07-07,1.336399190299314,1.066246866169709,holt_winters,CUSCO
2014-07-14,1.1529718504543098,1.095199162245843,holt_winters,CUSCO
2014-07-21,1.1005640390700233,1.0563471265247868,holt_winters,CUSCO
2014-07-28,1.0743601333778798,1.065867674815772,holt_winters,CUSCO
2014-08-04,1.336399190299314,1.1357437272350983,holt_winters,CUSCO
2014-08-11,1.6246421529128916,1.170591910021151,holt_winters,CUSCO
2014-08-18,1.8080694927578953,1.2057953843240785,holt_winters,CUSCO
2014-08-25,1.6246421529128916,1.2275491853859508,holt_winters,CUSCO
2014-09-01,1.4412148130678875,1.571618898776761,holt_winters,CUSCO
2014-09-08,1.3101952846071703,1.64989780312594,holt_winters,CUSCO
2014-09-15,1.4150109073757442,1.8321655737510347,holt_winters,CUSCO
2014-09-22,1.3626030959914572,1.8573483244800941,holt_winters,CUSCO
2014-09-29,1.4936226244521744,1.327954988127766,holt_winters,CUSCO
2014-10-06,1.2315835675307403,1.1764336111555624,holt_winters,CUSCO
2014-10-13,1.1529718504543103,1.1051942164861301,holt_winters,CUSCO
2014-10-20,0.9957484163014495,1.0657106545265937,holt_winters,CUSCO
2014-10-27,1.205379661838597,1.0526153248061458,holt_winters,CUSCO
2014-11-03,1.2315835675307403,1.112741708191838,holt_winters,CUSCO
2014-11-10,1.336399190299314,1.074609616352725,holt_winters,CUSCO
2014-11-17,1.1529718504543098,0.9528998565811748,holt_winters,CUSCO
2014-11-24,1.15297185045431,1.0457048730627516,holt_winters,CUSCO
2014-12-01,0.8909327935328758,1.1697207447758688,holt_winters,CUSCO
2014-12-08,0.8909327935328758,1.2058705558273703,holt_winters,CUSCO
2014-12-15,0.9433406049171627,1.182671746744483,holt_winters,CUSCO
2014-12-22,1.0219523219935929,0.9418298224257803,holt_winters,CUSCO
2014-12-29,1.283991378915027,0.8994008700784204,holt_winters,CUSCO
2015-01-05,1.357037090394983,0.8920999741255587,holt_winters,CUSCO
2015-01-12,1.5348984246435124,0.7602682900491962,holt_winters,CUSCO
2015-01-19,1.1659931113126982,1.8640082381205603,holt_winters,CUSCO
2015-01-26,1.0364383211668426,1.8035276504022442,holt_winters,CUSCO
2015-02-02,0.803239698904303,1.7361095014280694,holt_winters,CUSCO
2015-02-09,0.751417782845961,1.4301210355636298,holt_winters,CUSCO
2015-02-16,0.5182191605834213,0.7572500373825485,holt_winters,CUSCO
2015-02-23,0.6477739507292767,0.8368256782079158,holt_winters,CUSCO
2015-03-02,0.8032396989043032,0.8498889368509236,holt_winters,CUSCO
2015-03-09,0.8550616149626453,0.842816941219083,holt_winters,CUSCO
2015-03-16,0.6736849087584478,0.8792365720830807,holt_winters,CUSCO
2015-03-23,0.6477739507292767,0.9166119906959936,holt_winters,CUSCO
2015-03-30,0.6736849087584478,0.9697761607794093,holt_winters,CUSCO
2015-04-06,0.9587054470793296,0.9752225498869935,holt_winters,CUSCO
2015-04-13,1.165993111312698,0.9459720269113241,holt_winters,CUSCO
2015-04-20,1.2178150273710404,0.8120360690338526,holt_winters,CUSCO
2015-04-27,0.9327944890501585,0.8102114250896819,holt_winters,CUSCO
2015-05-04,0.751417782845961,0.7978157127832032,holt_winters,CUSCO
2015-05-11,1.114171195254356,0.7395698172821981,holt_winters,CUSCO
2015-05-18,1.140082153283527,0.8125171133174335,holt_winters,CUSCO
2015-05-25,1.2955479014585534,0.7246290636488469,holt_winters,CUSCO
2015-06-01,0.9846164051085005,0.7869840810082629,holt_winters,CUSCO
2015-06-08,1.3732807755460668,0.9986108836694034,holt_winters,CUSCO
2015-06-15,1.5546574817502643,1.1122148495882898,holt_winters,CUSCO
2015-06-22,1.9174108941586592,1.1742871204861403,holt_winters,CUSCO
2015-06-29,1.9692328102170016,1.2514679951338983,holt_winters,CUSCO
2015-07-06,1.7101232299252904,2.0100787317483277,holt_winters,CUSCO
2015-07-13,1.528746523721093,2.0100787317483277,holt_winters,CUSCO
2015-07-20,1.3991917335752377,1.9900029341823413,holt_winters,CUSCO
2015-07-27,1.554657481750264,1.9720573920172175,holt_winters,CUSCO
2015-08-03,1.3991917335752377,1.68518626345602,holt_winters,CUSCO
2015-08-10,1.3473698175168956,1.8164953989926296,holt_winters,CUSCO
2015-08-17,1.0364383211668426,1.9521116607473321,holt_winters,CUSCO
2015-08-24,1.0623492791960139,1.8127889710222733,holt_winters,CUSCO
2015-08-31,0.8809725729918162,1.0150450841887781,holt_winters,CUSCO
2015-09-07,1.165993111312698,0.9668417185503235,holt_winters,CUSCO
2015-09-14,1.0623492791960139,1.1494259421380166,holt_winters,CUSCO
2015-09-21,1.2437259854002114,1.1693700348896283,holt_winters,CUSCO
2015-09-28,1.140082153283527,1.283660587750385,holt_winters,CUSCO
2015-10-05,1.1141711952543558,1.059641289361874,holt_winters,CUSCO
2015-10-12,0.9327944890501584,0.993571628670241,holt_winters,CUSCO
2015-10-19,0.7255068248167897,0.9269354922708096,holt_winters,CUSCO
2015-10-26,0.803239698904303,0.7928548875791198,holt_winters,CUSCO
2015-11-02,0.803239698904303,0.8416227213863215,holt_winters,CUSCO
2015-11-09,0.8550616149626452,0.8126442709073727,holt_winters,CUSCO
2015-11-16,1.2437259854002114,0.723126526010041,holt_winters,CUSCO
2015-11-23,1.425102691604409,1.1427080747179539,holt_winters,CUSCO
2015-11-30,1.5028355656919221,1.201066929849762,holt_winters,CUSCO
2015-12-07,1.140082153283527,1.22275209595659,holt_winters,CUSCO
2015-12-14,0.9327944890501584,1.2335020122768916,holt_winters,CUSCO
2015-12-21,1.1919040693418692,0.9679023714528701,holt_winters,CUSCO
2015-12-28,0.8550616149626453,0.9707372143790538,holt_winters,CUSCO
2016-01-04,1.1081557381138298,0.9619808903877968,holt_winters,CUSCO
2016-01-11,0.9737312921875486,0.8376329130717243,holt_winters,CUSCO
2016-01-18,1.4349724305921772,1.1300419576013516,holt_winters,CUSCO
2016-01-25,1.1787273537007168,1.1476532012682432,holt_winters,CUSCO
2016-02-01,1.0249803075658406,1.0848696421446413,holt_winters,CUSCO
2016-02-08,0.7943597383635265,0.8460614052941654,holt_winters,CUSCO
2016-02-15,0.8199842460526726,0.7288156826372143,holt_winters,CUSCO
2016-02-22,0.7943597383635265,0.8036424152491759,holt_winters,CUSCO
2016-02-29,0.8199842460526726,0.8444483044131099,holt_winters,CUSCO
2016-03-07,0.9224822768092565,0.8279932058477596,holt_winters,CUSCO
2016-03-14,1.2043518613898627,0.8471932950136827,holt_winters,CUSCO
2016-03-21,1.281225384457301,0.8987616747731507,holt_winters,CUSCO
2016-03-28,1.383723415213885,0.9923681742916319,holt_winters,CUSCO
2016-04-04,1.281225384457301,1.0525316743214304,holt_winters,CUSCO
2016-04-11,1.358098907524739,1.3176341830496525,holt_winters,CUSCO
2016-04-18,1.2556008767681548,1.1707805599753849,holt_winters,CUSCO
2016-04-25,1.281225384457301,1.1230371425766774,holt_winters,CUSCO
2016-05-02,1.2556008767681548,1.0755087303811204,holt_winters,CUSCO
2016-05-09,1.281225384457301,1.2727465052685727,holt_winters,CUSCO
2016-05-16,1.3324743998355928,1.3933762683357283,holt_winters,CUSCO
2016-05-23,1.3068498921464469,1.3425780320825114,holt_winters,CUSCO
2016-05-30,1.537470461348761,1.3897735556556532,holt_winters,CUSCO
2016-06-06,1.5374704613487609,1.69763118493507,holt_winters,CUSCO
2016-06-13,1.537470461348761,1.8210438875923671,holt_winters,CUSCO
2016-06-20,1.2812253844573007,1.9336276942273758,holt_winters,CUSCO
2016-06-27,1.588719476727053,2.0100787317483277,holt_winters,CUSCO
2016-07-04,2.12683413819912,1.5828692408455327,holt_winters,CUSCO
2016-07-11,2.434328230468872,1.5622386093824079,holt_winters,CUSCO
2016-07-18,2.0755851228208275,1.4232454937765195,holt_winters,CUSCO
2016-07-25,1.8962135689968054,1.3891357753788285,holt_winters,CUSCO
2016-08-01,2.0755851228208275,2.0274975648947557,holt_winters,CUSCO
2016-08-08,2.3062056920231417,2.0531552994411357,holt_winters,CUSCO
2016-08-15,2.2293321689557035,2.0531552994411357,holt_winters,CUSCO
2016-08-22,1.9218380766859517,2.0224704911417066,holt_winters,CUSCO
2016-08-29,1.6912175074836373,1.778175993561258,holt_winters,CUSCO
2016-09-05,1.588719476727053,1.7670708725365796,holt_winters,CUSCO
2016-09-12,1.6143439844161993,1.8921104066301961,holt_winters,CUSCO
2016-09-19,1.6399684921053452,1.9358065428783244,holt_winters,CUSCO
2016-09-26,1.8193400459293674,1.6455947858958446,holt_winters,CUSCO
2016-10-03,1.716842015172783,1.4402737282697267,holt_winters,CUSCO
2016-10-10,1.844964553618513,1.3303566201972425,holt_winters,CUSCO
2016-10-17,1.844964553618513,1.2114171462531613,holt_winters,CUSCO
2016-10-24,1.716842015172783,1.9911198210069831,holt_winters,CUSCO
2016-10-31,1.4605969382813226,2.081717747941823,holt_winters,CUSCO
2016-11-07,1.2043518613898625,2.059719670823568,holt_winters,CUSCO
2016-11-14,1.3837234152138846,2.07419285342865,holt_winters,CUSCO
2016-11-21,1.4349724305921765,1.4302097098038993,holt_winters,CUSCO
2016-11-28,1.716842015172783,1.4188480143833009,holt_winters,CUSCO
2016-12-05,1.5374704613487609,1.3195780158915749,holt_winters,CUSCO
2016-12-12,1.6399684921053448,1.2631074509781537,holt_winters,CUSCO
2016-12-19,1.5374704613487609,1.7361854822365295,holt_winters,CUSCO
2016-12-26,1.691217507483637,1.6527528770834008,holt_winters,CUSCO
2017-01-02,1.76164630769067,1.7280018004001763,holt_winters,CUSCO
2017-01-09,1.526542453020248,1.5800971350810438,holt_winters,CUSCO
2017-01-16,1.4953138384959672,1.752067798224114,holt_winters,CUSCO
2017-01-23,1.39393662910641,1.7081216938611488,holt_winters,CUSCO
2017-01-30,1.5206581408433564,1.5849595392896563,holt_winters,CUSCO
2017-02-06,1.622035350232914,1.27631942751043,holt_winters,CUSCO
2017-02-13,1.6473796525803028,1.5332078009012615,holt_winters,CUSCO
2017-02-20,1.6473796525803028,1.6076596098712799,holt_winters,CUSCO
2017-02-27,1.4192809314537993,1.6767751637802633,holt_winters,CUSCO
2017-03-06,1.2672151173694637,1.66208541251499,holt_winters,CUSCO
2017-03-13,1.1404936056325172,1.2418302138152977,holt_winters,CUSCO
2017-03-20,1.0644606985903493,1.2911765778612327,holt_winters,CUSCO
2017-03-27,1.2925594197168528,1.3840090218439425,holt_winters,CUSCO
2017-04-03,1.4192809314537993,1.4557039740077704,holt_winters,CUSCO
2017-04-10,1.6220353502329135,1.4486220316964835,holt_winters,CUSCO
2017-04-17,1.4446252338011885,1.3331969336455245,holt_winters,CUSCO
2017-04-24,1.4446252338011887,1.2484774706801756,holt_winters,CUSCO
2017-05-01,1.4192809314537993,1.1762106147506546,holt_winters,CUSCO
2017-05-08,1.3432480244116316,1.473338337589923,holt_winters,CUSCO
2017-05-15,1.4192809314537993,1.5696951869853313,holt_winters,CUSCO
2017-05-22,1.5206581408433564,1.528105376293449,holt_winters,CUSCO
2017-05-29,1.5460024431907458,1.630586646262134,holt_winters,CUSCO
2017-06-05,1.4192809314537993,1.6945120596490815,holt_winters,CUSCO
2017-06-12,1.4446252338011885,1.7811826769472872,holt_winters,CUSCO
2017-06-19,1.6473796525803028,1.823854272521319,holt_winters,CUSCO
2017-06-26,1.850134071359417,1.9942250994167905,holt_winters,CUSCO
2017-07-03,2.382364420654592,1.9058099951093896,holt_winters,CUSCO
2017-07-10,2.3063315136124243,1.8935296856351054,holt_winters,CUSCO
2017-07-17,2.483741630044149,1.7245520253978008,holt_winters,CUSCO
2017-07-24,2.1796100018754774,1.7079995757107613,holt_winters,CUSCO
2017-07-31,2.1796100018754774,2.337505005499715,holt_winters,CUSCO
2017-08-07,2.0021998854437526,2.337505005499715,holt_winters,CUSCO
2017-08-14,1.6980682572750814,2.337505005499715,holt_winters,CUSCO
2017-08-21,1.850134071359417,2.337505005499715,holt_winters,CUSCO
2017-08-28,1.7741011643172493,1.6292079282160634,holt_winters,CUSCO
2017-09-04,1.7994454666646387,1.5722421149937365,holt_winters,CUSCO
2017-09-11,1.672723954927692,1.6764415776649482,holt_winters,CUSCO
2017-09-18,1.6473796525803028,1.7027267231247785,holt_winters,CUSCO
2017-09-25,1.850134071359417,1.6647590752853614,holt_winters,CUSCO
2017-10-02,2.027544187791142,1.4468208480687497,holt_winters,CUSCO
2017-10-09,2.0021998854437526,1.3567107177403246,holt_winters,CUSCO
2017-10-16,1.7994454666646387,1.2480655974141075,holt_winters,CUSCO
2017-10-23,1.7741011643172493,1.8023706622018323,holt_winters,CUSCO
2017-10-30,1.672723954927692,1.81431511160991,holt_winters,CUSCO
2017-11-06,1.7234125596224708,1.779129688482467,holt_winters,CUSCO
2017-11-13,1.6473796525803028,1.8881174732087889,holt_winters,CUSCO
2017-11-20,1.824789769012028,1.7974399690026457,holt_winters,CUSCO
2017-11-27,2.027544187791142,1.8186138190506065,holt_winters,CUSCO
2017-12-04,2.0528884901385314,1.652420120804046,holt_winters,CUSCO
2017-12-11,2.10357709483331,1.617503378710453,holt_winters,CUSCO
2017-12-18,1.6980682572750814,2.1925334180450062,holt_winters,CUSCO
2017-12-25,1.6473796525803028,2.1397376755644837,holt_winters,CUSCO
2018-01-01,1.6446280205631993,2.2513666910639816,holt_winters,CUSCO
2018-01-08,2.3497843452251908,2.1064550966371036,holt_winters,CUSCO
2018-01-15,2.524239005045953,2.3631421761512463,holt_winters,CUSCO
2018-01-22,2.5747237851468725,2.358794838020017,holt_winters,CUSCO
2018-01-29,2.044633594087222,2.237710022963169,holt_winters,CUSCO
2018-02-05,1.8931792537844647,1.9520225686674042,holt_winters,CUSCO
2018-02-12,1.716482523431248,1.7577018309342196,holt_winters,CUSCO
2018-02-19,1.4135738428257334,1.8600292056115562,holt_winters,CUSCO
2018-02-26,1.3883314527752741,1.9332263900170483,holt_winters,CUSCO
2018-03-05,1.3630890627248144,1.8560308457830086,holt_winters,CUSCO
2018-03-12,1.766967303532167,1.3309601913556002,holt_winters,CUSCO
2018-03-19,1.7164825234312477,1.3171552848156949,holt_winters,CUSCO
2018-03-26,1.9689064239358434,1.4639937334610167,holt_winters,CUSCO
2018-04-02,1.6912401333807885,1.5713896211042644,holt_winters,CUSCO
2018-04-09,1.9436640338853841,1.8871629134221026,holt_winters,CUSCO
2018-04-16,1.8174520836330863,1.72196617330228,holt_winters,CUSCO
2018-04-23,2.0698759841376813,1.6274117153546395,holt_winters,CUSCO
2018-04-30,1.7164825234312477,1.550205257303339,holt_winters,CUSCO
2018-05-07,1.489301012977112,1.7858998326466107,holt_winters,CUSCO
2018-05-14,1.5145434030275713,1.8363702502236747,holt_winters,CUSCO
2018-05-21,1.7417249134817074,1.8690311344288588,holt_winters,CUSCO
2018-05-28,2.1456031542890597,1.9467904009420989,holt_winters,CUSCO
2018-06-04,2.2718151045413575,2.2657870558836235,holt_winters,CUSCO
2018-06-11,2.9887772096541014,2.3929484166443906,holt_winters,CUSCO
2018-06-18,3.1149891599063992,2.4545877242947367,holt_winters,CUSCO
2018-06-25,3.518867400713752,2.4545877242947367,holt_winters,CUSCO
2018-07-02,3.1048139762065223,2.7444856891948466,holt_winters,CUSCO
2018-07-09,3.029086806055144,2.7444856891948466,holt_winters,CUSCO
2018-07-16,2.70093573539917,2.7444856891948466,holt_winters,CUSCO
2018-07-23,2.6756933453487104,2.7444856891948466,holt_winters,CUSCO
2018-07-30,2.625208565247791,2.778345353514414,holt_winters,CUSCO
2018-08-06,2.801905295601008,2.8354462335296233,holt_winters,CUSCO
2018-08-13,2.7766629055505483,2.7480328783332535,holt_winters,CUSCO
2018-08-20,2.72617812544963,2.6146255211390317,holt_winters,CUSCO
2018-08-27,2.473754224945034,2.469986002987612,holt_winters,CUSCO
2018-09-03,2.0193912040367628,2.5112658558026912,holt_winters,CUSCO
2018-09-10,1.9689064239358434,2.540345977225579,holt_winters,CUSCO
2018-09-17,1.7417249134817077,2.6131359014856184,holt_winters,CUSCO
2018-09-24,1.9436640338853841,1.8483890419424045,holt_winters,CUSCO
2018-10-01,1.8426944736835458,1.7804050555713997,holt_winters,CUSCO
2018-10-08,1.665997743330329,1.6732538982004586,holt_winters,CUSCO
2018-10-15,1.665997743330329,1.5147793467822244,holt_winters,CUSCO
2018-10-22,1.665997743330329,1.7165004528496395,holt_winters,CUSCO
2018-10-29,1.8426944736835458,1.627403377556108,holt_winters,CUSCO
2018-11-05,1.9941488139863033,1.6004647100918385,holt_winters,CUSCO
2018-11-12,2.1708455443395196,1.7205112853648175,holt_winters,CUSCO
2018-11-19,2.347542274692737,2.29334435802338,holt_winters,CUSCO
2018-11-26,2.221330324440439,2.3665334210471305,holt_winters,CUSCO
2018-12-03,1.8679368637340052,2.2128331834687547,holt_winters,CUSCO
2018-12-10,1.5397857930780312,2.1898863317194834,holt_winters,CUSCO
2018-12-17,1.1359075522706787,1.537942145189645,holt_winters,CUSCO
2018-12-24,1.1611499423211384,1.506364844569511,holt_winters,CUSCO
2018-12-31,1.2116347224220574,1.6102135655807481,holt_winters,CUSCO
2019-01-07,1.4316865024751626,1.6497479240337436,holt_winters,CUSCO
2019-01-14,1.6483610418119896,1.4816174725736455,holt_winters,CUSCO
2019-01-21,1.8401684400668323,1.4003677753244197,holt_winters,CUSCO
2019-01-28,1.9147698633127852,1.243206038158008,holt_winters,CUSCO
2019-02-04,1.8153012989848485,1.1296083377940886,holt_winters,CUSCO
2019-02-11,1.5914970292469903,1.68327223939591,holt_winters,CUSCO
2019-02-18,1.5417627470830222,1.6988147200123929,holt_winters,CUSCO
2019-02-25,1.7158327346569113,1.7075265898727399,holt_winters,CUSCO
2019-03-04,1.9147698633127854,1.6835880974149315,holt_winters,CUSCO
2019-03-11,1.8650355811488168,2.0025792200840233,holt_winters,CUSCO
2019-03-18,1.6412313114109587,1.97241237326022,holt_winters,CUSCO
2019-03-25,1.4920284649190532,2.1912072150055657,holt_winters,CUSCO
2019-04-01,1.59149702924699,2.2314067099759636,holt_winters,CUSCO
2019-04-08,1.6909655935749273,1.7940479700063126,holt_winters,CUSCO
2019-04-15,1.6163641703289746,1.6692140231952317,holt_winters,CUSCO
2019-04-22,1.6163641703289746,1.66683858508157,holt_winters,CUSCO
2019-04-29,1.4920284649190532,1.4908678183136748,holt_winters,CUSCO
2019-05-06,1.6163641703289742,1.540753715253821,holt_winters,CUSCO
2019-05-13,1.7655670168208797,1.536037141275494,holt_winters,CUSCO
2019-05-20,1.7904341579028642,1.6206149293951273,holt_winters,CUSCO
2019-05-27,1.9396370043947695,1.7040931346609205,holt_winters,CUSCO
2019-06-03,1.9147698633127852,2.061006063661256,holt_winters,CUSCO
2019-06-10,2.1137069919686593,2.181975040087599,holt_winters,CUSCO
2019-06-17,2.163441274132628,2.360076055477774,holt_winters,CUSCO
2019-06-24,2.436979826034454,2.59656920043709,holt_winters,CUSCO
2019-07-01,2.7602526601002495,2.5853785608223205,holt_winters,CUSCO
2019-07-08,2.735385519018265,2.4927897599366817,holt_winters,CUSCO
2019-07-15,2.8099869422642176,2.32304941197623,holt_winters,CUSCO
2019-07-22,3.0835254941660444,2.2352206586437555,holt_winters,CUSCO
2019-07-29,3.3570640460678707,3.0587181538752577,holt_winters,CUSCO
2019-08-05,3.406798328231839,3.092253771802641,holt_winters,CUSCO
2019-08-12,2.8099869422642176,2.921519349805877,holt_winters,CUSCO
2019-08-19,2.6110498136083438,2.8004857311690015,holt_winters,CUSCO
2019-08-26,2.312644120624533,2.3670159971882514,holt_winters,CUSCO
2019-09-02,2.138574133050644,2.3115669638002103,holt_winters,CUSCO
2019-09-09,2.0142384276407226,2.2735393074483956,holt_winters,CUSCO
2019-09-16,1.8650355811488175,2.2621391875951873,holt_winters,CUSCO
2019-09-23,1.9893712865587385,1.979411408906959,holt_winters,CUSCO
2019-09-30,1.964504145476754,1.9161796687535666,holt_winters,CUSCO
2019-10-07,1.9396370043947702,1.8405526065970466,holt_winters,CUSCO
2019-10-14,2.039105568722707,1.705255842565723,holt_winters,CUSCO
2019-10-21,1.964504145476754,2.0241808595484243,holt_winters,CUSCO
2019-10-28,2.0142384276407226,1.993026618993335,holt_winters,CUSCO
2019-11-04,1.7655670168208804,2.017818991415121,holt_winters,CUSCO
2019-11-11,1.7158327346569118,2.153597912492094,holt_winters,CUSCO
2019-11-18,1.7158327346569118,1.8666455601571077,holt_winters,CUSCO
2019-11-25,1.7904341579028644,1.8888916750136395,holt_winters,CUSCO
2019-12-02,1.8899027222308016,1.7009909779972385,holt_winters,CUSCO
2019-12-09,2.063972709804691,1.6245755002604134,holt_winters,CUSCO
2019-12-16,2.138574133050644,1.8888804341820091,holt_winters,CUSCO
2019-12-23,2.0639727098046907,1.8917330419235778,holt_winters,CUSCO
2019-12-30,1.6163641703289748,2.012784728666161,holt_winters,CUSCO
2020-01-06,1.6815258008843887,2.1649615949572727,holt_winters,CUSCO
2020-01-13,1.7976397513702924,1.913373480324245,holt_winters,CUSCO
2020-01-20,2.0632610577897315,1.8364487852277567,holt_winters,CUSCO
2020-01-27,1.891322636307254,1.6812353530222728,holt_winters,CUSCO
2020-02-03,1.7193842148247764,1.5761294252603553,holt_winters,CUSCO
2020-02-10,1.5228831617019447,1.6346843997755838,holt_winters,CUSCO
2020-02-17,1.4246326351405287,1.5630505952331462,holt_winters,CUSCO
2020-02-24,1.473757898421237,1.5706129809966856,holt_winters,CUSCO
2020-03-02,1.793072109745838,1.587730517572183,holt_winters,CUSCO
2020-03-09,1.965010531228316,1.945760430420442,holt_winters,CUSCO
2020-03-16,1.8667600046669,1.8692423005098584,holt_winters,CUSCO
2020-03-23,1.5720084249826527,1.9749543309677724,holt_winters,CUSCO
2020-03-30,1.2526942136580512,2.0314753468787696,holt_winters,CUSCO
2020-04-06,1.1053184238159275,1.3925009083834683,holt_winters,CUSCO
2020-04-13,1.0316305288948657,1.3151962024823998,holt_winters,CUSCO
2020-04-20,0.9825052656141576,1.2959005975992184,holt_winters,CUSCO
2020-04-27,0.884254739052742,1.1653950933202413,holt_winters,CUSCO
2020-05-04,0.7614415808509722,0.855988747115138,holt_winters,CUSCO
2020-05-11,0.6140657910088486,0.9128032848116221,holt_winters,CUSCO
2020-05-18,0.6386284226492025,0.9958035703930066,holt_winters,CUSCO
2020-05-25,0.6386284226492025,1.0624326748636528,holt_winters,CUSCO
2020-06-01,0.7123163175702644,0.6315024398570266,holt_winters,CUSCO
2020-06-08,0.6631910542895564,0.7595903356952518,holt_winters,CUSCO
2020-06-15,0.6877536859299104,0.8239204970667875,holt_winters,CUSCO
2020-06-22,0.6877536859299104,0.9830365784985835,holt_winters,CUSCO
2020-06-29,0.9579426339738039,0.847828042098238,holt_winters,CUSCO
2020-07-06,1.1298810554562815,0.8415657798061339,holt_winters,CUSCO
2020-07-13,1.5228831617019445,0.7802582279734085,holt_winters,CUSCO
2020-07-20,2.1615115843511474,0.773307578700811,holt_winters,CUSCO
2020-07-27,3.0428434395586543,2.2489026853631744,holt_winters,CUSCO
2020-08-03,3.7767995049240386,2.2763423209632143,holt_winters,CUSCO
2020-08-10,3.948737926406516,2.003744503813078,holt_winters,CUSCO
2020-08-17,3.9487379264065154,1.9388603656572165,holt_winters,CUSCO
2020-08-24,3.9487379264065154,3.624619563439976,holt_winters,CUSCO
2020-08-31,3.8504873998451004,3.624619563439976,holt_winters,CUSCO
2020-09-07,3.5832213356464417,3.624619563439976,holt_winters,CUSCO
2020-09-14,2.947515796842474,3.607464632864907,holt_winters,CUSCO
2020-09-21,2.5545136905968104,3.1992846123793623,holt_winters,CUSCO
2020-09-28,2.0878236894300852,3.1650638700307647,holt_winters,CUSCO
2020-10-05,1.8913226363072537,3.055409429737645,holt_winters,CUSCO
2020-10-12,1.5228831617019445,2.9286039732332694,holt_winters,CUSCO
2020-10-19,1.4000700035001747,1.3545006323059745,holt_winters,CUSCO
2020-10-26,1.4000700035001747,1.2144097592823297,holt_winters,CUSCO
2020-11-02,1.350944740219467,1.086610797837242,holt_winters,CUSCO
2020-11-09,1.3263821085791128,1.1372886088577978,holt_winters,CUSCO
2020-11-16,1.301819476938759,1.3795075438089643,holt_winters,CUSCO
2020-11-23,1.5228831617019445,1.4736764940047158,holt_winters,CUSCO
2020-11-30,1.5720084249826523,1.3285284963013844,holt_winters,CUSCO
2020-12-07,1.5474457933422983,1.276423055012427,holt_winters,CUSCO
2020-12-14,1.4000700035001747,1.3465699284801531,holt_winters,CUSCO
2020-12-21,1.3755073718598207,1.2811507618787144,holt_winters,CUSCO
2020-12-28,1.1790063187369892,1.2883908612339405,holt_winters,CUSCO
2021-01-04,1.3697442800603732,1.3813081863383643,holt_winters,CUSCO
2021-01-11,1.778779642083208,1.4708103694310024,holt_winters,CUSCO
2021-01-18,2.287218149027348,1.4812474430449203,holt_winters,CUSCO
2021-01-25,2.700863984489741,1.3768458992938555,holt_winters,CUSCO
2021-02-01,3.1145098199521333,1.2702171560555418,holt_winters,CUSCO
2021-02-08,3.576819871351278,3.2813388458559727,holt_winters,CUSCO
2021-02-15,3.902893193053717,3.4034761765013433,holt_winters,CUSCO
2021-02-22,3.7325684372750847,3.6398542487683136,holt_winters,CUSCO
2021-03-01,3.5135794655596997,3.890770115735283,holt_winters,CUSCO
2021-03-08,2.9685171721418766,3.6684643329619284,holt_winters,CUSCO
2021-03-15,2.8955208482367483,3.534170489038428,holt_winters,CUSCO
2021-03-22,3.2118382518256374,3.5892791455413184,holt_winters,CUSCO
2021-03-29,3.6011519793196545,3.4161386892114476,holt_winters,CUSCO
2021-04-05,3.576819871351278,3.9216895337283653,holt_winters,CUSCO
2021-04-12,3.5865757894648276,3.9216895337283653,holt_winters,CUSCO
2021-04-19,3.742324355388634,3.9216895337283653,holt_winters,CUSCO
2021-04-26,3.9856454350723944,3.9216895337283653,holt_winters,CUSCO
2021-05-03,3.7325684372750842,3.948737926406515,holt_winters,CUSCO
2021-05-10,3.601151979319654,3.948737926406515,holt_winters,CUSCO
2021-05-17,3.406495115572646,3.948737926406515,holt_winters,CUSCO
2021-05-24,3.6011519793196545,3.948737926406515,holt_winters,CUSCO
2021-05-31,3.479491439477774,3.6190821626669516,holt_winters,CUSCO
2021-06-07,3.333498791667518,3.842158924229198,holt_winters,CUSCO
2021-06-14,2.6278676605846125,3.866688770202853,holt_winters,CUSCO
2021-06-21,1.9952328534068353,3.948737926406515,holt_winters,CUSCO
2021-06-28,1.5085906940393141,1.7486225357037788,holt_winters,CUSCO
2021-07-05,1.3139338302923058,1.4638165606420934,holt_winters,CUSCO
2021-07-12,1.0949448585769215,1.2329492148796242,holt_winters,CUSCO
2021-07-19,1.1192769665452975,1.1070205230444021,holt_winters,CUSCO
2021-07-26,1.1192769665452973,1.1790104009113396,holt_winters,CUSCO
2021-08-02,1.0462806426401692,1.1945661688203306,holt_winters,CUSCO
2021-08-09,1.0219485346717934,1.022336711710735,holt_winters,CUSCO
2021-08-16,0.9732843187350412,0.9279599498509564,holt_winters,CUSCO
2021-08-23,1.240937506387178,0.8701790804865452,holt_winters,CUSCO
2021-08-30,1.2652696143555537,0.7613734159432773,holt_winters,CUSCO
2021-09-06,1.2652696143555537,0.6946657541648559,holt_winters,CUSCO
2021-09-13,1.4355943701341858,0.5922884313915162,holt_winters,CUSCO
2021-09-20,1.5572549099760664,1.7078699257810965,holt_winters,CUSCO
2021-09-27,1.7519117737230747,1.8043048368528054,holt_winters,CUSCO
2021-10-04,1.5329228020076904,1.8994737883667954,holt_winters,CUSCO
2021-10-11,1.4599264781025623,1.9228537501911753,holt_winters,CUSCO
2021-10-18,1.386930154197434,1.4218618540008603,holt_winters,CUSCO
2021-10-25,1.4112622621658104,1.4533374722944448,holt_winters,CUSCO
2021-11-01,1.2896017223239298,1.4282301212599926,holt_winters,CUSCO
2021-11-08,1.338265938260682,1.5036295354092937,holt_winters,CUSCO
2021-11-15,1.4355943701341862,1.4082209438026767,holt_winters,CUSCO
2021-11-22,1.4355943701341862,1.5245518842041703,holt_winters,CUSCO
2021-11-29,1.5815870179444425,1.4549724894973808,holt_winters,CUSCO
2021-12-06,1.4112622621658104,1.4402682596036558,holt_winters,CUSCO
2021-12-13,1.484258586070938,1.1766230677916254,holt_winters,CUSCO
2021-12-20,1.240937506387178,1.113957841099742,holt_winters,CUSCO
2021-12-27,1.1679411824820496,0.9811157468404611,holt_winters,CUSCO
2022-01-03,1.2849039448607722,1.0830255991683773,holt_winters,CUSCO
2022-01-10,1.6438724092335708,1.420274685380624,holt_winters,CUSCO
2022-01-17,1.9556799464578285,1.5519367314151413,holt_winters,CUSCO
2022-01-24,2.2454103088960253,1.5253812076509452,holt_winters,CUSCO
2022-01-31,2.1488335214166265,1.5120119893562938,holt_winters,CUSCO
2022-02-07,2.0522567339372273,2.101801426181047,holt_winters,CUSCO
2022-02-14,1.5935169934100823,2.0521715863757213,holt_winters,CUSCO
2022-02-21,1.448651812190984,2.0350365869285088,holt_winters,CUSCO
2022-02-28,1.4727960090608336,2.087465359519078,holt_winters,CUSCO
2022-03-07,1.352075024711585,1.4442410366286964,holt_winters,CUSCO
2022-03-14,1.1830656466226368,1.2921084982956752,holt_winters,CUSCO
2022-03-21,1.0623446622733879,1.291671249639691,holt_winters,CUSCO
2022-03-28,1.4969402059306833,1.2311876443115712,holt_winters,CUSCO
2022-04-04,1.5452285996703825,1.7823638252716008,holt_winters,CUSCO
2022-04-11,1.8108147652387299,1.989220038955709,holt_winters,CUSCO
2022-04-18,1.5210844028005333,2.316271994838218,holt_winters,CUSCO
2022-04-25,1.4969402059306833,2.4203521121870613,holt_winters,CUSCO
2022-05-02,1.0140562685336885,1.3666395657410288,holt_winters,CUSCO
2022-05-09,1.3037866309718853,1.3276010942576086,holt_winters,CUSCO
2022-05-16,1.4969402059306833,1.3543922944545217,holt_winters,CUSCO
2022-05-23,1.8108147652387299,1.4518217706072467,holt_winters,CUSCO
2022-05-30,1.714237977759331,2.002424376913127,holt_winters,CUSCO
2022-06-06,1.7383821746291808,2.2635911804169724,holt_winters,CUSCO
2022-06-13,1.8349589621085798,2.346629077739628,holt_winters,CUSCO
2022-06-20,1.9073915527181289,2.4738926232853573,holt_winters,CUSCO
2022-06-27,1.8591031589784297,1.9469486579450075,holt_winters,CUSCO
2022-07-04,2.124689324546777,1.982565874177025,holt_winters,CUSCO
2022-07-11,2.2454103088960253,2.067693224679236,holt_winters,CUSCO
2022-07-18,2.293698702635725,2.241336672366412,holt_winters,CUSCO
2022-07-25,2.003968340197528,2.5128163701334665,holt_winters,CUSCO
2022-08-01,1.81081476523873,2.6210751829675853,holt_winters,CUSCO
2022-08-08,1.81081476523873,2.463335985253783,holt_winters,CUSCO
2022-08-15,1.7625263714990307,2.4438726103348247,holt_winters,CUSCO
2022-08-22,1.665949584019632,1.736887078029564,holt_winters,CUSCO
2022-08-29,1.448651812190984,1.6095254867441602,holt_winters,CUSCO
2022-09-05,1.6900937808894814,1.5099200315847405,holt_winters,CUSCO
2022-09-12,1.6176611902799323,1.3907004597197012,holt_winters,CUSCO
2022-09-19,1.714237977759331,1.7392736770104964,holt_winters,CUSCO
2022-09-26,1.3279308278417352,1.740515562511063,holt_winters,CUSCO
2022-10-03,1.4727960090608336,1.640096266740857,holt_winters,CUSCO
2022-10-10,1.5935169934100823,1.5534822697517667,holt_winters,CUSCO
2022-10-17,1.9073915527181289,1.6388298052690058,holt_winters,CUSCO
2022-10-24,1.9315357495879788,1.7798746155864682,holt_winters,CUSCO
2022-10-31,1.8349589621085798,1.8226683871508356,holt_winters,CUSCO
2022-11-07,1.641805387149782,1.9096028121448314,holt_winters,CUSCO
2022-11-14,1.7142379777593313,1.6211306704709607,holt_winters,CUSCO
2022-11-21,1.448651812190984,1.6153672757079247,holt_winters,CUSCO
2022-11-28,1.448651812190984,1.5521373663365983,holt_winters,CUSCO
2022-12-05,1.158921449752787,1.440090946127166,holt_winters,CUSCO
2022-12-12,1.255498237232186,0.9798290252293655,holt_winters,CUSCO
2022-12-19,1.3037866309718857,0.8410180506477307,holt_winters,CUSCO
2022-12-26,1.4245076153211345,0.6900681434842707,holt_winters,CUSCO
2023-01-02,1.8300348202375554,0.8151460076267006,holt_winters,CUSCO
2023-01-09,1.92248168227674,2.3588324174972675,holt_winters,CUSCO
2023-01-16,1.7989015187765738,2.979700232177112,holt_winters,CUSCO
2023-01-23,1.439121215021259,3.2523291882567054,holt_winters,CUSCO
2023-01-30,1.3431798006865083,3.4034681086689758,holt_winters,CUSCO
2023-02-06,1.6549893972744478,1.1563071092122255,holt_winters,CUSCO
2023-02-13,1.7029601044418232,0.9739155833719899,holt_winters,CUSCO
2023-02-20,1.6789747508581356,0.9144699252212533,holt_winters,CUSCO
2023-02-27,1.4870919221886343,0.9282224904986963,holt_winters,CUSCO
2023-03-06,1.4870919221886343,1.3123809268361872,holt_winters,CUSCO
2023-03-13,1.7269454580255108,1.124654991458069,holt_winters,CUSCO
2023-03-20,1.9907843474460751,1.0364901989068824,holt_winters,CUSCO
2023-03-27,2.4944767727035155,1.0226451646862627,holt_winters,CUSCO
2023-04-03,2.7343303085403927,2.755370991394538,holt_winters,CUSCO
2023-04-10,2.638388894205642,2.9991018425334466,holt_winters,CUSCO
2023-04-17,2.782301015707768,3.1956424828948453,holt_winters,CUSCO
2023-04-24,2.7343303085403927,3.2118806099298194,holt_winters,CUSCO
2023-05-01,3.0461399051283315,2.5151394012776414,holt_winters,CUSCO
2023-05-08,2.8782424300425187,2.5893346464286973,holt_winters,CUSCO
2023-05-15,2.5904181870382663,2.708095861793401,holt_winters,CUSCO
2023-05-22,2.230637883282952,2.98650462474618,holt_winters,CUSCO
2023-05-29,2.2546232368666392,1.94175583597619,holt_winters,CUSCO
2023-06-05,2.470491419119828,1.7736871840990216,holt_winters,CUSCO
2023-06-12,2.518462126287204,1.5194774105377347,holt_winters,CUSCO
2023-06-19,2.446506065536141,1.3706322426662279,holt_winters,CUSCO
2023-06-26,2.830271722875143,2.515470326024216,holt_winters,CUSCO
2023-07-03,2.7343303085403927,2.6360433690186147,holt_winters,CUSCO
2023-07-10,2.3745500047850774,2.7267255776306505,holt_winters,CUSCO
2023-07-17,1.8468722259439492,3.0194562999470684,holt_winters,CUSCO
2023-07-24,2.206652529699264,1.6136916585026546,holt_winters,CUSCO
2023-07-31,2.326579297617702,1.3859064514925583,holt_winters,CUSCO
2023-08-07,2.134696468948201,1.1207528003514369,holt_winters,CUSCO
2023-08-14,1.6070186901070727,0.9292937112569132,holt_winters,CUSCO
2023-08-21,1.7749161651928862,1.4262568539644918,holt_winters,CUSCO
2023-08-28,1.8708575795276365,1.1946916913008847,holt_winters,CUSCO
2023-09-04,2.1826671761155763,1.113108522653375,holt_winters,CUSCO
2023-09-11,2.1107111153645133,0.9627556784888175,holt_winters,CUSCO
2023-09-18,2.014769701029763,2.214609042952981,holt_winters,CUSCO
2023-09-25,2.0387550546134503,2.11045504712199,holt_winters,CUSCO
2023-10-02,1.9667989938623875,2.0599335360287983,holt_winters,CUSCO
2023-10-09,2.1107111153645133,2.046511409713159,holt_winters,CUSCO
2023-10-16,2.0387550546134503,2.2197311694589406,holt_winters,CUSCO
2023-10-23,1.9188282866950122,2.321299764869229,holt_winters,CUSCO
2023-10-30,1.8708575795276368,2.258743525504395,holt_winters,CUSCO
2023-11-06,1.9907843474460751,2.2688154140326997,holt_winters,CUSCO
2023-11-13,2.2546232368666392,2.1092958409775067,holt_winters,CUSCO
2023-11-20,2.35056465120139,2.209379599886553,holt_winters,CUSCO
2023-11-27,2.398535358368765,2.300144829867761,holt_winters,CUSCO
2023-12-04,2.2546232368666392,2.200045256611405,holt_winters,CUSCO
2010-12-27,1.8937086059999275,1.811007645379024,arima,CUSCO
2011-01-03,1.8320736017898989,1.7190110509185712,arima,CUSCO
2011-01-10,1.6893881835950346,1.7091034229617172,arima,CUSCO
2011-01-17,1.3561933280713034,1.80462348649997,arima,CUSCO
2011-01-24,1.4375649277555815,1.3230959088477838,arima,CUSCO
2011-01-31,1.247697861825599,1.3850252350917411,arima,CUSCO
2011-02-07,1.1120785290184685,1.564842671796199,arima,CUSCO
2011-02-14,0.8137159968427818,1.6078948514591762,arima,CUSCO
2011-02-21,0.840839863404208,0.8405894765582311,arima,CUSCO
2011-02-28,0.9222114630884861,0.9037000048319194,arima,CUSCO
2011-03-07,0.89508759652706,1.068589038933347,arima,CUSCO
2011-03-14,0.9493353296499123,1.0727011192049525,arima,CUSCO
2011-03-21,1.1392023955798949,0.9192912134378449,arima,CUSCO
2011-03-28,1.1120785290184687,0.9302846476513118,arima,CUSCO
2011-04-04,1.1663262621413208,0.9034414469896453,arima,CUSCO
2011-04-11,0.9764591962113384,0.9157680154912929,arima,CUSCO
2011-04-18,1.0307069293341906,0.9567216630885993,arima,CUSCO
2011-04-25,0.7865921302813558,0.9319139181264374,arima,CUSCO
2011-05-02,0.9493353296499123,1.0209003705289987,arima,CUSCO
2011-05-09,1.0307069293341904,1.0449548926574472,arima,CUSCO
2011-05-16,1.2748217283870251,1.1804301038653822,arima,CUSCO
2011-05-23,1.301945594948451,1.1052348561375944,arima,CUSCO
2011-05-30,1.0849546624570428,1.0474942825053561,arima,CUSCO
2011-06-06,0.9764591962113384,0.9677389874233656,arima,CUSCO
2011-06-13,0.8679637299656341,0.9550274350047405,arima,CUSCO
2011-06-20,0.9222114630884861,1.0565815747070606,arima,CUSCO
2011-06-27,0.89508759652706,1.1310414475189747,arima,CUSCO
2011-07-04,0.8408398634042079,1.151899615601931,arima,CUSCO
2011-07-11,1.1120785290184685,0.803180260359349,arima,CUSCO
2011-07-18,1.356193328071303,0.8115811215559615,arima,CUSCO
2011-07-25,1.2205739952641728,0.8410871227689825,arima,CUSCO
2011-08-01,1.0578307958956163,0.8654077483847978,arima,CUSCO
2011-08-08,1.0035830627727644,0.9276933803234706,arima,CUSCO
2011-08-15,1.247697861825599,0.9700727989793382,arima,CUSCO
2011-08-22,1.1934501287027468,1.0583366359923307,arima,CUSCO
2011-08-29,1.247697861825599,1.1408270676305632,arima,CUSCO
2011-09-05,1.301945594948451,1.1310803812978318,arima,CUSCO
2011-09-12,1.5731842605627115,1.1390855685252566,arima,CUSCO
2011-09-19,1.79017519305412,1.1165634670542834,arima,CUSCO
2011-09-26,2.007166125545529,1.1707342521061237,arima,CUSCO
2011-10-03,2.0342899921069546,1.8767316943623893,arima,CUSCO
2011-10-10,1.8444229261769722,1.7371279223714702,arima,CUSCO
2011-10-17,1.7359274599312682,1.6160455485574294,arima,CUSCO
2011-10-24,1.5731842605627115,1.6611409797459205,arima,CUSCO
2011-10-31,1.4646887943170075,1.6302878673143542,arima,CUSCO
2011-11-07,1.5460603940012856,1.6936525294570992,arima,CUSCO
2011-11-14,1.3561933280713034,1.78844613677904,arima,CUSCO
2011-11-21,1.1663262621413206,1.7711607029316399,arima,CUSCO
2011-11-28,0.8408398634042079,1.0975569128250358,arima,CUSCO
2011-12-05,1.0307069293341904,1.1726982678438427,arima,CUSCO
2011-12-12,1.1663262621413208,1.2804559694094768,arima,CUSCO
2011-12-19,1.1934501287027468,1.334336581904802,arima,CUSCO
2011-12-26,1.247697861825599,1.0782437288131808,arima,CUSCO
2012-01-02,1.0556345103758071,0.995827013274489,arima,CUSCO
2012-01-09,0.9175051369746093,0.9726714424325874,arima,CUSCO
2012-01-16,0.5898224527176873,1.0248289635333767,arima,CUSCO
2012-01-23,0.9115437905636986,0.6035331887841421,arima,CUSCO
2012-01-30,1.0455943479995367,0.6660807728543557,arima,CUSCO
2012-02-06,1.1260246824610396,0.8427488899264459,arima,CUSCO
2012-02-13,0.9115437905636986,0.8634318808987207,arima,CUSCO
2012-02-20,0.8311134561021959,0.816201857237469,arima,CUSCO
2012-02-27,0.7774932331278607,0.7703515342990532,arima,CUSCO
2012-03-05,0.6434426756920226,0.864259990981371,arima,CUSCO
2012-03-12,0.7238730101535253,0.9287393581788522,arima,CUSCO
2012-03-19,0.8043033446150282,0.7678932001097082,arima,CUSCO
2012-03-26,1.0724044594867044,0.8459535910384252,arima,CUSCO
2012-04-02,1.1260246824610396,0.8138271530129391,arima,CUSCO
2012-04-09,1.1528347939482073,0.7844772869398853,arima,CUSCO
2012-04-16,1.2064550169225423,1.0092529210542218,arima,CUSCO
2012-04-23,1.1260246824610396,0.959620192678266,arima,CUSCO
2012-04-30,1.0724044594867044,0.940186595607481,arima,CUSCO
2012-05-07,0.9919741250252015,1.007844616293654,arima,CUSCO
2012-05-14,0.9115437905636986,1.0166125628209206,arima,CUSCO
2012-05-21,1.0724044594867044,1.0484209732703107,arima,CUSCO
2012-05-28,0.8043033446150282,1.095830500401832,arima,CUSCO
2012-06-04,0.8847336790765311,1.0899313586956623,arima,CUSCO
2012-06-11,0.9651640135380338,0.8238318658466486,arima,CUSCO
2012-06-18,1.0992145709738719,0.9464353820328304,arima,CUSCO
2012-06-25,1.2332651284097098,0.9234904196978608,arima,CUSCO
2012-07-02,1.4209359088198827,0.9517194446766961,arima,CUSCO
2012-07-09,1.7158471351787268,1.369704187016821,arima,CUSCO
2012-07-16,1.849897692614565,1.2833431125901231,arima,CUSCO
2012-07-23,1.635416800717224,1.1759938875871065,arima,CUSCO
2012-07-30,1.554986466255721,1.180095999412279,arima,CUSCO
2012-08-06,1.6086066892300563,1.482422351872314,arima,CUSCO
2012-08-13,1.5281763547685536,1.570051152149979,arima,CUSCO
2012-08-20,1.7694673581530622,1.6270182091696719,arima,CUSCO
2012-08-27,1.6890370236915595,1.6748887584932417,arima,CUSCO
2012-09-03,1.715847135178727,1.7161572099824056,arima,CUSCO
2012-09-10,1.3136954628712127,1.5980574917527572,arima,CUSCO
2012-09-17,1.5817965777428888,1.612863287108313,arima,CUSCO
2012-09-24,1.4209359088198832,1.6039000380006068,arima,CUSCO
2012-10-01,1.5817965777428888,1.6064030946860277,arima,CUSCO
2012-10-08,1.1796449054353748,1.494740638573839,arima,CUSCO
2012-10-15,1.3136954628712127,1.5598934425413165,arima,CUSCO
2012-10-22,1.4209359088198832,1.4742656078750511,arima,CUSCO
2012-10-29,1.849897692614565,1.6722147362108677,arima,CUSCO
2012-11-05,2.037568473024738,1.632102377213059,arima,CUSCO
2012-11-12,1.849897692614565,1.5727037329919413,arima,CUSCO
2012-11-19,1.5281763547685536,1.433884869612027,arima,CUSCO
2012-11-26,1.3136954628712127,1.3907524659477342,arima,CUSCO
2012-12-03,1.3136954628712127,1.4415014555856198,arima,CUSCO
2012-12-10,1.1796449054353746,1.6062523138132663,arima,CUSCO
2012-12-17,1.152834793948207,1.7161334460208757,arima,CUSCO
2012-12-24,1.152834793948207,1.1446365640670713,arima,CUSCO
2012-12-31,1.2064550169225423,1.2097353501797066,arima,CUSCO
2013-01-07,1.2554768655722575,1.2355676859534597,arima,CUSCO
2013-01-14,1.1978713848499183,1.24631133334075,arima,CUSCO
2013-01-21,1.4311918727384185,1.1612025065457316,arima,CUSCO
2013-01-28,1.537206085533857,1.128901243845215,arima,CUSCO
2013-02-04,1.537206085533857,1.1505683408095841,arima,CUSCO
2013-02-11,0.9806314683578053,1.1726707483938987,arima,CUSCO
2013-02-18,1.1926598939486823,0.8518442577764819,arima,CUSCO
2013-02-25,1.2721705535452612,0.8217751878373322,arima,CUSCO
2013-03-04,1.5107025323349976,1.0648719317184008,arima,CUSCO
2013-03-11,1.272170553545261,1.1846669437370634,arima,CUSCO
2013-03-18,1.1396527875509632,1.2001594577636776,arima,CUSCO
2013-03-25,1.1661563407498228,1.0765081554277096,arima,CUSCO
2013-04-01,1.272170553545261,1.1675537580744366,arima,CUSCO
2013-04-08,1.4046883195395592,1.2148533241636,arima,CUSCO
2013-04-15,1.139652787550963,1.411165991085073,arima,CUSCO
2013-04-22,0.9541279151589457,1.355466117430509,arima,CUSCO
2013-04-29,0.8216101491646478,1.2806823308433342,arima,CUSCO
2013-05-06,0.9806314683578053,1.266652922289218,arima,CUSCO
2013-05-13,0.9276243619600861,1.098625958246739,arima,CUSCO
2013-05-20,1.272170553545261,1.194595059067765,arima,CUSCO
2013-05-27,1.3251776599429803,1.1161284821959185,arima,CUSCO
2013-06-03,1.6962274047270147,1.0457262887327687,arima,CUSCO
2013-06-10,1.6432202983292956,1.653072826879611,arima,CUSCO
2013-06-17,2.01427004311333,1.8172174329790847,arima,CUSCO
2013-06-24,1.6432202983292956,1.730041645364411,arima,CUSCO
2013-07-01,1.7757380643235934,1.7277054030998062,arima,CUSCO
2013-07-08,1.4046883195395587,1.6876092796275868,arima,CUSCO
2013-07-15,1.3781847663406992,1.8664788323223893,arima,CUSCO
2013-07-22,1.2986741067441205,1.7787463269982382,arima,CUSCO
2013-07-29,1.32517765994298,1.769706732360365,arima,CUSCO
2013-08-05,1.537206085533857,1.3762967467694476,arima,CUSCO
2013-08-12,1.537206085533857,1.2761763467483842,arima,CUSCO
2013-08-19,1.8552487239201723,1.3273225370943091,arima,CUSCO
2013-08-26,1.6962274047270147,1.3295751163873684,arima,CUSCO
2013-09-02,1.537206085533857,1.6791620718170717,arima,CUSCO
2013-09-09,1.5372060855338567,1.5904204426241826,arima,CUSCO
2013-09-16,1.7492345111247338,1.6593614769740754,arima,CUSCO
2013-09-23,1.8552487239201723,1.6437861874530815,arima,CUSCO
2013-09-30,1.6962274047270143,1.8126573223870541,arima,CUSCO
2013-10-07,1.510702532334997,1.774641770617432,arima,CUSCO
2013-10-14,1.1661563407498223,1.8172152616498434,arima,CUSCO
2013-10-21,1.0071350215566646,1.8016694843346386,arima,CUSCO
2013-10-28,0.848113702363507,0.9179173206818672,arima,CUSCO
2013-11-04,0.8481137023635071,0.9855123921975051,arima,CUSCO
2013-11-11,0.8481137023635071,0.9712929443078113,arima,CUSCO
2013-11-18,1.0336385747555243,0.9556959959955392,arima,CUSCO
2013-11-25,1.245667000346401,1.1364408406872237,arima,CUSCO
2013-12-02,1.3251776599429799,1.1660115899340995,arima,CUSCO
2013-12-09,1.2986741067441203,1.1064915887769056,arima,CUSCO
2013-12-16,1.2721705535452605,1.138149192668744,arima,CUSCO
2013-12-23,1.2721705535452605,1.2700234386362452,arima,CUSCO
2013-12-30,1.0866456811532434,1.2594211177758783,arima,CUSCO
2014-01-06,1.0818513210457843,1.267822732216938,arima,CUSCO
2014-01-13,0.8933299735866053,1.26585154838082,arima,CUSCO
2014-01-20,1.2577874732228835,0.9078411037672766,arima,CUSCO
2014-01-27,1.336399190299314,0.8298425303315952,arima,CUSCO
2014-02-03,1.2577874732228838,0.8753392101226917,arima,CUSCO
2014-02-10,1.0481562276857364,0.8740839322746385,arima,CUSCO
2014-02-17,0.9171366992250193,0.9799020836785353,arima,CUSCO
2014-02-24,1.0743601333778798,1.0939506491131172,arima,CUSCO
2014-03-03,1.100564039070023,1.0420388488636936,arima,CUSCO
2014-03-10,0.9957484163014496,1.0321505599372596,arima,CUSCO
2014-03-17,0.9433406049171627,0.964098218272928,arima,CUSCO
2014-03-24,0.8909327935328758,0.8869844275062083,arima,CUSCO
2014-03-31,1.0743601333778798,0.9508791875674931,arima,CUSCO
2014-04-07,1.0481562276857364,0.9377154380171274,arima,CUSCO
2014-04-14,1.1267679447621666,1.0249253723128937,arima,CUSCO
2014-04-21,0.9433406049171627,0.9948434507065073,arima,CUSCO
2014-04-28,1.021952321993593,1.0257928474281464,arima,CUSCO
2014-05-05,0.8385249821485891,1.0164675970792527,arima,CUSCO
2014-05-12,0.707505453687872,0.859678651105817,arima,CUSCO
2014-05-19,0.5764859252271549,0.8105664875646363,arima,CUSCO
2014-05-26,0.5502820195350114,0.8333945720170334,arima,CUSCO
2014-06-02,0.6550976423035851,0.8383812900106995,arima,CUSCO
2014-06-09,0.7599132650721588,0.6774890793215028,arima,CUSCO
2014-06-16,0.6550976423035851,0.6873993606310419,arima,CUSCO
2014-06-23,0.9433406049171627,0.6719799894087817,arima,CUSCO
2014-06-30,1.0481562276857364,0.6777034726379997,arima,CUSCO
2014-07-07,1.336399190299314,1.2656496564845334,arima,CUSCO
2014-07-14,1.1529718504543098,1.1464917929752,arima,CUSCO
2014-07-21,1.1005640390700233,1.1350038051775726,arima,CUSCO
2014-07-28,1.0743601333778798,1.1909632963113679,arima,CUSCO
2014-08-04,1.336399190299314,1.0599223983113106,arima,CUSCO
2014-08-11,1.6246421529128916,1.0629753984681258,arima,CUSCO
2014-08-18,1.8080694927578953,1.0666027824063185,arima,CUSCO
2014-08-25,1.6246421529128916,1.0629921880725974,arima,CUSCO
2014-09-01,1.4412148130678875,1.5859446549167528,arima,CUSCO
2014-09-08,1.3101952846071703,1.5966041864190823,arima,CUSCO
2014-09-15,1.4150109073757442,1.6058348766808983,arima,CUSCO
2014-09-22,1.3626030959914572,1.5952326796780454,arima,CUSCO
2014-09-29,1.4936226244521744,1.4078496909458589,arima,CUSCO
2014-10-06,1.2315835675307403,1.310822004835466,arima,CUSCO
2014-10-13,1.1529718504543103,1.3578499364993892,arima,CUSCO
2014-10-20,0.9957484163014495,1.3641986298236195,arima,CUSCO
2014-10-27,1.205379661838597,0.9944082519479849,arima,CUSCO
2014-11-03,1.2315835675307403,1.0107201172024123,arima,CUSCO
2014-11-10,1.336399190299314,1.0003144803809256,arima,CUSCO
2014-11-17,1.1529718504543098,1.0008457340533765,arima,CUSCO
2014-11-24,1.15297185045431,1.185047266863392,arima,CUSCO
2014-12-01,0.8909327935328758,1.1355017190059609,arima,CUSCO
2014-12-08,0.8909327935328758,1.1566383265305331,arima,CUSCO
2014-12-15,0.9433406049171627,1.1613800462915298,arima,CUSCO
2014-12-22,1.0219523219935929,1.0512234845516544,arima,CUSCO
2014-12-29,1.283991378915027,1.0456700085235182,arima,CUSCO
2015-01-05,1.357037090394983,1.0061479224260594,arima,CUSCO
2015-01-12,1.5348984246435124,1.0352159946277668,arima,CUSCO
2015-01-19,1.1659931113126982,1.4186692063110093,arima,CUSCO
2015-01-26,1.0364383211668426,1.4303419623723899,arima,CUSCO
2015-02-02,0.803239698904303,1.4660570606418566,arima,CUSCO
2015-02-09,0.751417782845961,1.4366174659676978,arima,CUSCO
2015-02-16,0.5182191605834213,0.6906943730562143,arima,CUSCO
2015-02-23,0.6477739507292767,0.7211049531960317,arima,CUSCO
2015-03-02,0.8032396989043032,0.7230861755638298,arima,CUSCO
2015-03-09,0.8550616149626453,0.7101531350082971,arima,CUSCO
2015-03-16,0.6736849087584478,0.798143841449271,arima,CUSCO
2015-03-23,0.6477739507292767,0.7005449468642275,arima,CUSCO
2015-03-30,0.6736849087584478,0.7886719174941834,arima,CUSCO
2015-04-06,0.9587054470793296,0.7646073095236373,arima,CUSCO
2015-04-13,1.165993111312698,0.9325052904085728,arima,CUSCO
2015-04-20,1.2178150273710404,1.0797374146619136,arima,CUSCO
2015-04-27,0.9327944890501585,0.9858908757504714,arima,CUSCO
2015-05-04,0.751417782845961,0.9940794685318176,arima,CUSCO
2015-05-11,1.114171195254356,0.7923313232366076,arima,CUSCO
2015-05-18,1.140082153283527,0.8312625381441456,arima,CUSCO
2015-05-25,1.2955479014585534,0.7882892109862216,arima,CUSCO
2015-06-01,0.9846164051085005,0.8028197292051762,arima,CUSCO
2015-06-08,1.3732807755460668,1.062804900772572,arima,CUSCO
2015-06-15,1.5546574817502643,0.9472370157382187,arima,CUSCO
2015-06-22,1.9174108941586592,0.9977891241524334,arima,CUSCO
2015-06-29,1.9692328102170016,1.0060497436460143,arima,CUSCO
2015-07-06,1.7101232299252904,1.938759719302158,arima,CUSCO
2015-07-13,1.528746523721093,2.0100787317483277,arima,CUSCO
2015-07-20,1.3991917335752377,1.9730288413620014,arima,CUSCO
2015-07-27,1.554657481750264,1.9736153517647672,arima,CUSCO
2015-08-03,1.3991917335752377,1.6727002456031754,arima,CUSCO
2015-08-10,1.3473698175168956,1.6609850205874848,arima,CUSCO
2015-08-17,1.0364383211668426,1.6224597145807245,arima,CUSCO
2015-08-24,1.0623492791960139,1.65442246021494,arima,CUSCO
2015-08-31,0.8809725729918162,0.9347764098396646,arima,CUSCO
2015-09-07,1.165993111312698,0.9773868319696293,arima,CUSCO
2015-09-14,1.0623492791960139,0.9958247608511243,arima,CUSCO
2015-09-21,1.2437259854002114,0.9655186782254837,arima,CUSCO
2015-09-28,1.140082153283527,1.1246833775746234,arima,CUSCO
2015-10-05,1.1141711952543558,1.25802819719148,arima,CUSCO
2015-10-12,0.9327944890501584,1.203230951503531,arima,CUSCO
2015-10-19,0.7255068248167897,1.1950113567961458,arima,CUSCO
2015-10-26,0.803239698904303,0.7347643324043468,arima,CUSCO
2015-11-02,0.803239698904303,0.6924879399266916,arima,CUSCO
2015-11-09,0.8550616149626452,0.7194820243447756,arima,CUSCO
2015-11-16,1.2437259854002114,0.7147602253668761,arima,CUSCO
2015-11-23,1.425102691604409,1.3370982472483426,arima,CUSCO
2015-11-30,1.5028355656919221,1.528934759881329,arima,CUSCO
2015-12-07,1.140082153283527,1.3484495730411747,arima,CUSCO
2015-12-14,0.9327944890501584,1.40690469876607,arima,CUSCO
2015-12-21,1.1919040693418692,0.9097465368376794,arima,CUSCO
2015-12-28,0.8550616149626453,0.8771716832465675,arima,CUSCO
2016-01-04,1.1081557381138298,0.9096422585457407,arima,CUSCO
2016-01-11,0.9737312921875486,0.898218282670183,arima,CUSCO
2016-01-18,1.4349724305921772,1.2595296796520734,arima,CUSCO
2016-01-25,1.1787273537007168,1.1675816448162342,arima,CUSCO
2016-02-01,1.0249803075658406,1.1310272108618997,arima,CUSCO
2016-02-08,0.7943597383635265,1.1912276249483125,arima,CUSCO
2016-02-15,0.8199842460526726,0.7708242686858946,arima,CUSCO
2016-02-22,0.7943597383635265,0.7462815160681154,arima,CUSCO
2016-02-29,0.8199842460526726,0.7725804475541106,arima,CUSCO
2016-03-07,0.9224822768092565,0.7610861644515491,arima,CUSCO
2016-03-14,1.2043518613898627,0.9708360220670829,arima,CUSCO
2016-03-21,1.281225384457301,1.0422566851043398,arima,CUSCO
2016-03-28,1.383723415213885,0.9719787363004451,arima,CUSCO
2016-04-04,1.281225384457301,1.0005703110612993,arima,CUSCO
2016-04-11,1.358098907524739,1.3855048772034966,arima,CUSCO
2016-04-18,1.2556008767681548,1.3147678826876532,arima,CUSCO
2016-04-25,1.281225384457301,1.3326806000073532,arima,CUSCO
2016-05-02,1.2556008767681548,1.342474045402676,arima,CUSCO
2016-05-09,1.281225384457301,1.2480062453666265,arima,CUSCO
2016-05-16,1.3324743998355928,1.223635124086859,arima,CUSCO
2016-05-23,1.3068498921464469,1.2443094864547761,arima,CUSCO
2016-05-30,1.537470461348761,1.236953631499111,arima,CUSCO
2016-06-06,1.5374704613487609,1.5457098808456105,arima,CUSCO
2016-06-13,1.537470461348761,1.7054202008865897,arima,CUSCO
2016-06-20,1.2812253844573007,1.5827235236774766,arima,CUSCO
2016-06-27,1.588719476727053,1.6213219571772997,arima,CUSCO
2016-07-04,2.12683413819912,1.713290459226796,arima,CUSCO
2016-07-11,2.434328230468872,1.8766751825072054,arima,CUSCO
2016-07-18,2.0755851228208275,1.709691474101633,arima,CUSCO
2016-07-25,1.8962135689968054,1.7805465743064175,arima,CUSCO
2016-08-01,2.0755851228208275,1.8394433139359132,arima,CUSCO
2016-08-08,2.3062056920231417,1.9375990846596471,arima,CUSCO
2016-08-15,2.2293321689557035,1.8833266966922213,arima,CUSCO
2016-08-22,1.9218380766859517,1.891582081808927,arima,CUSCO
2016-08-29,1.6912175074836373,1.8463259536517258,arima,CUSCO
2016-09-05,1.588719476727053,1.8142090163660913,arima,CUSCO
2016-09-12,1.6143439844161993,1.8612773838581675,arima,CUSCO
2016-09-19,1.6399684921053452,1.8369924789035947,arima,CUSCO
2016-09-26,1.8193400459293674,1.6495706345064372,arima,CUSCO
2016-10-03,1.716842015172783,1.6234248695230493,arima,CUSCO
2016-10-10,1.844964553618513,1.639469592435307,arima,CUSCO
2016-10-17,1.844964553618513,1.63602469277363,arima,CUSCO
2016-10-24,1.716842015172783,1.9820645142120115,arima,CUSCO
2016-10-31,1.4605969382813226,1.9807677520306106,arima,CUSCO
2016-11-07,1.2043518613898625,1.9364279603434604,arima,CUSCO
2016-11-14,1.3837234152138846,1.9693975376731288,arima,CUSCO
2016-11-21,1.4349724305921765,1.4211194699848955,arima,CUSCO
2016-11-28,1.716842015172783,1.4953989615877352,arima,CUSCO
2016-12-05,1.5374704613487609,1.4288611560784714,arima,CUSCO
2016-12-12,1.6399684921053448,1.4536378599687394,arima,CUSCO
2016-12-19,1.5374704613487609,1.5055399134409508,arima,CUSCO
2016-12-26,1.691217507483637,1.6126934298606914,arima,CUSCO
2017-01-02,1.76164630769067,1.575308205781269,arima,CUSCO
2017-01-09,1.526542453020248,1.5688630252973865,arima,CUSCO
2017-01-16,1.4953138384959672,1.5014767415255768,arima,CUSCO
2017-01-23,1.39393662910641,1.369205797459343,arima,CUSCO
2017-01-30,1.5206581408433564,1.474731169806106,arima,CUSCO
2017-02-06,1.622035350232914,1.4385044540176468,arima,CUSCO
2017-02-13,1.6473796525803028,1.6367086641719784,arima,CUSCO
2017-02-20,1.6473796525803028,1.708795434876495,arima,CUSCO
2017-02-27,1.4192809314537993,1.6504486724372136,arima,CUSCO
2017-03-06,1.2672151173694637,1.670783008762875,arima,CUSCO
2017-03-13,1.1404936056325172,1.2111280706087895,arima,CUSCO
2017-03-20,1.0644606985903493,1.209695933528877,arima,CUSCO
2017-03-27,1.2925594197168528,1.2281711063505425,arima,CUSCO
2017-04-03,1.4192809314537993,1.2149065279830669,arima,CUSCO
2017-04-10,1.6220353502329135,1.5817422300953259,arima,CUSCO
2017-04-17,1.4446252338011885,1.4794708268568928,arima,CUSCO
2017-04-24,1.4446252338011887,1.503319485074552,arima,CUSCO
2017-05-01,1.4192809314537993,1.517256566026498,arima,CUSCO
2017-05-08,1.3432480244116316,1.4405311652370358,arima,CUSCO
2017-05-15,1.4192809314537993,1.449576970232664,arima,CUSCO
2017-05-22,1.5206581408433564,1.4367442086497213,arima,CUSCO
2017-05-29,1.5460024431907458,1.4434782240071997,arima,CUSCO
2017-06-05,1.4192809314537993,1.5148343281422407,arima,CUSCO
2017-06-12,1.4446252338011885,1.4330877690981516,arima,CUSCO
2017-06-19,1.6473796525803028,1.5004348167262818,arima,CUSCO
2017-06-26,1.850134071359417,1.4754254773272695,arima,CUSCO
2017-07-03,2.382364420654592,1.8573073975972092,arima,CUSCO
2017-07-10,2.3063315136124243,1.869125163330001,arima,CUSCO
2017-07-17,2.483741630044149,1.8584350647082868,arima,CUSCO
2017-07-24,2.1796100018754774,1.8628489098156114,arima,CUSCO
2017-07-31,2.1796100018754774,2.337505005499715,arima,CUSCO
2017-08-07,2.0021998854437526,2.337505005499715,arima,CUSCO
2017-08-14,1.6980682572750814,2.3135773995272046,arima,CUSCO
2017-08-21,1.850134071359417,2.337505005499715,arima,CUSCO
2017-08-28,1.7741011643172493,1.7981280047718236,arima,CUSCO
2017-09-04,1.7994454666646387,1.923299635921023,arima,CUSCO
2017-09-11,1.672723954927692,1.8459246692757894,arima,CUSCO
2017-09-18,1.6473796525803028,1.8661019963587915,arima,CUSCO
2017-09-25,1.850134071359417,1.672467928937305,arima,CUSCO
2017-10-02,2.027544187791142,1.649825853880882,arima,CUSCO
2017-10-09,2.0021998854437526,1.6589116798873775,arima,CUSCO
2017-10-16,1.7994454666646387,1.6588896216990046,arima,CUSCO
2017-10-23,1.7741011643172493,1.6687530351450475,arima,CUSCO
2017-10-30,1.672723954927692,1.6935783873841115,arima,CUSCO
2017-11-06,1.7234125596224708,1.7142701930715565,arima,CUSCO
2017-11-13,1.6473796525803028,1.6918155884278547,arima,CUSCO
2017-11-20,1.824789769012028,1.763812278587811,arima,CUSCO
2017-11-27,2.027544187791142,1.7454204524274206,arima,CUSCO
2017-12-04,2.0528884901385314,1.7237520921188536,arima,CUSCO
2017-12-11,2.10357709483331,1.7451147550773203,arima,CUSCO
2017-12-18,1.6980682572750814,1.9933203173838991,arima,CUSCO
2017-12-25,1.6473796525803028,2.0330930465936174,arima,CUSCO
2018-01-01,1.6446280205631993,2.036004168478758,arima,CUSCO
2018-01-08,2.3497843452251908,2.02215712304479,arima,CUSCO
2018-01-15,2.524239005045953,2.3631421761512463,arima,CUSCO
2018-01-22,2.5747237851468725,2.3631421761512463,arima,CUSCO
2018-01-29,2.044633594087222,2.3631421761512463,arima,CUSCO
2018-02-05,1.8931792537844647,2.3631421761512463,arima,CUSCO
2018-02-12,1.716482523431248,1.803084219586659,arima,CUSCO
2018-02-19,1.4135738428257334,1.8090327556244112,arima,CUSCO
2018-02-26,1.3883314527752741,1.8276809033294408,arima,CUSCO
2018-03-05,1.3630890627248144,1.8130789064419022,arima,CUSCO
2018-03-12,1.766967303532167,1.515033888540891,arima,CUSCO
2018-03-19,1.7164825234312477,1.4673859591266027,arima,CUSCO
2018-03-26,1.9689064239358434,1.4612903963286388,arima,CUSCO
2018-04-02,1.6912401333807885,1.4774947565311014,arima,CUSCO
2018-04-09,1.9436640338853841,1.7688828220899764,arima,CUSCO
2018-04-16,1.8174520836330863,1.6046944716826899,arima,CUSCO
2018-04-23,2.0698759841376813,1.6991645418237107,arima,CUSCO
2018-04-30,1.7164825234312477,1.6711849617776264,arima,CUSCO
2018-05-07,1.489301012977112,1.694357129695749,arima,CUSCO
2018-05-14,1.5145434030275713,1.5548162595369437,arima,CUSCO
2018-05-21,1.7417249134817074,1.6546507767239227,arima,CUSCO
2018-05-28,2.1456031542890597,1.616269866761008,arima,CUSCO
2018-06-04,2.2718151045413575,2.1451940550201707,arima,CUSCO
2018-06-11,2.9887772096541014,2.2164026573872766,arima,CUSCO
2018-06-18,3.1149891599063992,2.1676453016274593,arima,CUSCO
2018-06-25,3.518867400713752,2.184198475473324,arima,CUSCO
2018-07-02,3.1048139762065223,2.7444856891948466,arima,CUSCO
2018-07-09,3.029086806055144,2.7444856891948466,arima,CUSCO
2018-07-16,2.70093573539917,2.7444856891948466,arima,CUSCO
2018-07-23,2.6756933453487104,2.7444856891948466,arima,CUSCO
2018-07-30,2.625208565247791,2.716099572292287,arima,CUSCO
2018-08-06,2.801905295601008,2.742082257985843,arima,CUSCO
2018-08-13,2.7766629055505483,2.7156550488495186,arima,CUSCO
2018-08-20,2.72617812544963,2.727465986783708,arima,CUSCO
2018-08-27,2.473754224945034,2.5726469099669953,arima,CUSCO
2018-09-03,2.0193912040367628,2.524539838786751,arima,CUSCO
2018-09-10,1.9689064239358434,2.590697268337103,arima,CUSCO
2018-09-17,1.7417249134817077,2.556731207232745,arima,CUSCO
2018-09-24,1.9436640338853841,1.8521843976506531,arima,CUSCO
2018-10-01,1.8426944736835458,1.743141231425991,arima,CUSCO
2018-10-08,1.665997743330329,1.790684530718127,arima,CUSCO
2018-10-15,1.665997743330329,1.7818763851797597,arima,CUSCO
2018-10-22,1.665997743330329,1.5993597582792938,arima,CUSCO
2018-10-29,1.8426944736835458,1.7638019913464549,arima,CUSCO
2018-11-05,1.9941488139863033,1.6671268311009597,arima,CUSCO
2018-11-12,2.1708455443395196,1.6947042543019866,arima,CUSCO
2018-11-19,2.347542274692737,2.3640811602525478,arima,CUSCO
2018-11-26,2.221330324440439,2.306878491740456,arima,CUSCO
2018-12-03,1.8679368637340052,2.3006596182584342,arima,CUSCO
2018-12-10,1.5397857930780312,2.3171848690675354,arima,CUSCO
2018-12-17,1.1359075522706787,1.3523326116338181,arima,CUSCO
2018-12-24,1.1611499423211384,1.3427613352300556,arima,CUSCO
2018-12-31,1.2116347224220574,1.3871868606006348,arima,CUSCO
2019-01-07,1.4316865024751626,1.3610334676831717,arima,CUSCO
2019-01-14,1.6483610418119896,1.4243538351338727,arima,CUSCO
2019-01-21,1.8401684400668323,1.45200822661981,arima,CUSCO
2019-01-28,1.9147698633127852,1.4367919041663553,arima,CUSCO
2019-02-04,1.8153012989848485,1.4399139307995652,arima,CUSCO
2019-02-11,1.5914970292469903,1.7691971223072418,arima,CUSCO
2019-02-18,1.5417627470830222,1.7846622579127376,arima,CUSCO
2019-02-25,1.7158327346569113,1.7838024600716882,arima,CUSCO
2019-03-04,1.9147698633127854,1.7813176277826832,arima,CUSCO
2019-03-11,1.8650355811488168,2.050982370552502,arima,CUSCO
2019-03-18,1.6412313114109587,1.9470807982395677,arima,CUSCO
2019-03-25,1.4920284649190532,1.9876449776247875,arima,CUSCO
2019-04-01,1.59149702924699,1.9815401759983657,arima,CUSCO
2019-04-08,1.6909655935749273,1.5518088746019505,arima,CUSCO
2019-04-15,1.6163641703289746,1.644820354430128,arima,CUSCO
2019-04-22,1.6163641703289746,1.589138390211608,arima,CUSCO
2019-04-29,1.4920284649190532,1.606568128237392,arima,CUSCO
2019-05-06,1.6163641703289742,1.64878693070022,arima,CUSCO
2019-05-13,1.7655670168208797,1.5785815456398775,arima,CUSCO
2019-05-20,1.7904341579028642,1.5921239032296572,arima,CUSCO
2019-05-27,1.9396370043947695,1.5975941948506678,arima,CUSCO
2019-06-03,1.9147698633127852,1.7893014814780561,arima,CUSCO
2019-06-10,2.1137069919686593,1.8735688041652585,arima,CUSCO
2019-06-17,2.163441274132628,1.8458971218152234,arima,CUSCO
2019-06-24,2.436979826034454,1.8477784484116186,arima,CUSCO
2019-07-01,2.7602526601002495,2.5534386805029223,arima,CUSCO
2019-07-08,2.735385519018265,2.736334608833283,arima,CUSCO
2019-07-15,2.8099869422642176,2.5890674823362407,arima,CUSCO
2019-07-22,3.0835254941660444,2.648414226853951,arima,CUSCO
2019-07-29,3.3570640460678707,3.092253771802641,arima,CUSCO
2019-08-05,3.406798328231839,3.092253771802641,arima,CUSCO
2019-08-12,2.8099869422642176,3.092253771802641,arima,CUSCO
2019-08-19,2.6110498136083438,3.092253771802641,arima,CUSCO
2019-08-26,2.312644120624533,2.30966616034024,arima,CUSCO
2019-09-02,2.138574133050644,2.366340809861846,arima,CUSCO
2019-09-09,2.0142384276407226,2.3901691183076337,arima,CUSCO
2019-09-16,1.8650355811488175,2.3625097709969047,arima,CUSCO
2019-09-23,1.9893712865587385,1.9247503008879625,arima,CUSCO
2019-09-30,1.964504145476754,1.922915473333428,arima,CUSCO
2019-10-07,1.9396370043947702,1.9111819403227612,arima,CUSCO
2019-10-14,2.039105568722707,1.9192268908502041,arima,CUSCO
2019-10-21,1.964504145476754,2.1161838784955664,arima,CUSCO
2019-10-28,2.0142384276407226,2.210369467880703,arima,CUSCO
2019-11-04,1.7655670168208804,2.132056280456008,arima,CUSCO
2019-11-11,1.7158327346569118,2.162134836119497,arima,CUSCO
2019-11-18,1.7158327346569118,1.5964627094576866,arima,CUSCO
2019-11-25,1.7904341579028644,1.585780663693905,arima,CUSCO
2019-12-02,1.8899027222308016,1.6180075718038118,arima,CUSCO
2019-12-09,2.063972709804691,1.5993271619378595,arima,CUSCO
2019-12-16,2.138574133050644,2.1568540985418,arima,CUSCO
2019-12-23,2.0639727098046907,2.306677939006824,arima,CUSCO
2019-12-30,1.6163641703289748,2.1882983979233703,arima,CUSCO
2020-01-06,1.6815258008843887,2.231381090702915,arima,CUSCO
2020-01-13,1.7976397513702924,1.6913236648190713,arima,CUSCO
2020-01-20,2.0632610577897315,1.8759900728682313,arima,CUSCO
2020-01-27,1.891322636307254,1.7529779198289892,arima,CUSCO
2020-02-03,1.7193842148247764,1.7913359651038463,arima,CUSCO
2020-02-10,1.5228831617019447,1.6245790810613447,arima,CUSCO
2020-02-17,1.4246326351405287,1.5861117681847696,arima,CUSCO
2020-02-24,1.473757898421237,1.631377097285915,arima,CUSCO
2020-03-02,1.793072109745838,1.6108877345447845,arima,CUSCO
2020-03-09,1.965010531228316,1.9526706219742767,arima,CUSCO
2020-03-16,1.8667600046669,2.093581336161568,arima,CUSCO
2020-03-23,1.5720084249826527,1.9676253710887894,arima,CUSCO
2020-03-30,1.2526942136580512,2.0176015909399174,arima,CUSCO
2020-04-06,1.1053184238159275,1.2062577725390025,arima,CUSCO
2020-04-13,1.0316305288948657,1.1060170554552735,arima,CUSCO
2020-04-20,0.9825052656141576,1.1797579669009768,arima,CUSCO
2020-04-27,0.884254739052742,1.1536390450988636,arima,CUSCO
2020-05-04,0.7614415808509722,0.7790445446938163,arima,CUSCO
2020-05-11,0.6140657910088486,0.7768184856433072,arima,CUSCO
2020-05-18,0.6386284226492025,0.7989497507818979,arima,CUSCO
2020-05-25,0.6386284226492025,0.7851067390206892,arima,CUSCO
2020-06-01,0.7123163175702644,0.7430196742743475,arima,CUSCO
2020-06-08,0.6631910542895564,0.7207581825674227,arima,CUSCO
2020-06-15,0.6877536859299104,0.7147068210615785,arima,CUSCO
2020-06-22,0.6877536859299104,0.7225103603822151,arima,CUSCO
2020-06-29,0.9579426339738039,0.7003678738795237,arima,CUSCO
2020-07-06,1.1298810554562815,0.6617812138998582,arima,CUSCO
2020-07-13,1.5228831617019445,0.6833173901143867,arima,CUSCO
2020-07-20,2.1615115843511474,0.6772159287614606,arima,CUSCO
2020-07-27,3.0428434395586543,2.5703886904501134,arima,CUSCO
2020-08-03,3.7767995049240386,2.9676636863200807,arima,CUSCO
2020-08-10,3.948737926406516,2.6454580364053757,arima,CUSCO
2020-08-17,3.9487379264065154,2.761609760920461,arima,CUSCO
2020-08-24,3.9487379264065154,3.624619563439976,arima,CUSCO
2020-08-31,3.8504873998451004,3.624619563439976,arima,CUSCO
2020-09-07,3.5832213356464417,3.624619563439976,arima,CUSCO
2020-09-14,2.947515796842474,3.624619563439976,arima,CUSCO
2020-09-21,2.5545136905968104,2.553826144443076,arima,CUSCO
2020-09-28,2.0878236894300852,2.372944372380311,arima,CUSCO
2020-10-05,1.8913226363072537,2.5267580944456043,arima,CUSCO
2020-10-12,1.5228831617019445,2.4732697545070192,arima,CUSCO
2020-10-19,1.4000700035001747,1.463332461591033,arima,CUSCO
2020-10-26,1.4000700035001747,1.4437141267911597,arima,CUSCO
2020-11-02,1.350944740219467,1.4619038357792389,arima,CUSCO
2020-11-09,1.3263821085791128,1.4551283905435495,arima,CUSCO
2020-11-16,1.301819476938759,1.2598285766877315,arima,CUSCO
2020-11-23,1.5228831617019445,1.2590333890363459,arima,CUSCO
2020-11-30,1.5720084249826523,1.2682202289751205,arima,CUSCO
2020-12-07,1.5474457933422983,1.2634212907677391,arima,CUSCO
2020-12-14,1.4000700035001747,1.40872968282988,arima,CUSCO
2020-12-21,1.3755073718598207,1.4029987521974485,arima,CUSCO
2020-12-28,1.1790063187369892,1.4055477008164057,arima,CUSCO
2021-01-04,1.3697442800603732,1.4044129202855185,arima,CUSCO
2021-01-11,1.778779642083208,1.4117046062458598,arima,CUSCO
2021-01-18,2.287218149027348,1.6770447086428422,arima,CUSCO
2021-01-25,2.700863984489741,1.5672390692408003,arima,CUSCO
2021-02-01,3.1145098199521333,1.6107470215740147,arima,CUSCO
2021-02-08,3.576819871351278,3.5950755074771767,arima,CUSCO
2021-02-15,3.902893193053717,3.7635578992535614,arima,CUSCO
2021-02-22,3.7325684372750847,3.6988072088746256,arima,CUSCO
2021-03-01,3.5135794655596997,3.7233125975708057,arima,CUSCO
2021-03-08,2.9685171721418766,3.2385794182871566,arima,CUSCO
2021-03-15,2.8955208482367483,3.1488836426718803,arima,CUSCO
2021-03-22,3.2118382518256374,3.1818188969496557,arima,CUSCO
2021-03-29,3.6011519793196545,3.169613103224137,arima,CUSCO
2021-04-05,3.576819871351278,3.808989139979573,arima,CUSCO
2021-04-12,3.5865757894648276,3.737191350968208,arima,CUSCO
2021-04-19,3.742324355388634,3.7639400829051946,arima,CUSCO
2021-04-26,3.9856454350723944,3.7539099400616642,arima,CUSCO
2021-05-03,3.7325684372750842,3.948737926406515,arima,CUSCO
2021-05-10,3.601151979319654,3.948737926406515,arima,CUSCO
2021-05-17,3.406495115572646,3.948737926406515,arima,CUSCO
2021-05-24,3.6011519793196545,3.948737926406515,arima,CUSCO
2021-05-31,3.479491439477774,3.6020072972686377,arima,CUSCO
2021-06-07,3.333498791667518,3.737241245527132,arima,CUSCO
2021-06-14,2.6278676605846125,3.686755399878652,arima,CUSCO
2021-06-21,1.9952328534068353,3.7053692607231308,arima,CUSCO
2021-06-28,1.5085906940393141,1.6257503067717034,arima,CUSCO
2021-07-05,1.3139338302923058,1.5235078464020302,arima,CUSCO
2021-07-12,1.0949448585769215,1.5603027108836216,arima,CUSCO
2021-07-19,1.1192769665452975,1.5468303619730883,arima,CUSCO
2021-07-26,1.1192769665452973,1.0889178364742378,arima,CUSCO
2021-08-02,1.0462806426401692,1.2105164526062466,arima,CUSCO
2021-08-09,1.0219485346717934,1.1659864407220735,arima,CUSCO
2021-08-16,0.9732843187350412,1.1818984161344857,arima,CUSCO
2021-08-23,1.240937506387178,1.097940152903482,arima,CUSCO
2021-08-30,1.2652696143555537,1.0619086862436806,arima,CUSCO
2021-09-06,1.2652696143555537,1.0750567746410093,arima,CUSCO
2021-09-13,1.4355943701341858,1.0702228180715336,arima,CUSCO
2021-09-20,1.5572549099760664,1.5542704709080557,arima,CUSCO
2021-09-27,1.7519117737230747,1.7854390102905677,arima,CUSCO
2021-10-04,1.5329228020076904,1.6983143299053083,arima,CUSCO
2021-10-11,1.4599264781025623,1.729949710823244,arima,CUSCO
2021-10-18,1.386930154197434,1.3802006043668462,arima,CUSCO
2021-10-25,1.4112622621658104,1.395522315728821,arima,CUSCO
2021-11-01,1.2896017223239298,1.3898940828332857,arima,CUSCO
2021-11-08,1.338265938260682,1.3919558106059808,arima,CUSCO
2021-11-15,1.4355943701341862,1.3191039777964266,arima,CUSCO
2021-11-22,1.4355943701341862,1.426944090502569,arima,CUSCO
2021-11-29,1.5815870179444425,1.3855604194374491,arima,CUSCO
2021-12-06,1.4112622621658104,1.4011361542922407,arima,CUSCO
2021-12-13,1.484258586070938,1.5108722865206496,arima,CUSCO
2021-12-20,1.240937506387178,1.343384473251182,arima,CUSCO
2021-12-27,1.1679411824820496,1.403847304778215,arima,CUSCO
2022-01-03,1.2849039448607722,1.381356375778039,arima,CUSCO
2022-01-10,1.6438724092335708,1.3798904395121243,arima,CUSCO
2022-01-17,1.9556799464578285,1.5536243574503719,arima,CUSCO
2022-01-24,2.2454103088960253,1.4875548898752853,arima,CUSCO
2022-01-31,2.1488335214166265,1.5119330742244852,arima,CUSCO
2022-02-07,2.0522567339372273,2.2410070992273705,arima,CUSCO
2022-02-14,1.5935169934100823,2.107562731125655,arima,CUSCO
2022-02-21,1.448651812190984,2.1544032293410926,arima,CUSCO
2022-02-28,1.4727960090608336,2.137656065594014,arima,CUSCO
2022-03-07,1.352075024711585,1.6163443764717647,arima,CUSCO
2022-03-14,1.1830656466226368,1.6744792596375488,arima,CUSCO
2022-03-21,1.0623446622733879,1.653734589557118,arima,CUSCO
2022-03-28,1.4969402059306833,1.6610663774317624,arima,CUSCO
2022-04-04,1.5452285996703825,1.8235326431141827,arima,CUSCO
2022-04-11,1.8108147652387299,2.1195219781074415,arima,CUSCO
2022-04-18,1.5210844028005333,2.0165918501744864,arima,CUSCO
2022-04-25,1.4969402059306833,2.0508492845266986,arima,CUSCO
2022-05-02,1.0140562685336885,1.285320781772369,arima,CUSCO
2022-05-09,1.3037866309718853,1.233812020434594,arima,CUSCO
2022-05-16,1.4969402059306833,1.2521401542579544,arima,CUSCO
2022-05-23,1.8108147652387299,1.2455533192877233,arima,CUSCO
2022-05-30,1.714237977759331,1.5675826819472134,arima,CUSCO
2022-06-06,1.7383821746291808,1.4871290404125506,arima,CUSCO
2022-06-13,1.8349589621085798,1.5172865790724943,arima,CUSCO
2022-06-20,1.9073915527181289,1.5058266539090976,arima,CUSCO
2022-06-27,1.8591031589784297,1.9567294446365682,arima,CUSCO
2022-07-04,2.124689324546777,2.0493749657850064,arima,CUSCO
2022-07-11,2.2454103088960253,2.013787823441379,arima,CUSCO
2022-07-18,2.293698702635725,2.0272788393556307,arima,CUSCO
2022-07-25,2.003968340197528,2.1708193512597855,arima,CUSCO
2022-08-01,1.81081476523873,2.043665524818953,arima,CUSCO
2022-08-08,1.81081476523873,2.0885941756941553,arima,CUSCO
2022-08-15,1.7625263714990307,2.072432425396929,arima,CUSCO
2022-08-22,1.665949584019632,1.7272653709446726,arima,CUSCO
2022-08-29,1.448651812190984,1.6563021855751257,arima,CUSCO
2022-09-05,1.6900937808894814,1.6815147879853913,arima,CUSCO
2022-09-12,1.6176611902799323,1.672453253992291,arima,CUSCO
2022-09-19,1.714237977759331,1.7613604356648294,arima,CUSCO
2022-09-26,1.3279308278417352,1.552446912859818,arima,CUSCO
2022-10-03,1.4727960090608336,1.6268055508120574,arima,CUSCO
2022-10-10,1.5935169934100823,1.5994158340056006,arima,CUSCO
2022-10-17,1.9073915527181289,1.865162594960326,arima,CUSCO
2022-10-24,1.9315357495879788,1.88914653451126,arima,CUSCO
2022-10-31,1.8349589621085798,1.8801567425901624,arima,CUSCO
2022-11-07,1.641805387149782,1.8835142929322617,arima,CUSCO
2022-11-14,1.7142379777593313,1.5275932248445017,arima,CUSCO
2022-11-21,1.448651812190984,1.476287412342609,arima,CUSCO
2022-11-28,1.448651812190984,1.495114069910925,arima,CUSCO
2022-12-05,1.158921449752787,1.4881440955542196,arima,CUSCO
2022-12-12,1.255498237232186,1.2201187315908715,arima,CUSCO
2022-12-19,1.3037866309718857,1.1345346648137178,arima,CUSCO
2022-12-26,1.4245076153211345,1.1667597019091032,arima,CUSCO
2023-01-02,1.8300348202375554,1.1544198300289248,arima,CUSCO
2023-01-09,1.92248168227674,2.0065768791836462,arima,CUSCO
2023-01-16,1.7989015187765738,2.29065035286115,arima,CUSCO
2023-01-23,1.439121215021259,2.1770868946514126,arima,CUSCO
2023-01-30,1.3431798006865083,2.220790244188758,arima,CUSCO
2023-02-06,1.6549893972744478,1.3997987799691107,arima,CUSCO
2023-02-13,1.7029601044418232,1.4349585788492292,arima,CUSCO
2023-02-20,1.6789747508581356,1.4216995923837141,arima,CUSCO
2023-02-27,1.4870919221886343,1.4266685331289983,arima,CUSCO
2023-03-06,1.4870919221886343,1.4813431677263706,arima,CUSCO
2023-03-13,1.7269454580255108,1.4957299425793726,arima,CUSCO
2023-03-20,1.9907843474460751,1.4904143207298752,arima,CUSCO
2023-03-27,2.4944767727035155,1.492373438462074,arima,CUSCO
2023-04-03,2.7343303085403927,2.682274566659357,arima,CUSCO
2023-04-10,2.638388894205642,2.8541706652980103,arima,CUSCO
2023-04-17,2.782301015707768,2.7940488543382163,arima,CUSCO
2023-04-24,2.7343303085403927,2.8146597278014163,arima,CUSCO
2023-05-01,3.0461399051283315,2.9999416730260404,arima,CUSCO
2023-05-08,2.8782424300425187,2.860501804253199,arima,CUSCO
2023-05-15,2.5904181870382663,2.90682035044036,arima,CUSCO
2023-05-22,2.230637883282952,2.89118976541277,arima,CUSCO
2023-05-29,2.2546232368666392,1.9892183934041878,arima,CUSCO
2023-06-05,2.470491419119828,1.9619937336449025,arima,CUSCO
2023-06-12,2.518462126287204,1.9707421681079014,arima,CUSCO
2023-06-19,2.446506065536141,1.967919370342527,arima,CUSCO
2023-06-26,2.830271722875143,2.365561456928072,arima,CUSCO
2023-07-03,2.7343303085403927,2.4569475284815137,arima,CUSCO
2023-07-10,2.3745500047850774,2.4343871003344395,arima,CUSCO
2023-07-17,1.8468722259439492,2.4314136453140387,arima,CUSCO
2023-07-24,2.206652529699264,1.7934326800039229,arima,CUSCO
2023-07-31,2.326579297617702,1.8414484889381828,arima,CUSCO
2023-08-07,2.134696468948201,1.8310964767448308,arima,CUSCO
2023-08-14,1.6070186901070727,1.8281216319895872,arima,CUSCO
2023-08-21,1.7749161651928862,1.4445672441299262,arima,CUSCO
2023-08-28,1.8708575795276365,1.441915552135313,arima,CUSCO
2023-09-04,2.1826671761155763,1.4676790647523434,arima,CUSCO
2023-09-11,2.1107111153645133,1.4584772243468502,arima,CUSCO
2023-09-18,2.014769701029763,2.24776064490294,arima,CUSCO
2023-09-25,2.0387550546134503,2.2389137811723243,arima,CUSCO
2023-10-02,1.9667989938623875,2.2183360424972087,arima,CUSCO
2023-10-09,2.1107111153645133,2.227386601722253,arima,CUSCO
2023-10-16,2.0387550546134503,2.049386737869955,arima,CUSCO
2023-10-23,1.9188282866950122,2.048846822581287,arima,CUSCO
2023-10-30,1.8708575795276368,2.059819560906549,arima,CUSCO
2023-11-06,1.9907843474460751,2.0558720174224505,arima,CUSCO
2023-11-13,2.2546232368666392,2.130963357866357,arima,CUSCO
2023-11-20,2.35056465120139,2.223796621860957,arima,CUSCO
2023-11-27,2.398535358368765,2.1636573170670768,arima,CUSCO
2023-12-04,2.2546232368666392,2.1687701602481586,arima,CUSCO
