date,actual,predicted,model,region
2010-12-27,1.3915560379616487,1.5903497576704557,naive,MOQUEGUA
2011-01-03,0.9939685985440346,1.5903497576704557,naive,MOQUEGUA
2011-01-10,0.5939812561546877,1.5903497576704557,naive,MOQUEGUA
2011-01-17,0.19639381673707376,1.5903497576704557,naive,MOQUEGUA
2011-01-24,0.3927876334741476,0.19639381673707376,naive,MOQUEGUA
2011-01-31,0.19639381673707376,0.19639381673707376,naive,MOQUEGUA
2011-02-07,0.3927876334741476,0.19639381673707376,naive,MOQUEGUA
2011-02-14,0.19639381673707376,0.19639381673707376,naive,MOQUEGUA
2011-02-21,0.7855752669482953,0.19639381673707376,naive,MOQUEGUA
2011-02-28,1.178362900422443,0.19639381673707376,naive,MOQUEGUA
2011-03-07,1.178362900422443,0.19639381673707376,naive,MOQUEGUA
2011-03-14,0.7855752669482953,0.19639381673707376,naive,MOQUEGUA
2011-03-21,0.3927876334741476,0.7855752669482952,naive,MOQUEGUA
2011-03-28,0.5891814502112215,0.7855752669482952,naive,MOQUEGUA
2011-04-04,0.7855752669482952,0.7855752669482952,naive,MOQUEGUA
2011-04-11,0.7855752669482952,0.7855752669482952,naive,MOQUEGUA
2011-04-18,0.5891814502112213,0.7855752669482952,naive,MOQUEGUA
2011-04-25,0.5891814502112215,0.7855752669482952,naive,MOQUEGUA
2011-05-02,0.5891814502112215,0.7855752669482952,naive,MOQUEGUA
2011-05-09,0.7855752669482952,0.7855752669482952,naive,MOQUEGUA
2011-05-16,0.39278763347414763,0.7855752669482952,naive,MOQUEGUA
2011-05-23,0.9819690836853692,0.7855752669482952,naive,MOQUEGUA
2011-05-30,1.178362900422443,0.7855752669482952,naive,MOQUEGUA
2011-06-06,1.5711505338965905,0.7855752669482952,naive,MOQUEGUA
2011-06-13,1.178362900422443,1.5711505338965905,naive,MOQUEGUA
2011-06-20,1.178362900422443,1.5711505338965905,naive,MOQUEGUA
2011-06-27,0.7855752669482953,1.5711505338965905,naive,MOQUEGUA
2011-07-04,0.7855752669482953,1.5711505338965905,naive,MOQUEGUA
2011-07-11,1.178362900422443,0.7855752669482952,naive,MOQUEGUA
2011-07-18,1.374756717159517,0.7855752669482952,naive,MOQUEGUA
2011-07-25,0.9819690836853692,0.7855752669482952,naive,MOQUEGUA
2011-08-01,0.7855752669482955,0.7855752669482952,naive,MOQUEGUA
2011-08-08,1.374756717159517,0.7855752669482956,naive,MOQUEGUA
2011-08-15,1.5711505338965905,0.7855752669482956,naive,MOQUEGUA
2011-08-22,1.9639381673707383,0.7855752669482956,naive,MOQUEGUA
2011-08-29,1.374756717159517,0.7855752669482956,naive,MOQUEGUA
2011-09-05,1.1783629004224432,1.374756717159517,naive,MOQUEGUA
2011-09-12,0.5891814502112216,1.374756717159517,naive,MOQUEGUA
2011-09-19,0.5891814502112216,1.374756717159517,naive,MOQUEGUA
2011-09-26,1.178362900422443,1.374756717159517,naive,MOQUEGUA
2011-10-03,0.9819690836853693,1.178362900422443,naive,MOQUEGUA
2011-10-10,0.9819690836853692,1.178362900422443,naive,MOQUEGUA
2011-10-17,1.1783629004224432,1.178362900422443,naive,MOQUEGUA
2011-10-24,1.1783629004224432,1.178362900422443,naive,MOQUEGUA
2011-10-31,1.9639381673707386,1.1783629004224432,naive,MOQUEGUA
2011-11-07,1.374756717159517,1.1783629004224432,naive,MOQUEGUA
2011-11-14,1.571150533896591,1.1783629004224432,naive,MOQUEGUA
2011-11-21,0.9819690836853692,1.1783629004224432,naive,MOQUEGUA
2011-11-28,0.7855752669482955,0.9819690836853691,naive,MOQUEGUA
2011-12-05,0.5891814502112216,0.9819690836853691,naive,MOQUEGUA
2011-12-12,0.7855752669482955,0.9819690836853691,naive,MOQUEGUA
2011-12-19,1.1783629004224432,0.9819690836853691,naive,MOQUEGUA
2011-12-26,0.9819690836853693,1.1783629004224432,naive,MOQUEGUA
2012-01-02,0.5868399305682147,1.1783629004224432,naive,MOQUEGUA
2012-01-09,0.388104594188134,1.1783629004224432,naive,MOQUEGUA
2012-01-16,0.5821568912822006,1.1783629004224432,naive,MOQUEGUA
2012-01-23,0.7762091883762677,0.5821568912822006,naive,MOQUEGUA
2012-01-30,1.1643137825644014,0.5821568912822006,naive,MOQUEGUA
2012-02-06,1.552418376752535,0.5821568912822006,naive,MOQUEGUA
2012-02-13,1.9405229709406686,0.5821568912822006,naive,MOQUEGUA
2012-02-20,1.9405229709406688,1.9405229709406688,naive,MOQUEGUA
2012-02-27,2.3286275651288024,1.9405229709406688,naive,MOQUEGUA
2012-03-05,2.1345752680347356,1.9405229709406688,naive,MOQUEGUA
2012-03-12,2.522679862222869,1.9405229709406688,naive,MOQUEGUA
2012-03-19,2.134575268034735,2.5226798622228688,naive,MOQUEGUA
2012-03-26,2.1345752680347356,2.5226798622228688,naive,MOQUEGUA
2012-04-02,1.3583660796584682,2.5226798622228688,naive,MOQUEGUA
2012-04-09,1.3583660796584682,2.5226798622228688,naive,MOQUEGUA
2012-04-16,1.1643137825644014,1.3583660796584682,naive,MOQUEGUA
2012-04-23,1.3583660796584682,1.3583660796584682,naive,MOQUEGUA
2012-04-30,0.7762091883762675,1.3583660796584682,naive,MOQUEGUA
2012-05-07,0.9702614854703344,1.3583660796584682,naive,MOQUEGUA
2012-05-14,0.7762091883762675,0.9702614854703344,naive,MOQUEGUA
2012-05-21,1.7464706738466018,0.9702614854703344,naive,MOQUEGUA
2012-05-28,1.9405229709406686,0.9702614854703344,naive,MOQUEGUA
2012-06-04,2.3286275651288024,0.9702614854703344,naive,MOQUEGUA
2012-06-11,1.9405229709406686,2.328627565128802,naive,MOQUEGUA
2012-06-18,1.552418376752535,2.328627565128802,naive,MOQUEGUA
2012-06-25,1.746470673846602,2.328627565128802,naive,MOQUEGUA
2012-07-02,1.1643137825644014,2.328627565128802,naive,MOQUEGUA
2012-07-09,1.3583660796584682,1.1643137825644014,naive,MOQUEGUA
2012-07-16,1.1643137825644012,1.1643137825644014,naive,MOQUEGUA
2012-07-23,1.9405229709406686,1.1643137825644014,naive,MOQUEGUA
2012-07-30,1.552418376752535,1.1643137825644014,naive,MOQUEGUA
2012-08-06,1.3583660796584682,1.552418376752535,naive,MOQUEGUA
2012-08-13,1.7464706738466018,1.552418376752535,naive,MOQUEGUA
2012-08-20,1.9405229709406686,1.552418376752535,naive,MOQUEGUA
2012-08-27,2.134575268034735,1.552418376752535,naive,MOQUEGUA
2012-09-03,1.552418376752535,2.134575268034735,naive,MOQUEGUA
2012-09-10,1.3583660796584678,2.134575268034735,naive,MOQUEGUA
2012-09-17,0.9702614854703343,2.134575268034735,naive,MOQUEGUA
2012-09-24,0.9702614854703343,2.134575268034735,naive,MOQUEGUA
2012-10-01,0.9702614854703343,0.9702614854703342,naive,MOQUEGUA
2012-10-08,1.164313782564401,0.9702614854703342,naive,MOQUEGUA
2012-10-15,1.164313782564401,0.9702614854703342,naive,MOQUEGUA
2012-10-22,0.9702614854703343,0.9702614854703342,naive,MOQUEGUA
2012-10-29,0.9702614854703343,0.9702614854703342,naive,MOQUEGUA
2012-11-05,0.7762091883762675,0.9702614854703342,naive,MOQUEGUA
2012-11-12,1.3583660796584678,0.9702614854703342,naive,MOQUEGUA
2012-11-19,2.134575268034735,0.9702614854703342,naive,MOQUEGUA
2012-11-26,2.328627565128802,2.134575268034735,naive,MOQUEGUA
2012-12-03,2.134575268034735,2.134575268034735,naive,MOQUEGUA
2012-12-10,1.164313782564401,2.134575268034735,naive,MOQUEGUA
2012-12-17,0.9702614854703343,2.134575268034735,naive,MOQUEGUA
2012-12-24,0.9702614854703343,0.9702614854703342,naive,MOQUEGUA
2012-12-31,1.1643137825644012,0.9702614854703342,naive,MOQUEGUA
2013-01-07,1.54327300233261,0.9702614854703342,naive,MOQUEGUA
2013-01-14,1.5387003151226477,0.9702614854703342,naive,MOQUEGUA
2013-01-21,1.3423616744235993,1.538700315122648,naive,MOQUEGUA
2013-01-28,1.150595720934514,1.538700315122648,naive,MOQUEGUA
2013-02-04,0.7670638139563426,1.538700315122648,naive,MOQUEGUA
2013-02-11,1.150595720934514,1.538700315122648,naive,MOQUEGUA
2013-02-18,0.9588297674454282,1.150595720934514,naive,MOQUEGUA
2013-02-25,0.9588297674454282,1.150595720934514,naive,MOQUEGUA
2013-03-04,0.3835319069781713,1.150595720934514,naive,MOQUEGUA
2013-03-11,0.0,1.150595720934514,naive,MOQUEGUA
2013-03-18,0.19176595348908565,0.0,naive,MOQUEGUA
2013-03-25,0.19176595348908565,0.0,naive,MOQUEGUA
2013-04-01,0.3835319069781713,0.0,naive,MOQUEGUA
2013-04-08,0.19176595348908565,0.0,naive,MOQUEGUA
2013-04-15,0.3835319069781713,0.19176595348908562,naive,MOQUEGUA
2013-04-22,0.7670638139563426,0.19176595348908562,naive,MOQUEGUA
2013-04-29,1.150595720934514,0.19176595348908562,naive,MOQUEGUA
2013-05-06,1.150595720934514,0.19176595348908562,naive,MOQUEGUA
2013-05-13,0.9588297674454282,1.150595720934514,naive,MOQUEGUA
2013-05-20,0.9588297674454282,1.150595720934514,naive,MOQUEGUA
2013-05-27,0.7670638139563426,1.150595720934514,naive,MOQUEGUA
2013-06-03,0.3835319069781713,1.150595720934514,naive,MOQUEGUA
2013-06-10,0.575297860467257,0.3835319069781713,naive,MOQUEGUA
2013-06-17,1.150595720934514,0.3835319069781713,naive,MOQUEGUA
2013-06-24,1.150595720934514,0.3835319069781713,naive,MOQUEGUA
2013-07-01,1.150595720934514,0.3835319069781713,naive,MOQUEGUA
2013-07-08,1.5341276279126852,1.150595720934514,naive,MOQUEGUA
2013-07-15,2.109425488379942,1.150595720934514,naive,MOQUEGUA
2013-07-22,2.109425488379942,1.150595720934514,naive,MOQUEGUA
2013-07-29,1.3423616744235993,1.150595720934514,naive,MOQUEGUA
2013-08-05,1.3423616744235993,1.3423616744235993,naive,MOQUEGUA
2013-08-12,1.150595720934514,1.3423616744235993,naive,MOQUEGUA
2013-08-19,1.150595720934514,1.3423616744235993,naive,MOQUEGUA
2013-08-26,0.7670638139563426,1.3423616744235993,naive,MOQUEGUA
2013-09-02,0.575297860467257,0.7670638139563426,naive,MOQUEGUA
2013-09-09,0.7670638139563426,0.7670638139563426,naive,MOQUEGUA
2013-09-16,1.150595720934514,0.7670638139563426,naive,MOQUEGUA
2013-09-23,1.150595720934514,0.7670638139563426,naive,MOQUEGUA
2013-09-30,0.9588297674454282,1.150595720934514,naive,MOQUEGUA
2013-10-07,0.575297860467257,1.150595720934514,naive,MOQUEGUA
2013-10-14,0.7670638139563426,1.150595720934514,naive,MOQUEGUA
2013-10-21,1.3423616744235993,1.150595720934514,naive,MOQUEGUA
2013-10-28,1.5341276279126852,1.3423616744235993,naive,MOQUEGUA
2013-11-04,1.725893581401771,1.3423616744235993,naive,MOQUEGUA
2013-11-11,1.3423616744235993,1.3423616744235993,naive,MOQUEGUA
2013-11-18,1.3423616744235993,1.3423616744235993,naive,MOQUEGUA
2013-11-25,0.7670638139563426,1.3423616744235993,naive,MOQUEGUA
2013-12-02,1.150595720934514,1.3423616744235993,naive,MOQUEGUA
2013-12-09,0.9588297674454282,1.3423616744235993,naive,MOQUEGUA
2013-12-16,1.725893581401771,1.3423616744235993,naive,MOQUEGUA
2013-12-23,1.3423616744235993,1.725893581401771,naive,MOQUEGUA
2013-12-30,1.5341276279126852,1.725893581401771,naive,MOQUEGUA
2014-01-06,1.1461273753343144,1.725893581401771,naive,MOQUEGUA
2014-01-13,0.952127249045129,1.725893581401771,naive,MOQUEGUA
2014-01-20,1.1371906841339154,0.9521272490451291,naive,MOQUEGUA
2014-01-27,0.9476589034449296,0.9521272490451291,naive,MOQUEGUA
2014-02-03,0.9476589034449298,0.9521272490451291,naive,MOQUEGUA
2014-02-10,0.37906356137797187,0.9521272490451291,naive,MOQUEGUA
2014-02-17,0.18953178068898593,0.37906356137797187,naive,MOQUEGUA
2014-02-24,0.37906356137797187,0.37906356137797187,naive,MOQUEGUA
2014-03-03,0.5685953420669578,0.37906356137797187,naive,MOQUEGUA
2014-03-10,0.5685953420669578,0.37906356137797187,naive,MOQUEGUA
2014-03-17,0.37906356137797187,0.5685953420669578,naive,MOQUEGUA
2014-03-24,0.7581271227559437,0.5685953420669578,naive,MOQUEGUA
2014-03-31,1.1371906841339154,0.5685953420669578,naive,MOQUEGUA
2014-04-07,0.9476589034449295,0.5685953420669578,naive,MOQUEGUA
2014-04-14,0.5685953420669578,0.9476589034449296,naive,MOQUEGUA
2014-04-21,0.5685953420669578,0.9476589034449296,naive,MOQUEGUA
2014-04-28,0.5685953420669578,0.9476589034449296,naive,MOQUEGUA
2014-05-05,1.1371906841339157,0.9476589034449296,naive,MOQUEGUA
2014-05-12,1.1371906841339157,1.1371906841339157,naive,MOQUEGUA
2014-05-19,1.5162542455118875,1.1371906841339157,naive,MOQUEGUA
2014-05-26,1.1371906841339157,1.1371906841339157,naive,MOQUEGUA
2014-06-02,1.5162542455118875,1.1371906841339157,naive,MOQUEGUA
2014-06-09,1.1371906841339157,1.5162542455118875,naive,MOQUEGUA
2014-06-16,1.1371906841339157,1.5162542455118875,naive,MOQUEGUA
2014-06-23,0.7581271227559437,1.5162542455118875,naive,MOQUEGUA
2014-06-30,0.9476589034449298,1.5162542455118875,naive,MOQUEGUA
2014-07-07,0.9476589034449298,0.9476589034449298,naive,MOQUEGUA
2014-07-14,0.9476589034449298,0.9476589034449298,naive,MOQUEGUA
2014-07-21,1.1371906841339157,0.9476589034449298,naive,MOQUEGUA
2014-07-28,1.3267224648229015,0.9476589034449298,naive,MOQUEGUA
2014-08-04,2.463913148956817,1.3267224648229015,naive,MOQUEGUA
2014-08-11,3.411572052401747,1.3267224648229015,naive,MOQUEGUA
2014-08-18,3.7906356137797186,1.3267224648229015,naive,MOQUEGUA
2014-08-25,2.274381368267831,1.3267224648229015,naive,MOQUEGUA
2014-09-01,1.5162542455118875,2.2743813682678304,naive,MOQUEGUA
2014-09-08,0.9476589034449296,2.2743813682678304,naive,MOQUEGUA
2014-09-15,1.7057860262008735,2.2743813682678304,naive,MOQUEGUA
2014-09-22,1.7057860262008735,2.2743813682678304,naive,MOQUEGUA
2014-09-29,1.8953178068898593,1.7057860262008735,naive,MOQUEGUA
2014-10-06,1.3267224648229015,1.7057860262008735,naive,MOQUEGUA
2014-10-13,1.7057860262008733,1.7057860262008735,naive,MOQUEGUA
2014-10-20,1.7057860262008733,1.7057860262008735,naive,MOQUEGUA
2014-10-27,1.895317806889859,1.705786026200873,naive,MOQUEGUA
2014-11-03,1.8953178068898593,1.705786026200873,naive,MOQUEGUA
2014-11-10,1.5162542455118875,1.705786026200873,naive,MOQUEGUA
2014-11-17,1.7057860262008733,1.705786026200873,naive,MOQUEGUA
2014-11-24,0.7581271227559437,1.705786026200873,naive,MOQUEGUA
2014-12-01,0.5685953420669577,1.705786026200873,naive,MOQUEGUA
2014-12-08,0.0,1.705786026200873,naive,MOQUEGUA
2014-12-15,0.18953178068898593,1.705786026200873,naive,MOQUEGUA
2014-12-22,0.18953178068898593,0.18953178068898596,naive,MOQUEGUA
2014-12-29,1.3267224648229015,0.18953178068898596,naive,MOQUEGUA
2015-01-05,1.511890923942069,0.18953178068898596,naive,MOQUEGUA
2015-01-12,2.261291403558376,0.18953178068898596,naive,MOQUEGUA
2015-01-19,1.3114508393285373,2.2612914035583764,naive,MOQUEGUA
2015-01-26,0.9367505995203839,2.2612914035583764,naive,MOQUEGUA
2015-02-02,0.56205035971223,2.2612914035583764,naive,MOQUEGUA
2015-02-09,0.56205035971223,2.2612914035583764,naive,MOQUEGUA
2015-02-16,0.7494004796163068,0.56205035971223,naive,MOQUEGUA
2015-02-23,0.7494004796163068,0.56205035971223,naive,MOQUEGUA
2015-03-02,1.12410071942446,0.56205035971223,naive,MOQUEGUA
2015-03-09,1.1241007194244603,0.56205035971223,naive,MOQUEGUA
2015-03-16,0.7494004796163067,1.1241007194244603,naive,MOQUEGUA
2015-03-23,0.7494004796163068,1.1241007194244603,naive,MOQUEGUA
2015-03-30,0.7494004796163067,1.1241007194244603,naive,MOQUEGUA
2015-04-06,0.9367505995203835,1.1241007194244603,naive,MOQUEGUA
2015-04-13,1.1241007194244605,0.9367505995203834,naive,MOQUEGUA
2015-04-20,1.6861510791366907,0.9367505995203834,naive,MOQUEGUA
2015-04-27,2.0608513189448443,0.9367505995203834,naive,MOQUEGUA
2015-05-04,2.060851318944844,0.9367505995203834,naive,MOQUEGUA
2015-05-11,1.873501199040767,2.060851318944844,naive,MOQUEGUA
2015-05-18,1.4988009592326137,2.060851318944844,naive,MOQUEGUA
2015-05-25,0.9367505995203835,2.060851318944844,naive,MOQUEGUA
2015-06-01,0.7494004796163068,2.060851318944844,naive,MOQUEGUA
2015-06-08,0.7494004796163068,0.7494004796163067,naive,MOQUEGUA
2015-06-15,1.12410071942446,0.7494004796163067,naive,MOQUEGUA
2015-06-22,1.311450839328537,0.7494004796163067,naive,MOQUEGUA
2015-06-29,1.873501199040767,0.7494004796163067,naive,MOQUEGUA
2015-07-06,2.060851318944844,1.8735011990407673,naive,MOQUEGUA
2015-07-13,2.248201438848921,1.8735011990407673,naive,MOQUEGUA
2015-07-20,2.4355515587529974,1.8735011990407673,naive,MOQUEGUA
2015-07-27,2.0608513189448443,1.8735011990407673,naive,MOQUEGUA
2015-08-03,1.6861510791366907,2.0608513189448443,naive,MOQUEGUA
2015-08-10,1.6861510791366907,2.0608513189448443,naive,MOQUEGUA
2015-08-17,1.311450839328537,2.0608513189448443,naive,MOQUEGUA
2015-08-24,1.3114508393285371,2.0608513189448443,naive,MOQUEGUA
2015-08-31,0.7494004796163068,1.3114508393285373,naive,MOQUEGUA
2015-09-07,1.1241007194244605,1.3114508393285373,naive,MOQUEGUA
2015-09-14,1.4988009592326137,1.3114508393285373,naive,MOQUEGUA
2015-09-21,1.6861510791366905,1.3114508393285373,naive,MOQUEGUA
2015-09-28,2.060851318944844,1.6861510791366907,naive,MOQUEGUA
2015-10-05,2.060851318944844,1.6861510791366907,naive,MOQUEGUA
2015-10-12,2.060851318944844,1.6861510791366907,naive,MOQUEGUA
2015-10-19,1.4988009592326141,1.6861510791366907,naive,MOQUEGUA
2015-10-26,1.1241007194244605,1.4988009592326144,naive,MOQUEGUA
2015-11-02,1.6861510791366907,1.4988009592326144,naive,MOQUEGUA
2015-11-09,2.248201438848921,1.4988009592326144,naive,MOQUEGUA
2015-11-16,2.4355515587529974,1.4988009592326144,naive,MOQUEGUA
2015-11-23,2.6229016786570742,2.435551558752998,naive,MOQUEGUA
2015-11-30,2.4355515587529974,2.435551558752998,naive,MOQUEGUA
2015-12-07,1.8735011990407673,2.435551558752998,naive,MOQUEGUA
2015-12-14,1.1241007194244605,2.435551558752998,naive,MOQUEGUA
2015-12-21,0.9367505995203839,1.1241007194244608,naive,MOQUEGUA
2015-12-28,0.9367505995203839,1.1241007194244608,naive,MOQUEGUA
2016-01-04,0.5599173234910843,1.1241007194244608,naive,MOQUEGUA
2016-01-11,0.5556512510487919,1.1241007194244608,naive,MOQUEGUA
2016-01-18,0.5556512510487919,0.5556512510487919,naive,MOQUEGUA
2016-01-25,0.5556512510487918,0.5556512510487919,naive,MOQUEGUA
2016-02-01,0.3704341673658613,0.5556512510487919,naive,MOQUEGUA
2016-02-08,0.3704341673658613,0.5556512510487919,naive,MOQUEGUA
2016-02-15,0.555651251048792,0.3704341673658613,naive,MOQUEGUA
2016-02-22,0.3704341673658613,0.3704341673658613,naive,MOQUEGUA
2016-02-29,0.37043416736586127,0.3704341673658613,naive,MOQUEGUA
2016-03-07,0.0,0.3704341673658613,naive,MOQUEGUA
2016-03-14,0.9260854184146531,0.0,naive,MOQUEGUA
2016-03-21,1.481736669463445,0.0,naive,MOQUEGUA
2016-03-28,1.8521708368293062,0.0,naive,MOQUEGUA
2016-04-04,1.2965195857805143,0.0,naive,MOQUEGUA
2016-04-11,1.2965195857805143,1.2965195857805143,naive,MOQUEGUA
2016-04-18,1.481736669463445,1.2965195857805143,naive,MOQUEGUA
2016-04-25,1.2965195857805143,1.2965195857805143,naive,MOQUEGUA
2016-05-02,1.481736669463445,1.2965195857805143,naive,MOQUEGUA
2016-05-09,1.6669537531463756,1.481736669463445,naive,MOQUEGUA
2016-05-16,2.593039171561028,1.481736669463445,naive,MOQUEGUA
2016-05-23,2.7782562552439587,1.481736669463445,naive,MOQUEGUA
2016-05-30,2.222605004195167,1.481736669463445,naive,MOQUEGUA
2016-06-06,1.8521708368293062,2.2226050041951675,naive,MOQUEGUA
2016-06-13,1.6669537531463756,2.2226050041951675,naive,MOQUEGUA
2016-06-20,2.222605004195167,2.2226050041951675,naive,MOQUEGUA
2016-06-27,1.6669537531463756,2.2226050041951675,naive,MOQUEGUA
2016-07-04,1.1113025020975835,1.6669537531463758,naive,MOQUEGUA
2016-07-11,1.481736669463445,1.6669537531463758,naive,MOQUEGUA
2016-07-18,2.0373879205122365,1.6669537531463758,naive,MOQUEGUA
2016-07-25,2.222605004195167,1.6669537531463758,naive,MOQUEGUA
2016-08-01,2.0373879205122365,2.2226050041951675,naive,MOQUEGUA
2016-08-08,1.8521708368293062,2.2226050041951675,naive,MOQUEGUA
2016-08-15,2.0373879205122365,2.2226050041951675,naive,MOQUEGUA
2016-08-22,2.0373879205122365,2.2226050041951675,naive,MOQUEGUA
2016-08-29,2.0373879205122365,2.0373879205122365,naive,MOQUEGUA
2016-09-05,2.96347333892689,2.0373879205122365,naive,MOQUEGUA
2016-09-12,3.1486904226098207,2.0373879205122365,naive,MOQUEGUA
2016-09-19,3.1486904226098207,2.0373879205122365,naive,MOQUEGUA
2016-09-26,2.2226050041951675,3.1486904226098207,naive,MOQUEGUA
2016-10-03,1.481736669463445,3.1486904226098207,naive,MOQUEGUA
2016-10-10,0.9260854184146533,3.1486904226098207,naive,MOQUEGUA
2016-10-17,0.9260854184146533,3.1486904226098207,naive,MOQUEGUA
2016-10-24,1.111302502097584,0.9260854184146534,naive,MOQUEGUA
2016-10-31,1.6669537531463754,0.9260854184146534,naive,MOQUEGUA
2016-11-07,1.2965195857805145,0.9260854184146534,naive,MOQUEGUA
2016-11-14,1.6669537531463756,0.9260854184146534,naive,MOQUEGUA
2016-11-21,1.481736669463445,1.6669537531463758,naive,MOQUEGUA
2016-11-28,1.8521708368293062,1.6669537531463758,naive,MOQUEGUA
2016-12-05,1.2965195857805145,1.6669537531463758,naive,MOQUEGUA
2016-12-12,1.481736669463445,1.6669537531463758,naive,MOQUEGUA
2016-12-19,1.6669537531463756,1.481736669463445,naive,MOQUEGUA
2016-12-26,2.407822087878098,1.481736669463445,naive,MOQUEGUA
2017-01-02,2.4015700687691797,1.481736669463445,naive,MOQUEGUA
2017-01-09,2.210100965977331,1.481736669463445,naive,MOQUEGUA
2017-01-16,2.014463850446204,2.2101009659773316,naive,MOQUEGUA
2017-01-23,2.1975969277594953,2.2101009659773316,naive,MOQUEGUA
2017-01-30,2.3807300050727864,2.2101009659773316,naive,MOQUEGUA
2017-02-06,2.3807300050727864,2.2101009659773316,naive,MOQUEGUA
2017-02-13,2.563863082386078,2.380730005072786,naive,MOQUEGUA
2017-02-20,2.563863082386078,2.380730005072786,naive,MOQUEGUA
2017-02-27,2.014463850446204,2.380730005072786,naive,MOQUEGUA
2017-03-06,1.4650646185063303,2.380730005072786,naive,MOQUEGUA
2017-03-13,0.7325323092531653,1.4650646185063303,naive,MOQUEGUA
2017-03-20,1.0987984638797477,1.4650646185063303,naive,MOQUEGUA
2017-03-27,0.7325323092531653,1.4650646185063303,naive,MOQUEGUA
2017-04-03,1.4650646185063303,1.4650646185063303,naive,MOQUEGUA
2017-04-10,1.831330773132913,1.4650646185063303,naive,MOQUEGUA
2017-04-17,3.1132623143259512,1.4650646185063303,naive,MOQUEGUA
2017-04-24,3.1132623143259512,1.4650646185063303,naive,MOQUEGUA
2017-05-01,2.3807300050727864,1.4650646185063303,naive,MOQUEGUA
2017-05-08,1.4650646185063303,2.380730005072786,naive,MOQUEGUA
2017-05-15,1.4650646185063303,2.380730005072786,naive,MOQUEGUA
2017-05-22,1.8313307731329127,2.380730005072786,naive,MOQUEGUA
2017-05-29,2.197596927759495,2.380730005072786,naive,MOQUEGUA
2017-06-05,2.014463850446204,2.1975969277594944,naive,MOQUEGUA
2017-06-12,2.5638630823860775,2.1975969277594944,naive,MOQUEGUA
2017-06-19,3.1132623143259512,2.1975969277594944,naive,MOQUEGUA
2017-06-26,3.479528468952534,2.1975969277594944,naive,MOQUEGUA
2017-07-03,3.8457946235791165,3.479528468952534,naive,MOQUEGUA
2017-07-10,4.028927700892408,3.479528468952534,naive,MOQUEGUA
2017-07-17,4.395193855518991,3.479528468952534,naive,MOQUEGUA
2017-07-24,3.479528468952534,3.479528468952534,naive,MOQUEGUA
2017-07-31,3.8457946235791165,3.479528468952534,naive,MOQUEGUA
2017-08-07,3.2963953916392428,3.479528468952534,naive,MOQUEGUA
2017-08-14,2.746996159699369,3.479528468952534,naive,MOQUEGUA
2017-08-21,1.6481976958196214,3.479528468952534,naive,MOQUEGUA
2017-08-28,2.014463850446204,1.6481976958196214,naive,MOQUEGUA
2017-09-04,2.380730005072787,1.6481976958196214,naive,MOQUEGUA
2017-09-11,2.0144638504462042,1.6481976958196214,naive,MOQUEGUA
2017-09-18,1.0987984638797477,1.6481976958196214,naive,MOQUEGUA
2017-09-25,0.9156653865664565,1.0987984638797477,naive,MOQUEGUA
2017-10-02,1.6481976958196214,1.0987984638797477,naive,MOQUEGUA
2017-10-09,2.563863082386078,1.0987984638797477,naive,MOQUEGUA
2017-10-16,3.6626615462658254,1.0987984638797477,naive,MOQUEGUA
2017-10-23,3.6626615462658254,3.6626615462658254,naive,MOQUEGUA
2017-10-30,2.9301292370126606,3.6626615462658254,naive,MOQUEGUA
2017-11-06,2.563863082386078,3.6626615462658254,naive,MOQUEGUA
2017-11-13,2.380730005072787,3.6626615462658254,naive,MOQUEGUA
2017-11-20,3.1132623143259512,2.380730005072787,naive,MOQUEGUA
2017-11-27,2.563863082386078,2.380730005072787,naive,MOQUEGUA
2017-12-04,2.380730005072787,2.380730005072787,naive,MOQUEGUA
2017-12-11,2.014463850446204,2.380730005072787,naive,MOQUEGUA
2017-12-18,1.831330773132913,2.014463850446204,naive,MOQUEGUA
2017-12-25,1.6481976958196218,2.014463850446204,naive,MOQUEGUA
2018-01-01,1.988793716617806,2.014463850446204,naive,MOQUEGUA
2018-01-08,2.159091727016898,2.014463850446204,naive,MOQUEGUA
2018-01-15,2.503966103453149,2.159091727016898,naive,MOQUEGUA
2018-01-22,2.146256660102699,2.159091727016898,naive,MOQUEGUA
2018-01-29,2.3251113817779236,2.159091727016898,naive,MOQUEGUA
2018-02-05,2.8616755468035984,2.159091727016898,naive,MOQUEGUA
2018-02-12,2.5039661034531484,2.861675546803599,naive,MOQUEGUA
2018-02-19,2.3251113817779236,2.861675546803599,naive,MOQUEGUA
2018-02-26,1.2519830517265744,2.861675546803599,naive,MOQUEGUA
2018-03-05,1.4308377734017992,2.861675546803599,naive,MOQUEGUA
2018-03-12,1.6096924950770244,1.4308377734017992,naive,MOQUEGUA
2018-03-19,1.7885472167522491,1.4308377734017992,naive,MOQUEGUA
2018-03-26,2.1462566601026984,1.4308377734017992,naive,MOQUEGUA
2018-04-02,2.5039661034531484,1.4308377734017992,naive,MOQUEGUA
2018-04-09,2.6828208251283727,2.503966103453148,naive,MOQUEGUA
2018-04-16,2.8616755468035984,2.503966103453148,naive,MOQUEGUA
2018-04-23,2.503966103453149,2.503966103453148,naive,MOQUEGUA
2018-04-30,2.6828208251283736,2.503966103453148,naive,MOQUEGUA
2018-05-07,2.146256660102699,2.6828208251283736,naive,MOQUEGUA
2018-05-14,2.325111381777923,2.6828208251283736,naive,MOQUEGUA
2018-05-21,2.146256660102699,2.6828208251283736,naive,MOQUEGUA
2018-05-28,2.325111381777923,2.6828208251283736,naive,MOQUEGUA
2018-06-04,2.1462566601026984,2.325111381777923,naive,MOQUEGUA
2018-06-11,1.967401938427474,2.325111381777923,naive,MOQUEGUA
2018-06-18,3.219384990154048,2.325111381777923,naive,MOQUEGUA
2018-06-25,3.040530268478823,2.325111381777923,naive,MOQUEGUA
2018-07-02,3.040530268478823,3.040530268478823,naive,MOQUEGUA
2018-07-09,1.609692495077024,3.040530268478823,naive,MOQUEGUA
2018-07-16,2.6828208251283736,3.040530268478823,naive,MOQUEGUA
2018-07-23,3.5770944335044974,3.040530268478823,naive,MOQUEGUA
2018-07-30,3.934803876854948,3.577094433504497,naive,MOQUEGUA
2018-08-06,3.5770944335044974,3.577094433504497,naive,MOQUEGUA
2018-08-13,3.040530268478823,3.577094433504497,naive,MOQUEGUA
2018-08-20,3.398239711829273,3.577094433504497,naive,MOQUEGUA
2018-08-27,3.040530268478823,3.398239711829273,naive,MOQUEGUA
2018-09-03,2.8616755468035984,3.398239711829273,naive,MOQUEGUA
2018-09-10,2.1462566601026984,3.398239711829273,naive,MOQUEGUA
2018-09-17,1.967401938427474,3.398239711829273,naive,MOQUEGUA
2018-09-24,1.967401938427474,1.9674019384274741,naive,MOQUEGUA
2018-10-01,2.3251113817779236,1.9674019384274741,naive,MOQUEGUA
2018-10-08,2.1462566601026984,1.9674019384274741,naive,MOQUEGUA
2018-10-15,1.967401938427474,1.9674019384274741,naive,MOQUEGUA
2018-10-22,2.3251113817779236,1.9674019384274741,naive,MOQUEGUA
2018-10-29,2.6828208251283736,1.9674019384274741,naive,MOQUEGUA
2018-11-05,3.7559491551797226,1.9674019384274741,naive,MOQUEGUA
2018-11-12,3.7559491551797226,1.9674019384274741,naive,MOQUEGUA
2018-11-19,3.040530268478823,3.7559491551797226,naive,MOQUEGUA
2018-11-26,1.9674019384274741,3.7559491551797226,naive,MOQUEGUA
2018-12-03,1.6096924950770244,3.7559491551797226,naive,MOQUEGUA
2018-12-10,1.7885472167522494,3.7559491551797226,naive,MOQUEGUA
2018-12-17,1.967401938427474,1.7885472167522494,naive,MOQUEGUA
2018-12-24,1.967401938427474,1.7885472167522494,naive,MOQUEGUA
2018-12-31,1.7885472167522491,1.7885472167522494,naive,MOQUEGUA
2019-01-07,1.24876937595865,1.7885472167522494,naive,MOQUEGUA
2019-01-14,0.3544957675825256,1.24876937595865,naive,MOQUEGUA
2019-01-21,0.8782052295365014,1.24876937595865,naive,MOQUEGUA
2019-01-28,1.2294873213511017,1.24876937595865,naive,MOQUEGUA
2019-02-04,2.458974642702203,1.24876937595865,naive,MOQUEGUA
2019-02-11,2.283333596794903,2.458974642702203,naive,MOQUEGUA
2019-02-18,2.9858977804241036,2.458974642702203,naive,MOQUEGUA
2019-02-25,2.6346156886095033,2.458974642702203,naive,MOQUEGUA
2019-03-04,2.634615688609503,2.458974642702203,naive,MOQUEGUA
2019-03-11,2.1076925508876028,2.634615688609503,naive,MOQUEGUA
2019-03-18,2.1076925508876028,2.634615688609503,naive,MOQUEGUA
2019-03-25,1.7564104590730023,2.634615688609503,naive,MOQUEGUA
2019-04-01,1.580769413165702,2.634615688609503,naive,MOQUEGUA
2019-04-08,1.229487321351102,1.580769413165702,naive,MOQUEGUA
2019-04-15,1.2294873213511017,1.580769413165702,naive,MOQUEGUA
2019-04-22,1.0538462754438018,1.580769413165702,naive,MOQUEGUA
2019-04-29,1.0538462754438018,1.580769413165702,naive,MOQUEGUA
2019-05-06,1.7564104590730025,1.0538462754438018,naive,MOQUEGUA
2019-05-13,2.458974642702203,1.0538462754438018,naive,MOQUEGUA
2019-05-20,2.8102567345168037,1.0538462754438018,naive,MOQUEGUA
2019-05-27,3.161538826331404,1.0538462754438018,naive,MOQUEGUA
2019-06-03,2.6346156886095033,3.1615388263314044,naive,MOQUEGUA
2019-06-10,2.8102567345168032,3.1615388263314044,naive,MOQUEGUA
2019-06-17,2.8102567345168037,3.1615388263314044,naive,MOQUEGUA
2019-06-24,2.9858977804241036,3.1615388263314044,naive,MOQUEGUA
2019-07-01,3.8641030099606044,2.985897780424103,naive,MOQUEGUA
2019-07-08,4.039744055867904,2.985897780424103,naive,MOQUEGUA
2019-07-15,4.215385101775205,2.985897780424103,naive,MOQUEGUA
2019-07-22,3.3371798722387034,2.985897780424103,naive,MOQUEGUA
2019-07-29,2.8102567345168032,3.3371798722387034,naive,MOQUEGUA
2019-08-05,2.8102567345168032,3.3371798722387034,naive,MOQUEGUA
2019-08-12,4.039744055867904,3.3371798722387034,naive,MOQUEGUA
2019-08-19,4.742308239497105,3.3371798722387034,naive,MOQUEGUA
2019-08-26,5.093590331311705,4.742308239497105,naive,MOQUEGUA
2019-09-02,3.6884619640533036,4.742308239497105,naive,MOQUEGUA
2019-09-09,3.1615388263314035,4.742308239497105,naive,MOQUEGUA
2019-09-16,2.6346156886095033,4.742308239497105,naive,MOQUEGUA
2019-09-23,2.6346156886095033,2.6346156886095033,naive,MOQUEGUA
2019-09-30,2.2833335967949027,2.6346156886095033,naive,MOQUEGUA
2019-10-07,2.8102567345168032,2.6346156886095033,naive,MOQUEGUA
2019-10-14,2.9858977804241036,2.6346156886095033,naive,MOQUEGUA
2019-10-21,3.5128209181460037,2.985897780424103,naive,MOQUEGUA
2019-10-28,3.161538826331404,2.985897780424103,naive,MOQUEGUA
2019-11-04,2.2833335967949027,2.985897780424103,naive,MOQUEGUA
2019-11-11,2.2833335967949027,2.985897780424103,naive,MOQUEGUA
2019-11-18,2.4589746427022035,2.283333596794903,naive,MOQUEGUA
2019-11-25,3.161538826331404,2.283333596794903,naive,MOQUEGUA
2019-12-02,2.458974642702203,2.283333596794903,naive,MOQUEGUA
2019-12-09,2.458974642702203,2.283333596794903,naive,MOQUEGUA
2019-12-16,2.8102567345168032,2.458974642702203,naive,MOQUEGUA
2019-12-23,3.1615388263314035,2.458974642702203,naive,MOQUEGUA
2019-12-30,2.458974642702203,2.458974642702203,naive,MOQUEGUA
2020-01-06,1.921265537255083,2.458974642702203,naive,MOQUEGUA
2020-01-13,2.080727631574554,1.921265537255083,naive,MOQUEGUA
2020-01-20,1.7294455397599535,1.921265537255083,naive,MOQUEGUA
2020-01-27,1.7294455397599535,1.921265537255083,naive,MOQUEGUA
2020-02-03,1.9023900937359486,1.921265537255083,naive,MOQUEGUA
2020-02-10,2.767112863615925,1.9023900937359488,naive,MOQUEGUA
2020-02-17,2.767112863615925,1.9023900937359488,naive,MOQUEGUA
2020-02-24,1.7294455397599533,1.9023900937359488,naive,MOQUEGUA
2020-03-02,1.9023900937359486,1.9023900937359488,naive,MOQUEGUA
2020-03-09,1.5565009857839582,1.9023900937359488,naive,MOQUEGUA
2020-03-16,2.767112863615925,1.9023900937359488,naive,MOQUEGUA
2020-03-23,1.7294455397599535,1.9023900937359488,naive,MOQUEGUA
2020-03-30,1.7294455397599535,1.9023900937359488,naive,MOQUEGUA
2020-04-06,0.6917782159039817,1.7294455397599535,naive,MOQUEGUA
2020-04-13,0.8647227698799771,1.7294455397599535,naive,MOQUEGUA
2020-04-20,0.8647227698799771,1.7294455397599535,naive,MOQUEGUA
2020-04-27,0.8647227698799771,1.7294455397599535,naive,MOQUEGUA
2020-05-04,1.7294455397599533,0.8647227698799772,naive,MOQUEGUA
2020-05-11,1.9023900937359486,0.8647227698799772,naive,MOQUEGUA
2020-05-18,1.9023900937359486,0.8647227698799772,naive,MOQUEGUA
2020-05-25,0.8647227698799771,0.8647227698799772,naive,MOQUEGUA
2020-06-01,0.8647227698799771,0.8647227698799772,naive,MOQUEGUA
2020-06-08,1.2106118778319677,0.8647227698799772,naive,MOQUEGUA
2020-06-15,2.421223755663935,0.8647227698799772,naive,MOQUEGUA
2020-06-22,2.2482792016879394,0.8647227698799772,naive,MOQUEGUA
2020-06-29,2.2482792016879394,2.2482792016879394,naive,MOQUEGUA
2020-07-06,2.2482792016879394,2.2482792016879394,naive,MOQUEGUA
2020-07-13,2.59416830963993,2.2482792016879394,naive,MOQUEGUA
2020-07-20,5.442849227010499,2.2482792016879394,naive,MOQUEGUA
2020-07-27,7.6911284286984385,5.442849227010499,naive,MOQUEGUA
2020-08-03,9.939407630386377,5.442849227010499,naive,MOQUEGUA
2020-08-10,9.939407630386377,5.442849227010499,naive,MOQUEGUA
2020-08-17,9.766463076410382,5.442849227010499,naive,MOQUEGUA
2020-08-24,9.0746848605064,9.76646307641038,naive,MOQUEGUA
2020-08-31,7.609560374943793,9.76646307641038,naive,MOQUEGUA
2020-09-07,5.707170281207845,9.76646307641038,naive,MOQUEGUA
2020-09-14,4.323613849399883,9.76646307641038,naive,MOQUEGUA
2020-09-21,4.323613849399883,4.323613849399884,naive,MOQUEGUA
2020-09-28,3.6318356334959017,4.323613849399884,naive,MOQUEGUA
2020-10-05,4.150669295423888,4.323613849399884,naive,MOQUEGUA
2020-10-12,2.59416830963993,4.323613849399884,naive,MOQUEGUA
2020-10-19,2.075334647711944,2.5941683096399295,naive,MOQUEGUA
2020-10-26,1.0376673238559724,2.5941683096399295,naive,MOQUEGUA
2020-11-02,0.8647227698799771,2.5941683096399295,naive,MOQUEGUA
2020-11-09,1.0376673238559717,2.5941683096399295,naive,MOQUEGUA
2020-11-16,1.2106118778319677,1.0376673238559717,naive,MOQUEGUA
2020-11-23,1.5565009857839582,1.0376673238559717,naive,MOQUEGUA
2020-11-30,2.4212237556639344,1.0376673238559717,naive,MOQUEGUA
2020-12-07,2.2482792016879394,1.0376673238559717,naive,MOQUEGUA
2020-12-14,2.940057417591921,2.2482792016879394,naive,MOQUEGUA
2020-12-21,3.8047801874718967,2.2482792016879394,naive,MOQUEGUA
2020-12-28,5.534225727231849,2.2482792016879394,naive,MOQUEGUA
2021-01-04,7.053897856361801,2.2482792016879394,naive,MOQUEGUA
2021-01-11,8.052569920231178,7.053897856361801,naive,MOQUEGUA
2021-01-18,9.517694405793785,7.053897856361801,naive,MOQUEGUA
2021-01-25,8.834581803220159,7.053897856361801,naive,MOQUEGUA
2021-02-01,8.151469200646531,7.053897856361801,naive,MOQUEGUA
2021-02-08,5.806457121875828,8.15146920064653,naive,MOQUEGUA
2021-02-15,3.927897464798354,8.15146920064653,naive,MOQUEGUA
2021-02-22,2.561672259651101,8.15146920064653,naive,MOQUEGUA
2021-03-01,3.7571193141549473,8.15146920064653,naive,MOQUEGUA
2021-03-08,3.5863411635115408,3.757119314154947,naive,MOQUEGUA
2021-03-15,2.903228560937914,3.757119314154947,naive,MOQUEGUA
2021-03-22,0.6831126025736273,3.757119314154947,naive,MOQUEGUA
2021-03-29,1.1954470545038471,3.757119314154947,naive,MOQUEGUA
2021-04-05,3.927897464798354,1.1954470545038471,naive,MOQUEGUA
2021-04-12,7.297578447429498,1.1954470545038471,naive,MOQUEGUA
2021-04-19,8.663803652576751,1.1954470545038471,naive,MOQUEGUA
2021-04-26,8.663803652576751,1.1954470545038471,naive,MOQUEGUA
2021-05-03,8.663803652576751,8.663803652576753,naive,MOQUEGUA
2021-05-10,8.663803652576751,8.663803652576753,naive,MOQUEGUA
2021-05-17,8.493025501933344,8.663803652576753,naive,MOQUEGUA
2021-05-24,8.493025501933344,8.663803652576753,naive,MOQUEGUA
2021-05-31,9.984146827487015,8.493025501933342,naive,MOQUEGUA
2021-06-07,9.471812375556794,8.493025501933342,naive,MOQUEGUA
2021-06-14,7.468356598072904,8.493025501933342,naive,MOQUEGUA
2021-06-21,5.294122669945607,8.493025501933342,naive,MOQUEGUA
2021-06-28,4.098675615441761,5.294122669945607,naive,MOQUEGUA
2021-07-05,3.2447848622247277,5.294122669945607,naive,MOQUEGUA
2021-07-12,2.561672259651101,5.294122669945607,naive,MOQUEGUA
2021-07-19,2.7324504102945073,5.294122669945607,naive,MOQUEGUA
2021-07-26,2.390894109007694,2.7324504102945073,naive,MOQUEGUA
2021-08-02,3.0740067115813203,2.7324504102945073,naive,MOQUEGUA
2021-08-09,3.2447848622247277,2.7324504102945073,naive,MOQUEGUA
2021-08-16,3.7571193141549473,2.7324504102945073,naive,MOQUEGUA
2021-08-23,3.2447848622247277,3.757119314154947,naive,MOQUEGUA
2021-08-30,2.2201159583642878,3.757119314154947,naive,MOQUEGUA
2021-09-06,1.8785596570774743,3.757119314154947,naive,MOQUEGUA
2021-09-13,1.1954470545038476,3.757119314154947,naive,MOQUEGUA
2021-09-20,1.5370033557906606,1.1954470545038476,naive,MOQUEGUA
2021-09-27,1.1954470545038474,1.1954470545038476,naive,MOQUEGUA
2021-10-04,1.7077815064340676,1.1954470545038476,naive,MOQUEGUA
2021-10-11,1.0246689038604406,1.1954470545038476,naive,MOQUEGUA
2021-10-18,1.5370033557906606,1.0246689038604406,naive,MOQUEGUA
2021-10-25,1.5370033557906606,1.0246689038604406,naive,MOQUEGUA
2021-11-01,2.04933780772088,1.0246689038604406,naive,MOQUEGUA
2021-11-08,1.8785596570774736,1.0246689038604406,naive,MOQUEGUA
2021-11-15,1.3662252051472539,1.8785596570774734,naive,MOQUEGUA
2021-11-22,1.0246689038604406,1.8785596570774734,naive,MOQUEGUA
2021-11-29,1.0246689038604406,1.8785596570774734,naive,MOQUEGUA
2021-12-06,2.561672259651101,1.8785596570774734,naive,MOQUEGUA
2021-12-13,3.074006711581321,2.5616722596511003,naive,MOQUEGUA
2021-12-20,2.903228560937914,2.5616722596511003,naive,MOQUEGUA
2021-12-27,1.3662252051472539,2.5616722596511003,naive,MOQUEGUA
2022-01-03,1.0190817927735496,2.5616722596511003,naive,MOQUEGUA
2022-01-10,1.691020173173394,1.0190817927735496,naive,MOQUEGUA
2022-01-17,2.1959051436544264,1.0190817927735496,naive,MOQUEGUA
2022-01-24,2.0269893633733163,1.0190817927735496,naive,MOQUEGUA
2022-01-31,3.5472313859033036,1.0190817927735496,naive,MOQUEGUA
2022-02-07,4.222894507027742,3.5472313859033036,naive,MOQUEGUA
2022-02-14,5.405304968995509,3.5472313859033036,naive,MOQUEGUA
2022-02-21,3.378315605622193,3.5472313859033036,naive,MOQUEGUA
2022-02-28,2.871568264778864,3.5472313859033036,naive,MOQUEGUA
2022-03-07,2.0269893633733163,2.8715682647788636,naive,MOQUEGUA
2022-03-14,2.1959051436544264,2.8715682647788636,naive,MOQUEGUA
2022-03-21,2.026989363373316,2.8715682647788636,naive,MOQUEGUA
2022-03-28,1.5202420225299875,2.8715682647788636,naive,MOQUEGUA
2022-04-04,2.0269893633733163,1.5202420225299873,naive,MOQUEGUA
2022-04-11,1.8580735830922066,1.5202420225299873,naive,MOQUEGUA
2022-04-18,2.0269893633733163,1.5202420225299873,naive,MOQUEGUA
2022-04-25,1.5202420225299875,1.5202420225299873,naive,MOQUEGUA
2022-05-02,1.5202420225299875,1.5202420225299873,naive,MOQUEGUA
2022-05-09,1.5202420225299875,1.5202420225299873,naive,MOQUEGUA
2022-05-16,1.3513262422488779,1.5202420225299873,naive,MOQUEGUA
2022-05-23,1.0134946816866586,1.5202420225299873,naive,MOQUEGUA
2022-05-30,1.1824104619677682,1.0134946816866586,naive,MOQUEGUA
2022-06-06,1.3513262422488779,1.0134946816866586,naive,MOQUEGUA
2022-06-13,2.533736704216645,1.0134946816866586,naive,MOQUEGUA
2022-06-20,2.533736704216645,1.0134946816866586,naive,MOQUEGUA
2022-06-27,2.0269893633733163,2.533736704216645,naive,MOQUEGUA
2022-07-04,1.0134946816866586,2.533736704216645,naive,MOQUEGUA
2022-07-11,1.1824104619677682,2.533736704216645,naive,MOQUEGUA
2022-07-18,1.5202420225299875,2.533736704216645,naive,MOQUEGUA
2022-07-25,2.5337367042166457,1.5202420225299873,naive,MOQUEGUA
2022-08-01,1.8580735830922068,1.5202420225299873,naive,MOQUEGUA
2022-08-08,1.8580735830922066,1.5202420225299873,naive,MOQUEGUA
2022-08-15,1.0134946816866586,1.5202420225299873,naive,MOQUEGUA
2022-08-22,1.5202420225299869,1.0134946816866586,naive,MOQUEGUA
2022-08-29,1.3513262422488779,1.0134946816866586,naive,MOQUEGUA
2022-09-05,1.0134946816866586,1.0134946816866586,naive,MOQUEGUA
2022-09-12,0.6756631211244392,1.0134946816866586,naive,MOQUEGUA
2022-09-19,0.506747340843329,0.6756631211244392,naive,MOQUEGUA
2022-09-26,0.506747340843329,0.6756631211244392,naive,MOQUEGUA
2022-10-03,0.8445789014055488,0.6756631211244392,naive,MOQUEGUA
2022-10-10,1.0134946816866586,0.6756631211244392,naive,MOQUEGUA
2022-10-17,1.5202420225299875,1.0134946816866586,naive,MOQUEGUA
2022-10-24,1.3513262422488779,1.0134946816866586,naive,MOQUEGUA
2022-10-31,1.8580735830922066,1.0134946816866586,naive,MOQUEGUA
2022-11-07,1.1824104619677682,1.0134946816866586,naive,MOQUEGUA
2022-11-14,1.1824104619677682,1.1824104619677682,naive,MOQUEGUA
2022-11-21,0.6756631211244392,1.1824104619677682,naive,MOQUEGUA
2022-11-28,4.216122254398989,1.1824104619677682,naive,MOQUEGUA
2022-12-05,7.41874982711132,1.1824104619677682,naive,MOQUEGUA
2022-12-12,10.62137739982365,7.418749827111322,naive,MOQUEGUA
2022-12-19,7.24983404683021,7.418749827111322,naive,MOQUEGUA
2022-12-26,3.8782906938367696,7.418749827111322,naive,MOQUEGUA
2023-01-02,1.3414143511245273,7.418749827111322,naive,MOQUEGUA
2023-01-09,2.008817562978674,1.3414143511245273,naive,MOQUEGUA
2023-01-16,2.1744293795516665,1.3414143511245273,naive,MOQUEGUA
2023-01-23,1.505374185843462,1.3414143511245273,naive,MOQUEGUA
2023-01-30,1.3381103874164104,1.3414143511245273,naive,MOQUEGUA
2023-02-06,1.3381103874164104,1.3381103874164104,naive,MOQUEGUA
2023-02-13,1.3381103874164104,1.3381103874164104,naive,MOQUEGUA
2023-02-20,0.8363189921352566,1.3381103874164104,naive,MOQUEGUA
2023-02-27,0.8363189921352566,1.3381103874164104,naive,MOQUEGUA
2023-03-06,0.5017913952811542,0.8363189921352567,naive,MOQUEGUA
2023-03-13,0.8363189921352568,0.8363189921352567,naive,MOQUEGUA
2023-03-20,1.003582790562308,0.8363189921352567,naive,MOQUEGUA
2023-03-27,1.3381103874164104,0.8363189921352567,naive,MOQUEGUA
2023-04-03,1.1708465889893593,1.3381103874164104,naive,MOQUEGUA
2023-04-10,1.505374185843462,1.3381103874164104,naive,MOQUEGUA
2023-04-17,2.0071655811246156,1.3381103874164104,naive,MOQUEGUA
2023-04-24,2.174429379551667,1.3381103874164104,naive,MOQUEGUA
2023-05-01,2.341693177978718,2.1744293795516665,naive,MOQUEGUA
2023-05-08,2.5089569764057695,2.1744293795516665,naive,MOQUEGUA
2023-05-15,3.0107483716869226,2.1744293795516665,naive,MOQUEGUA
2023-05-22,3.3452759685410256,2.1744293795516665,naive,MOQUEGUA
2023-05-29,2.8434845732598717,3.345275968541026,naive,MOQUEGUA
2023-06-05,2.6762207748328204,3.345275968541026,naive,MOQUEGUA
2023-06-12,2.0071655811246156,3.345275968541026,naive,MOQUEGUA
2023-06-19,2.1744293795516665,3.345275968541026,naive,MOQUEGUA
2023-06-26,2.174429379551667,2.1744293795516665,naive,MOQUEGUA
2023-07-03,2.5089569764057695,2.1744293795516665,naive,MOQUEGUA
2023-07-10,2.508956976405769,2.1744293795516665,naive,MOQUEGUA
2023-07-17,2.5089569764057695,2.1744293795516665,naive,MOQUEGUA
2023-07-24,2.1744293795516665,2.50895697640577,naive,MOQUEGUA
2023-07-31,2.5089569764057695,2.50895697640577,naive,MOQUEGUA
2023-08-07,2.341693177978718,2.50895697640577,naive,MOQUEGUA
2023-08-14,2.8434845732598717,2.50895697640577,naive,MOQUEGUA
2023-08-21,2.6762207748328204,2.8434845732598717,naive,MOQUEGUA
2023-08-28,3.1780121701139747,2.8434845732598717,naive,MOQUEGUA
2023-09-04,2.6762207748328204,2.8434845732598717,naive,MOQUEGUA
2023-09-11,2.508956976405769,2.8434845732598717,naive,MOQUEGUA
2023-09-18,2.1744293795516665,2.508956976405769,naive,MOQUEGUA
2023-09-25,2.1744293795516665,2.508956976405769,naive,MOQUEGUA
2023-10-02,2.0071655811246156,2.508956976405769,naive,MOQUEGUA
2023-10-09,1.839901782697564,2.508956976405769,naive,MOQUEGUA
2023-10-16,1.672637984270513,1.839901782697564,naive,MOQUEGUA
2023-10-23,1.672637984270513,1.839901782697564,naive,MOQUEGUA
2023-10-30,2.174429379551667,1.839901782697564,naive,MOQUEGUA
2023-11-06,2.5089569764057695,1.839901782697564,naive,MOQUEGUA
2023-11-13,2.5089569764057695,2.50895697640577,naive,MOQUEGUA
2023-11-20,1.505374185843462,2.50895697640577,naive,MOQUEGUA
2023-11-27,1.839901782697564,2.50895697640577,naive,MOQUEGUA
2023-12-04,1.672637984270513,2.50895697640577,naive,MOQUEGUA
2010-12-27,1.3915560379616487,0.8050071444384065,seasonal_naive,MOQUEGUA
2011-01-03,0.9939685985440346,0.4025035722192031,seasonal_naive,MOQUEGUA
2011-01-10,0.5939812561546877,0.0,seasonal_naive,MOQUEGUA
2011-01-17,0.19639381673707376,0.19879371970880663,seasonal_naive,MOQUEGUA
2011-01-24,0.3927876334741476,0.19879371970880663,seasonal_naive,MOQUEGUA
2011-01-31,0.19639381673707376,0.19879371970880663,seasonal_naive,MOQUEGUA
2011-02-07,0.3927876334741476,0.0,seasonal_naive,MOQUEGUA
2011-02-14,0.19639381673707376,0.0,seasonal_naive,MOQUEGUA
2011-02-21,0.7855752669482953,0.0,seasonal_naive,MOQUEGUA
2011-02-28,1.178362900422443,0.19879371970880663,seasonal_naive,MOQUEGUA
2011-03-07,1.178362900422443,0.3975874394176136,seasonal_naive,MOQUEGUA
2011-03-14,0.7855752669482953,0.3975874394176136,seasonal_naive,MOQUEGUA
2011-03-21,0.3927876334741476,1.590349757670455,seasonal_naive,MOQUEGUA
2011-03-28,0.5891814502112215,1.3915560379616485,seasonal_naive,MOQUEGUA
2011-04-04,0.7855752669482952,1.590349757670455,seasonal_naive,MOQUEGUA
2011-04-11,0.7855752669482952,0.9939685985440344,seasonal_naive,MOQUEGUA
2011-04-18,0.5891814502112213,1.3915560379616485,seasonal_naive,MOQUEGUA
2011-04-25,0.5891814502112215,1.7891434773792625,seasonal_naive,MOQUEGUA
2011-05-02,0.5891814502112215,0.9939685985440344,seasonal_naive,MOQUEGUA
2011-05-09,0.7855752669482952,0.7951748788352274,seasonal_naive,MOQUEGUA
2011-05-16,0.39278763347414763,0.19879371970880663,seasonal_naive,MOQUEGUA
2011-05-23,0.9819690836853692,0.3975874394176136,seasonal_naive,MOQUEGUA
2011-05-30,1.178362900422443,0.19879371970880663,seasonal_naive,MOQUEGUA
2011-06-06,1.5711505338965905,0.19879371970880663,seasonal_naive,MOQUEGUA
2011-06-13,1.178362900422443,0.0,seasonal_naive,MOQUEGUA
2011-06-20,1.178362900422443,0.19879371970880663,seasonal_naive,MOQUEGUA
2011-06-27,0.7855752669482953,0.3975874394176136,seasonal_naive,MOQUEGUA
2011-07-04,0.7855752669482953,0.9939685985440344,seasonal_naive,MOQUEGUA
2011-07-11,1.178362900422443,0.9939685985440344,seasonal_naive,MOQUEGUA
2011-07-18,1.374756717159517,1.1927623182528415,seasonal_naive,MOQUEGUA
2011-07-25,0.9819690836853692,1.1927623182528413,seasonal_naive,MOQUEGUA
2011-08-01,0.7855752669482955,1.3915560379616483,seasonal_naive,MOQUEGUA
2011-08-08,1.374756717159517,1.3915560379616485,seasonal_naive,MOQUEGUA
2011-08-15,1.5711505338965905,1.3915560379616485,seasonal_naive,MOQUEGUA
2011-08-22,1.9639381673707383,0.9939685985440344,seasonal_naive,MOQUEGUA
2011-08-29,1.374756717159517,1.1927623182528415,seasonal_naive,MOQUEGUA
2011-09-05,1.1783629004224432,0.9939685985440344,seasonal_naive,MOQUEGUA
2011-09-12,0.5891814502112216,1.1927623182528415,seasonal_naive,MOQUEGUA
2011-09-19,0.5891814502112216,0.9939685985440344,seasonal_naive,MOQUEGUA
2011-09-26,1.178362900422443,0.7951748788352274,seasonal_naive,MOQUEGUA
2011-10-03,0.9819690836853693,0.7951748788352274,seasonal_naive,MOQUEGUA
2011-10-10,0.9819690836853692,0.3975874394176136,seasonal_naive,MOQUEGUA
2011-10-17,1.1783629004224432,0.7951748788352274,seasonal_naive,MOQUEGUA
2011-10-24,1.1783629004224432,0.9939685985440344,seasonal_naive,MOQUEGUA
2011-10-31,1.9639381673707386,1.7891434773792625,seasonal_naive,MOQUEGUA
2011-11-07,1.374756717159517,1.590349757670455,seasonal_naive,MOQUEGUA
2011-11-14,1.571150533896591,1.3915560379616485,seasonal_naive,MOQUEGUA
2011-11-21,0.9819690836853692,0.9939685985440346,seasonal_naive,MOQUEGUA
2011-11-28,0.7855752669482955,0.9939685985440346,seasonal_naive,MOQUEGUA
2011-12-05,0.5891814502112216,1.3915560379616485,seasonal_naive,MOQUEGUA
2011-12-12,0.7855752669482955,1.3915560379616485,seasonal_naive,MOQUEGUA
2011-12-19,1.1783629004224432,1.5903497576704557,seasonal_naive,MOQUEGUA
2011-12-26,0.9819690836853693,1.3915560379616485,seasonal_naive,MOQUEGUA
2012-01-02,0.5868399305682147,0.9939685985440346,seasonal_naive,MOQUEGUA
2012-01-09,0.388104594188134,0.5939812561546877,seasonal_naive,MOQUEGUA
2012-01-16,0.5821568912822006,0.19639381673707376,seasonal_naive,MOQUEGUA
2012-01-23,0.7762091883762677,0.39278763347414763,seasonal_naive,MOQUEGUA
2012-01-30,1.1643137825644014,0.19639381673707376,seasonal_naive,MOQUEGUA
2012-02-06,1.552418376752535,0.39278763347414763,seasonal_naive,MOQUEGUA
2012-02-13,1.9405229709406686,0.19639381673707376,seasonal_naive,MOQUEGUA
2012-02-20,1.9405229709406688,0.7855752669482952,seasonal_naive,MOQUEGUA
2012-02-27,2.3286275651288024,1.178362900422443,seasonal_naive,MOQUEGUA
2012-03-05,2.1345752680347356,1.178362900422443,seasonal_naive,MOQUEGUA
2012-03-12,2.522679862222869,0.7855752669482952,seasonal_naive,MOQUEGUA
2012-03-19,2.134575268034735,0.39278763347414763,seasonal_naive,MOQUEGUA
2012-03-26,2.1345752680347356,0.5891814502112215,seasonal_naive,MOQUEGUA
2012-04-02,1.3583660796584682,0.7855752669482952,seasonal_naive,MOQUEGUA
2012-04-09,1.3583660796584682,0.7855752669482952,seasonal_naive,MOQUEGUA
2012-04-16,1.1643137825644014,0.5891814502112213,seasonal_naive,MOQUEGUA
2012-04-23,1.3583660796584682,0.5891814502112215,seasonal_naive,MOQUEGUA
2012-04-30,0.7762091883762675,0.5891814502112215,seasonal_naive,MOQUEGUA
2012-05-07,0.9702614854703344,0.7855752669482952,seasonal_naive,MOQUEGUA
2012-05-14,0.7762091883762675,0.39278763347414763,seasonal_naive,MOQUEGUA
2012-05-21,1.7464706738466018,0.9819690836853691,seasonal_naive,MOQUEGUA
2012-05-28,1.9405229709406686,1.178362900422443,seasonal_naive,MOQUEGUA
2012-06-04,2.3286275651288024,1.5711505338965905,seasonal_naive,MOQUEGUA
2012-06-11,1.9405229709406686,1.178362900422443,seasonal_naive,MOQUEGUA
2012-06-18,1.552418376752535,1.178362900422443,seasonal_naive,MOQUEGUA
2012-06-25,1.746470673846602,0.7855752669482952,seasonal_naive,MOQUEGUA
2012-07-02,1.1643137825644014,0.7855752669482952,seasonal_naive,MOQUEGUA
2012-07-09,1.3583660796584682,1.178362900422443,seasonal_naive,MOQUEGUA
2012-07-16,1.1643137825644012,1.374756717159517,seasonal_naive,MOQUEGUA
2012-07-23,1.9405229709406686,0.9819690836853691,seasonal_naive,MOQUEGUA
2012-07-30,1.552418376752535,0.7855752669482956,seasonal_naive,MOQUEGUA
2012-08-06,1.3583660796584682,1.374756717159517,seasonal_naive,MOQUEGUA
2012-08-13,1.7464706738466018,1.5711505338965905,seasonal_naive,MOQUEGUA
2012-08-20,1.9405229709406686,1.9639381673707383,seasonal_naive,MOQUEGUA
2012-08-27,2.134575268034735,1.374756717159517,seasonal_naive,MOQUEGUA
2012-09-03,1.552418376752535,1.1783629004224432,seasonal_naive,MOQUEGUA
2012-09-10,1.3583660796584678,0.5891814502112216,seasonal_naive,MOQUEGUA
2012-09-17,0.9702614854703343,0.5891814502112216,seasonal_naive,MOQUEGUA
2012-09-24,0.9702614854703343,1.178362900422443,seasonal_naive,MOQUEGUA
2012-10-01,0.9702614854703343,0.9819690836853693,seasonal_naive,MOQUEGUA
2012-10-08,1.164313782564401,0.9819690836853691,seasonal_naive,MOQUEGUA
2012-10-15,1.164313782564401,1.1783629004224432,seasonal_naive,MOQUEGUA
2012-10-22,0.9702614854703343,1.1783629004224432,seasonal_naive,MOQUEGUA
2012-10-29,0.9702614854703343,1.9639381673707383,seasonal_naive,MOQUEGUA
2012-11-05,0.7762091883762675,1.374756717159517,seasonal_naive,MOQUEGUA
2012-11-12,1.3583660796584678,1.571150533896591,seasonal_naive,MOQUEGUA
2012-11-19,2.134575268034735,0.9819690836853691,seasonal_naive,MOQUEGUA
2012-11-26,2.328627565128802,0.7855752669482956,seasonal_naive,MOQUEGUA
2012-12-03,2.134575268034735,0.5891814502112216,seasonal_naive,MOQUEGUA
2012-12-10,1.164313782564401,0.7855752669482956,seasonal_naive,MOQUEGUA
2012-12-17,0.9702614854703343,1.1783629004224432,seasonal_naive,MOQUEGUA
2012-12-24,0.9702614854703343,0.9819690836853693,seasonal_naive,MOQUEGUA
2012-12-31,1.1643137825644012,0.5868399305682147,seasonal_naive,MOQUEGUA
2013-01-07,1.54327300233261,0.3881045941881339,seasonal_naive,MOQUEGUA
2013-01-14,1.5387003151226477,0.5821568912822006,seasonal_naive,MOQUEGUA
2013-01-21,1.3423616744235993,0.7762091883762677,seasonal_naive,MOQUEGUA
2013-01-28,1.150595720934514,1.1643137825644014,seasonal_naive,MOQUEGUA
2013-02-04,0.7670638139563426,1.552418376752535,seasonal_naive,MOQUEGUA
2013-02-11,1.150595720934514,1.9405229709406688,seasonal_naive,MOQUEGUA
2013-02-18,0.9588297674454282,1.9405229709406688,seasonal_naive,MOQUEGUA
2013-02-25,0.9588297674454282,2.328627565128802,seasonal_naive,MOQUEGUA
2013-03-04,0.3835319069781713,2.134575268034735,seasonal_naive,MOQUEGUA
2013-03-11,0.0,2.5226798622228688,seasonal_naive,MOQUEGUA
2013-03-18,0.19176595348908565,2.134575268034735,seasonal_naive,MOQUEGUA
2013-03-25,0.19176595348908565,2.134575268034735,seasonal_naive,MOQUEGUA
2013-04-01,0.3835319069781713,1.3583660796584682,seasonal_naive,MOQUEGUA
2013-04-08,0.19176595348908565,1.3583660796584682,seasonal_naive,MOQUEGUA
2013-04-15,0.3835319069781713,1.1643137825644014,seasonal_naive,MOQUEGUA
2013-04-22,0.7670638139563426,1.3583660796584682,seasonal_naive,MOQUEGUA
2013-04-29,1.150595720934514,0.7762091883762675,seasonal_naive,MOQUEGUA
2013-05-06,1.150595720934514,0.9702614854703344,seasonal_naive,MOQUEGUA
2013-05-13,0.9588297674454282,0.7762091883762675,seasonal_naive,MOQUEGUA
2013-05-20,0.9588297674454282,1.7464706738466016,seasonal_naive,MOQUEGUA
2013-05-27,0.7670638139563426,1.9405229709406688,seasonal_naive,MOQUEGUA
2013-06-03,0.3835319069781713,2.328627565128802,seasonal_naive,MOQUEGUA
2013-06-10,0.575297860467257,1.9405229709406688,seasonal_naive,MOQUEGUA
2013-06-17,1.150595720934514,1.552418376752535,seasonal_naive,MOQUEGUA
2013-06-24,1.150595720934514,1.746470673846602,seasonal_naive,MOQUEGUA
2013-07-01,1.150595720934514,1.1643137825644014,seasonal_naive,MOQUEGUA
2013-07-08,1.5341276279126852,1.3583660796584682,seasonal_naive,MOQUEGUA
2013-07-15,2.109425488379942,1.1643137825644012,seasonal_naive,MOQUEGUA
2013-07-22,2.109425488379942,1.9405229709406688,seasonal_naive,MOQUEGUA
2013-07-29,1.3423616744235993,1.552418376752535,seasonal_naive,MOQUEGUA
2013-08-05,1.3423616744235993,1.3583660796584682,seasonal_naive,MOQUEGUA
2013-08-12,1.150595720934514,1.7464706738466016,seasonal_naive,MOQUEGUA
2013-08-19,1.150595720934514,1.9405229709406688,seasonal_naive,MOQUEGUA
2013-08-26,0.7670638139563426,2.134575268034735,seasonal_naive,MOQUEGUA
2013-09-02,0.575297860467257,1.552418376752535,seasonal_naive,MOQUEGUA
2013-09-09,0.7670638139563426,1.3583660796584678,seasonal_naive,MOQUEGUA
2013-09-16,1.150595720934514,0.9702614854703342,seasonal_naive,MOQUEGUA
2013-09-23,1.150595720934514,0.9702614854703342,seasonal_naive,MOQUEGUA
2013-09-30,0.9588297674454282,0.9702614854703342,seasonal_naive,MOQUEGUA
2013-10-07,0.575297860467257,1.164313782564401,seasonal_naive,MOQUEGUA
2013-10-14,0.7670638139563426,1.164313782564401,seasonal_naive,MOQUEGUA
2013-10-21,1.3423616744235993,0.9702614854703342,seasonal_naive,MOQUEGUA
2013-10-28,1.5341276279126852,0.9702614854703342,seasonal_naive,MOQUEGUA
2013-11-04,1.725893581401771,0.7762091883762675,seasonal_naive,MOQUEGUA
2013-11-11,1.3423616744235993,1.3583660796584678,seasonal_naive,MOQUEGUA
2013-11-18,1.3423616744235993,2.134575268034735,seasonal_naive,MOQUEGUA
2013-11-25,0.7670638139563426,2.328627565128802,seasonal_naive,MOQUEGUA
2013-12-02,1.150595720934514,2.134575268034735,seasonal_naive,MOQUEGUA
2013-12-09,0.9588297674454282,1.164313782564401,seasonal_naive,MOQUEGUA
2013-12-16,1.725893581401771,0.9702614854703342,seasonal_naive,MOQUEGUA
2013-12-23,1.3423616744235993,0.9702614854703342,seasonal_naive,MOQUEGUA
2013-12-30,1.5341276279126852,1.1643137825644012,seasonal_naive,MOQUEGUA
2014-01-06,1.1461273753343144,1.5432730023326098,seasonal_naive,MOQUEGUA
2014-01-13,0.952127249045129,1.538700315122648,seasonal_naive,MOQUEGUA
2014-01-20,1.1371906841339154,1.3423616744235993,seasonal_naive,MOQUEGUA
2014-01-27,0.9476589034449296,1.150595720934514,seasonal_naive,MOQUEGUA
2014-02-03,0.9476589034449298,0.7670638139563426,seasonal_naive,MOQUEGUA
2014-02-10,0.37906356137797187,1.150595720934514,seasonal_naive,MOQUEGUA
2014-02-17,0.18953178068898593,0.9588297674454282,seasonal_naive,MOQUEGUA
2014-02-24,0.37906356137797187,0.9588297674454282,seasonal_naive,MOQUEGUA
2014-03-03,0.5685953420669578,0.3835319069781713,seasonal_naive,MOQUEGUA
2014-03-10,0.5685953420669578,0.0,seasonal_naive,MOQUEGUA
2014-03-17,0.37906356137797187,0.19176595348908562,seasonal_naive,MOQUEGUA
2014-03-24,0.7581271227559437,0.19176595348908562,seasonal_naive,MOQUEGUA
2014-03-31,1.1371906841339154,0.3835319069781713,seasonal_naive,MOQUEGUA
2014-04-07,0.9476589034449295,0.19176595348908562,seasonal_naive,MOQUEGUA
2014-04-14,0.5685953420669578,0.3835319069781713,seasonal_naive,MOQUEGUA
2014-04-21,0.5685953420669578,0.7670638139563426,seasonal_naive,MOQUEGUA
2014-04-28,0.5685953420669578,1.150595720934514,seasonal_naive,MOQUEGUA
2014-05-05,1.1371906841339157,1.150595720934514,seasonal_naive,MOQUEGUA
2014-05-12,1.1371906841339157,0.9588297674454282,seasonal_naive,MOQUEGUA
2014-05-19,1.5162542455118875,0.9588297674454282,seasonal_naive,MOQUEGUA
2014-05-26,1.1371906841339157,0.7670638139563426,seasonal_naive,MOQUEGUA
2014-06-02,1.5162542455118875,0.3835319069781713,seasonal_naive,MOQUEGUA
2014-06-09,1.1371906841339157,0.575297860467257,seasonal_naive,MOQUEGUA
2014-06-16,1.1371906841339157,1.150595720934514,seasonal_naive,MOQUEGUA
2014-06-23,0.7581271227559437,1.150595720934514,seasonal_naive,MOQUEGUA
2014-06-30,0.9476589034449298,1.150595720934514,seasonal_naive,MOQUEGUA
2014-07-07,0.9476589034449298,1.5341276279126852,seasonal_naive,MOQUEGUA
2014-07-14,0.9476589034449298,2.1094254883799417,seasonal_naive,MOQUEGUA
2014-07-21,1.1371906841339157,2.1094254883799417,seasonal_naive,MOQUEGUA
2014-07-28,1.3267224648229015,1.3423616744235993,seasonal_naive,MOQUEGUA
2014-08-04,2.463913148956817,1.3423616744235993,seasonal_naive,MOQUEGUA
2014-08-11,3.411572052401747,1.150595720934514,seasonal_naive,MOQUEGUA
2014-08-18,3.7906356137797186,1.150595720934514,seasonal_naive,MOQUEGUA
2014-08-25,2.274381368267831,0.7670638139563426,seasonal_naive,MOQUEGUA
2014-09-01,1.5162542455118875,0.575297860467257,seasonal_naive,MOQUEGUA
2014-09-08,0.9476589034449296,0.7670638139563426,seasonal_naive,MOQUEGUA
2014-09-15,1.7057860262008735,1.150595720934514,seasonal_naive,MOQUEGUA
2014-09-22,1.7057860262008735,1.150595720934514,seasonal_naive,MOQUEGUA
2014-09-29,1.8953178068898593,0.9588297674454282,seasonal_naive,MOQUEGUA
2014-10-06,1.3267224648229015,0.575297860467257,seasonal_naive,MOQUEGUA
2014-10-13,1.7057860262008733,0.7670638139563426,seasonal_naive,MOQUEGUA
2014-10-20,1.7057860262008733,1.3423616744235993,seasonal_naive,MOQUEGUA
2014-10-27,1.895317806889859,1.5341276279126852,seasonal_naive,MOQUEGUA
2014-11-03,1.8953178068898593,1.725893581401771,seasonal_naive,MOQUEGUA
2014-11-10,1.5162542455118875,1.3423616744235993,seasonal_naive,MOQUEGUA
2014-11-17,1.7057860262008733,1.3423616744235993,seasonal_naive,MOQUEGUA
2014-11-24,0.7581271227559437,0.7670638139563426,seasonal_naive,MOQUEGUA
2014-12-01,0.5685953420669577,1.150595720934514,seasonal_naive,MOQUEGUA
2014-12-08,0.0,0.9588297674454282,seasonal_naive,MOQUEGUA
2014-12-15,0.18953178068898593,1.725893581401771,seasonal_naive,MOQUEGUA
2014-12-22,0.18953178068898593,1.3423616744235993,seasonal_naive,MOQUEGUA
2014-12-29,1.3267224648229015,1.5341276279126852,seasonal_naive,MOQUEGUA
2015-01-05,1.511890923942069,1.1461273753343144,seasonal_naive,MOQUEGUA
2015-01-12,2.261291403558376,0.9521272490451291,seasonal_naive,MOQUEGUA
2015-01-19,1.3114508393285373,1.1371906841339154,seasonal_naive,MOQUEGUA
2015-01-26,0.9367505995203839,0.9476589034449296,seasonal_naive,MOQUEGUA
2015-02-02,0.56205035971223,0.9476589034449298,seasonal_naive,MOQUEGUA
2015-02-09,0.56205035971223,0.37906356137797187,seasonal_naive,MOQUEGUA
2015-02-16,0.7494004796163068,0.18953178068898596,seasonal_naive,MOQUEGUA
2015-02-23,0.7494004796163068,0.37906356137797187,seasonal_naive,MOQUEGUA
2015-03-02,1.12410071942446,0.5685953420669578,seasonal_naive,MOQUEGUA
2015-03-09,1.1241007194244603,0.5685953420669578,seasonal_naive,MOQUEGUA
2015-03-16,0.7494004796163067,0.37906356137797187,seasonal_naive,MOQUEGUA
2015-03-23,0.7494004796163068,0.7581271227559436,seasonal_naive,MOQUEGUA
2015-03-30,0.7494004796163067,1.1371906841339154,seasonal_naive,MOQUEGUA
2015-04-06,0.9367505995203835,0.9476589034449296,seasonal_naive,MOQUEGUA
2015-04-13,1.1241007194244605,0.5685953420669578,seasonal_naive,MOQUEGUA
2015-04-20,1.6861510791366907,0.5685953420669578,seasonal_naive,MOQUEGUA
2015-04-27,2.0608513189448443,0.5685953420669578,seasonal_naive,MOQUEGUA
2015-05-04,2.060851318944844,1.1371906841339157,seasonal_naive,MOQUEGUA
2015-05-11,1.873501199040767,1.1371906841339157,seasonal_naive,MOQUEGUA
2015-05-18,1.4988009592326137,1.5162542455118875,seasonal_naive,MOQUEGUA
2015-05-25,0.9367505995203835,1.1371906841339157,seasonal_naive,MOQUEGUA
2015-06-01,0.7494004796163068,1.5162542455118875,seasonal_naive,MOQUEGUA
2015-06-08,0.7494004796163068,1.1371906841339157,seasonal_naive,MOQUEGUA
2015-06-15,1.12410071942446,1.1371906841339157,seasonal_naive,MOQUEGUA
2015-06-22,1.311450839328537,0.7581271227559436,seasonal_naive,MOQUEGUA
2015-06-29,1.873501199040767,0.9476589034449298,seasonal_naive,MOQUEGUA
2015-07-06,2.060851318944844,0.9476589034449298,seasonal_naive,MOQUEGUA
2015-07-13,2.248201438848921,0.9476589034449298,seasonal_naive,MOQUEGUA
2015-07-20,2.4355515587529974,1.1371906841339157,seasonal_naive,MOQUEGUA
2015-07-27,2.0608513189448443,1.3267224648229015,seasonal_naive,MOQUEGUA
2015-08-03,1.6861510791366907,2.4639131489568165,seasonal_naive,MOQUEGUA
2015-08-10,1.6861510791366907,3.4115720524017465,seasonal_naive,MOQUEGUA
2015-08-17,1.311450839328537,3.7906356137797186,seasonal_naive,MOQUEGUA
2015-08-24,1.3114508393285371,2.2743813682678304,seasonal_naive,MOQUEGUA
2015-08-31,0.7494004796163068,1.5162542455118875,seasonal_naive,MOQUEGUA
2015-09-07,1.1241007194244605,0.9476589034449296,seasonal_naive,MOQUEGUA
2015-09-14,1.4988009592326137,1.7057860262008735,seasonal_naive,MOQUEGUA
2015-09-21,1.6861510791366905,1.7057860262008735,seasonal_naive,MOQUEGUA
2015-09-28,2.060851318944844,1.8953178068898593,seasonal_naive,MOQUEGUA
2015-10-05,2.060851318944844,1.3267224648229015,seasonal_naive,MOQUEGUA
2015-10-12,2.060851318944844,1.705786026200873,seasonal_naive,MOQUEGUA
2015-10-19,1.4988009592326141,1.705786026200873,seasonal_naive,MOQUEGUA
2015-10-26,1.1241007194244605,1.8953178068898593,seasonal_naive,MOQUEGUA
2015-11-02,1.6861510791366907,1.8953178068898593,seasonal_naive,MOQUEGUA
2015-11-09,2.248201438848921,1.5162542455118875,seasonal_naive,MOQUEGUA
2015-11-16,2.4355515587529974,1.705786026200873,seasonal_naive,MOQUEGUA
2015-11-23,2.6229016786570742,0.7581271227559436,seasonal_naive,MOQUEGUA
2015-11-30,2.4355515587529974,0.5685953420669577,seasonal_naive,MOQUEGUA
2015-12-07,1.8735011990407673,0.0,seasonal_naive,MOQUEGUA
2015-12-14,1.1241007194244605,0.18953178068898596,seasonal_naive,MOQUEGUA
2015-12-21,0.9367505995203839,0.18953178068898596,seasonal_naive,MOQUEGUA
2015-12-28,0.9367505995203839,1.3267224648229015,seasonal_naive,MOQUEGUA
2016-01-04,0.5599173234910843,1.511890923942069,seasonal_naive,MOQUEGUA
2016-01-11,0.5556512510487919,2.2612914035583764,seasonal_naive,MOQUEGUA
2016-01-18,0.5556512510487919,1.3114508393285373,seasonal_naive,MOQUEGUA
2016-01-25,0.5556512510487918,0.9367505995203839,seasonal_naive,MOQUEGUA
2016-02-01,0.3704341673658613,0.56205035971223,seasonal_naive,MOQUEGUA
2016-02-08,0.3704341673658613,0.56205035971223,seasonal_naive,MOQUEGUA
2016-02-15,0.555651251048792,0.7494004796163067,seasonal_naive,MOQUEGUA
2016-02-22,0.3704341673658613,0.7494004796163067,seasonal_naive,MOQUEGUA
2016-02-29,0.37043416736586127,1.12410071942446,seasonal_naive,MOQUEGUA
2016-03-07,0.0,1.1241007194244603,seasonal_naive,MOQUEGUA
2016-03-14,0.9260854184146531,0.7494004796163067,seasonal_naive,MOQUEGUA
2016-03-21,1.481736669463445,0.7494004796163067,seasonal_naive,MOQUEGUA
2016-03-28,1.8521708368293062,0.7494004796163067,seasonal_naive,MOQUEGUA
2016-04-04,1.2965195857805143,0.9367505995203834,seasonal_naive,MOQUEGUA
2016-04-11,1.2965195857805143,1.1241007194244608,seasonal_naive,MOQUEGUA
2016-04-18,1.481736669463445,1.6861510791366907,seasonal_naive,MOQUEGUA
2016-04-25,1.2965195857805143,2.0608513189448443,seasonal_naive,MOQUEGUA
2016-05-02,1.481736669463445,2.060851318944844,seasonal_naive,MOQUEGUA
2016-05-09,1.6669537531463756,1.8735011990407673,seasonal_naive,MOQUEGUA
2016-05-16,2.593039171561028,1.4988009592326137,seasonal_naive,MOQUEGUA
2016-05-23,2.7782562552439587,0.9367505995203834,seasonal_naive,MOQUEGUA
2016-05-30,2.222605004195167,0.7494004796163067,seasonal_naive,MOQUEGUA
2016-06-06,1.8521708368293062,0.7494004796163067,seasonal_naive,MOQUEGUA
2016-06-13,1.6669537531463756,1.12410071942446,seasonal_naive,MOQUEGUA
2016-06-20,2.222605004195167,1.311450839328537,seasonal_naive,MOQUEGUA
2016-06-27,1.6669537531463756,1.8735011990407673,seasonal_naive,MOQUEGUA
2016-07-04,1.1113025020975835,2.060851318944844,seasonal_naive,MOQUEGUA
2016-07-11,1.481736669463445,2.2482014388489215,seasonal_naive,MOQUEGUA
2016-07-18,2.0373879205122365,2.435551558752998,seasonal_naive,MOQUEGUA
2016-07-25,2.222605004195167,2.0608513189448443,seasonal_naive,MOQUEGUA
2016-08-01,2.0373879205122365,1.6861510791366907,seasonal_naive,MOQUEGUA
2016-08-08,1.8521708368293062,1.6861510791366907,seasonal_naive,MOQUEGUA
2016-08-15,2.0373879205122365,1.311450839328537,seasonal_naive,MOQUEGUA
2016-08-22,2.0373879205122365,1.3114508393285373,seasonal_naive,MOQUEGUA
2016-08-29,2.0373879205122365,0.7494004796163067,seasonal_naive,MOQUEGUA
2016-09-05,2.96347333892689,1.1241007194244608,seasonal_naive,MOQUEGUA
2016-09-12,3.1486904226098207,1.4988009592326137,seasonal_naive,MOQUEGUA
2016-09-19,3.1486904226098207,1.6861510791366907,seasonal_naive,MOQUEGUA
2016-09-26,2.2226050041951675,2.060851318944844,seasonal_naive,MOQUEGUA
2016-10-03,1.481736669463445,2.060851318944844,seasonal_naive,MOQUEGUA
2016-10-10,0.9260854184146533,2.060851318944844,seasonal_naive,MOQUEGUA
2016-10-17,0.9260854184146533,1.4988009592326144,seasonal_naive,MOQUEGUA
2016-10-24,1.111302502097584,1.1241007194244608,seasonal_naive,MOQUEGUA
2016-10-31,1.6669537531463754,1.6861510791366907,seasonal_naive,MOQUEGUA
2016-11-07,1.2965195857805145,2.2482014388489215,seasonal_naive,MOQUEGUA
2016-11-14,1.6669537531463756,2.435551558752998,seasonal_naive,MOQUEGUA
2016-11-21,1.481736669463445,2.6229016786570747,seasonal_naive,MOQUEGUA
2016-11-28,1.8521708368293062,2.435551558752998,seasonal_naive,MOQUEGUA
2016-12-05,1.2965195857805145,1.8735011990407673,seasonal_naive,MOQUEGUA
2016-12-12,1.481736669463445,1.1241007194244608,seasonal_naive,MOQUEGUA
2016-12-19,1.6669537531463756,0.9367505995203839,seasonal_naive,MOQUEGUA
2016-12-26,2.407822087878098,0.9367505995203839,seasonal_naive,MOQUEGUA
2017-01-02,2.4015700687691797,0.5599173234910843,seasonal_naive,MOQUEGUA
2017-01-09,2.210100965977331,0.5556512510487919,seasonal_naive,MOQUEGUA
2017-01-16,2.014463850446204,0.5556512510487919,seasonal_naive,MOQUEGUA
2017-01-23,2.1975969277594953,0.5556512510487918,seasonal_naive,MOQUEGUA
2017-01-30,2.3807300050727864,0.3704341673658613,seasonal_naive,MOQUEGUA
2017-02-06,2.3807300050727864,0.3704341673658613,seasonal_naive,MOQUEGUA
2017-02-13,2.563863082386078,0.555651251048792,seasonal_naive,MOQUEGUA
2017-02-20,2.563863082386078,0.3704341673658613,seasonal_naive,MOQUEGUA
2017-02-27,2.014463850446204,0.37043416736586127,seasonal_naive,MOQUEGUA
2017-03-06,1.4650646185063303,0.0,seasonal_naive,MOQUEGUA
2017-03-13,0.7325323092531653,0.9260854184146532,seasonal_naive,MOQUEGUA
2017-03-20,1.0987984638797477,1.481736669463445,seasonal_naive,MOQUEGUA
2017-03-27,0.7325323092531653,1.8521708368293062,seasonal_naive,MOQUEGUA
2017-04-03,1.4650646185063303,1.2965195857805143,seasonal_naive,MOQUEGUA
2017-04-10,1.831330773132913,1.2965195857805143,seasonal_naive,MOQUEGUA
2017-04-17,3.1132623143259512,1.481736669463445,seasonal_naive,MOQUEGUA
2017-04-24,3.1132623143259512,1.2965195857805143,seasonal_naive,MOQUEGUA
2017-05-01,2.3807300050727864,1.481736669463445,seasonal_naive,MOQUEGUA
2017-05-08,1.4650646185063303,1.6669537531463758,seasonal_naive,MOQUEGUA
2017-05-15,1.4650646185063303,2.593039171561028,seasonal_naive,MOQUEGUA
2017-05-22,1.8313307731329127,2.7782562552439587,seasonal_naive,MOQUEGUA
2017-05-29,2.197596927759495,2.2226050041951675,seasonal_naive,MOQUEGUA
2017-06-05,2.014463850446204,1.8521708368293062,seasonal_naive,MOQUEGUA
2017-06-12,2.5638630823860775,1.6669537531463758,seasonal_naive,MOQUEGUA
2017-06-19,3.1132623143259512,2.2226050041951675,seasonal_naive,MOQUEGUA
2017-06-26,3.479528468952534,1.6669537531463758,seasonal_naive,MOQUEGUA
2017-07-03,3.8457946235791165,1.1113025020975835,seasonal_naive,MOQUEGUA
2017-07-10,4.028927700892408,1.481736669463445,seasonal_naive,MOQUEGUA
2017-07-17,4.395193855518991,2.0373879205122365,seasonal_naive,MOQUEGUA
2017-07-24,3.479528468952534,2.2226050041951675,seasonal_naive,MOQUEGUA
2017-07-31,3.8457946235791165,2.0373879205122365,seasonal_naive,MOQUEGUA
2017-08-07,3.2963953916392428,1.8521708368293062,seasonal_naive,MOQUEGUA
2017-08-14,2.746996159699369,2.0373879205122365,seasonal_naive,MOQUEGUA
2017-08-21,1.6481976958196214,2.0373879205122365,seasonal_naive,MOQUEGUA
2017-08-28,2.014463850446204,2.0373879205122365,seasonal_naive,MOQUEGUA
2017-09-04,2.380730005072787,2.9634733389268906,seasonal_naive,MOQUEGUA
2017-09-11,2.0144638504462042,3.1486904226098207,seasonal_naive,MOQUEGUA
2017-09-18,1.0987984638797477,3.1486904226098207,seasonal_naive,MOQUEGUA
2017-09-25,0.9156653865664565,2.2226050041951675,seasonal_naive,MOQUEGUA
2017-10-02,1.6481976958196214,1.481736669463445,seasonal_naive,MOQUEGUA
2017-10-09,2.563863082386078,0.9260854184146534,seasonal_naive,MOQUEGUA
2017-10-16,3.6626615462658254,0.9260854184146534,seasonal_naive,MOQUEGUA
2017-10-23,3.6626615462658254,1.111302502097584,seasonal_naive,MOQUEGUA
2017-10-30,2.9301292370126606,1.6669537531463754,seasonal_naive,MOQUEGUA
2017-11-06,2.563863082386078,1.2965195857805145,seasonal_naive,MOQUEGUA
2017-11-13,2.380730005072787,1.6669537531463758,seasonal_naive,MOQUEGUA
2017-11-20,3.1132623143259512,1.481736669463445,seasonal_naive,MOQUEGUA
2017-11-27,2.563863082386078,1.8521708368293062,seasonal_naive,MOQUEGUA
2017-12-04,2.380730005072787,1.2965195857805145,seasonal_naive,MOQUEGUA
2017-12-11,2.014463850446204,1.481736669463445,seasonal_naive,MOQUEGUA
2017-12-18,1.831330773132913,1.6669537531463758,seasonal_naive,MOQUEGUA
2017-12-25,1.6481976958196218,2.4078220878780976,seasonal_naive,MOQUEGUA
2018-01-01,1.988793716617806,2.4015700687691797,seasonal_naive,MOQUEGUA
2018-01-08,2.159091727016898,2.2101009659773316,seasonal_naive,MOQUEGUA
2018-01-15,2.503966103453149,2.014463850446204,seasonal_naive,MOQUEGUA
2018-01-22,2.146256660102699,2.1975969277594953,seasonal_naive,MOQUEGUA
2018-01-29,2.3251113817779236,2.380730005072786,seasonal_naive,MOQUEGUA
2018-02-05,2.8616755468035984,2.380730005072786,seasonal_naive,MOQUEGUA
2018-02-12,2.5039661034531484,2.563863082386078,seasonal_naive,MOQUEGUA
2018-02-19,2.3251113817779236,2.563863082386078,seasonal_naive,MOQUEGUA
2018-02-26,1.2519830517265744,2.014463850446204,seasonal_naive,MOQUEGUA
2018-03-05,1.4308377734017992,1.4650646185063303,seasonal_naive,MOQUEGUA
2018-03-12,1.6096924950770244,0.7325323092531653,seasonal_naive,MOQUEGUA
2018-03-19,1.7885472167522491,1.0987984638797477,seasonal_naive,MOQUEGUA
2018-03-26,2.1462566601026984,0.7325323092531653,seasonal_naive,MOQUEGUA
2018-04-02,2.5039661034531484,1.4650646185063303,seasonal_naive,MOQUEGUA
2018-04-09,2.6828208251283727,1.831330773132913,seasonal_naive,MOQUEGUA
2018-04-16,2.8616755468035984,3.113262314325951,seasonal_naive,MOQUEGUA
2018-04-23,2.503966103453149,3.113262314325951,seasonal_naive,MOQUEGUA
2018-04-30,2.6828208251283736,2.380730005072786,seasonal_naive,MOQUEGUA
2018-05-07,2.146256660102699,1.4650646185063303,seasonal_naive,MOQUEGUA
2018-05-14,2.325111381777923,1.4650646185063303,seasonal_naive,MOQUEGUA
2018-05-21,2.146256660102699,1.831330773132913,seasonal_naive,MOQUEGUA
2018-05-28,2.325111381777923,2.1975969277594944,seasonal_naive,MOQUEGUA
2018-06-04,2.1462566601026984,2.014463850446204,seasonal_naive,MOQUEGUA
2018-06-11,1.967401938427474,2.563863082386078,seasonal_naive,MOQUEGUA
2018-06-18,3.219384990154048,3.113262314325951,seasonal_naive,MOQUEGUA
2018-06-25,3.040530268478823,3.479528468952534,seasonal_naive,MOQUEGUA
2018-07-02,3.040530268478823,3.8457946235791165,seasonal_naive,MOQUEGUA
2018-07-09,1.609692495077024,4.028927700892407,seasonal_naive,MOQUEGUA
2018-07-16,2.6828208251283736,4.39519385551899,seasonal_naive,MOQUEGUA
2018-07-23,3.5770944335044974,3.479528468952534,seasonal_naive,MOQUEGUA
2018-07-30,3.934803876854948,3.8457946235791165,seasonal_naive,MOQUEGUA
2018-08-06,3.5770944335044974,3.2963953916392428,seasonal_naive,MOQUEGUA
2018-08-13,3.040530268478823,2.7469961596993695,seasonal_naive,MOQUEGUA
2018-08-20,3.398239711829273,1.6481976958196214,seasonal_naive,MOQUEGUA
2018-08-27,3.040530268478823,2.014463850446204,seasonal_naive,MOQUEGUA
2018-09-03,2.8616755468035984,2.380730005072787,seasonal_naive,MOQUEGUA
2018-09-10,2.1462566601026984,2.0144638504462047,seasonal_naive,MOQUEGUA
2018-09-17,1.967401938427474,1.0987984638797477,seasonal_naive,MOQUEGUA
2018-09-24,1.967401938427474,0.9156653865664565,seasonal_naive,MOQUEGUA
2018-10-01,2.3251113817779236,1.6481976958196214,seasonal_naive,MOQUEGUA
2018-10-08,2.1462566601026984,2.563863082386078,seasonal_naive,MOQUEGUA
2018-10-15,1.967401938427474,3.6626615462658254,seasonal_naive,MOQUEGUA
2018-10-22,2.3251113817779236,3.6626615462658254,seasonal_naive,MOQUEGUA
2018-10-29,2.6828208251283736,2.9301292370126606,seasonal_naive,MOQUEGUA
2018-11-05,3.7559491551797226,2.563863082386078,seasonal_naive,MOQUEGUA
2018-11-12,3.7559491551797226,2.380730005072787,seasonal_naive,MOQUEGUA
2018-11-19,3.040530268478823,3.113262314325951,seasonal_naive,MOQUEGUA
2018-11-26,1.9674019384274741,2.563863082386078,seasonal_naive,MOQUEGUA
2018-12-03,1.6096924950770244,2.380730005072787,seasonal_naive,MOQUEGUA
2018-12-10,1.7885472167522494,2.014463850446204,seasonal_naive,MOQUEGUA
2018-12-17,1.967401938427474,1.831330773132913,seasonal_naive,MOQUEGUA
2018-12-24,1.967401938427474,1.6481976958196216,seasonal_naive,MOQUEGUA
2018-12-31,1.7885472167522491,1.988793716617806,seasonal_naive,MOQUEGUA
2019-01-07,1.24876937595865,2.159091727016898,seasonal_naive,MOQUEGUA
2019-01-14,0.3544957675825256,2.503966103453149,seasonal_naive,MOQUEGUA
2019-01-21,0.8782052295365014,2.1462566601026993,seasonal_naive,MOQUEGUA
2019-01-28,1.2294873213511017,2.325111381777923,seasonal_naive,MOQUEGUA
2019-02-04,2.458974642702203,2.861675546803599,seasonal_naive,MOQUEGUA
2019-02-11,2.283333596794903,2.503966103453148,seasonal_naive,MOQUEGUA
2019-02-18,2.9858977804241036,2.325111381777923,seasonal_naive,MOQUEGUA
2019-02-25,2.6346156886095033,1.2519830517265744,seasonal_naive,MOQUEGUA
2019-03-04,2.634615688609503,1.4308377734017992,seasonal_naive,MOQUEGUA
2019-03-11,2.1076925508876028,1.6096924950770244,seasonal_naive,MOQUEGUA
2019-03-18,2.1076925508876028,1.7885472167522494,seasonal_naive,MOQUEGUA
2019-03-25,1.7564104590730023,2.1462566601026984,seasonal_naive,MOQUEGUA
2019-04-01,1.580769413165702,2.503966103453148,seasonal_naive,MOQUEGUA
2019-04-08,1.229487321351102,2.6828208251283727,seasonal_naive,MOQUEGUA
2019-04-15,1.2294873213511017,2.861675546803599,seasonal_naive,MOQUEGUA
2019-04-22,1.0538462754438018,2.503966103453149,seasonal_naive,MOQUEGUA
2019-04-29,1.0538462754438018,2.6828208251283736,seasonal_naive,MOQUEGUA
2019-05-06,1.7564104590730025,2.1462566601026993,seasonal_naive,MOQUEGUA
2019-05-13,2.458974642702203,2.325111381777923,seasonal_naive,MOQUEGUA
2019-05-20,2.8102567345168037,2.1462566601026993,seasonal_naive,MOQUEGUA
2019-05-27,3.161538826331404,2.325111381777923,seasonal_naive,MOQUEGUA
2019-06-03,2.6346156886095033,2.1462566601026984,seasonal_naive,MOQUEGUA
2019-06-10,2.8102567345168032,1.9674019384274741,seasonal_naive,MOQUEGUA
2019-06-17,2.8102567345168037,3.219384990154048,seasonal_naive,MOQUEGUA
2019-06-24,2.9858977804241036,3.040530268478823,seasonal_naive,MOQUEGUA
2019-07-01,3.8641030099606044,3.040530268478823,seasonal_naive,MOQUEGUA
2019-07-08,4.039744055867904,1.6096924950770237,seasonal_naive,MOQUEGUA
2019-07-15,4.215385101775205,2.6828208251283736,seasonal_naive,MOQUEGUA
2019-07-22,3.3371798722387034,3.577094433504497,seasonal_naive,MOQUEGUA
2019-07-29,2.8102567345168032,3.9348038768549474,seasonal_naive,MOQUEGUA
2019-08-05,2.8102567345168032,3.577094433504497,seasonal_naive,MOQUEGUA
2019-08-12,4.039744055867904,3.040530268478823,seasonal_naive,MOQUEGUA
2019-08-19,4.742308239497105,3.398239711829273,seasonal_naive,MOQUEGUA
2019-08-26,5.093590331311705,3.040530268478823,seasonal_naive,MOQUEGUA
2019-09-02,3.6884619640533036,2.861675546803599,seasonal_naive,MOQUEGUA
2019-09-09,3.1615388263314035,2.1462566601026984,seasonal_naive,MOQUEGUA
2019-09-16,2.6346156886095033,1.9674019384274741,seasonal_naive,MOQUEGUA
2019-09-23,2.6346156886095033,1.9674019384274741,seasonal_naive,MOQUEGUA
2019-09-30,2.2833335967949027,2.325111381777923,seasonal_naive,MOQUEGUA
2019-10-07,2.8102567345168032,2.1462566601026984,seasonal_naive,MOQUEGUA
2019-10-14,2.9858977804241036,1.9674019384274741,seasonal_naive,MOQUEGUA
2019-10-21,3.5128209181460037,2.325111381777923,seasonal_naive,MOQUEGUA
2019-10-28,3.161538826331404,2.6828208251283736,seasonal_naive,MOQUEGUA
2019-11-04,2.2833335967949027,3.7559491551797226,seasonal_naive,MOQUEGUA
2019-11-11,2.2833335967949027,3.7559491551797226,seasonal_naive,MOQUEGUA
2019-11-18,2.4589746427022035,3.040530268478823,seasonal_naive,MOQUEGUA
2019-11-25,3.161538826331404,1.9674019384274741,seasonal_naive,MOQUEGUA
2019-12-02,2.458974642702203,1.6096924950770244,seasonal_naive,MOQUEGUA
2019-12-09,2.458974642702203,1.7885472167522494,seasonal_naive,MOQUEGUA
2019-12-16,2.8102567345168032,1.9674019384274741,seasonal_naive,MOQUEGUA
2019-12-23,3.1615388263314035,1.9674019384274741,seasonal_naive,MOQUEGUA
2019-12-30,2.458974642702203,1.7885472167522494,seasonal_naive,MOQUEGUA
2020-01-06,1.921265537255083,1.24876937595865,seasonal_naive,MOQUEGUA
2020-01-13,2.080727631574554,0.3544957675825256,seasonal_naive,MOQUEGUA
2020-01-20,1.7294455397599535,0.8782052295365013,seasonal_naive,MOQUEGUA
2020-01-27,1.7294455397599535,1.2294873213511017,seasonal_naive,MOQUEGUA
2020-02-03,1.9023900937359486,2.458974642702203,seasonal_naive,MOQUEGUA
2020-02-10,2.767112863615925,2.283333596794903,seasonal_naive,MOQUEGUA
2020-02-17,2.767112863615925,2.985897780424103,seasonal_naive,MOQUEGUA
2020-02-24,1.7294455397599533,2.6346156886095033,seasonal_naive,MOQUEGUA
2020-03-02,1.9023900937359486,2.634615688609503,seasonal_naive,MOQUEGUA
2020-03-09,1.5565009857839582,2.107692550887603,seasonal_naive,MOQUEGUA
2020-03-16,2.767112863615925,2.107692550887603,seasonal_naive,MOQUEGUA
2020-03-23,1.7294455397599535,1.756410459073002,seasonal_naive,MOQUEGUA
2020-03-30,1.7294455397599535,1.580769413165702,seasonal_naive,MOQUEGUA
2020-04-06,0.6917782159039817,1.229487321351102,seasonal_naive,MOQUEGUA
2020-04-13,0.8647227698799771,1.2294873213511017,seasonal_naive,MOQUEGUA
2020-04-20,0.8647227698799771,1.0538462754438018,seasonal_naive,MOQUEGUA
2020-04-27,0.8647227698799771,1.0538462754438018,seasonal_naive,MOQUEGUA
2020-05-04,1.7294455397599533,1.7564104590730027,seasonal_naive,MOQUEGUA
2020-05-11,1.9023900937359486,2.458974642702203,seasonal_naive,MOQUEGUA
2020-05-18,1.9023900937359486,2.8102567345168037,seasonal_naive,MOQUEGUA
2020-05-25,0.8647227698799771,3.1615388263314044,seasonal_naive,MOQUEGUA
2020-06-01,0.8647227698799771,2.6346156886095033,seasonal_naive,MOQUEGUA
2020-06-08,1.2106118778319677,2.810256734516803,seasonal_naive,MOQUEGUA
2020-06-15,2.421223755663935,2.8102567345168037,seasonal_naive,MOQUEGUA
2020-06-22,2.2482792016879394,2.985897780424103,seasonal_naive,MOQUEGUA
2020-06-29,2.2482792016879394,3.8641030099606044,seasonal_naive,MOQUEGUA
2020-07-06,2.2482792016879394,4.039744055867903,seasonal_naive,MOQUEGUA
2020-07-13,2.59416830963993,4.215385101775204,seasonal_naive,MOQUEGUA
2020-07-20,5.442849227010499,3.3371798722387034,seasonal_naive,MOQUEGUA
2020-07-27,7.6911284286984385,2.810256734516803,seasonal_naive,MOQUEGUA
2020-08-03,9.939407630386377,2.810256734516803,seasonal_naive,MOQUEGUA
2020-08-10,9.939407630386377,4.039744055867903,seasonal_naive,MOQUEGUA
2020-08-17,9.766463076410382,4.742308239497105,seasonal_naive,MOQUEGUA
2020-08-24,9.0746848605064,5.093590331311705,seasonal_naive,MOQUEGUA
2020-08-31,7.609560374943793,3.6884619640533036,seasonal_naive,MOQUEGUA
2020-09-07,5.707170281207845,3.1615388263314035,seasonal_naive,MOQUEGUA
2020-09-14,4.323613849399883,2.6346156886095033,seasonal_naive,MOQUEGUA
2020-09-21,4.323613849399883,2.6346156886095033,seasonal_naive,MOQUEGUA
2020-09-28,3.6318356334959017,2.283333596794903,seasonal_naive,MOQUEGUA
2020-10-05,4.150669295423888,2.810256734516803,seasonal_naive,MOQUEGUA
2020-10-12,2.59416830963993,2.985897780424103,seasonal_naive,MOQUEGUA
2020-10-19,2.075334647711944,3.5128209181460037,seasonal_naive,MOQUEGUA
2020-10-26,1.0376673238559724,3.1615388263314044,seasonal_naive,MOQUEGUA
2020-11-02,0.8647227698799771,2.283333596794903,seasonal_naive,MOQUEGUA
2020-11-09,1.0376673238559717,2.283333596794903,seasonal_naive,MOQUEGUA
2020-11-16,1.2106118778319677,2.4589746427022035,seasonal_naive,MOQUEGUA
2020-11-23,1.5565009857839582,3.1615388263314044,seasonal_naive,MOQUEGUA
2020-11-30,2.4212237556639344,2.458974642702203,seasonal_naive,MOQUEGUA
2020-12-07,2.2482792016879394,2.458974642702203,seasonal_naive,MOQUEGUA
2020-12-14,2.940057417591921,2.810256734516803,seasonal_naive,MOQUEGUA
2020-12-21,3.8047801874718967,3.1615388263314035,seasonal_naive,MOQUEGUA
2020-12-28,5.534225727231849,2.458974642702203,seasonal_naive,MOQUEGUA
2021-01-04,7.053897856361801,1.921265537255083,seasonal_naive,MOQUEGUA
2021-01-11,8.052569920231178,2.080727631574554,seasonal_naive,MOQUEGUA
2021-01-18,9.517694405793785,1.7294455397599535,seasonal_naive,MOQUEGUA
2021-01-25,8.834581803220159,1.7294455397599535,seasonal_naive,MOQUEGUA
2021-02-01,8.151469200646531,1.9023900937359488,seasonal_naive,MOQUEGUA
2021-02-08,5.806457121875828,2.7671128636159246,seasonal_naive,MOQUEGUA
2021-02-15,3.927897464798354,2.7671128636159246,seasonal_naive,MOQUEGUA
2021-02-22,2.561672259651101,1.7294455397599535,seasonal_naive,MOQUEGUA
2021-03-01,3.7571193141549473,1.9023900937359488,seasonal_naive,MOQUEGUA
2021-03-08,3.5863411635115408,1.5565009857839582,seasonal_naive,MOQUEGUA
2021-03-15,2.903228560937914,2.7671128636159246,seasonal_naive,MOQUEGUA
2021-03-22,0.6831126025736273,1.7294455397599535,seasonal_naive,MOQUEGUA
2021-03-29,1.1954470545038471,1.7294455397599535,seasonal_naive,MOQUEGUA
2021-04-05,3.927897464798354,0.6917782159039817,seasonal_naive,MOQUEGUA
2021-04-12,7.297578447429498,0.8647227698799772,seasonal_naive,MOQUEGUA
2021-04-19,8.663803652576751,0.8647227698799772,seasonal_naive,MOQUEGUA
2021-04-26,8.663803652576751,0.8647227698799772,seasonal_naive,MOQUEGUA
2021-05-03,8.663803652576751,1.7294455397599535,seasonal_naive,MOQUEGUA
2021-05-10,8.663803652576751,1.9023900937359488,seasonal_naive,MOQUEGUA
2021-05-17,8.493025501933344,1.9023900937359488,seasonal_naive,MOQUEGUA
2021-05-24,8.493025501933344,0.8647227698799772,seasonal_naive,MOQUEGUA
2021-05-31,9.984146827487015,0.8647227698799772,seasonal_naive,MOQUEGUA
2021-06-07,9.471812375556794,1.2106118778319677,seasonal_naive,MOQUEGUA
2021-06-14,7.468356598072904,2.421223755663935,seasonal_naive,MOQUEGUA
2021-06-21,5.294122669945607,2.2482792016879394,seasonal_naive,MOQUEGUA
2021-06-28,4.098675615441761,2.2482792016879394,seasonal_naive,MOQUEGUA
2021-07-05,3.2447848622247277,2.2482792016879394,seasonal_naive,MOQUEGUA
2021-07-12,2.561672259651101,2.5941683096399295,seasonal_naive,MOQUEGUA
2021-07-19,2.7324504102945073,5.442849227010499,seasonal_naive,MOQUEGUA
2021-07-26,2.390894109007694,7.69112842869844,seasonal_naive,MOQUEGUA
2021-08-02,3.0740067115813203,9.939407630386379,seasonal_naive,MOQUEGUA
2021-08-09,3.2447848622247277,9.939407630386379,seasonal_naive,MOQUEGUA
2021-08-16,3.7571193141549473,9.76646307641038,seasonal_naive,MOQUEGUA
2021-08-23,3.2447848622247277,9.0746848605064,seasonal_naive,MOQUEGUA
2021-08-30,2.2201159583642878,7.609560374943792,seasonal_naive,MOQUEGUA
2021-09-06,1.8785596570774743,5.707170281207844,seasonal_naive,MOQUEGUA
2021-09-13,1.1954470545038476,4.323613849399884,seasonal_naive,MOQUEGUA
2021-09-20,1.5370033557906606,4.323613849399884,seasonal_naive,MOQUEGUA
2021-09-27,1.1954470545038474,3.6318356334959017,seasonal_naive,MOQUEGUA
2021-10-04,1.7077815064340676,4.150669295423888,seasonal_naive,MOQUEGUA
2021-10-11,1.0246689038604406,2.5941683096399295,seasonal_naive,MOQUEGUA
2021-10-18,1.5370033557906606,2.0753346477119443,seasonal_naive,MOQUEGUA
2021-10-25,1.5370033557906606,1.0376673238559724,seasonal_naive,MOQUEGUA
2021-11-01,2.04933780772088,0.8647227698799772,seasonal_naive,MOQUEGUA
2021-11-08,1.8785596570774736,1.0376673238559717,seasonal_naive,MOQUEGUA
2021-11-15,1.3662252051472539,1.2106118778319677,seasonal_naive,MOQUEGUA
2021-11-22,1.0246689038604406,1.5565009857839582,seasonal_naive,MOQUEGUA
2021-11-29,1.0246689038604406,2.4212237556639344,seasonal_naive,MOQUEGUA
2021-12-06,2.561672259651101,2.2482792016879394,seasonal_naive,MOQUEGUA
2021-12-13,3.074006711581321,2.940057417591921,seasonal_naive,MOQUEGUA
2021-12-20,2.903228560937914,3.8047801874718963,seasonal_naive,MOQUEGUA
2021-12-27,1.3662252051472539,5.534225727231849,seasonal_naive,MOQUEGUA
2022-01-03,1.0190817927735496,7.053897856361801,seasonal_naive,MOQUEGUA
2022-01-10,1.691020173173394,8.052569920231178,seasonal_naive,MOQUEGUA
2022-01-17,2.1959051436544264,9.517694405793785,seasonal_naive,MOQUEGUA
2022-01-24,2.0269893633733163,8.834581803220159,seasonal_naive,MOQUEGUA
2022-01-31,3.5472313859033036,8.15146920064653,seasonal_naive,MOQUEGUA
2022-02-07,4.222894507027742,5.806457121875827,seasonal_naive,MOQUEGUA
2022-02-14,5.405304968995509,3.927897464798354,seasonal_naive,MOQUEGUA
2022-02-21,3.378315605622193,2.5616722596511003,seasonal_naive,MOQUEGUA
2022-02-28,2.871568264778864,3.757119314154947,seasonal_naive,MOQUEGUA
2022-03-07,2.0269893633733163,3.5863411635115408,seasonal_naive,MOQUEGUA
2022-03-14,2.1959051436544264,2.9032285609379134,seasonal_naive,MOQUEGUA
2022-03-21,2.026989363373316,0.6831126025736272,seasonal_naive,MOQUEGUA
2022-03-28,1.5202420225299875,1.1954470545038471,seasonal_naive,MOQUEGUA
2022-04-04,2.0269893633733163,3.927897464798354,seasonal_naive,MOQUEGUA
2022-04-11,1.8580735830922066,7.2975784474294985,seasonal_naive,MOQUEGUA
2022-04-18,2.0269893633733163,8.663803652576753,seasonal_naive,MOQUEGUA
2022-04-25,1.5202420225299875,8.663803652576753,seasonal_naive,MOQUEGUA
2022-05-02,1.5202420225299875,8.663803652576753,seasonal_naive,MOQUEGUA
2022-05-09,1.5202420225299875,8.663803652576753,seasonal_naive,MOQUEGUA
2022-05-16,1.3513262422488779,8.493025501933342,seasonal_naive,MOQUEGUA
2022-05-23,1.0134946816866586,8.493025501933342,seasonal_naive,MOQUEGUA
2022-05-30,1.1824104619677682,9.984146827487015,seasonal_naive,MOQUEGUA
2022-06-06,1.3513262422488779,9.471812375556796,seasonal_naive,MOQUEGUA
2022-06-13,2.533736704216645,7.468356598072903,seasonal_naive,MOQUEGUA
2022-06-20,2.533736704216645,5.294122669945607,seasonal_naive,MOQUEGUA
2022-06-27,2.0269893633733163,4.098675615441761,seasonal_naive,MOQUEGUA
2022-07-04,1.0134946816866586,3.2447848622247273,seasonal_naive,MOQUEGUA
2022-07-11,1.1824104619677682,2.5616722596511003,seasonal_naive,MOQUEGUA
2022-07-18,1.5202420225299875,2.7324504102945073,seasonal_naive,MOQUEGUA
2022-07-25,2.5337367042166457,2.390894109007694,seasonal_naive,MOQUEGUA
2022-08-01,1.8580735830922068,3.07400671158132,seasonal_naive,MOQUEGUA
2022-08-08,1.8580735830922066,3.2447848622247273,seasonal_naive,MOQUEGUA
2022-08-15,1.0134946816866586,3.757119314154947,seasonal_naive,MOQUEGUA
2022-08-22,1.5202420225299869,3.2447848622247273,seasonal_naive,MOQUEGUA
2022-08-29,1.3513262422488779,2.2201159583642878,seasonal_naive,MOQUEGUA
2022-09-05,1.0134946816866586,1.878559657077474,seasonal_naive,MOQUEGUA
2022-09-12,0.6756631211244392,1.1954470545038476,seasonal_naive,MOQUEGUA
2022-09-19,0.506747340843329,1.5370033557906606,seasonal_naive,MOQUEGUA
2022-09-26,0.506747340843329,1.1954470545038474,seasonal_naive,MOQUEGUA
2022-10-03,0.8445789014055488,1.7077815064340678,seasonal_naive,MOQUEGUA
2022-10-10,1.0134946816866586,1.0246689038604406,seasonal_naive,MOQUEGUA
2022-10-17,1.5202420225299875,1.5370033557906606,seasonal_naive,MOQUEGUA
2022-10-24,1.3513262422488779,1.5370033557906606,seasonal_naive,MOQUEGUA
2022-10-31,1.8580735830922066,2.0493378077208795,seasonal_naive,MOQUEGUA
2022-11-07,1.1824104619677682,1.8785596570774734,seasonal_naive,MOQUEGUA
2022-11-14,1.1824104619677682,1.3662252051472539,seasonal_naive,MOQUEGUA
2022-11-21,0.6756631211244392,1.0246689038604406,seasonal_naive,MOQUEGUA
2022-11-28,4.216122254398989,1.0246689038604406,seasonal_naive,MOQUEGUA
2022-12-05,7.41874982711132,2.5616722596511003,seasonal_naive,MOQUEGUA
2022-12-12,10.62137739982365,3.0740067115813208,seasonal_naive,MOQUEGUA
2022-12-19,7.24983404683021,2.9032285609379134,seasonal_naive,MOQUEGUA
2022-12-26,3.8782906938367696,1.3662252051472539,seasonal_naive,MOQUEGUA
2023-01-02,1.3414143511245273,1.0190817927735496,seasonal_naive,MOQUEGUA
2023-01-09,2.008817562978674,1.691020173173394,seasonal_naive,MOQUEGUA
2023-01-16,2.1744293795516665,2.1959051436544264,seasonal_naive,MOQUEGUA
2023-01-23,1.505374185843462,2.0269893633733163,seasonal_naive,MOQUEGUA
2023-01-30,1.3381103874164104,3.5472313859033036,seasonal_naive,MOQUEGUA
2023-02-06,1.3381103874164104,4.222894507027742,seasonal_naive,MOQUEGUA
2023-02-13,1.3381103874164104,5.405304968995509,seasonal_naive,MOQUEGUA
2023-02-20,0.8363189921352566,3.3783156056221935,seasonal_naive,MOQUEGUA
2023-02-27,0.8363189921352566,2.8715682647788636,seasonal_naive,MOQUEGUA
2023-03-06,0.5017913952811542,2.0269893633733163,seasonal_naive,MOQUEGUA
2023-03-13,0.8363189921352568,2.1959051436544264,seasonal_naive,MOQUEGUA
2023-03-20,1.003582790562308,2.0269893633733163,seasonal_naive,MOQUEGUA
2023-03-27,1.3381103874164104,1.5202420225299873,seasonal_naive,MOQUEGUA
2023-04-03,1.1708465889893593,2.0269893633733163,seasonal_naive,MOQUEGUA
2023-04-10,1.505374185843462,1.8580735830922064,seasonal_naive,MOQUEGUA
2023-04-17,2.0071655811246156,2.0269893633733163,seasonal_naive,MOQUEGUA
2023-04-24,2.174429379551667,1.5202420225299873,seasonal_naive,MOQUEGUA
2023-05-01,2.341693177978718,1.5202420225299873,seasonal_naive,MOQUEGUA
2023-05-08,2.5089569764057695,1.5202420225299873,seasonal_naive,MOQUEGUA
2023-05-15,3.0107483716869226,1.3513262422488779,seasonal_naive,MOQUEGUA
2023-05-22,3.3452759685410256,1.0134946816866586,seasonal_naive,MOQUEGUA
2023-05-29,2.8434845732598717,1.1824104619677682,seasonal_naive,MOQUEGUA
2023-06-05,2.6762207748328204,1.3513262422488779,seasonal_naive,MOQUEGUA
2023-06-12,2.0071655811246156,2.533736704216645,seasonal_naive,MOQUEGUA
2023-06-19,2.1744293795516665,2.533736704216645,seasonal_naive,MOQUEGUA
2023-06-26,2.174429379551667,2.0269893633733163,seasonal_naive,MOQUEGUA
2023-07-03,2.5089569764057695,1.0134946816866586,seasonal_naive,MOQUEGUA
2023-07-10,2.508956976405769,1.1824104619677682,seasonal_naive,MOQUEGUA
2023-07-17,2.5089569764057695,1.5202420225299873,seasonal_naive,MOQUEGUA
2023-07-24,2.1744293795516665,2.533736704216646,seasonal_naive,MOQUEGUA
2023-07-31,2.5089569764057695,1.858073583092207,seasonal_naive,MOQUEGUA
2023-08-07,2.341693177978718,1.8580735830922064,seasonal_naive,MOQUEGUA
2023-08-14,2.8434845732598717,1.0134946816866586,seasonal_naive,MOQUEGUA
2023-08-21,2.6762207748328204,1.5202420225299869,seasonal_naive,MOQUEGUA
2023-08-28,3.1780121701139747,1.3513262422488779,seasonal_naive,MOQUEGUA
2023-09-04,2.6762207748328204,1.0134946816866586,seasonal_naive,MOQUEGUA
2023-09-11,2.508956976405769,0.6756631211244392,seasonal_naive,MOQUEGUA
2023-09-18,2.1744293795516665,0.506747340843329,seasonal_naive,MOQUEGUA
2023-09-25,2.1744293795516665,0.506747340843329,seasonal_naive,MOQUEGUA
2023-10-02,2.0071655811246156,0.8445789014055488,seasonal_naive,MOQUEGUA
2023-10-09,1.839901782697564,1.0134946816866586,seasonal_naive,MOQUEGUA
2023-10-16,1.672637984270513,1.5202420225299873,seasonal_naive,MOQUEGUA
2023-10-23,1.672637984270513,1.3513262422488779,seasonal_naive,MOQUEGUA
2023-10-30,2.174429379551667,1.8580735830922064,seasonal_naive,MOQUEGUA
2023-11-06,2.5089569764057695,1.1824104619677682,seasonal_naive,MOQUEGUA
2023-11-13,2.5089569764057695,1.1824104619677682,seasonal_naive,MOQUEGUA
2023-11-20,1.505374185843462,0.6756631211244392,seasonal_naive,MOQUEGUA
2023-11-27,1.839901782697564,4.216122254398989,seasonal_naive,MOQUEGUA
2023-12-04,1.672637984270513,7.418749827111322,seasonal_naive,MOQUEGUA
2010-12-27,1.3915560379616487,1.5026835263193838,holt_winters,MOQUEGUA
2011-01-03,0.9939685985440346,1.7024683371938176,holt_winters,MOQUEGUA
2011-01-10,0.5939812561546877,1.630005173489114,holt_winters,MOQUEGUA
2011-01-17,0.19639381673707376,1.6404290941186517,holt_winters,MOQUEGUA
2011-01-24,0.3927876334741476,0.03913549656617326,holt_winters,MOQUEGUA
2011-01-31,0.19639381673707376,0.0,holt_winters,MOQUEGUA
2011-02-07,0.3927876334741476,0.0,holt_winters,MOQUEGUA
2011-02-14,0.19639381673707376,0.0,holt_winters,MOQUEGUA
2011-02-21,0.7855752669482953,0.38557448085181517,holt_winters,MOQUEGUA
2011-02-28,1.178362900422443,0.5217380868636179,holt_winters,MOQUEGUA
2011-03-07,1.178362900422443,0.48765364802711125,holt_winters,MOQUEGUA
2011-03-14,0.7855752669482953,0.2865711243596125,holt_winters,MOQUEGUA
2011-03-21,0.3927876334741476,1.026662312352767,holt_winters,MOQUEGUA
2011-03-28,0.5891814502112215,1.0372060148388074,holt_winters,MOQUEGUA
2011-04-04,0.7855752669482952,1.2228001342452655,holt_winters,MOQUEGUA
2011-04-11,0.7855752669482952,0.9688409126223005,holt_winters,MOQUEGUA
2011-04-18,0.5891814502112213,0.7452372045921754,holt_winters,MOQUEGUA
2011-04-25,0.5891814502112215,0.8846096374396243,holt_winters,MOQUEGUA
2011-05-02,0.5891814502112215,1.0585907859100847,holt_winters,MOQUEGUA
2011-05-09,0.7855752669482952,1.0286937045413072,holt_winters,MOQUEGUA
2011-05-16,0.39278763347414763,0.5733512135854703,holt_winters,MOQUEGUA
2011-05-23,0.9819690836853692,0.41709711705615354,holt_winters,MOQUEGUA
2011-05-30,1.178362900422443,0.49830600146277737,holt_winters,MOQUEGUA
2011-06-06,1.5711505338965905,0.39706364475930417,holt_winters,MOQUEGUA
2011-06-13,1.178362900422443,1.4940849436055974,holt_winters,MOQUEGUA
2011-06-20,1.178362900422443,1.3373277540372417,holt_winters,MOQUEGUA
2011-06-27,0.7855752669482953,1.8424653734122123,holt_winters,MOQUEGUA
2011-07-04,0.7855752669482953,2.047495040130812,holt_winters,MOQUEGUA
2011-07-11,1.178362900422443,1.0727365772801953,holt_winters,MOQUEGUA
2011-07-18,1.374756717159517,0.8552446085325831,holt_winters,MOQUEGUA
2011-07-25,0.9819690836853692,0.8404823726231793,holt_winters,MOQUEGUA
2011-08-01,0.7855752669482955,0.9446529794475469,holt_winters,MOQUEGUA
2011-08-08,1.374756717159517,0.6411125405056713,holt_winters,MOQUEGUA
2011-08-15,1.5711505338965905,0.5702517397166563,holt_winters,MOQUEGUA
2011-08-22,1.9639381673707383,0.37964298258371715,holt_winters,MOQUEGUA
2011-08-29,1.374756717159517,0.40579172448994033,holt_winters,MOQUEGUA
2011-09-05,1.1783629004224432,1.1988339782096165,holt_winters,MOQUEGUA
2011-09-12,0.5891814502112216,1.117777297497096,holt_winters,MOQUEGUA
2011-09-19,0.5891814502112216,0.9472961262157547,holt_winters,MOQUEGUA
2011-09-26,1.178362900422443,0.7844050142055448,holt_winters,MOQUEGUA
2011-10-03,0.9819690836853693,1.169524074042052,holt_winters,MOQUEGUA
2011-10-10,0.9819690836853692,1.5490436852987648,holt_winters,MOQUEGUA
2011-10-17,1.1783629004224432,1.7453912381643284,holt_winters,MOQUEGUA
2011-10-24,1.1783629004224432,1.892784606119017,holt_winters,MOQUEGUA
2011-10-31,1.9639381673707386,1.0321482562237838,holt_winters,MOQUEGUA
2011-11-07,1.374756717159517,1.3730148665792286,holt_winters,MOQUEGUA
2011-11-14,1.571150533896591,1.2936528111268106,holt_winters,MOQUEGUA
2011-11-21,0.9819690836853692,1.6887457931283438,holt_winters,MOQUEGUA
2011-11-28,0.7855752669482955,0.6958218533991647,holt_winters,MOQUEGUA
2011-12-05,0.5891814502112216,0.7701594047523099,holt_winters,MOQUEGUA
2011-12-12,0.7855752669482955,0.4971492721637913,holt_winters,MOQUEGUA
2011-12-19,1.1783629004224432,0.602352791155213,holt_winters,MOQUEGUA
2011-12-26,0.9819690836853693,1.1251571696257112,holt_winters,MOQUEGUA
2012-01-02,0.5868399305682147,1.218464723932499,holt_winters,MOQUEGUA
2012-01-09,0.388104594188134,1.0696630623080845,holt_winters,MOQUEGUA
2012-01-16,0.5821568912822006,0.966943128499445,holt_winters,MOQUEGUA
2012-01-23,0.7762091883762677,0.4796044198096146,holt_winters,MOQUEGUA
2012-01-30,1.1643137825644014,0.369514672990697,holt_winters,MOQUEGUA
2012-02-06,1.552418376752535,0.31940871009717664,holt_winters,MOQUEGUA
2012-02-13,1.9405229709406686,0.34668099157035887,holt_winters,MOQUEGUA
2012-02-20,1.9405229709406688,2.276454922439997,holt_winters,MOQUEGUA
2012-02-27,2.3286275651288024,2.276454922439997,holt_winters,MOQUEGUA
2012-03-05,2.1345752680347356,2.276454922439997,holt_winters,MOQUEGUA
2012-03-12,2.522679862222869,2.2200505447179495,holt_winters,MOQUEGUA
2012-03-19,2.134575268034735,2.561053138675672,holt_winters,MOQUEGUA
2012-03-26,2.1345752680347356,2.561053138675672,holt_winters,MOQUEGUA
2012-04-02,1.3583660796584682,2.561053138675672,holt_winters,MOQUEGUA
2012-04-09,1.3583660796584682,2.561053138675672,holt_winters,MOQUEGUA
2012-04-16,1.1643137825644014,1.122501512012748,holt_winters,MOQUEGUA
2012-04-23,1.3583660796584682,1.330890802072837,holt_winters,MOQUEGUA
2012-04-30,0.7762091883762675,1.5819714811865953,holt_winters,MOQUEGUA
2012-05-07,0.9702614854703344,1.6351354802232574,holt_winters,MOQUEGUA
2012-05-14,0.7762091883762675,0.5958632583756754,holt_winters,MOQUEGUA
2012-05-21,1.7464706738466018,0.5985663483090634,holt_winters,MOQUEGUA
2012-05-28,1.9405229709406686,0.7726940893042881,holt_winters,MOQUEGUA
2012-06-04,2.3286275651288024,0.8164901936836487,holt_winters,MOQUEGUA
2012-06-11,1.9405229709406686,2.1041819153387857,holt_winters,MOQUEGUA
2012-06-18,1.552418376752535,1.8548128377970763,holt_winters,MOQUEGUA
2012-06-25,1.746470673846602,2.1219025410148995,holt_winters,MOQUEGUA
2012-07-02,1.1643137825644014,2.4846671974659817,holt_winters,MOQUEGUA
2012-07-09,1.3583660796584682,1.584178245863249,holt_winters,MOQUEGUA
2012-07-16,1.1643137825644012,1.559886771668911,holt_winters,MOQUEGUA
2012-07-23,1.9405229709406686,1.4790710869829171,holt_winters,MOQUEGUA
2012-07-30,1.552418376752535,1.3510606437146808,holt_winters,MOQUEGUA
2012-08-06,1.3583660796584682,1.5161380166693343,holt_winters,MOQUEGUA
2012-08-13,1.7464706738466018,1.4539554522781426,holt_winters,MOQUEGUA
2012-08-20,1.9405229709406686,1.4176057955124979,holt_winters,MOQUEGUA
2012-08-27,2.134575268034735,1.3607088594081702,holt_winters,MOQUEGUA
2012-09-03,1.552418376752535,1.9258604596381683,holt_winters,MOQUEGUA
2012-09-10,1.3583660796584678,1.6345152271560557,holt_winters,MOQUEGUA
2012-09-17,0.9702614854703343,1.4918917661621423,holt_winters,MOQUEGUA
2012-09-24,0.9702614854703343,1.4244130868086362,holt_winters,MOQUEGUA
2012-10-01,0.9702614854703343,0.9227471699733556,holt_winters,MOQUEGUA
2012-10-08,1.164313782564401,1.1079232674601354,holt_winters,MOQUEGUA
2012-10-15,1.164313782564401,1.3206684323267963,holt_winters,MOQUEGUA
2012-10-22,0.9702614854703343,1.5378676111608942,holt_winters,MOQUEGUA
2012-10-29,0.9702614854703343,1.1757358188314446,holt_winters,MOQUEGUA
2012-11-05,0.7762091883762675,1.40222384239745,holt_winters,MOQUEGUA
2012-11-12,1.3583660796584678,1.2528531207147167,holt_winters,MOQUEGUA
2012-11-19,2.134575268034735,1.3498598673221134,holt_winters,MOQUEGUA
2012-11-26,2.328627565128802,1.7126643155538337,holt_winters,MOQUEGUA
2012-12-03,2.134575268034735,1.6090017475448266,holt_winters,MOQUEGUA
2012-12-10,1.164313782564401,1.2710870353911208,holt_winters,MOQUEGUA
2012-12-17,0.9702614854703343,1.5557090419749557,holt_winters,MOQUEGUA
2012-12-24,0.9702614854703343,0.9595287617422534,holt_winters,MOQUEGUA
2012-12-31,1.1643137825644012,0.8738965190375102,holt_winters,MOQUEGUA
2013-01-07,1.54327300233261,0.6063804863043682,holt_winters,MOQUEGUA
2013-01-14,1.5387003151226477,0.6070733729531081,holt_winters,MOQUEGUA
2013-01-21,1.3423616744235993,1.7054886735558774,holt_winters,MOQUEGUA
2013-01-28,1.150595720934514,1.7296612568912468,holt_winters,MOQUEGUA
2013-02-04,0.7670638139563426,1.7403926554139184,holt_winters,MOQUEGUA
2013-02-11,1.150595720934514,1.7917172130655028,holt_winters,MOQUEGUA
2013-02-18,0.9588297674454282,1.59063926518578,holt_winters,MOQUEGUA
2013-02-25,0.9588297674454282,2.0914648746034437,holt_winters,MOQUEGUA
2013-03-04,0.3835319069781713,2.030196056999502,holt_winters,MOQUEGUA
2013-03-11,0.0,1.8332657257064815,holt_winters,MOQUEGUA
2013-03-18,0.19176595348908565,0.0,holt_winters,MOQUEGUA
2013-03-25,0.19176595348908565,0.0,holt_winters,MOQUEGUA
2013-04-01,0.3835319069781713,0.0,holt_winters,MOQUEGUA
2013-04-08,0.19176595348908565,0.0,holt_winters,MOQUEGUA
2013-04-15,0.3835319069781713,0.09415855736787296,holt_winters,MOQUEGUA
2013-04-22,0.7670638139563426,0.23027279729477315,holt_winters,MOQUEGUA
2013-04-29,1.150595720934514,0.16367853524448578,holt_winters,MOQUEGUA
2013-05-06,1.150595720934514,0.2074704960642515,holt_winters,MOQUEGUA
2013-05-13,0.9588297674454282,0.775243698835106,holt_winters,MOQUEGUA
2013-05-20,0.9588297674454282,1.0527439989772882,holt_winters,MOQUEGUA
2013-05-27,0.7670638139563426,1.228758450868353,holt_winters,MOQUEGUA
2013-06-03,0.3835319069781713,1.4264532627076134,holt_winters,MOQUEGUA
2013-06-10,0.575297860467257,0.2265180743649922,holt_winters,MOQUEGUA
2013-06-17,1.150595720934514,0.2047882870712964,holt_winters,MOQUEGUA
2013-06-24,1.150595720934514,0.28624894799880574,holt_winters,MOQUEGUA
2013-07-01,1.150595720934514,0.4034149536529843,holt_winters,MOQUEGUA
2013-07-08,1.5341276279126852,1.5232290629384244,holt_winters,MOQUEGUA
2013-07-15,2.109425488379942,1.5567774002496744,holt_winters,MOQUEGUA
2013-07-22,2.109425488379942,1.5527229305061205,holt_winters,MOQUEGUA
2013-07-29,1.3423616744235993,1.289452518643255,holt_winters,MOQUEGUA
2013-08-05,1.3423616744235993,1.3428796749751797,holt_winters,MOQUEGUA
2013-08-12,1.150595720934514,1.3234370934955686,holt_winters,MOQUEGUA
2013-08-19,1.150595720934514,1.334821719952585,holt_winters,MOQUEGUA
2013-08-26,0.7670638139563426,1.3822871282874976,holt_winters,MOQUEGUA
2013-09-02,0.575297860467257,0.5731898315284477,holt_winters,MOQUEGUA
2013-09-09,0.7670638139563426,0.3924039344979406,holt_winters,MOQUEGUA
2013-09-16,1.150595720934514,0.2096651937676421,holt_winters,MOQUEGUA
2013-09-23,1.150595720934514,0.18977205263697391,holt_winters,MOQUEGUA
2013-09-30,0.9588297674454282,1.09794692970049,holt_winters,MOQUEGUA
2013-10-07,0.575297860467257,1.206634481865156,holt_winters,MOQUEGUA
2013-10-14,0.7670638139563426,1.4125448672018968,holt_winters,MOQUEGUA
2013-10-21,1.3423616744235993,1.520837823306475,holt_winters,MOQUEGUA
2013-10-28,1.5341276279126852,1.6719053309631706,holt_winters,MOQUEGUA
2013-11-04,1.725893581401771,1.6408169925776286,holt_winters,MOQUEGUA
2013-11-11,1.3423616744235993,1.7338688829070574,holt_winters,MOQUEGUA
2013-11-18,1.3423616744235993,1.9005566606295727,holt_winters,MOQUEGUA
2013-11-25,0.7670638139563426,1.1348637240061443,holt_winters,MOQUEGUA
2013-12-02,1.150595720934514,1.018996836340084,holt_winters,MOQUEGUA
2013-12-09,0.9588297674454282,0.711847873317907,holt_winters,MOQUEGUA
2013-12-16,1.725893581401771,1.0231770503807425,holt_winters,MOQUEGUA
2013-12-23,1.3423616744235993,1.6096847133696703,holt_winters,MOQUEGUA
2013-12-30,1.5341276279126852,1.3419658185709367,holt_winters,MOQUEGUA
2014-01-06,1.1461273753343144,1.0228040045392346,holt_winters,MOQUEGUA
2014-01-13,0.952127249045129,1.0547768666836763,holt_winters,MOQUEGUA
2014-01-20,1.1371906841339154,1.0416528430542442,holt_winters,MOQUEGUA
2014-01-27,0.9476589034449296,0.9869632055864538,holt_winters,MOQUEGUA
2014-02-03,0.9476589034449298,0.9183137803959177,holt_winters,MOQUEGUA
2014-02-10,0.37906356137797187,0.997456248868748,holt_winters,MOQUEGUA
2014-02-17,0.18953178068898593,0.4885178315681429,holt_winters,MOQUEGUA
2014-02-24,0.37906356137797187,0.7973287590514526,holt_winters,MOQUEGUA
2014-03-03,0.5685953420669578,0.7181552527828471,holt_winters,MOQUEGUA
2014-03-10,0.5685953420669578,0.5472958630483041,holt_winters,MOQUEGUA
2014-03-17,0.37906356137797187,0.7446939744789236,holt_winters,MOQUEGUA
2014-03-24,0.7581271227559437,0.8070794010080147,holt_winters,MOQUEGUA
2014-03-31,1.1371906841339154,0.7773354411497748,holt_winters,MOQUEGUA
2014-04-07,0.9476589034449295,0.6340274463499753,holt_winters,MOQUEGUA
2014-04-14,0.5685953420669578,1.0103806961915818,holt_winters,MOQUEGUA
2014-04-21,0.5685953420669578,1.1678297972780571,holt_winters,MOQUEGUA
2014-04-28,0.5685953420669578,1.094154898115758,holt_winters,MOQUEGUA
2014-05-05,1.1371906841339157,1.1692568059847315,holt_winters,MOQUEGUA
2014-05-12,1.1371906841339157,0.7240835277240374,holt_winters,MOQUEGUA
2014-05-19,1.5162542455118875,0.9955791846655289,holt_winters,MOQUEGUA
2014-05-26,1.1371906841339157,1.0447378842892054,holt_winters,MOQUEGUA
2014-06-02,1.5162542455118875,1.0824905624000618,holt_winters,MOQUEGUA
2014-06-09,1.1371906841339157,1.3093866227693889,holt_winters,MOQUEGUA
2014-06-16,1.1371906841339157,1.3634249198990245,holt_winters,MOQUEGUA
2014-06-23,0.7581271227559437,1.4856263338917937,holt_winters,MOQUEGUA
2014-06-30,0.9476589034449298,1.8172836738804787,holt_winters,MOQUEGUA
2014-07-07,0.9476589034449298,1.1746702345845998,holt_winters,MOQUEGUA
2014-07-14,0.9476589034449298,1.3994648164654102,holt_winters,MOQUEGUA
2014-07-21,1.1371906841339157,1.4838530154600236,holt_winters,MOQUEGUA
2014-07-28,1.3267224648229015,1.1103216606859754,holt_winters,MOQUEGUA
2014-08-04,2.463913148956817,1.4480056872881213,holt_winters,MOQUEGUA
2014-08-11,3.411572052401747,1.3937444953500686,holt_winters,MOQUEGUA
2014-08-18,3.7906356137797186,1.583052274166552,holt_winters,MOQUEGUA
2014-08-25,2.274381368267831,1.5408954738108565,holt_winters,MOQUEGUA
2014-09-01,1.5162542455118875,1.8736752835498984,holt_winters,MOQUEGUA
2014-09-08,0.9476589034449296,1.672080971610492,holt_winters,MOQUEGUA
2014-09-15,1.7057860262008735,1.5370705050062496,holt_winters,MOQUEGUA
2014-09-22,1.7057860262008735,1.5932045119064278,holt_winters,MOQUEGUA
2014-09-29,1.8953178068898593,1.5779084497211122,holt_winters,MOQUEGUA
2014-10-06,1.3267224648229015,1.415505108340486,holt_winters,MOQUEGUA
2014-10-13,1.7057860262008733,1.6727276359508307,holt_winters,MOQUEGUA
2014-10-20,1.7057860262008733,1.9285529158215524,holt_winters,MOQUEGUA
2014-10-27,1.895317806889859,2.2359832845535816,holt_winters,MOQUEGUA
2014-11-03,1.8953178068898593,2.1206846074444203,holt_winters,MOQUEGUA
2014-11-10,1.5162542455118875,2.162738105059512,holt_winters,MOQUEGUA
2014-11-17,1.7057860262008733,2.090899006220202,holt_winters,MOQUEGUA
2014-11-24,0.7581271227559437,1.4907908771951675,holt_winters,MOQUEGUA
2014-12-01,0.5685953420669577,1.442982013292455,holt_winters,MOQUEGUA
2014-12-08,0.0,1.346311187714308,holt_winters,MOQUEGUA
2014-12-15,0.18953178068898593,1.7304445454609017,holt_winters,MOQUEGUA
2014-12-22,0.18953178068898593,0.09677768169174147,holt_winters,MOQUEGUA
2014-12-29,1.3267224648229015,0.013197535528856386,holt_winters,MOQUEGUA
2015-01-05,1.511890923942069,0.0,holt_winters,MOQUEGUA
2015-01-12,2.261291403558376,0.0,holt_winters,MOQUEGUA
2015-01-19,1.3114508393285373,2.4854407755752326,holt_winters,MOQUEGUA
2015-01-26,0.9367505995203839,2.3598772089824926,holt_winters,MOQUEGUA
2015-02-02,0.56205035971223,2.287831420237343,holt_winters,MOQUEGUA
2015-02-09,0.56205035971223,2.1564702225612735,holt_winters,MOQUEGUA
2015-02-16,0.7494004796163068,0.6288153781389997,holt_winters,MOQUEGUA
2015-02-23,0.7494004796163068,0.7918205627852244,holt_winters,MOQUEGUA
2015-03-02,1.12410071942446,0.6996719431991086,holt_winters,MOQUEGUA
2015-03-09,1.1241007194244603,0.5330682289295713,holt_winters,MOQUEGUA
2015-03-16,0.7494004796163067,0.95685288657218,holt_winters,MOQUEGUA
2015-03-23,0.7494004796163068,1.1176460942759343,holt_winters,MOQUEGUA
2015-03-30,0.7494004796163067,1.2669877717287765,holt_winters,MOQUEGUA
2015-04-06,0.9367505995203835,1.0790942331075946,holt_winters,MOQUEGUA
2015-04-13,1.1241007194244605,0.8052567638041711,holt_winters,MOQUEGUA
2015-04-20,1.6861510791366907,1.0555677101744172,holt_winters,MOQUEGUA
2015-04-27,2.0608513189448443,0.9385634711981525,holt_winters,MOQUEGUA
2015-05-04,2.060851318944844,1.153557625501673,holt_winters,MOQUEGUA
2015-05-11,1.873501199040767,1.7316463777215452,holt_winters,MOQUEGUA
2015-05-18,1.4988009592326137,2.3891133837185117,holt_winters,MOQUEGUA
2015-05-25,0.9367505995203835,2.2024819945705993,holt_winters,MOQUEGUA
2015-06-01,0.7494004796163068,2.3217679292891615,holt_winters,MOQUEGUA
2015-06-08,0.7494004796163068,0.6170605587495773,holt_winters,MOQUEGUA
2015-06-15,1.12410071942446,0.6745747562536321,holt_winters,MOQUEGUA
2015-06-22,1.311450839328537,0.5749424492868042,holt_winters,MOQUEGUA
2015-06-29,1.873501199040767,0.6099055912293853,holt_winters,MOQUEGUA
2015-07-06,2.060851318944844,2.2106564960326365,holt_winters,MOQUEGUA
2015-07-13,2.248201438848921,2.404611221949767,holt_winters,MOQUEGUA
2015-07-20,2.4355515587529974,2.4880075013958995,holt_winters,MOQUEGUA
2015-07-27,2.0608513189448443,2.302429520890396,holt_winters,MOQUEGUA
2015-08-03,1.6861510791366907,2.4880075013958995,holt_winters,MOQUEGUA
2015-08-10,1.6861510791366907,2.4880075013958995,holt_winters,MOQUEGUA
2015-08-17,1.311450839328537,2.4880075013958995,holt_winters,MOQUEGUA
2015-08-24,1.3114508393285371,2.4729213331759152,holt_winters,MOQUEGUA
2015-08-31,0.7494004796163068,0.9553936000868413,holt_winters,MOQUEGUA
2015-09-07,1.1241007194244605,0.7904236233428915,holt_winters,MOQUEGUA
2015-09-14,1.4988009592326137,0.882371867320535,holt_winters,MOQUEGUA
2015-09-21,1.6861510791366905,0.9633125731872956,holt_winters,MOQUEGUA
2015-09-28,2.060851318944844,1.6042123729664464,holt_winters,MOQUEGUA
2015-10-05,2.060851318944844,1.298317907796972,holt_winters,MOQUEGUA
2015-10-12,2.060851318944844,1.582726575188096,holt_winters,MOQUEGUA
2015-10-19,1.4988009592326141,1.725700056838167,holt_winters,MOQUEGUA
2015-10-26,1.1241007194244605,1.7962014650935454,holt_winters,MOQUEGUA
2015-11-02,1.6861510791366907,1.6303395917053707,holt_winters,MOQUEGUA
2015-11-09,2.248201438848921,1.6351116937652768,holt_winters,MOQUEGUA
2015-11-16,2.4355515587529974,1.5987902638465148,holt_winters,MOQUEGUA
2015-11-23,2.6229016786570742,1.8377735270624944,holt_winters,MOQUEGUA
2015-11-30,2.4355515587529974,1.885104019874529,holt_winters,MOQUEGUA
2015-12-07,1.8735011990407673,1.4573118003385066,holt_winters,MOQUEGUA
2015-12-14,1.1241007194244605,1.8173379140720258,holt_winters,MOQUEGUA
2015-12-21,0.9367505995203839,0.9898302677459665,holt_winters,MOQUEGUA
2015-12-28,0.9367505995203839,1.2512569052107168,holt_winters,MOQUEGUA
2016-01-04,0.5599173234910843,1.1861695405310837,holt_winters,MOQUEGUA
2016-01-11,0.5556512510487919,1.2378768927388089,holt_winters,MOQUEGUA
2016-01-18,0.5556512510487919,0.47506506420105793,holt_winters,MOQUEGUA
2016-01-25,0.5556512510487918,0.37200398965701337,holt_winters,MOQUEGUA
2016-02-01,0.3704341673658613,0.3347579521680955,holt_winters,MOQUEGUA
2016-02-08,0.3704341673658613,0.2838435886332139,holt_winters,MOQUEGUA
2016-02-15,0.555651251048792,0.32848073316678167,holt_winters,MOQUEGUA
2016-02-22,0.3704341673658613,0.4635582496197761,holt_winters,MOQUEGUA
2016-02-29,0.37043416736586127,0.44254602840615986,holt_winters,MOQUEGUA
2016-03-07,0.0,0.33298054305804403,holt_winters,MOQUEGUA
2016-03-14,0.9260854184146531,0.0,holt_winters,MOQUEGUA
2016-03-21,1.481736669463445,0.012096575231956104,holt_winters,MOQUEGUA
2016-03-28,1.8521708368293062,0.0491644581346076,holt_winters,MOQUEGUA
2016-04-04,1.2965195857805143,0.020879778375698647,holt_winters,MOQUEGUA
2016-04-11,1.2965195857805143,1.25900670197664,holt_winters,MOQUEGUA
2016-04-18,1.481736669463445,1.5248585005253008,holt_winters,MOQUEGUA
2016-04-25,1.2965195857805143,1.542438323207845,holt_winters,MOQUEGUA
2016-05-02,1.481736669463445,1.8215648918886926,holt_winters,MOQUEGUA
2016-05-09,1.6669537531463756,1.3270322633265121,holt_winters,MOQUEGUA
2016-05-16,2.593039171561028,1.668263304769433,holt_winters,MOQUEGUA
2016-05-23,2.7782562552439587,1.4336166231825063,holt_winters,MOQUEGUA
2016-05-30,2.222605004195167,1.4461197618043378,holt_winters,MOQUEGUA
2016-06-06,1.8521708368293062,2.08777613732663,holt_winters,MOQUEGUA
2016-06-13,1.6669537531463756,2.359620312502503,holt_winters,MOQUEGUA
2016-06-20,2.222605004195167,2.23269232802152,holt_winters,MOQUEGUA
2016-06-27,1.6669537531463756,2.30728499986043,holt_winters,MOQUEGUA
2016-07-04,1.1113025020975835,1.8818281324580373,holt_winters,MOQUEGUA
2016-07-11,1.481736669463445,2.0326292252208504,holt_winters,MOQUEGUA
2016-07-18,2.0373879205122365,2.1979916177164136,holt_winters,MOQUEGUA
2016-07-25,2.222605004195167,1.8542402988168085,holt_winters,MOQUEGUA
2016-08-01,2.0373879205122365,2.374946171765007,holt_winters,MOQUEGUA
2016-08-08,1.8521708368293062,2.637226171694343,holt_winters,MOQUEGUA
2016-08-15,2.0373879205122365,2.686597055057701,holt_winters,MOQUEGUA
2016-08-22,2.0373879205122365,2.2140719805983795,holt_winters,MOQUEGUA
2016-08-29,2.0373879205122365,1.4424220037670203,holt_winters,MOQUEGUA
2016-09-05,2.96347333892689,1.3126692673511953,holt_winters,MOQUEGUA
2016-09-12,3.1486904226098207,1.5872003860398531,holt_winters,MOQUEGUA
2016-09-19,3.1486904226098207,1.8184742261531062,holt_winters,MOQUEGUA
2016-09-26,2.2226050041951675,3.1486904226098207,holt_winters,MOQUEGUA
2016-10-03,1.481736669463445,2.937638850526799,holt_winters,MOQUEGUA
2016-10-10,0.9260854184146533,3.1486904226098207,holt_winters,MOQUEGUA
2016-10-17,0.9260854184146533,3.1486904226098207,holt_winters,MOQUEGUA
2016-10-24,1.111302502097584,0.916594771938852,holt_winters,MOQUEGUA
2016-10-31,1.6669537531463754,0.9566282393031039,holt_winters,MOQUEGUA
2016-11-07,1.2965195857805145,1.1014335681182232,holt_winters,MOQUEGUA
2016-11-14,1.6669537531463756,1.1999503129971976,holt_winters,MOQUEGUA
2016-11-21,1.481736669463445,1.2997196742062784,holt_winters,MOQUEGUA
2016-11-28,1.8521708368293062,1.201702155560724,holt_winters,MOQUEGUA
2016-12-05,1.2965195857805145,0.7893107647062639,holt_winters,MOQUEGUA
2016-12-12,1.481736669463445,0.8826195881555947,holt_winters,MOQUEGUA
2016-12-19,1.6669537531463756,1.3341415653128699,holt_winters,MOQUEGUA
2016-12-26,2.407822087878098,1.6378811249542655,holt_winters,MOQUEGUA
2017-01-02,2.4015700687691797,1.4905798780939983,holt_winters,MOQUEGUA
2017-01-09,2.210100965977331,1.6363734700878168,holt_winters,MOQUEGUA
2017-01-16,2.014463850446204,1.9607559498768035,holt_winters,MOQUEGUA
2017-01-23,2.1975969277594953,1.754825744963387,holt_winters,MOQUEGUA
2017-01-30,2.3807300050727864,1.476034307834703,holt_winters,MOQUEGUA
2017-02-06,2.3807300050727864,1.410896060793422,holt_winters,MOQUEGUA
2017-02-13,2.563863082386078,2.3681144338900073,holt_winters,MOQUEGUA
2017-02-20,2.563863082386078,2.4844596501034144,holt_winters,MOQUEGUA
2017-02-27,2.014463850446204,2.4411971207323595,holt_winters,MOQUEGUA
2017-03-06,1.4650646185063303,2.112009347540672,holt_winters,MOQUEGUA
2017-03-13,0.7325323092531653,1.7885688114941487,holt_winters,MOQUEGUA
2017-03-20,1.0987984638797477,2.1820136092691036,holt_winters,MOQUEGUA
2017-03-27,0.7325323092531653,2.397056584809156,holt_winters,MOQUEGUA
2017-04-03,1.4650646185063303,2.226477032087756,holt_winters,MOQUEGUA
2017-04-10,1.831330773132913,1.4751870367340156,holt_winters,MOQUEGUA
2017-04-17,3.1132623143259512,1.845465481589715,holt_winters,MOQUEGUA
2017-04-24,3.1132623143259512,1.8497646300744603,holt_winters,MOQUEGUA
2017-05-01,2.3807300050727864,2.163425845570641,holt_winters,MOQUEGUA
2017-05-08,1.4650646185063303,2.312781112372999,holt_winters,MOQUEGUA
2017-05-15,1.4650646185063303,2.7367236774609442,holt_winters,MOQUEGUA
2017-05-22,1.8313307731329127,2.3634168070769053,holt_winters,MOQUEGUA
2017-05-29,2.197596927759495,2.1570887498161184,holt_winters,MOQUEGUA
2017-06-05,2.014463850446204,2.0657219740878805,holt_winters,MOQUEGUA
2017-06-12,2.5638630823860775,2.3273831456981906,holt_winters,MOQUEGUA
2017-06-19,3.1132623143259512,2.4906767964127043,holt_winters,MOQUEGUA
2017-06-26,3.479528468952534,2.462938281247014,holt_winters,MOQUEGUA
2017-07-03,3.8457946235791165,3.2564718908245167,holt_winters,MOQUEGUA
2017-07-10,4.028927700892408,3.2564718908245167,holt_winters,MOQUEGUA
2017-07-17,4.395193855518991,3.2564718908245167,holt_winters,MOQUEGUA
2017-07-24,3.479528468952534,3.2564718908245167,holt_winters,MOQUEGUA
2017-07-31,3.8457946235791165,3.7099245369398184,holt_winters,MOQUEGUA
2017-08-07,3.2963953916392428,3.813250807797473,holt_winters,MOQUEGUA
2017-08-14,2.746996159699369,3.813250807797473,holt_winters,MOQUEGUA
2017-08-21,1.6481976958196214,3.370693328665674,holt_winters,MOQUEGUA
2017-08-28,2.014463850446204,1.2421942565815742,holt_winters,MOQUEGUA
2017-09-04,2.380730005072787,1.4041900907516185,holt_winters,MOQUEGUA
2017-09-11,2.0144638504462042,1.7318876280113737,holt_winters,MOQUEGUA
2017-09-18,1.0987984638797477,1.8088162258330502,holt_winters,MOQUEGUA
2017-09-25,0.9156653865664565,1.026672327632061,holt_winters,MOQUEGUA
2017-10-02,1.6481976958196214,0.7676815709632936,holt_winters,MOQUEGUA
2017-10-09,2.563863082386078,0.7501123945986113,holt_winters,MOQUEGUA
2017-10-16,3.6626615462658254,0.7281274969859712,holt_winters,MOQUEGUA
2017-10-23,3.6626615462658254,3.7394374410505695,holt_winters,MOQUEGUA
2017-10-30,2.9301292370126606,3.8457946235791165,holt_winters,MOQUEGUA
2017-11-06,2.563863082386078,3.8457946235791165,holt_winters,MOQUEGUA
2017-11-13,2.380730005072787,3.8457946235791165,holt_winters,MOQUEGUA
2017-11-20,3.1132623143259512,1.8103122001479346,holt_winters,MOQUEGUA
2017-11-27,2.563863082386078,1.9315670848595985,holt_winters,MOQUEGUA
2017-12-04,2.380730005072787,1.2929677622387208,holt_winters,MOQUEGUA
2017-12-11,2.014463850446204,1.4099357980539713,holt_winters,MOQUEGUA
2017-12-18,1.831330773132913,1.8789517614273878,holt_winters,MOQUEGUA
2017-12-25,1.6481976958196218,2.584207882688569,holt_winters,MOQUEGUA
2018-01-01,1.988793716617806,2.4845617300705003,holt_winters,MOQUEGUA
2018-01-08,2.159091727016898,2.560723033887256,holt_winters,MOQUEGUA
2018-01-15,2.503966103453149,1.90989559585554,holt_winters,MOQUEGUA
2018-01-22,2.146256660102699,1.7637839980244012,holt_winters,MOQUEGUA
2018-01-29,2.3251113817779236,1.525768296983665,holt_winters,MOQUEGUA
2018-02-05,2.8616755468035984,1.4648805067927655,holt_winters,MOQUEGUA
2018-02-12,2.5039661034531484,2.9787884050063833,holt_winters,MOQUEGUA
2018-02-19,2.3251113817779236,3.0745493308094898,holt_winters,MOQUEGUA
2018-02-26,1.2519830517265744,2.9786478280604674,holt_winters,MOQUEGUA
2018-03-05,1.4308377734017992,2.3988363572263354,holt_winters,MOQUEGUA
2018-03-12,1.6096924950770244,1.4149091406518866,holt_winters,MOQUEGUA
2018-03-19,1.7885472167522491,1.765981390730742,holt_winters,MOQUEGUA
2018-03-26,2.1462566601026984,1.9267317456913702,holt_winters,MOQUEGUA
2018-04-02,2.5039661034531484,1.9187546639958466,holt_winters,MOQUEGUA
2018-04-09,2.6828208251283727,2.505666725793761,holt_winters,MOQUEGUA
2018-04-16,2.8616755468035984,3.163923826448465,holt_winters,MOQUEGUA
2018-04-23,2.503966103453149,3.325998156512248,holt_winters,MOQUEGUA
2018-04-30,2.6828208251283736,3.4501799587489197,holt_winters,MOQUEGUA
2018-05-07,2.146256660102699,2.4061197869502315,holt_winters,MOQUEGUA
2018-05-14,2.325111381777923,2.6269688628062506,holt_winters,MOQUEGUA
2018-05-21,2.146256660102699,2.38866771060304,holt_winters,MOQUEGUA
2018-05-28,2.325111381777923,2.2376047764687987,holt_winters,MOQUEGUA
2018-06-04,2.1462566601026984,2.046403827794541,holt_winters,MOQUEGUA
2018-06-11,1.967401938427474,2.385447219029238,holt_winters,MOQUEGUA
2018-06-18,3.219384990154048,2.494357564346298,holt_winters,MOQUEGUA
2018-06-25,3.040530268478823,2.610937027559251,holt_winters,MOQUEGUA
2018-07-02,3.040530268478823,2.9357577642252988,holt_winters,MOQUEGUA
2018-07-09,1.609692495077024,3.3453580939929615,holt_winters,MOQUEGUA
2018-07-16,2.6828208251283736,3.750164466550009,holt_winters,MOQUEGUA
2018-07-23,3.5770944335044974,3.3646065998851644,holt_winters,MOQUEGUA
2018-07-30,3.934803876854948,3.8457946235791165,holt_winters,MOQUEGUA
2018-08-06,3.5770944335044974,3.8457946235791165,holt_winters,MOQUEGUA
2018-08-13,3.040530268478823,3.7288756790183544,holt_winters,MOQUEGUA
2018-08-20,3.398239711829273,2.9234689072654136,holt_winters,MOQUEGUA
2018-08-27,3.040530268478823,2.956345506763432,holt_winters,MOQUEGUA
2018-09-03,2.8616755468035984,3.2609929559221422,holt_winters,MOQUEGUA
2018-09-10,2.1462566601026984,3.7694987786981944,holt_winters,MOQUEGUA
2018-09-17,1.967401938427474,3.4576273211056554,holt_winters,MOQUEGUA
2018-09-24,1.967401938427474,1.8584504998964602,holt_winters,MOQUEGUA
2018-10-01,2.3251113817779236,1.6391786768773968,holt_winters,MOQUEGUA
2018-10-08,2.1462566601026984,1.7950329638994584,holt_winters,MOQUEGUA
2018-10-15,1.967401938427474,1.9843038783043745,holt_winters,MOQUEGUA
2018-10-22,2.3251113817779236,1.9606756007885155,holt_winters,MOQUEGUA
2018-10-29,2.6828208251283736,2.1964039255177883,holt_winters,MOQUEGUA
2018-11-05,3.7559491551797226,1.9868560332518108,holt_winters,MOQUEGUA
2018-11-12,3.7559491551797226,2.1299599449859166,holt_winters,MOQUEGUA
2018-11-19,3.040530268478823,3.458100246409511,holt_winters,MOQUEGUA
2018-11-26,1.9674019384274741,3.3568393060879083,holt_winters,MOQUEGUA
2018-12-03,1.6096924950770244,2.4933022698693375,holt_winters,MOQUEGUA
2018-12-10,1.7885472167522494,2.5450280924698885,holt_winters,MOQUEGUA
2018-12-17,1.967401938427474,1.7212223557264017,holt_winters,MOQUEGUA
2018-12-24,1.967401938427474,2.3467544415079025,holt_winters,MOQUEGUA
2018-12-31,1.7885472167522491,2.2775761384546223,holt_winters,MOQUEGUA
2019-01-07,1.24876937595865,2.427820316764626,holt_winters,MOQUEGUA
2019-01-14,0.3544957675825256,1.0814383137227601,holt_winters,MOQUEGUA
2019-01-21,0.8782052295365014,0.9762053387264071,holt_winters,MOQUEGUA
2019-01-28,1.2294873213511017,0.9045129715866249,holt_winters,MOQUEGUA
2019-02-04,2.458974642702203,0.8445497696143714,holt_winters,MOQUEGUA
2019-02-11,2.283333596794903,2.624684216285814,holt_winters,MOQUEGUA
2019-02-18,2.9858977804241036,2.5005508014246467,holt_winters,MOQUEGUA
2019-02-25,2.6346156886095033,2.2636612483866405,holt_winters,MOQUEGUA
2019-03-04,2.634615688609503,1.9328530441257545,holt_winters,MOQUEGUA
2019-03-11,2.1076925508876028,2.792050351246406,holt_winters,MOQUEGUA
2019-03-18,2.1076925508876028,3.397094033521443,holt_winters,MOQUEGUA
2019-03-25,1.7564104590730023,3.6217575080369264,holt_winters,MOQUEGUA
2019-04-01,1.580769413165702,3.847543205021686,holt_winters,MOQUEGUA
2019-04-08,1.229487321351102,1.7655992403604266,holt_winters,MOQUEGUA
2019-04-15,1.2294873213511017,2.1793757546716996,holt_winters,MOQUEGUA
2019-04-22,1.0538462754438018,2.1304765911908903,holt_winters,MOQUEGUA
2019-04-29,1.0538462754438018,2.2645962759997578,holt_winters,MOQUEGUA
2019-05-06,1.7564104590730025,0.8299349013855357,holt_winters,MOQUEGUA
2019-05-13,2.458974642702203,0.9742844941025629,holt_winters,MOQUEGUA
2019-05-20,2.8102567345168037,0.8660671145021628,holt_winters,MOQUEGUA
2019-05-27,3.161538826331404,0.8969790645652561,holt_winters,MOQUEGUA
2019-06-03,2.6346156886095033,2.9164102385639055,holt_winters,MOQUEGUA
2019-06-10,2.8102567345168032,3.0984357121425705,holt_winters,MOQUEGUA
2019-06-17,2.8102567345168037,3.5891565917105073,holt_winters,MOQUEGUA
2019-06-24,2.9858977804241036,3.742426993840057,holt_winters,MOQUEGUA
2019-07-01,3.8641030099606044,2.892348248608637,holt_winters,MOQUEGUA
2019-07-08,4.039744055867904,2.675008674956065,holt_winters,MOQUEGUA
2019-07-15,4.215385101775205,3.208830082156064,holt_winters,MOQUEGUA
2019-07-22,3.3371798722387034,3.1997344120614937,holt_winters,MOQUEGUA
2019-07-29,2.8102567345168032,3.291328445786982,holt_winters,MOQUEGUA
2019-08-05,2.8102567345168032,3.277876695471322,holt_winters,MOQUEGUA
2019-08-12,4.039744055867904,3.056413401254723,holt_winters,MOQUEGUA
2019-08-19,4.742308239497105,2.567230489910784,holt_winters,MOQUEGUA
2019-08-26,5.093590331311705,4.111756884689901,holt_winters,MOQUEGUA
2019-09-02,3.6884619640533036,4.111756884689901,holt_winters,MOQUEGUA
2019-09-09,3.1615388263314035,4.111756884689901,holt_winters,MOQUEGUA
2019-09-16,2.6346156886095033,4.111756884689901,holt_winters,MOQUEGUA
2019-09-23,2.6346156886095033,2.4353662182060956,holt_winters,MOQUEGUA
2019-09-30,2.2833335967949027,2.461414868812853,holt_winters,MOQUEGUA
2019-10-07,2.8102567345168032,2.6031724610606184,holt_winters,MOQUEGUA
2019-10-14,2.9858977804241036,2.6423670772926133,holt_winters,MOQUEGUA
2019-10-21,3.5128209181460037,3.0098583000900163,holt_winters,MOQUEGUA
2019-10-28,3.161538826331404,3.4424422521728535,holt_winters,MOQUEGUA
2019-11-04,2.2833335967949027,3.572477158131619,holt_winters,MOQUEGUA
2019-11-11,2.2833335967949027,3.846102583457551,holt_winters,MOQUEGUA
2019-11-18,2.4589746427022035,2.2933005318714965,holt_winters,MOQUEGUA
2019-11-25,3.161538826331404,1.958473822689608,holt_winters,MOQUEGUA
2019-12-02,2.458974642702203,1.385070562704235,holt_winters,MOQUEGUA
2019-12-09,2.458974642702203,1.316889554491048,holt_winters,MOQUEGUA
2019-12-16,2.8102567345168032,2.442584414887744,holt_winters,MOQUEGUA
2019-12-23,3.1615388263314035,2.897693699063549,holt_winters,MOQUEGUA
2019-12-30,2.458974642702203,2.6963873354310173,holt_winters,MOQUEGUA
2020-01-06,1.921265537255083,2.619700158750629,holt_winters,MOQUEGUA
2020-01-13,2.080727631574554,1.5898908735749695,holt_winters,MOQUEGUA
2020-01-20,1.7294455397599535,1.7079553253373985,holt_winters,MOQUEGUA
2020-01-27,1.7294455397599535,1.7268946559022393,holt_winters,MOQUEGUA
2020-02-03,1.9023900937359486,2.112359187653514,holt_winters,MOQUEGUA
2020-02-10,2.767112863615925,1.9227477815695224,holt_winters,MOQUEGUA
2020-02-17,2.767112863615925,1.8835294742265651,holt_winters,MOQUEGUA
2020-02-24,1.7294455397599533,1.5978962893747646,holt_winters,MOQUEGUA
2020-03-02,1.9023900937359486,1.3538211582503148,holt_winters,MOQUEGUA
2020-03-09,1.5565009857839582,2.06044841872943,holt_winters,MOQUEGUA
2020-03-16,2.767112863615925,2.3850619966094806,holt_winters,MOQUEGUA
2020-03-23,1.7294455397599535,2.345114849829231,holt_winters,MOQUEGUA
2020-03-30,1.7294455397599535,2.5322263105440537,holt_winters,MOQUEGUA
2020-04-06,0.6917782159039817,1.7573224387251734,holt_winters,MOQUEGUA
2020-04-13,0.8647227698799771,2.190976327051957,holt_winters,MOQUEGUA
2020-04-20,0.8647227698799771,2.1096128742480396,holt_winters,MOQUEGUA
2020-04-27,0.8647227698799771,2.0653420386092853,holt_winters,MOQUEGUA
2020-05-04,1.7294455397599533,0.8122128086126598,holt_winters,MOQUEGUA
2020-05-11,1.9023900937359486,1.0427629372140448,holt_winters,MOQUEGUA
2020-05-18,1.9023900937359486,1.0842300414597175,holt_winters,MOQUEGUA
2020-05-25,0.8647227698799771,1.127598763992662,holt_winters,MOQUEGUA
2020-06-01,0.8647227698799771,0.7029054799061744,holt_winters,MOQUEGUA
2020-06-08,1.2106118778319677,0.7746782846323187,holt_winters,MOQUEGUA
2020-06-15,2.421223755663935,1.0453082968222647,holt_winters,MOQUEGUA
2020-06-22,2.2482792016879394,1.073990902460963,holt_winters,MOQUEGUA
2020-06-29,2.2482792016879394,2.2806835361275146,holt_winters,MOQUEGUA
2020-07-06,2.2482792016879394,2.204443721087801,holt_winters,MOQUEGUA
2020-07-13,2.59416830963993,2.7060645868882767,holt_winters,MOQUEGUA
2020-07-20,5.442849227010499,2.5650253810085437,holt_winters,MOQUEGUA
2020-07-27,7.6911284286984385,4.537510752950026,holt_winters,MOQUEGUA
2020-08-03,9.939407630386377,4.537510752950026,holt_winters,MOQUEGUA
2020-08-10,9.939407630386377,4.537510752950026,holt_winters,MOQUEGUA
2020-08-17,9.766463076410382,4.537510752950026,holt_winters,MOQUEGUA
2020-08-24,9.0746848605064,8.542015634260387,holt_winters,MOQUEGUA
2020-08-31,7.609560374943793,8.542015634260387,holt_winters,MOQUEGUA
2020-09-07,5.707170281207845,8.542015634260387,holt_winters,MOQUEGUA
2020-09-14,4.323613849399883,8.033941087701272,holt_winters,MOQUEGUA
2020-09-21,4.323613849399883,3.864190828188069,holt_winters,MOQUEGUA
2020-09-28,3.6318356334959017,3.982019760180532,holt_winters,MOQUEGUA
2020-10-05,4.150669295423888,4.1574219933321395,holt_winters,MOQUEGUA
2020-10-12,2.59416830963993,4.241386039127944,holt_winters,MOQUEGUA
2020-10-19,2.075334647711944,2.901920161086754,holt_winters,MOQUEGUA
2020-10-26,1.0376673238559724,3.067645321692121,holt_winters,MOQUEGUA
2020-11-02,0.8647227698799771,2.9653110325819854,holt_winters,MOQUEGUA
2020-11-09,1.0376673238559717,3.0306303861794213,holt_winters,MOQUEGUA
2020-11-16,1.2106118778319677,1.043152023929002,holt_winters,MOQUEGUA
2020-11-23,1.5565009857839582,1.021797657766878,holt_winters,MOQUEGUA
2020-11-30,2.4212237556639344,0.7727135239061943,holt_winters,MOQUEGUA
2020-12-07,2.2482792016879394,0.7070067971791134,holt_winters,MOQUEGUA
2020-12-14,2.940057417591921,2.3747498554540387,holt_winters,MOQUEGUA
2020-12-21,3.8047801874718967,2.5831743618087653,holt_winters,MOQUEGUA
2020-12-28,5.534225727231849,2.3604805324641727,holt_winters,MOQUEGUA
2021-01-04,7.053897856361801,2.118508092260178,holt_winters,MOQUEGUA
2021-01-11,8.052569920231178,6.222788871767676,holt_winters,MOQUEGUA
2021-01-18,9.517694405793785,6.394739058482784,holt_winters,MOQUEGUA
2021-01-25,8.834581803220159,6.569440058721425,holt_winters,MOQUEGUA
2021-02-01,8.151469200646531,7.554735637064772,holt_winters,MOQUEGUA
2021-02-08,5.806457121875828,8.492451114203918,holt_winters,MOQUEGUA
2021-02-15,3.927897464798354,8.282936417479672,holt_winters,MOQUEGUA
2021-02-22,2.561672259651101,6.4729622569025205,holt_winters,MOQUEGUA
2021-03-01,3.7571193141549473,5.789320688559123,holt_winters,MOQUEGUA
2021-03-08,3.5863411635115408,3.121349698098616,holt_winters,MOQUEGUA
2021-03-15,2.903228560937914,3.865639323143162,holt_winters,MOQUEGUA
2021-03-22,0.6831126025736273,3.463611749311063,holt_winters,MOQUEGUA
2021-03-29,1.1954470545038471,3.581516853288222,holt_winters,MOQUEGUA
2021-04-05,3.927897464798354,0.968360052204004,holt_winters,MOQUEGUA
2021-04-12,7.297578447429498,1.2232928298936947,holt_winters,MOQUEGUA
2021-04-19,8.663803652576751,1.1171368876494685,holt_winters,MOQUEGUA
2021-04-26,8.663803652576751,1.092926570374389,holt_winters,MOQUEGUA
2021-05-03,8.663803652576751,9.091410977180965,holt_winters,MOQUEGUA
2021-05-10,8.663803652576751,9.619689560746595,holt_winters,MOQUEGUA
2021-05-17,8.493025501933344,9.619689560746595,holt_winters,MOQUEGUA
2021-05-24,8.493025501933344,9.619689560746595,holt_winters,MOQUEGUA
2021-05-31,9.984146827487015,7.8459402970182115,holt_winters,MOQUEGUA
2021-06-07,9.471812375556794,8.469805450741259,holt_winters,MOQUEGUA
2021-06-14,7.468356598072904,9.619689560746595,holt_winters,MOQUEGUA
2021-06-21,5.294122669945607,9.619689560746595,holt_winters,MOQUEGUA
2021-06-28,4.098675615441761,5.72550082579608,holt_winters,MOQUEGUA
2021-07-05,3.2447848622247277,5.3145913410937835,holt_winters,MOQUEGUA
2021-07-12,2.561672259651101,6.205446189468068,holt_winters,MOQUEGUA
2021-07-19,2.7324504102945073,6.826492610799869,holt_winters,MOQUEGUA
2021-07-26,2.390894109007694,3.0489704129620945,holt_winters,MOQUEGUA
2021-08-02,3.0740067115813203,2.992453826741711,holt_winters,MOQUEGUA
2021-08-09,3.2447848622247277,3.0278100880774335,holt_winters,MOQUEGUA
2021-08-16,3.7571193141549473,2.885205457611504,holt_winters,MOQUEGUA
2021-08-23,3.2447848622247277,3.8065365212582245,holt_winters,MOQUEGUA
2021-08-30,2.2201159583642878,3.60760224952619,holt_winters,MOQUEGUA
2021-09-06,1.8785596570774743,2.9704757434887745,holt_winters,MOQUEGUA
2021-09-13,1.1954470545038476,2.338178982097426,holt_winters,MOQUEGUA
2021-09-20,1.5370033557906606,1.1426476707726219,holt_winters,MOQUEGUA
2021-09-27,1.1954470545038474,1.174479194506522,holt_winters,MOQUEGUA
2021-10-04,1.7077815064340676,1.3333290076140922,holt_winters,MOQUEGUA
2021-10-11,1.0246689038604406,1.324815666396665,holt_winters,MOQUEGUA
2021-10-18,1.5370033557906606,1.0731555482997743,holt_winters,MOQUEGUA
2021-10-25,1.5370033557906606,0.8975439699135263,holt_winters,MOQUEGUA
2021-11-01,2.04933780772088,0.749315178344404,holt_winters,MOQUEGUA
2021-11-08,1.8785596570774736,0.7905828027327576,holt_winters,MOQUEGUA
2021-11-15,1.3662252051472539,2.001460639702437,holt_winters,MOQUEGUA
2021-11-22,1.0246689038604406,1.9860051921114807,holt_winters,MOQUEGUA
2021-11-29,1.0246689038604406,1.7976224114558548,holt_winters,MOQUEGUA
2021-12-06,2.561672259651101,1.7697345869340042,holt_winters,MOQUEGUA
2021-12-13,3.074006711581321,2.825970744388788,holt_winters,MOQUEGUA
2021-12-20,2.903228560937914,3.1619735420216797,holt_winters,MOQUEGUA
2021-12-27,1.3662252051472539,3.2833173916418597,holt_winters,MOQUEGUA
2022-01-03,1.0190817927735496,3.109900627408937,holt_winters,MOQUEGUA
2022-01-10,1.691020173173394,0.9077887407785341,holt_winters,MOQUEGUA
2022-01-17,2.1959051436544264,1.0397356030265643,holt_winters,MOQUEGUA
2022-01-24,2.0269893633733163,1.139628969618381,holt_winters,MOQUEGUA
2022-01-31,3.5472313859033036,1.4119130474307928,holt_winters,MOQUEGUA
2022-02-07,4.222894507027742,3.3405766832072437,holt_winters,MOQUEGUA
2022-02-14,5.405304968995509,3.18383934562496,holt_winters,MOQUEGUA
2022-02-21,3.378315605622193,2.226752994460645,holt_winters,MOQUEGUA
2022-02-28,2.871568264778864,2.3743113712421624,holt_winters,MOQUEGUA
2022-03-07,2.0269893633733163,2.637169429315282,holt_winters,MOQUEGUA
2022-03-14,2.1959051436544264,2.8955050415019774,holt_winters,MOQUEGUA
2022-03-21,2.026989363373316,1.9046182796115325,holt_winters,MOQUEGUA
2022-03-28,1.5202420225299875,2.255014610156992,holt_winters,MOQUEGUA
2022-04-04,2.0269893633733163,1.6706333275038927,holt_winters,MOQUEGUA
2022-04-11,1.8580735830922066,2.3005835334915843,holt_winters,MOQUEGUA
2022-04-18,2.0269893633733163,2.2938985372590404,holt_winters,MOQUEGUA
2022-04-25,1.5202420225299875,2.2079536840198117,holt_winters,MOQUEGUA
2022-05-02,1.5202420225299875,1.8721169544119545,holt_winters,MOQUEGUA
2022-05-09,1.5202420225299875,2.0373507244561493,holt_winters,MOQUEGUA
2022-05-16,1.3513262422488779,2.1046419655074997,holt_winters,MOQUEGUA
2022-05-23,1.0134946816866586,1.9708518400783293,holt_winters,MOQUEGUA
2022-05-30,1.1824104619677682,0.9984749774828787,holt_winters,MOQUEGUA
2022-06-06,1.3513262422488779,1.0885161822550642,holt_winters,MOQUEGUA
2022-06-13,2.533736704216645,1.3909768193049816,holt_winters,MOQUEGUA
2022-06-20,2.533736704216645,1.2547205346399606,holt_winters,MOQUEGUA
2022-06-27,2.0269893633733163,2.522355533317645,holt_winters,MOQUEGUA
2022-07-04,1.0134946816866586,2.1924492658126122,holt_winters,MOQUEGUA
2022-07-11,1.1824104619677682,2.473790128812941,holt_winters,MOQUEGUA
2022-07-18,1.5202420225299875,2.8527830493871322,holt_winters,MOQUEGUA
2022-07-25,2.5337367042166457,1.6157365445435705,holt_winters,MOQUEGUA
2022-08-01,1.8580735830922068,1.8021849893900834,holt_winters,MOQUEGUA
2022-08-08,1.8580735830922066,1.8934284416837337,holt_winters,MOQUEGUA
2022-08-15,1.0134946816866586,1.920747501448217,holt_winters,MOQUEGUA
2022-08-22,1.5202420225299869,0.9235220262303182,holt_winters,MOQUEGUA
2022-08-29,1.3513262422488779,0.6549040633934589,holt_winters,MOQUEGUA
2022-09-05,1.0134946816866586,0.38319839635595604,holt_winters,MOQUEGUA
2022-09-12,0.6756631211244392,0.10336092849706917,holt_winters,MOQUEGUA
2022-09-19,0.506747340843329,0.7480833189335531,holt_winters,MOQUEGUA
2022-09-26,0.506747340843329,0.6928906205560167,holt_winters,MOQUEGUA
2022-10-03,0.8445789014055488,0.8864330364495077,holt_winters,MOQUEGUA
2022-10-10,1.0134946816866586,0.6992720378682384,holt_winters,MOQUEGUA
2022-10-17,1.5202420225299875,1.1768426957048852,holt_winters,MOQUEGUA
2022-10-24,1.3513262422488779,0.9771055694833023,holt_winters,MOQUEGUA
2022-10-31,1.8580735830922066,1.011260007856461,holt_winters,MOQUEGUA
2022-11-07,1.1824104619677682,1.0268752930234943,holt_winters,MOQUEGUA
2022-11-14,1.1824104619677682,1.0630573530371774,holt_winters,MOQUEGUA
2022-11-21,0.6756631211244392,1.004388170611261,holt_winters,MOQUEGUA
2022-11-28,4.216122254398989,1.0172808537276794,holt_winters,MOQUEGUA
2022-12-05,7.41874982711132,1.251866606804534,holt_winters,MOQUEGUA
2022-12-12,10.62137739982365,8.467515599050055,holt_winters,MOQUEGUA
2022-12-19,7.24983404683021,8.71661299956941,holt_winters,MOQUEGUA
2022-12-26,3.8782906938367696,8.035085278081413,holt_winters,MOQUEGUA
2023-01-02,1.3414143511245273,7.4744712277696745,holt_winters,MOQUEGUA
2023-01-09,2.008817562978674,1.311859486328976,holt_winters,MOQUEGUA
2023-01-16,2.1744293795516665,1.5623907416042964,holt_winters,MOQUEGUA
2023-01-23,1.505374185843462,1.6565933412337914,holt_winters,MOQUEGUA
2023-01-30,1.3381103874164104,2.2742532017712493,holt_winters,MOQUEGUA
2023-02-06,1.3381103874164104,1.375264658525421,holt_winters,MOQUEGUA
2023-02-13,1.3381103874164104,1.3791368783298854,holt_winters,MOQUEGUA
2023-02-20,0.8363189921352566,0.7551805608240296,holt_winters,MOQUEGUA
2023-02-27,0.8363189921352566,0.8619731073840465,holt_winters,MOQUEGUA
2023-03-06,0.5017913952811542,0.6013301392433837,holt_winters,MOQUEGUA
2023-03-13,0.8363189921352568,0.690354697510334,holt_winters,MOQUEGUA
2023-03-20,1.003582790562308,0.31003223394213036,holt_winters,MOQUEGUA
2023-03-27,1.3381103874164104,0.3317126321568645,holt_winters,MOQUEGUA
2023-04-03,1.1708465889893593,1.5609499847487227,holt_winters,MOQUEGUA
2023-04-10,1.505374185843462,1.9504728192793,holt_winters,MOQUEGUA
2023-04-17,2.0071655811246156,2.0159000340259086,holt_winters,MOQUEGUA
2023-04-24,2.174429379551667,1.9735493712469554,holt_winters,MOQUEGUA
2023-05-01,2.341693177978718,2.7573611526684667,holt_winters,MOQUEGUA
2023-05-08,2.5089569764057695,3.013400634385313,holt_winters,MOQUEGUA
2023-05-15,3.0107483716869226,2.9666008378983397,holt_winters,MOQUEGUA
2023-05-22,3.3452759685410256,2.613755556178565,holt_winters,MOQUEGUA
2023-05-29,2.8434845732598717,3.44104122191668,holt_winters,MOQUEGUA
2023-06-05,2.6762207748328204,3.5888593526889383,holt_winters,MOQUEGUA
2023-06-12,2.0071655811246156,4.5647290822317,holt_winters,MOQUEGUA
2023-06-19,2.1744293795516665,4.173410137110087,holt_winters,MOQUEGUA
2023-06-26,2.174429379551667,2.0473597235092376,holt_winters,MOQUEGUA
2023-07-03,2.5089569764057695,1.5134355640621606,holt_winters,MOQUEGUA
2023-07-10,2.508956976405769,1.7277846118247226,holt_winters,MOQUEGUA
2023-07-17,2.5089569764057695,2.218666814960858,holt_winters,MOQUEGUA
2023-07-24,2.1744293795516665,2.8882705450656556,holt_winters,MOQUEGUA
2023-07-31,2.5089569764057695,3.0355518277439226,holt_winters,MOQUEGUA
2023-08-07,2.341693177978718,3.2370245992335716,holt_winters,MOQUEGUA
2023-08-14,2.8434845732598717,3.237752268680344,holt_winters,MOQUEGUA
2023-08-21,2.6762207748328204,2.9527118817997144,holt_winters,MOQUEGUA
2023-08-28,3.1780121701139747,2.3106440838427185,holt_winters,MOQUEGUA
2023-09-04,2.6762207748328204,1.7651932719105539,holt_winters,MOQUEGUA
2023-09-11,2.508956976405769,1.2981408335281814,holt_winters,MOQUEGUA
2023-09-18,2.1744293795516665,2.5393230152170574,holt_winters,MOQUEGUA
2023-09-25,2.1744293795516665,2.3508734193445524,holt_winters,MOQUEGUA
2023-10-02,2.0071655811246156,2.7854013985774815,holt_winters,MOQUEGUA
2023-10-09,1.839901782697564,2.371781308777626,holt_winters,MOQUEGUA
2023-10-16,1.672637984270513,2.150742269765816,holt_winters,MOQUEGUA
2023-10-23,1.672637984270513,1.8814706662842784,holt_winters,MOQUEGUA
2023-10-30,2.174429379551667,2.0725821158152575,holt_winters,MOQUEGUA
2023-11-06,2.5089569764057695,1.9357628214108904,holt_winters,MOQUEGUA
2023-11-13,2.5089569764057695,2.4350850991518813,holt_winters,MOQUEGUA
2023-11-20,1.505374185843462,2.330332985627159,holt_winters,MOQUEGUA
2023-11-27,1.839901782697564,3.3226186890500964,holt_winters,MOQUEGUA
2023-12-04,1.672637984270513,4.50149592073325,holt_winters,MOQUEGUA
2010-12-27,1.3915560379616487,1.3784953260537391,arima,MOQUEGUA
2011-01-03,0.9939685985440346,1.4018619019403757,arima,MOQUEGUA
2011-01-10,0.5939812561546877,1.299189461666871,arima,MOQUEGUA
2011-01-17,0.19639381673707376,1.411715670580697,arima,MOQUEGUA
2011-01-24,0.3927876334741476,0.2687554573730602,arima,MOQUEGUA
2011-01-31,0.19639381673707376,0.4026591830163794,arima,MOQUEGUA
2011-02-07,0.3927876334741476,0.6124300287209657,arima,MOQUEGUA
2011-02-14,0.19639381673707376,0.5517880465735501,arima,MOQUEGUA
2011-02-21,0.7855752669482953,0.30352916825870424,arima,MOQUEGUA
2011-02-28,1.178362900422443,0.1917242472182439,arima,MOQUEGUA
2011-03-07,1.178362900422443,0.30098551902790616,arima,MOQUEGUA
2011-03-14,0.7855752669482953,0.23235720424012424,arima,MOQUEGUA
2011-03-21,0.3927876334741476,0.6471531502035911,arima,MOQUEGUA
2011-03-28,0.5891814502112215,0.6480893770716339,arima,MOQUEGUA
2011-04-04,0.7855752669482952,0.8172554537910066,arima,MOQUEGUA
2011-04-11,0.7855752669482952,0.8769111608107931,arima,MOQUEGUA
2011-04-18,0.5891814502112213,0.6444623572610356,arima,MOQUEGUA
2011-04-25,0.5891814502112215,0.5610817325168037,arima,MOQUEGUA
2011-05-02,0.5891814502112215,0.5642628765261627,arima,MOQUEGUA
2011-05-09,0.7855752669482952,0.628094808074621,arima,MOQUEGUA
2011-05-16,0.39278763347414763,0.7843241351485459,arima,MOQUEGUA
2011-05-23,0.9819690836853692,0.7902364906846161,arima,MOQUEGUA
2011-05-30,1.178362900422443,0.6871336548525312,arima,MOQUEGUA
2011-06-06,1.5711505338965905,0.696247898237904,arima,MOQUEGUA
2011-06-13,1.178362900422443,1.132026689437705,arima,MOQUEGUA
2011-06-20,1.178362900422443,1.0757841053047121,arima,MOQUEGUA
2011-06-27,0.7855752669482953,0.9037612213970716,arima,MOQUEGUA
2011-07-04,0.7855752669482953,1.1069728718350322,arima,MOQUEGUA
2011-07-11,1.178362900422443,0.7507493052749795,arima,MOQUEGUA
2011-07-18,1.374756717159517,0.9427233193487654,arima,MOQUEGUA
2011-07-25,0.9819690836853692,0.9228613937014687,arima,MOQUEGUA
2011-08-01,0.7855752669482955,0.9491076244729536,arima,MOQUEGUA
2011-08-08,1.374756717159517,0.7196843603215806,arima,MOQUEGUA
2011-08-15,1.5711505338965905,0.8828127037044284,arima,MOQUEGUA
2011-08-22,1.9639381673707383,0.9631676340318707,arima,MOQUEGUA
2011-08-29,1.374756717159517,0.9978601651474067,arima,MOQUEGUA
2011-09-05,1.1783629004224432,1.3081240399986176,arima,MOQUEGUA
2011-09-12,0.5891814502112216,1.1375805933920706,arima,MOQUEGUA
2011-09-19,0.5891814502112216,1.4030835532932826,arima,MOQUEGUA
2011-09-26,1.178362900422443,1.4045164863829938,arima,MOQUEGUA
2011-10-03,0.9819690836853693,1.6130851167976203,arima,MOQUEGUA
2011-10-10,0.9819690836853692,1.6062287233970618,arima,MOQUEGUA
2011-10-17,1.1783629004224432,1.2393738890205552,arima,MOQUEGUA
2011-10-24,1.1783629004224432,1.0681262650823562,arima,MOQUEGUA
2011-10-31,1.9639381673707386,1.158695591790904,arima,MOQUEGUA
2011-11-07,1.374756717159517,1.0651055257956563,arima,MOQUEGUA
2011-11-14,1.571150533896591,1.0735286479996329,arima,MOQUEGUA
2011-11-21,0.9819690836853692,1.0783328250577453,arima,MOQUEGUA
2011-11-28,0.7855752669482955,1.2376489499509082,arima,MOQUEGUA
2011-12-05,0.5891814502112216,1.1082350587618677,arima,MOQUEGUA
2011-12-12,0.7855752669482955,1.4162200575227764,arima,MOQUEGUA
2011-12-19,1.1783629004224432,1.2421171286385362,arima,MOQUEGUA
2011-12-26,0.9819690836853693,1.325609869374006,arima,MOQUEGUA
2012-01-02,0.5868399305682147,1.2003419767221366,arima,MOQUEGUA
2012-01-09,0.388104594188134,1.012089783349555,arima,MOQUEGUA
2012-01-16,0.5821568912822006,0.9607031015764288,arima,MOQUEGUA
2012-01-23,0.7762091883762677,0.7554724578427264,arima,MOQUEGUA
2012-01-30,1.1643137825644014,0.8603669587046482,arima,MOQUEGUA
2012-02-06,1.552418376752535,0.7397486139663213,arima,MOQUEGUA
2012-02-13,1.9405229709406686,0.667169661129132,arima,MOQUEGUA
2012-02-20,1.9405229709406688,1.953846391511504,arima,MOQUEGUA
2012-02-27,2.3286275651288024,1.9864611500225973,arima,MOQUEGUA
2012-03-05,2.1345752680347356,1.9596293393631485,arima,MOQUEGUA
2012-03-12,2.522679862222869,1.968089817749518,arima,MOQUEGUA
2012-03-19,2.134575268034735,2.3734460622829774,arima,MOQUEGUA
2012-03-26,2.1345752680347356,2.561053138675672,arima,MOQUEGUA
2012-04-02,1.3583660796584682,2.4871961300726015,arima,MOQUEGUA
2012-04-09,1.3583660796584682,2.5004463573605245,arima,MOQUEGUA
2012-04-16,1.1643137825644014,1.2642417288323091,arima,MOQUEGUA
2012-04-23,1.3583660796584682,1.420647108380659,arima,MOQUEGUA
2012-04-30,0.7762091883762675,1.3442200925822576,arima,MOQUEGUA
2012-05-07,0.9702614854703344,1.3435289480935269,arima,MOQUEGUA
2012-05-14,0.7762091883762675,0.8749421635158687,arima,MOQUEGUA
2012-05-21,1.7464706738466018,1.1180427780486322,arima,MOQUEGUA
2012-05-28,1.9405229709406686,0.9822438196502655,arima,MOQUEGUA
2012-06-04,2.3286275651288024,0.9904308768971486,arima,MOQUEGUA
2012-06-11,1.9405229709406686,2.088775338489233,arima,MOQUEGUA
2012-06-18,1.552418376752535,2.047246748646215,arima,MOQUEGUA
2012-06-25,1.746470673846602,2.154546283248714,arima,MOQUEGUA
2012-07-02,1.1643137825644014,2.0968053757421687,arima,MOQUEGUA
2012-07-09,1.3583660796584682,1.1734287433196582,arima,MOQUEGUA
2012-07-16,1.1643137825644012,0.9468454627313574,arima,MOQUEGUA
2012-07-23,1.9405229709406686,1.0930539269450064,arima,MOQUEGUA
2012-07-30,1.552418376752535,1.071211768704499,arima,MOQUEGUA
2012-08-06,1.3583660796584682,1.610675088525911,arima,MOQUEGUA
2012-08-13,1.7464706738466018,1.355181703286055,arima,MOQUEGUA
2012-08-20,1.9405229709406686,1.5096179524061446,arima,MOQUEGUA
2012-08-27,2.134575268034735,1.4849394988313882,arima,MOQUEGUA
2012-09-03,1.552418376752535,1.7287789263798898,arima,MOQUEGUA
2012-09-10,1.3583660796584678,1.8216174205846583,arima,MOQUEGUA
2012-09-17,0.9702614854703343,1.89138132206726,arima,MOQUEGUA
2012-09-24,0.9702614854703343,1.810531969824774,arima,MOQUEGUA
2012-10-01,0.9702614854703343,0.9750615926799568,arima,MOQUEGUA
2012-10-08,1.164313782564401,1.1113827602410429,arima,MOQUEGUA
2012-10-15,1.164313782564401,1.0150424610758868,arima,MOQUEGUA
2012-10-22,0.9702614854703343,1.0347738953035917,arima,MOQUEGUA
2012-10-29,0.9702614854703343,0.9415468883755086,arima,MOQUEGUA
2012-11-05,0.7762091883762675,0.8262562541354026,arima,MOQUEGUA
2012-11-12,1.3583660796584678,0.9122584746519125,arima,MOQUEGUA
2012-11-19,2.134575268034735,0.8938110611022975,arima,MOQUEGUA
2012-11-26,2.328627565128802,2.561053138675672,arima,MOQUEGUA
2012-12-03,2.134575268034735,2.561053138675672,arima,MOQUEGUA
2012-12-10,1.164313782564401,2.487000719765868,arima,MOQUEGUA
2012-12-17,0.9702614854703343,2.561053138675672,arima,MOQUEGUA
2012-12-24,0.9702614854703343,0.7687388737353582,arima,MOQUEGUA
2012-12-31,1.1643137825644012,0.8404304913388458,arima,MOQUEGUA
2013-01-07,1.54327300233261,0.8592881673536387,arima,MOQUEGUA
2013-01-14,1.5387003151226477,0.8227091607104615,arima,MOQUEGUA
2013-01-21,1.3423616744235993,1.673903836316432,arima,MOQUEGUA
2013-01-28,1.150595720934514,1.6168952358551236,arima,MOQUEGUA
2013-02-04,0.7670638139563426,1.6085741247314318,arima,MOQUEGUA
2013-02-11,1.150595720934514,1.6329829525800492,arima,MOQUEGUA
2013-02-18,0.9588297674454282,1.147921468469862,arima,MOQUEGUA
2013-02-25,0.9588297674454282,1.3758666456395499,arima,MOQUEGUA
2013-03-04,0.3835319069781713,1.2265212708901823,arima,MOQUEGUA
2013-03-11,0.0,1.2442054779451541,arima,MOQUEGUA
2013-03-18,0.19176595348908565,0.0,arima,MOQUEGUA
2013-03-25,0.19176595348908565,0.0,arima,MOQUEGUA
2013-04-01,0.3835319069781713,0.0,arima,MOQUEGUA
2013-04-08,0.19176595348908565,0.0,arima,MOQUEGUA
2013-04-15,0.3835319069781713,0.23385873453665207,arima,MOQUEGUA
2013-04-22,0.7670638139563426,0.25533201868096406,arima,MOQUEGUA
2013-04-29,1.150595720934514,0.22772308412668044,arima,MOQUEGUA
2013-05-06,1.150595720934514,0.2398849782548792,arima,MOQUEGUA
2013-05-13,0.9588297674454282,1.0950915948346645,arima,MOQUEGUA
2013-05-20,0.9588297674454282,0.9999207623949277,arima,MOQUEGUA
2013-05-27,0.7670638139563426,1.080386727701851,arima,MOQUEGUA
2013-06-03,0.3835319069781713,1.0542051492824294,arima,MOQUEGUA
2013-06-10,0.575297860467257,0.20150048189044953,arima,MOQUEGUA
2013-06-17,1.150595720934514,0.17095089442527645,arima,MOQUEGUA
2013-06-24,1.150595720934514,0.24266640661740518,arima,MOQUEGUA
2013-07-01,1.150595720934514,0.20164545406520848,arima,MOQUEGUA
2013-07-08,1.5341276279126852,0.9778175635618028,arima,MOQUEGUA
2013-07-15,2.109425488379942,1.258181983158803,arima,MOQUEGUA
2013-07-22,2.109425488379942,1.1003169388810612,arima,MOQUEGUA
2013-07-29,1.3423616744235993,1.1264046515295563,arima,MOQUEGUA
2013-08-05,1.3423616744235993,1.3153604338851443,arima,MOQUEGUA
2013-08-12,1.150595720934514,1.1373741044792531,arima,MOQUEGUA
2013-08-19,1.150595720934514,1.275880423520017,arima,MOQUEGUA
2013-08-26,0.7670638139563426,1.2298204393018999,arima,MOQUEGUA
2013-09-02,0.575297860467257,0.6641916392100283,arima,MOQUEGUA
2013-09-09,0.7670638139563426,0.6272820137200521,arima,MOQUEGUA
2013-09-16,1.150595720934514,0.6857012209347587,arima,MOQUEGUA
2013-09-23,1.150595720934514,0.6549965734353996,arima,MOQUEGUA
2013-09-30,0.9588297674454282,1.0893386655234458,arima,MOQUEGUA
2013-10-07,0.575297860467257,0.992465274257768,arima,MOQUEGUA
2013-10-14,0.7670638139563426,1.0827608618777194,arima,MOQUEGUA
2013-10-21,1.3423616744235993,1.0480323352433916,arima,MOQUEGUA
2013-10-28,1.5341276279126852,1.7590222049884263,arima,MOQUEGUA
2013-11-04,1.725893581401771,1.8654215077092773,arima,MOQUEGUA
2013-11-11,1.3423616744235993,1.643580705441183,arima,MOQUEGUA
2013-11-18,1.3423616744235993,1.766324330091297,arima,MOQUEGUA
2013-11-25,0.7670638139563426,1.1815621625104107,arima,MOQUEGUA
2013-12-02,1.150595720934514,1.1457147791298568,arima,MOQUEGUA
2013-12-09,0.9588297674454282,1.2217295468687657,arima,MOQUEGUA
2013-12-16,1.725893581401771,1.1792672680485854,arima,MOQUEGUA
2013-12-23,1.3423616744235993,1.478054284178616,arima,MOQUEGUA
2013-12-30,1.5341276279126852,1.9026352225458867,arima,MOQUEGUA
2014-01-06,1.1461273753343144,1.6700639428851207,arima,MOQUEGUA
2014-01-13,0.952127249045129,1.699450760924827,arima,MOQUEGUA
2014-01-20,1.1371906841339154,0.9335494097279186,arima,MOQUEGUA
2014-01-27,0.9476589034449296,0.8583418948922823,arima,MOQUEGUA
2014-02-03,0.9476589034449298,0.9167959699077326,arima,MOQUEGUA
2014-02-10,0.37906356137797187,0.8981736796418084,arima,MOQUEGUA
2014-02-17,0.18953178068898593,0.31150946646855804,arima,MOQUEGUA
2014-02-24,0.37906356137797187,0.20818447337694282,arima,MOQUEGUA
2014-03-03,0.5685953420669578,0.30088202069279385,arima,MOQUEGUA
2014-03-10,0.5685953420669578,0.26544263439238314,arima,MOQUEGUA
2014-03-17,0.37906356137797187,0.39619052622269324,arima,MOQUEGUA
2014-03-24,0.7581271227559437,0.39889987695443374,arima,MOQUEGUA
2014-03-31,1.1371906841339154,0.45166463274966506,arima,MOQUEGUA
2014-04-07,0.9476589034449295,0.41225544968223476,arima,MOQUEGUA
2014-04-14,0.5685953420669578,0.7875221404655575,arima,MOQUEGUA
2014-04-21,0.5685953420669578,0.6893340245920669,arima,MOQUEGUA
2014-04-28,0.5685953420669578,0.812572211493151,arima,MOQUEGUA
2014-05-05,1.1371906841339157,0.75469553044257,arima,MOQUEGUA
2014-05-12,1.1371906841339157,1.157326101730052,arima,MOQUEGUA
2014-05-19,1.5162542455118875,1.4597196520244113,arima,MOQUEGUA
2014-05-26,1.1371906841339157,1.2262529491973564,arima,MOQUEGUA
2014-06-02,1.5162542455118875,1.292869801035545,arima,MOQUEGUA
2014-06-09,1.1371906841339157,1.5459396089908288,arima,MOQUEGUA
2014-06-16,1.1371906841339157,1.69136001120912,arima,MOQUEGUA
2014-06-23,0.7581271227559437,1.5738628602820128,arima,MOQUEGUA
2014-06-30,0.9476589034449298,1.6111796400355856,arima,MOQUEGUA
2014-07-07,0.9476589034449298,0.8795183139235618,arima,MOQUEGUA
2014-07-14,0.9476589034449298,0.955996247307375,arima,MOQUEGUA
2014-07-21,1.1371906841339157,0.9194852642356064,arima,MOQUEGUA
2014-07-28,1.3267224648229015,0.9212079107103569,arima,MOQUEGUA
2014-08-04,2.463913148956817,1.5268373998484452,arima,MOQUEGUA
2014-08-11,3.411572052401747,1.4765741898451437,arima,MOQUEGUA
2014-08-18,3.7906356137797186,1.4403419959242543,arima,MOQUEGUA
2014-08-25,2.274381368267831,1.4882962846743908,arima,MOQUEGUA
2014-09-01,1.5162542455118875,1.9028966704212882,arima,MOQUEGUA
2014-09-08,0.9476589034449296,1.7189190455634613,arima,MOQUEGUA
2014-09-15,1.7057860262008735,1.9941154081000045,arima,MOQUEGUA
2014-09-22,1.7057860262008735,1.8460498510262928,arima,MOQUEGUA
2014-09-29,1.8953178068898593,2.1090767321492576,arima,MOQUEGUA
2014-10-06,1.3267224648229015,1.7436499877890481,arima,MOQUEGUA
2014-10-13,1.7057860262008733,1.8754575062526961,arima,MOQUEGUA
2014-10-20,1.7057860262008733,1.9042931753101857,arima,MOQUEGUA
2014-10-27,1.895317806889859,1.7812152765674532,arima,MOQUEGUA
2014-11-03,1.8953178068898593,1.620087095739567,arima,MOQUEGUA
2014-11-10,1.5162542455118875,1.7191487033946973,arima,MOQUEGUA
2014-11-17,1.7057860262008733,1.702618645436766,arima,MOQUEGUA
2014-11-24,0.7581271227559437,1.548025426390621,arima,MOQUEGUA
2014-12-01,0.5685953420669577,1.910215379013436,arima,MOQUEGUA
2014-12-08,0.0,1.6750231833964586,arima,MOQUEGUA
2014-12-15,0.18953178068898593,1.7111746900083316,arima,MOQUEGUA
2014-12-22,0.18953178068898593,0.16444713138238057,arima,MOQUEGUA
2014-12-29,1.3267224648229015,0.24183980291439458,arima,MOQUEGUA
2015-01-05,1.511890923942069,0.18800258375677398,arima,MOQUEGUA
2015-01-12,2.261291403558376,0.20208950993606323,arima,MOQUEGUA
2015-01-19,1.3114508393285373,1.6289841095229145,arima,MOQUEGUA
2015-01-26,0.9367505995203839,1.9502352973939703,arima,MOQUEGUA
2015-02-02,0.56205035971223,1.889041913795843,arima,MOQUEGUA
2015-02-09,0.56205035971223,1.8280979514060824,arima,MOQUEGUA
2015-02-16,0.7494004796163068,0.7023114587469008,arima,MOQUEGUA
2015-02-23,0.7494004796163068,0.7236392761312853,arima,MOQUEGUA
2015-03-02,1.12410071942446,0.6624677127512021,arima,MOQUEGUA
2015-03-09,1.1241007194244603,0.703290527641905,arima,MOQUEGUA
2015-03-16,0.7494004796163067,1.297259890361955,arima,MOQUEGUA
2015-03-23,0.7494004796163068,1.0769336868514936,arima,MOQUEGUA
2015-03-30,0.7494004796163067,1.1931893077301985,arima,MOQUEGUA
2015-04-06,0.9367505995203835,1.1674240389727435,arima,MOQUEGUA
2015-04-13,1.1241007194244605,0.7338576077546863,arima,MOQUEGUA
2015-04-20,1.6861510791366907,0.7718008389594567,arima,MOQUEGUA
2015-04-27,2.0608513189448443,0.7969592714569541,arima,MOQUEGUA
2015-05-04,2.060851318944844,0.7667496141299742,arima,MOQUEGUA
2015-05-11,1.873501199040767,2.034958410563652,arima,MOQUEGUA
2015-05-18,1.4988009592326137,2.119384696498252,arima,MOQUEGUA
2015-05-25,0.9367505995203835,2.0612499591068807,arima,MOQUEGUA
2015-06-01,0.7494004796163068,2.0817771327546337,arima,MOQUEGUA
2015-06-08,0.7494004796163068,0.703351393748082,arima,MOQUEGUA
2015-06-15,1.12410071942446,0.7481684481816465,arima,MOQUEGUA
2015-06-22,1.311450839328537,0.7268852787729957,arima,MOQUEGUA
2015-06-29,1.873501199040767,0.7301803025873237,arima,MOQUEGUA
2015-07-06,2.060851318944844,1.889311621259033,arima,MOQUEGUA
2015-07-13,2.248201438848921,2.0764911952795426,arima,MOQUEGUA
2015-07-20,2.4355515587529974,1.9273690575696958,arima,MOQUEGUA
2015-07-27,2.0608513189448443,1.9870213463351758,arima,MOQUEGUA
2015-08-03,1.6861510791366907,2.108826605490163,arima,MOQUEGUA
2015-08-10,1.6861510791366907,1.8456934032011927,arima,MOQUEGUA
2015-08-17,1.311450839328537,2.0320416400637797,arima,MOQUEGUA
2015-08-24,1.3114508393285371,1.962286541302615,arima,MOQUEGUA
2015-08-31,0.7494004796163068,1.0065264303952852,arima,MOQUEGUA
2015-09-07,1.1241007194244605,1.1860411455946356,arima,MOQUEGUA
2015-09-14,1.4988009592326137,1.1334088492389207,arima,MOQUEGUA
2015-09-21,1.6861510791366905,1.12007295999293,arima,MOQUEGUA
2015-09-28,2.060851318944844,1.6811675586533223,arima,MOQUEGUA
2015-10-05,2.060851318944844,1.4802319110311768,arima,MOQUEGUA
2015-10-12,2.060851318944844,1.6331461619171073,arima,MOQUEGUA
2015-10-19,1.4988009592326141,1.5735641904476794,arima,MOQUEGUA
2015-10-26,1.1241007194244605,1.3367587506795229,arima,MOQUEGUA
2015-11-02,1.6861510791366907,1.360336638227418,arima,MOQUEGUA
2015-11-09,2.248201438848921,1.391549609402443,arima,MOQUEGUA
2015-11-16,2.4355515587529974,1.3602439872724352,arima,MOQUEGUA
2015-11-23,2.6229016786570742,2.219031051865033,arima,MOQUEGUA
2015-11-30,2.4355515587529974,2.0799436671832936,arima,MOQUEGUA
2015-12-07,1.8735011990407673,2.249511030991482,arima,MOQUEGUA
2015-12-14,1.1241007194244605,2.1616770754053642,arima,MOQUEGUA
2015-12-21,0.9367505995203839,0.932400222935756,arima,MOQUEGUA
2015-12-28,0.9367505995203839,1.0000622953376808,arima,MOQUEGUA
2016-01-04,0.5599173234910843,1.0058906905313267,arima,MOQUEGUA
2016-01-11,0.5556512510487919,0.9803977840415424,arima,MOQUEGUA
2016-01-18,0.5556512510487919,0.5082670966800579,arima,MOQUEGUA
2016-01-25,0.5556512510487918,0.6471914911524258,arima,MOQUEGUA
2016-02-01,0.3704341673658613,0.5535629881883064,arima,MOQUEGUA
2016-02-08,0.3704341673658613,0.5794391975081501,arima,MOQUEGUA
2016-02-15,0.555651251048792,0.41900948102206365,arima,MOQUEGUA
2016-02-22,0.3704341673658613,0.4297178853756498,arima,MOQUEGUA
2016-02-29,0.37043416736586127,0.4052132794402802,arima,MOQUEGUA
2016-03-07,0.0,0.4205084182247212,arima,MOQUEGUA
2016-03-14,0.9260854184146531,0.014249683395286443,arima,MOQUEGUA
2016-03-21,1.481736669463445,0.0,arima,MOQUEGUA
2016-03-28,1.8521708368293062,0.0,arima,MOQUEGUA
2016-04-04,1.2965195857805143,0.0,arima,MOQUEGUA
2016-04-11,1.2965195857805143,1.2052374795453946,arima,MOQUEGUA
2016-04-18,1.481736669463445,1.4833225070099925,arima,MOQUEGUA
2016-04-25,1.2965195857805143,1.2894609940118542,arima,MOQUEGUA
2016-05-02,1.481736669463445,1.344931249471611,arima,MOQUEGUA
2016-05-09,1.6669537531463756,1.6154024850045448,arima,MOQUEGUA
2016-05-16,2.593039171561028,1.606386654101973,arima,MOQUEGUA
2016-05-23,2.7782562552439587,1.5673864685299277,arima,MOQUEGUA
2016-05-30,2.222605004195167,1.6018205637718195,arima,MOQUEGUA
2016-06-06,1.8521708368293062,1.7399051180348832,arima,MOQUEGUA
2016-06-13,1.6669537531463756,1.6627136229583441,arima,MOQUEGUA
2016-06-20,2.222605004195167,1.8759781093248404,arima,MOQUEGUA
2016-06-27,1.6669537531463756,1.7295954052381628,arima,MOQUEGUA
2016-07-04,1.1113025020975835,1.793089501109931,arima,MOQUEGUA
2016-07-11,1.481736669463445,1.557940032744979,arima,MOQUEGUA
2016-07-18,2.0373879205122365,1.706423214348503,arima,MOQUEGUA
2016-07-25,2.222605004195167,1.6620765332916474,arima,MOQUEGUA
2016-08-01,2.0373879205122365,1.8683259342587828,arima,MOQUEGUA
2016-08-08,1.8521708368293062,1.7221386584546359,arima,MOQUEGUA
2016-08-15,2.0373879205122365,1.9507362885908577,arima,MOQUEGUA
2016-08-22,2.0373879205122365,1.8241528019672553,arima,MOQUEGUA
2016-08-29,2.0373879205122365,2.146311202785519,arima,MOQUEGUA
2016-09-05,2.96347333892689,2.279908891008021,arima,MOQUEGUA
2016-09-12,3.1486904226098207,2.141690644729557,arima,MOQUEGUA
2016-09-19,3.1486904226098207,2.201486286865135,arima,MOQUEGUA
2016-09-26,2.2226050041951675,2.7501910042963864,arima,MOQUEGUA
2016-10-03,1.481736669463445,2.6537039065266166,arima,MOQUEGUA
2016-10-10,0.9260854184146533,2.84611687239154,arima,MOQUEGUA
2016-10-17,0.9260854184146533,2.731053782162549,arima,MOQUEGUA
2016-10-24,1.111302502097584,0.9445870647979144,arima,MOQUEGUA
2016-10-31,1.6669537531463754,1.1024567639707255,arima,MOQUEGUA
2016-11-07,1.2965195857805145,0.9798627147022406,arima,MOQUEGUA
2016-11-14,1.6669537531463756,1.020973359389427,arima,MOQUEGUA
2016-11-21,1.481736669463445,1.5667474632341347,arima,MOQUEGUA
2016-11-28,1.8521708368293062,1.8708049644700173,arima,MOQUEGUA
2016-12-05,1.2965195857805145,1.6748656908492785,arima,MOQUEGUA
2016-12-12,1.481736669463445,1.7233675427496242,arima,MOQUEGUA
2016-12-19,1.6669537531463756,1.388523830137652,arima,MOQUEGUA
2016-12-26,2.407822087878098,1.5593119581193942,arima,MOQUEGUA
2017-01-02,2.4015700687691797,1.4595276870976133,arima,MOQUEGUA
2017-01-09,2.210100965977331,1.4820653646567814,arima,MOQUEGUA
2017-01-16,2.014463850446204,2.0195628445575387,arima,MOQUEGUA
2017-01-23,2.1975969277594953,2.0286635423626365,arima,MOQUEGUA
2017-01-30,2.3807300050727864,2.0764252230129414,arima,MOQUEGUA
2017-02-06,2.3807300050727864,2.038556240422478,arima,MOQUEGUA
2017-02-13,2.563863082386078,2.3489990535040746,arima,MOQUEGUA
2017-02-20,2.563863082386078,2.332099369717469,arima,MOQUEGUA
2017-02-27,2.014463850446204,2.354060744453384,arima,MOQUEGUA
2017-03-06,1.4650646185063303,2.342821324496181,arima,MOQUEGUA
2017-03-13,0.7325323092531653,1.2637789905043457,arima,MOQUEGUA
2017-03-20,1.0987984638797477,1.3125359074031941,arima,MOQUEGUA
2017-03-27,0.7325323092531653,1.3357935568534143,arima,MOQUEGUA
2017-04-03,1.4650646185063303,1.3038400709707616,arima,MOQUEGUA
2017-04-10,1.831330773132913,1.1909015417398157,arima,MOQUEGUA
2017-04-17,3.1132623143259512,1.6255378773974012,arima,MOQUEGUA
2017-04-24,3.1132623143259512,1.368968918868791,arima,MOQUEGUA
2017-05-01,2.3807300050727864,1.4281571419754515,arima,MOQUEGUA
2017-05-08,1.4650646185063303,2.227574177974568,arima,MOQUEGUA
2017-05-15,1.4650646185063303,2.0633827674141805,arima,MOQUEGUA
2017-05-22,1.8313307731329127,2.2278653242090125,arima,MOQUEGUA
2017-05-29,2.197596927759495,2.154237973061787,arima,MOQUEGUA
2017-06-05,2.014463850446204,2.0834226985911584,arima,MOQUEGUA
2017-06-12,2.5638630823860775,1.984791678541525,arima,MOQUEGUA
2017-06-19,3.1132623143259512,2.089370263234212,arima,MOQUEGUA
2017-06-26,3.479528468952534,2.0426656226334354,arima,MOQUEGUA
2017-07-03,3.8457946235791165,3.2564718908245167,arima,MOQUEGUA
2017-07-10,4.028927700892408,3.2564718908245167,arima,MOQUEGUA
2017-07-17,4.395193855518991,3.2564718908245167,arima,MOQUEGUA
2017-07-24,3.479528468952534,3.2564718908245167,arima,MOQUEGUA
2017-07-31,3.8457946235791165,3.441465924074129,arima,MOQUEGUA
2017-08-07,3.2963953916392428,3.1783079854903056,arima,MOQUEGUA
2017-08-14,2.746996159699369,3.3750205102384085,arima,MOQUEGUA
2017-08-21,1.6481976958196214,3.3072902620856675,arima,MOQUEGUA
2017-08-28,2.014463850446204,1.414269882070556,arima,MOQUEGUA
2017-09-04,2.380730005072787,1.3665511270393942,arima,MOQUEGUA
2017-09-11,2.0144638504462042,1.463857476406596,arima,MOQUEGUA
2017-09-18,1.0987984638797477,1.408076200151828,arima,MOQUEGUA
2017-09-25,0.9156653865664565,0.8366215872876904,arima,MOQUEGUA
2017-10-02,1.6481976958196214,0.8770426904689226,arima,MOQUEGUA
2017-10-09,2.563863082386078,0.9219634843447035,arima,MOQUEGUA
2017-10-16,3.6626615462658254,0.877797216813837,arima,MOQUEGUA
2017-10-23,3.6626615462658254,3.7970879795824457,arima,MOQUEGUA
2017-10-30,2.9301292370126606,3.8457946235791165,arima,MOQUEGUA
2017-11-06,2.563863082386078,3.811999090496382,arima,MOQUEGUA
2017-11-13,2.380730005072787,3.8457946235791165,arima,MOQUEGUA
2017-11-20,3.1132623143259512,2.5907305621970496,arima,MOQUEGUA
2017-11-27,2.563863082386078,2.465022798918444,arima,MOQUEGUA
2017-12-04,2.380730005072787,2.4913774528095214,arima,MOQUEGUA
2017-12-11,2.014463850446204,2.508600341777995,arima,MOQUEGUA
2017-12-18,1.831330773132913,2.135609817247712,arima,MOQUEGUA
2017-12-25,1.6481976958196218,2.1355506198988405,arima,MOQUEGUA
2018-01-01,1.988793716617806,2.10090066509651,arima,MOQUEGUA
2018-01-08,2.159091727016898,2.125000663391452,arima,MOQUEGUA
2018-01-15,2.503966103453149,2.305993733749541,arima,MOQUEGUA
2018-01-22,2.146256660102699,2.074600407733075,arima,MOQUEGUA
2018-01-29,2.3251113817779236,2.193328264934973,arima,MOQUEGUA
2018-02-05,2.8616755468035984,2.174591930526047,arima,MOQUEGUA
2018-02-12,2.5039661034531484,3.188613749701716,arima,MOQUEGUA
2018-02-19,2.3251113817779236,3.4361167306574174,arima,MOQUEGUA
2018-02-26,1.2519830517265744,3.166095126572676,arima,MOQUEGUA
2018-03-05,1.4308377734017992,3.2773091310183915,arima,MOQUEGUA
2018-03-12,1.6096924950770244,1.280535789766737,arima,MOQUEGUA
2018-03-19,1.7885472167522491,1.5148483631814986,arima,MOQUEGUA
2018-03-26,2.1462566601026984,1.3936088442794694,arima,MOQUEGUA
2018-04-02,2.5039661034531484,1.4102435942859237,arima,MOQUEGUA
2018-04-09,2.6828208251283727,3.0209424334006907,arima,MOQUEGUA
2018-04-16,2.8616755468035984,2.925543802233998,arima,MOQUEGUA
2018-04-23,2.503966103453149,2.8327716220852848,arima,MOQUEGUA
2018-04-30,2.6828208251283736,2.924167264122843,arima,MOQUEGUA
2018-05-07,2.146256660102699,2.401232923511661,arima,MOQUEGUA
2018-05-14,2.325111381777923,2.5024695534535013,arima,MOQUEGUA
2018-05-21,2.146256660102699,2.5107795100228274,arima,MOQUEGUA
2018-05-28,2.325111381777923,2.4764256104584286,arima,MOQUEGUA
2018-06-04,2.1462566601026984,2.2359502938889175,arima,MOQUEGUA
2018-06-11,1.967401938427474,2.340655658143235,arima,MOQUEGUA
2018-06-18,3.219384990154048,2.293814734781471,arima,MOQUEGUA
2018-06-25,3.040530268478823,2.297499139681353,arima,MOQUEGUA
2018-07-02,3.040530268478823,3.612474792938854,arima,MOQUEGUA
2018-07-09,1.609692495077024,2.7998565747491218,arima,MOQUEGUA
2018-07-16,2.6828208251283736,3.1799868965974425,arima,MOQUEGUA
2018-07-23,3.5770944335044974,3.1280941777915965,arima,MOQUEGUA
2018-07-30,3.934803876854948,3.8457946235791165,arima,MOQUEGUA
2018-08-06,3.5770944335044974,3.8457946235791165,arima,MOQUEGUA
2018-08-13,3.040530268478823,3.8457946235791165,arima,MOQUEGUA
2018-08-20,3.398239711829273,3.8457946235791165,arima,MOQUEGUA
2018-08-27,3.040530268478823,3.132836585459641,arima,MOQUEGUA
2018-09-03,2.8616755468035984,3.3230060429204102,arima,MOQUEGUA
2018-09-10,2.1462566601026984,3.25989980542473,arima,MOQUEGUA
2018-09-17,1.967401938427474,3.251855413037234,arima,MOQUEGUA
2018-09-24,1.967401938427474,1.9010874115867114,arima,MOQUEGUA
2018-10-01,2.3251113817779236,2.0284895716668996,arima,MOQUEGUA
2018-10-08,2.1462566601026984,1.956236069389728,arima,MOQUEGUA
2018-10-15,1.967401938427474,1.97217673720475,arima,MOQUEGUA
2018-10-22,2.3251113817779236,1.8067491835936391,arima,MOQUEGUA
2018-10-29,2.6828208251283736,1.8140832702996466,arima,MOQUEGUA
2018-11-05,3.7559491551797226,1.8506593317781994,arima,MOQUEGUA
2018-11-12,3.7559491551797226,1.8228714986682226,arima,MOQUEGUA
2018-11-19,3.040530268478823,3.882288417422209,arima,MOQUEGUA
2018-11-26,1.9674019384274741,3.8524082389262344,arima,MOQUEGUA
2018-12-03,1.6096924950770244,3.882288417422209,arima,MOQUEGUA
2018-12-10,1.7885472167522494,3.882288417422209,arima,MOQUEGUA
2018-12-17,1.967401938427474,1.9083738848380793,arima,MOQUEGUA
2018-12-24,1.967401938427474,1.906301950861598,arima,MOQUEGUA
2018-12-31,1.7885472167522491,1.8739049280193008,arima,MOQUEGUA
2019-01-07,1.24876937595865,1.8963160782485131,arima,MOQUEGUA
2019-01-14,0.3544957675825256,1.0735454751297684,arima,MOQUEGUA
2019-01-21,0.8782052295365014,0.9685869380223039,arima,MOQUEGUA
2019-01-28,1.2294873213511017,1.083836716676035,arima,MOQUEGUA
2019-02-04,2.458974642702203,1.0341116460648985,arima,MOQUEGUA
2019-02-11,2.283333596794903,1.976699341467685,arima,MOQUEGUA
2019-02-18,2.9858977804241036,2.2059322417342844,arima,MOQUEGUA
2019-02-25,2.6346156886095033,2.1838349130950627,arima,MOQUEGUA
2019-03-04,2.634615688609503,2.1296446009229024,arima,MOQUEGUA
2019-03-11,2.1076925508876028,2.5053277183764746,arima,MOQUEGUA
2019-03-18,2.1076925508876028,2.7696110474400415,arima,MOQUEGUA
2019-03-25,1.7564104590730023,2.6213461630222663,arima,MOQUEGUA
2019-04-01,1.580769413165702,2.6517535352520394,arima,MOQUEGUA
2019-04-08,1.229487321351102,1.495895097799454,arima,MOQUEGUA
2019-04-15,1.2294873213511017,1.4183340428589162,arima,MOQUEGUA
2019-04-22,1.0538462754438018,1.49150424762624,arima,MOQUEGUA
2019-04-29,1.0538462754438018,1.4620244582662527,arima,MOQUEGUA
2019-05-06,1.7564104590730025,0.9149646488622966,arima,MOQUEGUA
2019-05-13,2.458974642702203,0.9834994850211102,arima,MOQUEGUA
2019-05-20,2.8102567345168037,0.9709292774021767,arima,MOQUEGUA
2019-05-27,3.161538826331404,0.9620798259808677,arima,MOQUEGUA
2019-06-03,2.6346156886095033,3.452303171629411,arima,MOQUEGUA
2019-06-10,2.8102567345168032,3.8686926826335393,arima,MOQUEGUA
2019-06-17,2.8102567345168037,3.5063021381064328,arima,MOQUEGUA
2019-06-24,2.9858977804241036,3.637203844711686,arima,MOQUEGUA
2019-07-01,3.8641030099606044,2.9286069272468462,arima,MOQUEGUA
2019-07-08,4.039744055867904,2.636374863909914,arima,MOQUEGUA
2019-07-15,4.215385101775205,2.843243453710459,arima,MOQUEGUA
2019-07-22,3.3371798722387034,2.777383059099679,arima,MOQUEGUA
2019-07-29,2.8102567345168032,3.0609754874586197,arima,MOQUEGUA
2019-08-05,2.8102567345168032,3.120395209085743,arima,MOQUEGUA
2019-08-12,4.039744055867904,3.154660731640834,arima,MOQUEGUA
2019-08-19,4.742308239497105,3.115860732055919,arima,MOQUEGUA
2019-08-26,5.093590331311705,4.111756884689901,arima,MOQUEGUA
2019-09-02,3.6884619640533036,4.111756884689901,arima,MOQUEGUA
2019-09-09,3.1615388263314035,4.111756884689901,arima,MOQUEGUA
2019-09-16,2.6346156886095033,4.111756884689901,arima,MOQUEGUA
2019-09-23,2.6346156886095033,2.599659423629867,arima,MOQUEGUA
2019-09-30,2.2833335967949027,2.532449964709039,arima,MOQUEGUA
2019-10-07,2.8102567345168032,2.5857152284133877,arima,MOQUEGUA
2019-10-14,2.9858977804241036,2.569776711111047,arima,MOQUEGUA
2019-10-21,3.5128209181460037,3.3519843946941705,arima,MOQUEGUA
2019-10-28,3.161538826331404,3.171844413298188,arima,MOQUEGUA
2019-11-04,2.2833335967949027,3.1813469070402043,arima,MOQUEGUA
2019-11-11,2.2833335967949027,3.2254912294343834,arima,MOQUEGUA
2019-11-18,2.4589746427022035,2.164715692269555,arima,MOQUEGUA
2019-11-25,3.161538826331404,2.492598302412837,arima,MOQUEGUA
2019-12-02,2.458974642702203,2.3184205231261545,arima,MOQUEGUA
2019-12-09,2.458974642702203,2.326816763300287,arima,MOQUEGUA
2019-12-16,2.8102567345168032,2.3521805957450357,arima,MOQUEGUA
2019-12-23,3.1615388263314035,2.598303140466192,arima,MOQUEGUA
2019-12-30,2.458974642702203,2.4756519418533633,arima,MOQUEGUA
2020-01-06,1.921265537255083,2.471692905512459,arima,MOQUEGUA
2020-01-13,2.080727631574554,1.8032268868419743,arima,MOQUEGUA
2020-01-20,1.7294455397599535,1.8906041717094493,arima,MOQUEGUA
2020-01-27,1.7294455397599535,1.8808292421632544,arima,MOQUEGUA
2020-02-03,1.9023900937359486,1.8536323699192208,arima,MOQUEGUA
2020-02-10,2.767112863615925,2.268817188789873,arima,MOQUEGUA
2020-02-17,2.767112863615925,2.328444287839018,arima,MOQUEGUA
2020-02-24,1.7294455397599533,2.146770642404612,arima,MOQUEGUA
2020-03-02,1.9023900937359486,2.2351326568807384,arima,MOQUEGUA
2020-03-09,1.5565009857839582,1.944224131755722,arima,MOQUEGUA
2020-03-16,2.767112863615925,2.32431988740273,arima,MOQUEGUA
2020-03-23,1.7294455397599535,2.0684716716900797,arima,MOQUEGUA
2020-03-30,1.7294455397599535,2.076965596819045,arima,MOQUEGUA
2020-04-06,0.6917782159039817,1.2915256787230354,arima,MOQUEGUA
2020-04-13,0.8647227698799771,1.4645611671040633,arima,MOQUEGUA
2020-04-20,0.8647227698799771,1.5023583074712683,arima,MOQUEGUA
2020-04-27,0.8647227698799771,1.4144257441846542,arima,MOQUEGUA
2020-05-04,1.7294455397599533,0.7557272899376498,arima,MOQUEGUA
2020-05-11,1.9023900937359486,0.6741219996532772,arima,MOQUEGUA
2020-05-18,1.9023900937359486,0.7635972336219745,arima,MOQUEGUA
2020-05-25,0.8647227698799771,0.732021134696515,arima,MOQUEGUA
2020-06-01,0.8647227698799771,0.7263018552419821,arima,MOQUEGUA
2020-06-08,1.2106118778319677,0.744119987670413,arima,MOQUEGUA
2020-06-15,2.421223755663935,0.7795676429490314,arima,MOQUEGUA
2020-06-22,2.2482792016879394,0.7491925113163161,arima,MOQUEGUA
2020-06-29,2.2482792016879394,2.3620294505822033,arima,MOQUEGUA
2020-07-06,2.2482792016879394,1.9488063943609015,arima,MOQUEGUA
2020-07-13,2.59416830963993,2.175681132692518,arima,MOQUEGUA
2020-07-20,5.442849227010499,2.1657193604549225,arima,MOQUEGUA
2020-07-27,7.6911284286984385,4.537510752950026,arima,MOQUEGUA
2020-08-03,9.939407630386377,4.537510752950026,arima,MOQUEGUA
2020-08-10,9.939407630386377,4.537510752950026,arima,MOQUEGUA
2020-08-17,9.766463076410382,4.537510752950026,arima,MOQUEGUA
2020-08-24,9.0746848605064,8.542015634260387,arima,MOQUEGUA
2020-08-31,7.609560374943793,8.542015634260387,arima,MOQUEGUA
2020-09-07,5.707170281207845,8.542015634260387,arima,MOQUEGUA
2020-09-14,4.323613849399883,8.542015634260387,arima,MOQUEGUA
2020-09-21,4.323613849399883,3.7445089503770137,arima,MOQUEGUA
2020-09-28,3.6318356334959017,3.609846134915642,arima,MOQUEGUA
2020-10-05,4.150669295423888,3.8813152311148857,arima,MOQUEGUA
2020-10-12,2.59416830963993,3.770805060282397,arima,MOQUEGUA
2020-10-19,2.075334647711944,2.4961839567840087,arima,MOQUEGUA
2020-10-26,1.0376673238559724,2.1763326131015166,arima,MOQUEGUA
2020-11-02,0.8647227698799771,2.3875321513336076,arima,MOQUEGUA
2020-11-09,1.0376673238559717,2.3732140600948637,arima,MOQUEGUA
2020-11-16,1.2106118778319677,1.2404415114409924,arima,MOQUEGUA
2020-11-23,1.5565009857839582,1.362482353983594,arima,MOQUEGUA
2020-11-30,2.4212237556639344,1.2228638252094746,arima,MOQUEGUA
2020-12-07,2.2482792016879394,1.2552826247810123,arima,MOQUEGUA
2020-12-14,2.940057417591921,2.3852870582111416,arima,MOQUEGUA
2020-12-21,3.8047801874718967,1.832043319333363,arima,MOQUEGUA
2020-12-28,5.534225727231849,2.055758101563199,arima,MOQUEGUA
2021-01-04,7.053897856361801,2.146106160710785,arima,MOQUEGUA
2021-01-11,8.052569920231178,6.355363429080525,arima,MOQUEGUA
2021-01-18,9.517694405793785,6.636409736058246,arima,MOQUEGUA
2021-01-25,8.834581803220159,6.772527653446672,arima,MOQUEGUA
2021-02-01,8.151469200646531,6.588449550496193,arima,MOQUEGUA
2021-02-08,5.806457121875828,7.982076126036474,arima,MOQUEGUA
2021-02-15,3.927897464798354,8.33074298818538,arima,MOQUEGUA
2021-02-22,2.561672259651101,8.184193188259417,arima,MOQUEGUA
2021-03-01,3.7571193141549473,8.159911305888906,arima,MOQUEGUA
2021-03-08,3.5863411635115408,4.363138849063752,arima,MOQUEGUA
2021-03-15,2.903228560937914,5.076774996426477,arima,MOQUEGUA
2021-03-22,0.6831126025736273,4.459830802139701,arima,MOQUEGUA
2021-03-29,1.1954470545038471,4.612141218428224,arima,MOQUEGUA
2021-04-05,3.927897464798354,1.3306384692132922,arima,MOQUEGUA
2021-04-12,7.297578447429498,1.9463676762636162,arima,MOQUEGUA
2021-04-19,8.663803652576751,1.5635417800933353,arima,MOQUEGUA
2021-04-26,8.663803652576751,1.497536921568212,arima,MOQUEGUA
2021-05-03,8.663803652576751,9.619689560746595,arima,MOQUEGUA
2021-05-10,8.663803652576751,9.619689560746595,arima,MOQUEGUA
2021-05-17,8.493025501933344,9.619689560746595,arima,MOQUEGUA
2021-05-24,8.493025501933344,9.619689560746595,arima,MOQUEGUA
2021-05-31,9.984146827487015,9.364238446581085,arima,MOQUEGUA
2021-06-07,9.471812375556794,8.299221956011632,arima,MOQUEGUA
2021-06-14,7.468356598072904,8.350994766971816,arima,MOQUEGUA
2021-06-21,5.294122669945607,8.80084475317928,arima,MOQUEGUA
2021-06-28,4.098675615441761,4.167423115849584,arima,MOQUEGUA
2021-07-05,3.2447848622247277,4.141950532149703,arima,MOQUEGUA
2021-07-12,2.561672259651101,4.621686865267745,arima,MOQUEGUA
2021-07-19,2.7324504102945073,4.437401627704292,arima,MOQUEGUA
2021-07-26,2.390894109007694,2.8840028209896915,arima,MOQUEGUA
2021-08-02,3.0740067115813203,3.4702303846806566,arima,MOQUEGUA
2021-08-09,3.2447848622247277,3.152721124691029,arima,MOQUEGUA
2021-08-16,3.7571193141549473,3.020773896480368,arima,MOQUEGUA
2021-08-23,3.2447848622247277,4.104257610482232,arima,MOQUEGUA
2021-08-30,2.2201159583642878,3.870898917553583,arima,MOQUEGUA
2021-09-06,1.8785596570774743,3.813627267605283,arima,MOQUEGUA
2021-09-13,1.1954470545038476,3.9354128959143595,arima,MOQUEGUA
2021-09-20,1.5370033557906606,1.0556221778102906,arima,MOQUEGUA
2021-09-27,1.1954470545038474,0.8417630717421072,arima,MOQUEGUA
2021-10-04,1.7077815064340676,0.9734309432080915,arima,MOQUEGUA
2021-10-11,1.0246689038604406,1.0049440738183555,arima,MOQUEGUA
2021-10-18,1.5370033557906606,0.8972366892542177,arima,MOQUEGUA
2021-10-25,1.5370033557906606,0.7559142936405111,arima,MOQUEGUA
2021-11-01,2.04933780772088,0.8608557487558661,arima,MOQUEGUA
2021-11-08,1.8785596570774736,0.8727043900206468,arima,MOQUEGUA
2021-11-15,1.3662252051472539,1.8546579696994643,arima,MOQUEGUA
2021-11-22,1.0246689038604406,1.854575075798992,arima,MOQUEGUA
2021-11-29,1.0246689038604406,1.8607853098515068,arima,MOQUEGUA
2021-12-06,2.561672259651101,1.8577467684731144,arima,MOQUEGUA
2021-12-13,3.074006711581321,3.5616588524634754,arima,MOQUEGUA
2021-12-20,2.903228560937914,4.175848343844711,arima,MOQUEGUA
2021-12-27,1.3662252051472539,3.5258507428084664,arima,MOQUEGUA
2022-01-03,1.0190817927735496,3.601797592972013,arima,MOQUEGUA
2022-01-10,1.691020173173394,0.9286405383332055,arima,MOQUEGUA
2022-01-17,2.1959051436544264,0.9743454735258809,arima,MOQUEGUA
2022-01-24,2.0269893633733163,0.9838243891356694,arima,MOQUEGUA
2022-01-31,3.5472313859033036,0.964929555228314,arima,MOQUEGUA
2022-02-07,4.222894507027742,4.148822554182342,arima,MOQUEGUA
2022-02-14,5.405304968995509,5.578623930263996,arima,MOQUEGUA
2022-02-21,3.378315605622193,4.677346249842974,arima,MOQUEGUA
2022-02-28,2.871568264778864,4.448921130731991,arima,MOQUEGUA
2022-03-07,2.0269893633733163,2.9796632905465312,arima,MOQUEGUA
2022-03-14,2.1959051436544264,3.1667498710744013,arima,MOQUEGUA
2022-03-21,2.026989363373316,3.0463891584178278,arima,MOQUEGUA
2022-03-28,1.5202420225299875,3.0196566295885123,arima,MOQUEGUA
2022-04-04,2.0269893633733163,1.2680152235993247,arima,MOQUEGUA
2022-04-11,1.8580735830922066,1.020091660802754,arima,MOQUEGUA
2022-04-18,2.0269893633733163,1.2013182421500843,arima,MOQUEGUA
2022-04-25,1.5202420225299875,1.2342652901291062,arima,MOQUEGUA
2022-05-02,1.5202420225299875,1.2914225262761683,arima,MOQUEGUA
2022-05-09,1.5202420225299875,1.384308550392626,arima,MOQUEGUA
2022-05-16,1.3513262422488779,1.4472341295174342,arima,MOQUEGUA
2022-05-23,1.0134946816866586,1.38169183502055,arima,MOQUEGUA
2022-05-30,1.1824104619677682,0.9595618664079517,arima,MOQUEGUA
2022-06-06,1.3513262422488779,1.012259149619057,arima,MOQUEGUA
2022-06-13,2.533736704216645,1.0140041666857869,arima,MOQUEGUA
2022-06-20,2.533736704216645,0.9916663645136489,arima,MOQUEGUA
2022-06-27,2.0269893633733163,2.7544635684104355,arima,MOQUEGUA
2022-07-04,1.0134946816866586,2.3739186559797916,arima,MOQUEGUA
2022-07-11,1.1824104619677682,2.450747666216129,arima,MOQUEGUA
2022-07-18,1.5202420225299875,2.549925414438934,arima,MOQUEGUA
2022-07-25,2.5337367042166457,1.8289042047740378,arima,MOQUEGUA
2022-08-01,1.8580735830922068,1.6926858124147797,arima,MOQUEGUA
2022-08-08,1.8580735830922066,1.6418868301750547,arima,MOQUEGUA
2022-08-15,1.0134946816866586,1.708719627490316,arima,MOQUEGUA
2022-08-22,1.5202420225299869,0.9767574422302596,arima,MOQUEGUA
2022-08-29,1.3513262422488779,0.8187190169084173,arima,MOQUEGUA
2022-09-05,1.0134946816866586,0.8967343720191563,arima,MOQUEGUA
2022-09-12,0.6756631211244392,0.9103587684314574,arima,MOQUEGUA
2022-09-19,0.506747340843329,0.5414451397027742,arima,MOQUEGUA
2022-09-26,0.506747340843329,0.660434362377507,arima,MOQUEGUA
2022-10-03,0.8445789014055488,0.6443655976699519,arima,MOQUEGUA
2022-10-10,1.0134946816866586,0.6166435155467311,arima,MOQUEGUA
2022-10-17,1.5202420225299875,1.2601958776706148,arima,MOQUEGUA
2022-10-24,1.3513262422488779,1.151687079651532,arima,MOQUEGUA
2022-10-31,1.8580735830922066,1.1259457577674317,arima,MOQUEGUA
2022-11-07,1.1824104619677682,1.16973534160824,arima,MOQUEGUA
2022-11-14,1.1824104619677682,1.1178051773821274,arima,MOQUEGUA
2022-11-21,0.6756631211244392,0.8381571258169346,arima,MOQUEGUA
2022-11-28,4.216122254398989,0.985388034272105,arima,MOQUEGUA
2022-12-05,7.41874982711132,0.9869964123446724,arima,MOQUEGUA
2022-12-12,10.62137739982365,9.837370343540544,arima,MOQUEGUA
2022-12-19,7.24983404683021,9.428093195437295,arima,MOQUEGUA
2022-12-26,3.8782906938367696,9.235576127948212,arima,MOQUEGUA
2023-01-02,1.3414143511245273,9.837370343540544,arima,MOQUEGUA
2023-01-09,2.008817562978674,1.2535225320330192,arima,MOQUEGUA
2023-01-16,2.1744293795516665,1.596904240301391,arima,MOQUEGUA
2023-01-23,1.505374185843462,2.633829652610526,arima,MOQUEGUA
2023-01-30,1.3381103874164104,2.8267589857853292,arima,MOQUEGUA
2023-02-06,1.3381103874164104,1.307580365440284,arima,MOQUEGUA
2023-02-13,1.3381103874164104,1.5295741202088593,arima,MOQUEGUA
2023-02-20,0.8363189921352566,1.599636841794772,arima,MOQUEGUA
2023-02-27,0.8363189921352566,1.6421028505397701,arima,MOQUEGUA
2023-03-06,0.5017913952811542,0.810138350620311,arima,MOQUEGUA
2023-03-13,0.8363189921352568,1.0036617033450892,arima,MOQUEGUA
2023-03-20,1.003582790562308,0.9979597707860517,arima,MOQUEGUA
2023-03-27,1.3381103874164104,1.0345938746337593,arima,MOQUEGUA
2023-04-03,1.1708465889893593,1.1803835811441883,arima,MOQUEGUA
2023-04-10,1.505374185843462,1.1430068469110355,arima,MOQUEGUA
2023-04-17,2.0071655811246156,0.9909146904036641,arima,MOQUEGUA
2023-04-24,2.174429379551667,1.048108507651571,arima,MOQUEGUA
2023-05-01,2.341693177978718,2.0182183697400435,arima,MOQUEGUA
2023-05-08,2.5089569764057695,1.8165849820197608,arima,MOQUEGUA
2023-05-15,3.0107483716869226,1.7396959927222977,arima,MOQUEGUA
2023-05-22,3.3452759685410256,1.7761715366105915,arima,MOQUEGUA
2023-05-29,2.8434845732598717,3.3977161666664504,arima,MOQUEGUA
2023-06-05,2.6762207748328204,3.197917381595712,arima,MOQUEGUA
2023-06-12,2.0071655811246156,3.068894586330958,arima,MOQUEGUA
2023-06-19,2.1744293795516665,3.02710665658384,arima,MOQUEGUA
2023-06-26,2.174429379551667,2.189984603171741,arima,MOQUEGUA
2023-07-03,2.5089569764057695,2.4986836841314206,arima,MOQUEGUA
2023-07-10,2.508956976405769,2.4187268539795945,arima,MOQUEGUA
2023-07-17,2.5089569764057695,2.452654960947289,arima,MOQUEGUA
2023-07-24,2.1744293795516665,2.3469694537020365,arima,MOQUEGUA
2023-07-31,2.5089569764057695,2.348041405653639,arima,MOQUEGUA
2023-08-07,2.341693177978718,2.326307322299593,arima,MOQUEGUA
2023-08-14,2.8434845732598717,2.393452857911188,arima,MOQUEGUA
2023-08-21,2.6762207748328204,2.752699144894581,arima,MOQUEGUA
2023-08-28,3.1780121701139747,2.906037494452569,arima,MOQUEGUA
2023-09-04,2.6762207748328204,2.6685527723904716,arima,MOQUEGUA
2023-09-11,2.508956976405769,2.7279019888384046,arima,MOQUEGUA
2023-09-18,2.1744293795516665,2.2143849910285507,arima,MOQUEGUA
2023-09-25,2.1744293795516665,2.373843573066768,arima,MOQUEGUA
2023-10-02,2.0071655811246156,2.398094664118286,arima,MOQUEGUA
2023-10-09,1.839901782697564,2.550171155033398,arima,MOQUEGUA
2023-10-16,1.672637984270513,1.7557825690791031,arima,MOQUEGUA
2023-10-23,1.672637984270513,1.7981283140695175,arima,MOQUEGUA
2023-10-30,2.174429379551667,1.8544901614959157,arima,MOQUEGUA
2023-11-06,2.5089569764057695,1.896743825107707,arima,MOQUEGUA
2023-11-13,2.5089569764057695,2.6233424182800373,arima,MOQUEGUA
2023-11-20,1.505374185843462,2.4164988642199945,arima,MOQUEGUA
2023-11-27,1.839901782697564,2.2923451365308214,arima,MOQUEGUA
2023-12-04,1.672637984270513,2.2229827523182832,arima,MOQUEGUA
