date,actual,predicted,model,region
2010-12-27,1.7406552254737662,1.9243209,lstm,AREQUIPA
2011-01-03,2.1464828581136604,1.8461666,lstm,AREQUIPA
2011-01-10,2.345191853045073,1.8476273,lstm,AREQUIPA
2011-01-17,1.9076663360916097,1.7705394,lstm,AREQUIPA
2011-01-24,1.7508718427142174,1.7434227,lstm,AREQUIPA
2011-01-31,1.7508718427142174,1.8966695,lstm,AREQUIPA
2011-02-07,1.9337987516545085,1.9661086,lstm,AREQUIPA
2011-02-14,1.8554015049658126,1.9777534,lstm,AREQUIPA
2011-02-21,2.012195998343205,1.8704883,lstm,AREQUIPA
2011-02-28,2.299652569535091,1.9112381,lstm,AREQUIPA
2011-03-07,2.064460829469003,1.9456235,lstm,AREQUIPA
2011-03-14,1.9599311672174073,1.9255791,lstm,AREQUIPA
2011-03-21,1.9076663360916097,1.910144,lstm,AREQUIPA
2011-03-28,2.587109140726978,1.8516304,lstm,AREQUIPA
2011-04-04,2.456447062912484,1.7564604,lstm,AREQUIPA
2011-04-11,2.665506387415674,1.8183404,lstm,AREQUIPA
2011-04-18,2.456447062912484,2.2567015,lstm,AREQUIPA
2011-04-25,2.5087118940382815,2.2664773,lstm,AREQUIPA
2011-05-02,2.5087118940382815,2.283043,lstm,AREQUIPA
2011-05-09,2.1167256605948,2.4057515,lstm,AREQUIPA
2011-05-16,1.9599311672174073,2.1748345,lstm,AREQUIPA
2011-05-23,1.7247394271513183,2.0362322,lstm,AREQUIPA
2011-05-30,2.0644608294690023,2.3064733,lstm,AREQUIPA
2011-06-06,2.4564470629124835,1.8752149,lstm,AREQUIPA
2011-06-13,2.4041822317866863,2.28453,lstm,AREQUIPA
2011-06-20,2.53484430960118,2.0325303,lstm,AREQUIPA
2011-06-27,3.188154698673649,2.1390464,lstm,AREQUIPA
2011-07-04,3.3972140231768395,2.3615577,lstm,AREQUIPA
2011-07-11,3.2926843609252443,2.5659418,lstm,AREQUIPA
2011-07-18,2.6132415562898763,2.6655583,lstm,AREQUIPA
2011-07-25,2.5609767251640787,2.7040606,lstm,AREQUIPA
2011-08-01,2.665506387415674,2.6449766,lstm,AREQUIPA
2011-08-08,2.9006981274817627,2.763661,lstm,AREQUIPA
2011-08-15,3.083625036422054,2.7591631,lstm,AREQUIPA
2011-08-22,3.2404195297994463,2.7848802,lstm,AREQUIPA
2011-08-29,3.554008516554232,2.7763424,lstm,AREQUIPA
2011-09-05,3.5278761009913335,2.5037088,lstm,AREQUIPA
2011-09-12,3.371081607613941,2.5060606,lstm,AREQUIPA
2011-09-19,3.1358898675478515,2.4614964,lstm,AREQUIPA
2011-09-26,3.3710816076139403,2.4540396,lstm,AREQUIPA
2011-10-03,3.527876100991333,2.328036,lstm,AREQUIPA
2011-10-10,3.318816776488143,2.4529915,lstm,AREQUIPA
2011-10-17,3.527876100991333,2.3763433,lstm,AREQUIPA
2011-10-24,3.7892002566203207,2.4996736,lstm,AREQUIPA
2011-10-31,3.606273347680029,2.631892,lstm,AREQUIPA
2011-11-07,2.926830543044661,2.332567,lstm,AREQUIPA
2011-11-14,2.6916388029785723,1.9254802,lstm,AREQUIPA
2011-11-21,3.1358898675478515,1.916067,lstm,AREQUIPA
2011-11-28,3.0836250364220543,2.326008,lstm,AREQUIPA
2011-12-05,2.4825794784753827,2.2964563,lstm,AREQUIPA
2011-12-12,2.0383284139061035,2.2190678,lstm,AREQUIPA
2011-12-19,2.2212553228463947,2.25814,lstm,AREQUIPA
2011-12-26,2.32578498509799,1.9345262,lstm,AREQUIPA
2012-01-02,2.3340424025734827,1.9486898,lstm,AREQUIPA
2012-01-09,2.0062766931976515,1.9844304,lstm,AREQUIPA
2012-01-16,2.0412829054804362,2.111827,lstm,AREQUIPA
2012-01-23,2.092314978117447,1.7280092,lstm,AREQUIPA
2012-01-30,2.3985074139395124,1.7265364,lstm,AREQUIPA
2012-02-06,2.2198951597099748,1.8009876,lstm,AREQUIPA
2012-02-13,2.194379123391469,1.668186,lstm,AREQUIPA
2012-02-20,2.577119668169051,2.0084324,lstm,AREQUIPA
2012-02-27,2.857796067672611,2.1957734,lstm,AREQUIPA
2012-03-05,2.781247958717094,2.221211,lstm,AREQUIPA
2012-03-12,2.3219593049839964,2.1932576,lstm,AREQUIPA
2012-03-19,2.3985074139395124,2.3526618,lstm,AREQUIPA
2012-03-26,2.8322800313541054,2.2884963,lstm,AREQUIPA
2012-04-02,2.6281517408060613,2.441374,lstm,AREQUIPA
2012-04-09,2.5005715592135345,2.3508084,lstm,AREQUIPA
2012-04-16,1.9392187602064146,2.490002,lstm,AREQUIPA
2012-04-23,2.194379123391469,2.5653934,lstm,AREQUIPA
2012-04-30,2.270927232346985,2.4914348,lstm,AREQUIPA
2012-05-07,2.9598602129466323,2.3805952,lstm,AREQUIPA
2012-05-14,3.674309229864786,2.5783725,lstm,AREQUIPA
2012-05-21,3.699825266183291,2.6340442,lstm,AREQUIPA
2012-05-28,3.4191488666797305,2.6350286,lstm,AREQUIPA
2012-06-04,2.8322800313541054,2.775911,lstm,AREQUIPA
2012-06-11,2.908828140309622,2.763892,lstm,AREQUIPA
2012-06-18,2.602635704487556,2.8287776,lstm,AREQUIPA
2012-06-25,2.2964432686654908,2.7823591,lstm,AREQUIPA
2012-07-02,2.117831014435953,2.7913358,lstm,AREQUIPA
2012-07-09,2.7302158860800834,3.040785,lstm,AREQUIPA
2012-07-16,2.934344176628127,3.041027,lstm,AREQUIPA
2012-07-23,3.1384724671761703,3.016514,lstm,AREQUIPA
2012-07-30,2.628151740806062,3.072802,lstm,AREQUIPA
2012-08-06,2.5516036318505457,3.1452181,lstm,AREQUIPA
2012-08-13,2.449539486576523,3.1933208,lstm,AREQUIPA
2012-08-20,2.3474753413025016,3.1566427,lstm,AREQUIPA
2012-08-27,2.3219593049839964,3.0648718,lstm,AREQUIPA
2012-09-03,2.092314978117447,2.3106568,lstm,AREQUIPA
2012-09-10,2.066798941798942,2.4934864,lstm,AREQUIPA
2012-09-17,1.8881866875694036,2.549521,lstm,AREQUIPA
2012-09-24,1.9392187602064144,2.2809396,lstm,AREQUIPA
2012-10-01,1.6585423607028542,2.322683,lstm,AREQUIPA
2012-10-08,1.5054461427918218,2.321305,lstm,AREQUIPA
2012-10-15,1.301317852243778,2.15086,lstm,AREQUIPA
2012-10-22,1.352349924880789,2.2188947,lstm,AREQUIPA
2012-10-29,1.2758018159252729,1.9954414,lstm,AREQUIPA
2012-11-05,1.4799301064733161,2.102206,lstm,AREQUIPA
2012-11-12,1.5564782154288326,2.0726314,lstm,AREQUIPA
2012-11-19,1.7861225422953817,1.8840276,lstm,AREQUIPA
2012-11-26,1.96473479652492,1.7983701,lstm,AREQUIPA
2012-12-03,2.3474753413025016,1.8537546,lstm,AREQUIPA
2012-12-10,2.24541119602848,1.7326661,lstm,AREQUIPA
2012-12-17,1.862670651250898,1.8755283,lstm,AREQUIPA
2012-12-24,1.5819942517473382,1.5460262,lstm,AREQUIPA
2012-12-31,1.9902508328434252,1.5466003,lstm,AREQUIPA
2013-01-07,2.1037196749464067,1.5138612,lstm,AREQUIPA
2013-01-14,2.164980499454915,1.3936044,lstm,AREQUIPA
2013-01-21,2.019173171021724,1.5470884,lstm,AREQUIPA
2013-01-28,2.1936696179001447,1.6095141,lstm,AREQUIPA
2013-02-04,2.1936696179001447,1.4591585,lstm,AREQUIPA
2013-02-11,2.0191731710217242,1.4759915,lstm,AREQUIPA
2013-02-18,1.7698925326239803,2.1244373,lstm,AREQUIPA
2013-02-25,1.5455399580660112,2.084674,lstm,AREQUIPA
2013-03-04,1.4956838303864626,1.5274676,lstm,AREQUIPA
2013-03-11,1.5704680219057856,1.8535227,lstm,AREQUIPA
2013-03-18,1.4707557665466882,1.864842,lstm,AREQUIPA
2013-03-25,1.4458277027069137,2.0898256,lstm,AREQUIPA
2013-04-01,1.420899638867139,2.027916,lstm,AREQUIPA
2013-04-08,1.6203241495853342,2.330343,lstm,AREQUIPA
2013-04-15,1.395971575027365,2.200461,lstm,AREQUIPA
2013-04-22,1.346115447347816,2.0396855,lstm,AREQUIPA
2013-04-29,1.2214751281489442,1.9775422,lstm,AREQUIPA
2013-05-06,1.5206118942262368,2.1992104,lstm,AREQUIPA
2013-05-13,1.7449644687842063,0.64451253,lstm,AREQUIPA
2013-05-20,2.143813490220596,1.9183582,lstm,AREQUIPA
2013-05-27,2.418022192458114,1.808164,lstm,AREQUIPA
2013-06-03,2.5426625116569856,2.710795,lstm,AREQUIPA
2013-06-10,2.79194315005473,2.4530885,lstm,AREQUIPA
2013-06-17,2.6673028308558577,2.521095,lstm,AREQUIPA
2013-06-24,2.492806383977437,2.2911725,lstm,AREQUIPA
2013-07-01,2.1438134902205963,2.4319532,lstm,AREQUIPA
2013-07-08,2.1188854263808214,2.2207577,lstm,AREQUIPA
2013-07-15,1.944388979502401,2.2417488,lstm,AREQUIPA
2013-07-22,2.143813490220596,2.1844988,lstm,AREQUIPA
2013-07-29,2.143813490220596,2.255856,lstm,AREQUIPA
2013-08-05,2.343238000938791,2.4407408,lstm,AREQUIPA
2013-08-12,2.5675905754967605,2.3526924,lstm,AREQUIPA
2013-08-19,2.2933818732592424,2.1970928,lstm,AREQUIPA
2013-08-26,1.944388979502401,2.1718895,lstm,AREQUIPA
2013-09-02,1.5206118942262368,2.2587457,lstm,AREQUIPA
2013-09-09,1.6701802772648833,2.165699,lstm,AREQUIPA
2013-09-16,2.0939573625410475,2.0826476,lstm,AREQUIPA
2013-09-23,2.093957362541047,2.1079843,lstm,AREQUIPA
2013-09-30,2.1687415540603703,1.9806064,lstm,AREQUIPA
2013-10-07,2.1936696179001447,1.9272723,lstm,AREQUIPA
2013-10-14,2.069029298701273,1.9135964,lstm,AREQUIPA
2013-10-21,1.9693170433421756,1.985958,lstm,AREQUIPA
2013-10-28,1.7200364049444314,1.8646209,lstm,AREQUIPA
2013-11-04,1.6951083411046575,1.7407148,lstm,AREQUIPA
2013-11-11,1.6951083411046575,1.7923601,lstm,AREQUIPA
2013-11-18,1.6951083411046575,1.7536775,lstm,AREQUIPA
2013-11-25,1.545539958066011,1.5946448,lstm,AREQUIPA
2013-12-02,1.3710435111875905,1.74591,lstm,AREQUIPA
2013-12-09,1.271331255828493,1.59449,lstm,AREQUIPA
2013-12-16,1.346115447347816,1.5143893,lstm,AREQUIPA
2013-12-23,1.2962593196682672,1.7432194,lstm,AREQUIPA
2013-12-30,1.2962593196682672,1.7291474,lstm,AREQUIPA
2014-01-06,1.188124785800328,1.7739701,lstm,AREQUIPA
2014-01-13,1.594495828824886,1.7792157,lstm,AREQUIPA
2014-01-20,1.9493262884681268,1.7583234,lstm,AREQUIPA
2014-01-27,2.4122912819793068,1.6751814,lstm,AREQUIPA
2014-02-03,2.168625495920791,1.7181691,lstm,AREQUIPA
2014-02-10,1.6325607665920563,1.6873922,lstm,AREQUIPA
2014-02-17,1.2670620875042824,1.801029,lstm,AREQUIPA
2014-02-24,1.1452291944750244,1.7381918,lstm,AREQUIPA
2014-03-03,1.242695508898431,1.8875325,lstm,AREQUIPA
2014-03-10,1.2183289302925793,1.696092,lstm,AREQUIPA
2014-03-17,1.1695957730808761,1.8272319,lstm,AREQUIPA
2014-03-24,1.1939623516867277,1.7928741,lstm,AREQUIPA
2014-03-31,1.169595773080876,1.6975429,lstm,AREQUIPA
2014-04-07,1.3645284019276887,1.9569052,lstm,AREQUIPA
2014-04-14,1.5107278735627983,1.5714942,lstm,AREQUIPA
2014-04-21,1.413261559139392,1.5924615,lstm,AREQUIPA
2014-04-28,1.291428666110134,1.703919,lstm,AREQUIPA
2014-05-05,1.1695957730808761,1.7664489,lstm,AREQUIPA
2014-05-12,1.2183289302925793,1.5024847,lstm,AREQUIPA
2014-05-19,1.3157952447159857,1.5800993,lstm,AREQUIPA
2014-05-26,1.3645284019276887,1.4835715,lstm,AREQUIPA
2014-06-02,1.5107278735627983,1.4971604,lstm,AREQUIPA
2014-06-09,1.583827609380353,1.9909029,lstm,AREQUIPA
2014-06-16,1.583827609380353,2.236282,lstm,AREQUIPA
2014-06-23,1.4376281377452436,2.0691924,lstm,AREQUIPA
2014-06-30,1.2670620875042824,2.1860569,lstm,AREQUIPA
2014-07-07,1.3157952447159857,2.1500692,lstm,AREQUIPA
2014-07-14,1.7300270810154625,2.55067,lstm,AREQUIPA
2014-07-21,2.3148249675559005,2.5505602,lstm,AREQUIPA
2014-07-28,2.7290568038553773,2.0269961,lstm,AREQUIPA
2014-08-04,2.4122912819793068,1.9291964,lstm,AREQUIPA
2014-08-11,2.655957068037823,1.9216832,lstm,AREQUIPA
2014-08-18,2.5584907536144166,1.9393767,lstm,AREQUIPA
2014-08-25,3.0701889043373,1.8864595,lstm,AREQUIPA
2014-09-01,2.509757596402713,1.7455684,lstm,AREQUIPA
2014-09-08,2.241725231738346,1.1903764,lstm,AREQUIPA
2014-09-15,2.1929920745266425,2.2864854,lstm,AREQUIPA
2014-09-22,2.3879247033734554,0.99478567,lstm,AREQUIPA
2014-09-29,2.6803236466436737,2.0858676,lstm,AREQUIPA
2014-10-06,2.3391915461617523,2.036466,lstm,AREQUIPA
2014-10-13,1.9736928670739786,2.06987,lstm,AREQUIPA
2014-10-20,1.6812939238037592,1.9540579,lstm,AREQUIPA
2014-10-27,1.7056605024096108,1.7655427,lstm,AREQUIPA
2014-11-03,1.754393659621314,1.8649173,lstm,AREQUIPA
2014-11-10,1.583827609380353,1.8740412,lstm,AREQUIPA
2014-11-17,1.5107278735627983,1.8114294,lstm,AREQUIPA
2014-11-24,1.2426955088984308,1.8395663,lstm,AREQUIPA
2014-12-01,1.53509445216865,1.8204057,lstm,AREQUIPA
2014-12-08,1.5107278735627983,1.7857789,lstm,AREQUIPA
2014-12-15,1.9005931312564235,1.7699808,lstm,AREQUIPA
2014-12-22,1.7300270810154625,1.599952,lstm,AREQUIPA
2014-12-29,2.1929920745266425,1.584535,lstm,AREQUIPA
2015-01-05,2.2017929502078726,1.6371452,lstm,AREQUIPA
2015-01-12,2.2614739766076504,1.5617309,lstm,AREQUIPA
2015-01-19,2.097025060164364,1.6199538,lstm,AREQUIPA
2015-01-26,1.9540460787895209,1.4217966,lstm,AREQUIPA
2015-02-02,2.0017057392478015,1.7026649,lstm,AREQUIPA
2015-02-09,1.6442582858106942,1.6284283,lstm,AREQUIPA
2015-02-16,1.6680881160398346,2.029204,lstm,AREQUIPA
2015-02-23,1.4536196439775704,2.0004706,lstm,AREQUIPA
2015-03-02,1.5251091346649917,2.0314791,lstm,AREQUIPA
2015-03-09,1.4774494742067106,1.9586867,lstm,AREQUIPA
2015-03-16,1.3821301532901487,1.6339699,lstm,AREQUIPA
2015-03-23,1.4297898137484297,1.5998229,lstm,AREQUIPA
2015-03-30,1.3821301532901487,1.560377,lstm,AREQUIPA
2015-04-06,1.6919179462689753,1.6383699,lstm,AREQUIPA
2015-04-13,1.5965986253524134,1.3638337,lstm,AREQUIPA
2015-04-20,1.5251091346649919,1.3911731,lstm,AREQUIPA
2015-04-27,1.3344704928318676,1.3550893,lstm,AREQUIPA
2015-05-04,1.5489389648941323,1.4094265,lstm,AREQUIPA
2015-05-11,1.4774494742067106,1.5456883,lstm,AREQUIPA
2015-05-18,1.334470492831868,1.5877612,lstm,AREQUIPA
2015-05-25,1.1914915114570246,1.7547755,lstm,AREQUIPA
2015-06-01,1.5251091346649917,1.6935155,lstm,AREQUIPA
2015-06-08,1.6204284555815536,1.9908917,lstm,AREQUIPA
2015-06-15,1.715747776498116,1.8610442,lstm,AREQUIPA
2015-06-22,1.8825565881020994,2.0092125,lstm,AREQUIPA
2015-06-29,2.2400040415392066,2.0276387,lstm,AREQUIPA
2015-07-06,2.38298302291405,2.1063104,lstm,AREQUIPA
2015-07-13,2.1208548903935043,2.0220828,lstm,AREQUIPA
2015-07-20,2.1446847206226445,1.9676245,lstm,AREQUIPA
2015-07-27,1.9540460787895206,2.049419,lstm,AREQUIPA
2015-08-03,2.097025060164364,2.2247877,lstm,AREQUIPA
2015-08-10,2.025535569476942,2.3598092,lstm,AREQUIPA
2015-08-17,2.001705739247802,2.3892853,lstm,AREQUIPA
2015-08-24,2.1446847206226445,2.3294528,lstm,AREQUIPA
2015-08-31,1.90638641833124,2.0776362,lstm,AREQUIPA
2015-09-07,1.8348969276438183,2.076787,lstm,AREQUIPA
2015-09-14,1.5251091346649917,2.1110575,lstm,AREQUIPA
2015-09-21,1.6919179462689753,1.9897118,lstm,AREQUIPA
2015-09-28,1.7157477764981157,1.8214222,lstm,AREQUIPA
2015-10-05,2.073195229935223,1.8300304,lstm,AREQUIPA
2015-10-12,2.073195229935223,1.8486294,lstm,AREQUIPA
2015-10-19,2.1446847206226445,1.8126805,lstm,AREQUIPA
2015-10-26,1.8587267578729587,1.7065686,lstm,AREQUIPA
2015-11-02,1.8348969276438183,1.7654665,lstm,AREQUIPA
2015-11-09,1.9778759090186613,1.8396922,lstm,AREQUIPA
2015-11-16,1.9302162485603802,1.7196671,lstm,AREQUIPA
2015-11-23,2.025535569476942,1.7579485,lstm,AREQUIPA
2015-11-30,1.9540460787895206,1.8264159,lstm,AREQUIPA
2015-12-07,1.9063864183312396,1.7143365,lstm,AREQUIPA
2015-12-14,1.5012793044358512,1.866865,lstm,AREQUIPA
2015-12-21,1.1914915114570246,1.6794623,lstm,AREQUIPA
2015-12-28,0.6672352464159337,1.9494022,lstm,AREQUIPA
2016-01-04,0.9636691533760189,1.7363406,lstm,AREQUIPA
2016-01-11,1.1424947421925638,1.7319727,lstm,AREQUIPA
2016-01-18,2.005194853644092,1.7564161,lstm,AREQUIPA
2016-01-25,1.865297538273574,1.6952472,lstm,AREQUIPA
2016-02-01,2.1684083882430296,1.6039253,lstm,AREQUIPA
2016-02-08,1.981878634415672,1.6264592,lstm,AREQUIPA
2016-02-15,2.3782543612988065,1.583749,lstm,AREQUIPA
2016-02-22,2.4015705805272263,1.3845357,lstm,AREQUIPA
2016-02-29,2.4948354574409053,1.4685054,lstm,AREQUIPA
2016-03-07,2.471519238212485,1.5218571,lstm,AREQUIPA
2016-03-14,2.2150408266998687,1.8683392,lstm,AREQUIPA
2016-03-21,1.772032661359895,1.6212044,lstm,AREQUIPA
2016-03-28,1.562186688304118,1.5172207,lstm,AREQUIPA
2016-04-04,1.562186688304118,1.7149749,lstm,AREQUIPA
2016-04-11,1.911929976730413,1.5752144,lstm,AREQUIPA
2016-04-18,1.8419813190451542,1.6569579,lstm,AREQUIPA
2016-04-25,1.562186688304118,1.6197244,lstm,AREQUIPA
2016-05-02,1.5155542498472787,1.659165,lstm,AREQUIPA
2016-05-09,1.5855029075325378,1.5729753,lstm,AREQUIPA
2016-05-16,2.0751435113293506,1.5280836,lstm,AREQUIPA
2016-05-23,2.2849894843851275,1.7283883,lstm,AREQUIPA
2016-05-30,2.494835457440905,1.7961857,lstm,AREQUIPA
2016-06-06,2.5881003343545834,1.9513627,lstm,AREQUIPA
2016-06-13,3.217638253521915,1.9977643,lstm,AREQUIPA
2016-06-20,3.8704923919176655,2.1243856,lstm,AREQUIPA
2016-06-27,4.546662749541835,2.1950426,lstm,AREQUIPA
2016-07-04,4.779824941826033,1.9417075,lstm,AREQUIPA
2016-07-11,4.8031411610544525,1.9114407,lstm,AREQUIPA
2016-07-18,4.243551899572381,2.0416737,lstm,AREQUIPA
2016-07-25,3.7772275150039873,2.1059349,lstm,AREQUIPA
2016-08-01,3.2409544727503348,2.2270799,lstm,AREQUIPA
2016-08-08,3.427484226577692,2.1653647,lstm,AREQUIPA
2016-08-15,3.4508004458061117,2.175428,lstm,AREQUIPA
2016-08-22,3.3575355688924327,2.0729754,lstm,AREQUIPA
2016-08-29,2.8445787458672,2.142763,lstm,AREQUIPA
2016-09-05,2.564784115126164,2.0736558,lstm,AREQUIPA
2016-09-12,2.4015705805272263,2.0256832,lstm,AREQUIPA
2016-09-19,2.3782543612988065,2.0633163,lstm,AREQUIPA
2016-09-26,2.12177594978619,1.8638271,lstm,AREQUIPA
2016-10-03,2.1217759497861906,1.8560476,lstm,AREQUIPA
2016-10-10,1.9585624151872525,1.7278426,lstm,AREQUIPA
2016-10-17,1.981878634415672,1.7669593,lstm,AREQUIPA
2016-10-24,1.8652975382735735,1.9072237,lstm,AREQUIPA
2016-10-31,1.9585624151872523,1.780616,lstm,AREQUIPA
2016-11-07,2.12177594978619,1.9530159,lstm,AREQUIPA
2016-11-14,2.2849894843851275,1.9403536,lstm,AREQUIPA
2016-11-21,2.284989484385128,2.0129752,lstm,AREQUIPA
2016-11-28,2.14509216901461,1.8178333,lstm,AREQUIPA
2016-12-05,2.2616732651567077,1.8414367,lstm,AREQUIPA
2016-12-12,2.401570580527226,1.7603229,lstm,AREQUIPA
2016-12-19,2.4482030189840653,1.8815141,lstm,AREQUIPA
2016-12-26,2.4248867997556456,1.7573464,lstm,AREQUIPA
2017-01-02,2.2721990932886396,1.7404652,lstm,AREQUIPA
2017-01-09,1.9810898858084023,1.56373,lstm,AREQUIPA
2017-01-16,1.6889968020899735,1.7435613,lstm,AREQUIPA
2017-01-23,1.8259424887459172,1.7598258,lstm,AREQUIPA
2017-01-30,2.2139552676044247,1.6043514,lstm,AREQUIPA
2017-02-06,2.1226581431671288,1.6195594,lstm,AREQUIPA
2017-02-13,2.054185299839157,1.712912,lstm,AREQUIPA
2017-02-20,1.9400638942925372,1.5936307,lstm,AREQUIPA
2017-02-27,1.9628881754018612,1.6775905,lstm,AREQUIPA
2017-03-06,1.7118210831992975,1.6190192,lstm,AREQUIPA
2017-03-13,1.8259424887459172,1.6228139,lstm,AREQUIPA
2017-03-20,2.1683067053857767,1.624438,lstm,AREQUIPA
2017-03-27,2.2824281109323965,1.5508133,lstm,AREQUIPA
2017-04-03,1.8715910509645648,1.599579,lstm,AREQUIPA
2017-04-10,1.8259424887459172,1.6073129,lstm,AREQUIPA
2017-04-17,2.054185299839157,1.6765002,lstm,AREQUIPA
2017-04-24,2.054185299839157,1.7100207,lstm,AREQUIPA
2017-05-01,1.917239613183213,1.6846993,lstm,AREQUIPA
2017-05-08,1.8259424887459172,1.6894642,lstm,AREQUIPA
2017-05-15,1.9857124565111854,1.2824639,lstm,AREQUIPA
2017-05-22,2.2139552676044247,1.1856973,lstm,AREQUIPA
2017-05-29,2.4878466409163127,2.2202184,lstm,AREQUIPA
2017-06-05,2.6704408897909038,2.451941,lstm,AREQUIPA
2017-06-12,2.487846640916312,2.3888276,lstm,AREQUIPA
2017-06-19,2.1454824242764525,2.4263754,lstm,AREQUIPA
2017-06-26,1.917239613183213,2.4869933,lstm,AREQUIPA
2017-07-03,2.328076673151044,2.6865127,lstm,AREQUIPA
2017-07-10,2.6704408897909038,2.6883473,lstm,AREQUIPA
2017-07-17,2.967156544212115,2.67464,lstm,AREQUIPA
2017-07-24,2.921507981993468,2.7938762,lstm,AREQUIPA
2017-07-31,2.807386576446848,2.1994855,lstm,AREQUIPA
2017-08-07,2.921507981993468,2.1909502,lstm,AREQUIPA
2017-08-14,3.058453668649411,2.2084565,lstm,AREQUIPA
2017-08-21,3.241047917524003,2.4308016,lstm,AREQUIPA
2017-08-28,2.8758594197748195,2.638541,lstm,AREQUIPA
2017-09-04,2.6704408897909038,2.6172729,lstm,AREQUIPA
2017-09-11,2.601968046462932,2.3794818,lstm,AREQUIPA
2017-09-18,2.556319484244284,2.4905815,lstm,AREQUIPA
2017-09-25,2.236779548713748,2.2488444,lstm,AREQUIPA
2017-10-02,2.145482424276452,2.291611,lstm,AREQUIPA
2017-10-09,2.1454824242764525,2.1557293,lstm,AREQUIPA
2017-10-16,2.1226581431671288,2.1264536,lstm,AREQUIPA
2017-10-23,2.1226581431671288,1.9532026,lstm,AREQUIPA
2017-10-30,2.1454824242764525,1.8625613,lstm,AREQUIPA
2017-11-06,2.373725235369692,1.858435,lstm,AREQUIPA
2017-11-13,2.1911309864951005,1.8676754,lstm,AREQUIPA
2017-11-20,2.328076673151044,1.9274801,lstm,AREQUIPA
2017-11-27,2.1226581431671288,1.9677142,lstm,AREQUIPA
2017-12-04,2.2139552676044243,2.0135455,lstm,AREQUIPA
2017-12-11,2.2824281109323965,1.8915813,lstm,AREQUIPA
2017-12-18,2.2367795487137485,2.1322246,lstm,AREQUIPA
2017-12-25,2.41937379758834,2.0300138,lstm,AREQUIPA
2018-01-01,2.1814840714207016,2.060205,lstm,AREQUIPA
2018-01-08,1.985695155077693,2.0554256,lstm,AREQUIPA
2018-01-15,1.5165216871933704,2.1580117,lstm,AREQUIPA
2018-01-22,1.5165216871933704,2.0455735,lstm,AREQUIPA
2018-01-29,1.6798394073526566,1.9558879,lstm,AREQUIPA
2018-02-05,1.9598126419114326,1.9179665,lstm,AREQUIPA
2018-02-12,1.8898193332717386,1.7259368,lstm,AREQUIPA
2018-02-19,2.1464614649506166,1.7219455,lstm,AREQUIPA
2018-02-26,2.029805950551127,1.6102339,lstm,AREQUIPA
2018-03-05,2.449765802389291,1.7372972,lstm,AREQUIPA
2018-03-12,2.333110287989801,1.7322416,lstm,AREQUIPA
2018-03-19,2.473096905269189,1.7251192,lstm,AREQUIPA
2018-03-26,2.0764681563109226,1.6292461,lstm,AREQUIPA
2018-04-02,2.0531370534310245,1.755027,lstm,AREQUIPA
2018-04-09,2.193123670710413,1.7688252,lstm,AREQUIPA
2018-04-16,2.4964280081490866,1.7794964,lstm,AREQUIPA
2018-04-23,2.449765802389291,1.8666077,lstm,AREQUIPA
2018-04-30,2.216454773590311,1.8323439,lstm,AREQUIPA
2018-05-07,1.959812641911433,2.1423476,lstm,AREQUIPA
2018-05-14,1.8431571275119427,1.974963,lstm,AREQUIPA
2018-05-21,1.9598126419114328,1.9889286,lstm,AREQUIPA
2018-05-28,2.519759111028985,2.0681086,lstm,AREQUIPA
2018-06-04,3.0097122715068436,2.5693626,lstm,AREQUIPA
2018-06-11,3.2663544031857215,2.6214294,lstm,AREQUIPA
2018-06-18,3.0097122715068436,2.6474445,lstm,AREQUIPA
2018-06-25,2.9163878599872515,2.7632124,lstm,AREQUIPA
2018-07-02,3.219692197425926,2.4497013,lstm,AREQUIPA
2018-07-09,3.6396520492640896,1.9036423,lstm,AREQUIPA
2018-07-16,4.409578444300725,2.261896,lstm,AREQUIPA
2018-07-23,4.10627410686205,1.8575071,lstm,AREQUIPA
2018-07-30,4.1995985183816416,3.284236,lstm,AREQUIPA
2018-08-06,3.9896185924625596,2.2120903,lstm,AREQUIPA
2018-08-13,4.036280798222356,2.5494206,lstm,AREQUIPA
2018-08-20,3.966287489582662,2.3832915,lstm,AREQUIPA
2018-08-27,3.3830099175852113,3.0835788,lstm,AREQUIPA
2018-09-03,3.2663544031857215,2.7750883,lstm,AREQUIPA
2018-09-10,2.893056757107353,2.8588982,lstm,AREQUIPA
2018-09-17,3.0797055801465376,2.5388215,lstm,AREQUIPA
2018-09-24,2.706407934068169,2.456053,lstm,AREQUIPA
2018-10-01,2.3797724937495968,2.4702883,lstm,AREQUIPA
2018-10-08,2.1231303620707185,2.3022666,lstm,AREQUIPA
2018-10-15,2.356441390869699,2.2737525,lstm,AREQUIPA
2018-10-22,2.706407934068169,2.2666209,lstm,AREQUIPA
2018-10-29,2.916387859987251,2.1945553,lstm,AREQUIPA
2018-11-05,2.8463945513475566,2.2580261,lstm,AREQUIPA
2018-11-12,2.7764012427078626,2.1946597,lstm,AREQUIPA
2018-11-19,2.356441390869698,1.9772546,lstm,AREQUIPA
2018-11-26,2.4264346995093926,2.2436454,lstm,AREQUIPA
2018-12-03,2.2397858764702083,2.3500574,lstm,AREQUIPA
2018-12-10,2.636414625428475,2.3182595,lstm,AREQUIPA
2018-12-17,2.473096905269189,2.2498095,lstm,AREQUIPA
2018-12-24,2.3797724937495968,2.2291374,lstm,AREQUIPA
2018-12-31,2.1697925678305148,2.2158144,lstm,AREQUIPA
2019-01-07,2.266988159778081,2.1619914,lstm,AREQUIPA
2019-01-14,2.546826120142376,2.1880062,lstm,AREQUIPA
2019-01-21,2.4124277352720145,2.147572,lstm,AREQUIPA
2019-01-28,2.3441514786133717,2.3631818,lstm,AREQUIPA
2019-02-04,1.8662176820028786,2.2060504,lstm,AREQUIPA
2019-02-11,1.5248363987096691,1.950898,lstm,AREQUIPA
2019-02-18,1.5475951509292163,1.973165,lstm,AREQUIPA
2019-02-25,1.661388912026953,2.0080502,lstm,AREQUIPA
2019-03-04,1.9117351864419732,1.9769453,lstm,AREQUIPA
2019-03-11,2.0710464519788045,1.8289149,lstm,AREQUIPA
2019-03-18,2.1165639564178993,1.8001373,lstm,AREQUIPA
2019-03-25,2.184840213076541,2.0170496,lstm,AREQUIPA
2019-04-01,1.8889764342224262,1.9569005,lstm,AREQUIPA
2019-04-08,1.9117351864419734,1.9133385,lstm,AREQUIPA
2019-04-15,1.9572526908810681,1.9145627,lstm,AREQUIPA
2019-04-22,2.0027701953201626,1.9160824,lstm,AREQUIPA
2019-04-29,2.4351864874915616,1.9912323,lstm,AREQUIPA
2019-05-06,2.5034627441502035,2.5503821,lstm,AREQUIPA
2019-05-13,2.7310502663456773,2.1294422,lstm,AREQUIPA
2019-05-20,2.5717390008088454,2.5600939,lstm,AREQUIPA
2019-05-27,2.913120284102055,2.251065,lstm,AREQUIPA
2019-06-03,3.0951903018584335,2.7613225,lstm,AREQUIPA
2019-06-10,3.391054080712548,2.9155438,lstm,AREQUIPA
2019-06-17,3.3455365762734535,2.8018188,lstm,AREQUIPA
2019-06-24,3.846229125103495,2.913771,lstm,AREQUIPA
2019-07-01,3.8007116206644,3.2736642,lstm,AREQUIPA
2019-07-08,4.210369160616252,3.3205924,lstm,AREQUIPA
2019-07-15,4.528991691689915,3.257666,lstm,AREQUIPA
2019-07-22,4.870372974983124,3.3392637,lstm,AREQUIPA
2019-07-29,5.006925488300408,3.328285,lstm,AREQUIPA
2019-08-05,4.392439178372631,3.6218538,lstm,AREQUIPA
2019-08-12,4.142092903957611,3.6238365,lstm,AREQUIPA
2019-08-19,3.664159107347117,3.4212315,lstm,AREQUIPA
2019-08-26,3.3227778240539076,3.3966663,lstm,AREQUIPA
2019-09-02,3.368295328493002,3.1738873,lstm,AREQUIPA
2019-09-09,3.3682953284930015,2.9849646,lstm,AREQUIPA
2019-09-16,3.5276065940298333,2.858046,lstm,AREQUIPA
2019-09-23,3.3910540807125487,2.9842749,lstm,AREQUIPA
2019-09-30,3.3682953284930015,2.9740944,lstm,AREQUIPA
2019-10-07,3.4593303373711906,2.6592386,lstm,AREQUIPA
2019-10-14,3.1407078062975287,2.5536168,lstm,AREQUIPA
2019-10-21,2.4807039919306564,2.5819337,lstm,AREQUIPA
2019-10-28,2.480703991930657,2.3701098,lstm,AREQUIPA
2019-11-04,2.867602779662961,2.5442874,lstm,AREQUIPA
2019-11-11,3.6414003551275695,2.3369079,lstm,AREQUIPA
2019-11-18,3.436571585151644,2.3134415,lstm,AREQUIPA
2019-11-25,2.9813965407606973,2.2364914,lstm,AREQUIPA
2019-12-02,2.5262214963697516,2.2085285,lstm,AREQUIPA
2019-12-09,2.1620814608569945,2.1327648,lstm,AREQUIPA
2019-12-16,2.412427735272015,2.3148596,lstm,AREQUIPA
2019-12-23,2.3441514786133726,2.3258865,lstm,AREQUIPA
2019-12-30,2.1393227086374473,2.312181,lstm,AREQUIPA
2020-01-06,1.4936029849431207,2.3449688,lstm,AREQUIPA
2020-01-13,1.1214867973861264,1.8668315,lstm,AREQUIPA
2020-01-20,1.135272378555907,1.7639393,lstm,AREQUIPA
2020-01-27,1.7585591746258167,2.140608,lstm,AREQUIPA
2020-02-03,2.1147230580943366,2.040199,lstm,AREQUIPA
2020-02-10,2.359585727978944,2.1252315,lstm,AREQUIPA
2020-02-17,1.8476001454929465,2.2160387,lstm,AREQUIPA
2020-02-24,1.8921206309265113,2.1590786,lstm,AREQUIPA
2020-03-02,1.9366411163600763,2.1015427,lstm,AREQUIPA
2020-03-09,1.869860388209729,1.9647691,lstm,AREQUIPA
2020-03-16,1.602737475608339,2.0450923,lstm,AREQUIPA
2020-03-23,1.3801350484405142,2.4281247,lstm,AREQUIPA
2020-03-30,1.224313349423037,2.2760184,lstm,AREQUIPA
2020-04-06,0.9349301941048646,2.0057125,lstm,AREQUIPA
2020-04-13,0.6010265533531272,1.9878436,lstm,AREQUIPA
2020-04-20,0.4674650970524323,1.992107,lstm,AREQUIPA
2020-04-27,0.5342458252027797,2.0486996,lstm,AREQUIPA
2020-05-04,0.7345880096538221,2.0897074,lstm,AREQUIPA
2020-05-11,0.9794506795384295,2.1030467,lstm,AREQUIPA
2020-05-18,0.9794506795384296,2.2881546,lstm,AREQUIPA
2020-05-25,0.8458892232377345,2.3204935,lstm,AREQUIPA
2020-06-01,0.8013687378041695,2.671342,lstm,AREQUIPA
2020-06-08,1.2688338348566015,2.7847075,lstm,AREQUIPA
2020-06-15,1.8698603882097284,2.789861,lstm,AREQUIPA
2020-06-22,2.2037640289614657,2.7922645,lstm,AREQUIPA
2020-06-29,2.648968883297116,2.5897248,lstm,AREQUIPA
2020-07-06,3.7619810191362397,2.603177,lstm,AREQUIPA
2020-07-13,5.075335339426407,2.5660014,lstm,AREQUIPA
2020-07-20,5.965745048097706,2.5126805,lstm,AREQUIPA
2020-07-27,5.676361892779535,2.673872,lstm,AREQUIPA
2020-08-03,5.89896431994736,1.982219,lstm,AREQUIPA
2020-08-10,5.587320921912404,2.4579427,lstm,AREQUIPA
2020-08-17,5.498279951045274,2.902463,lstm,AREQUIPA
2020-08-24,5.030814853992841,2.6856859,lstm,AREQUIPA
2020-08-31,5.075335339426407,2.8655279,lstm,AREQUIPA
2020-09-07,5.253417281160666,3.0105996,lstm,AREQUIPA
2020-09-14,4.5856099996571915,3.1844745,lstm,AREQUIPA
2020-09-21,3.6506798055523273,3.19483,lstm,AREQUIPA
2020-09-28,2.693489368730681,3.2883134,lstm,AREQUIPA
2020-10-05,2.3818459706957262,3.2392435,lstm,AREQUIPA
2020-10-12,2.3595857279789434,2.7861552,lstm,AREQUIPA
2020-10-19,2.626708640580333,2.8446398,lstm,AREQUIPA
2020-10-26,3.2722556793670248,2.6003604,lstm,AREQUIPA
2020-11-02,3.4948581065348505,2.2590756,lstm,AREQUIPA
2020-11-09,3.2945159220838076,2.683404,lstm,AREQUIPA
2020-11-16,2.9160917958985055,2.4212725,lstm,AREQUIPA
2020-11-23,2.7157496114474626,2.510342,lstm,AREQUIPA
2020-11-30,2.893831553181723,2.3461494,lstm,AREQUIPA
2020-12-07,3.027393009482418,2.31667,lstm,AREQUIPA
2020-12-14,3.2945159220838076,2.5061142,lstm,AREQUIPA
2020-12-21,3.4948581065348505,2.4703877,lstm,AREQUIPA
2020-12-28,3.249995436650243,2.4047713,lstm,AREQUIPA
2021-01-04,3.577602918321624,2.3978922,lstm,AREQUIPA
2021-01-11,3.7292595330197256,2.297269,lstm,AREQUIPA
2021-01-18,4.104797219742241,2.3452907,lstm,AREQUIPA
2021-01-25,4.868988191502764,2.283481,lstm,AREQUIPA
2021-02-01,5.91702152420291,2.2849023,lstm,AREQUIPA
2021-02-08,5.938855551967496,2.4285834,lstm,AREQUIPA
2021-02-15,5.262000691265318,2.2458568,lstm,AREQUIPA
2021-02-22,4.301303469623518,2.414249,lstm,AREQUIPA
2021-03-01,4.541477775033968,2.3147166,lstm,AREQUIPA
2021-03-08,4.475975691740209,2.191994,lstm,AREQUIPA
2021-03-15,4.606979858327727,2.549333,lstm,AREQUIPA
2021-03-22,4.301303469623517,1.9283277,lstm,AREQUIPA
2021-03-29,3.995627080919308,2.164939,lstm,AREQUIPA
2021-04-05,3.8864569420963764,4.150636,lstm,AREQUIPA
2021-04-12,3.973793053154722,3.9508865,lstm,AREQUIPA
2021-04-19,4.192133330800585,3.9634593,lstm,AREQUIPA
2021-04-26,4.58514583056314,3.603547,lstm,AREQUIPA
2021-05-03,5.37117083008825,2.797242,lstm,AREQUIPA
2021-05-10,6.310034023965464,2.8985672,lstm,AREQUIPA
2021-05-17,6.288199996200878,3.0178998,lstm,AREQUIPA
2021-05-24,6.637544440434261,2.859406,lstm,AREQUIPA
2021-05-31,6.746714579257193,4.4859023,lstm,AREQUIPA
2021-06-07,7.336233328901025,4.659962,lstm,AREQUIPA
2021-06-14,6.986888884667643,4.1744914,lstm,AREQUIPA
2021-06-21,6.244531940671706,4.082602,lstm,AREQUIPA
2021-06-28,5.2838347190299055,3.7266157,lstm,AREQUIPA
2021-07-05,4.410473608446449,3.8723972,lstm,AREQUIPA
2021-07-12,3.7772868032734443,4.2329106,lstm,AREQUIPA
2021-07-19,3.1222659703358526,4.3251615,lstm,AREQUIPA
2021-07-26,2.6419173595149523,4.3421016,lstm,AREQUIPA
2021-08-02,2.161568748694052,4.1196885,lstm,AREQUIPA
2021-08-09,1.9650624988127745,3.8443239,lstm,AREQUIPA
2021-08-16,2.0305645821065332,3.9698493,lstm,AREQUIPA
2021-08-23,2.05239860987112,3.515135,lstm,AREQUIPA
2021-08-30,2.0960666654002926,3.999696,lstm,AREQUIPA
2021-09-06,1.7030541656377378,3.5055094,lstm,AREQUIPA
2021-09-13,1.6593861101085647,3.4190252,lstm,AREQUIPA
2021-09-20,1.50654791575646,2.472582,lstm,AREQUIPA
2021-09-27,1.572049999050219,2.447088,lstm,AREQUIPA
2021-10-04,1.4847138879918738,2.3150826,lstm,AREQUIPA
2021-10-11,1.462879860227287,2.3896065,lstm,AREQUIPA
2021-10-18,1.6375520823439782,1.8821571,lstm,AREQUIPA
2021-10-25,1.6593861101085647,1.9393934,lstm,AREQUIPA
2021-11-01,1.8122243044606696,1.9673169,lstm,AREQUIPA
2021-11-08,1.9868965265773604,2.0322678,lstm,AREQUIPA
2021-11-15,2.947593748219162,2.0148344,lstm,AREQUIPA
2021-11-22,3.0567638870420937,2.0446427,lstm,AREQUIPA
2021-11-29,2.685585415044125,1.9719867,lstm,AREQUIPA
2021-12-06,1.6593861101085647,1.8197116,lstm,AREQUIPA
2021-12-13,1.5283819435210464,1.9781468,lstm,AREQUIPA
2021-12-20,1.4410458324627011,2.0523257,lstm,AREQUIPA
2021-12-27,1.681220137873151,1.9397763,lstm,AREQUIPA
2022-01-03,1.6490201757265674,2.076332,lstm,AREQUIPA
2022-01-10,2.0711116381843726,2.0686944,lstm,AREQUIPA
2022-01-17,1.887609175668202,1.8252797,lstm,AREQUIPA
2022-01-24,1.9090592799371588,2.0467496,lstm,AREQUIPA
2022-01-31,1.737458445785504,1.688246,lstm,AREQUIPA
2022-02-07,2.402411678123167,2.0761929,lstm,AREQUIPA
2022-02-14,2.7885135549643905,2.0889251,lstm,AREQUIPA
2022-02-21,2.809963659233347,2.0020978,lstm,AREQUIPA
2022-02-28,2.295161156778382,1.8831396,lstm,AREQUIPA
2022-03-07,1.9948596970129866,2.037297,lstm,AREQUIPA
2022-03-14,2.0377599055509,2.0200288,lstm,AREQUIPA
2022-03-21,2.1450104268956847,2.0468764,lstm,AREQUIPA
2022-03-28,2.3166112610473393,1.8984782,lstm,AREQUIPA
2022-04-04,2.2522609482404685,1.8984399,lstm,AREQUIPA
2022-04-11,2.0592100098198567,1.9555339,lstm,AREQUIPA
2022-04-18,2.0377599055509,1.9615741,lstm,AREQUIPA
2022-04-25,1.9948596970129866,1.9537865,lstm,AREQUIPA
2022-05-02,1.9519594884750726,2.823949,lstm,AREQUIPA
2022-05-09,1.8876091756682023,2.7700398,lstm,AREQUIPA
2022-05-16,2.1235603226267274,3.4437106,lstm,AREQUIPA
2022-05-23,2.3595114695852533,2.9711416,lstm,AREQUIPA
2022-05-30,2.2737110525094253,3.2360783,lstm,AREQUIPA
2022-06-06,2.2737110525094253,2.9199002,lstm,AREQUIPA
2022-06-13,2.6169127208127354,2.888183,lstm,AREQUIPA
2022-06-20,3.024464701922915,3.255729,lstm,AREQUIPA
2022-06-27,2.8528638677712603,2.8873298,lstm,AREQUIPA
2022-07-04,2.745613346426476,3.1780553,lstm,AREQUIPA
2022-07-11,2.616912720812735,3.2858784,lstm,AREQUIPA
2022-07-18,2.809963659233347,3.5467439,lstm,AREQUIPA
2022-07-25,2.4453118866610803,3.0297446,lstm,AREQUIPA
2022-08-01,2.552562408005865,3.201188,lstm,AREQUIPA
2022-08-08,2.4453118866610803,3.0873175,lstm,AREQUIPA
2022-08-15,2.681263033619606,3.0075212,lstm,AREQUIPA
2022-08-22,2.2308108439715117,2.718549,lstm,AREQUIPA
2022-08-29,2.1664605311646414,2.9024916,lstm,AREQUIPA
2022-09-05,1.9305093842061158,2.4392729,lstm,AREQUIPA
2022-09-12,2.059210009819857,2.5802424,lstm,AREQUIPA
2022-09-19,2.1450104268956847,2.6982143,lstm,AREQUIPA
2022-09-26,2.059210009819857,2.5774941,lstm,AREQUIPA
2022-10-03,1.951959488475073,2.4132318,lstm,AREQUIPA
2022-10-10,1.7589085500544612,3.1506631,lstm,AREQUIPA
2022-10-17,1.9519594884750726,2.4668353,lstm,AREQUIPA
2022-10-24,1.9519594884750726,2.3722112,lstm,AREQUIPA
2022-10-31,1.909059279937159,2.5035217,lstm,AREQUIPA
2022-11-07,1.7374584457855045,2.4020684,lstm,AREQUIPA
2022-11-14,1.8447089671302885,1.9431604,lstm,AREQUIPA
2022-11-21,1.9734095927440294,1.9458257,lstm,AREQUIPA
2022-11-28,2.145010426895684,1.9524164,lstm,AREQUIPA
2022-12-05,2.1021102183577707,2.0312233,lstm,AREQUIPA
2022-12-12,1.9948596970129866,1.7470516,lstm,AREQUIPA
2022-12-19,1.9734095927440298,1.8434837,lstm,AREQUIPA
2022-12-26,2.0163098012819436,1.3424479,lstm,AREQUIPA
2023-01-02,2.007104260782027,1.6867359,lstm,AREQUIPA
2023-01-09,2.0587084405890135,1.8662134,lstm,AREQUIPA
2023-01-16,1.9408361417443258,1.6606561,lstm,AREQUIPA
2023-01-23,1.9408361417443258,1.7368513,lstm,AREQUIPA
2023-01-30,1.8564519616684858,1.593806,lstm,AREQUIPA
2023-02-06,1.6665875564978452,1.5488306,lstm,AREQUIPA
2023-02-13,1.5822033764220047,1.7603906,lstm,AREQUIPA
2023-02-20,1.5189152413651243,1.8742139,lstm,AREQUIPA
2023-02-27,1.6454915114788848,1.7555861,lstm,AREQUIPA
2023-03-06,1.8142598716305656,1.824613,lstm,AREQUIPA
2023-03-13,1.687683601516805,1.6390638,lstm,AREQUIPA
2023-03-20,1.9408361417443258,1.6613561,lstm,AREQUIPA
2023-03-27,1.961932186763286,1.7824199,lstm,AREQUIPA
2023-04-03,2.447141222199367,1.4653254,lstm,AREQUIPA
2023-04-10,2.953446302654409,1.5513885,lstm,AREQUIPA
2023-04-17,3.6918078783180115,1.5575769,lstm,AREQUIPA
2023-04-24,4.113728778697213,1.5964646,lstm,AREQUIPA
2023-05-01,3.966056463564493,2.102045,lstm,AREQUIPA
2023-05-08,3.8394801934507328,2.317668,lstm,AREQUIPA
2023-05-15,3.417559293071531,2.4297488,lstm,AREQUIPA
2023-05-22,3.2698869779388104,2.4029028,lstm,AREQUIPA
2023-05-29,3.2065988428819305,2.8655074,lstm,AREQUIPA
2023-06-05,3.24879093291985,2.6168025,lstm,AREQUIPA
2023-06-12,3.501943473147371,2.7961326,lstm,AREQUIPA
2023-06-19,3.5230395181663314,2.9516115,lstm,AREQUIPA
2023-06-26,3.9027683285076127,3.0326583,lstm,AREQUIPA
2023-07-03,3.9027683285076127,3.153628,lstm,AREQUIPA
2023-07-10,3.8605762384696933,2.9018795,lstm,AREQUIPA
2023-07-17,3.3753672030336115,2.6165886,lstm,AREQUIPA
2023-07-24,3.0589265277492097,3.2656147,lstm,AREQUIPA
2023-07-31,2.9112542126164898,2.9236112,lstm,AREQUIPA
2023-08-07,2.7002937624268895,2.843872,lstm,AREQUIPA
2023-08-14,2.7002937624268886,2.8923512,lstm,AREQUIPA
2023-08-21,2.2361807720097673,2.7978895,lstm,AREQUIPA
2023-08-28,2.172892636952887,2.8081322,lstm,AREQUIPA
2023-09-04,2.1096045018960066,2.8570018,lstm,AREQUIPA
2023-09-11,2.2572768170287274,2.718042,lstm,AREQUIPA
2023-09-18,2.6791977174079284,2.3285158,lstm,AREQUIPA
2023-09-25,2.447141222199368,1.9519657,lstm,AREQUIPA
2023-10-02,2.2572768170287274,2.150407,lstm,AREQUIPA
2023-10-09,1.7509717365736854,2.2243779,lstm,AREQUIPA
2023-10-16,1.8142598716305658,1.9612061,lstm,AREQUIPA
2023-10-23,1.8775480066874461,1.852381,lstm,AREQUIPA
2023-10-30,2.0674124118580868,1.9839951,lstm,AREQUIPA
2023-11-06,1.8564519616684858,1.8574113,lstm,AREQUIPA
2023-11-13,1.8142598716305658,1.921255,lstm,AREQUIPA
2023-11-20,1.6665875564978452,2.013922,lstm,AREQUIPA
2023-11-27,1.961932186763286,1.9169568,lstm,AREQUIPA
2023-12-04,1.898644051706406,1.7497344,lstm,AREQUIPA
2010-12-27,1.8937086059999275,1.3768644,lstm,CUSCO
2011-01-03,1.8320736017898989,1.4351298,lstm,CUSCO
2011-01-10,1.6893881835950346,1.4031112,lstm,CUSCO
2011-01-17,1.3561933280713034,1.4350251,lstm,CUSCO
2011-01-24,1.4375649277555815,1.4042907,lstm,CUSCO
2011-01-31,1.247697861825599,1.4236615,lstm,CUSCO
2011-02-07,1.1120785290184685,1.3273416,lstm,CUSCO
2011-02-14,0.8137159968427818,1.3385017,lstm,CUSCO
2011-02-21,0.840839863404208,1.1959386,lstm,CUSCO
2011-02-28,0.9222114630884861,1.2768382,lstm,CUSCO
2011-03-07,0.89508759652706,1.1866543,lstm,CUSCO
2011-03-14,0.9493353296499123,1.1444939,lstm,CUSCO
2011-03-21,1.1392023955798949,1.1440347,lstm,CUSCO
2011-03-28,1.1120785290184687,1.2186182,lstm,CUSCO
2011-04-04,1.1663262621413208,1.1027095,lstm,CUSCO
2011-04-11,0.9764591962113384,1.1694497,lstm,CUSCO
2011-04-18,1.0307069293341906,1.1887282,lstm,CUSCO
2011-04-25,0.7865921302813558,1.1070083,lstm,CUSCO
2011-05-02,0.9493353296499123,1.1636506,lstm,CUSCO
2011-05-09,1.0307069293341904,1.2062234,lstm,CUSCO
2011-05-16,1.2748217283870251,1.1308491,lstm,CUSCO
2011-05-23,1.301945594948451,1.2213302,lstm,CUSCO
2011-05-30,1.0849546624570428,1.2172073,lstm,CUSCO
2011-06-06,0.9764591962113384,1.3071765,lstm,CUSCO
2011-06-13,0.8679637299656341,1.2659937,lstm,CUSCO
2011-06-20,0.9222114630884861,1.2123767,lstm,CUSCO
2011-06-27,0.89508759652706,1.3474183,lstm,CUSCO
2011-07-04,0.8408398634042079,1.2687935,lstm,CUSCO
2011-07-11,1.1120785290184685,1.2544922,lstm,CUSCO
2011-07-18,1.356193328071303,1.2860392,lstm,CUSCO
2011-07-25,1.2205739952641728,1.2658508,lstm,CUSCO
2011-08-01,1.0578307958956163,1.2860228,lstm,CUSCO
2011-08-08,1.0035830627727644,1.4640325,lstm,CUSCO
2011-08-15,1.247697861825599,1.372782,lstm,CUSCO
2011-08-22,1.1934501287027468,1.4540924,lstm,CUSCO
2011-08-29,1.247697861825599,1.4486425,lstm,CUSCO
2011-09-05,1.301945594948451,1.4726009,lstm,CUSCO
2011-09-12,1.5731842605627115,1.4924195,lstm,CUSCO
2011-09-19,1.79017519305412,1.5239855,lstm,CUSCO
2011-09-26,2.007166125545529,1.5161221,lstm,CUSCO
2011-10-03,2.0342899921069546,1.7205695,lstm,CUSCO
2011-10-10,1.8444229261769722,1.6032305,lstm,CUSCO
2011-10-17,1.7359274599312682,1.672331,lstm,CUSCO
2011-10-24,1.5731842605627115,1.7583686,lstm,CUSCO
2011-10-31,1.4646887943170075,1.8150102,lstm,CUSCO
2011-11-07,1.5460603940012856,1.7692707,lstm,CUSCO
2011-11-14,1.3561933280713034,1.8788507,lstm,CUSCO
2011-11-21,1.1663262621413206,1.8629583,lstm,CUSCO
2011-11-28,0.8408398634042079,1.6653204,lstm,CUSCO
2011-12-05,1.0307069293341904,1.6990936,lstm,CUSCO
2011-12-12,1.1663262621413208,1.6106197,lstm,CUSCO
2011-12-19,1.1934501287027468,1.6354121,lstm,CUSCO
2011-12-26,1.247697861825599,1.3131086,lstm,CUSCO
2012-01-02,1.0556345103758071,1.3183546,lstm,CUSCO
2012-01-09,0.9175051369746093,1.2745539,lstm,CUSCO
2012-01-16,0.5898224527176873,1.2490731,lstm,CUSCO
2012-01-23,0.9115437905636986,1.23367,lstm,CUSCO
2012-01-30,1.0455943479995367,1.1929115,lstm,CUSCO
2012-02-06,1.1260246824610396,1.0784492,lstm,CUSCO
2012-02-13,0.9115437905636986,1.064425,lstm,CUSCO
2012-02-20,0.8311134561021959,1.1069574,lstm,CUSCO
2012-02-27,0.7774932331278607,1.0340981,lstm,CUSCO
2012-03-05,0.6434426756920226,1.0274427,lstm,CUSCO
2012-03-12,0.7238730101535253,0.9731392,lstm,CUSCO
2012-03-19,0.8043033446150282,1.0161577,lstm,CUSCO
2012-03-26,1.0724044594867044,1.1135294,lstm,CUSCO
2012-04-02,1.1260246824610396,1.0080347,lstm,CUSCO
2012-04-09,1.1528347939482073,0.95422405,lstm,CUSCO
2012-04-16,1.2064550169225423,0.911061,lstm,CUSCO
2012-04-23,1.1260246824610396,0.9155982,lstm,CUSCO
2012-04-30,1.0724044594867044,0.8988187,lstm,CUSCO
2012-05-07,0.9919741250252015,0.89038014,lstm,CUSCO
2012-05-14,0.9115437905636986,1.039841,lstm,CUSCO
2012-05-21,1.0724044594867044,1.0823358,lstm,CUSCO
2012-05-28,0.8043033446150282,1.0971454,lstm,CUSCO
2012-06-04,0.8847336790765311,1.0644349,lstm,CUSCO
2012-06-11,0.9651640135380338,1.1368899,lstm,CUSCO
2012-06-18,1.0992145709738719,1.0472462,lstm,CUSCO
2012-06-25,1.2332651284097098,1.1792942,lstm,CUSCO
2012-07-02,1.4209359088198827,1.135096,lstm,CUSCO
2012-07-09,1.7158471351787268,1.1812977,lstm,CUSCO
2012-07-16,1.849897692614565,1.1679705,lstm,CUSCO
2012-07-23,1.635416800717224,1.2822025,lstm,CUSCO
2012-07-30,1.554986466255721,1.2596375,lstm,CUSCO
2012-08-06,1.6086066892300563,1.4698944,lstm,CUSCO
2012-08-13,1.5281763547685536,1.4442525,lstm,CUSCO
2012-08-20,1.7694673581530622,1.4174829,lstm,CUSCO
2012-08-27,1.6890370236915595,1.4520167,lstm,CUSCO
2012-09-03,1.715847135178727,1.4062335,lstm,CUSCO
2012-09-10,1.3136954628712127,1.4966552,lstm,CUSCO
2012-09-17,1.5817965777428888,1.491978,lstm,CUSCO
2012-09-24,1.4209359088198832,1.5319291,lstm,CUSCO
2012-10-01,1.5817965777428888,1.6027504,lstm,CUSCO
2012-10-08,1.1796449054353748,1.5190021,lstm,CUSCO
2012-10-15,1.3136954628712127,1.7028176,lstm,CUSCO
2012-10-22,1.4209359088198832,1.6346663,lstm,CUSCO
2012-10-29,1.849897692614565,1.4362062,lstm,CUSCO
2012-11-05,2.037568473024738,1.4138649,lstm,CUSCO
2012-11-12,1.849897692614565,1.5563002,lstm,CUSCO
2012-11-19,1.5281763547685536,1.4848123,lstm,CUSCO
2012-11-26,1.3136954628712127,1.4377701,lstm,CUSCO
2012-12-03,1.3136954628712127,1.4002051,lstm,CUSCO
2012-12-10,1.1796449054353746,1.405972,lstm,CUSCO
2012-12-17,1.152834793948207,1.3556148,lstm,CUSCO
2012-12-24,1.152834793948207,1.29154,lstm,CUSCO
2012-12-31,1.2064550169225423,1.3237641,lstm,CUSCO
2013-01-07,1.2554768655722575,1.2694373,lstm,CUSCO
2013-01-14,1.1978713848499183,1.2221881,lstm,CUSCO
2013-01-21,1.4311918727384185,1.06568,lstm,CUSCO
2013-01-28,1.537206085533857,1.0421079,lstm,CUSCO
2013-02-04,1.537206085533857,1.0905831,lstm,CUSCO
2013-02-11,0.9806314683578053,0.9602508,lstm,CUSCO
2013-02-18,1.1926598939486823,1.0566138,lstm,CUSCO
2013-02-25,1.2721705535452612,1.0700357,lstm,CUSCO
2013-03-04,1.5107025323349976,0.98549736,lstm,CUSCO
2013-03-11,1.272170553545261,1.0526769,lstm,CUSCO
2013-03-18,1.1396527875509632,1.1124198,lstm,CUSCO
2013-03-25,1.1661563407498228,1.134572,lstm,CUSCO
2013-04-01,1.272170553545261,1.0668911,lstm,CUSCO
2013-04-08,1.4046883195395592,1.1001523,lstm,CUSCO
2013-04-15,1.139652787550963,0.97860163,lstm,CUSCO
2013-04-22,0.9541279151589457,1.209772,lstm,CUSCO
2013-04-29,0.8216101491646478,1.1902789,lstm,CUSCO
2013-05-06,0.9806314683578053,1.1666749,lstm,CUSCO
2013-05-13,0.9276243619600861,1.0944943,lstm,CUSCO
2013-05-20,1.272170553545261,1.1599687,lstm,CUSCO
2013-05-27,1.3251776599429803,1.1935285,lstm,CUSCO
2013-06-03,1.6962274047270147,1.1402985,lstm,CUSCO
2013-06-10,1.6432202983292956,1.1092702,lstm,CUSCO
2013-06-17,2.01427004311333,1.2613244,lstm,CUSCO
2013-06-24,1.6432202983292956,1.2253431,lstm,CUSCO
2013-07-01,1.7757380643235934,1.2281226,lstm,CUSCO
2013-07-08,1.4046883195395587,1.1279045,lstm,CUSCO
2013-07-15,1.3781847663406992,0.9962893,lstm,CUSCO
2013-07-22,1.2986741067441205,1.4484899,lstm,CUSCO
2013-07-29,1.32517765994298,1.4788402,lstm,CUSCO
2013-08-05,1.537206085533857,1.5177104,lstm,CUSCO
2013-08-12,1.537206085533857,1.4500062,lstm,CUSCO
2013-08-19,1.8552487239201723,1.444533,lstm,CUSCO
2013-08-26,1.6962274047270147,1.5277182,lstm,CUSCO
2013-09-02,1.537206085533857,1.4239066,lstm,CUSCO
2013-09-09,1.5372060855338567,1.5114484,lstm,CUSCO
2013-09-16,1.7492345111247338,1.6194079,lstm,CUSCO
2013-09-23,1.8552487239201723,1.5281333,lstm,CUSCO
2013-09-30,1.6962274047270143,1.5018281,lstm,CUSCO
2013-10-07,1.510702532334997,1.5818794,lstm,CUSCO
2013-10-14,1.1661563407498223,1.5927763,lstm,CUSCO
2013-10-21,1.0071350215566646,1.6266447,lstm,CUSCO
2013-10-28,0.848113702363507,1.5314723,lstm,CUSCO
2013-11-04,0.8481137023635071,1.4460521,lstm,CUSCO
2013-11-11,0.8481137023635071,1.5486726,lstm,CUSCO
2013-11-18,1.0336385747555243,1.5370101,lstm,CUSCO
2013-11-25,1.245667000346401,1.2785764,lstm,CUSCO
2013-12-02,1.3251776599429799,1.4914082,lstm,CUSCO
2013-12-09,1.2986741067441203,1.2702832,lstm,CUSCO
2013-12-16,1.2721705535452605,1.4564166,lstm,CUSCO
2013-12-23,1.2721705535452605,1.0627936,lstm,CUSCO
2013-12-30,1.0866456811532434,1.0934916,lstm,CUSCO
2014-01-06,1.0818513210457843,1.1128408,lstm,CUSCO
2014-01-13,0.8933299735866053,1.0638129,lstm,CUSCO
2014-01-20,1.2577874732228835,1.0642797,lstm,CUSCO
2014-01-27,1.336399190299314,1.067039,lstm,CUSCO
2014-02-03,1.2577874732228838,1.0585434,lstm,CUSCO
2014-02-10,1.0481562276857364,1.0570067,lstm,CUSCO
2014-02-17,0.9171366992250193,1.0202149,lstm,CUSCO
2014-02-24,1.0743601333778798,1.0637039,lstm,CUSCO
2014-03-03,1.100564039070023,0.96046567,lstm,CUSCO
2014-03-10,0.9957484163014496,1.0439794,lstm,CUSCO
2014-03-17,0.9433406049171627,1.0085844,lstm,CUSCO
2014-03-24,0.8909327935328758,1.0385479,lstm,CUSCO
2014-03-31,1.0743601333778798,1.0153695,lstm,CUSCO
2014-04-07,1.0481562276857364,1.0436952,lstm,CUSCO
2014-04-14,1.1267679447621666,1.0661792,lstm,CUSCO
2014-04-21,0.9433406049171627,1.0473392,lstm,CUSCO
2014-04-28,1.021952321993593,1.0614127,lstm,CUSCO
2014-05-05,0.8385249821485891,1.0692369,lstm,CUSCO
2014-05-12,0.707505453687872,0.98011833,lstm,CUSCO
2014-05-19,0.5764859252271549,1.0367571,lstm,CUSCO
2014-05-26,0.5502820195350114,1.0866941,lstm,CUSCO
2014-06-02,0.6550976423035851,1.07401,lstm,CUSCO
2014-06-09,0.7599132650721588,1.0786958,lstm,CUSCO
2014-06-16,0.6550976423035851,1.076518,lstm,CUSCO
2014-06-23,0.9433406049171627,1.104075,lstm,CUSCO
2014-06-30,1.0481562276857364,1.1261301,lstm,CUSCO
2014-07-07,1.336399190299314,1.1149654,lstm,CUSCO
2014-07-14,1.1529718504543098,1.1749701,lstm,CUSCO
2014-07-21,1.1005640390700233,1.1997483,lstm,CUSCO
2014-07-28,1.0743601333778798,1.2375664,lstm,CUSCO
2014-08-04,1.336399190299314,1.2524517,lstm,CUSCO
2014-08-11,1.6246421529128916,1.3646333,lstm,CUSCO
2014-08-18,1.8080694927578953,1.3205026,lstm,CUSCO
2014-08-25,1.6246421529128916,1.3687967,lstm,CUSCO
2014-09-01,1.4412148130678875,1.578154,lstm,CUSCO
2014-09-08,1.3101952846071703,1.5575083,lstm,CUSCO
2014-09-15,1.4150109073757442,1.6168557,lstm,CUSCO
2014-09-22,1.3626030959914572,1.5731046,lstm,CUSCO
2014-09-29,1.4936226244521744,1.4663969,lstm,CUSCO
2014-10-06,1.2315835675307403,1.4924579,lstm,CUSCO
2014-10-13,1.1529718504543103,1.478475,lstm,CUSCO
2014-10-20,0.9957484163014495,1.4283938,lstm,CUSCO
2014-10-27,1.205379661838597,1.4671906,lstm,CUSCO
2014-11-03,1.2315835675307403,1.4177046,lstm,CUSCO
2014-11-10,1.336399190299314,1.4677504,lstm,CUSCO
2014-11-17,1.1529718504543098,1.3838332,lstm,CUSCO
2014-11-24,1.15297185045431,1.1437324,lstm,CUSCO
2014-12-01,0.8909327935328758,1.1465583,lstm,CUSCO
2014-12-08,0.8909327935328758,1.1238955,lstm,CUSCO
2014-12-15,0.9433406049171627,1.1369345,lstm,CUSCO
2014-12-22,1.0219523219935929,1.1488317,lstm,CUSCO
2014-12-29,1.283991378915027,1.1012417,lstm,CUSCO
2015-01-05,1.357037090394983,1.0685716,lstm,CUSCO
2015-01-12,1.5348984246435124,1.1088516,lstm,CUSCO
2015-01-19,1.1659931113126982,1.0025498,lstm,CUSCO
2015-01-26,1.0364383211668426,0.910566,lstm,CUSCO
2015-02-02,0.803239698904303,0.98716325,lstm,CUSCO
2015-02-09,0.751417782845961,0.865967,lstm,CUSCO
2015-02-16,0.5182191605834213,1.0044494,lstm,CUSCO
2015-02-23,0.6477739507292767,0.9868473,lstm,CUSCO
2015-03-02,0.8032396989043032,1.0006443,lstm,CUSCO
2015-03-09,0.8550616149626453,0.97794825,lstm,CUSCO
2015-03-16,0.6736849087584478,0.8779022,lstm,CUSCO
2015-03-23,0.6477739507292767,0.84960145,lstm,CUSCO
2015-03-30,0.6736849087584478,0.8496337,lstm,CUSCO
2015-04-06,0.9587054470793296,0.86344045,lstm,CUSCO
2015-04-13,1.165993111312698,0.83090967,lstm,CUSCO
2015-04-20,1.2178150273710404,0.9277109,lstm,CUSCO
2015-04-27,0.9327944890501585,0.8685065,lstm,CUSCO
2015-05-04,0.751417782845961,0.86252064,lstm,CUSCO
2015-05-11,1.114171195254356,1.0078707,lstm,CUSCO
2015-05-18,1.140082153283527,1.0218642,lstm,CUSCO
2015-05-25,1.2955479014585534,0.96157354,lstm,CUSCO
2015-06-01,0.9846164051085005,1.1071596,lstm,CUSCO
2015-06-08,1.3732807755460668,1.0223161,lstm,CUSCO
2015-06-15,1.5546574817502643,1.0118407,lstm,CUSCO
2015-06-22,1.9174108941586592,1.0682319,lstm,CUSCO
2015-06-29,1.9692328102170016,1.1276941,lstm,CUSCO
2015-07-06,1.7101232299252904,1.2418327,lstm,CUSCO
2015-07-13,1.528746523721093,1.2213167,lstm,CUSCO
2015-07-20,1.3991917335752377,1.3315758,lstm,CUSCO
2015-07-27,1.554657481750264,1.40117,lstm,CUSCO
2015-08-03,1.3991917335752377,1.5539595,lstm,CUSCO
2015-08-10,1.3473698175168956,1.5852308,lstm,CUSCO
2015-08-17,1.0364383211668426,1.5318068,lstm,CUSCO
2015-08-24,1.0623492791960139,1.5326717,lstm,CUSCO
2015-08-31,0.8809725729918162,1.4340874,lstm,CUSCO
2015-09-07,1.165993111312698,1.5348706,lstm,CUSCO
2015-09-14,1.0623492791960139,1.4495431,lstm,CUSCO
2015-09-21,1.2437259854002114,1.4980164,lstm,CUSCO
2015-09-28,1.140082153283527,1.4851437,lstm,CUSCO
2015-10-05,1.1141711952543558,1.4232221,lstm,CUSCO
2015-10-12,0.9327944890501584,1.4114275,lstm,CUSCO
2015-10-19,0.7255068248167897,1.3591719,lstm,CUSCO
2015-10-26,0.803239698904303,1.0754818,lstm,CUSCO
2015-11-02,0.803239698904303,1.3920009,lstm,CUSCO
2015-11-09,0.8550616149626452,1.2294921,lstm,CUSCO
2015-11-16,1.2437259854002114,1.1632833,lstm,CUSCO
2015-11-23,1.425102691604409,1.1837887,lstm,CUSCO
2015-11-30,1.5028355656919221,1.1086112,lstm,CUSCO
2015-12-07,1.140082153283527,1.0729153,lstm,CUSCO
2015-12-14,0.9327944890501584,1.0650336,lstm,CUSCO
2015-12-21,1.1919040693418692,0.97307694,lstm,CUSCO
2015-12-28,0.8550616149626453,0.8569033,lstm,CUSCO
2016-01-04,1.1081557381138298,0.96043104,lstm,CUSCO
2016-01-11,0.9737312921875486,0.8415442,lstm,CUSCO
2016-01-18,1.4349724305921772,1.0235966,lstm,CUSCO
2016-01-25,1.1787273537007168,0.9367879,lstm,CUSCO
2016-02-01,1.0249803075658406,0.9547978,lstm,CUSCO
2016-02-08,0.7943597383635265,0.9353713,lstm,CUSCO
2016-02-15,0.8199842460526726,0.96751785,lstm,CUSCO
2016-02-22,0.7943597383635265,0.9910012,lstm,CUSCO
2016-02-29,0.8199842460526726,0.7954303,lstm,CUSCO
2016-03-07,0.9224822768092565,1.098893,lstm,CUSCO
2016-03-14,1.2043518613898627,0.94206846,lstm,CUSCO
2016-03-21,1.281225384457301,0.965423,lstm,CUSCO
2016-03-28,1.383723415213885,0.96432275,lstm,CUSCO
2016-04-04,1.281225384457301,0.9155859,lstm,CUSCO
2016-04-11,1.358098907524739,0.9571572,lstm,CUSCO
2016-04-18,1.2556008767681548,1.0210483,lstm,CUSCO
2016-04-25,1.281225384457301,0.9842166,lstm,CUSCO
2016-05-02,1.2556008767681548,1.0210775,lstm,CUSCO
2016-05-09,1.281225384457301,1.0355899,lstm,CUSCO
2016-05-16,1.3324743998355928,1.0730028,lstm,CUSCO
2016-05-23,1.3068498921464469,1.0886283,lstm,CUSCO
2016-05-30,1.537470461348761,1.1141518,lstm,CUSCO
2016-06-06,1.5374704613487609,1.261096,lstm,CUSCO
2016-06-13,1.537470461348761,1.255019,lstm,CUSCO
2016-06-20,1.2812253844573007,1.3390146,lstm,CUSCO
2016-06-27,1.588719476727053,1.2779483,lstm,CUSCO
2016-07-04,2.12683413819912,1.5660752,lstm,CUSCO
2016-07-11,2.434328230468872,1.5929813,lstm,CUSCO
2016-07-18,2.0755851228208275,1.6165719,lstm,CUSCO
2016-07-25,1.8962135689968054,1.5018419,lstm,CUSCO
2016-08-01,2.0755851228208275,1.3775204,lstm,CUSCO
2016-08-08,2.3062056920231417,1.5279554,lstm,CUSCO
2016-08-15,2.2293321689557035,1.5040435,lstm,CUSCO
2016-08-22,1.9218380766859517,1.4902112,lstm,CUSCO
2016-08-29,1.6912175074836373,1.381302,lstm,CUSCO
2016-09-05,1.588719476727053,1.4730458,lstm,CUSCO
2016-09-12,1.6143439844161993,1.4718803,lstm,CUSCO
2016-09-19,1.6399684921053452,1.3817302,lstm,CUSCO
2016-09-26,1.8193400459293674,1.4538811,lstm,CUSCO
2016-10-03,1.716842015172783,1.4181834,lstm,CUSCO
2016-10-10,1.844964553618513,1.4416856,lstm,CUSCO
2016-10-17,1.844964553618513,1.3714869,lstm,CUSCO
2016-10-24,1.716842015172783,1.1984813,lstm,CUSCO
2016-10-31,1.4605969382813226,1.3083402,lstm,CUSCO
2016-11-07,1.2043518613898625,1.2895901,lstm,CUSCO
2016-11-14,1.3837234152138846,1.3289546,lstm,CUSCO
2016-11-21,1.4349724305921765,1.1446061,lstm,CUSCO
2016-11-28,1.716842015172783,1.2215232,lstm,CUSCO
2016-12-05,1.5374704613487609,1.2245964,lstm,CUSCO
2016-12-12,1.6399684921053448,1.118934,lstm,CUSCO
2016-12-19,1.5374704613487609,1.1995343,lstm,CUSCO
2016-12-26,1.691217507483637,1.2581502,lstm,CUSCO
2017-01-02,1.76164630769067,1.1611848,lstm,CUSCO
2017-01-09,1.526542453020248,1.2068164,lstm,CUSCO
2017-01-16,1.4953138384959672,1.411216,lstm,CUSCO
2017-01-23,1.39393662910641,1.2853249,lstm,CUSCO
2017-01-30,1.5206581408433564,1.2930228,lstm,CUSCO
2017-02-06,1.622035350232914,1.031138,lstm,CUSCO
2017-02-13,1.6473796525803028,1.1569856,lstm,CUSCO
2017-02-20,1.6473796525803028,1.1909282,lstm,CUSCO
2017-02-27,1.4192809314537993,1.1396341,lstm,CUSCO
2017-03-06,1.2672151173694637,1.1734552,lstm,CUSCO
2017-03-13,1.1404936056325172,1.0641013,lstm,CUSCO
2017-03-20,1.0644606985903493,1.093336,lstm,CUSCO
2017-03-27,1.2925594197168528,1.0755676,lstm,CUSCO
2017-04-03,1.4192809314537993,1.0822508,lstm,CUSCO
2017-04-10,1.6220353502329135,1.0549971,lstm,CUSCO
2017-04-17,1.4446252338011885,1.2484291,lstm,CUSCO
2017-04-24,1.4446252338011887,1.2398679,lstm,CUSCO
2017-05-01,1.4192809314537993,1.2239816,lstm,CUSCO
2017-05-08,1.3432480244116316,1.404105,lstm,CUSCO
2017-05-15,1.4192809314537993,1.317642,lstm,CUSCO
2017-05-22,1.5206581408433564,1.3632188,lstm,CUSCO
2017-05-29,1.5460024431907458,1.4860808,lstm,CUSCO
2017-06-05,1.4192809314537993,1.4894545,lstm,CUSCO
2017-06-12,1.4446252338011885,1.5130811,lstm,CUSCO
2017-06-19,1.6473796525803028,1.5023272,lstm,CUSCO
2017-06-26,1.850134071359417,1.545168,lstm,CUSCO
2017-07-03,2.382364420654592,1.4503793,lstm,CUSCO
2017-07-10,2.3063315136124243,1.4424945,lstm,CUSCO
2017-07-17,2.483741630044149,1.5728995,lstm,CUSCO
2017-07-24,2.1796100018754774,1.4716067,lstm,CUSCO
2017-07-31,2.1796100018754774,1.5607358,lstm,CUSCO
2017-08-07,2.0021998854437526,1.7555051,lstm,CUSCO
2017-08-14,1.6980682572750814,1.8265148,lstm,CUSCO
2017-08-21,1.850134071359417,1.690749,lstm,CUSCO
2017-08-28,1.7741011643172493,1.9902328,lstm,CUSCO
2017-09-04,1.7994454666646387,1.9813491,lstm,CUSCO
2017-09-11,1.672723954927692,1.9464544,lstm,CUSCO
2017-09-18,1.6473796525803028,1.8463569,lstm,CUSCO
2017-09-25,1.850134071359417,1.537193,lstm,CUSCO
2017-10-02,2.027544187791142,1.5476856,lstm,CUSCO
2017-10-09,2.0021998854437526,1.513423,lstm,CUSCO
2017-10-16,1.7994454666646387,1.4934875,lstm,CUSCO
2017-10-23,1.7741011643172493,1.6174012,lstm,CUSCO
2017-10-30,1.672723954927692,1.4851433,lstm,CUSCO
2017-11-06,1.7234125596224708,1.5398977,lstm,CUSCO
2017-11-13,1.6473796525803028,1.6079125,lstm,CUSCO
2017-11-20,1.824789769012028,1.7088888,lstm,CUSCO
2017-11-27,2.027544187791142,1.6785979,lstm,CUSCO
2017-12-04,2.0528884901385314,1.7188551,lstm,CUSCO
2017-12-11,2.10357709483331,1.6949252,lstm,CUSCO
2017-12-18,1.6980682572750814,1.7804208,lstm,CUSCO
2017-12-25,1.6473796525803028,1.7107124,lstm,CUSCO
2018-01-01,1.6446280205631993,1.6486884,lstm,CUSCO
2018-01-08,2.3497843452251908,1.6658449,lstm,CUSCO
2018-01-15,2.524239005045953,1.7414391,lstm,CUSCO
2018-01-22,2.5747237851468725,1.6964657,lstm,CUSCO
2018-01-29,2.044633594087222,1.5315218,lstm,CUSCO
2018-02-05,1.8931792537844647,1.5884234,lstm,CUSCO
2018-02-12,1.716482523431248,1.8736475,lstm,CUSCO
2018-02-19,1.4135738428257334,1.9066163,lstm,CUSCO
2018-02-26,1.3883314527752741,1.764297,lstm,CUSCO
2018-03-05,1.3630890627248144,1.9017748,lstm,CUSCO
2018-03-12,1.766967303532167,1.6303449,lstm,CUSCO
2018-03-19,1.7164825234312477,1.7061234,lstm,CUSCO
2018-03-26,1.9689064239358434,1.5956095,lstm,CUSCO
2018-04-02,1.6912401333807885,1.6145065,lstm,CUSCO
2018-04-09,1.9436640338853841,1.5908746,lstm,CUSCO
2018-04-16,1.8174520836330863,1.5490881,lstm,CUSCO
2018-04-23,2.0698759841376813,1.6693856,lstm,CUSCO
2018-04-30,1.7164825234312477,1.5428969,lstm,CUSCO
2018-05-07,1.489301012977112,1.880945,lstm,CUSCO
2018-05-14,1.5145434030275713,1.8580321,lstm,CUSCO
2018-05-21,1.7417249134817074,1.8765631,lstm,CUSCO
2018-05-28,2.1456031542890597,1.8494558,lstm,CUSCO
2018-06-04,2.2718151045413575,1.9751252,lstm,CUSCO
2018-06-11,3.0543291961056034,1.9908395,lstm,CUSCO
2018-06-18,3.180541146357901,1.996405,lstm,CUSCO
2018-06-25,3.5844193871652537,2.0387394,lstm,CUSCO
2018-07-02,3.1048139762065223,2.1572912,lstm,CUSCO
2018-07-09,3.029086806055144,2.1252515,lstm,CUSCO
2018-07-16,2.70093573539917,2.1324458,lstm,CUSCO
2018-07-23,2.6756933453487104,2.2358975,lstm,CUSCO
2018-07-30,2.625208565247791,2.4960117,lstm,CUSCO
2018-08-06,2.801905295601008,2.609033,lstm,CUSCO
2018-08-13,2.7766629055505483,2.6260633,lstm,CUSCO
2018-08-20,2.72617812544963,2.713644,lstm,CUSCO
2018-08-27,2.473754224945034,2.583731,lstm,CUSCO
2018-09-03,2.0193912040367628,2.6577501,lstm,CUSCO
2018-09-10,1.9689064239358434,2.622886,lstm,CUSCO
2018-09-17,1.7417249134817077,2.6241777,lstm,CUSCO
2018-09-24,1.9436640338853841,2.3753982,lstm,CUSCO
2018-10-01,1.8426944736835458,2.329856,lstm,CUSCO
2018-10-08,1.665997743330329,2.5389752,lstm,CUSCO
2018-10-15,1.665997743330329,2.3182662,lstm,CUSCO
2018-10-22,1.665997743330329,2.4870896,lstm,CUSCO
2018-10-29,1.8426944736835458,2.527966,lstm,CUSCO
2018-11-05,1.9941488139863033,2.4365878,lstm,CUSCO
2018-11-12,2.1708455443395196,2.3511112,lstm,CUSCO
2018-11-19,2.347542274692737,2.321213,lstm,CUSCO
2018-11-26,2.221330324440439,2.2406704,lstm,CUSCO
2018-12-03,1.8679368637340052,2.2750192,lstm,CUSCO
2018-12-10,1.5397857930780312,2.2561088,lstm,CUSCO
2018-12-17,1.1359075522706787,2.1940846,lstm,CUSCO
2018-12-24,1.1611499423211384,2.176541,lstm,CUSCO
2018-12-31,1.2116347224220574,2.143195,lstm,CUSCO
2019-01-07,1.4316865024751626,2.0958319,lstm,CUSCO
2019-01-14,1.6483610418119896,1.7166724,lstm,CUSCO
2019-01-21,1.8401684400668323,1.7182713,lstm,CUSCO
2019-01-28,1.9147698633127852,1.7421548,lstm,CUSCO
2019-02-04,1.8153012989848485,1.7585881,lstm,CUSCO
2019-02-11,1.5914970292469903,1.6352844,lstm,CUSCO
2019-02-18,1.5417627470830222,1.3291777,lstm,CUSCO
2019-02-25,1.7158327346569113,1.5762786,lstm,CUSCO
2019-03-04,1.9147698633127854,1.5938103,lstm,CUSCO
2019-03-11,1.8650355811488168,1.438709,lstm,CUSCO
2019-03-18,1.6412313114109587,1.5023978,lstm,CUSCO
2019-03-25,1.4920284649190532,1.5498255,lstm,CUSCO
2019-04-01,1.59149702924699,1.8285981,lstm,CUSCO
2019-04-08,1.6909655935749273,1.5022929,lstm,CUSCO
2019-04-15,1.6163641703289746,1.5308995,lstm,CUSCO
2019-04-22,1.6163641703289746,1.4738145,lstm,CUSCO
2019-04-29,1.4920284649190532,1.6714997,lstm,CUSCO
2019-05-06,1.6163641703289742,1.9073069,lstm,CUSCO
2019-05-13,1.7655670168208797,1.8751214,lstm,CUSCO
2019-05-20,1.7904341579028642,1.9200817,lstm,CUSCO
2019-05-27,1.9396370043947695,2.0079534,lstm,CUSCO
2019-06-03,1.9147698633127852,1.8705509,lstm,CUSCO
2019-06-10,2.1137069919686593,1.9700853,lstm,CUSCO
2019-06-17,2.163441274132628,2.0950005,lstm,CUSCO
2019-06-24,2.436979826034454,1.843344,lstm,CUSCO
2019-07-01,2.7602526601002495,2.1799567,lstm,CUSCO
2019-07-08,2.735385519018265,2.0065947,lstm,CUSCO
2019-07-15,2.8099869422642176,2.1974854,lstm,CUSCO
2019-07-22,3.0835254941660444,2.2291543,lstm,CUSCO
2019-07-29,3.3570640460678707,2.552234,lstm,CUSCO
2019-08-05,3.406798328231839,2.5682316,lstm,CUSCO
2019-08-12,2.8099869422642176,2.6638403,lstm,CUSCO
2019-08-19,2.6110498136083438,2.4783514,lstm,CUSCO
2019-08-26,2.312644120624533,2.2792568,lstm,CUSCO
2019-09-02,2.138574133050644,2.313106,lstm,CUSCO
2019-09-09,2.0142384276407226,2.3205044,lstm,CUSCO
2019-09-16,1.8650355811488175,2.276973,lstm,CUSCO
2019-09-23,1.9893712865587385,2.041357,lstm,CUSCO
2019-09-30,1.964504145476754,2.1398215,lstm,CUSCO
2019-10-07,1.9396370043947702,2.0276518,lstm,CUSCO
2019-10-14,2.039105568722707,1.9929222,lstm,CUSCO
2019-10-21,1.964504145476754,1.9469877,lstm,CUSCO
2019-10-28,2.0142384276407226,1.8446478,lstm,CUSCO
2019-11-04,1.7655670168208804,1.7550515,lstm,CUSCO
2019-11-11,1.7158327346569118,1.7416211,lstm,CUSCO
2019-11-18,1.7158327346569118,1.8268808,lstm,CUSCO
2019-11-25,1.7904341579028644,1.907943,lstm,CUSCO
2019-12-02,1.8899027222308016,1.8181379,lstm,CUSCO
2019-12-09,2.063972709804691,1.8488348,lstm,CUSCO
2019-12-16,2.138574133050644,1.8739038,lstm,CUSCO
2019-12-23,2.0639727098046907,1.7895806,lstm,CUSCO
2019-12-30,1.6163641703289748,1.8199506,lstm,CUSCO
2020-01-06,1.6815258008843887,1.7707373,lstm,CUSCO
2020-01-13,1.7976397513702924,1.9161009,lstm,CUSCO
2020-01-20,2.0632610577897315,1.7381936,lstm,CUSCO
2020-01-27,1.891322636307254,1.6075373,lstm,CUSCO
2020-02-03,1.7193842148247764,1.5160457,lstm,CUSCO
2020-02-10,1.5228831617019447,1.5898997,lstm,CUSCO
2020-02-17,1.4246326351405287,1.6203493,lstm,CUSCO
2020-02-24,1.473757898421237,1.6271278,lstm,CUSCO
2020-03-02,1.793072109745838,1.5760788,lstm,CUSCO
2020-03-09,1.965010531228316,1.6460626,lstm,CUSCO
2020-03-16,1.8667600046669,1.602273,lstm,CUSCO
2020-03-23,1.5720084249826527,1.548559,lstm,CUSCO
2020-03-30,1.2526942136580512,1.613405,lstm,CUSCO
2020-04-06,1.1053184238159275,1.5912133,lstm,CUSCO
2020-04-13,1.0316305288948657,1.57773,lstm,CUSCO
2020-04-20,0.9825052656141576,1.5932246,lstm,CUSCO
2020-04-27,0.884254739052742,1.6079313,lstm,CUSCO
2020-05-04,0.7614415808509722,1.5315502,lstm,CUSCO
2020-05-11,0.6140657910088486,1.6062402,lstm,CUSCO
2020-05-18,0.6386284226492025,1.4988176,lstm,CUSCO
2020-05-25,0.6386284226492025,1.6148881,lstm,CUSCO
2020-06-01,0.7123163175702644,1.6444646,lstm,CUSCO
2020-06-08,0.6631910542895564,1.6664279,lstm,CUSCO
2020-06-15,0.6877536859299104,1.8045616,lstm,CUSCO
2020-06-22,0.6877536859299104,1.8344083,lstm,CUSCO
2020-06-29,0.9579426339738039,1.6865714,lstm,CUSCO
2020-07-06,1.1298810554562815,1.712491,lstm,CUSCO
2020-07-13,1.5228831617019445,1.7317746,lstm,CUSCO
2020-07-20,2.1615115843511474,1.8065466,lstm,CUSCO
2020-07-27,3.438768429649553,1.5348537,lstm,CUSCO
2020-08-03,4.912526328070789,1.0846546,lstm,CUSCO
2020-08-10,5.084464749553267,0.92982394,lstm,CUSCO
2020-08-17,5.379216329237515,0.5754079,lstm,CUSCO
2020-08-24,4.642337380026896,2.019093,lstm,CUSCO
2020-08-31,4.544086853465481,1.9476961,lstm,CUSCO
2020-09-07,3.586144219491676,1.7436594,lstm,CUSCO
2020-09-14,2.947515796842474,1.9648288,lstm,CUSCO
2020-09-21,2.5545136905968104,1.9900737,lstm,CUSCO
2020-09-28,2.0878236894300852,1.788242,lstm,CUSCO
2020-10-05,1.8913226363072537,1.8710669,lstm,CUSCO
2020-10-12,1.5228831617019445,1.8256645,lstm,CUSCO
2020-10-19,1.4000700035001747,2.021995,lstm,CUSCO
2020-10-26,1.4000700035001747,1.9321722,lstm,CUSCO
2020-11-02,1.350944740219467,2.064675,lstm,CUSCO
2020-11-09,1.3263821085791128,2.05876,lstm,CUSCO
2020-11-16,1.301819476938759,1.8977008,lstm,CUSCO
2020-11-23,1.5228831617019445,1.8552729,lstm,CUSCO
2020-11-30,1.5720084249826523,1.8809013,lstm,CUSCO
2020-12-07,1.5474457933422983,1.8106221,lstm,CUSCO
2020-12-14,1.4000700035001747,1.6611094,lstm,CUSCO
2020-12-21,1.3755073718598207,1.7634717,lstm,CUSCO
2020-12-28,1.1790063187369892,1.6545129,lstm,CUSCO
2021-01-04,1.3697442800603732,1.5555086,lstm,CUSCO
2021-01-11,1.778779642083208,1.6549419,lstm,CUSCO
2021-01-18,2.287218149027348,1.6853088,lstm,CUSCO
2021-01-25,2.700863984489741,1.6584225,lstm,CUSCO
2021-02-01,3.1145098199521333,1.711387,lstm,CUSCO
2021-02-08,3.576819871351278,1.6222926,lstm,CUSCO
2021-02-15,3.917469382908543,1.6215698,lstm,CUSCO
2021-02-22,3.747144627129911,1.5982358,lstm,CUSCO
2021-03-01,3.528155655414526,1.5522441,lstm,CUSCO
2021-03-08,2.9685171721418766,1.9707232,lstm,CUSCO
2021-03-15,2.8955208482367483,1.8888482,lstm,CUSCO
2021-03-22,3.2118382518256374,1.9511396,lstm,CUSCO
2021-03-29,3.6011519793196545,1.9035392,lstm,CUSCO
2021-04-05,3.576819871351278,2.1448317,lstm,CUSCO
2021-04-12,3.8444730590034144,2.118082,lstm,CUSCO
2021-04-19,4.0634620307187985,2.0528946,lstm,CUSCO
2021-04-26,4.306783110402559,1.9886385,lstm,CUSCO
2021-05-03,3.7958088430666628,3.0595326,lstm,CUSCO
2021-05-10,3.601151979319654,2.8958714,lstm,CUSCO
2021-05-17,3.406495115572646,2.8146157,lstm,CUSCO
2021-05-24,3.6011519793196545,2.5596623,lstm,CUSCO
2021-05-31,3.479491439477774,2.9706674,lstm,CUSCO
2021-06-07,3.333498791667518,2.6538675,lstm,CUSCO
2021-06-14,2.6278676605846125,2.5687418,lstm,CUSCO
2021-06-21,1.9952328534068353,2.3935914,lstm,CUSCO
2021-06-28,1.5085906940393141,2.464194,lstm,CUSCO
2021-07-05,1.3139338302923058,2.4146423,lstm,CUSCO
2021-07-12,1.0949448585769215,2.3140829,lstm,CUSCO
2021-07-19,1.1192769665452975,2.200461,lstm,CUSCO
2021-07-26,1.1192769665452973,2.590849,lstm,CUSCO
2021-08-02,1.0462806426401692,2.4912424,lstm,CUSCO
2021-08-09,1.0219485346717934,2.9440634,lstm,CUSCO
2021-08-16,0.9732843187350412,1.8103493,lstm,CUSCO
2021-08-23,1.240937506387178,0.9282213,lstm,CUSCO
2021-08-30,1.2652696143555537,0.93232507,lstm,CUSCO
2021-09-06,1.2652696143555537,1.084607,lstm,CUSCO
2021-09-13,1.4355943701341858,1.1640438,lstm,CUSCO
2021-09-20,1.5572549099760664,2.0080173,lstm,CUSCO
2021-09-27,1.7519117737230747,1.8781211,lstm,CUSCO
2021-10-04,1.5329228020076904,2.2017715,lstm,CUSCO
2021-10-11,1.4599264781025623,2.0879376,lstm,CUSCO
2021-10-18,1.386930154197434,1.5588025,lstm,CUSCO
2021-10-25,1.4112622621658104,1.909645,lstm,CUSCO
2021-11-01,1.2896017223239298,1.5566635,lstm,CUSCO
2021-11-08,1.338265938260682,1.4874922,lstm,CUSCO
2021-11-15,1.4355943701341862,1.5330068,lstm,CUSCO
2021-11-22,1.4355943701341862,1.0831445,lstm,CUSCO
2021-11-29,1.5815870179444425,1.1068388,lstm,CUSCO
2021-12-06,1.4112622621658104,1.4165274,lstm,CUSCO
2021-12-13,1.484258586070938,1.723492,lstm,CUSCO
2021-12-20,1.240937506387178,2.0173752,lstm,CUSCO
2021-12-27,1.1679411824820496,1.8116733,lstm,CUSCO
2022-01-03,1.2849039448607722,1.0662192,lstm,CUSCO
2022-01-10,1.6438724092335708,1.5523598,lstm,CUSCO
2022-01-17,1.9556799464578285,1.5395105,lstm,CUSCO
2022-01-24,2.2454103088960253,1.7985177,lstm,CUSCO
2022-01-31,2.1488335214166265,1.8000071,lstm,CUSCO
2022-02-07,2.0522567339372273,1.5537764,lstm,CUSCO
2022-02-14,1.5935169934100823,1.5758765,lstm,CUSCO
2022-02-21,1.448651812190984,1.7582986,lstm,CUSCO
2022-02-28,1.4727960090608336,1.7664162,lstm,CUSCO
2022-03-07,1.352075024711585,0.76971924,lstm,CUSCO
2022-03-14,1.1830656466226368,1.7931265,lstm,CUSCO
2022-03-21,1.0623446622733879,1.3250096,lstm,CUSCO
2022-03-28,1.4969402059306833,1.8687954,lstm,CUSCO
2022-04-04,1.5452285996703825,1.6973747,lstm,CUSCO
2022-04-11,1.8108147652387299,1.4885726,lstm,CUSCO
2022-04-18,1.5210844028005333,1.6727456,lstm,CUSCO
2022-04-25,1.4969402059306833,1.5445666,lstm,CUSCO
2022-05-02,1.0140562685336885,1.4011375,lstm,CUSCO
2022-05-09,1.3037866309718853,1.5162526,lstm,CUSCO
2022-05-16,1.4969402059306833,1.7962589,lstm,CUSCO
2022-05-23,1.8108147652387299,1.9392089,lstm,CUSCO
2022-05-30,1.714237977759331,1.8965616,lstm,CUSCO
2022-06-06,1.7383821746291808,1.9341302,lstm,CUSCO
2022-06-13,1.8349589621085798,1.9363893,lstm,CUSCO
2022-06-20,1.9073915527181289,1.8899063,lstm,CUSCO
2022-06-27,1.8591031589784297,1.8946776,lstm,CUSCO
2022-07-04,2.124689324546777,1.9296309,lstm,CUSCO
2022-07-11,2.2454103088960253,1.8474189,lstm,CUSCO
2022-07-18,2.293698702635725,1.9207376,lstm,CUSCO
2022-07-25,2.003968340197528,1.9743959,lstm,CUSCO
2022-08-01,1.81081476523873,2.064945,lstm,CUSCO
2022-08-08,1.81081476523873,1.9173023,lstm,CUSCO
2022-08-15,1.7625263714990307,2.0478365,lstm,CUSCO
2022-08-22,1.665949584019632,2.3315148,lstm,CUSCO
2022-08-29,1.448651812190984,2.3892584,lstm,CUSCO
2022-09-05,1.6900937808894814,2.1525004,lstm,CUSCO
2022-09-12,1.6176611902799323,2.2169883,lstm,CUSCO
2022-09-19,1.714237977759331,1.6349605,lstm,CUSCO
2022-09-26,1.3279308278417352,1.7371777,lstm,CUSCO
2022-10-03,1.4727960090608336,1.6735115,lstm,CUSCO
2022-10-10,1.5935169934100823,1.5234478,lstm,CUSCO
2022-10-17,1.9073915527181289,1.4853506,lstm,CUSCO
2022-10-24,1.9315357495879788,1.4978222,lstm,CUSCO
2022-10-31,1.8349589621085798,1.7073389,lstm,CUSCO
2022-11-07,1.641805387149782,1.5572479,lstm,CUSCO
2022-11-14,1.7142379777593313,1.4817873,lstm,CUSCO
2022-11-21,1.448651812190984,1.5061233,lstm,CUSCO
2022-11-28,1.448651812190984,1.4692093,lstm,CUSCO
2022-12-05,1.158921449752787,1.4926611,lstm,CUSCO
2022-12-12,1.255498237232186,1.1605093,lstm,CUSCO
2022-12-19,1.3037866309718857,1.3537906,lstm,CUSCO
2022-12-26,1.4245076153211345,1.3789302,lstm,CUSCO
2023-01-02,1.8300348202375554,1.4374863,lstm,CUSCO
2023-01-09,1.92248168227674,1.5494665,lstm,CUSCO
2023-01-16,1.7989015187765738,1.6334189,lstm,CUSCO
2023-01-23,1.439121215021259,1.6139758,lstm,CUSCO
2023-01-30,1.3431798006865083,1.4630705,lstm,CUSCO
2023-02-06,1.6549893972744478,1.594016,lstm,CUSCO
2023-02-13,1.7029601044418232,1.603386,lstm,CUSCO
2023-02-20,1.6789747508581356,1.5784347,lstm,CUSCO
2023-02-27,1.4870919221886343,1.4832176,lstm,CUSCO
2023-03-06,1.4870919221886343,1.5397934,lstm,CUSCO
2023-03-13,1.7269454580255108,1.5387856,lstm,CUSCO
2023-03-20,1.9907843474460751,1.5057042,lstm,CUSCO
2023-03-27,2.4944767727035155,1.7068468,lstm,CUSCO
2023-04-03,2.7343303085403927,1.6336015,lstm,CUSCO
2023-04-10,2.638388894205642,1.5291137,lstm,CUSCO
2023-04-17,2.782301015707768,1.5852661,lstm,CUSCO
2023-04-24,2.7343303085403927,1.6962156,lstm,CUSCO
2023-05-01,3.0461399051283315,1.742065,lstm,CUSCO
2023-05-08,2.8782424300425187,1.8263582,lstm,CUSCO
2023-05-15,2.5904181870382663,1.8014512,lstm,CUSCO
2023-05-22,2.230637883282952,1.9353064,lstm,CUSCO
2023-05-29,2.2546232368666392,2.0172632,lstm,CUSCO
2023-06-05,2.470491419119828,2.0539715,lstm,CUSCO
2023-06-12,2.518462126287204,2.2554786,lstm,CUSCO
2023-06-19,2.446506065536141,2.0120354,lstm,CUSCO
2023-06-26,2.830271722875143,1.8415172,lstm,CUSCO
2023-07-03,2.7343303085403927,1.6861217,lstm,CUSCO
2023-07-10,2.3745500047850774,1.6450552,lstm,CUSCO
2023-07-17,1.8468722259439492,1.5407256,lstm,CUSCO
2023-07-24,2.206652529699264,1.8411624,lstm,CUSCO
2023-07-31,2.326579297617702,1.7179834,lstm,CUSCO
2023-08-07,2.134696468948201,1.7179005,lstm,CUSCO
2023-08-14,1.6070186901070727,1.6500261,lstm,CUSCO
2023-08-21,1.7749161651928862,1.5572695,lstm,CUSCO
2023-08-28,1.8708575795276365,1.5731103,lstm,CUSCO
2023-09-04,2.1826671761155763,1.5156865,lstm,CUSCO
2023-09-11,2.1107111153645133,1.524607,lstm,CUSCO
2023-09-18,2.014769701029763,1.691037,lstm,CUSCO
2023-09-25,2.0387550546134503,1.6260773,lstm,CUSCO
2023-10-02,1.9667989938623875,1.6740553,lstm,CUSCO
2023-10-09,2.1107111153645133,1.6465374,lstm,CUSCO
2023-10-16,2.0387550546134503,1.6157961,lstm,CUSCO
2023-10-23,1.9188282866950122,1.5265976,lstm,CUSCO
2023-10-30,1.8708575795276368,1.6823897,lstm,CUSCO
2023-11-06,1.9907843474460751,1.3959621,lstm,CUSCO
2023-11-13,2.2546232368666392,1.6525711,lstm,CUSCO
2023-11-20,2.35056465120139,1.5046686,lstm,CUSCO
2023-11-27,2.398535358368765,1.5727639,lstm,CUSCO
2023-12-04,2.2546232368666392,1.5641977,lstm,CUSCO
2010-12-27,1.3915560379616487,0.824418,lstm,MOQUEGUA
2011-01-03,0.9939685985440346,0.76955026,lstm,MOQUEGUA
2011-01-10,0.5939812561546877,0.56460565,lstm,MOQUEGUA
2011-01-17,0.19639381673707376,0.73127997,lstm,MOQUEGUA
2011-01-24,0.3927876334741476,0.8034758,lstm,MOQUEGUA
2011-01-31,0.19639381673707376,0.8335731,lstm,MOQUEGUA
2011-02-07,0.3927876334741476,0.87862235,lstm,MOQUEGUA
2011-02-14,0.19639381673707376,0.9155982,lstm,MOQUEGUA
2011-02-21,0.7855752669482953,0.61213905,lstm,MOQUEGUA
2011-02-28,1.178362900422443,0.6559068,lstm,MOQUEGUA
2011-03-07,1.178362900422443,0.7603347,lstm,MOQUEGUA
2011-03-14,0.7855752669482953,0.60608375,lstm,MOQUEGUA
2011-03-21,0.3927876334741476,0.81209594,lstm,MOQUEGUA
2011-03-28,0.5891814502112215,0.7360016,lstm,MOQUEGUA
2011-04-04,0.7855752669482952,0.8115403,lstm,MOQUEGUA
2011-04-11,0.7855752669482952,0.86980903,lstm,MOQUEGUA
2011-04-18,0.5891814502112213,0.77633154,lstm,MOQUEGUA
2011-04-25,0.5891814502112215,0.79244256,lstm,MOQUEGUA
2011-05-02,0.5891814502112215,0.7720995,lstm,MOQUEGUA
2011-05-09,0.7855752669482952,0.78425556,lstm,MOQUEGUA
2011-05-16,0.39278763347414763,0.7266732,lstm,MOQUEGUA
2011-05-23,0.9819690836853692,0.7736577,lstm,MOQUEGUA
2011-05-30,1.178362900422443,0.8074443,lstm,MOQUEGUA
2011-06-06,1.5711505338965905,0.71661156,lstm,MOQUEGUA
2011-06-13,1.178362900422443,0.54730254,lstm,MOQUEGUA
2011-06-20,1.178362900422443,0.872012,lstm,MOQUEGUA
2011-06-27,0.7855752669482953,0.7860454,lstm,MOQUEGUA
2011-07-04,0.7855752669482953,0.85960025,lstm,MOQUEGUA
2011-07-11,1.178362900422443,0.97162235,lstm,MOQUEGUA
2011-07-18,1.374756717159517,0.97438264,lstm,MOQUEGUA
2011-07-25,0.9819690836853692,0.59878737,lstm,MOQUEGUA
2011-08-01,0.7855752669482955,0.89289373,lstm,MOQUEGUA
2011-08-08,1.374756717159517,0.8588602,lstm,MOQUEGUA
2011-08-15,1.5711505338965905,0.8833239,lstm,MOQUEGUA
2011-08-22,1.9639381673707383,0.8104368,lstm,MOQUEGUA
2011-08-29,1.374756717159517,0.7072802,lstm,MOQUEGUA
2011-09-05,1.1783629004224432,0.7505027,lstm,MOQUEGUA
2011-09-12,0.5891814502112216,0.7542624,lstm,MOQUEGUA
2011-09-19,0.5891814502112216,0.52858794,lstm,MOQUEGUA
2011-09-26,1.178362900422443,0.6928303,lstm,MOQUEGUA
2011-10-03,0.9819690836853693,0.71575487,lstm,MOQUEGUA
2011-10-10,0.9819690836853692,0.8955243,lstm,MOQUEGUA
2011-10-17,1.1783629004224432,0.83145463,lstm,MOQUEGUA
2011-10-24,1.1783629004224432,0.7603404,lstm,MOQUEGUA
2011-10-31,1.9639381673707386,0.91399103,lstm,MOQUEGUA
2011-11-07,1.374756717159517,0.8561928,lstm,MOQUEGUA
2011-11-14,1.571150533896591,0.76162773,lstm,MOQUEGUA
2011-11-21,0.9819690836853692,0.9521423,lstm,MOQUEGUA
2011-11-28,0.7855752669482955,0.8749515,lstm,MOQUEGUA
2011-12-05,0.5891814502112216,0.8394605,lstm,MOQUEGUA
2011-12-12,0.7855752669482955,1.002308,lstm,MOQUEGUA
2011-12-19,1.1783629004224432,0.91994405,lstm,MOQUEGUA
2011-12-26,0.9819690836853693,0.86109924,lstm,MOQUEGUA
2012-01-02,0.5868399305682147,0.86966527,lstm,MOQUEGUA
2012-01-09,0.388104594188134,0.8467237,lstm,MOQUEGUA
2012-01-16,0.5821568912822006,0.8811581,lstm,MOQUEGUA
2012-01-23,0.7762091883762677,0.7737696,lstm,MOQUEGUA
2012-01-30,1.1643137825644014,0.7239195,lstm,MOQUEGUA
2012-02-06,1.552418376752535,0.6695478,lstm,MOQUEGUA
2012-02-13,1.9405229709406686,0.71022946,lstm,MOQUEGUA
2012-02-20,1.9405229709406688,0.6896357,lstm,MOQUEGUA
2012-02-27,2.3286275651288024,0.53941154,lstm,MOQUEGUA
2012-03-05,2.1345752680347356,0.7536376,lstm,MOQUEGUA
2012-03-12,2.522679862222869,0.5889803,lstm,MOQUEGUA
2012-03-19,2.134575268034735,0.7263333,lstm,MOQUEGUA
2012-03-26,2.1345752680347356,0.5986248,lstm,MOQUEGUA
2012-04-02,1.3583660796584682,0.6600205,lstm,MOQUEGUA
2012-04-09,1.3583660796584682,0.71783096,lstm,MOQUEGUA
2012-04-16,1.1643137825644014,0.69517285,lstm,MOQUEGUA
2012-04-23,1.3583660796584682,0.6370151,lstm,MOQUEGUA
2012-04-30,0.7762091883762675,0.55409575,lstm,MOQUEGUA
2012-05-07,0.9702614854703344,0.67183375,lstm,MOQUEGUA
2012-05-14,0.7762091883762675,0.8988092,lstm,MOQUEGUA
2012-05-21,1.7464706738466018,1.0020363,lstm,MOQUEGUA
2012-05-28,1.9405229709406686,0.82263255,lstm,MOQUEGUA
2012-06-04,2.3286275651288024,0.9558605,lstm,MOQUEGUA
2012-06-11,1.9405229709406686,0.8425898,lstm,MOQUEGUA
2012-06-18,1.552418376752535,0.89554226,lstm,MOQUEGUA
2012-06-25,1.746470673846602,0.77728075,lstm,MOQUEGUA
2012-07-02,1.1643137825644014,0.7155403,lstm,MOQUEGUA
2012-07-09,1.3583660796584682,1.0001495,lstm,MOQUEGUA
2012-07-16,1.1643137825644012,1.0661447,lstm,MOQUEGUA
2012-07-23,1.9405229709406686,0.8541561,lstm,MOQUEGUA
2012-07-30,1.552418376752535,0.7312372,lstm,MOQUEGUA
2012-08-06,1.3583660796584682,0.8442194,lstm,MOQUEGUA
2012-08-13,1.7464706738466018,1.036488,lstm,MOQUEGUA
2012-08-20,1.9405229709406686,0.8719889,lstm,MOQUEGUA
2012-08-27,2.134575268034735,1.0107753,lstm,MOQUEGUA
2012-09-03,1.552418376752535,1.1047616,lstm,MOQUEGUA
2012-09-10,1.3583660796584678,1.1185077,lstm,MOQUEGUA
2012-09-17,0.9702614854703343,1.1119442,lstm,MOQUEGUA
2012-09-24,0.9702614854703343,1.2900028,lstm,MOQUEGUA
2012-10-01,0.9702614854703343,1.1332767,lstm,MOQUEGUA
2012-10-08,1.164313782564401,0.78884983,lstm,MOQUEGUA
2012-10-15,1.164313782564401,1.0718261,lstm,MOQUEGUA
2012-10-22,0.9702614854703343,1.0332876,lstm,MOQUEGUA
2012-10-29,0.9702614854703343,0.9141805,lstm,MOQUEGUA
2012-11-05,0.7762091883762675,0.98649734,lstm,MOQUEGUA
2012-11-12,1.3583660796584678,0.92684835,lstm,MOQUEGUA
2012-11-19,2.134575268034735,1.026971,lstm,MOQUEGUA
2012-11-26,2.328627565128802,0.88250107,lstm,MOQUEGUA
2012-12-03,2.134575268034735,0.9211131,lstm,MOQUEGUA
2012-12-10,1.164313782564401,0.9022825,lstm,MOQUEGUA
2012-12-17,0.9702614854703343,0.9197266,lstm,MOQUEGUA
2012-12-24,0.9702614854703343,0.8934628,lstm,MOQUEGUA
2012-12-31,1.1643137825644012,0.9036974,lstm,MOQUEGUA
2013-01-07,1.54327300233261,0.9222582,lstm,MOQUEGUA
2013-01-14,1.5387003151226477,0.8803358,lstm,MOQUEGUA
2013-01-21,1.3423616744235993,0.98733586,lstm,MOQUEGUA
2013-01-28,1.150595720934514,0.99067074,lstm,MOQUEGUA
2013-02-04,0.7670638139563426,0.884757,lstm,MOQUEGUA
2013-02-11,1.150595720934514,0.87019616,lstm,MOQUEGUA
2013-02-18,0.9588297674454282,1.4741397,lstm,MOQUEGUA
2013-02-25,0.9588297674454282,1.457859,lstm,MOQUEGUA
2013-03-04,0.3835319069781713,1.5659713,lstm,MOQUEGUA
2013-03-11,0.0,1.4723243,lstm,MOQUEGUA
2013-03-18,0.19176595348908565,1.189744,lstm,MOQUEGUA
2013-03-25,0.19176595348908565,1.2090708,lstm,MOQUEGUA
2013-04-01,0.3835319069781713,1.2964258,lstm,MOQUEGUA
2013-04-08,0.19176595348908565,1.2479886,lstm,MOQUEGUA
2013-04-15,0.3835319069781713,0.83025664,lstm,MOQUEGUA
2013-04-22,0.7670638139563426,0.9658849,lstm,MOQUEGUA
2013-04-29,1.150595720934514,1.0040716,lstm,MOQUEGUA
2013-05-06,1.150595720934514,0.8176787,lstm,MOQUEGUA
2013-05-13,0.9588297674454282,0.8617896,lstm,MOQUEGUA
2013-05-20,0.9588297674454282,0.7550549,lstm,MOQUEGUA
2013-05-27,0.7670638139563426,0.84146965,lstm,MOQUEGUA
2013-06-03,0.3835319069781713,0.8835498,lstm,MOQUEGUA
2013-06-10,0.575297860467257,0.9358462,lstm,MOQUEGUA
2013-06-17,1.150595720934514,1.040252,lstm,MOQUEGUA
2013-06-24,1.150595720934514,1.120955,lstm,MOQUEGUA
2013-07-01,1.150595720934514,1.1820718,lstm,MOQUEGUA
2013-07-08,1.5341276279126852,0.8794942,lstm,MOQUEGUA
2013-07-15,2.109425488379942,1.2140744,lstm,MOQUEGUA
2013-07-22,2.109425488379942,1.1755433,lstm,MOQUEGUA
2013-07-29,1.3423616744235993,1.0128878,lstm,MOQUEGUA
2013-08-05,1.3423616744235993,1.1028585,lstm,MOQUEGUA
2013-08-12,1.150595720934514,1.1004616,lstm,MOQUEGUA
2013-08-19,1.150595720934514,1.1028025,lstm,MOQUEGUA
2013-08-26,0.7670638139563426,1.088451,lstm,MOQUEGUA
2013-09-02,0.575297860467257,0.9870985,lstm,MOQUEGUA
2013-09-09,0.7670638139563426,1.129025,lstm,MOQUEGUA
2013-09-16,1.150595720934514,1.0079795,lstm,MOQUEGUA
2013-09-23,1.150595720934514,0.96742564,lstm,MOQUEGUA
2013-09-30,0.9588297674454282,0.94937056,lstm,MOQUEGUA
2013-10-07,0.575297860467257,0.97915894,lstm,MOQUEGUA
2013-10-14,0.7670638139563426,1.2813449,lstm,MOQUEGUA
2013-10-21,1.3423616744235993,1.0703709,lstm,MOQUEGUA
2013-10-28,1.5341276279126852,0.9571263,lstm,MOQUEGUA
2013-11-04,1.725893581401771,0.95420474,lstm,MOQUEGUA
2013-11-11,1.3423616744235993,0.9709292,lstm,MOQUEGUA
2013-11-18,1.3423616744235993,0.9082679,lstm,MOQUEGUA
2013-11-25,0.7670638139563426,1.0744135,lstm,MOQUEGUA
2013-12-02,1.150595720934514,1.0644662,lstm,MOQUEGUA
2013-12-09,0.9588297674454282,1.0405514,lstm,MOQUEGUA
2013-12-16,1.725893581401771,1.0155855,lstm,MOQUEGUA
2013-12-23,1.3423616744235993,0.9770426,lstm,MOQUEGUA
2013-12-30,1.5341276279126852,0.9385344,lstm,MOQUEGUA
2014-01-06,1.1461273753343144,1.0969424,lstm,MOQUEGUA
2014-01-13,0.952127249045129,0.94158095,lstm,MOQUEGUA
2014-01-20,1.1371906841339154,0.9587132,lstm,MOQUEGUA
2014-01-27,0.9476589034449296,0.89684486,lstm,MOQUEGUA
2014-02-03,0.9476589034449298,0.9487073,lstm,MOQUEGUA
2014-02-10,0.37906356137797187,0.9744381,lstm,MOQUEGUA
2014-02-17,0.18953178068898593,0.91971284,lstm,MOQUEGUA
2014-02-24,0.37906356137797187,0.985465,lstm,MOQUEGUA
2014-03-03,0.5685953420669578,0.91199225,lstm,MOQUEGUA
2014-03-10,0.5685953420669578,0.98883873,lstm,MOQUEGUA
2014-03-17,0.37906356137797187,0.9221798,lstm,MOQUEGUA
2014-03-24,0.7581271227559437,0.8477664,lstm,MOQUEGUA
2014-03-31,1.1371906841339154,0.8399652,lstm,MOQUEGUA
2014-04-07,0.9476589034449295,0.9486137,lstm,MOQUEGUA
2014-04-14,0.5685953420669578,0.801441,lstm,MOQUEGUA
2014-04-21,0.5685953420669578,0.76445997,lstm,MOQUEGUA
2014-04-28,0.5685953420669578,0.57301337,lstm,MOQUEGUA
2014-05-05,1.1371906841339157,0.748031,lstm,MOQUEGUA
2014-05-12,1.1371906841339157,0.76378363,lstm,MOQUEGUA
2014-05-19,1.5162542455118875,0.7553128,lstm,MOQUEGUA
2014-05-26,1.1371906841339157,0.8290404,lstm,MOQUEGUA
2014-06-02,1.5162542455118875,0.759387,lstm,MOQUEGUA
2014-06-09,1.1371906841339157,1.1866438,lstm,MOQUEGUA
2014-06-16,1.1371906841339157,1.2061037,lstm,MOQUEGUA
2014-06-23,0.7581271227559437,1.2280673,lstm,MOQUEGUA
2014-06-30,0.9476589034449298,1.275749,lstm,MOQUEGUA
2014-07-07,0.9476589034449298,1.2898393,lstm,MOQUEGUA
2014-07-14,0.9476589034449298,1.2294194,lstm,MOQUEGUA
2014-07-21,1.1371906841339157,1.2466303,lstm,MOQUEGUA
2014-07-28,1.3267224648229015,1.2393337,lstm,MOQUEGUA
2014-08-04,2.463913148956817,1.2061584,lstm,MOQUEGUA
2014-08-11,3.411572052401747,1.1503141,lstm,MOQUEGUA
2014-08-18,3.7906356137797186,1.237092,lstm,MOQUEGUA
2014-08-25,2.274381368267831,1.1915861,lstm,MOQUEGUA
2014-09-01,1.5162542455118875,1.0085597,lstm,MOQUEGUA
2014-09-08,0.9476589034449296,1.1682872,lstm,MOQUEGUA
2014-09-15,1.7057860262008735,1.0928224,lstm,MOQUEGUA
2014-09-22,1.7057860262008735,1.1807537,lstm,MOQUEGUA
2014-09-29,1.8953178068898593,1.334796,lstm,MOQUEGUA
2014-10-06,1.3267224648229015,1.1932861,lstm,MOQUEGUA
2014-10-13,1.7057860262008733,1.289405,lstm,MOQUEGUA
2014-10-20,1.7057860262008733,1.1956031,lstm,MOQUEGUA
2014-10-27,1.895317806889859,1.39755,lstm,MOQUEGUA
2014-11-03,1.8953178068898593,1.283176,lstm,MOQUEGUA
2014-11-10,1.5162542455118875,1.2666516,lstm,MOQUEGUA
2014-11-17,1.7057860262008733,1.3119872,lstm,MOQUEGUA
2014-11-24,0.7581271227559437,1.3878345,lstm,MOQUEGUA
2014-12-01,0.5685953420669577,1.3579073,lstm,MOQUEGUA
2014-12-08,0.0,1.166686,lstm,MOQUEGUA
2014-12-15,0.18953178068898593,1.1465595,lstm,MOQUEGUA
2014-12-22,0.18953178068898593,0.8424712,lstm,MOQUEGUA
2014-12-29,1.3267224648229015,0.87452275,lstm,MOQUEGUA
2015-01-05,1.511890923942069,1.0280198,lstm,MOQUEGUA
2015-01-12,2.261291403558376,0.6818475,lstm,MOQUEGUA
2015-01-19,1.3114508393285373,1.0242913,lstm,MOQUEGUA
2015-01-26,0.9367505995203839,0.9177441,lstm,MOQUEGUA
2015-02-02,0.56205035971223,1.0614202,lstm,MOQUEGUA
2015-02-09,0.56205035971223,0.8824871,lstm,MOQUEGUA
2015-02-16,0.7494004796163068,0.88008463,lstm,MOQUEGUA
2015-02-23,0.7494004796163068,0.9129423,lstm,MOQUEGUA
2015-03-02,1.12410071942446,0.85717195,lstm,MOQUEGUA
2015-03-09,1.1241007194244603,0.7465881,lstm,MOQUEGUA
2015-03-16,0.7494004796163067,0.7474842,lstm,MOQUEGUA
2015-03-23,0.7494004796163068,0.7235197,lstm,MOQUEGUA
2015-03-30,0.7494004796163067,0.81566584,lstm,MOQUEGUA
2015-04-06,0.9367505995203835,0.8558842,lstm,MOQUEGUA
2015-04-13,1.1241007194244605,0.78951734,lstm,MOQUEGUA
2015-04-20,1.6861510791366907,0.7991828,lstm,MOQUEGUA
2015-04-27,2.0608513189448443,0.8797065,lstm,MOQUEGUA
2015-05-04,2.060851318944844,0.9544087,lstm,MOQUEGUA
2015-05-11,1.873501199040767,1.0534761,lstm,MOQUEGUA
2015-05-18,1.4988009592326137,1.1139474,lstm,MOQUEGUA
2015-05-25,0.9367505995203835,1.0869647,lstm,MOQUEGUA
2015-06-01,0.7494004796163068,1.0919234,lstm,MOQUEGUA
2015-06-08,0.7494004796163068,1.1633099,lstm,MOQUEGUA
2015-06-15,1.12410071942446,1.3513887,lstm,MOQUEGUA
2015-06-22,1.311450839328537,1.2464613,lstm,MOQUEGUA
2015-06-29,1.873501199040767,1.4131037,lstm,MOQUEGUA
2015-07-06,2.060851318944844,1.3130115,lstm,MOQUEGUA
2015-07-13,2.248201438848921,1.1578777,lstm,MOQUEGUA
2015-07-20,2.4355515587529974,1.1636478,lstm,MOQUEGUA
2015-07-27,2.0608513189448443,1.4042083,lstm,MOQUEGUA
2015-08-03,1.6861510791366907,1.4093579,lstm,MOQUEGUA
2015-08-10,1.6861510791366907,1.304826,lstm,MOQUEGUA
2015-08-17,1.311450839328537,1.3676598,lstm,MOQUEGUA
2015-08-24,1.3114508393285371,1.3623713,lstm,MOQUEGUA
2015-08-31,0.7494004796163068,1.6932684,lstm,MOQUEGUA
2015-09-07,1.1241007194244605,1.6981907,lstm,MOQUEGUA
2015-09-14,1.4988009592326137,1.6248884,lstm,MOQUEGUA
2015-09-21,1.6861510791366905,1.5264803,lstm,MOQUEGUA
2015-09-28,2.060851318944844,1.4964837,lstm,MOQUEGUA
2015-10-05,2.060851318944844,1.4759641,lstm,MOQUEGUA
2015-10-12,2.060851318944844,1.4598969,lstm,MOQUEGUA
2015-10-19,1.4988009592326141,1.4640083,lstm,MOQUEGUA
2015-10-26,1.1241007194244605,1.3479289,lstm,MOQUEGUA
2015-11-02,1.6861510791366907,1.2121567,lstm,MOQUEGUA
2015-11-09,2.248201438848921,1.2271796,lstm,MOQUEGUA
2015-11-16,2.4355515587529974,1.3493843,lstm,MOQUEGUA
2015-11-23,2.6229016786570742,1.1078527,lstm,MOQUEGUA
2015-11-30,2.4355515587529974,1.1186771,lstm,MOQUEGUA
2015-12-07,1.8735011990407673,1.222516,lstm,MOQUEGUA
2015-12-14,1.1241007194244605,1.252444,lstm,MOQUEGUA
2015-12-21,0.9367505995203839,1.2163258,lstm,MOQUEGUA
2015-12-28,0.9367505995203839,1.1609012,lstm,MOQUEGUA
2016-01-04,0.5599173234910843,1.1932249,lstm,MOQUEGUA
2016-01-11,0.5556512510487919,1.1364168,lstm,MOQUEGUA
2016-01-18,0.5556512510487919,1.1417032,lstm,MOQUEGUA
2016-01-25,0.5556512510487918,1.0314163,lstm,MOQUEGUA
2016-02-01,0.3704341673658613,1.0810723,lstm,MOQUEGUA
2016-02-08,0.3704341673658613,0.93612194,lstm,MOQUEGUA
2016-02-15,0.555651251048792,0.7762264,lstm,MOQUEGUA
2016-02-22,0.3704341673658613,0.9510569,lstm,MOQUEGUA
2016-02-29,0.37043416736586127,0.93954855,lstm,MOQUEGUA
2016-03-07,0.0,0.9343875,lstm,MOQUEGUA
2016-03-14,0.9260854184146531,0.5365449,lstm,MOQUEGUA
2016-03-21,1.481736669463445,0.95292205,lstm,MOQUEGUA
2016-03-28,1.8521708368293062,0.762717,lstm,MOQUEGUA
2016-04-04,1.2965195857805143,0.6281659,lstm,MOQUEGUA
2016-04-11,1.2965195857805143,0.7767946,lstm,MOQUEGUA
2016-04-18,1.481736669463445,0.7293147,lstm,MOQUEGUA
2016-04-25,1.2965195857805143,0.7999146,lstm,MOQUEGUA
2016-05-02,1.481736669463445,0.80623627,lstm,MOQUEGUA
2016-05-09,1.6669537531463756,0.8367963,lstm,MOQUEGUA
2016-05-16,2.593039171561028,1.1562436,lstm,MOQUEGUA
2016-05-23,2.7782562552439587,1.2046468,lstm,MOQUEGUA
2016-05-30,2.222605004195167,1.2533108,lstm,MOQUEGUA
2016-06-06,1.8521708368293062,1.3670176,lstm,MOQUEGUA
2016-06-13,1.6669537531463756,1.1593536,lstm,MOQUEGUA
2016-06-20,2.222605004195167,1.219274,lstm,MOQUEGUA
2016-06-27,1.6669537531463756,1.3359814,lstm,MOQUEGUA
2016-07-04,1.1113025020975835,1.4281653,lstm,MOQUEGUA
2016-07-11,1.481736669463445,1.3668913,lstm,MOQUEGUA
2016-07-18,2.0373879205122365,1.4703975,lstm,MOQUEGUA
2016-07-25,2.222605004195167,1.5109087,lstm,MOQUEGUA
2016-08-01,2.0373879205122365,1.4479067,lstm,MOQUEGUA
2016-08-08,1.8521708368293062,1.6548977,lstm,MOQUEGUA
2016-08-15,2.0373879205122365,1.3137549,lstm,MOQUEGUA
2016-08-22,2.0373879205122365,1.4562076,lstm,MOQUEGUA
2016-08-29,2.0373879205122365,1.4486108,lstm,MOQUEGUA
2016-09-05,2.96347333892689,1.4641168,lstm,MOQUEGUA
2016-09-12,3.1486904226098207,1.3543266,lstm,MOQUEGUA
2016-09-19,3.1486904226098207,1.1699075,lstm,MOQUEGUA
2016-09-26,2.2226050041951675,2.556501,lstm,MOQUEGUA
2016-10-03,1.481736669463445,1.4432707,lstm,MOQUEGUA
2016-10-10,0.9260854184146533,1.070413,lstm,MOQUEGUA
2016-10-17,0.9260854184146533,1.5035902,lstm,MOQUEGUA
2016-10-24,1.111302502097584,1.6220813,lstm,MOQUEGUA
2016-10-31,1.6669537531463754,1.3812116,lstm,MOQUEGUA
2016-11-07,1.2965195857805145,1.5616288,lstm,MOQUEGUA
2016-11-14,1.6669537531463756,1.5415734,lstm,MOQUEGUA
2016-11-21,1.481736669463445,1.2958753,lstm,MOQUEGUA
2016-11-28,1.8521708368293062,1.0773019,lstm,MOQUEGUA
2016-12-05,1.2965195857805145,1.1326203,lstm,MOQUEGUA
2016-12-12,1.481736669463445,1.2437801,lstm,MOQUEGUA
2016-12-19,1.6669537531463756,1.1743283,lstm,MOQUEGUA
2016-12-26,2.407822087878098,1.1739932,lstm,MOQUEGUA
2017-01-02,2.4015700687691797,1.1713451,lstm,MOQUEGUA
2017-01-09,2.210100965977331,1.258658,lstm,MOQUEGUA
2017-01-16,2.014463850446204,0.8950491,lstm,MOQUEGUA
2017-01-23,2.1975969277594953,0.9583003,lstm,MOQUEGUA
2017-01-30,2.3807300050727864,1.0518845,lstm,MOQUEGUA
2017-02-06,2.3807300050727864,0.9734095,lstm,MOQUEGUA
2017-02-13,2.563863082386078,0.8726827,lstm,MOQUEGUA
2017-02-20,2.563863082386078,0.92340714,lstm,MOQUEGUA
2017-02-27,2.014463850446204,0.7633089,lstm,MOQUEGUA
2017-03-06,1.4650646185063303,0.9008479,lstm,MOQUEGUA
2017-03-13,0.7325323092531653,0.9821655,lstm,MOQUEGUA
2017-03-20,1.0987984638797477,1.293856,lstm,MOQUEGUA
2017-03-27,0.7325323092531653,1.1673774,lstm,MOQUEGUA
2017-04-03,1.4650646185063303,1.2672195,lstm,MOQUEGUA
2017-04-10,1.831330773132913,1.149434,lstm,MOQUEGUA
2017-04-17,3.1132623143259512,1.2728857,lstm,MOQUEGUA
2017-04-24,3.1132623143259512,1.4356616,lstm,MOQUEGUA
2017-05-01,2.3807300050727864,1.3741841,lstm,MOQUEGUA
2017-05-08,1.4650646185063303,1.4356006,lstm,MOQUEGUA
2017-05-15,1.4650646185063303,1.3205522,lstm,MOQUEGUA
2017-05-22,1.8313307731329127,1.4276168,lstm,MOQUEGUA
2017-05-29,2.197596927759495,1.7101399,lstm,MOQUEGUA
2017-06-05,2.014463850446204,1.3497697,lstm,MOQUEGUA
2017-06-12,2.5638630823860775,1.7138214,lstm,MOQUEGUA
2017-06-19,3.1132623143259512,2.6365328,lstm,MOQUEGUA
2017-06-26,3.479528468952534,1.6677914,lstm,MOQUEGUA
2017-07-03,3.8457946235791165,1.7391928,lstm,MOQUEGUA
2017-07-10,4.028927700892408,1.4051688,lstm,MOQUEGUA
2017-07-17,4.395193855518991,1.8148361,lstm,MOQUEGUA
2017-07-24,3.479528468952534,1.8737427,lstm,MOQUEGUA
2017-07-31,3.8457946235791165,1.7039754,lstm,MOQUEGUA
2017-08-07,3.2963953916392428,1.6915803,lstm,MOQUEGUA
2017-08-14,2.746996159699369,1.8290313,lstm,MOQUEGUA
2017-08-21,1.6481976958196214,1.9548123,lstm,MOQUEGUA
2017-08-28,2.014463850446204,2.009909,lstm,MOQUEGUA
2017-09-04,2.380730005072787,1.7705024,lstm,MOQUEGUA
2017-09-11,2.0144638504462042,1.8289372,lstm,MOQUEGUA
2017-09-18,1.0987984638797477,2.2146401,lstm,MOQUEGUA
2017-09-25,0.9156653865664565,2.111505,lstm,MOQUEGUA
2017-10-02,1.6481976958196214,2.1585073,lstm,MOQUEGUA
2017-10-09,2.563863082386078,2.0809898,lstm,MOQUEGUA
2017-10-16,3.6626615462658254,1.9315909,lstm,MOQUEGUA
2017-10-23,3.6626615462658254,1.8154817,lstm,MOQUEGUA
2017-10-30,2.9301292370126606,1.515955,lstm,MOQUEGUA
2017-11-06,2.563863082386078,1.7534511,lstm,MOQUEGUA
2017-11-13,2.380730005072787,1.8221878,lstm,MOQUEGUA
2017-11-20,3.1132623143259512,1.6623409,lstm,MOQUEGUA
2017-11-27,2.563863082386078,1.7117395,lstm,MOQUEGUA
2017-12-04,2.380730005072787,1.8501084,lstm,MOQUEGUA
2017-12-11,2.014463850446204,1.7349854,lstm,MOQUEGUA
2017-12-18,1.831330773132913,1.5534954,lstm,MOQUEGUA
2017-12-25,1.6481976958196218,1.7264038,lstm,MOQUEGUA
2018-01-01,1.988793716617806,1.4222928,lstm,MOQUEGUA
2018-01-08,2.159091727016898,1.6751742,lstm,MOQUEGUA
2018-01-15,2.503966103453149,1.921946,lstm,MOQUEGUA
2018-01-22,2.146256660102699,1.7482632,lstm,MOQUEGUA
2018-01-29,2.3251113817779236,1.9910127,lstm,MOQUEGUA
2018-02-05,2.8616755468035984,1.7893349,lstm,MOQUEGUA
2018-02-12,2.5039661034531484,1.9569103,lstm,MOQUEGUA
2018-02-19,2.3251113817779236,2.1122813,lstm,MOQUEGUA
2018-02-26,1.2519830517265744,2.095051,lstm,MOQUEGUA
2018-03-05,1.4308377734017992,2.1732428,lstm,MOQUEGUA
2018-03-12,1.6096924950770244,2.3262203,lstm,MOQUEGUA
2018-03-19,1.7885472167522491,2.365841,lstm,MOQUEGUA
2018-03-26,2.1462566601026984,2.209967,lstm,MOQUEGUA
2018-04-02,2.5039661034531484,2.3779106,lstm,MOQUEGUA
2018-04-09,2.6828208251283727,2.3281841,lstm,MOQUEGUA
2018-04-16,2.8616755468035984,2.1359434,lstm,MOQUEGUA
2018-04-23,2.503966103453149,2.1182325,lstm,MOQUEGUA
2018-04-30,2.6828208251283736,2.2147696,lstm,MOQUEGUA
2018-05-07,2.146256660102699,2.045286,lstm,MOQUEGUA
2018-05-14,2.325111381777923,2.2782316,lstm,MOQUEGUA
2018-05-21,2.146256660102699,2.1478317,lstm,MOQUEGUA
2018-05-28,2.325111381777923,2.2585118,lstm,MOQUEGUA
2018-06-04,2.1462566601026984,2.9078896,lstm,MOQUEGUA
2018-06-11,1.967401938427474,2.8271327,lstm,MOQUEGUA
2018-06-18,3.219384990154048,2.8794627,lstm,MOQUEGUA
2018-06-25,3.040530268478823,2.773794,lstm,MOQUEGUA
2018-07-02,3.040530268478823,2.600129,lstm,MOQUEGUA
2018-07-09,1.609692495077024,2.5408816,lstm,MOQUEGUA
2018-07-16,2.6828208251283736,2.491342,lstm,MOQUEGUA
2018-07-23,3.5770944335044974,2.6144605,lstm,MOQUEGUA
2018-07-30,3.934803876854948,2.5747666,lstm,MOQUEGUA
2018-08-06,3.5770944335044974,2.4464204,lstm,MOQUEGUA
2018-08-13,3.040530268478823,2.5755541,lstm,MOQUEGUA
2018-08-20,3.398239711829273,2.5519888,lstm,MOQUEGUA
2018-08-27,3.040530268478823,2.6723845,lstm,MOQUEGUA
2018-09-03,2.8616755468035984,2.750968,lstm,MOQUEGUA
2018-09-10,2.1462566601026984,3.0232365,lstm,MOQUEGUA
2018-09-17,1.967401938427474,2.335258,lstm,MOQUEGUA
2018-09-24,1.967401938427474,2.9066806,lstm,MOQUEGUA
2018-10-01,2.3251113817779236,2.8440971,lstm,MOQUEGUA
2018-10-08,2.1462566601026984,2.6713035,lstm,MOQUEGUA
2018-10-15,1.967401938427474,2.7693694,lstm,MOQUEGUA
2018-10-22,2.3251113817779236,1.9833871,lstm,MOQUEGUA
2018-10-29,2.6828208251283736,2.0566459,lstm,MOQUEGUA
2018-11-05,3.7559491551797226,2.0450325,lstm,MOQUEGUA
2018-11-12,3.7559491551797226,2.0853093,lstm,MOQUEGUA
2018-11-19,3.040530268478823,2.210524,lstm,MOQUEGUA
2018-11-26,1.9674019384274741,2.1474094,lstm,MOQUEGUA
2018-12-03,1.6096924950770244,1.8891488,lstm,MOQUEGUA
2018-12-10,1.7885472167522494,2.0538478,lstm,MOQUEGUA
2018-12-17,1.967401938427474,2.4393587,lstm,MOQUEGUA
2018-12-24,1.967401938427474,2.5605965,lstm,MOQUEGUA
2018-12-31,1.7885472167522491,2.3473098,lstm,MOQUEGUA
2019-01-07,1.24876937595865,2.395895,lstm,MOQUEGUA
2019-01-14,0.3544957675825256,1.6379819,lstm,MOQUEGUA
2019-01-21,0.8782052295365014,1.7051318,lstm,MOQUEGUA
2019-01-28,1.2294873213511017,1.758026,lstm,MOQUEGUA
2019-02-04,2.458974642702203,1.7070141,lstm,MOQUEGUA
2019-02-11,2.283333596794903,1.3600231,lstm,MOQUEGUA
2019-02-18,2.9858977804241036,1.5305021,lstm,MOQUEGUA
2019-02-25,2.6346156886095033,1.6999824,lstm,MOQUEGUA
2019-03-04,2.634615688609503,1.6206815,lstm,MOQUEGUA
2019-03-11,2.1076925508876028,1.7676358,lstm,MOQUEGUA
2019-03-18,2.1076925508876028,1.6501294,lstm,MOQUEGUA
2019-03-25,1.7564104590730023,1.5835536,lstm,MOQUEGUA
2019-04-01,1.580769413165702,1.5588558,lstm,MOQUEGUA
2019-04-08,1.229487321351102,2.0527935,lstm,MOQUEGUA
2019-04-15,1.2294873213511017,2.0700088,lstm,MOQUEGUA
2019-04-22,1.0538462754438018,2.0964017,lstm,MOQUEGUA
2019-04-29,1.0538462754438018,1.9041785,lstm,MOQUEGUA
2019-05-06,1.7564104590730025,2.0277753,lstm,MOQUEGUA
2019-05-13,2.458974642702203,2.0818005,lstm,MOQUEGUA
2019-05-20,2.8102567345168037,2.0973558,lstm,MOQUEGUA
2019-05-27,3.161538826331404,2.0775685,lstm,MOQUEGUA
2019-06-03,2.6346156886095033,1.971479,lstm,MOQUEGUA
2019-06-10,2.8102567345168032,2.4975495,lstm,MOQUEGUA
2019-06-17,2.8102567345168037,2.2284606,lstm,MOQUEGUA
2019-06-24,2.9858977804241036,2.3403869,lstm,MOQUEGUA
2019-07-01,3.8641030099606044,2.7218838,lstm,MOQUEGUA
2019-07-08,4.039744055867904,2.6832592,lstm,MOQUEGUA
2019-07-15,4.215385101775205,2.7643461,lstm,MOQUEGUA
2019-07-22,3.3371798722387034,2.8202238,lstm,MOQUEGUA
2019-07-29,2.8102567345168032,2.9716132,lstm,MOQUEGUA
2019-08-05,2.8102567345168032,3.0699468,lstm,MOQUEGUA
2019-08-12,4.039744055867904,2.700752,lstm,MOQUEGUA
2019-08-19,4.742308239497105,2.9698348,lstm,MOQUEGUA
2019-08-26,5.093590331311705,2.6267312,lstm,MOQUEGUA
2019-09-02,3.6884619640533036,2.6984124,lstm,MOQUEGUA
2019-09-09,3.1615388263314035,2.4749126,lstm,MOQUEGUA
2019-09-16,2.6346156886095033,2.7121193,lstm,MOQUEGUA
2019-09-23,2.6346156886095033,2.8931956,lstm,MOQUEGUA
2019-09-30,2.2833335967949027,2.6313548,lstm,MOQUEGUA
2019-10-07,2.8102567345168032,2.2446315,lstm,MOQUEGUA
2019-10-14,2.9858977804241036,2.7231765,lstm,MOQUEGUA
2019-10-21,3.5128209181460037,2.3841588,lstm,MOQUEGUA
2019-10-28,3.161538826331404,2.299467,lstm,MOQUEGUA
2019-11-04,2.2833335967949027,2.398637,lstm,MOQUEGUA
2019-11-11,2.2833335967949027,2.0562532,lstm,MOQUEGUA
2019-11-18,2.4589746427022035,3.1190135,lstm,MOQUEGUA
2019-11-25,3.161538826331404,2.4964921,lstm,MOQUEGUA
2019-12-02,2.458974642702203,1.6886793,lstm,MOQUEGUA
2019-12-09,2.458974642702203,2.2982512,lstm,MOQUEGUA
2019-12-16,2.8102567345168032,2.0899107,lstm,MOQUEGUA
2019-12-23,3.1615388263314035,2.1933517,lstm,MOQUEGUA
2019-12-30,2.458974642702203,2.11312,lstm,MOQUEGUA
2020-01-06,1.921265537255083,2.2151647,lstm,MOQUEGUA
2020-01-13,2.080727631574554,1.6894026,lstm,MOQUEGUA
2020-01-20,1.7294455397599535,2.074821,lstm,MOQUEGUA
2020-01-27,1.7294455397599535,2.2451317,lstm,MOQUEGUA
2020-02-03,1.9023900937359486,2.1742177,lstm,MOQUEGUA
2020-02-10,2.767112863615925,2.0285072,lstm,MOQUEGUA
2020-02-17,2.767112863615925,2.1698656,lstm,MOQUEGUA
2020-02-24,1.7294455397599533,2.262781,lstm,MOQUEGUA
2020-03-02,1.9023900937359486,1.7412219,lstm,MOQUEGUA
2020-03-09,1.5565009857839582,1.7457374,lstm,MOQUEGUA
2020-03-16,2.767112863615925,1.6223936,lstm,MOQUEGUA
2020-03-23,1.7294455397599535,1.8443525,lstm,MOQUEGUA
2020-03-30,1.7294455397599535,2.0257022,lstm,MOQUEGUA
2020-04-06,0.6917782159039817,2.1213596,lstm,MOQUEGUA
2020-04-13,0.8647227698799771,2.2758877,lstm,MOQUEGUA
2020-04-20,0.8647227698799771,2.2523112,lstm,MOQUEGUA
2020-04-27,0.8647227698799771,2.2292929,lstm,MOQUEGUA
2020-05-04,1.7294455397599533,2.3534658,lstm,MOQUEGUA
2020-05-11,1.9023900937359486,2.294843,lstm,MOQUEGUA
2020-05-18,1.9023900937359486,2.2829483,lstm,MOQUEGUA
2020-05-25,0.8647227698799771,2.2302244,lstm,MOQUEGUA
2020-06-01,0.8647227698799771,2.124907,lstm,MOQUEGUA
2020-06-08,1.2106118778319677,1.9721403,lstm,MOQUEGUA
2020-06-15,2.421223755663935,2.2153575,lstm,MOQUEGUA
2020-06-22,2.2482792016879394,2.284641,lstm,MOQUEGUA
2020-06-29,2.2482792016879394,2.4141035,lstm,MOQUEGUA
2020-07-06,2.2482792016879394,2.1285958,lstm,MOQUEGUA
2020-07-13,2.59416830963993,2.3137412,lstm,MOQUEGUA
2020-07-20,7.6095603749437934,2.207691,lstm,MOQUEGUA
2020-07-27,9.857839576631733,2.5288143,lstm,MOQUEGUA
2020-08-03,12.10611877831967,2.6303332,lstm,MOQUEGUA
2020-08-10,11.587285116391685,3.0021822,lstm,MOQUEGUA
2020-08-17,11.41434056241569,2.979386,lstm,MOQUEGUA
2020-08-24,10.722562346511708,2.7738173,lstm,MOQUEGUA
2020-08-31,7.6095603749437934,2.8073456,lstm,MOQUEGUA
2020-09-07,5.707170281207845,2.693602,lstm,MOQUEGUA
2020-09-14,4.323613849399884,2.5463564,lstm,MOQUEGUA
2020-09-21,4.323613849399884,3.3259308,lstm,MOQUEGUA
2020-09-28,3.631835633495902,2.4219663,lstm,MOQUEGUA
2020-10-05,4.150669295423888,1.7322975,lstm,MOQUEGUA
2020-10-12,2.5941683096399304,2.9613702,lstm,MOQUEGUA
2020-10-19,2.0753346477119448,3.11201,lstm,MOQUEGUA
2020-10-26,1.0376673238559728,2.7859132,lstm,MOQUEGUA
2020-11-02,0.8647227698799776,2.9592228,lstm,MOQUEGUA
2020-11-09,1.0376673238559717,2.8867593,lstm,MOQUEGUA
2020-11-16,1.2106118778319683,2.5063286,lstm,MOQUEGUA
2020-11-23,1.556500985783959,2.2256994,lstm,MOQUEGUA
2020-11-30,2.421223755663935,2.1948528,lstm,MOQUEGUA
2020-12-07,2.24827920168794,2.5276048,lstm,MOQUEGUA
2020-12-14,2.940057417591921,2.089984,lstm,MOQUEGUA
2020-12-21,3.804780187471897,2.3305628,lstm,MOQUEGUA
2020-12-28,5.53422572723185,2.3548436,lstm,MOQUEGUA
2021-01-04,7.053897856361801,2.180882,lstm,MOQUEGUA
2021-01-11,8.052569920231178,2.2828193,lstm,MOQUEGUA
2021-01-18,10.246689038604403,2.180938,lstm,MOQUEGUA
2021-01-25,9.563576436030775,2.125226,lstm,MOQUEGUA
2021-02-01,8.88046383345715,2.1006684,lstm,MOQUEGUA
2021-02-08,5.806457121875828,1.9219481,lstm,MOQUEGUA
2021-02-15,3.9278974647983547,1.7418216,lstm,MOQUEGUA
2021-02-22,2.5616722596511017,1.7900095,lstm,MOQUEGUA
2021-03-01,3.7571193141549486,1.9236435,lstm,MOQUEGUA
2021-03-08,3.586341163511541,1.8458817,lstm,MOQUEGUA
2021-03-15,2.9032285609379147,2.0393786,lstm,MOQUEGUA
2021-03-22,0.6831126025736278,1.7666075,lstm,MOQUEGUA
2021-03-29,1.1954470545038478,2.018511,lstm,MOQUEGUA
2021-04-05,3.9278974647983547,1.9956889,lstm,MOQUEGUA
2021-04-12,7.685016778953302,1.9177759,lstm,MOQUEGUA
2021-04-19,9.051241984100557,1.8923799,lstm,MOQUEGUA
2021-04-26,9.051241984100555,1.7966534,lstm,MOQUEGUA
2021-05-03,10.588245339891214,2.4033966,lstm,MOQUEGUA
2021-05-10,10.588245339891214,2.222473,lstm,MOQUEGUA
2021-05-17,10.417467189247807,2.1630898,lstm,MOQUEGUA
2021-05-24,8.880463833457148,2.360928,lstm,MOQUEGUA
2021-05-31,10.417467189247807,2.7984395,lstm,MOQUEGUA
2021-06-07,9.905132737317588,2.8494625,lstm,MOQUEGUA
2021-06-14,7.5142386283098945,3.066312,lstm,MOQUEGUA
2021-06-21,5.294122669945607,3.0157788,lstm,MOQUEGUA
2021-06-28,4.09867561544176,3.0759177,lstm,MOQUEGUA
2021-07-05,3.2447848622247264,3.3796306,lstm,MOQUEGUA
2021-07-12,2.5616722596511,3.1898305,lstm,MOQUEGUA
2021-07-19,2.7324504102945064,3.7117927,lstm,MOQUEGUA
2021-07-26,2.3908941090076934,3.4978318,lstm,MOQUEGUA
2021-08-02,3.0740067115813203,3.4604375,lstm,MOQUEGUA
2021-08-09,3.2447848622247264,3.3252785,lstm,MOQUEGUA
2021-08-16,3.7571193141549464,3.4440382,lstm,MOQUEGUA
2021-08-23,3.244784862224727,3.7529235,lstm,MOQUEGUA
2021-08-30,2.220115958364287,3.00797,lstm,MOQUEGUA
2021-09-06,1.8785596570774736,2.8682642,lstm,MOQUEGUA
2021-09-13,1.195447054503847,3.6180205,lstm,MOQUEGUA
2021-09-20,1.5370033557906602,3.6330237,lstm,MOQUEGUA
2021-09-27,1.1954470545038467,3.4026566,lstm,MOQUEGUA
2021-10-04,1.707781506434067,2.8156152,lstm,MOQUEGUA
2021-10-11,1.02466890386044,3.2698958,lstm,MOQUEGUA
2021-10-18,1.5370033557906602,3.4326096,lstm,MOQUEGUA
2021-10-25,1.5370033557906602,3.451504,lstm,MOQUEGUA
2021-11-01,2.04933780772088,3.885785,lstm,MOQUEGUA
2021-11-08,1.8785596570774732,3.4688542,lstm,MOQUEGUA
2021-11-15,1.3662252051472532,2.1659415,lstm,MOQUEGUA
2021-11-22,1.0246689038604402,2.219831,lstm,MOQUEGUA
2021-11-29,1.0246689038604402,2.1905785,lstm,MOQUEGUA
2021-12-06,2.5616722596511003,2.5469353,lstm,MOQUEGUA
2021-12-13,3.0740067115813203,1.7412155,lstm,MOQUEGUA
2021-12-20,2.903228560937914,1.7783146,lstm,MOQUEGUA
2021-12-27,1.3662252051472532,2.5908158,lstm,MOQUEGUA
2022-01-03,1.019081792773549,1.3828814,lstm,MOQUEGUA
2022-01-10,1.6910201731733936,1.8617961,lstm,MOQUEGUA
2022-01-17,2.1959051436544255,1.797157,lstm,MOQUEGUA
2022-01-24,2.026989363373316,2.3637812,lstm,MOQUEGUA
2022-01-31,3.5472313859033022,1.9512486,lstm,MOQUEGUA
2022-02-07,4.222894507027742,2.0176387,lstm,MOQUEGUA
2022-02-14,5.405304968995509,1.5917556,lstm,MOQUEGUA
2022-02-21,3.3783156056221926,2.4223409,lstm,MOQUEGUA
2022-02-28,2.871568264778864,2.4046361,lstm,MOQUEGUA
2022-03-07,2.026989363373316,2.4072418,lstm,MOQUEGUA
2022-03-14,2.1959051436544255,2.4989903,lstm,MOQUEGUA
2022-03-21,2.026989363373316,2.610292,lstm,MOQUEGUA
2022-03-28,1.520242022529987,2.4525054,lstm,MOQUEGUA
2022-04-04,2.026989363373316,2.2981966,lstm,MOQUEGUA
2022-04-11,1.858073583092206,2.213598,lstm,MOQUEGUA
2022-04-18,2.0269893633733154,2.4309356,lstm,MOQUEGUA
2022-04-25,1.520242022529987,2.4050503,lstm,MOQUEGUA
2022-05-02,1.520242022529987,1.7897164,lstm,MOQUEGUA
2022-05-09,1.520242022529987,1.9506278,lstm,MOQUEGUA
2022-05-16,1.3513262422488772,1.8436589,lstm,MOQUEGUA
2022-05-23,1.013494681686658,1.9321905,lstm,MOQUEGUA
2022-05-30,1.1824104619677676,2.8087165,lstm,MOQUEGUA
2022-06-06,1.3513262422488772,2.298985,lstm,MOQUEGUA
2022-06-13,2.5337367042166448,1.8182765,lstm,MOQUEGUA
2022-06-20,2.5337367042166448,0.5672817,lstm,MOQUEGUA
2022-06-27,2.026989363373316,3.2192295,lstm,MOQUEGUA
2022-07-04,1.013494681686658,2.736596,lstm,MOQUEGUA
2022-07-11,1.1824104619677676,3.2226214,lstm,MOQUEGUA
2022-07-18,1.520242022529987,2.8570445,lstm,MOQUEGUA
2022-07-25,2.5337367042166448,2.8280675,lstm,MOQUEGUA
2022-08-01,1.8580735830922064,2.8729715,lstm,MOQUEGUA
2022-08-08,1.858073583092206,2.9967287,lstm,MOQUEGUA
2022-08-15,1.013494681686658,2.741613,lstm,MOQUEGUA
2022-08-22,1.5202420225299869,2.6540313,lstm,MOQUEGUA
2022-08-29,1.3513262422488772,2.9342258,lstm,MOQUEGUA
2022-09-05,1.013494681686658,2.2031488,lstm,MOQUEGUA
2022-09-12,0.6756631211244386,2.302276,lstm,MOQUEGUA
2022-09-19,0.506747340843329,2.167921,lstm,MOQUEGUA
2022-09-26,0.506747340843329,2.4570303,lstm,MOQUEGUA
2022-10-03,0.8445789014055483,2.580536,lstm,MOQUEGUA
2022-10-10,1.013494681686658,2.7007105,lstm,MOQUEGUA
2022-10-17,1.520242022529987,2.3026762,lstm,MOQUEGUA
2022-10-24,1.3513262422488772,2.1033058,lstm,MOQUEGUA
2022-10-31,1.858073583092206,2.1488802,lstm,MOQUEGUA
2022-11-07,1.1824104619677676,1.7624718,lstm,MOQUEGUA
2022-11-14,1.1824104619677676,1.4132378,lstm,MOQUEGUA
2022-11-21,0.6756631211244386,2.146174,lstm,MOQUEGUA
2022-11-28,11.486273059115456,1.7477927,lstm,MOQUEGUA
2022-12-05,27.702187966101985,1.6674114,lstm,MOQUEGUA
2022-12-12,40.370871487185205,2.5325356,lstm,MOQUEGUA
2022-12-19,29.729177329475295,2.2169843,lstm,MOQUEGUA
2022-12-26,13.344346642207661,2.3266091,lstm,MOQUEGUA
2023-01-02,1.341414351124527,2.222204,lstm,MOQUEGUA
2023-01-09,2.0088175629786735,3.0214338,lstm,MOQUEGUA
2023-01-16,2.174429379551666,2.8636084,lstm,MOQUEGUA
2023-01-23,1.5053741858434613,2.703796,lstm,MOQUEGUA
2023-01-30,1.3381103874164098,3.1389832,lstm,MOQUEGUA
2023-02-06,1.3381103874164098,2.3471103,lstm,MOQUEGUA
2023-02-13,1.3381103874164098,2.926342,lstm,MOQUEGUA
2023-02-20,0.8363189921352561,3.438844,lstm,MOQUEGUA
2023-02-27,0.8363189921352561,2.0227566,lstm,MOQUEGUA
2023-03-06,0.5017913952811537,2.3121376,lstm,MOQUEGUA
2023-03-13,0.8363189921352562,2.919881,lstm,MOQUEGUA
2023-03-20,1.0035827905623076,1.3686451,lstm,MOQUEGUA
2023-03-27,1.3381103874164098,2.1738913,lstm,MOQUEGUA
2023-04-03,1.1708465889893587,3.0242112,lstm,MOQUEGUA
2023-04-10,1.5053741858434613,2.2510095,lstm,MOQUEGUA
2023-04-17,2.007165581124615,2.4987416,lstm,MOQUEGUA
2023-04-24,2.1744293795516665,1.8887169,lstm,MOQUEGUA
2023-05-01,2.3416931779787173,2.2043705,lstm,MOQUEGUA
2023-05-08,2.5089569764057686,2.0295625,lstm,MOQUEGUA
2023-05-15,3.0107483716869226,2.4707613,lstm,MOQUEGUA
2023-05-22,3.3452759685410247,2.2958443,lstm,MOQUEGUA
2023-05-29,2.8434845732598713,2.4077587,lstm,MOQUEGUA
2023-06-05,2.6762207748328195,2.285962,lstm,MOQUEGUA
2023-06-12,2.007165581124615,2.037143,lstm,MOQUEGUA
2023-06-19,2.174429379551666,2.2720098,lstm,MOQUEGUA
2023-06-26,2.174429379551666,2.4215279,lstm,MOQUEGUA
2023-07-03,2.5089569764057686,1.9006679,lstm,MOQUEGUA
2023-07-10,2.5089569764057686,2.1943116,lstm,MOQUEGUA
2023-07-17,2.5089569764057686,2.226146,lstm,MOQUEGUA
2023-07-24,2.174429379551666,2.857952,lstm,MOQUEGUA
2023-07-31,2.5089569764057686,2.155671,lstm,MOQUEGUA
2023-08-07,2.3416931779787173,1.0231973,lstm,MOQUEGUA
2023-08-14,2.8434845732598713,1.9867543,lstm,MOQUEGUA
2023-08-21,2.6762207748328195,2.3474019,lstm,MOQUEGUA
2023-08-28,3.1780121701139734,2.346212,lstm,MOQUEGUA
2023-09-04,2.6762207748328195,2.3495884,lstm,MOQUEGUA
2023-09-11,2.5089569764057686,2.1161072,lstm,MOQUEGUA
2023-09-18,2.174429379551666,1.5965397,lstm,MOQUEGUA
2023-09-25,2.174429379551666,2.143996,lstm,MOQUEGUA
2023-10-02,2.007165581124615,2.1176918,lstm,MOQUEGUA
2023-10-09,1.8399017826975637,1.3706217,lstm,MOQUEGUA
2023-10-16,1.6726379842705124,1.7270837,lstm,MOQUEGUA
2023-10-23,1.6726379842705124,2.2316651,lstm,MOQUEGUA
2023-10-30,2.174429379551666,2.1096659,lstm,MOQUEGUA
2023-11-06,2.5089569764057686,2.2925205,lstm,MOQUEGUA
2023-11-13,2.5089569764057686,2.0765827,lstm,MOQUEGUA
2023-11-20,1.5053741858434613,2.0112486,lstm,MOQUEGUA
2023-11-27,1.8399017826975637,1.9558913,lstm,MOQUEGUA
2023-12-04,1.6726379842705124,2.1011262,lstm,MOQUEGUA
