date,actual,predicted,model,region
2004-12-27,5.321521359820077,8.343063148870462,naive,HUANUCO
2005-01-03,6.416900474322055,8.343063148870462,naive,HUANUCO
2005-01-10,5.846919610657637,8.343063148870462,naive,HUANUCO
2005-01-17,8.212467239396988,8.343063148870462,naive,HUANUCO
2005-01-24,7.498339653362467,8.212467239396988,naive,HUANUCO
2005-01-31,6.650313144946473,8.212467239396988,naive,HUANUCO
2005-02-07,6.561047196692158,8.212467239396988,naive,HUANUCO
2005-02-14,5.534488791767536,8.212467239396988,naive,HUANUCO
2005-02-21,5.0881590504959595,5.534488791767536,naive,HUANUCO
2005-02-28,4.731095257478699,5.534488791767536,naive,HUANUCO
2005-03-07,4.954260128114487,5.534488791767536,naive,HUANUCO
2005-03-14,5.98081853303911,5.534488791767536,naive,HUANUCO
2005-03-21,5.8022866365304795,5.98081853303911,naive,HUANUCO
2005-03-28,6.561047196692158,5.98081853303911,naive,HUANUCO
2005-04-04,6.9627439638365765,5.98081853303911,naive,HUANUCO
2005-04-11,7.81077047225257,5.98081853303911,naive,HUANUCO
2005-04-18,8.301733187651303,7.81077047225257,naive,HUANUCO
2005-04-25,8.123201291142673,7.81077047225257,naive,HUANUCO
2005-05-02,8.971227799558665,7.81077047225257,naive,HUANUCO
2005-05-09,9.908520256228975,7.81077047225257,naive,HUANUCO
2005-05-16,10.935078661153597,9.908520256228975,naive,HUANUCO
2005-05-23,11.559940298933803,9.908520256228975,naive,HUANUCO
2005-05-30,11.426041376552332,9.908520256228975,naive,HUANUCO
2005-06-06,10.220951075119077,9.908520256228975,naive,HUANUCO
2005-06-13,9.28365861844877,10.220951075119077,naive,HUANUCO
2005-06-20,8.435632110032776,10.220951075119077,naive,HUANUCO
2005-06-27,8.614164006541406,10.220951075119077,naive,HUANUCO
2005-07-04,8.301733187651301,10.220951075119077,naive,HUANUCO
2005-07-11,8.123201291142673,8.301733187651301,naive,HUANUCO
2005-07-18,8.16783426526983,8.301733187651301,naive,HUANUCO
2005-07-25,7.230541808599521,8.301733187651301,naive,HUANUCO
2005-08-01,7.587605601616782,8.301733187651301,naive,HUANUCO
2005-08-08,7.275174782726679,7.587605601616782,naive,HUANUCO
2005-08-15,7.141275860345206,7.587605601616782,naive,HUANUCO
2005-08-22,5.668387714149007,7.587605601616782,naive,HUANUCO
2005-08-29,5.400589869386061,7.587605601616782,naive,HUANUCO
2005-09-05,6.427148274310685,5.400589869386061,naive,HUANUCO
2005-09-12,7.052009912090891,5.400589869386061,naive,HUANUCO
2005-09-19,6.784212067327945,5.400589869386061,naive,HUANUCO
2005-09-26,6.87347801558226,5.400589869386061,naive,HUANUCO
2005-10-03,6.962743963836576,6.87347801558226,naive,HUANUCO
2005-10-10,7.007376937963733,6.87347801558226,naive,HUANUCO
2005-10-17,6.248616377802055,6.87347801558226,naive,HUANUCO
2005-10-24,6.69494611907363,6.87347801558226,naive,HUANUCO
2005-10-31,6.605680170819315,6.69494611907363,naive,HUANUCO
2005-11-07,6.962743963836576,6.69494611907363,naive,HUANUCO
2005-11-14,7.007376937963734,6.69494611907363,naive,HUANUCO
2005-11-21,6.9627439638365765,6.69494611907363,naive,HUANUCO
2005-11-28,6.293249351929212,6.9627439638365765,naive,HUANUCO
2005-12-05,5.489855817640376,6.9627439638365765,naive,HUANUCO
2005-12-12,5.98081853303911,6.9627439638365765,naive,HUANUCO
2005-12-19,6.025451507166267,6.9627439638365765,naive,HUANUCO
2005-12-26,6.605680170819316,6.025451507166267,naive,HUANUCO
2006-01-02,6.802896056094311,6.025451507166267,naive,HUANUCO
2006-01-09,6.8725864539887285,6.025451507166267,naive,HUANUCO
2006-01-16,6.626659315492596,6.025451507166267,naive,HUANUCO
2006-01-23,6.0081711127132875,6.626659315492596,naive,HUANUCO
2006-01-30,5.5663938250137805,6.626659315492596,naive,HUANUCO
2006-02-06,4.5061283345349645,6.626659315492596,naive,HUANUCO
2006-02-13,3.7551069454458035,6.626659315492596,naive,HUANUCO
2006-02-20,4.108528775605409,3.7551069454458035,naive,HUANUCO
2006-02-27,5.080438808544323,3.7551069454458035,naive,HUANUCO
2006-03-06,6.0965265702531894,3.7551069454458035,naive,HUANUCO
2006-03-13,5.831460197633485,3.7551069454458035,naive,HUANUCO
2006-03-20,5.5663938250137805,5.831460197633485,naive,HUANUCO
2006-03-27,4.815372435924619,5.831460197633485,naive,HUANUCO
2006-04-03,6.140704299023139,5.831460197633485,naive,HUANUCO
2006-04-10,6.096526570253189,5.831460197633485,naive,HUANUCO
2006-04-17,7.2451475182719065,6.096526570253189,naive,HUANUCO
2006-04-24,6.759192501802448,6.096526570253189,naive,HUANUCO
2006-05-01,7.819457992281265,6.096526570253189,naive,HUANUCO
2006-05-08,10.735188091098008,6.096526570253189,naive,HUANUCO
2006-05-15,12.85571907205564,10.735188091098008,naive,HUANUCO
2006-05-22,13.562562732374849,10.735188091098008,naive,HUANUCO
2006-05-29,12.723185885745787,10.735188091098008,naive,HUANUCO
2006-06-05,11.707098124036923,10.735188091098008,naive,HUANUCO
2006-06-12,12.76736361451574,11.707098124036923,naive,HUANUCO
2006-06-19,12.193053140506379,11.707098124036923,naive,HUANUCO
2006-06-26,12.016342225426577,11.707098124036923,naive,HUANUCO
2006-07-03,11.088609921257612,11.707098124036923,naive,HUANUCO
2006-07-10,10.3817662609384,11.088609921257612,naive,HUANUCO
2006-07-17,9.895811244468945,11.088609921257612,naive,HUANUCO
2006-07-24,8.835545753990129,11.088609921257612,naive,HUANUCO
2006-07-31,8.570479381370426,11.088609921257612,naive,HUANUCO
2006-08-07,8.658834838910325,8.570479381370426,naive,HUANUCO
2006-08-14,7.598569348431511,8.570479381370426,naive,HUANUCO
2006-08-21,6.670837044262547,8.570479381370426,naive,HUANUCO
2006-08-28,5.080438808544322,8.570479381370426,naive,HUANUCO
2006-09-04,5.478038367473879,5.080438808544322,naive,HUANUCO
2006-09-11,4.550306063304914,5.080438808544322,naive,HUANUCO
2006-09-18,4.373595148225111,5.080438808544322,naive,HUANUCO
2006-09-25,4.108528775605408,5.080438808544322,naive,HUANUCO
2006-10-02,4.5061283345349645,4.108528775605408,naive,HUANUCO
2006-10-09,4.992083351004421,4.108528775605408,naive,HUANUCO
2006-10-16,5.080438808544323,4.108528775605408,naive,HUANUCO
2006-10-23,5.0362610797743725,4.108528775605408,naive,HUANUCO
2006-10-30,5.698927011323633,5.0362610797743725,naive,HUANUCO
2006-11-06,5.478038367473879,5.0362610797743725,naive,HUANUCO
2006-11-13,5.875637926403435,5.0362610797743725,naive,HUANUCO
2006-11-20,5.478038367473879,5.0362610797743725,naive,HUANUCO
2006-11-27,6.582481586722646,5.478038367473879,naive,HUANUCO
2006-12-04,6.538303857952695,5.478038367473879,naive,HUANUCO
2006-12-11,6.670837044262547,5.478038367473879,naive,HUANUCO
2006-12-18,6.449948400412793,5.478038367473879,naive,HUANUCO
2006-12-25,6.361592942872892,6.449948400412793,naive,HUANUCO
2007-01-01,6.209881972916986,6.449948400412793,naive,HUANUCO
2007-01-08,5.266539844850073,6.449948400412793,naive,HUANUCO
2007-01-15,5.204076322371097,6.449948400412793,naive,HUANUCO
2007-01-22,4.6355637829524055,5.204076322371097,naive,HUANUCO
2007-01-29,5.160344588569658,5.204076322371097,naive,HUANUCO
2007-02-05,4.723027250555281,5.204076322371097,naive,HUANUCO
2007-02-12,5.291539789973972,5.204076322371097,naive,HUANUCO
2007-02-19,4.591832049150967,5.291539789973972,naive,HUANUCO
2007-02-26,4.679295516753842,5.291539789973972,naive,HUANUCO
2007-03-05,3.979587775930838,5.291539789973972,naive,HUANUCO
2007-03-12,3.760929106923648,5.291539789973972,naive,HUANUCO
2007-03-19,3.4548069703135837,3.760929106923648,naive,HUANUCO
2007-03-26,3.4548069703135837,3.760929106923648,naive,HUANUCO
2007-04-02,3.673465639320773,3.760929106923648,naive,HUANUCO
2007-04-09,4.416905113945216,3.760929106923648,naive,HUANUCO
2007-04-16,5.116612854768221,4.416905113945216,naive,HUANUCO
2007-04-23,6.253637933605604,4.416905113945216,naive,HUANUCO
2007-04-30,6.647223537818544,4.416905113945216,naive,HUANUCO
2007-05-07,8.30902942227318,4.416905113945216,naive,HUANUCO
2007-05-14,8.52768809128037,8.30902942227318,naive,HUANUCO
2007-05-21,9.271127565904813,8.30902942227318,naive,HUANUCO
2007-05-28,8.177834220868869,8.30902942227318,naive,HUANUCO
2007-06-04,8.440224623677494,8.30902942227318,naive,HUANUCO
2007-06-11,8.92127369549331,8.440224623677494,naive,HUANUCO
2007-06-18,9.31485929970625,8.440224623677494,naive,HUANUCO
2007-06-25,8.833810227890433,8.440224623677494,naive,HUANUCO
2007-07-02,7.5218582138473,8.440224623677494,naive,HUANUCO
2007-07-09,7.303199544840112,7.5218582138473,naive,HUANUCO
2007-07-16,7.128272609634361,7.5218582138473,naive,HUANUCO
2007-07-23,6.690955271619981,7.5218582138473,naive,HUANUCO
2007-07-30,5.685125394186912,7.5218582138473,naive,HUANUCO
2007-08-06,6.078710998399853,5.685125394186912,naive,HUANUCO
2007-08-13,6.078710998399853,5.685125394186912,naive,HUANUCO
2007-08-20,7.040809142031485,5.685125394186912,naive,HUANUCO
2007-08-27,5.860052329392663,5.685125394186912,naive,HUANUCO
2007-09-03,5.553930192782599,5.860052329392663,naive,HUANUCO
2007-09-10,4.023319509732275,5.860052329392663,naive,HUANUCO
2007-09-17,4.198246444938026,5.860052329392663,naive,HUANUCO
2007-09-24,4.723027250555281,5.860052329392663,naive,HUANUCO
2007-10-01,5.072881120966783,4.723027250555281,naive,HUANUCO
2007-10-08,5.379003257576848,4.723027250555281,naive,HUANUCO
2007-10-15,4.985417653363907,4.723027250555281,naive,HUANUCO
2007-10-22,5.116612854768221,4.723027250555281,naive,HUANUCO
2007-10-29,5.204076322371097,5.116612854768221,naive,HUANUCO
2007-11-05,5.772588861789788,5.116612854768221,naive,HUANUCO
2007-11-12,7.040809142031485,5.116612854768221,naive,HUANUCO
2007-11-19,6.428564868811354,5.116612854768221,naive,HUANUCO
2007-11-26,5.772588861789788,6.428564868811354,naive,HUANUCO
2007-12-03,4.766758984356718,6.428564868811354,naive,HUANUCO
2007-12-10,4.810490718158156,6.428564868811354,naive,HUANUCO
2007-12-17,5.204076322371097,6.428564868811354,naive,HUANUCO
2007-12-24,4.32944164634234,5.204076322371097,naive,HUANUCO
2007-12-31,4.766758984356718,5.204076322371097,naive,HUANUCO
2008-01-07,4.111146147283977,5.204076322371097,naive,HUANUCO
2008-01-14,5.161291424507668,5.204076322371097,naive,HUANUCO
2008-01-21,4.943151569713088,5.161291424507668,naive,HUANUCO
2008-01-28,5.380598611280618,5.161291424507668,naive,HUANUCO
2008-02-04,4.636938640615817,5.161291424507668,naive,HUANUCO
2008-02-11,4.549449232302312,5.161291424507668,naive,HUANUCO
2008-02-18,4.330725711518546,4.549449232302312,naive,HUANUCO
2008-02-25,4.24323630320504,4.549449232302312,naive,HUANUCO
2008-03-03,3.6308104450104977,4.549449232302312,naive,HUANUCO
2008-03-10,3.7182998533240035,4.549449232302312,naive,HUANUCO
2008-03-17,4.724428048929323,3.7182998533240035,naive,HUANUCO
2008-03-24,5.905535061161655,3.7182998533240035,naive,HUANUCO
2008-03-31,6.474216215199443,3.7182998533240035,naive,HUANUCO
2008-04-07,6.386726806885938,3.7182998533240035,naive,HUANUCO
2008-04-14,6.56170562351295,6.386726806885938,naive,HUANUCO
2008-04-21,7.217876185864244,6.386726806885938,naive,HUANUCO
2008-04-28,8.486472606410082,6.386726806885938,naive,HUANUCO
2008-05-05,9.273877281231636,6.386726806885938,naive,HUANUCO
2008-05-12,9.930047843582933,9.273877281231636,naive,HUANUCO
2008-05-19,10.236260772680204,9.273877281231636,naive,HUANUCO
2008-05-26,10.32375018099371,9.273877281231636,naive,HUANUCO
2008-06-02,9.580090210328908,9.273877281231636,naive,HUANUCO
2008-06-09,8.180259677312813,9.580090210328908,naive,HUANUCO
2008-06-16,7.480344410804764,9.580090210328908,naive,HUANUCO
2008-06-23,7.261620890020999,9.580090210328908,naive,HUANUCO
2008-06-30,7.261620890020999,9.580090210328908,naive,HUANUCO
2008-07-07,7.874046748215541,7.261620890020999,naive,HUANUCO
2008-07-14,7.042897369237234,7.261620890020999,naive,HUANUCO
2008-07-21,5.905535061161654,7.261620890020999,naive,HUANUCO
2008-07-28,4.855662161399581,7.261620890020999,naive,HUANUCO
2008-08-04,4.9431515697130886,4.855662161399581,naive,HUANUCO
2008-08-11,5.818045652848149,4.855662161399581,naive,HUANUCO
2008-08-18,6.474216215199443,4.855662161399581,naive,HUANUCO
2008-08-25,7.5678338191182695,4.855662161399581,naive,HUANUCO
2008-09-01,7.217876185864245,7.5678338191182695,naive,HUANUCO
2008-09-08,5.99302446947516,7.5678338191182695,naive,HUANUCO
2008-09-15,4.4619598239888045,7.5678338191182695,naive,HUANUCO
2008-09-22,4.1994915990482875,7.5678338191182695,naive,HUANUCO
2008-09-29,4.286981007361793,4.1994915990482875,naive,HUANUCO
2008-10-06,4.811917457242829,4.1994915990482875,naive,HUANUCO
2008-10-13,4.943151569713088,4.1994915990482875,naive,HUANUCO
2008-10-20,4.943151569713088,4.1994915990482875,naive,HUANUCO
2008-10-27,4.811917457242829,4.943151569713088,naive,HUANUCO
2008-11-03,4.1994915990482875,4.943151569713088,naive,HUANUCO
2008-11-10,4.330725711518546,4.943151569713088,naive,HUANUCO
2008-11-17,3.9370233741077687,4.943151569713088,naive,HUANUCO
2008-11-24,4.505704528145558,3.9370233741077687,naive,HUANUCO
2008-12-01,3.8057892616375093,3.9370233741077687,naive,HUANUCO
2008-12-08,3.893278669951016,3.9370233741077687,naive,HUANUCO
2008-12-15,3.2808528117564735,3.9370233741077687,naive,HUANUCO
2008-12-22,3.4995763325402387,3.2808528117564735,naive,HUANUCO
2008-12-29,4.855662161399581,3.2808528117564735,naive,HUANUCO
2009-01-05,4.855908744374845,3.2808528117564735,naive,HUANUCO
2009-01-12,4.374963581625824,3.2808528117564735,naive,HUANUCO
2009-01-19,2.6692186146930386,4.374963581625824,naive,HUANUCO
2009-01-26,2.625460932484956,4.374963581625824,naive,HUANUCO
2009-02-02,2.4504302036526253,4.374963581625824,naive,HUANUCO
2009-02-09,2.494187885860708,4.374963581625824,naive,HUANUCO
2009-02-16,2.187884110404129,2.494187885860708,naive,HUANUCO
2009-02-23,2.0128533815717984,2.494187885860708,naive,HUANUCO
2009-03-02,2.0128533815717984,2.494187885860708,naive,HUANUCO
2009-03-09,2.7567339791092036,2.494187885860708,naive,HUANUCO
2009-03-16,3.238068483398113,2.7567339791092036,naive,HUANUCO
2009-03-23,3.4568568944385265,2.7567339791092036,naive,HUANUCO
2009-03-30,4.0257067631436,2.7567339791092036,naive,HUANUCO
2009-04-06,4.9446180895133365,2.7567339791092036,naive,HUANUCO
2009-04-13,6.694925377836642,4.9446180895133365,naive,HUANUCO
2009-04-20,7.745109750830626,4.9446180895133365,naive,HUANUCO
2009-04-27,9.014082534865024,4.9446180895133365,naive,HUANUCO
2009-05-04,8.707778759408447,4.9446180895133365,naive,HUANUCO
2009-05-11,9.101597899281188,8.707778759408447,naive,HUANUCO
2009-05-18,9.45165935694585,8.707778759408447,naive,HUANUCO
2009-05-25,9.757963132402429,8.707778759408447,naive,HUANUCO
2009-06-01,9.276628628113519,8.707778759408447,naive,HUANUCO
2009-06-08,7.7888674330387095,9.276628628113519,naive,HUANUCO
2009-06-15,6.957471471085139,9.276628628113519,naive,HUANUCO
2009-06-22,5.688498687050742,9.276628628113519,naive,HUANUCO
2009-06-29,5.732256369258824,9.276628628113519,naive,HUANUCO
2009-07-06,4.4195259030163445,5.732256369258824,naive,HUANUCO
2009-07-13,4.4195259030163445,5.732256369258824,naive,HUANUCO
2009-07-20,3.6318876232708566,5.732256369258824,naive,HUANUCO
2009-07-27,4.113222127559766,5.732256369258824,naive,HUANUCO
2009-08-03,3.3693415300223606,4.113222127559766,naive,HUANUCO
2009-08-10,3.3693415300223606,4.113222127559766,naive,HUANUCO
2009-08-17,2.975522390149616,4.113222127559766,naive,HUANUCO
2009-08-24,3.1943108011900296,4.113222127559766,naive,HUANUCO
2009-08-31,2.800491661317286,3.1943108011900296,naive,HUANUCO
2009-09-07,3.4568568944385256,3.1943108011900296,naive,HUANUCO
2009-09-14,3.631887623270856,3.1943108011900296,naive,HUANUCO
2009-09-21,3.544372258854691,3.1943108011900296,naive,HUANUCO
2009-09-28,3.150553118981947,3.544372258854691,naive,HUANUCO
2009-10-05,3.0192800723576987,3.544372258854691,naive,HUANUCO
2009-10-12,3.1943108011900296,3.544372258854691,naive,HUANUCO
2009-10-19,2.53794556806879,3.544372258854691,naive,HUANUCO
2009-10-26,2.6254609324849554,2.53794556806879,naive,HUANUCO
2009-11-02,2.494187885860707,2.53794556806879,naive,HUANUCO
2009-11-09,2.888007025733451,2.53794556806879,naive,HUANUCO
2009-11-16,2.4066725214445417,2.53794556806879,naive,HUANUCO
2009-11-23,2.4066725214445417,2.4066725214445417,naive,HUANUCO
2009-11-30,2.4504302036526244,2.4066725214445417,naive,HUANUCO
2009-12-07,2.888007025733451,2.4066725214445417,naive,HUANUCO
2009-12-14,2.756733979109203,2.4066725214445417,naive,HUANUCO
2009-12-21,2.494187885860707,2.756733979109203,naive,HUANUCO
2009-12-28,1.4440035128667237,2.756733979109203,naive,HUANUCO
2010-01-04,2.0132299684434756,2.756733979109203,naive,HUANUCO
2010-01-11,2.494928073849867,2.756733979109203,naive,HUANUCO
2010-01-18,3.3703414330954353,2.494928073849867,naive,HUANUCO
2010-01-25,2.8450934175480946,2.494928073849867,naive,HUANUCO
2010-02-01,2.2760747340384744,2.494928073849867,naive,HUANUCO
2010-02-08,2.1009920621893605,2.494928073849867,naive,HUANUCO
2010-02-15,2.319845402000753,2.1009920621893605,naive,HUANUCO
2010-02-22,2.100992062189361,2.1009920621893605,naive,HUANUCO
2010-03-01,2.3636160699630318,2.1009920621893605,naive,HUANUCO
2010-03-08,2.713781413661259,2.1009920621893605,naive,HUANUCO
2010-03-15,3.5016534369822714,2.713781413661259,naive,HUANUCO
2010-03-22,3.545424104944549,2.713781413661259,naive,HUANUCO
2010-03-29,3.6329654408691057,2.713781413661259,naive,HUANUCO
2010-04-05,3.939360116605055,2.713781413661259,naive,HUANUCO
2010-04-12,4.858544143812902,3.939360116605055,naive,HUANUCO
2010-04-19,5.558874831209358,3.939360116605055,naive,HUANUCO
2010-04-26,5.865269506945307,3.939360116605055,naive,HUANUCO
2010-05-03,7.397242885625052,3.939360116605055,naive,HUANUCO
2010-05-10,8.185114908946064,7.397242885625052,naive,HUANUCO
2010-05-17,8.929216264304797,7.397242885625052,naive,HUANUCO
2010-05-24,9.323152275965304,7.397242885625052,naive,HUANUCO
2010-05-31,8.929216264304797,7.397242885625052,naive,HUANUCO
2010-06-07,9.191840272078467,8.929216264304797,naive,HUANUCO
2010-06-14,8.797904260417962,8.929216264304797,naive,HUANUCO
2010-06-21,9.366922943927582,8.929216264304797,naive,HUANUCO
2010-06-28,9.14806960411619,8.929216264304797,naive,HUANUCO
2010-07-05,8.403968248757456,9.14806960411619,naive,HUANUCO
2010-07-12,6.915765538039989,9.14806960411619,naive,HUANUCO
2010-07-19,6.565600194341761,9.14806960411619,naive,HUANUCO
2010-07-26,5.427562827322522,9.14806960411619,naive,HUANUCO
2010-08-02,5.9090401749075845,5.427562827322522,naive,HUANUCO
2010-08-09,5.252480155473408,5.427562827322522,naive,HUANUCO
2010-08-16,4.5083788001146745,5.427562827322522,naive,HUANUCO
2010-08-23,3.1077174253217645,5.427562827322522,naive,HUANUCO
2010-08-30,2.5386987418121447,3.1077174253217645,naive,HUANUCO
2010-09-06,2.4511574058875882,3.1077174253217645,naive,HUANUCO
2010-09-13,2.8888640855103724,3.1077174253217645,naive,HUANUCO
2010-09-20,2.6262400777367017,3.1077174253217645,naive,HUANUCO
2010-09-27,2.6262400777367017,2.6262400777367017,naive,HUANUCO
2010-10-04,2.9764054214349294,2.6262400777367017,naive,HUANUCO
2010-10-11,3.2828000971708775,2.6262400777367017,naive,HUANUCO
2010-10-18,3.457882769019992,2.6262400777367017,naive,HUANUCO
2010-10-25,2.9326347534726502,3.457882769019992,naive,HUANUCO
2010-11-01,3.2390294292085997,3.457882769019992,naive,HUANUCO
2010-11-08,3.414112101057713,3.457882769019992,naive,HUANUCO
2010-11-15,3.370341433095435,3.457882769019992,naive,HUANUCO
2010-11-22,3.1952587612463215,3.370341433095435,naive,HUANUCO
2010-11-29,3.50165343698227,3.370341433095435,naive,HUANUCO
2010-12-06,3.895589448642776,3.370341433095435,naive,HUANUCO
2010-12-13,3.589194772906827,3.370341433095435,naive,HUANUCO
2010-12-20,3.457882769019992,3.589194772906827,naive,HUANUCO
2010-12-27,3.7205067767936626,3.589194772906827,naive,HUANUCO
2011-01-03,3.6332123166836197,3.589194772906827,naive,HUANUCO
2011-01-10,3.458454481432551,3.589194772906827,naive,HUANUCO
2011-01-17,3.1086399612602116,3.458454481432551,naive,HUANUCO
2011-01-24,3.152423622686412,3.458454481432551,naive,HUANUCO
2011-01-31,2.8897216541292106,3.458454481432551,naive,HUANUCO
2011-02-07,2.495668701293408,3.458454481432551,naive,HUANUCO
2011-02-14,2.80215433127681,2.495668701293408,naive,HUANUCO
2011-02-21,3.021072638407811,2.495668701293408,naive,HUANUCO
2011-02-28,2.9772889769816113,2.495668701293408,naive,HUANUCO
2011-03-07,2.7145870084244095,2.495668701293408,naive,HUANUCO
2011-03-14,2.5832360241458088,2.7145870084244095,naive,HUANUCO
2011-03-21,2.93350531555541,2.7145870084244095,naive,HUANUCO
2011-03-28,3.021072638407811,2.7145870084244095,naive,HUANUCO
2011-04-04,3.6778275598008143,2.7145870084244095,naive,HUANUCO
2011-04-11,4.115664174062817,3.6778275598008143,naive,HUANUCO
2011-04-18,4.72863543402962,3.6778275598008143,naive,HUANUCO
2011-04-25,4.991337402586821,3.6778275598008143,naive,HUANUCO
2011-05-02,5.035121064013022,3.6778275598008143,naive,HUANUCO
2011-05-09,5.998361615389427,5.035121064013022,naive,HUANUCO
2011-05-16,7.005385828192032,5.035121064013022,naive,HUANUCO
2011-05-23,7.443222442454034,5.035121064013022,naive,HUANUCO
2011-05-30,7.049169489618232,5.035121064013022,naive,HUANUCO
2011-06-06,6.698900198208631,7.049169489618232,naive,HUANUCO
2011-06-13,7.268087796749234,7.049169489618232,naive,HUANUCO
2011-06-20,6.786467521061031,7.049169489618232,naive,HUANUCO
2011-06-27,6.3048472453728275,7.049169489618232,naive,HUANUCO
2011-07-04,5.604308662553625,6.3048472453728275,naive,HUANUCO
2011-07-11,5.516741339701224,6.3048472453728275,naive,HUANUCO
2011-07-18,5.166472048291623,6.3048472453728275,naive,HUANUCO
2011-07-25,5.341606693996423,6.3048472453728275,naive,HUANUCO
2011-08-01,5.472957678275023,5.341606693996423,naive,HUANUCO
2011-08-08,5.516741339701224,5.341606693996423,naive,HUANUCO
2011-08-15,4.4659334654724185,5.341606693996423,naive,HUANUCO
2011-08-22,3.7216112212270147,5.341606693996423,naive,HUANUCO
2011-08-29,2.7145870084244095,3.7216112212270147,naive,HUANUCO
2011-09-05,2.8897216541292106,3.7216112212270147,naive,HUANUCO
2011-09-12,3.1086399612602116,3.7216112212270147,naive,HUANUCO
2011-09-19,3.4589092526698137,3.7216112212270147,naive,HUANUCO
2011-09-26,3.4151255912436134,3.4589092526698137,naive,HUANUCO
2011-10-03,3.5464765755222136,3.4589092526698137,naive,HUANUCO
2011-10-10,3.634043898374614,3.4589092526698137,naive,HUANUCO
2011-10-17,3.5464765755222136,3.4589092526698137,naive,HUANUCO
2011-10-24,3.5026929140960132,3.5464765755222136,naive,HUANUCO
2011-10-31,3.8091785440794155,3.5464765755222136,naive,HUANUCO
2011-11-07,4.0280968512104165,3.5464765755222136,naive,HUANUCO
2011-11-14,3.984313189784217,3.5464765755222136,naive,HUANUCO
2011-11-21,3.6778275598008148,3.984313189784217,naive,HUANUCO
2011-11-28,3.5464765755222136,3.984313189784217,naive,HUANUCO
2011-12-05,3.064856299834011,3.984313189784217,naive,HUANUCO
2011-12-12,3.152423622686412,3.984313189784217,naive,HUANUCO
2011-12-19,2.75837066985061,3.152423622686412,naive,HUANUCO
2011-12-26,3.3713419298174134,3.152423622686412,naive,HUANUCO
2012-01-02,3.765878055478996,3.152423622686412,naive,HUANUCO
2012-01-09,5.0800016583409935,3.152423622686412,naive,HUANUCO
2012-01-16,4.248281854668463,5.0800016583409935,naive,HUANUCO
2012-01-23,3.7665179330050282,5.0800016583409935,naive,HUANUCO
2012-01-30,2.8905835299806024,5.0800016583409935,naive,HUANUCO
2012-02-06,2.9343802501318232,5.0800016583409935,naive,HUANUCO
2012-02-13,2.6715999292244956,2.9343802501318232,naive,HUANUCO
2012-02-20,2.408819608317167,2.9343802501318232,naive,HUANUCO
2012-02-27,3.2409572911903726,2.9343802501318232,naive,HUANUCO
2012-03-05,3.459940891946479,2.9343802501318232,naive,HUANUCO
2012-03-12,4.029298253912356,3.459940891946479,naive,HUANUCO
2012-03-19,4.204485134517242,3.459940891946479,naive,HUANUCO
2012-03-26,4.423468735273349,3.459940891946479,naive,HUANUCO
2012-04-02,4.554858895727013,3.459940891946479,naive,HUANUCO
2012-04-09,4.861435936785561,4.554858895727013,naive,HUANUCO
2012-04-16,6.043947380868537,4.554858895727013,naive,HUANUCO
2012-04-23,6.700898183136856,4.554858895727013,naive,HUANUCO
2012-04-30,6.963678504044185,4.554858895727013,naive,HUANUCO
2012-05-07,6.8760850637417406,6.963678504044185,naive,HUANUCO
2012-05-14,7.357848985405177,6.963678504044185,naive,HUANUCO
2012-05-21,7.708222746614946,6.963678504044185,naive,HUANUCO
2012-05-28,7.48923914585884,6.963678504044185,naive,HUANUCO
2012-06-04,8.321376828732046,7.48923914585884,naive,HUANUCO
2012-06-11,8.8469374705467,7.48923914585884,naive,HUANUCO
2012-06-18,8.80314075039548,7.48923914585884,naive,HUANUCO
2012-06-25,8.14618994812716,7.48923914585884,naive,HUANUCO
2012-07-02,7.489239145858839,8.14618994812716,naive,HUANUCO
2012-07-09,7.226458824951512,8.14618994812716,naive,HUANUCO
2012-07-16,6.350524421927086,8.14618994812716,naive,HUANUCO
2012-07-23,5.386996578600216,8.14618994812716,naive,HUANUCO
2012-07-30,5.16801297784411,5.386996578600216,naive,HUANUCO
2012-08-06,5.080419537541668,5.386996578600216,naive,HUANUCO
2012-08-13,4.9928260972392255,5.386996578600216,naive,HUANUCO
2012-08-20,3.8103146531562504,5.386996578600216,naive,HUANUCO
2012-08-27,2.452616328468389,3.8103146531562504,naive,HUANUCO
2012-09-03,2.2774294478635038,3.8103146531562504,naive,HUANUCO
2012-09-10,2.452616328468389,3.8103146531562504,naive,HUANUCO
2012-09-17,2.8029900896781594,3.8103146531562504,naive,HUANUCO
2012-09-24,2.5402097687708314,2.8029900896781594,naive,HUANUCO
2012-10-01,3.0657704105854875,2.8029900896781594,naive,HUANUCO
2012-10-08,2.9343802501318237,2.8029900896781594,naive,HUANUCO
2012-10-15,2.6278032090732744,2.8029900896781594,naive,HUANUCO
2012-10-22,2.5402097687708314,2.6278032090732744,naive,HUANUCO
2012-10-29,2.5402097687708314,2.6278032090732744,naive,HUANUCO
2012-11-05,2.584006488922053,2.6278032090732744,naive,HUANUCO
2012-11-12,2.584006488922053,2.6278032090732744,naive,HUANUCO
2012-11-19,2.9343802501318237,2.584006488922053,naive,HUANUCO
2012-11-26,3.5037376120977,2.584006488922053,naive,HUANUCO
2012-12-03,2.8905835299806024,2.584006488922053,naive,HUANUCO
2012-12-10,2.8905835299806015,2.584006488922053,naive,HUANUCO
2012-12-17,3.240957291190373,2.8905835299806015,naive,HUANUCO
2012-12-24,3.8979080934586925,2.8905835299806015,naive,HUANUCO
2012-12-31,3.503737612097701,2.8905835299806015,naive,HUANUCO
2013-01-07,3.460396204782637,2.8905835299806015,naive,HUANUCO
2013-01-14,3.6797830826221976,3.460396204782637,naive,HUANUCO
2013-01-21,4.030495076224542,3.460396204782637,naive,HUANUCO
2013-01-28,3.2419199526153926,3.460396204782637,naive,HUANUCO
2013-02-04,2.497154558095639,3.460396204782637,naive,HUANUCO
2013-02-11,2.190486454469858,2.497154558095639,naive,HUANUCO
2013-02-18,2.102866996291064,2.497154558095639,naive,HUANUCO
2013-02-25,2.0590572672016663,2.497154558095639,naive,HUANUCO
2013-03-04,2.102866996291064,2.497154558095639,naive,HUANUCO
2013-03-11,2.6285837453638305,2.102866996291064,naive,HUANUCO
2013-03-18,4.468592367118515,2.102866996291064,naive,HUANUCO
2013-03-25,4.906689658012488,2.102866996291064,naive,HUANUCO
2013-04-01,5.388596677995859,2.102866996291064,naive,HUANUCO
2013-04-08,4.775260470744296,5.388596677995859,naive,HUANUCO
2013-04-15,6.571459363409584,5.388596677995859,naive,HUANUCO
2013-04-22,7.622892861555118,5.388596677995859,naive,HUANUCO
2013-04-29,7.929560965180898,5.388596677995859,naive,HUANUCO
2013-05-06,6.834317737945967,7.929560965180898,naive,HUANUCO
2013-05-13,6.264791259783803,7.929560965180898,naive,HUANUCO
2013-05-20,6.96574692521416,7.929560965180898,naive,HUANUCO
2013-05-27,6.352410717962599,7.929560965180898,naive,HUANUCO
2013-06-03,6.264791259783803,6.352410717962599,naive,HUANUCO
2013-06-10,4.600021554386708,6.352410717962599,naive,HUANUCO
2013-06-17,4.600021554386708,6.352410717962599,naive,HUANUCO
2013-06-24,3.8114464307775577,6.352410717962599,naive,HUANUCO
2013-07-01,3.899065888956352,3.8114464307775577,naive,HUANUCO
2013-07-08,3.8114464307775577,3.8114464307775577,naive,HUANUCO
2013-07-15,4.074304805313941,3.8114464307775577,naive,HUANUCO
2013-07-22,3.4171588689729817,3.8114464307775577,naive,HUANUCO
2013-07-29,3.022871307168407,3.4171588689729817,naive,HUANUCO
2013-08-05,2.4971545580956396,3.4171588689729817,naive,HUANUCO
2013-08-12,2.7600129326320233,3.4171588689729817,naive,HUANUCO
2013-08-19,2.847632390810818,3.4171588689729817,naive,HUANUCO
2013-08-26,2.5409642871850373,2.847632390810818,naive,HUANUCO
2013-09-02,2.4533448290062423,2.847632390810818,naive,HUANUCO
2013-09-09,2.190486454469859,2.847632390810818,naive,HUANUCO
2013-09-16,2.3219156417380513,2.847632390810818,naive,HUANUCO
2013-09-23,2.847632390810818,2.3219156417380513,naive,HUANUCO
2013-09-30,2.6285837453638314,2.3219156417380513,naive,HUANUCO
2013-10-07,2.8038226617214206,2.3219156417380513,naive,HUANUCO
2013-10-14,2.190486454469859,2.3219156417380513,naive,HUANUCO
2013-10-21,2.321915641738051,2.190486454469859,naive,HUANUCO
2013-10-28,2.102866996291065,2.190486454469859,naive,HUANUCO
2013-11-04,2.4971545580956396,2.190486454469859,naive,HUANUCO
2013-11-11,2.6723934744532287,2.190486454469859,naive,HUANUCO
2013-11-18,2.935251848989612,2.6723934744532287,naive,HUANUCO
2013-11-25,2.891442119900215,2.6723934744532287,naive,HUANUCO
2013-12-02,2.891442119900215,2.6723934744532287,naive,HUANUCO
2013-12-09,2.409535099916845,2.6723934744532287,naive,HUANUCO
2013-12-16,2.365725370827448,2.409535099916845,naive,HUANUCO
2013-12-23,2.3219156417380504,2.409535099916845,naive,HUANUCO
2013-12-30,3.0666810362578047,2.409535099916845,naive,HUANUCO
2014-01-06,3.2860811317559366,2.409535099916845,naive,HUANUCO
2014-01-13,3.1548471945161594,3.2860811317559366,naive,HUANUCO
2014-01-20,2.1911372878979063,3.2860811317559366,naive,HUANUCO
2014-01-27,1.8843780675921993,3.2860811317559366,naive,HUANUCO
2014-02-03,2.10349179638199,3.2860811317559366,naive,HUANUCO
2014-02-10,2.2787827794138233,2.10349179638199,naive,HUANUCO
2014-02-17,1.8405553218342412,2.10349179638199,naive,HUANUCO
2014-02-24,1.7529098303183244,2.10349179638199,naive,HUANUCO
2014-03-03,1.796732576076283,2.10349179638199,naive,HUANUCO
2014-03-10,2.10349179638199,1.796732576076283,naive,HUANUCO
2014-03-17,1.709087084560366,1.796732576076283,naive,HUANUCO
2014-03-24,1.9720235591081154,1.796732576076283,naive,HUANUCO
2014-03-31,1.9720235591081154,1.796732576076283,naive,HUANUCO
2014-04-07,2.234960033655865,1.9720235591081154,naive,HUANUCO
2014-04-14,2.1911372878979063,1.9720235591081154,naive,HUANUCO
2014-04-21,2.322605525171781,1.9720235591081154,naive,HUANUCO
2014-04-28,2.7608329827513636,1.9720235591081154,naive,HUANUCO
2014-05-05,3.5934651521525693,2.7608329827513636,naive,HUANUCO
2014-05-12,4.426097321553775,2.7608329827513636,naive,HUANUCO
2014-05-19,4.645211050343566,2.7608329827513636,naive,HUANUCO
2014-05-26,4.338451830037859,2.7608329827513636,naive,HUANUCO
2014-06-02,3.900224372458277,4.338451830037859,naive,HUANUCO
2014-06-09,3.944047118216235,4.338451830037859,naive,HUANUCO
2014-06-16,4.6890337961015245,4.338451830037859,naive,HUANUCO
2014-06-23,5.696956948534563,4.338451830037859,naive,HUANUCO
2014-06-30,6.0037161688402705,5.696956948534563,naive,HUANUCO
2014-07-07,5.083438507923148,5.696956948534563,naive,HUANUCO
2014-07-14,3.7249333894264436,5.696956948534563,naive,HUANUCO
2014-07-21,2.936123965783196,5.696956948534563,naive,HUANUCO
2014-07-28,2.6293647454774884,2.936123965783196,naive,HUANUCO
2014-08-04,2.8484784742672797,2.936123965783196,naive,HUANUCO
2014-08-11,2.58554199971953,2.936123965783196,naive,HUANUCO
2014-08-18,2.1911372878979063,2.936123965783196,naive,HUANUCO
2014-08-25,1.9282008133501574,2.1911372878979063,naive,HUANUCO
2014-09-01,2.10349179638199,2.1911372878979063,naive,HUANUCO
2014-09-08,2.2787827794138233,2.1911372878979063,naive,HUANUCO
2014-09-15,1.6652643388024078,2.1911372878979063,naive,HUANUCO
2014-09-22,1.6214415930444492,1.6652643388024078,naive,HUANUCO
2014-09-29,1.4461506100126167,1.6652643388024078,naive,HUANUCO
2014-10-06,1.9720235591081152,1.6652643388024078,naive,HUANUCO
2014-10-13,1.665264338802408,1.6652643388024078,naive,HUANUCO
2014-10-20,2.059669050624032,1.665264338802408,naive,HUANUCO
2014-10-27,1.5776188472864916,1.665264338802408,naive,HUANUCO
2014-11-03,1.6214415930444497,1.665264338802408,naive,HUANUCO
2014-11-10,1.3146823727387422,1.665264338802408,naive,HUANUCO
2014-11-17,1.489973355770575,1.3146823727387422,naive,HUANUCO
2014-11-24,1.6652643388024078,1.3146823727387422,naive,HUANUCO
2014-12-01,1.8843780675921986,1.3146823727387422,naive,HUANUCO
2014-12-08,1.9720235591081152,1.3146823727387422,naive,HUANUCO
2014-12-15,2.147314542139948,1.9720235591081152,naive,HUANUCO
2014-12-22,2.0158463048660735,1.9720235591081152,naive,HUANUCO
2014-12-29,2.804655728509321,1.9720235591081152,naive,HUANUCO
2015-01-05,2.629560111565066,1.9720235591081152,naive,HUANUCO
2015-01-12,2.3667278322640253,2.629560111565066,naive,HUANUCO
2015-01-19,1.4465804154052881,2.629560111565066,naive,HUANUCO
2015-01-26,1.5342519557328818,2.629560111565066,naive,HUANUCO
2015-02-02,1.7095950363880688,2.629560111565066,naive,HUANUCO
2015-02-09,1.5342519557328815,1.7095950363880688,naive,HUANUCO
2015-02-16,1.3150731049138977,1.7095950363880688,naive,HUANUCO
2015-02-23,1.3150731049138977,1.7095950363880688,naive,HUANUCO
2015-03-02,1.8411023468794585,1.7095950363880688,naive,HUANUCO
2015-03-09,1.972609657370849,1.8411023468794585,naive,HUANUCO
2015-03-16,2.104116967862239,1.8411023468794585,naive,HUANUCO
2015-03-23,2.0164454275346455,1.8411023468794585,naive,HUANUCO
2015-03-30,2.4548031291726136,1.8411023468794585,naive,HUANUCO
2015-04-06,3.068503911465768,2.4548031291726136,naive,HUANUCO
2015-04-13,3.8575477744141096,2.4548031291726136,naive,HUANUCO
2015-04-20,4.7342631776900435,2.4548031291726136,naive,HUANUCO
2015-04-27,4.909606258345231,2.4548031291726136,naive,HUANUCO
2015-05-04,5.3041281898194015,4.909606258345231,naive,HUANUCO
2015-05-11,5.260292419655605,4.909606258345231,naive,HUANUCO
2015-05-18,5.347963959983198,4.909606258345231,naive,HUANUCO
2015-05-25,5.567142810802181,4.909606258345231,naive,HUANUCO
2015-06-01,4.909606258345231,5.567142810802181,naive,HUANUCO
2015-06-08,5.216456649491808,5.567142810802181,naive,HUANUCO
2015-06-15,5.260292419655605,5.567142810802181,naive,HUANUCO
2015-06-22,5.347963959983198,5.567142810802181,naive,HUANUCO
2015-06-29,4.383577016379669,5.347963959983198,naive,HUANUCO
2015-07-06,3.901383544577906,5.347963959983198,naive,HUANUCO
2015-07-13,3.8575477744141096,5.347963959983198,naive,HUANUCO
2015-07-20,3.8137120042503128,5.347963959983198,naive,HUANUCO
2015-07-27,2.8493250606467844,3.8137120042503128,naive,HUANUCO
2015-08-03,2.542474669500207,3.8137120042503128,naive,HUANUCO
2015-08-10,2.3232958186812236,3.8137120042503128,naive,HUANUCO
2015-08-17,2.3232958186812236,3.8137120042503128,naive,HUANUCO
2015-08-24,1.9287738872070526,2.3232958186812236,naive,HUANUCO
2015-08-31,2.016445427534646,2.3232958186812236,naive,HUANUCO
2015-09-07,1.7534308065518658,2.3232958186812236,naive,HUANUCO
2015-09-14,1.6219234960604754,2.3232958186812236,naive,HUANUCO
2015-09-21,1.4904161855690852,1.6219234960604754,naive,HUANUCO
2015-09-28,1.5780877258966788,1.6219234960604754,naive,HUANUCO
2015-10-05,1.5780877258966788,1.6219234960604754,naive,HUANUCO
2015-10-12,1.2274015645863048,1.6219234960604754,naive,HUANUCO
2015-10-19,1.2274015645863048,1.2274015645863048,naive,HUANUCO
2015-10-26,1.2712373347501016,1.2274015645863048,naive,HUANUCO
2015-11-02,1.4465804154052886,1.2274015645863048,naive,HUANUCO
2015-11-09,1.841102346879459,1.2274015645863048,naive,HUANUCO
2015-11-16,2.191788508189833,1.841102346879459,naive,HUANUCO
2015-11-23,2.323295818681223,1.841102346879459,naive,HUANUCO
2015-11-30,1.7095950363880688,1.841102346879459,naive,HUANUCO
2015-12-07,1.4027446452414918,1.841102346879459,naive,HUANUCO
2015-12-14,1.4465804154052886,1.4027446452414918,naive,HUANUCO
2015-12-21,1.709595036388073,1.4027446452414918,naive,HUANUCO
2015-12-28,1.1397300242587114,1.4027446452414918,naive,HUANUCO
2016-01-04,1.402992256091812,1.4027446452414918,naive,HUANUCO
2016-01-11,1.2277664647867768,1.402992256091812,naive,HUANUCO
2016-01-18,1.5785568832972856,1.402992256091812,naive,HUANUCO
2016-01-25,1.447010476355845,1.402992256091812,naive,HUANUCO
2016-02-01,1.3593128717282177,1.402992256091812,naive,HUANUCO
2016-02-08,1.973196104121608,1.3593128717282177,naive,HUANUCO
2016-02-15,1.534708080983472,1.3593128717282177,naive,HUANUCO
2016-02-22,1.622405685611099,1.3593128717282177,naive,HUANUCO
2016-02-29,1.4908592786696584,1.3593128717282177,naive,HUANUCO
2016-03-07,2.104742511063048,1.4908592786696584,naive,HUANUCO
2016-03-14,2.411684127259744,1.4908592786696584,naive,HUANUCO
2016-03-21,1.8854984994939807,1.4908592786696584,naive,HUANUCO
2016-03-28,1.3593128717282177,1.4908592786696584,naive,HUANUCO
2016-04-04,1.5785568832972856,1.3593128717282177,naive,HUANUCO
2016-04-11,2.3678353249459305,1.3593128717282177,naive,HUANUCO
2016-04-18,2.4993817318873712,1.3593128717282177,naive,HUANUCO
2016-04-25,2.36783532494593,1.3593128717282177,naive,HUANUCO
2016-05-02,1.929347301807794,2.36783532494593,naive,HUANUCO
2016-05-09,2.1485913133768624,2.36783532494593,naive,HUANUCO
2016-05-16,2.8940209527116934,2.36783532494593,naive,HUANUCO
2016-05-23,4.297182626753728,2.36783532494593,naive,HUANUCO
2016-05-30,5.393402684599068,4.297182626753728,naive,HUANUCO
2016-06-06,6.314227533189154,4.297182626753728,naive,HUANUCO
2016-06-13,7.103505974837798,4.297182626753728,naive,HUANUCO
2016-06-20,7.278901184093052,4.297182626753728,naive,HUANUCO
2016-06-27,6.007285916992458,7.278901184093052,naive,HUANUCO
2016-07-04,4.297182626753728,7.278901184093052,naive,HUANUCO
2016-07-11,3.6394505920465243,7.278901184093052,naive,HUANUCO
2016-07-18,3.420206580477456,7.278901184093052,naive,HUANUCO
2016-07-25,2.718625743456439,3.420206580477456,naive,HUANUCO
2016-08-01,2.323986522632116,3.420206580477456,naive,HUANUCO
2016-08-08,2.3239865226321164,3.420206580477456,naive,HUANUCO
2016-08-15,2.9817185573393203,3.420206580477456,naive,HUANUCO
2016-08-22,2.630928138828811,2.9817185573393203,naive,HUANUCO
2016-08-29,2.3678353249459296,2.9817185573393203,naive,HUANUCO
2016-09-05,1.9731961041216077,2.9817185573393203,naive,HUANUCO
2016-09-12,1.8854984994939803,2.9817185573393203,naive,HUANUCO
2016-09-19,3.3325089758498287,1.8854984994939803,naive,HUANUCO
2016-09-26,5.17415867303,1.8854984994939803,naive,HUANUCO
2016-10-03,5.744193103109577,1.8854984994939803,naive,HUANUCO
2016-10-10,4.428729033695169,1.8854984994939803,naive,HUANUCO
2016-10-17,3.0694161619669473,4.428729033695169,naive,HUANUCO
2016-10-24,2.8501721503978796,4.428729033695169,naive,HUANUCO
2016-10-31,3.1571137665945748,4.428729033695169,naive,HUANUCO
2016-11-07,2.7624745457702526,4.428729033695169,naive,HUANUCO
2016-11-14,2.674776941142625,2.7624745457702526,naive,HUANUCO
2016-11-21,2.2801377203183026,2.7624745457702526,naive,HUANUCO
2016-11-28,3.595601789732711,2.7624745457702526,naive,HUANUCO
2016-12-05,4.56027544063661,2.7624745457702526,naive,HUANUCO
2016-12-12,4.428729033695169,4.56027544063661,naive,HUANUCO
2016-12-19,3.1132649642807606,4.56027544063661,naive,HUANUCO
2016-12-26,2.104742511063048,4.56027544063661,naive,HUANUCO
2017-01-02,2.3242342807530956,4.56027544063661,naive,HUANUCO
2017-01-09,1.9297124190387105,2.3242342807530956,naive,HUANUCO
2017-01-16,1.7544736885967058,2.3242342807530956,naive,HUANUCO
2017-01-23,1.140407897587857,2.3242342807530956,naive,HUANUCO
2017-01-30,1.1404078975878573,2.3242342807530956,naive,HUANUCO
2017-02-06,1.140407897587857,1.1404078975878573,naive,HUANUCO
2017-02-13,1.4474407930922812,1.1404078975878573,naive,HUANUCO
2017-02-20,1.5790263197370396,1.1404078975878573,naive,HUANUCO
2017-02-27,1.7544736885967058,1.1404078975878573,naive,HUANUCO
2017-03-06,1.6667500041668701,1.7544736885967058,naive,HUANUCO
2017-03-13,1.6667500041668701,1.7544736885967058,naive,HUANUCO
2017-03-20,1.6228881619519522,1.7544736885967058,naive,HUANUCO
2017-03-27,2.587848690680143,1.7544736885967058,naive,HUANUCO
2017-04-03,3.5528092194083336,2.587848690680143,naive,HUANUCO
2017-04-10,3.772118430482923,2.587848690680143,naive,HUANUCO
2017-04-17,4.03528948377243,2.587848690680143,naive,HUANUCO
2017-04-24,3.9037039571276764,2.587848690680143,naive,HUANUCO
2017-05-01,4.8686644858558665,3.9037039571276764,naive,HUANUCO
2017-05-08,3.9475657993425934,3.9037039571276764,naive,HUANUCO
2017-05-15,3.684394746053087,3.9037039571276764,naive,HUANUCO
2017-05-22,2.763296059539814,3.9037039571276764,naive,HUANUCO
2017-05-29,3.1141907972591567,2.763296059539814,naive,HUANUCO
2017-06-05,2.8948815861845674,2.763296059539814,naive,HUANUCO
2017-06-12,2.9387434283994853,2.763296059539814,naive,HUANUCO
2017-06-19,2.45626316403539,2.763296059539814,naive,HUANUCO
2017-06-26,1.9737828996712947,2.45626316403539,naive,HUANUCO
2017-07-03,1.5351644775221172,2.45626316403539,naive,HUANUCO
2017-07-10,1.6667500041668706,2.45626316403539,naive,HUANUCO
2017-07-17,1.886059215241459,2.45626316403539,naive,HUANUCO
2017-07-24,2.105368426316048,1.886059215241459,naive,HUANUCO
2017-07-31,1.842197373026541,1.886059215241459,naive,HUANUCO
2017-08-07,1.7983355308116236,1.886059215241459,naive,HUANUCO
2017-08-14,1.4035789508773637,1.886059215241459,naive,HUANUCO
2017-08-21,1.4913026353071992,1.4035789508773637,naive,HUANUCO
2017-08-28,1.3158552664475283,1.4035789508773637,naive,HUANUCO
2017-09-04,1.1842697398027748,1.4035789508773637,naive,HUANUCO
2017-09-11,1.0526842131580216,1.4035789508773637,naive,HUANUCO
2017-09-18,1.140407897587857,1.0526842131580216,naive,HUANUCO
2017-09-25,1.359717108662446,1.0526842131580216,naive,HUANUCO
2017-10-02,1.6228881619519526,1.0526842131580216,naive,HUANUCO
2017-10-09,1.5790263197370347,1.0526842131580216,naive,HUANUCO
2017-10-16,1.535164477522117,1.5790263197370347,naive,HUANUCO
2017-10-23,1.140407897587857,1.5790263197370347,naive,HUANUCO
2017-10-30,1.3158552664475283,1.5790263197370347,naive,HUANUCO
2017-11-06,1.579026319737035,1.5790263197370347,naive,HUANUCO
2017-11-13,1.7106118463817879,1.579026319737035,naive,HUANUCO
2017-11-20,1.5790263197370347,1.579026319737035,naive,HUANUCO
2017-11-27,1.315855266447528,1.579026319737035,naive,HUANUCO
2017-12-04,1.886059215241459,1.579026319737035,naive,HUANUCO
2017-12-11,2.1053684263160477,1.886059215241459,naive,HUANUCO
2017-12-18,2.500125006250308,1.886059215241459,naive,HUANUCO
2017-12-25,1.9737828996712947,1.886059215241459,naive,HUANUCO
2018-01-01,2.0641071400776574,1.886059215241459,naive,HUANUCO
2018-01-08,2.022701378507237,2.0641071400776574,naive,HUANUCO
2018-01-15,2.1563095598004,2.0641071400776574,naive,HUANUCO
2018-01-22,1.4522084790492478,2.0641071400776574,naive,HUANUCO
2018-01-29,0.9241326684858829,2.0641071400776574,naive,HUANUCO
2018-02-05,0.836120033391989,0.9241326684858829,naive,HUANUCO
2018-02-12,1.0561516211267243,0.9241326684858829,naive,HUANUCO
2018-02-19,1.0561516211267243,0.9241326684858829,naive,HUANUCO
2018-02-26,0.7481073982980949,0.9241326684858829,naive,HUANUCO
2018-03-05,0.9241326684858832,0.7481073982980949,naive,HUANUCO
2018-03-12,1.0561516211267241,0.7481073982980949,naive,HUANUCO
2018-03-19,1.4962147965961947,0.7481073982980949,naive,HUANUCO
2018-03-26,1.8922716545187181,0.7481073982980949,naive,HUANUCO
2018-04-02,1.9802842896126123,1.8922716545187181,naive,HUANUCO
2018-04-09,1.848265336971771,1.8922716545187181,naive,HUANUCO
2018-04-16,1.71624638433093,1.8922716545187181,naive,HUANUCO
2018-04-23,1.9802842896126123,1.8922716545187181,naive,HUANUCO
2018-04-30,2.7723980054576587,1.9802842896126123,naive,HUANUCO
2018-05-07,3.476499086208811,1.9802842896126123,naive,HUANUCO
2018-05-14,6.4249223618542635,1.9802842896126123,naive,HUANUCO
2018-05-21,6.864985537323733,1.9802842896126123,naive,HUANUCO
2018-05-28,6.7329665846828926,6.864985537323733,naive,HUANUCO
2018-06-04,5.060726517898904,6.864985537323733,naive,HUANUCO
2018-06-11,6.1168781390256335,6.864985537323733,naive,HUANUCO
2018-06-18,8.669244556748561,6.864985537323733,naive,HUANUCO
2018-06-25,9.109307732218031,8.669244556748561,naive,HUANUCO
2018-07-02,7.481073982980991,8.669244556748561,naive,HUANUCO
2018-07-09,5.8088339161970035,8.669244556748561,naive,HUANUCO
2018-07-16,5.060726517898904,8.669244556748561,naive,HUANUCO
2018-07-23,5.544796010915323,5.060726517898904,naive,HUANUCO
2018-07-30,4.488644389788593,5.060726517898904,naive,HUANUCO
2018-08-06,3.740536991490494,5.060726517898904,naive,HUANUCO
2018-08-13,2.7723980054576582,5.060726517898904,naive,HUANUCO
2018-08-20,2.288328512441241,2.7723980054576582,naive,HUANUCO
2018-08-27,1.8922716545187175,2.7723980054576582,naive,HUANUCO
2018-09-03,1.7162463843309295,2.7723980054576582,naive,HUANUCO
2018-09-10,1.5842274316900935,2.7723980054576582,naive,HUANUCO
2018-09-17,1.7162463843309295,1.5842274316900935,naive,HUANUCO
2018-09-24,1.540221114143141,1.5842274316900935,naive,HUANUCO
2018-10-01,1.4962147965961943,1.5842274316900935,naive,HUANUCO
2018-10-08,1.5402211141431412,1.5842274316900935,naive,HUANUCO
2018-10-15,2.332334829988188,1.5402211141431412,naive,HUANUCO
2018-10-22,2.376341147535135,1.5402211141431412,naive,HUANUCO
2018-10-29,2.2883285124412405,1.5402211141431412,naive,HUANUCO
2018-11-05,2.0242906071595583,1.5402211141431412,naive,HUANUCO
2018-11-12,2.1563095598003996,2.0242906071595583,naive,HUANUCO
2018-11-19,2.5523664177229226,2.0242906071595583,naive,HUANUCO
2018-11-26,2.1563095598003996,2.0242906071595583,naive,HUANUCO
2018-12-03,2.59637273526987,2.0242906071595583,naive,HUANUCO
2018-12-10,2.3763411475351344,2.59637273526987,naive,HUANUCO
2018-12-17,2.4203474650820813,2.59637273526987,naive,HUANUCO
2018-12-24,2.0682969247065053,2.59637273526987,naive,HUANUCO
2018-12-31,2.0242906071595583,2.59637273526987,naive,HUANUCO
2019-01-07,1.9787655422906347,2.0242906071595583,naive,HUANUCO
2019-01-14,1.8448136385127327,2.0242906071595583,naive,HUANUCO
2019-01-21,1.4037839874747318,2.0242906071595583,naive,HUANUCO
2019-01-28,1.272179238648975,2.0242906071595583,naive,HUANUCO
2019-02-04,1.2283109890403894,1.272179238648975,naive,HUANUCO
2019-02-11,1.4037839874747318,1.272179238648975,naive,HUANUCO
2019-02-18,1.4915204866919025,1.272179238648975,naive,HUANUCO
2019-02-25,2.017939481994929,1.272179238648975,naive,HUANUCO
2019-03-04,2.2372807300378565,2.017939481994929,naive,HUANUCO
2019-03-11,2.588226726906541,2.017939481994929,naive,HUANUCO
2019-03-18,1.9740712323863434,2.017939481994929,naive,HUANUCO
2019-03-25,1.4476522370833171,2.017939481994929,naive,HUANUCO
2019-04-01,1.6231252355176593,1.4476522370833171,naive,HUANUCO
2019-04-08,1.8863347331691724,1.4476522370833171,naive,HUANUCO
2019-04-15,2.544358477297956,1.4476522370833171,naive,HUANUCO
2019-04-22,2.6759632261237125,1.4476522370833171,naive,HUANUCO
2019-04-29,3.070777472600982,2.6759632261237125,naive,HUANUCO
2019-05-06,2.9830409733838112,2.6759632261237125,naive,HUANUCO
2019-05-13,3.0269092229923964,2.6759632261237125,naive,HUANUCO
2019-05-20,3.0269092229923964,2.6759632261237125,naive,HUANUCO
2019-05-27,3.421723469469672,3.0269092229923964,naive,HUANUCO
2019-06-03,3.3778552198610807,3.0269092229923964,naive,HUANUCO
2019-06-10,2.851436224558054,3.0269092229923964,naive,HUANUCO
2019-06-17,2.3688854788636133,3.0269092229923964,naive,HUANUCO
2019-06-24,2.368885478863614,2.3688854788636133,naive,HUANUCO
2019-07-01,2.6759632261237125,2.3688854788636133,naive,HUANUCO
2019-07-08,2.851436224558055,2.3688854788636133,naive,HUANUCO
2019-07-15,2.5443584772979557,2.3688854788636133,naive,HUANUCO
2019-07-22,2.412753728472199,2.5443584772979557,naive,HUANUCO
2019-07-29,2.281148979646442,2.5443584772979557,naive,HUANUCO
2019-08-05,2.368885478863614,2.5443584772979557,naive,HUANUCO
2019-08-12,1.9740712323863436,2.5443584772979557,naive,HUANUCO
2019-08-19,1.974071232386344,1.9740712323863436,naive,HUANUCO
2019-08-26,1.3599157378661462,1.9740712323863436,naive,HUANUCO
2019-09-02,1.754729984343416,1.9740712323863436,naive,HUANUCO
2019-09-09,1.4476522370833171,1.9740712323863436,naive,HUANUCO
2019-09-16,2.368885478863614,1.4476522370833171,naive,HUANUCO
2019-09-23,2.325017229255028,1.4476522370833171,naive,HUANUCO
2019-09-30,2.456621978080785,1.4476522370833171,naive,HUANUCO
2019-10-07,2.061807731603515,1.4476522370833171,naive,HUANUCO
2019-10-14,1.7985982339520017,2.061807731603515,naive,HUANUCO
2019-10-21,1.7108617347348305,2.061807731603515,naive,HUANUCO
2019-10-28,1.272179238648975,2.061807731603515,naive,HUANUCO
2019-11-04,1.754729984343416,2.061807731603515,naive,HUANUCO
2019-11-11,2.1056759812121,1.754729984343416,naive,HUANUCO
2019-11-18,2.7636997253408833,1.754729984343416,naive,HUANUCO
2019-11-25,2.1934124804292714,1.754729984343416,naive,HUANUCO
2019-12-02,1.9740712323863434,1.754729984343416,naive,HUANUCO
2019-12-09,1.842466483560587,1.9740712323863434,naive,HUANUCO
2019-12-16,1.7985982339520012,1.9740712323863434,naive,HUANUCO
2019-12-23,2.3688854788636133,1.9740712323863434,naive,HUANUCO
2019-12-30,2.2372807300378565,1.9740712323863434,naive,HUANUCO
2020-01-06,2.6316869142669534,2.2372807300378565,naive,HUANUCO
2020-01-13,1.9295548839130123,2.2372807300378565,naive,HUANUCO
2020-01-20,1.7537698378771258,2.2372807300378565,naive,HUANUCO
2020-01-27,1.4030158703016997,2.2372807300378565,naive,HUANUCO
2020-02-03,1.4468601162486276,1.4030158703016997,naive,HUANUCO
2020-02-10,1.4468601162486279,1.4030158703016997,naive,HUANUCO
2020-02-17,1.6660813459832695,1.4030158703016997,naive,HUANUCO
2020-02-24,1.9729910676117672,1.4030158703016997,naive,HUANUCO
2020-03-02,1.885302575717911,1.9729910676117672,naive,HUANUCO
2020-03-09,1.797614083824054,1.9729910676117672,naive,HUANUCO
2020-03-16,1.4468601162486279,1.9729910676117672,naive,HUANUCO
2020-03-23,1.315327378407843,1.9729910676117672,naive,HUANUCO
2020-03-30,0.9645734108324167,1.315327378407843,naive,HUANUCO
2020-04-06,0.6138194432569904,1.315327378407843,naive,HUANUCO
2020-04-13,0.5699751973100621,1.315327378407843,naive,HUANUCO
2020-04-20,0.5261309513631337,1.315327378407843,naive,HUANUCO
2020-04-27,0.4384424594692771,0.5261309513631337,naive,HUANUCO
2020-05-04,0.21922122973463573,0.5261309513631337,naive,HUANUCO
2020-05-11,0.13153273784077912,0.5261309513631337,naive,HUANUCO
2020-05-18,0.1753769837877074,0.5261309513631337,naive,HUANUCO
2020-05-25,0.1315327378407849,0.1753769837877074,naive,HUANUCO
2020-06-01,0.08768849189385082,0.1753769837877074,naive,HUANUCO
2020-06-08,0.043844245946922523,0.1753769837877074,naive,HUANUCO
2020-06-15,0.0,0.1753769837877074,naive,HUANUCO
2020-06-22,0.0,0.0,naive,HUANUCO
2020-06-29,0.043844245946922523,0.0,naive,HUANUCO
2020-07-06,0.043844245946922523,0.0,naive,HUANUCO
2020-07-13,0.08768849189385082,0.0,naive,HUANUCO
2020-07-20,0.08768849189385082,0.08768849189385082,naive,HUANUCO
2020-07-27,0.08768849189385082,0.08768849189385082,naive,HUANUCO
2020-08-03,0.3507539675754206,0.08768849189385082,naive,HUANUCO
2020-08-10,0.3945982135223489,0.08768849189385082,naive,HUANUCO
2020-08-17,0.4822867054162055,0.3945982135223489,naive,HUANUCO
2020-08-24,0.1753769837877074,0.3945982135223489,naive,HUANUCO
2020-08-31,0.1753769837877074,0.3945982135223489,naive,HUANUCO
2020-09-07,0.21922122973463573,0.3945982135223489,naive,HUANUCO
2020-09-14,0.3507539675754206,0.21922122973463573,naive,HUANUCO
2020-09-21,0.3507539675754206,0.21922122973463573,naive,HUANUCO
2020-09-28,0.3945982135223489,0.21922122973463573,naive,HUANUCO
2020-10-05,0.3945982135223489,0.21922122973463573,naive,HUANUCO
2020-10-12,0.6138194432569903,0.3945982135223489,naive,HUANUCO
2020-10-19,0.48228670541620544,0.3945982135223489,naive,HUANUCO
2020-10-26,0.39459821352234886,0.3945982135223489,naive,HUANUCO
2020-11-02,0.263065475681564,0.3945982135223489,naive,HUANUCO
2020-11-09,0.3945982135223489,0.263065475681564,naive,HUANUCO
2020-11-16,0.4822867054162055,0.263065475681564,naive,HUANUCO
2020-11-23,0.3507539675754206,0.263065475681564,naive,HUANUCO
2020-11-30,0.263065475681564,0.263065475681564,naive,HUANUCO
2020-12-07,0.13153273784077912,0.263065475681564,naive,HUANUCO
2020-12-14,0.1753769837877074,0.263065475681564,naive,HUANUCO
2020-12-21,0.13153273784077912,0.263065475681564,naive,HUANUCO
2020-12-28,0.21922122973463573,0.263065475681564,naive,HUANUCO
2021-01-04,0.2633864962003074,0.21922122973463573,naive,HUANUCO
2021-01-11,0.43929851418592625,0.21922122973463573,naive,HUANUCO
2021-01-18,0.5274150334381074,0.21922122973463573,naive,HUANUCO
2021-01-25,0.48346378065159795,0.21922122973463573,naive,HUANUCO
2021-02-01,0.3955612750785791,0.48346378065159795,naive,HUANUCO
2021-02-08,0.2637075167190508,0.48346378065159795,naive,HUANUCO
2021-02-15,0.3076587695055602,0.48346378065159795,naive,HUANUCO
2021-02-22,0.17580501114603195,0.48346378065159795,naive,HUANUCO
2021-03-01,0.21975626393254136,0.17580501114603195,naive,HUANUCO
2021-03-08,0.395561275078579,0.17580501114603195,naive,HUANUCO
2021-03-15,0.7471712973706545,0.17580501114603195,naive,HUANUCO
2021-03-22,0.7911225501571638,0.17580501114603195,naive,HUANUCO
2021-03-29,0.9669275613032017,0.7911225501571638,naive,HUANUCO
2021-04-05,1.0548300668762205,0.7911225501571638,naive,HUANUCO
2021-04-12,1.406440089168296,0.7911225501571638,naive,HUANUCO
2021-04-19,1.4064400891682958,0.7911225501571638,naive,HUANUCO
2021-04-26,1.0548300668762205,1.4064400891682958,naive,HUANUCO
2021-05-03,0.8790250557301827,1.4064400891682958,naive,HUANUCO
2021-05-10,0.7471712973706545,1.4064400891682958,naive,HUANUCO
2021-05-17,0.7911225501571639,1.4064400891682958,naive,HUANUCO
2021-05-24,0.879025055730183,0.7911225501571639,naive,HUANUCO
2021-05-31,1.09878131966273,0.7911225501571639,naive,HUANUCO
2021-06-07,1.5822451003143339,0.7911225501571639,naive,HUANUCO
2021-06-14,1.5382938475278243,0.7911225501571639,naive,HUANUCO
2021-06-21,1.1866838252357488,1.5382938475278243,naive,HUANUCO
2021-06-28,0.8350738029436734,1.5382938475278243,naive,HUANUCO
2021-07-05,0.5713662862246168,1.5382938475278243,naive,HUANUCO
2021-07-12,0.6153175390111262,1.5382938475278243,naive,HUANUCO
2021-07-19,0.35161002229206967,0.6153175390111262,naive,HUANUCO
2021-07-26,0.4395125278650885,0.6153175390111262,naive,HUANUCO
2021-08-02,0.26370751671905085,0.6153175390111262,naive,HUANUCO
2021-08-09,0.483463780651598,0.6153175390111262,naive,HUANUCO
2021-08-16,0.39556127507857913,0.483463780651598,naive,HUANUCO
2021-08-23,0.7471712973706546,0.483463780651598,naive,HUANUCO
2021-08-30,0.6153175390111263,0.483463780651598,naive,HUANUCO
2021-09-06,0.7032200445841452,0.483463780651598,naive,HUANUCO
2021-09-13,0.4395125278650886,0.7032200445841452,naive,HUANUCO
2021-09-20,0.4395125278650886,0.7032200445841452,naive,HUANUCO
2021-09-27,0.483463780651598,0.7032200445841452,naive,HUANUCO
2021-10-04,0.39556127507857913,0.7032200445841452,naive,HUANUCO
2021-10-11,0.6153175390111262,0.39556127507857913,naive,HUANUCO
2021-10-18,0.5274150334381074,0.39556127507857913,naive,HUANUCO
2021-10-25,0.6592687917976356,0.39556127507857913,naive,HUANUCO
2021-11-01,1.0548300668762205,0.39556127507857913,naive,HUANUCO
2021-11-08,1.1866838252357488,1.0548300668762205,naive,HUANUCO
2021-11-15,1.0548300668762205,1.0548300668762205,naive,HUANUCO
2021-11-22,0.6592687917976355,1.0548300668762205,naive,HUANUCO
2021-11-29,0.7471712973706545,1.0548300668762205,naive,HUANUCO
2021-12-06,0.8350738029436733,0.7471712973706545,naive,HUANUCO
2021-12-13,0.6153175390111262,0.7471712973706545,naive,HUANUCO
2021-12-20,0.4395125278650885,0.7471712973706545,naive,HUANUCO
2021-12-27,0.5274150334381074,0.7471712973706545,naive,HUANUCO
2022-01-03,0.5719255027476713,0.5274150334381074,naive,HUANUCO
2022-01-10,0.7050840996609935,0.5274150334381074,naive,HUANUCO
2022-01-17,0.794477849295491,0.5274150334381074,naive,HUANUCO
2022-01-24,1.0151661407664623,0.5274150334381074,naive,HUANUCO
2022-01-31,1.1475791156490451,1.0151661407664623,naive,HUANUCO
2022-02-07,0.8827531658838796,1.0151661407664623,naive,HUANUCO
2022-02-14,0.8827531658838795,1.0151661407664623,naive,HUANUCO
2022-02-21,0.6620648744129083,1.0151661407664623,naive,HUANUCO
2022-02-28,1.456542723708405,0.6620648744129083,naive,HUANUCO
2022-03-07,1.5006803820025993,0.6620648744129083,naive,HUANUCO
2022-03-14,1.5448180402967935,0.6620648744129083,naive,HUANUCO
2022-03-21,1.2358544322374336,0.6620648744129083,naive,HUANUCO
2022-03-28,1.8537816483561533,1.2358544322374336,naive,HUANUCO
2022-04-04,2.3834335478864843,1.2358544322374336,naive,HUANUCO
2022-04-11,2.5158465227690674,1.2358544322374336,naive,HUANUCO
2022-04-18,2.824810130828427,1.2358544322374336,naive,HUANUCO
2022-04-25,2.824810130828427,2.824810130828427,naive,HUANUCO
2022-05-02,3.0896360805935927,2.824810130828427,naive,HUANUCO
2022-05-09,2.824810130828427,2.824810130828427,naive,HUANUCO
2022-05-16,2.95722310571101,2.824810130828427,naive,HUANUCO
2022-05-23,2.5599841810632618,2.95722310571101,naive,HUANUCO
2022-05-30,2.0303322815329308,2.95722310571101,naive,HUANUCO
2022-06-06,1.5889556985909878,2.95722310571101,naive,HUANUCO
2022-06-13,1.6772310151793761,2.95722310571101,naive,HUANUCO
2022-06-20,1.9420569649445418,1.6772310151793761,naive,HUANUCO
2022-06-27,2.295158231298096,1.6772310151793761,naive,HUANUCO
2022-07-04,1.8537816483561533,1.6772310151793761,naive,HUANUCO
2022-07-11,1.5889556985909878,1.6772310151793761,naive,HUANUCO
2022-07-18,1.7655063317677648,1.5889556985909878,naive,HUANUCO
2022-07-25,2.1627452564155134,1.5889556985909878,naive,HUANUCO
2022-08-01,2.0744699398271247,1.5889556985909878,naive,HUANUCO
2022-08-08,1.456542723708405,1.5889556985909878,naive,HUANUCO
2022-08-15,1.0151661407664623,1.456542723708405,naive,HUANUCO
2022-08-22,0.7944778492954909,1.456542723708405,naive,HUANUCO
2022-08-29,0.9268908241780739,1.456542723708405,naive,HUANUCO
2022-09-05,1.0593037990606566,1.456542723708405,naive,HUANUCO
2022-09-12,1.3682674071200165,1.0593037990606566,naive,HUANUCO
2022-09-19,1.1475791156490451,1.0593037990606566,naive,HUANUCO
2022-09-26,1.2799920905316278,1.0593037990606566,naive,HUANUCO
2022-10-03,1.0593037990606566,1.0593037990606566,naive,HUANUCO
2022-10-10,0.9268908241780737,1.0593037990606566,naive,HUANUCO
2022-10-17,0.7503401910012967,1.0593037990606566,naive,HUANUCO
2022-10-24,1.2358544322374334,1.0593037990606566,naive,HUANUCO
2022-10-31,1.4124050654142106,1.0593037990606566,naive,HUANUCO
2022-11-07,1.5006803820025991,1.4124050654142106,naive,HUANUCO
2022-11-14,1.1034414573548508,1.4124050654142106,naive,HUANUCO
2022-11-21,1.015166140766462,1.4124050654142106,naive,HUANUCO
2022-11-28,1.5006803820025991,1.4124050654142106,naive,HUANUCO
2022-12-05,1.7655063317677646,1.5006803820025991,naive,HUANUCO
2022-12-12,1.9420569649445418,1.5006803820025991,naive,HUANUCO
2022-12-19,1.5448180402967935,1.5006803820025991,naive,HUANUCO
2022-12-26,1.1034414573548508,1.5006803820025991,naive,HUANUCO
2023-01-02,1.1058601942362243,1.1034414573548508,naive,HUANUCO
2023-01-09,0.8863812712059397,1.1034414573548508,naive,HUANUCO
2023-01-16,1.0207292355936215,1.1034414573548508,naive,HUANUCO
2023-01-23,0.9763497036112897,1.1034414573548508,naive,HUANUCO
2023-01-30,1.3757654914522746,0.9763497036112897,naive,HUANUCO
2023-02-06,1.1982473635229478,0.9763497036112897,naive,HUANUCO
2023-02-13,1.0207292355936215,0.9763497036112897,naive,HUANUCO
2023-02-20,0.7544520436996317,0.9763497036112897,naive,HUANUCO
2023-02-27,1.0207292355936215,0.7544520436996317,naive,HUANUCO
2023-03-06,1.3313859594699429,0.7544520436996317,naive,HUANUCO
2023-03-13,1.464524555416938,0.7544520436996317,naive,HUANUCO
2023-03-20,1.908319875240254,0.7544520436996317,naive,HUANUCO
2023-03-27,2.0414584711872488,1.908319875240254,naive,HUANUCO
2023-04-03,2.574012854975228,1.908319875240254,naive,HUANUCO
2023-04-10,3.017808174798544,1.908319875240254,naive,HUANUCO
2023-04-17,4.0385374103921725,1.908319875240254,naive,HUANUCO
2023-04-24,4.748609922109478,4.0385374103921725,naive,HUANUCO
2023-05-01,5.769339157703105,4.0385374103921725,naive,HUANUCO
2023-05-08,5.63620056175611,4.0385374103921725,naive,HUANUCO
2023-05-15,5.9024777536501,4.0385374103921725,naive,HUANUCO
2023-05-22,5.991236817614763,5.9024777536501,naive,HUANUCO
2023-05-29,7.1894841811377175,5.9024777536501,naive,HUANUCO
2023-06-05,7.6332795009610335,5.9024777536501,naive,HUANUCO
2023-06-12,7.322622777084711,5.9024777536501,naive,HUANUCO
2023-06-19,6.390652605455748,7.322622777084711,naive,HUANUCO
2023-06-26,5.813718689685437,7.322622777084711,naive,HUANUCO
2023-07-03,4.881748518056472,7.322622777084711,naive,HUANUCO
2023-07-10,4.393573666250824,7.322622777084711,naive,HUANUCO
2023-07-17,3.372844430657197,4.393573666250824,naive,HUANUCO
2023-07-24,3.5059830266041927,4.393573666250824,naive,HUANUCO
2023-07-31,3.2840853666925347,4.393573666250824,naive,HUANUCO
2023-08-07,3.150946770745539,4.393573666250824,naive,HUANUCO
2023-08-14,2.3077356630812385,3.150946770745539,naive,HUANUCO
2023-08-21,1.5976631513639326,3.150946770745539,naive,HUANUCO
2023-08-28,0.9763497036112897,3.150946770745539,naive,HUANUCO
2023-09-04,0.8875906396466263,3.150946770745539,naive,HUANUCO
2023-09-11,1.0651087675759527,0.8875906396466263,naive,HUANUCO
2023-09-18,1.3313859594699426,0.8875906396466263,naive,HUANUCO
2023-09-25,1.2870064274876112,0.8875906396466263,naive,HUANUCO
2023-10-02,1.2870064274876112,0.8875906396466263,naive,HUANUCO
2023-10-09,1.2870064274876112,1.2870064274876112,naive,HUANUCO
2023-10-16,1.1982473635229478,1.2870064274876112,naive,HUANUCO
2023-10-23,0.9763497036112897,1.2870064274876112,naive,HUANUCO
2023-10-30,1.1538678315406161,1.2870064274876112,naive,HUANUCO
2023-11-06,1.2870064274876112,1.1538678315406161,naive,HUANUCO
2023-11-13,1.5976631513639326,1.1538678315406161,naive,HUANUCO
2023-11-20,1.908319875240254,1.1538678315406161,naive,HUANUCO
2023-11-27,1.8639403432579222,1.1538678315406161,naive,HUANUCO
2023-12-04,1.8639403432579222,1.8639403432579222,naive,HUANUCO
2023-12-11,1.3757654914522746,1.8639403432579222,naive,HUANUCO
2023-12-18,1.3313859594699429,1.8639403432579222,naive,HUANUCO
2023-12-25,0.9319701716289582,1.8639403432579222,naive,HUANUCO
2004-12-27,5.321521359820077,12.669038237709437,seasonal_naive,HUANUCO
2005-01-03,6.416900474322055,12.368088159504255,seasonal_naive,HUANUCO
2005-01-10,5.846919610657637,11.524068652191689,seasonal_naive,HUANUCO
2005-01-17,8.212467239396988,7.125426905521798,seasonal_naive,HUANUCO
2005-01-24,7.498339653362467,6.584255241811281,seasonal_naive,HUANUCO
2005-01-31,6.650313144946473,7.215622182806885,seasonal_naive,HUANUCO
2005-02-07,6.561047196692158,7.486208014662142,seasonal_naive,HUANUCO
2005-02-14,5.534488791767536,7.982282039730116,seasonal_naive,HUANUCO
2005-02-21,5.0881590504959595,6.8999387123090825,seasonal_naive,HUANUCO
2005-02-28,4.731095257478699,8.433258426155545,seasonal_naive,HUANUCO
2005-03-07,4.954260128114487,7.89208676244503,seasonal_naive,HUANUCO
2005-03-14,5.98081853303911,8.478356064798088,seasonal_naive,HUANUCO
2005-03-21,5.8022866365304795,6.494059964526195,seasonal_naive,HUANUCO
2005-03-28,6.561047196692158,6.8999387123090825,seasonal_naive,HUANUCO
2005-04-04,6.9627439638365765,6.674450519096367,seasonal_naive,HUANUCO
2005-04-11,7.81077047225257,7.215622182806883,seasonal_naive,HUANUCO
2005-04-18,8.301733187651303,6.990133989594168,seasonal_naive,HUANUCO
2005-04-25,8.123201291142673,6.6293528804538235,seasonal_naive,HUANUCO
2005-05-02,8.971227799558665,6.945036350951626,seasonal_naive,HUANUCO
2005-05-09,9.908520256228975,7.801891485159943,seasonal_naive,HUANUCO
2005-05-16,10.935078661153597,9.290113560363864,seasonal_naive,HUANUCO
2005-05-23,11.559940298933803,9.650894669504208,seasonal_naive,HUANUCO
2005-05-30,11.426041376552332,9.335211199006407,seasonal_naive,HUANUCO
2005-06-06,10.220951075119077,9.290113560363864,seasonal_naive,HUANUCO
2005-06-13,9.28365861844877,7.756793846517401,seasonal_naive,HUANUCO
2005-06-20,8.435632110032776,7.846989123802487,seasonal_naive,HUANUCO
2005-06-27,8.614164006541406,7.621500930589771,seasonal_naive,HUANUCO
2005-07-04,8.301733187651301,8.703844258010804,seasonal_naive,HUANUCO
2005-07-11,8.123201291142673,8.974430089866061,seasonal_naive,HUANUCO
2005-07-18,8.16783426526983,8.252867871585373,seasonal_naive,HUANUCO
2005-07-25,7.230541808599521,7.486208014662143,seasonal_naive,HUANUCO
2005-08-01,7.587605601616782,6.8097434350239965,seasonal_naive,HUANUCO
2005-08-08,7.275174782726679,6.8097434350239965,seasonal_naive,HUANUCO
2005-08-15,7.141275860345206,6.6293528804538235,seasonal_naive,HUANUCO
2005-08-22,5.668387714149007,5.772497746245507,seasonal_naive,HUANUCO
2005-08-29,5.400589869386061,4.735252057467016,seasonal_naive,HUANUCO
2005-09-05,6.427148274310685,4.5999591415393875,seasonal_naive,HUANUCO
2005-09-12,7.052009912090891,4.554861502896845,seasonal_naive,HUANUCO
2005-09-19,6.784212067327945,5.81759538488805,seasonal_naive,HUANUCO
2005-09-26,6.87347801558226,7.170524544164341,seasonal_naive,HUANUCO
2005-10-03,6.962743963836576,8.0724773170152,seasonal_naive,HUANUCO
2005-10-10,7.007376937963733,7.711696207874858,seasonal_naive,HUANUCO
2005-10-17,6.248616377802055,6.223474132670937,seasonal_naive,HUANUCO
2005-10-24,6.69494611907363,6.043083578100764,seasonal_naive,HUANUCO
2005-10-31,6.605680170819315,6.8097434350239965,seasonal_naive,HUANUCO
2005-11-07,6.962743963836576,8.252867871585373,seasonal_naive,HUANUCO
2005-11-14,7.007376937963734,8.252867871585375,seasonal_naive,HUANUCO
2005-11-21,6.9627439638365765,7.892086762445029,seasonal_naive,HUANUCO
2005-11-28,6.293249351929212,7.396012737377055,seasonal_naive,HUANUCO
2005-12-05,5.489855817640376,8.162672594300288,seasonal_naive,HUANUCO
2005-12-12,5.98081853303911,7.576403291947227,seasonal_naive,HUANUCO
2005-12-19,6.025451507166267,8.343063148870462,seasonal_naive,HUANUCO
2005-12-26,6.605680170819316,5.321521359820077,seasonal_naive,HUANUCO
2006-01-02,6.802896056094311,6.416900474322055,seasonal_naive,HUANUCO
2006-01-09,6.8725864539887285,5.846919610657637,seasonal_naive,HUANUCO
2006-01-16,6.626659315492596,8.212467239396988,seasonal_naive,HUANUCO
2006-01-23,6.0081711127132875,7.498339653362467,seasonal_naive,HUANUCO
2006-01-30,5.5663938250137805,6.650313144946473,seasonal_naive,HUANUCO
2006-02-06,4.5061283345349645,6.561047196692158,seasonal_naive,HUANUCO
2006-02-13,3.7551069454458035,5.534488791767536,seasonal_naive,HUANUCO
2006-02-20,4.108528775605409,5.0881590504959595,seasonal_naive,HUANUCO
2006-02-27,5.080438808544323,4.731095257478699,seasonal_naive,HUANUCO
2006-03-06,6.0965265702531894,4.954260128114487,seasonal_naive,HUANUCO
2006-03-13,5.831460197633485,5.98081853303911,seasonal_naive,HUANUCO
2006-03-20,5.5663938250137805,5.8022866365304795,seasonal_naive,HUANUCO
2006-03-27,4.815372435924619,6.561047196692158,seasonal_naive,HUANUCO
2006-04-03,6.140704299023139,6.9627439638365765,seasonal_naive,HUANUCO
2006-04-10,6.096526570253189,7.81077047225257,seasonal_naive,HUANUCO
2006-04-17,7.2451475182719065,8.301733187651303,seasonal_naive,HUANUCO
2006-04-24,6.759192501802448,8.123201291142673,seasonal_naive,HUANUCO
2006-05-01,7.819457992281265,8.971227799558665,seasonal_naive,HUANUCO
2006-05-08,10.735188091098008,9.908520256228975,seasonal_naive,HUANUCO
2006-05-15,12.85571907205564,10.935078661153597,seasonal_naive,HUANUCO
2006-05-22,13.562562732374849,11.559940298933803,seasonal_naive,HUANUCO
2006-05-29,12.723185885745787,11.426041376552332,seasonal_naive,HUANUCO
2006-06-05,11.707098124036923,10.220951075119077,seasonal_naive,HUANUCO
2006-06-12,12.76736361451574,9.28365861844877,seasonal_naive,HUANUCO
2006-06-19,12.193053140506379,8.435632110032776,seasonal_naive,HUANUCO
2006-06-26,12.016342225426577,8.614164006541406,seasonal_naive,HUANUCO
2006-07-03,11.088609921257612,8.301733187651301,seasonal_naive,HUANUCO
2006-07-10,10.3817662609384,8.123201291142673,seasonal_naive,HUANUCO
2006-07-17,9.895811244468945,8.16783426526983,seasonal_naive,HUANUCO
2006-07-24,8.835545753990129,7.230541808599521,seasonal_naive,HUANUCO
2006-07-31,8.570479381370426,7.587605601616782,seasonal_naive,HUANUCO
2006-08-07,8.658834838910325,7.275174782726679,seasonal_naive,HUANUCO
2006-08-14,7.598569348431511,7.141275860345206,seasonal_naive,HUANUCO
2006-08-21,6.670837044262547,5.668387714149007,seasonal_naive,HUANUCO
2006-08-28,5.080438808544322,5.400589869386061,seasonal_naive,HUANUCO
2006-09-04,5.478038367473879,6.427148274310685,seasonal_naive,HUANUCO
2006-09-11,4.550306063304914,7.052009912090891,seasonal_naive,HUANUCO
2006-09-18,4.373595148225111,6.784212067327945,seasonal_naive,HUANUCO
2006-09-25,4.108528775605408,6.87347801558226,seasonal_naive,HUANUCO
2006-10-02,4.5061283345349645,6.962743963836576,seasonal_naive,HUANUCO
2006-10-09,4.992083351004421,7.007376937963733,seasonal_naive,HUANUCO
2006-10-16,5.080438808544323,6.248616377802055,seasonal_naive,HUANUCO
2006-10-23,5.0362610797743725,6.69494611907363,seasonal_naive,HUANUCO
2006-10-30,5.698927011323633,6.605680170819315,seasonal_naive,HUANUCO
2006-11-06,5.478038367473879,6.962743963836576,seasonal_naive,HUANUCO
2006-11-13,5.875637926403435,7.007376937963734,seasonal_naive,HUANUCO
2006-11-20,5.478038367473879,6.9627439638365765,seasonal_naive,HUANUCO
2006-11-27,6.582481586722646,6.293249351929212,seasonal_naive,HUANUCO
2006-12-04,6.538303857952695,5.489855817640376,seasonal_naive,HUANUCO
2006-12-11,6.670837044262547,5.98081853303911,seasonal_naive,HUANUCO
2006-12-18,6.449948400412793,6.025451507166267,seasonal_naive,HUANUCO
2006-12-25,6.361592942872892,6.605680170819316,seasonal_naive,HUANUCO
2007-01-01,6.209881972916986,6.802896056094311,seasonal_naive,HUANUCO
2007-01-08,5.266539844850073,6.8725864539887285,seasonal_naive,HUANUCO
2007-01-15,5.204076322371097,6.626659315492596,seasonal_naive,HUANUCO
2007-01-22,4.6355637829524055,6.0081711127132875,seasonal_naive,HUANUCO
2007-01-29,5.160344588569658,5.5663938250137805,seasonal_naive,HUANUCO
2007-02-05,4.723027250555281,4.5061283345349645,seasonal_naive,HUANUCO
2007-02-12,5.291539789973972,3.7551069454458035,seasonal_naive,HUANUCO
2007-02-19,4.591832049150967,4.108528775605409,seasonal_naive,HUANUCO
2007-02-26,4.679295516753842,5.080438808544323,seasonal_naive,HUANUCO
2007-03-05,3.979587775930838,6.0965265702531894,seasonal_naive,HUANUCO
2007-03-12,3.760929106923648,5.831460197633485,seasonal_naive,HUANUCO
2007-03-19,3.4548069703135837,5.5663938250137805,seasonal_naive,HUANUCO
2007-03-26,3.4548069703135837,4.815372435924619,seasonal_naive,HUANUCO
2007-04-02,3.673465639320773,6.140704299023139,seasonal_naive,HUANUCO
2007-04-09,4.416905113945216,6.096526570253189,seasonal_naive,HUANUCO
2007-04-16,5.116612854768221,7.2451475182719065,seasonal_naive,HUANUCO
2007-04-23,6.253637933605604,6.759192501802448,seasonal_naive,HUANUCO
2007-04-30,6.647223537818544,7.819457992281265,seasonal_naive,HUANUCO
2007-05-07,8.30902942227318,10.735188091098008,seasonal_naive,HUANUCO
2007-05-14,8.52768809128037,12.85571907205564,seasonal_naive,HUANUCO
2007-05-21,9.271127565904813,13.562562732374849,seasonal_naive,HUANUCO
2007-05-28,8.177834220868869,12.723185885745787,seasonal_naive,HUANUCO
2007-06-04,8.440224623677494,11.707098124036923,seasonal_naive,HUANUCO
2007-06-11,8.92127369549331,12.76736361451574,seasonal_naive,HUANUCO
2007-06-18,9.31485929970625,12.193053140506379,seasonal_naive,HUANUCO
2007-06-25,8.833810227890433,12.016342225426577,seasonal_naive,HUANUCO
2007-07-02,7.5218582138473,11.088609921257612,seasonal_naive,HUANUCO
2007-07-09,7.303199544840112,10.3817662609384,seasonal_naive,HUANUCO
2007-07-16,7.128272609634361,9.895811244468945,seasonal_naive,HUANUCO
2007-07-23,6.690955271619981,8.835545753990129,seasonal_naive,HUANUCO
2007-07-30,5.685125394186912,8.570479381370426,seasonal_naive,HUANUCO
2007-08-06,6.078710998399853,8.658834838910325,seasonal_naive,HUANUCO
2007-08-13,6.078710998399853,7.598569348431511,seasonal_naive,HUANUCO
2007-08-20,7.040809142031485,6.670837044262547,seasonal_naive,HUANUCO
2007-08-27,5.860052329392663,5.080438808544322,seasonal_naive,HUANUCO
2007-09-03,5.553930192782599,5.478038367473879,seasonal_naive,HUANUCO
2007-09-10,4.023319509732275,4.550306063304914,seasonal_naive,HUANUCO
2007-09-17,4.198246444938026,4.373595148225111,seasonal_naive,HUANUCO
2007-09-24,4.723027250555281,4.108528775605408,seasonal_naive,HUANUCO
2007-10-01,5.072881120966783,4.5061283345349645,seasonal_naive,HUANUCO
2007-10-08,5.379003257576848,4.992083351004421,seasonal_naive,HUANUCO
2007-10-15,4.985417653363907,5.080438808544323,seasonal_naive,HUANUCO
2007-10-22,5.116612854768221,5.0362610797743725,seasonal_naive,HUANUCO
2007-10-29,5.204076322371097,5.698927011323633,seasonal_naive,HUANUCO
2007-11-05,5.772588861789788,5.478038367473879,seasonal_naive,HUANUCO
2007-11-12,7.040809142031485,5.875637926403435,seasonal_naive,HUANUCO
2007-11-19,6.428564868811354,5.478038367473879,seasonal_naive,HUANUCO
2007-11-26,5.772588861789788,6.582481586722646,seasonal_naive,HUANUCO
2007-12-03,4.766758984356718,6.538303857952695,seasonal_naive,HUANUCO
2007-12-10,4.810490718158156,6.670837044262547,seasonal_naive,HUANUCO
2007-12-17,5.204076322371097,6.449948400412793,seasonal_naive,HUANUCO
2007-12-24,4.32944164634234,6.361592942872892,seasonal_naive,HUANUCO
2007-12-31,4.766758984356718,6.209881972916986,seasonal_naive,HUANUCO
2008-01-07,4.111146147283977,5.266539844850073,seasonal_naive,HUANUCO
2008-01-14,5.161291424507668,5.204076322371097,seasonal_naive,HUANUCO
2008-01-21,4.943151569713088,4.6355637829524055,seasonal_naive,HUANUCO
2008-01-28,5.380598611280618,5.160344588569658,seasonal_naive,HUANUCO
2008-02-04,4.636938640615817,4.723027250555281,seasonal_naive,HUANUCO
2008-02-11,4.549449232302312,5.291539789973972,seasonal_naive,HUANUCO
2008-02-18,4.330725711518546,4.591832049150967,seasonal_naive,HUANUCO
2008-02-25,4.24323630320504,4.679295516753842,seasonal_naive,HUANUCO
2008-03-03,3.6308104450104977,3.979587775930838,seasonal_naive,HUANUCO
2008-03-10,3.7182998533240035,3.760929106923648,seasonal_naive,HUANUCO
2008-03-17,4.724428048929323,3.4548069703135837,seasonal_naive,HUANUCO
2008-03-24,5.905535061161655,3.4548069703135837,seasonal_naive,HUANUCO
2008-03-31,6.474216215199443,3.673465639320773,seasonal_naive,HUANUCO
2008-04-07,6.386726806885938,4.416905113945216,seasonal_naive,HUANUCO
2008-04-14,6.56170562351295,5.116612854768221,seasonal_naive,HUANUCO
2008-04-21,7.217876185864244,6.253637933605604,seasonal_naive,HUANUCO
2008-04-28,8.486472606410082,6.647223537818544,seasonal_naive,HUANUCO
2008-05-05,9.273877281231636,8.30902942227318,seasonal_naive,HUANUCO
2008-05-12,9.930047843582933,8.52768809128037,seasonal_naive,HUANUCO
2008-05-19,10.236260772680204,9.271127565904813,seasonal_naive,HUANUCO
2008-05-26,10.32375018099371,8.177834220868869,seasonal_naive,HUANUCO
2008-06-02,9.580090210328908,8.440224623677494,seasonal_naive,HUANUCO
2008-06-09,8.180259677312813,8.92127369549331,seasonal_naive,HUANUCO
2008-06-16,7.480344410804764,9.31485929970625,seasonal_naive,HUANUCO
2008-06-23,7.261620890020999,8.833810227890433,seasonal_naive,HUANUCO
2008-06-30,7.261620890020999,7.5218582138473,seasonal_naive,HUANUCO
2008-07-07,7.874046748215541,7.303199544840112,seasonal_naive,HUANUCO
2008-07-14,7.042897369237234,7.128272609634361,seasonal_naive,HUANUCO
2008-07-21,5.905535061161654,6.690955271619981,seasonal_naive,HUANUCO
2008-07-28,4.855662161399581,5.685125394186912,seasonal_naive,HUANUCO
2008-08-04,4.9431515697130886,6.078710998399853,seasonal_naive,HUANUCO
2008-08-11,5.818045652848149,6.078710998399853,seasonal_naive,HUANUCO
2008-08-18,6.474216215199443,7.040809142031485,seasonal_naive,HUANUCO
2008-08-25,7.5678338191182695,5.860052329392663,seasonal_naive,HUANUCO
2008-09-01,7.217876185864245,5.553930192782599,seasonal_naive,HUANUCO
2008-09-08,5.99302446947516,4.023319509732275,seasonal_naive,HUANUCO
2008-09-15,4.4619598239888045,4.198246444938026,seasonal_naive,HUANUCO
2008-09-22,4.1994915990482875,4.723027250555281,seasonal_naive,HUANUCO
2008-09-29,4.286981007361793,5.072881120966783,seasonal_naive,HUANUCO
2008-10-06,4.811917457242829,5.379003257576848,seasonal_naive,HUANUCO
2008-10-13,4.943151569713088,4.985417653363907,seasonal_naive,HUANUCO
2008-10-20,4.943151569713088,5.116612854768221,seasonal_naive,HUANUCO
2008-10-27,4.811917457242829,5.204076322371097,seasonal_naive,HUANUCO
2008-11-03,4.1994915990482875,5.772588861789788,seasonal_naive,HUANUCO
2008-11-10,4.330725711518546,7.040809142031485,seasonal_naive,HUANUCO
2008-11-17,3.9370233741077687,6.428564868811354,seasonal_naive,HUANUCO
2008-11-24,4.505704528145558,5.772588861789788,seasonal_naive,HUANUCO
2008-12-01,3.8057892616375093,4.766758984356718,seasonal_naive,HUANUCO
2008-12-08,3.893278669951016,4.810490718158156,seasonal_naive,HUANUCO
2008-12-15,3.2808528117564735,5.204076322371097,seasonal_naive,HUANUCO
2008-12-22,3.4995763325402387,4.32944164634234,seasonal_naive,HUANUCO
2008-12-29,4.855662161399581,4.766758984356718,seasonal_naive,HUANUCO
2009-01-05,4.855908744374845,4.111146147283977,seasonal_naive,HUANUCO
2009-01-12,4.374963581625824,5.161291424507668,seasonal_naive,HUANUCO
2009-01-19,2.6692186146930386,4.943151569713088,seasonal_naive,HUANUCO
2009-01-26,2.625460932484956,5.380598611280618,seasonal_naive,HUANUCO
2009-02-02,2.4504302036526253,4.636938640615817,seasonal_naive,HUANUCO
2009-02-09,2.494187885860708,4.549449232302312,seasonal_naive,HUANUCO
2009-02-16,2.187884110404129,4.330725711518546,seasonal_naive,HUANUCO
2009-02-23,2.0128533815717984,4.24323630320504,seasonal_naive,HUANUCO
2009-03-02,2.0128533815717984,3.6308104450104977,seasonal_naive,HUANUCO
2009-03-09,2.7567339791092036,3.7182998533240035,seasonal_naive,HUANUCO
2009-03-16,3.238068483398113,4.724428048929323,seasonal_naive,HUANUCO
2009-03-23,3.4568568944385265,5.905535061161655,seasonal_naive,HUANUCO
2009-03-30,4.0257067631436,6.474216215199443,seasonal_naive,HUANUCO
2009-04-06,4.9446180895133365,6.386726806885938,seasonal_naive,HUANUCO
2009-04-13,6.694925377836642,6.56170562351295,seasonal_naive,HUANUCO
2009-04-20,7.745109750830626,7.217876185864244,seasonal_naive,HUANUCO
2009-04-27,9.014082534865024,8.486472606410082,seasonal_naive,HUANUCO
2009-05-04,8.707778759408447,9.273877281231636,seasonal_naive,HUANUCO
2009-05-11,9.101597899281188,9.930047843582933,seasonal_naive,HUANUCO
2009-05-18,9.45165935694585,10.236260772680204,seasonal_naive,HUANUCO
2009-05-25,9.757963132402429,10.32375018099371,seasonal_naive,HUANUCO
2009-06-01,9.276628628113519,9.580090210328908,seasonal_naive,HUANUCO
2009-06-08,7.7888674330387095,8.180259677312813,seasonal_naive,HUANUCO
2009-06-15,6.957471471085139,7.480344410804764,seasonal_naive,HUANUCO
2009-06-22,5.688498687050742,7.261620890020999,seasonal_naive,HUANUCO
2009-06-29,5.732256369258824,7.261620890020999,seasonal_naive,HUANUCO
2009-07-06,4.4195259030163445,7.874046748215541,seasonal_naive,HUANUCO
2009-07-13,4.4195259030163445,7.042897369237234,seasonal_naive,HUANUCO
2009-07-20,3.6318876232708566,5.905535061161654,seasonal_naive,HUANUCO
2009-07-27,4.113222127559766,4.855662161399581,seasonal_naive,HUANUCO
2009-08-03,3.3693415300223606,4.9431515697130886,seasonal_naive,HUANUCO
2009-08-10,3.3693415300223606,5.818045652848149,seasonal_naive,HUANUCO
2009-08-17,2.975522390149616,6.474216215199443,seasonal_naive,HUANUCO
2009-08-24,3.1943108011900296,7.5678338191182695,seasonal_naive,HUANUCO
2009-08-31,2.800491661317286,7.217876185864245,seasonal_naive,HUANUCO
2009-09-07,3.4568568944385256,5.99302446947516,seasonal_naive,HUANUCO
2009-09-14,3.631887623270856,4.4619598239888045,seasonal_naive,HUANUCO
2009-09-21,3.544372258854691,4.1994915990482875,seasonal_naive,HUANUCO
2009-09-28,3.150553118981947,4.286981007361793,seasonal_naive,HUANUCO
2009-10-05,3.0192800723576987,4.811917457242829,seasonal_naive,HUANUCO
2009-10-12,3.1943108011900296,4.943151569713088,seasonal_naive,HUANUCO
2009-10-19,2.53794556806879,4.943151569713088,seasonal_naive,HUANUCO
2009-10-26,2.6254609324849554,4.811917457242829,seasonal_naive,HUANUCO
2009-11-02,2.494187885860707,4.1994915990482875,seasonal_naive,HUANUCO
2009-11-09,2.888007025733451,4.330725711518546,seasonal_naive,HUANUCO
2009-11-16,2.4066725214445417,3.9370233741077687,seasonal_naive,HUANUCO
2009-11-23,2.4066725214445417,4.505704528145558,seasonal_naive,HUANUCO
2009-11-30,2.4504302036526244,3.8057892616375093,seasonal_naive,HUANUCO
2009-12-07,2.888007025733451,3.893278669951016,seasonal_naive,HUANUCO
2009-12-14,2.756733979109203,3.2808528117564735,seasonal_naive,HUANUCO
2009-12-21,2.494187885860707,3.4995763325402387,seasonal_naive,HUANUCO
2009-12-28,1.4440035128667237,4.855662161399581,seasonal_naive,HUANUCO
2010-01-04,2.0132299684434756,4.855908744374845,seasonal_naive,HUANUCO
2010-01-11,2.494928073849867,4.374963581625824,seasonal_naive,HUANUCO
2010-01-18,3.3703414330954353,2.6692186146930386,seasonal_naive,HUANUCO
2010-01-25,2.8450934175480946,2.625460932484956,seasonal_naive,HUANUCO
2010-02-01,2.2760747340384744,2.4504302036526253,seasonal_naive,HUANUCO
2010-02-08,2.1009920621893605,2.494187885860708,seasonal_naive,HUANUCO
2010-02-15,2.319845402000753,2.187884110404129,seasonal_naive,HUANUCO
2010-02-22,2.100992062189361,2.0128533815717984,seasonal_naive,HUANUCO
2010-03-01,2.3636160699630318,2.0128533815717984,seasonal_naive,HUANUCO
2010-03-08,2.713781413661259,2.7567339791092036,seasonal_naive,HUANUCO
2010-03-15,3.5016534369822714,3.238068483398113,seasonal_naive,HUANUCO
2010-03-22,3.545424104944549,3.4568568944385265,seasonal_naive,HUANUCO
2010-03-29,3.6329654408691057,4.0257067631436,seasonal_naive,HUANUCO
2010-04-05,3.939360116605055,4.9446180895133365,seasonal_naive,HUANUCO
2010-04-12,4.858544143812902,6.694925377836642,seasonal_naive,HUANUCO
2010-04-19,5.558874831209358,7.745109750830626,seasonal_naive,HUANUCO
2010-04-26,5.865269506945307,9.014082534865024,seasonal_naive,HUANUCO
2010-05-03,7.397242885625052,8.707778759408447,seasonal_naive,HUANUCO
2010-05-10,8.185114908946064,9.101597899281188,seasonal_naive,HUANUCO
2010-05-17,8.929216264304797,9.45165935694585,seasonal_naive,HUANUCO
2010-05-24,9.323152275965304,9.757963132402429,seasonal_naive,HUANUCO
2010-05-31,8.929216264304797,9.276628628113519,seasonal_naive,HUANUCO
2010-06-07,9.191840272078467,7.7888674330387095,seasonal_naive,HUANUCO
2010-06-14,8.797904260417962,6.957471471085139,seasonal_naive,HUANUCO
2010-06-21,9.366922943927582,5.688498687050742,seasonal_naive,HUANUCO
2010-06-28,9.14806960411619,5.732256369258824,seasonal_naive,HUANUCO
2010-07-05,8.403968248757456,4.4195259030163445,seasonal_naive,HUANUCO
2010-07-12,6.915765538039989,4.4195259030163445,seasonal_naive,HUANUCO
2010-07-19,6.565600194341761,3.6318876232708566,seasonal_naive,HUANUCO
2010-07-26,5.427562827322522,4.113222127559766,seasonal_naive,HUANUCO
2010-08-02,5.9090401749075845,3.3693415300223606,seasonal_naive,HUANUCO
2010-08-09,5.252480155473408,3.3693415300223606,seasonal_naive,HUANUCO
2010-08-16,4.5083788001146745,2.975522390149616,seasonal_naive,HUANUCO
2010-08-23,3.1077174253217645,3.1943108011900296,seasonal_naive,HUANUCO
2010-08-30,2.5386987418121447,2.800491661317286,seasonal_naive,HUANUCO
2010-09-06,2.4511574058875882,3.4568568944385256,seasonal_naive,HUANUCO
2010-09-13,2.8888640855103724,3.631887623270856,seasonal_naive,HUANUCO
2010-09-20,2.6262400777367017,3.544372258854691,seasonal_naive,HUANUCO
2010-09-27,2.6262400777367017,3.150553118981947,seasonal_naive,HUANUCO
2010-10-04,2.9764054214349294,3.0192800723576987,seasonal_naive,HUANUCO
2010-10-11,3.2828000971708775,3.1943108011900296,seasonal_naive,HUANUCO
2010-10-18,3.457882769019992,2.53794556806879,seasonal_naive,HUANUCO
2010-10-25,2.9326347534726502,2.6254609324849554,seasonal_naive,HUANUCO
2010-11-01,3.2390294292085997,2.494187885860707,seasonal_naive,HUANUCO
2010-11-08,3.414112101057713,2.888007025733451,seasonal_naive,HUANUCO
2010-11-15,3.370341433095435,2.4066725214445417,seasonal_naive,HUANUCO
2010-11-22,3.1952587612463215,2.4066725214445417,seasonal_naive,HUANUCO
2010-11-29,3.50165343698227,2.4504302036526244,seasonal_naive,HUANUCO
2010-12-06,3.895589448642776,2.888007025733451,seasonal_naive,HUANUCO
2010-12-13,3.589194772906827,2.756733979109203,seasonal_naive,HUANUCO
2010-12-20,3.457882769019992,2.494187885860707,seasonal_naive,HUANUCO
2010-12-27,3.7205067767936626,1.4440035128667237,seasonal_naive,HUANUCO
2011-01-03,3.6332123166836197,2.0132299684434756,seasonal_naive,HUANUCO
2011-01-10,3.458454481432551,2.494928073849867,seasonal_naive,HUANUCO
2011-01-17,3.1086399612602116,3.3703414330954353,seasonal_naive,HUANUCO
2011-01-24,3.152423622686412,2.8450934175480946,seasonal_naive,HUANUCO
2011-01-31,2.8897216541292106,2.2760747340384744,seasonal_naive,HUANUCO
2011-02-07,2.495668701293408,2.1009920621893605,seasonal_naive,HUANUCO
2011-02-14,2.80215433127681,2.319845402000753,seasonal_naive,HUANUCO
2011-02-21,3.021072638407811,2.100992062189361,seasonal_naive,HUANUCO
2011-02-28,2.9772889769816113,2.3636160699630318,seasonal_naive,HUANUCO
2011-03-07,2.7145870084244095,2.713781413661259,seasonal_naive,HUANUCO
2011-03-14,2.5832360241458088,3.5016534369822714,seasonal_naive,HUANUCO
2011-03-21,2.93350531555541,3.545424104944549,seasonal_naive,HUANUCO
2011-03-28,3.021072638407811,3.6329654408691057,seasonal_naive,HUANUCO
2011-04-04,3.6778275598008143,3.939360116605055,seasonal_naive,HUANUCO
2011-04-11,4.115664174062817,4.858544143812902,seasonal_naive,HUANUCO
2011-04-18,4.72863543402962,5.558874831209358,seasonal_naive,HUANUCO
2011-04-25,4.991337402586821,5.865269506945307,seasonal_naive,HUANUCO
2011-05-02,5.035121064013022,7.397242885625052,seasonal_naive,HUANUCO
2011-05-09,5.998361615389427,8.185114908946064,seasonal_naive,HUANUCO
2011-05-16,7.005385828192032,8.929216264304797,seasonal_naive,HUANUCO
2011-05-23,7.443222442454034,9.323152275965304,seasonal_naive,HUANUCO
2011-05-30,7.049169489618232,8.929216264304797,seasonal_naive,HUANUCO
2011-06-06,6.698900198208631,9.191840272078467,seasonal_naive,HUANUCO
2011-06-13,7.268087796749234,8.797904260417962,seasonal_naive,HUANUCO
2011-06-20,6.786467521061031,9.366922943927582,seasonal_naive,HUANUCO
2011-06-27,6.3048472453728275,9.14806960411619,seasonal_naive,HUANUCO
2011-07-04,5.604308662553625,8.403968248757456,seasonal_naive,HUANUCO
2011-07-11,5.516741339701224,6.915765538039989,seasonal_naive,HUANUCO
2011-07-18,5.166472048291623,6.565600194341761,seasonal_naive,HUANUCO
2011-07-25,5.341606693996423,5.427562827322522,seasonal_naive,HUANUCO
2011-08-01,5.472957678275023,5.9090401749075845,seasonal_naive,HUANUCO
2011-08-08,5.516741339701224,5.252480155473408,seasonal_naive,HUANUCO
2011-08-15,4.4659334654724185,4.5083788001146745,seasonal_naive,HUANUCO
2011-08-22,3.7216112212270147,3.1077174253217645,seasonal_naive,HUANUCO
2011-08-29,2.7145870084244095,2.5386987418121447,seasonal_naive,HUANUCO
2011-09-05,2.8897216541292106,2.4511574058875882,seasonal_naive,HUANUCO
2011-09-12,3.1086399612602116,2.8888640855103724,seasonal_naive,HUANUCO
2011-09-19,3.4589092526698137,2.6262400777367017,seasonal_naive,HUANUCO
2011-09-26,3.4151255912436134,2.6262400777367017,seasonal_naive,HUANUCO
2011-10-03,3.5464765755222136,2.9764054214349294,seasonal_naive,HUANUCO
2011-10-10,3.634043898374614,3.2828000971708775,seasonal_naive,HUANUCO
2011-10-17,3.5464765755222136,3.457882769019992,seasonal_naive,HUANUCO
2011-10-24,3.5026929140960132,2.9326347534726502,seasonal_naive,HUANUCO
2011-10-31,3.8091785440794155,3.2390294292085997,seasonal_naive,HUANUCO
2011-11-07,4.0280968512104165,3.414112101057713,seasonal_naive,HUANUCO
2011-11-14,3.984313189784217,3.370341433095435,seasonal_naive,HUANUCO
2011-11-21,3.6778275598008148,3.1952587612463215,seasonal_naive,HUANUCO
2011-11-28,3.5464765755222136,3.50165343698227,seasonal_naive,HUANUCO
2011-12-05,3.064856299834011,3.895589448642776,seasonal_naive,HUANUCO
2011-12-12,3.152423622686412,3.589194772906827,seasonal_naive,HUANUCO
2011-12-19,2.75837066985061,3.457882769019992,seasonal_naive,HUANUCO
2011-12-26,3.3713419298174134,3.7205067767936626,seasonal_naive,HUANUCO
2012-01-02,3.765878055478996,3.6332123166836197,seasonal_naive,HUANUCO
2012-01-09,5.0800016583409935,3.458454481432551,seasonal_naive,HUANUCO
2012-01-16,4.248281854668463,3.1086399612602116,seasonal_naive,HUANUCO
2012-01-23,3.7665179330050282,3.152423622686412,seasonal_naive,HUANUCO
2012-01-30,2.8905835299806024,2.8897216541292106,seasonal_naive,HUANUCO
2012-02-06,2.9343802501318232,2.495668701293408,seasonal_naive,HUANUCO
2012-02-13,2.6715999292244956,2.80215433127681,seasonal_naive,HUANUCO
2012-02-20,2.408819608317167,3.021072638407811,seasonal_naive,HUANUCO
2012-02-27,3.2409572911903726,2.9772889769816113,seasonal_naive,HUANUCO
2012-03-05,3.459940891946479,2.7145870084244095,seasonal_naive,HUANUCO
2012-03-12,4.029298253912356,2.5832360241458088,seasonal_naive,HUANUCO
2012-03-19,4.204485134517242,2.93350531555541,seasonal_naive,HUANUCO
2012-03-26,4.423468735273349,3.021072638407811,seasonal_naive,HUANUCO
2012-04-02,4.554858895727013,3.6778275598008143,seasonal_naive,HUANUCO
2012-04-09,4.861435936785561,4.115664174062817,seasonal_naive,HUANUCO
2012-04-16,6.043947380868537,4.72863543402962,seasonal_naive,HUANUCO
2012-04-23,6.700898183136856,4.991337402586821,seasonal_naive,HUANUCO
2012-04-30,6.963678504044185,5.035121064013022,seasonal_naive,HUANUCO
2012-05-07,6.8760850637417406,5.998361615389427,seasonal_naive,HUANUCO
2012-05-14,7.357848985405177,7.005385828192032,seasonal_naive,HUANUCO
2012-05-21,7.708222746614946,7.443222442454034,seasonal_naive,HUANUCO
2012-05-28,7.48923914585884,7.049169489618232,seasonal_naive,HUANUCO
2012-06-04,8.321376828732046,6.698900198208631,seasonal_naive,HUANUCO
2012-06-11,8.8469374705467,7.268087796749234,seasonal_naive,HUANUCO
2012-06-18,8.80314075039548,6.786467521061031,seasonal_naive,HUANUCO
2012-06-25,8.14618994812716,6.3048472453728275,seasonal_naive,HUANUCO
2012-07-02,7.489239145858839,5.604308662553625,seasonal_naive,HUANUCO
2012-07-09,7.226458824951512,5.516741339701224,seasonal_naive,HUANUCO
2012-07-16,6.350524421927086,5.166472048291623,seasonal_naive,HUANUCO
2012-07-23,5.386996578600216,5.341606693996423,seasonal_naive,HUANUCO
2012-07-30,5.16801297784411,5.472957678275023,seasonal_naive,HUANUCO
2012-08-06,5.080419537541668,5.516741339701224,seasonal_naive,HUANUCO
2012-08-13,4.9928260972392255,4.4659334654724185,seasonal_naive,HUANUCO
2012-08-20,3.8103146531562504,3.7216112212270147,seasonal_naive,HUANUCO
2012-08-27,2.452616328468389,2.7145870084244095,seasonal_naive,HUANUCO
2012-09-03,2.2774294478635038,2.8897216541292106,seasonal_naive,HUANUCO
2012-09-10,2.452616328468389,3.1086399612602116,seasonal_naive,HUANUCO
2012-09-17,2.8029900896781594,3.4589092526698137,seasonal_naive,HUANUCO
2012-09-24,2.5402097687708314,3.4151255912436134,seasonal_naive,HUANUCO
2012-10-01,3.0657704105854875,3.5464765755222136,seasonal_naive,HUANUCO
2012-10-08,2.9343802501318237,3.634043898374614,seasonal_naive,HUANUCO
2012-10-15,2.6278032090732744,3.5464765755222136,seasonal_naive,HUANUCO
2012-10-22,2.5402097687708314,3.5026929140960132,seasonal_naive,HUANUCO
2012-10-29,2.5402097687708314,3.8091785440794155,seasonal_naive,HUANUCO
2012-11-05,2.584006488922053,4.0280968512104165,seasonal_naive,HUANUCO
2012-11-12,2.584006488922053,3.984313189784217,seasonal_naive,HUANUCO
2012-11-19,2.9343802501318237,3.6778275598008148,seasonal_naive,HUANUCO
2012-11-26,3.5037376120977,3.5464765755222136,seasonal_naive,HUANUCO
2012-12-03,2.8905835299806024,3.064856299834011,seasonal_naive,HUANUCO
2012-12-10,2.8905835299806015,3.152423622686412,seasonal_naive,HUANUCO
2012-12-17,3.240957291190373,2.75837066985061,seasonal_naive,HUANUCO
2012-12-24,3.8979080934586925,3.3713419298174134,seasonal_naive,HUANUCO
2012-12-31,3.503737612097701,3.765878055478996,seasonal_naive,HUANUCO
2013-01-07,3.460396204782637,5.0800016583409935,seasonal_naive,HUANUCO
2013-01-14,3.6797830826221976,4.248281854668463,seasonal_naive,HUANUCO
2013-01-21,4.030495076224542,3.7665179330050282,seasonal_naive,HUANUCO
2013-01-28,3.2419199526153926,2.8905835299806024,seasonal_naive,HUANUCO
2013-02-04,2.497154558095639,2.9343802501318232,seasonal_naive,HUANUCO
2013-02-11,2.190486454469858,2.6715999292244956,seasonal_naive,HUANUCO
2013-02-18,2.102866996291064,2.408819608317167,seasonal_naive,HUANUCO
2013-02-25,2.0590572672016663,3.2409572911903726,seasonal_naive,HUANUCO
2013-03-04,2.102866996291064,3.459940891946479,seasonal_naive,HUANUCO
2013-03-11,2.6285837453638305,4.029298253912356,seasonal_naive,HUANUCO
2013-03-18,4.468592367118515,4.204485134517242,seasonal_naive,HUANUCO
2013-03-25,4.906689658012488,4.423468735273349,seasonal_naive,HUANUCO
2013-04-01,5.388596677995859,4.554858895727013,seasonal_naive,HUANUCO
2013-04-08,4.775260470744296,4.861435936785561,seasonal_naive,HUANUCO
2013-04-15,6.571459363409584,6.043947380868537,seasonal_naive,HUANUCO
2013-04-22,7.622892861555118,6.700898183136856,seasonal_naive,HUANUCO
2013-04-29,7.929560965180898,6.963678504044185,seasonal_naive,HUANUCO
2013-05-06,6.834317737945967,6.8760850637417406,seasonal_naive,HUANUCO
2013-05-13,6.264791259783803,7.357848985405177,seasonal_naive,HUANUCO
2013-05-20,6.96574692521416,7.708222746614946,seasonal_naive,HUANUCO
2013-05-27,6.352410717962599,7.48923914585884,seasonal_naive,HUANUCO
2013-06-03,6.264791259783803,8.321376828732046,seasonal_naive,HUANUCO
2013-06-10,4.600021554386708,8.8469374705467,seasonal_naive,HUANUCO
2013-06-17,4.600021554386708,8.80314075039548,seasonal_naive,HUANUCO
2013-06-24,3.8114464307775577,8.14618994812716,seasonal_naive,HUANUCO
2013-07-01,3.899065888956352,7.489239145858839,seasonal_naive,HUANUCO
2013-07-08,3.8114464307775577,7.226458824951512,seasonal_naive,HUANUCO
2013-07-15,4.074304805313941,6.350524421927086,seasonal_naive,HUANUCO
2013-07-22,3.4171588689729817,5.386996578600216,seasonal_naive,HUANUCO
2013-07-29,3.022871307168407,5.16801297784411,seasonal_naive,HUANUCO
2013-08-05,2.4971545580956396,5.080419537541668,seasonal_naive,HUANUCO
2013-08-12,2.7600129326320233,4.9928260972392255,seasonal_naive,HUANUCO
2013-08-19,2.847632390810818,3.8103146531562504,seasonal_naive,HUANUCO
2013-08-26,2.5409642871850373,2.452616328468389,seasonal_naive,HUANUCO
2013-09-02,2.4533448290062423,2.2774294478635038,seasonal_naive,HUANUCO
2013-09-09,2.190486454469859,2.452616328468389,seasonal_naive,HUANUCO
2013-09-16,2.3219156417380513,2.8029900896781594,seasonal_naive,HUANUCO
2013-09-23,2.847632390810818,2.5402097687708314,seasonal_naive,HUANUCO
2013-09-30,2.6285837453638314,3.0657704105854875,seasonal_naive,HUANUCO
2013-10-07,2.8038226617214206,2.9343802501318237,seasonal_naive,HUANUCO
2013-10-14,2.190486454469859,2.6278032090732744,seasonal_naive,HUANUCO
2013-10-21,2.321915641738051,2.5402097687708314,seasonal_naive,HUANUCO
2013-10-28,2.102866996291065,2.5402097687708314,seasonal_naive,HUANUCO
2013-11-04,2.4971545580956396,2.584006488922053,seasonal_naive,HUANUCO
2013-11-11,2.6723934744532287,2.584006488922053,seasonal_naive,HUANUCO
2013-11-18,2.935251848989612,2.9343802501318237,seasonal_naive,HUANUCO
2013-11-25,2.891442119900215,3.5037376120977,seasonal_naive,HUANUCO
2013-12-02,2.891442119900215,2.8905835299806024,seasonal_naive,HUANUCO
2013-12-09,2.409535099916845,2.8905835299806015,seasonal_naive,HUANUCO
2013-12-16,2.365725370827448,3.240957291190373,seasonal_naive,HUANUCO
2013-12-23,2.3219156417380504,3.8979080934586925,seasonal_naive,HUANUCO
2013-12-30,3.0666810362578047,3.503737612097701,seasonal_naive,HUANUCO
2014-01-06,3.2860811317559366,3.460396204782637,seasonal_naive,HUANUCO
2014-01-13,3.1548471945161594,3.6797830826221976,seasonal_naive,HUANUCO
2014-01-20,2.1911372878979063,4.030495076224542,seasonal_naive,HUANUCO
2014-01-27,1.8843780675921993,3.2419199526153926,seasonal_naive,HUANUCO
2014-02-03,2.10349179638199,2.497154558095639,seasonal_naive,HUANUCO
2014-02-10,2.2787827794138233,2.190486454469858,seasonal_naive,HUANUCO
2014-02-17,1.8405553218342412,2.102866996291064,seasonal_naive,HUANUCO
2014-02-24,1.7529098303183244,2.0590572672016663,seasonal_naive,HUANUCO
2014-03-03,1.796732576076283,2.102866996291064,seasonal_naive,HUANUCO
2014-03-10,2.10349179638199,2.6285837453638305,seasonal_naive,HUANUCO
2014-03-17,1.709087084560366,4.468592367118515,seasonal_naive,HUANUCO
2014-03-24,1.9720235591081154,4.906689658012488,seasonal_naive,HUANUCO
2014-03-31,1.9720235591081154,5.388596677995859,seasonal_naive,HUANUCO
2014-04-07,2.234960033655865,4.775260470744296,seasonal_naive,HUANUCO
2014-04-14,2.1911372878979063,6.571459363409584,seasonal_naive,HUANUCO
2014-04-21,2.322605525171781,7.622892861555118,seasonal_naive,HUANUCO
2014-04-28,2.7608329827513636,7.929560965180898,seasonal_naive,HUANUCO
2014-05-05,3.5934651521525693,6.834317737945967,seasonal_naive,HUANUCO
2014-05-12,4.426097321553775,6.264791259783803,seasonal_naive,HUANUCO
2014-05-19,4.645211050343566,6.96574692521416,seasonal_naive,HUANUCO
2014-05-26,4.338451830037859,6.352410717962599,seasonal_naive,HUANUCO
2014-06-02,3.900224372458277,6.264791259783803,seasonal_naive,HUANUCO
2014-06-09,3.944047118216235,4.600021554386708,seasonal_naive,HUANUCO
2014-06-16,4.6890337961015245,4.600021554386708,seasonal_naive,HUANUCO
2014-06-23,5.696956948534563,3.8114464307775577,seasonal_naive,HUANUCO
2014-06-30,6.0037161688402705,3.899065888956352,seasonal_naive,HUANUCO
2014-07-07,5.083438507923148,3.8114464307775577,seasonal_naive,HUANUCO
2014-07-14,3.7249333894264436,4.074304805313941,seasonal_naive,HUANUCO
2014-07-21,2.936123965783196,3.4171588689729817,seasonal_naive,HUANUCO
2014-07-28,2.6293647454774884,3.022871307168407,seasonal_naive,HUANUCO
2014-08-04,2.8484784742672797,2.4971545580956396,seasonal_naive,HUANUCO
2014-08-11,2.58554199971953,2.7600129326320233,seasonal_naive,HUANUCO
2014-08-18,2.1911372878979063,2.847632390810818,seasonal_naive,HUANUCO
2014-08-25,1.9282008133501574,2.5409642871850373,seasonal_naive,HUANUCO
2014-09-01,2.10349179638199,2.4533448290062423,seasonal_naive,HUANUCO
2014-09-08,2.2787827794138233,2.190486454469859,seasonal_naive,HUANUCO
2014-09-15,1.6652643388024078,2.3219156417380513,seasonal_naive,HUANUCO
2014-09-22,1.6214415930444492,2.847632390810818,seasonal_naive,HUANUCO
2014-09-29,1.4461506100126167,2.6285837453638314,seasonal_naive,HUANUCO
2014-10-06,1.9720235591081152,2.8038226617214206,seasonal_naive,HUANUCO
2014-10-13,1.665264338802408,2.190486454469859,seasonal_naive,HUANUCO
2014-10-20,2.059669050624032,2.321915641738051,seasonal_naive,HUANUCO
2014-10-27,1.5776188472864916,2.102866996291065,seasonal_naive,HUANUCO
2014-11-03,1.6214415930444497,2.4971545580956396,seasonal_naive,HUANUCO
2014-11-10,1.3146823727387422,2.6723934744532287,seasonal_naive,HUANUCO
2014-11-17,1.489973355770575,2.935251848989612,seasonal_naive,HUANUCO
2014-11-24,1.6652643388024078,2.891442119900215,seasonal_naive,HUANUCO
2014-12-01,1.8843780675921986,2.891442119900215,seasonal_naive,HUANUCO
2014-12-08,1.9720235591081152,2.409535099916845,seasonal_naive,HUANUCO
2014-12-15,2.147314542139948,2.365725370827448,seasonal_naive,HUANUCO
2014-12-22,2.0158463048660735,2.3219156417380504,seasonal_naive,HUANUCO
2014-12-29,2.804655728509321,3.0666810362578047,seasonal_naive,HUANUCO
2015-01-05,2.629560111565066,3.2860811317559366,seasonal_naive,HUANUCO
2015-01-12,2.3667278322640253,3.1548471945161594,seasonal_naive,HUANUCO
2015-01-19,1.4465804154052881,2.1911372878979063,seasonal_naive,HUANUCO
2015-01-26,1.5342519557328818,1.8843780675921993,seasonal_naive,HUANUCO
2015-02-02,1.7095950363880688,2.10349179638199,seasonal_naive,HUANUCO
2015-02-09,1.5342519557328815,2.2787827794138233,seasonal_naive,HUANUCO
2015-02-16,1.3150731049138977,1.8405553218342412,seasonal_naive,HUANUCO
2015-02-23,1.3150731049138977,1.7529098303183244,seasonal_naive,HUANUCO
2015-03-02,1.8411023468794585,1.796732576076283,seasonal_naive,HUANUCO
2015-03-09,1.972609657370849,2.10349179638199,seasonal_naive,HUANUCO
2015-03-16,2.104116967862239,1.709087084560366,seasonal_naive,HUANUCO
2015-03-23,2.0164454275346455,1.9720235591081154,seasonal_naive,HUANUCO
2015-03-30,2.4548031291726136,1.9720235591081154,seasonal_naive,HUANUCO
2015-04-06,3.068503911465768,2.234960033655865,seasonal_naive,HUANUCO
2015-04-13,3.8575477744141096,2.1911372878979063,seasonal_naive,HUANUCO
2015-04-20,4.7342631776900435,2.322605525171781,seasonal_naive,HUANUCO
2015-04-27,4.909606258345231,2.7608329827513636,seasonal_naive,HUANUCO
2015-05-04,5.3041281898194015,3.5934651521525693,seasonal_naive,HUANUCO
2015-05-11,5.260292419655605,4.426097321553775,seasonal_naive,HUANUCO
2015-05-18,5.347963959983198,4.645211050343566,seasonal_naive,HUANUCO
2015-05-25,5.567142810802181,4.338451830037859,seasonal_naive,HUANUCO
2015-06-01,4.909606258345231,3.900224372458277,seasonal_naive,HUANUCO
2015-06-08,5.216456649491808,3.944047118216235,seasonal_naive,HUANUCO
2015-06-15,5.260292419655605,4.6890337961015245,seasonal_naive,HUANUCO
2015-06-22,5.347963959983198,5.696956948534563,seasonal_naive,HUANUCO
2015-06-29,4.383577016379669,6.0037161688402705,seasonal_naive,HUANUCO
2015-07-06,3.901383544577906,5.083438507923148,seasonal_naive,HUANUCO
2015-07-13,3.8575477744141096,3.7249333894264436,seasonal_naive,HUANUCO
2015-07-20,3.8137120042503128,2.936123965783196,seasonal_naive,HUANUCO
2015-07-27,2.8493250606467844,2.6293647454774884,seasonal_naive,HUANUCO
2015-08-03,2.542474669500207,2.8484784742672797,seasonal_naive,HUANUCO
2015-08-10,2.3232958186812236,2.58554199971953,seasonal_naive,HUANUCO
2015-08-17,2.3232958186812236,2.1911372878979063,seasonal_naive,HUANUCO
2015-08-24,1.9287738872070526,1.9282008133501574,seasonal_naive,HUANUCO
2015-08-31,2.016445427534646,2.10349179638199,seasonal_naive,HUANUCO
2015-09-07,1.7534308065518658,2.2787827794138233,seasonal_naive,HUANUCO
2015-09-14,1.6219234960604754,1.6652643388024078,seasonal_naive,HUANUCO
2015-09-21,1.4904161855690852,1.6214415930444492,seasonal_naive,HUANUCO
2015-09-28,1.5780877258966788,1.4461506100126167,seasonal_naive,HUANUCO
2015-10-05,1.5780877258966788,1.9720235591081152,seasonal_naive,HUANUCO
2015-10-12,1.2274015645863048,1.665264338802408,seasonal_naive,HUANUCO
2015-10-19,1.2274015645863048,2.059669050624032,seasonal_naive,HUANUCO
2015-10-26,1.2712373347501016,1.5776188472864916,seasonal_naive,HUANUCO
2015-11-02,1.4465804154052886,1.6214415930444497,seasonal_naive,HUANUCO
2015-11-09,1.841102346879459,1.3146823727387422,seasonal_naive,HUANUCO
2015-11-16,2.191788508189833,1.489973355770575,seasonal_naive,HUANUCO
2015-11-23,2.323295818681223,1.6652643388024078,seasonal_naive,HUANUCO
2015-11-30,1.7095950363880688,1.8843780675921986,seasonal_naive,HUANUCO
2015-12-07,1.4027446452414918,1.9720235591081152,seasonal_naive,HUANUCO
2015-12-14,1.4465804154052886,2.147314542139948,seasonal_naive,HUANUCO
2015-12-21,1.709595036388073,2.0158463048660735,seasonal_naive,HUANUCO
2015-12-28,1.1397300242587114,2.804655728509321,seasonal_naive,HUANUCO
2016-01-04,1.402992256091812,2.629560111565066,seasonal_naive,HUANUCO
2016-01-11,1.2277664647867768,2.3667278322640253,seasonal_naive,HUANUCO
2016-01-18,1.5785568832972856,1.4465804154052881,seasonal_naive,HUANUCO
2016-01-25,1.447010476355845,1.5342519557328818,seasonal_naive,HUANUCO
2016-02-01,1.3593128717282177,1.7095950363880688,seasonal_naive,HUANUCO
2016-02-08,1.973196104121608,1.5342519557328815,seasonal_naive,HUANUCO
2016-02-15,1.534708080983472,1.3150731049138977,seasonal_naive,HUANUCO
2016-02-22,1.622405685611099,1.3150731049138977,seasonal_naive,HUANUCO
2016-02-29,1.4908592786696584,1.8411023468794585,seasonal_naive,HUANUCO
2016-03-07,2.104742511063048,1.972609657370849,seasonal_naive,HUANUCO
2016-03-14,2.411684127259744,2.104116967862239,seasonal_naive,HUANUCO
2016-03-21,1.8854984994939807,2.0164454275346455,seasonal_naive,HUANUCO
2016-03-28,1.3593128717282177,2.4548031291726136,seasonal_naive,HUANUCO
2016-04-04,1.5785568832972856,3.068503911465768,seasonal_naive,HUANUCO
2016-04-11,2.3678353249459305,3.8575477744141096,seasonal_naive,HUANUCO
2016-04-18,2.4993817318873712,4.7342631776900435,seasonal_naive,HUANUCO
2016-04-25,2.36783532494593,4.909606258345231,seasonal_naive,HUANUCO
2016-05-02,1.929347301807794,5.3041281898194015,seasonal_naive,HUANUCO
2016-05-09,2.1485913133768624,5.260292419655605,seasonal_naive,HUANUCO
2016-05-16,2.8940209527116934,5.347963959983198,seasonal_naive,HUANUCO
2016-05-23,4.297182626753728,5.567142810802181,seasonal_naive,HUANUCO
2016-05-30,5.393402684599068,4.909606258345231,seasonal_naive,HUANUCO
2016-06-06,6.314227533189154,5.216456649491808,seasonal_naive,HUANUCO
2016-06-13,7.103505974837798,5.260292419655605,seasonal_naive,HUANUCO
2016-06-20,7.278901184093052,5.347963959983198,seasonal_naive,HUANUCO
2016-06-27,6.007285916992458,4.383577016379669,seasonal_naive,HUANUCO
2016-07-04,4.297182626753728,3.901383544577906,seasonal_naive,HUANUCO
2016-07-11,3.6394505920465243,3.8575477744141096,seasonal_naive,HUANUCO
2016-07-18,3.420206580477456,3.8137120042503128,seasonal_naive,HUANUCO
2016-07-25,2.718625743456439,2.8493250606467844,seasonal_naive,HUANUCO
2016-08-01,2.323986522632116,2.542474669500207,seasonal_naive,HUANUCO
2016-08-08,2.3239865226321164,2.3232958186812236,seasonal_naive,HUANUCO
2016-08-15,2.9817185573393203,2.3232958186812236,seasonal_naive,HUANUCO
2016-08-22,2.630928138828811,1.9287738872070526,seasonal_naive,HUANUCO
2016-08-29,2.3678353249459296,2.016445427534646,seasonal_naive,HUANUCO
2016-09-05,1.9731961041216077,1.7534308065518658,seasonal_naive,HUANUCO
2016-09-12,1.8854984994939803,1.6219234960604754,seasonal_naive,HUANUCO
2016-09-19,3.3325089758498287,1.4904161855690852,seasonal_naive,HUANUCO
2016-09-26,5.17415867303,1.5780877258966788,seasonal_naive,HUANUCO
2016-10-03,5.744193103109577,1.5780877258966788,seasonal_naive,HUANUCO
2016-10-10,4.428729033695169,1.2274015645863048,seasonal_naive,HUANUCO
2016-10-17,3.0694161619669473,1.2274015645863048,seasonal_naive,HUANUCO
2016-10-24,2.8501721503978796,1.2712373347501016,seasonal_naive,HUANUCO
2016-10-31,3.1571137665945748,1.4465804154052886,seasonal_naive,HUANUCO
2016-11-07,2.7624745457702526,1.841102346879459,seasonal_naive,HUANUCO
2016-11-14,2.674776941142625,2.191788508189833,seasonal_naive,HUANUCO
2016-11-21,2.2801377203183026,2.323295818681223,seasonal_naive,HUANUCO
2016-11-28,3.595601789732711,1.7095950363880688,seasonal_naive,HUANUCO
2016-12-05,4.56027544063661,1.4027446452414918,seasonal_naive,HUANUCO
2016-12-12,4.428729033695169,1.4465804154052886,seasonal_naive,HUANUCO
2016-12-19,3.1132649642807606,1.709595036388073,seasonal_naive,HUANUCO
2016-12-26,2.104742511063048,1.1397300242587114,seasonal_naive,HUANUCO
2017-01-02,2.3242342807530956,1.402992256091812,seasonal_naive,HUANUCO
2017-01-09,1.9297124190387105,1.2277664647867768,seasonal_naive,HUANUCO
2017-01-16,1.7544736885967058,1.5785568832972856,seasonal_naive,HUANUCO
2017-01-23,1.140407897587857,1.447010476355845,seasonal_naive,HUANUCO
2017-01-30,1.1404078975878573,1.3593128717282177,seasonal_naive,HUANUCO
2017-02-06,1.140407897587857,1.973196104121608,seasonal_naive,HUANUCO
2017-02-13,1.4474407930922812,1.534708080983472,seasonal_naive,HUANUCO
2017-02-20,1.5790263197370396,1.622405685611099,seasonal_naive,HUANUCO
2017-02-27,1.7544736885967058,1.4908592786696584,seasonal_naive,HUANUCO
2017-03-06,1.6667500041668701,2.104742511063048,seasonal_naive,HUANUCO
2017-03-13,1.6667500041668701,2.411684127259744,seasonal_naive,HUANUCO
2017-03-20,1.6228881619519522,1.8854984994939807,seasonal_naive,HUANUCO
2017-03-27,2.587848690680143,1.3593128717282177,seasonal_naive,HUANUCO
2017-04-03,3.5528092194083336,1.5785568832972856,seasonal_naive,HUANUCO
2017-04-10,3.772118430482923,2.3678353249459305,seasonal_naive,HUANUCO
2017-04-17,4.03528948377243,2.4993817318873712,seasonal_naive,HUANUCO
2017-04-24,3.9037039571276764,2.36783532494593,seasonal_naive,HUANUCO
2017-05-01,4.8686644858558665,1.929347301807794,seasonal_naive,HUANUCO
2017-05-08,3.9475657993425934,2.1485913133768624,seasonal_naive,HUANUCO
2017-05-15,3.684394746053087,2.8940209527116934,seasonal_naive,HUANUCO
2017-05-22,2.763296059539814,4.297182626753728,seasonal_naive,HUANUCO
2017-05-29,3.1141907972591567,5.393402684599068,seasonal_naive,HUANUCO
2017-06-05,2.8948815861845674,6.314227533189154,seasonal_naive,HUANUCO
2017-06-12,2.9387434283994853,7.103505974837798,seasonal_naive,HUANUCO
2017-06-19,2.45626316403539,7.278901184093052,seasonal_naive,HUANUCO
2017-06-26,1.9737828996712947,6.007285916992458,seasonal_naive,HUANUCO
2017-07-03,1.5351644775221172,4.297182626753728,seasonal_naive,HUANUCO
2017-07-10,1.6667500041668706,3.6394505920465243,seasonal_naive,HUANUCO
2017-07-17,1.886059215241459,3.420206580477456,seasonal_naive,HUANUCO
2017-07-24,2.105368426316048,2.718625743456439,seasonal_naive,HUANUCO
2017-07-31,1.842197373026541,2.323986522632116,seasonal_naive,HUANUCO
2017-08-07,1.7983355308116236,2.3239865226321164,seasonal_naive,HUANUCO
2017-08-14,1.4035789508773637,2.9817185573393203,seasonal_naive,HUANUCO
2017-08-21,1.4913026353071992,2.630928138828811,seasonal_naive,HUANUCO
2017-08-28,1.3158552664475283,2.3678353249459296,seasonal_naive,HUANUCO
2017-09-04,1.1842697398027748,1.9731961041216077,seasonal_naive,HUANUCO
2017-09-11,1.0526842131580216,1.8854984994939803,seasonal_naive,HUANUCO
2017-09-18,1.140407897587857,3.3325089758498287,seasonal_naive,HUANUCO
2017-09-25,1.359717108662446,5.17415867303,seasonal_naive,HUANUCO
2017-10-02,1.6228881619519526,5.744193103109577,seasonal_naive,HUANUCO
2017-10-09,1.5790263197370347,4.428729033695169,seasonal_naive,HUANUCO
2017-10-16,1.535164477522117,3.0694161619669473,seasonal_naive,HUANUCO
2017-10-23,1.140407897587857,2.8501721503978796,seasonal_naive,HUANUCO
2017-10-30,1.3158552664475283,3.1571137665945748,seasonal_naive,HUANUCO
2017-11-06,1.579026319737035,2.7624745457702526,seasonal_naive,HUANUCO
2017-11-13,1.7106118463817879,2.674776941142625,seasonal_naive,HUANUCO
2017-11-20,1.5790263197370347,2.2801377203183026,seasonal_naive,HUANUCO
2017-11-27,1.315855266447528,3.595601789732711,seasonal_naive,HUANUCO
2017-12-04,1.886059215241459,4.56027544063661,seasonal_naive,HUANUCO
2017-12-11,2.1053684263160477,4.428729033695169,seasonal_naive,HUANUCO
2017-12-18,2.500125006250308,3.1132649642807606,seasonal_naive,HUANUCO
2017-12-25,1.9737828996712947,2.104742511063048,seasonal_naive,HUANUCO
2018-01-01,2.0641071400776574,2.3242342807530956,seasonal_naive,HUANUCO
2018-01-08,2.022701378507237,1.9297124190387105,seasonal_naive,HUANUCO
2018-01-15,2.1563095598004,1.7544736885967058,seasonal_naive,HUANUCO
2018-01-22,1.4522084790492478,1.140407897587857,seasonal_naive,HUANUCO
2018-01-29,0.9241326684858829,1.1404078975878573,seasonal_naive,HUANUCO
2018-02-05,0.836120033391989,1.140407897587857,seasonal_naive,HUANUCO
2018-02-12,1.0561516211267243,1.4474407930922812,seasonal_naive,HUANUCO
2018-02-19,1.0561516211267243,1.5790263197370396,seasonal_naive,HUANUCO
2018-02-26,0.7481073982980949,1.7544736885967058,seasonal_naive,HUANUCO
2018-03-05,0.9241326684858832,1.6667500041668701,seasonal_naive,HUANUCO
2018-03-12,1.0561516211267241,1.6667500041668701,seasonal_naive,HUANUCO
2018-03-19,1.4962147965961947,1.6228881619519522,seasonal_naive,HUANUCO
2018-03-26,1.8922716545187181,2.587848690680143,seasonal_naive,HUANUCO
2018-04-02,1.9802842896126123,3.5528092194083336,seasonal_naive,HUANUCO
2018-04-09,1.848265336971771,3.772118430482923,seasonal_naive,HUANUCO
2018-04-16,1.71624638433093,4.03528948377243,seasonal_naive,HUANUCO
2018-04-23,1.9802842896126123,3.9037039571276764,seasonal_naive,HUANUCO
2018-04-30,2.7723980054576587,4.8686644858558665,seasonal_naive,HUANUCO
2018-05-07,3.476499086208811,3.9475657993425934,seasonal_naive,HUANUCO
2018-05-14,6.4249223618542635,3.684394746053087,seasonal_naive,HUANUCO
2018-05-21,6.864985537323733,2.763296059539814,seasonal_naive,HUANUCO
2018-05-28,6.7329665846828926,3.1141907972591567,seasonal_naive,HUANUCO
2018-06-04,5.060726517898904,2.8948815861845674,seasonal_naive,HUANUCO
2018-06-11,6.1168781390256335,2.9387434283994853,seasonal_naive,HUANUCO
2018-06-18,8.669244556748561,2.45626316403539,seasonal_naive,HUANUCO
2018-06-25,9.109307732218031,1.9737828996712947,seasonal_naive,HUANUCO
2018-07-02,7.481073982980991,1.5351644775221172,seasonal_naive,HUANUCO
2018-07-09,5.8088339161970035,1.6667500041668706,seasonal_naive,HUANUCO
2018-07-16,5.060726517898904,1.886059215241459,seasonal_naive,HUANUCO
2018-07-23,5.544796010915323,2.105368426316048,seasonal_naive,HUANUCO
2018-07-30,4.488644389788593,1.842197373026541,seasonal_naive,HUANUCO
2018-08-06,3.740536991490494,1.7983355308116236,seasonal_naive,HUANUCO
2018-08-13,2.7723980054576582,1.4035789508773637,seasonal_naive,HUANUCO
2018-08-20,2.288328512441241,1.4913026353071992,seasonal_naive,HUANUCO
2018-08-27,1.8922716545187175,1.3158552664475283,seasonal_naive,HUANUCO
2018-09-03,1.7162463843309295,1.1842697398027748,seasonal_naive,HUANUCO
2018-09-10,1.5842274316900935,1.0526842131580216,seasonal_naive,HUANUCO
2018-09-17,1.7162463843309295,1.140407897587857,seasonal_naive,HUANUCO
2018-09-24,1.540221114143141,1.359717108662446,seasonal_naive,HUANUCO
2018-10-01,1.4962147965961943,1.6228881619519526,seasonal_naive,HUANUCO
2018-10-08,1.5402211141431412,1.5790263197370347,seasonal_naive,HUANUCO
2018-10-15,2.332334829988188,1.535164477522117,seasonal_naive,HUANUCO
2018-10-22,2.376341147535135,1.140407897587857,seasonal_naive,HUANUCO
2018-10-29,2.2883285124412405,1.3158552664475283,seasonal_naive,HUANUCO
2018-11-05,2.0242906071595583,1.579026319737035,seasonal_naive,HUANUCO
2018-11-12,2.1563095598003996,1.7106118463817879,seasonal_naive,HUANUCO
2018-11-19,2.5523664177229226,1.5790263197370347,seasonal_naive,HUANUCO
2018-11-26,2.1563095598003996,1.315855266447528,seasonal_naive,HUANUCO
2018-12-03,2.59637273526987,1.886059215241459,seasonal_naive,HUANUCO
2018-12-10,2.3763411475351344,2.1053684263160477,seasonal_naive,HUANUCO
2018-12-17,2.4203474650820813,2.500125006250308,seasonal_naive,HUANUCO
2018-12-24,2.0682969247065053,1.9737828996712947,seasonal_naive,HUANUCO
2018-12-31,2.0242906071595583,2.0641071400776574,seasonal_naive,HUANUCO
2019-01-07,1.9787655422906347,2.022701378507237,seasonal_naive,HUANUCO
2019-01-14,1.8448136385127327,2.1563095598004,seasonal_naive,HUANUCO
2019-01-21,1.4037839874747318,1.4522084790492478,seasonal_naive,HUANUCO
2019-01-28,1.272179238648975,0.9241326684858829,seasonal_naive,HUANUCO
2019-02-04,1.2283109890403894,0.836120033391989,seasonal_naive,HUANUCO
2019-02-11,1.4037839874747318,1.0561516211267243,seasonal_naive,HUANUCO
2019-02-18,1.4915204866919025,1.0561516211267243,seasonal_naive,HUANUCO
2019-02-25,2.017939481994929,0.7481073982980949,seasonal_naive,HUANUCO
2019-03-04,2.2372807300378565,0.9241326684858832,seasonal_naive,HUANUCO
2019-03-11,2.588226726906541,1.0561516211267241,seasonal_naive,HUANUCO
2019-03-18,1.9740712323863434,1.4962147965961947,seasonal_naive,HUANUCO
2019-03-25,1.4476522370833171,1.8922716545187181,seasonal_naive,HUANUCO
2019-04-01,1.6231252355176593,1.9802842896126123,seasonal_naive,HUANUCO
2019-04-08,1.8863347331691724,1.848265336971771,seasonal_naive,HUANUCO
2019-04-15,2.544358477297956,1.71624638433093,seasonal_naive,HUANUCO
2019-04-22,2.6759632261237125,1.9802842896126123,seasonal_naive,HUANUCO
2019-04-29,3.070777472600982,2.7723980054576587,seasonal_naive,HUANUCO
2019-05-06,2.9830409733838112,3.476499086208811,seasonal_naive,HUANUCO
2019-05-13,3.0269092229923964,6.4249223618542635,seasonal_naive,HUANUCO
2019-05-20,3.0269092229923964,6.864985537323733,seasonal_naive,HUANUCO
2019-05-27,3.421723469469672,6.7329665846828926,seasonal_naive,HUANUCO
2019-06-03,3.3778552198610807,5.060726517898904,seasonal_naive,HUANUCO
2019-06-10,2.851436224558054,6.1168781390256335,seasonal_naive,HUANUCO
2019-06-17,2.3688854788636133,8.669244556748561,seasonal_naive,HUANUCO
2019-06-24,2.368885478863614,9.109307732218031,seasonal_naive,HUANUCO
2019-07-01,2.6759632261237125,7.481073982980991,seasonal_naive,HUANUCO
2019-07-08,2.851436224558055,5.8088339161970035,seasonal_naive,HUANUCO
2019-07-15,2.5443584772979557,5.060726517898904,seasonal_naive,HUANUCO
2019-07-22,2.412753728472199,5.544796010915323,seasonal_naive,HUANUCO
2019-07-29,2.281148979646442,4.488644389788593,seasonal_naive,HUANUCO
2019-08-05,2.368885478863614,3.740536991490494,seasonal_naive,HUANUCO
2019-08-12,1.9740712323863436,2.7723980054576582,seasonal_naive,HUANUCO
2019-08-19,1.974071232386344,2.288328512441241,seasonal_naive,HUANUCO
2019-08-26,1.3599157378661462,1.8922716545187175,seasonal_naive,HUANUCO
2019-09-02,1.754729984343416,1.7162463843309295,seasonal_naive,HUANUCO
2019-09-09,1.4476522370833171,1.5842274316900935,seasonal_naive,HUANUCO
2019-09-16,2.368885478863614,1.7162463843309295,seasonal_naive,HUANUCO
2019-09-23,2.325017229255028,1.540221114143141,seasonal_naive,HUANUCO
2019-09-30,2.456621978080785,1.4962147965961943,seasonal_naive,HUANUCO
2019-10-07,2.061807731603515,1.5402211141431412,seasonal_naive,HUANUCO
2019-10-14,1.7985982339520017,2.332334829988188,seasonal_naive,HUANUCO
2019-10-21,1.7108617347348305,2.376341147535135,seasonal_naive,HUANUCO
2019-10-28,1.272179238648975,2.2883285124412405,seasonal_naive,HUANUCO
2019-11-04,1.754729984343416,2.0242906071595583,seasonal_naive,HUANUCO
2019-11-11,2.1056759812121,2.1563095598003996,seasonal_naive,HUANUCO
2019-11-18,2.7636997253408833,2.5523664177229226,seasonal_naive,HUANUCO
2019-11-25,2.1934124804292714,2.1563095598003996,seasonal_naive,HUANUCO
2019-12-02,1.9740712323863434,2.59637273526987,seasonal_naive,HUANUCO
2019-12-09,1.842466483560587,2.3763411475351344,seasonal_naive,HUANUCO
2019-12-16,1.7985982339520012,2.4203474650820813,seasonal_naive,HUANUCO
2019-12-23,2.3688854788636133,2.0682969247065053,seasonal_naive,HUANUCO
2019-12-30,2.2372807300378565,2.0242906071595583,seasonal_naive,HUANUCO
2020-01-06,2.6316869142669534,1.9787655422906347,seasonal_naive,HUANUCO
2020-01-13,1.9295548839130123,1.8448136385127327,seasonal_naive,HUANUCO
2020-01-20,1.7537698378771258,1.4037839874747318,seasonal_naive,HUANUCO
2020-01-27,1.4030158703016997,1.272179238648975,seasonal_naive,HUANUCO
2020-02-03,1.4468601162486276,1.2283109890403894,seasonal_naive,HUANUCO
2020-02-10,1.4468601162486279,1.4037839874747318,seasonal_naive,HUANUCO
2020-02-17,1.6660813459832695,1.4915204866919025,seasonal_naive,HUANUCO
2020-02-24,1.9729910676117672,2.017939481994929,seasonal_naive,HUANUCO
2020-03-02,1.885302575717911,2.2372807300378565,seasonal_naive,HUANUCO
2020-03-09,1.797614083824054,2.588226726906541,seasonal_naive,HUANUCO
2020-03-16,1.4468601162486279,1.9740712323863434,seasonal_naive,HUANUCO
2020-03-23,1.315327378407843,1.4476522370833171,seasonal_naive,HUANUCO
2020-03-30,0.9645734108324167,1.6231252355176593,seasonal_naive,HUANUCO
2020-04-06,0.6138194432569904,1.8863347331691724,seasonal_naive,HUANUCO
2020-04-13,0.5699751973100621,2.544358477297956,seasonal_naive,HUANUCO
2020-04-20,0.5261309513631337,2.6759632261237125,seasonal_naive,HUANUCO
2020-04-27,0.4384424594692771,3.070777472600982,seasonal_naive,HUANUCO
2020-05-04,0.21922122973463573,2.9830409733838112,seasonal_naive,HUANUCO
2020-05-11,0.13153273784077912,3.0269092229923964,seasonal_naive,HUANUCO
2020-05-18,0.1753769837877074,3.0269092229923964,seasonal_naive,HUANUCO
2020-05-25,0.1315327378407849,3.421723469469672,seasonal_naive,HUANUCO
2020-06-01,0.08768849189385082,3.3778552198610807,seasonal_naive,HUANUCO
2020-06-08,0.043844245946922523,2.851436224558054,seasonal_naive,HUANUCO
2020-06-15,0.0,2.3688854788636133,seasonal_naive,HUANUCO
2020-06-22,0.0,2.368885478863614,seasonal_naive,HUANUCO
2020-06-29,0.043844245946922523,2.6759632261237125,seasonal_naive,HUANUCO
2020-07-06,0.043844245946922523,2.851436224558055,seasonal_naive,HUANUCO
2020-07-13,0.08768849189385082,2.5443584772979557,seasonal_naive,HUANUCO
2020-07-20,0.08768849189385082,2.412753728472199,seasonal_naive,HUANUCO
2020-07-27,0.08768849189385082,2.281148979646442,seasonal_naive,HUANUCO
2020-08-03,0.3507539675754206,2.368885478863614,seasonal_naive,HUANUCO
2020-08-10,0.3945982135223489,1.9740712323863436,seasonal_naive,HUANUCO
2020-08-17,0.4822867054162055,1.974071232386344,seasonal_naive,HUANUCO
2020-08-24,0.1753769837877074,1.3599157378661462,seasonal_naive,HUANUCO
2020-08-31,0.1753769837877074,1.754729984343416,seasonal_naive,HUANUCO
2020-09-07,0.21922122973463573,1.4476522370833171,seasonal_naive,HUANUCO
2020-09-14,0.3507539675754206,2.368885478863614,seasonal_naive,HUANUCO
2020-09-21,0.3507539675754206,2.325017229255028,seasonal_naive,HUANUCO
2020-09-28,0.3945982135223489,2.456621978080785,seasonal_naive,HUANUCO
2020-10-05,0.3945982135223489,2.061807731603515,seasonal_naive,HUANUCO
2020-10-12,0.6138194432569903,1.7985982339520017,seasonal_naive,HUANUCO
2020-10-19,0.48228670541620544,1.7108617347348305,seasonal_naive,HUANUCO
2020-10-26,0.39459821352234886,1.272179238648975,seasonal_naive,HUANUCO
2020-11-02,0.263065475681564,1.754729984343416,seasonal_naive,HUANUCO
2020-11-09,0.3945982135223489,2.1056759812121,seasonal_naive,HUANUCO
2020-11-16,0.4822867054162055,2.7636997253408833,seasonal_naive,HUANUCO
2020-11-23,0.3507539675754206,2.1934124804292714,seasonal_naive,HUANUCO
2020-11-30,0.263065475681564,1.9740712323863434,seasonal_naive,HUANUCO
2020-12-07,0.13153273784077912,1.842466483560587,seasonal_naive,HUANUCO
2020-12-14,0.1753769837877074,1.7985982339520012,seasonal_naive,HUANUCO
2020-12-21,0.13153273784077912,2.3688854788636133,seasonal_naive,HUANUCO
2020-12-28,0.21922122973463573,2.2372807300378565,seasonal_naive,HUANUCO
2021-01-04,0.2633864962003074,2.6316869142669534,seasonal_naive,HUANUCO
2021-01-11,0.43929851418592625,1.9295548839130123,seasonal_naive,HUANUCO
2021-01-18,0.5274150334381074,1.7537698378771258,seasonal_naive,HUANUCO
2021-01-25,0.48346378065159795,1.4030158703016997,seasonal_naive,HUANUCO
2021-02-01,0.3955612750785791,1.4468601162486276,seasonal_naive,HUANUCO
2021-02-08,0.2637075167190508,1.4468601162486279,seasonal_naive,HUANUCO
2021-02-15,0.3076587695055602,1.6660813459832695,seasonal_naive,HUANUCO
2021-02-22,0.17580501114603195,1.9729910676117672,seasonal_naive,HUANUCO
2021-03-01,0.21975626393254136,1.885302575717911,seasonal_naive,HUANUCO
2021-03-08,0.395561275078579,1.797614083824054,seasonal_naive,HUANUCO
2021-03-15,0.7471712973706545,1.4468601162486279,seasonal_naive,HUANUCO
2021-03-22,0.7911225501571638,1.315327378407843,seasonal_naive,HUANUCO
2021-03-29,0.9669275613032017,0.9645734108324167,seasonal_naive,HUANUCO
2021-04-05,1.0548300668762205,0.6138194432569904,seasonal_naive,HUANUCO
2021-04-12,1.406440089168296,0.5699751973100621,seasonal_naive,HUANUCO
2021-04-19,1.4064400891682958,0.5261309513631337,seasonal_naive,HUANUCO
2021-04-26,1.0548300668762205,0.4384424594692771,seasonal_naive,HUANUCO
2021-05-03,0.8790250557301827,0.21922122973463573,seasonal_naive,HUANUCO
2021-05-10,0.7471712973706545,0.13153273784077912,seasonal_naive,HUANUCO
2021-05-17,0.7911225501571639,0.1753769837877074,seasonal_naive,HUANUCO
2021-05-24,0.879025055730183,0.1315327378407849,seasonal_naive,HUANUCO
2021-05-31,1.09878131966273,0.08768849189385082,seasonal_naive,HUANUCO
2021-06-07,1.5822451003143339,0.043844245946922523,seasonal_naive,HUANUCO
2021-06-14,1.5382938475278243,0.0,seasonal_naive,HUANUCO
2021-06-21,1.1866838252357488,0.0,seasonal_naive,HUANUCO
2021-06-28,0.8350738029436734,0.043844245946922523,seasonal_naive,HUANUCO
2021-07-05,0.5713662862246168,0.043844245946922523,seasonal_naive,HUANUCO
2021-07-12,0.6153175390111262,0.08768849189385082,seasonal_naive,HUANUCO
2021-07-19,0.35161002229206967,0.08768849189385082,seasonal_naive,HUANUCO
2021-07-26,0.4395125278650885,0.08768849189385082,seasonal_naive,HUANUCO
2021-08-02,0.26370751671905085,0.3507539675754206,seasonal_naive,HUANUCO
2021-08-09,0.483463780651598,0.3945982135223489,seasonal_naive,HUANUCO
2021-08-16,0.39556127507857913,0.4822867054162055,seasonal_naive,HUANUCO
2021-08-23,0.7471712973706546,0.1753769837877074,seasonal_naive,HUANUCO
2021-08-30,0.6153175390111263,0.1753769837877074,seasonal_naive,HUANUCO
2021-09-06,0.7032200445841452,0.21922122973463573,seasonal_naive,HUANUCO
2021-09-13,0.4395125278650886,0.3507539675754206,seasonal_naive,HUANUCO
2021-09-20,0.4395125278650886,0.3507539675754206,seasonal_naive,HUANUCO
2021-09-27,0.483463780651598,0.3945982135223489,seasonal_naive,HUANUCO
2021-10-04,0.39556127507857913,0.3945982135223489,seasonal_naive,HUANUCO
2021-10-11,0.6153175390111262,0.6138194432569903,seasonal_naive,HUANUCO
2021-10-18,0.5274150334381074,0.48228670541620544,seasonal_naive,HUANUCO
2021-10-25,0.6592687917976356,0.39459821352234886,seasonal_naive,HUANUCO
2021-11-01,1.0548300668762205,0.263065475681564,seasonal_naive,HUANUCO
2021-11-08,1.1866838252357488,0.3945982135223489,seasonal_naive,HUANUCO
2021-11-15,1.0548300668762205,0.4822867054162055,seasonal_naive,HUANUCO
2021-11-22,0.6592687917976355,0.3507539675754206,seasonal_naive,HUANUCO
2021-11-29,0.7471712973706545,0.263065475681564,seasonal_naive,HUANUCO
2021-12-06,0.8350738029436733,0.13153273784077912,seasonal_naive,HUANUCO
2021-12-13,0.6153175390111262,0.1753769837877074,seasonal_naive,HUANUCO
2021-12-20,0.4395125278650885,0.13153273784077912,seasonal_naive,HUANUCO
2021-12-27,0.5274150334381074,0.21922122973463573,seasonal_naive,HUANUCO
2022-01-03,0.5719255027476713,0.2633864962003074,seasonal_naive,HUANUCO
2022-01-10,0.7050840996609935,0.43929851418592625,seasonal_naive,HUANUCO
2022-01-17,0.794477849295491,0.5274150334381074,seasonal_naive,HUANUCO
2022-01-24,1.0151661407664623,0.48346378065159795,seasonal_naive,HUANUCO
2022-01-31,1.1475791156490451,0.3955612750785791,seasonal_naive,HUANUCO
2022-02-07,0.8827531658838796,0.2637075167190508,seasonal_naive,HUANUCO
2022-02-14,0.8827531658838795,0.3076587695055602,seasonal_naive,HUANUCO
2022-02-21,0.6620648744129083,0.17580501114603195,seasonal_naive,HUANUCO
2022-02-28,1.456542723708405,0.21975626393254136,seasonal_naive,HUANUCO
2022-03-07,1.5006803820025993,0.395561275078579,seasonal_naive,HUANUCO
2022-03-14,1.5448180402967935,0.7471712973706545,seasonal_naive,HUANUCO
2022-03-21,1.2358544322374336,0.7911225501571638,seasonal_naive,HUANUCO
2022-03-28,1.8537816483561533,0.9669275613032017,seasonal_naive,HUANUCO
2022-04-04,2.3834335478864843,1.0548300668762205,seasonal_naive,HUANUCO
2022-04-11,2.5158465227690674,1.406440089168296,seasonal_naive,HUANUCO
2022-04-18,2.824810130828427,1.4064400891682958,seasonal_naive,HUANUCO
2022-04-25,2.824810130828427,1.0548300668762205,seasonal_naive,HUANUCO
2022-05-02,3.0896360805935927,0.8790250557301827,seasonal_naive,HUANUCO
2022-05-09,2.824810130828427,0.7471712973706545,seasonal_naive,HUANUCO
2022-05-16,2.95722310571101,0.7911225501571639,seasonal_naive,HUANUCO
2022-05-23,2.5599841810632618,0.879025055730183,seasonal_naive,HUANUCO
2022-05-30,2.0303322815329308,1.09878131966273,seasonal_naive,HUANUCO
2022-06-06,1.5889556985909878,1.5822451003143339,seasonal_naive,HUANUCO
2022-06-13,1.6772310151793761,1.5382938475278243,seasonal_naive,HUANUCO
2022-06-20,1.9420569649445418,1.1866838252357488,seasonal_naive,HUANUCO
2022-06-27,2.295158231298096,0.8350738029436734,seasonal_naive,HUANUCO
2022-07-04,1.8537816483561533,0.5713662862246168,seasonal_naive,HUANUCO
2022-07-11,1.5889556985909878,0.6153175390111262,seasonal_naive,HUANUCO
2022-07-18,1.7655063317677648,0.35161002229206967,seasonal_naive,HUANUCO
2022-07-25,2.1627452564155134,0.4395125278650885,seasonal_naive,HUANUCO
2022-08-01,2.0744699398271247,0.26370751671905085,seasonal_naive,HUANUCO
2022-08-08,1.456542723708405,0.483463780651598,seasonal_naive,HUANUCO
2022-08-15,1.0151661407664623,0.39556127507857913,seasonal_naive,HUANUCO
2022-08-22,0.7944778492954909,0.7471712973706546,seasonal_naive,HUANUCO
2022-08-29,0.9268908241780739,0.6153175390111263,seasonal_naive,HUANUCO
2022-09-05,1.0593037990606566,0.7032200445841452,seasonal_naive,HUANUCO
2022-09-12,1.3682674071200165,0.4395125278650886,seasonal_naive,HUANUCO
2022-09-19,1.1475791156490451,0.4395125278650886,seasonal_naive,HUANUCO
2022-09-26,1.2799920905316278,0.483463780651598,seasonal_naive,HUANUCO
2022-10-03,1.0593037990606566,0.39556127507857913,seasonal_naive,HUANUCO
2022-10-10,0.9268908241780737,0.6153175390111262,seasonal_naive,HUANUCO
2022-10-17,0.7503401910012967,0.5274150334381074,seasonal_naive,HUANUCO
2022-10-24,1.2358544322374334,0.6592687917976356,seasonal_naive,HUANUCO
2022-10-31,1.4124050654142106,1.0548300668762205,seasonal_naive,HUANUCO
2022-11-07,1.5006803820025991,1.1866838252357488,seasonal_naive,HUANUCO
2022-11-14,1.1034414573548508,1.0548300668762205,seasonal_naive,HUANUCO
2022-11-21,1.015166140766462,0.6592687917976355,seasonal_naive,HUANUCO
2022-11-28,1.5006803820025991,0.7471712973706545,seasonal_naive,HUANUCO
2022-12-05,1.7655063317677646,0.8350738029436733,seasonal_naive,HUANUCO
2022-12-12,1.9420569649445418,0.6153175390111262,seasonal_naive,HUANUCO
2022-12-19,1.5448180402967935,0.4395125278650885,seasonal_naive,HUANUCO
2022-12-26,1.1034414573548508,0.5274150334381074,seasonal_naive,HUANUCO
2023-01-02,1.1058601942362243,0.5719255027476713,seasonal_naive,HUANUCO
2023-01-09,0.8863812712059397,0.7050840996609935,seasonal_naive,HUANUCO
2023-01-16,1.0207292355936215,0.794477849295491,seasonal_naive,HUANUCO
2023-01-23,0.9763497036112897,1.0151661407664623,seasonal_naive,HUANUCO
2023-01-30,1.3757654914522746,1.1475791156490451,seasonal_naive,HUANUCO
2023-02-06,1.1982473635229478,0.8827531658838796,seasonal_naive,HUANUCO
2023-02-13,1.0207292355936215,0.8827531658838795,seasonal_naive,HUANUCO
2023-02-20,0.7544520436996317,0.6620648744129083,seasonal_naive,HUANUCO
2023-02-27,1.0207292355936215,1.456542723708405,seasonal_naive,HUANUCO
2023-03-06,1.3313859594699429,1.5006803820025993,seasonal_naive,HUANUCO
2023-03-13,1.464524555416938,1.5448180402967935,seasonal_naive,HUANUCO
2023-03-20,1.908319875240254,1.2358544322374336,seasonal_naive,HUANUCO
2023-03-27,2.0414584711872488,1.8537816483561533,seasonal_naive,HUANUCO
2023-04-03,2.574012854975228,2.3834335478864843,seasonal_naive,HUANUCO
2023-04-10,3.017808174798544,2.5158465227690674,seasonal_naive,HUANUCO
2023-04-17,4.0385374103921725,2.824810130828427,seasonal_naive,HUANUCO
2023-04-24,4.748609922109478,2.824810130828427,seasonal_naive,HUANUCO
2023-05-01,5.769339157703105,3.0896360805935927,seasonal_naive,HUANUCO
2023-05-08,5.63620056175611,2.824810130828427,seasonal_naive,HUANUCO
2023-05-15,5.9024777536501,2.95722310571101,seasonal_naive,HUANUCO
2023-05-22,5.991236817614763,2.5599841810632618,seasonal_naive,HUANUCO
2023-05-29,7.1894841811377175,2.0303322815329308,seasonal_naive,HUANUCO
2023-06-05,7.6332795009610335,1.5889556985909878,seasonal_naive,HUANUCO
2023-06-12,7.322622777084711,1.6772310151793761,seasonal_naive,HUANUCO
2023-06-19,6.390652605455748,1.9420569649445418,seasonal_naive,HUANUCO
2023-06-26,5.813718689685437,2.295158231298096,seasonal_naive,HUANUCO
2023-07-03,4.881748518056472,1.8537816483561533,seasonal_naive,HUANUCO
2023-07-10,4.393573666250824,1.5889556985909878,seasonal_naive,HUANUCO
2023-07-17,3.372844430657197,1.7655063317677648,seasonal_naive,HUANUCO
2023-07-24,3.5059830266041927,2.1627452564155134,seasonal_naive,HUANUCO
2023-07-31,3.2840853666925347,2.0744699398271247,seasonal_naive,HUANUCO
2023-08-07,3.150946770745539,1.456542723708405,seasonal_naive,HUANUCO
2023-08-14,2.3077356630812385,1.0151661407664623,seasonal_naive,HUANUCO
2023-08-21,1.5976631513639326,0.7944778492954909,seasonal_naive,HUANUCO
2023-08-28,0.9763497036112897,0.9268908241780739,seasonal_naive,HUANUCO
2023-09-04,0.8875906396466263,1.0593037990606566,seasonal_naive,HUANUCO
2023-09-11,1.0651087675759527,1.3682674071200165,seasonal_naive,HUANUCO
2023-09-18,1.3313859594699426,1.1475791156490451,seasonal_naive,HUANUCO
2023-09-25,1.2870064274876112,1.2799920905316278,seasonal_naive,HUANUCO
2023-10-02,1.2870064274876112,1.0593037990606566,seasonal_naive,HUANUCO
2023-10-09,1.2870064274876112,0.9268908241780737,seasonal_naive,HUANUCO
2023-10-16,1.1982473635229478,0.7503401910012967,seasonal_naive,HUANUCO
2023-10-23,0.9763497036112897,1.2358544322374334,seasonal_naive,HUANUCO
2023-10-30,1.1538678315406161,1.4124050654142106,seasonal_naive,HUANUCO
2023-11-06,1.2870064274876112,1.5006803820025991,seasonal_naive,HUANUCO
2023-11-13,1.5976631513639326,1.1034414573548508,seasonal_naive,HUANUCO
2023-11-20,1.908319875240254,1.015166140766462,seasonal_naive,HUANUCO
2023-11-27,1.8639403432579222,1.5006803820025991,seasonal_naive,HUANUCO
2023-12-04,1.8639403432579222,1.7655063317677646,seasonal_naive,HUANUCO
2023-12-11,1.3757654914522746,1.9420569649445418,seasonal_naive,HUANUCO
2023-12-18,1.3313859594699429,1.5448180402967935,seasonal_naive,HUANUCO
2023-12-25,0.9319701716289582,1.1034414573548508,seasonal_naive,HUANUCO
2004-12-27,5.321521359820077,7.9038293531177315,holt_winters,HUANUCO
2005-01-03,6.416900474322055,7.938088580554094,holt_winters,HUANUCO
2005-01-10,5.846919610657637,7.325927222895857,holt_winters,HUANUCO
2005-01-17,8.212467239396988,6.441756151912836,holt_winters,HUANUCO
2005-01-24,7.498339653362467,8.074323424879701,holt_winters,HUANUCO
2005-01-31,6.650313144946473,8.31439194257304,holt_winters,HUANUCO
2005-02-07,6.561047196692158,8.553244084596525,holt_winters,HUANUCO
2005-02-14,5.534488791767536,8.411081266353804,holt_winters,HUANUCO
2005-02-21,5.0881590504959595,5.301278543784148,holt_winters,HUANUCO
2005-02-28,4.731095257478699,5.677987589213994,holt_winters,HUANUCO
2005-03-07,4.954260128114487,5.424119418717708,holt_winters,HUANUCO
2005-03-14,5.98081853303911,5.284427326688048,holt_winters,HUANUCO
2005-03-21,5.8022866365304795,5.560082567168003,holt_winters,HUANUCO
2005-03-28,6.561047196692158,5.748603880368751,holt_winters,HUANUCO
2005-04-04,6.9627439638365765,6.010480659228186,holt_winters,HUANUCO
2005-04-11,7.81077047225257,6.65448988832944,holt_winters,HUANUCO
2005-04-18,8.301733187651303,9.022785936542428,holt_winters,HUANUCO
2005-04-25,8.123201291142673,9.423497705651739,holt_winters,HUANUCO
2005-05-02,8.971227799558665,10.25314151970983,holt_winters,HUANUCO
2005-05-09,9.908520256228975,10.749200643605745,holt_winters,HUANUCO
2005-05-16,10.935078661153597,11.133024920607628,holt_winters,HUANUCO
2005-05-23,11.559940298933803,12.569733121298958,holt_winters,HUANUCO
2005-05-30,11.426041376552332,13.461556219090337,holt_winters,HUANUCO
2005-06-06,10.220951075119077,13.289934728382342,holt_winters,HUANUCO
2005-06-13,9.28365861844877,9.21690429134553,holt_winters,HUANUCO
2005-06-20,8.435632110032776,8.761366526035596,holt_winters,HUANUCO
2005-06-27,8.614164006541406,9.178944954931566,holt_winters,HUANUCO
2005-07-04,8.301733187651301,9.632286699129935,holt_winters,HUANUCO
2005-07-11,8.123201291142673,7.732978803460715,holt_winters,HUANUCO
2005-07-18,8.16783426526983,7.362328372045784,holt_winters,HUANUCO
2005-07-25,7.230541808599521,6.415459883887417,holt_winters,HUANUCO
2005-08-01,7.587605601616782,5.964247929404003,holt_winters,HUANUCO
2005-08-08,7.275174782726679,6.796162077456373,holt_winters,HUANUCO
2005-08-15,7.141275860345206,5.919992791943558,holt_winters,HUANUCO
2005-08-22,5.668387714149007,6.467017431427677,holt_winters,HUANUCO
2005-08-29,5.400589869386061,6.4017980047392795,holt_winters,HUANUCO
2005-09-05,6.427148274310685,6.097441955482435,holt_winters,HUANUCO
2005-09-12,7.052009912090891,5.016844394906398,holt_winters,HUANUCO
2005-09-19,6.784212067327945,5.150268426703514,holt_winters,HUANUCO
2005-09-26,6.87347801558226,5.1580217567770745,holt_winters,HUANUCO
2005-10-03,6.962743963836576,7.268329523168865,holt_winters,HUANUCO
2005-10-10,7.007376937963733,6.81073110238423,holt_winters,HUANUCO
2005-10-17,6.248616377802055,6.145025997180509,holt_winters,HUANUCO
2005-10-24,6.69494611907363,5.872975564218423,holt_winters,HUANUCO
2005-10-31,6.605680170819315,7.558276421605374,holt_winters,HUANUCO
2005-11-07,6.962743963836576,8.60422965269074,holt_winters,HUANUCO
2005-11-14,7.007376937963734,9.065940213612123,holt_winters,HUANUCO
2005-11-21,6.9627439638365765,9.480948772221627,holt_winters,HUANUCO
2005-11-28,6.293249351929212,7.00820825915993,holt_winters,HUANUCO
2005-12-05,5.489855817640376,7.574356819268089,holt_winters,HUANUCO
2005-12-12,5.98081853303911,7.097540538680799,holt_winters,HUANUCO
2005-12-19,6.025451507166267,6.403416251147252,holt_winters,HUANUCO
2005-12-26,6.605680170819316,5.327998166048114,holt_winters,HUANUCO
2006-01-02,6.802896056094311,4.99743152637404,holt_winters,HUANUCO
2006-01-09,6.8725864539887285,4.571051393834269,holt_winters,HUANUCO
2006-01-16,6.626659315492596,4.207045283334741,holt_winters,HUANUCO
2006-01-23,6.0081711127132875,6.3901954031552854,holt_winters,HUANUCO
2006-01-30,5.5663938250137805,6.342125173581483,holt_winters,HUANUCO
2006-02-06,4.5061283345349645,6.4270623223293475,holt_winters,HUANUCO
2006-02-13,3.7551069454458035,6.10834260757525,holt_winters,HUANUCO
2006-02-20,4.108528775605409,3.55815713381794,holt_winters,HUANUCO
2006-02-27,5.080438808544323,3.6198090641403864,holt_winters,HUANUCO
2006-03-06,6.0965265702531894,3.26830108919379,holt_winters,HUANUCO
2006-03-13,5.831460197633485,3.3548251080064135,holt_winters,HUANUCO
2006-03-20,5.5663938250137805,5.390093781802751,holt_winters,HUANUCO
2006-03-27,4.815372435924619,5.682756058202629,holt_winters,HUANUCO
2006-04-03,6.140704299023139,6.028788101592935,holt_winters,HUANUCO
2006-04-10,6.096526570253189,6.585622169157373,holt_winters,HUANUCO
2006-04-17,7.2451475182719065,7.031386486501031,holt_winters,HUANUCO
2006-04-24,6.759192501802448,7.084790604442812,holt_winters,HUANUCO
2006-05-01,7.819457992281265,7.780098059568591,holt_winters,HUANUCO
2006-05-08,10.735188091098008,8.26764030760837,holt_winters,HUANUCO
2006-05-15,12.85571907205564,11.489107660406443,holt_winters,HUANUCO
2006-05-22,13.562562732374849,12.42239249591732,holt_winters,HUANUCO
2006-05-29,12.723185885745787,12.827249077312324,holt_winters,HUANUCO
2006-06-05,11.707098124036923,12.433150180742867,holt_winters,HUANUCO
2006-06-12,12.76736361451574,10.530303627043656,holt_winters,HUANUCO
2006-06-19,12.193053140506379,10.280348980045275,holt_winters,HUANUCO
2006-06-26,12.016342225426577,10.516463745672297,holt_winters,HUANUCO
2006-07-03,11.088609921257612,11.090502899406228,holt_winters,HUANUCO
2006-07-10,10.3817662609384,10.935376746212922,holt_winters,HUANUCO
2006-07-17,9.895811244468945,10.58731516222006,holt_winters,HUANUCO
2006-07-24,8.835545753990129,9.361949679462008,holt_winters,HUANUCO
2006-07-31,8.570479381370426,9.274983488848148,holt_winters,HUANUCO
2006-08-07,8.658834838910325,8.088294092589685,holt_winters,HUANUCO
2006-08-14,7.598569348431511,7.634110924920074,holt_winters,HUANUCO
2006-08-21,6.670837044262547,7.636892090946305,holt_winters,HUANUCO
2006-08-28,5.080438808544322,7.5019401695206405,holt_winters,HUANUCO
2006-09-04,5.478038367473879,6.021679225595215,holt_winters,HUANUCO
2006-09-11,4.550306063304914,5.69890133924432,holt_winters,HUANUCO
2006-09-18,4.373595148225111,6.115634941369156,holt_winters,HUANUCO
2006-09-25,4.108528775605408,6.29779380998155,holt_winters,HUANUCO
2006-10-02,4.5061283345349645,4.587565551649783,holt_winters,HUANUCO
2006-10-09,4.992083351004421,4.356084836858113,holt_winters,HUANUCO
2006-10-16,5.080438808544323,3.5894380951351326,holt_winters,HUANUCO
2006-10-23,5.0362610797743725,3.496434454472099,holt_winters,HUANUCO
2006-10-30,5.698927011323633,5.814693392637332,holt_winters,HUANUCO
2006-11-06,5.478038367473879,6.949669303138701,holt_winters,HUANUCO
2006-11-13,5.875637926403435,7.248542429895564,holt_winters,HUANUCO
2006-11-20,5.478038367473879,7.406479675342686,holt_winters,HUANUCO
2006-11-27,6.582481586722646,5.4050094936182385,holt_winters,HUANUCO
2006-12-04,6.538303857952695,5.841049915155879,holt_winters,HUANUCO
2006-12-11,6.670837044262547,5.735653399158747,holt_winters,HUANUCO
2006-12-18,6.449948400412793,5.359880861432456,holt_winters,HUANUCO
2006-12-25,6.361592942872892,6.294405702743581,holt_winters,HUANUCO
2007-01-01,6.209881972916986,6.108680025273746,holt_winters,HUANUCO
2007-01-08,5.266539844850073,5.698939117791988,holt_winters,HUANUCO
2007-01-15,5.204076322371097,5.125028884344464,holt_winters,HUANUCO
2007-01-22,4.6355637829524055,4.866421384629139,holt_winters,HUANUCO
2007-01-29,5.160344588569658,4.7396433892728345,holt_winters,HUANUCO
2007-02-05,4.723027250555281,4.717660769829179,holt_winters,HUANUCO
2007-02-12,5.291539789973972,4.223933534806047,holt_winters,HUANUCO
2007-02-19,4.591832049150967,5.067897795908858,holt_winters,HUANUCO
2007-02-26,4.679295516753842,5.3795284905808884,holt_winters,HUANUCO
2007-03-05,3.979587775930838,5.148865303947007,holt_winters,HUANUCO
2007-03-12,3.760929106923648,5.21415341171078,holt_winters,HUANUCO
2007-03-19,3.4548069703135837,3.1678655217591363,holt_winters,HUANUCO
2007-03-26,3.4548069703135837,3.4744325414185573,holt_winters,HUANUCO
2007-04-02,3.673465639320773,3.878499461403839,holt_winters,HUANUCO
2007-04-09,4.416905113945216,4.296204664738805,holt_winters,HUANUCO
2007-04-16,5.116612854768221,5.264446505173116,holt_winters,HUANUCO
2007-04-23,6.253637933605604,5.251522074292726,holt_winters,HUANUCO
2007-04-30,6.647223537818544,5.985155870544613,holt_winters,HUANUCO
2007-05-07,8.30902942227318,6.868595439534856,holt_winters,HUANUCO
2007-05-14,8.52768809128037,9.608303298917898,holt_winters,HUANUCO
2007-05-21,9.271127565904813,10.083129600694827,holt_winters,HUANUCO
2007-05-28,8.177834220868869,9.987989849042544,holt_winters,HUANUCO
2007-06-04,8.440224623677494,9.552080392377244,holt_winters,HUANUCO
2007-06-11,8.92127369549331,7.747103166429083,holt_winters,HUANUCO
2007-06-18,9.31485929970625,7.335459707867194,holt_winters,HUANUCO
2007-06-25,8.833810227890433,7.391583563522056,holt_winters,HUANUCO
2007-07-02,7.5218582138473,7.742220211250579,holt_winters,HUANUCO
2007-07-09,7.303199544840112,7.312812310542372,holt_winters,HUANUCO
2007-07-16,7.128272609634361,7.1721763193675425,holt_winters,HUANUCO
2007-07-23,6.690955271619981,6.0603702403038975,holt_winters,HUANUCO
2007-07-30,5.685125394186912,5.908267706018621,holt_winters,HUANUCO
2007-08-06,6.078710998399853,5.564118332162052,holt_winters,HUANUCO
2007-08-13,6.078710998399853,5.1606401562941535,holt_winters,HUANUCO
2007-08-20,7.040809142031485,4.297150444528406,holt_winters,HUANUCO
2007-08-27,5.860052329392663,3.6030058291833846,holt_winters,HUANUCO
2007-09-03,5.553930192782599,6.517512859010067,holt_winters,HUANUCO
2007-09-10,4.023319509732275,6.549309319979384,holt_winters,HUANUCO
2007-09-17,4.198246444938026,6.7831211686725545,holt_winters,HUANUCO
2007-09-24,4.723027250555281,6.717298981299419,holt_winters,HUANUCO
2007-10-01,5.072881120966783,5.207126373270837,holt_winters,HUANUCO
2007-10-08,5.379003257576848,5.079340447486369,holt_winters,HUANUCO
2007-10-15,4.985417653363907,4.349213823937588,holt_winters,HUANUCO
2007-10-22,5.116612854768221,4.296749335223418,holt_winters,HUANUCO
2007-10-29,5.204076322371097,5.740058383822493,holt_winters,HUANUCO
2007-11-05,5.772588861789788,6.548300781019008,holt_winters,HUANUCO
2007-11-12,7.040809142031485,6.501393580463403,holt_winters,HUANUCO
2007-11-19,6.428564868811354,6.545691824885345,holt_winters,HUANUCO
2007-11-26,5.772588861789788,6.333739335935241,holt_winters,HUANUCO
2007-12-03,4.766758984356718,6.901326896222237,holt_winters,HUANUCO
2007-12-10,4.810490718158156,6.964690282585633,holt_winters,HUANUCO
2007-12-17,5.204076322371097,6.776092458818509,holt_winters,HUANUCO
2007-12-24,4.32944164634234,5.470404980513476,holt_winters,HUANUCO
2007-12-31,4.766758984356718,5.366880284464985,holt_winters,HUANUCO
2008-01-07,4.111146147283977,4.969318363730275,holt_winters,HUANUCO
2008-01-14,5.161291424507668,4.443506602923581,holt_winters,HUANUCO
2008-01-21,4.943151569713088,4.565086753736406,holt_winters,HUANUCO
2008-01-28,5.380598611280618,4.535973008318024,holt_winters,HUANUCO
2008-02-04,4.636938640615817,4.409839066442419,holt_winters,HUANUCO
2008-02-11,4.549449232302312,4.206076746353736,holt_winters,HUANUCO
2008-02-18,4.330725711518546,4.080519512436609,holt_winters,HUANUCO
2008-02-25,4.24323630320504,4.639742540827584,holt_winters,HUANUCO
2008-03-03,3.6308104450104977,4.420920551823998,holt_winters,HUANUCO
2008-03-10,3.7182998533240035,4.604983509633804,holt_winters,HUANUCO
2008-03-17,4.724428048929323,3.051113846506718,holt_winters,HUANUCO
2008-03-24,5.905535061161655,3.3615848803210024,holt_winters,HUANUCO
2008-03-31,6.474216215199443,3.770053640959703,holt_winters,HUANUCO
2008-04-07,6.386726806885938,4.096024429242887,holt_winters,HUANUCO
2008-04-14,6.56170562351295,6.910128644346864,holt_winters,HUANUCO
2008-04-21,7.217876185864244,7.145983917531045,holt_winters,HUANUCO
2008-04-28,8.486472606410082,7.836672381963571,holt_winters,HUANUCO
2008-05-05,9.273877281231636,8.989462620830526,holt_winters,HUANUCO
2008-05-12,9.930047843582933,10.492040989444451,holt_winters,HUANUCO
2008-05-19,10.236260772680204,11.133391036052927,holt_winters,HUANUCO
2008-05-26,10.32375018099371,10.639873055536901,holt_winters,HUANUCO
2008-06-02,9.580090210328908,9.968680473056413,holt_winters,HUANUCO
2008-06-09,8.180259677312813,9.359375968026887,holt_winters,HUANUCO
2008-06-16,7.480344410804764,9.028832486846639,holt_winters,HUANUCO
2008-06-23,7.261620890020999,8.836135327669814,holt_winters,HUANUCO
2008-06-30,7.261620890020999,8.735527404132583,holt_winters,HUANUCO
2008-07-07,7.874046748215541,7.068938955884843,holt_winters,HUANUCO
2008-07-14,7.042897369237234,6.799144605699477,holt_winters,HUANUCO
2008-07-21,5.905535061161654,6.0622758905993095,holt_winters,HUANUCO
2008-07-28,4.855662161399581,5.579953598953144,holt_winters,HUANUCO
2008-08-04,4.9431515697130886,4.918505136059282,holt_winters,HUANUCO
2008-08-11,5.818045652848149,4.4157543245194955,holt_winters,HUANUCO
2008-08-18,6.474216215199443,3.8651750056265106,holt_winters,HUANUCO
2008-08-25,7.5678338191182695,3.0935142719300686,holt_winters,HUANUCO
2008-09-01,7.217876185864245,7.8108798237625905,holt_winters,HUANUCO
2008-09-08,5.99302446947516,7.62269804525666,holt_winters,HUANUCO
2008-09-15,4.4619598239888045,7.68859082530704,holt_winters,HUANUCO
2008-09-22,4.1994915990482875,7.822258483137864,holt_winters,HUANUCO
2008-09-29,4.286981007361793,4.651090088191237,holt_winters,HUANUCO
2008-10-06,4.811917457242829,4.780409584376658,holt_winters,HUANUCO
2008-10-13,4.943151569713088,4.115833574355328,holt_winters,HUANUCO
2008-10-20,4.943151569713088,4.080586100253955,holt_winters,HUANUCO
2008-10-27,4.811917457242829,5.317043354542763,holt_winters,HUANUCO
2008-11-03,4.1994915990482875,5.92098267705718,holt_winters,HUANUCO
2008-11-10,4.330725711518546,6.156079703389374,holt_winters,HUANUCO
2008-11-17,3.9370233741077687,5.838274928793185,holt_winters,HUANUCO
2008-11-24,4.505704528145558,3.7928265915440904,holt_winters,HUANUCO
2008-12-01,3.8057892616375093,3.63621786783978,holt_winters,HUANUCO
2008-12-08,3.893278669951016,3.558953449993455,holt_winters,HUANUCO
2008-12-15,3.2808528117564735,3.839702859567838,holt_winters,HUANUCO
2008-12-22,3.4995763325402387,2.4459644931496896,holt_winters,HUANUCO
2008-12-29,4.855662161399581,2.9880030342074626,holt_winters,HUANUCO
2009-01-05,4.855908744374845,2.6312157580487057,holt_winters,HUANUCO
2009-01-12,4.374963581625824,2.561049775587292,holt_winters,HUANUCO
2009-01-19,2.6692186146930386,3.868910660120272,holt_winters,HUANUCO
2009-01-26,2.625460932484956,3.8607706501133383,holt_winters,HUANUCO
2009-02-02,2.4504302036526253,3.3974615597552145,holt_winters,HUANUCO
2009-02-09,2.494187885860708,3.2001118889008904,holt_winters,HUANUCO
2009-02-16,2.187884110404129,2.2498618679532756,holt_winters,HUANUCO
2009-02-23,2.0128533815717984,2.7369458009964664,holt_winters,HUANUCO
2009-03-02,2.0128533815717984,2.667321119538741,holt_winters,HUANUCO
2009-03-09,2.7567339791092036,2.959883011879215,holt_winters,HUANUCO
2009-03-16,3.238068483398113,2.824979287669221,holt_winters,HUANUCO
2009-03-23,3.4568568944385265,3.2431406061692702,holt_winters,HUANUCO
2009-03-30,4.0257067631436,3.783751924313906,holt_winters,HUANUCO
2009-04-06,4.9446180895133365,4.253147866771495,holt_winters,HUANUCO
2009-04-13,6.694925377836642,5.569695892111858,holt_winters,HUANUCO
2009-04-20,7.745109750830626,5.805554586355022,holt_winters,HUANUCO
2009-04-27,9.014082534865024,6.6480811097110015,holt_winters,HUANUCO
2009-05-04,8.707778759408447,8.131599680496203,holt_winters,HUANUCO
2009-05-11,9.101597899281188,9.720991575362373,holt_winters,HUANUCO
2009-05-18,9.45165935694585,10.249620127310799,holt_winters,HUANUCO
2009-05-25,9.757963132402429,9.772328539698863,holt_winters,HUANUCO
2009-06-01,9.276628628113519,9.205830698077794,holt_winters,HUANUCO
2009-06-08,7.7888674330387095,9.085063100949473,holt_winters,HUANUCO
2009-06-15,6.957471471085139,8.649573404646862,holt_winters,HUANUCO
2009-06-22,5.688498687050742,8.379768954478456,holt_winters,HUANUCO
2009-06-29,5.732256369258824,8.018899635810236,holt_winters,HUANUCO
2009-07-06,4.4195259030163445,5.621286191449595,holt_winters,HUANUCO
2009-07-13,4.4195259030163445,5.231080578158218,holt_winters,HUANUCO
2009-07-20,3.6318876232708566,4.400038886686282,holt_winters,HUANUCO
2009-07-27,4.113222127559766,3.903287938301759,holt_winters,HUANUCO
2009-08-03,3.3693415300223606,4.195048610822132,holt_winters,HUANUCO
2009-08-10,3.3693415300223606,4.0927606285446325,holt_winters,HUANUCO
2009-08-17,2.975522390149616,3.763700012375373,holt_winters,HUANUCO
2009-08-24,3.1943108011900296,3.1670422664137945,holt_winters,HUANUCO
2009-08-31,2.800491661317286,3.414963275680832,holt_winters,HUANUCO
2009-09-07,3.4568568944385256,2.6264019489639083,holt_winters,HUANUCO
2009-09-14,3.631887623270856,2.389112276565143,holt_winters,HUANUCO
2009-09-21,3.544372258854691,2.5778199600464764,holt_winters,HUANUCO
2009-09-28,3.150553118981947,3.7850648748760287,holt_winters,HUANUCO
2009-10-05,3.0192800723576987,4.083074111658582,holt_winters,HUANUCO
2009-10-12,3.1943108011900296,3.6787285880664777,holt_winters,HUANUCO
2009-10-19,2.53794556806879,3.8147749842253815,holt_winters,HUANUCO
2009-10-26,2.6254609324849554,2.6970371931861035,holt_winters,HUANUCO
2009-11-02,2.494187885860707,2.9684409970221517,holt_winters,HUANUCO
2009-11-09,2.888007025733451,3.312527485672796,holt_winters,HUANUCO
2009-11-16,2.4066725214445417,2.935591755246295,holt_winters,HUANUCO
2009-11-23,2.4066725214445417,2.50628396108733,holt_winters,HUANUCO
2009-11-30,2.4504302036526244,2.1627999435270797,holt_winters,HUANUCO
2009-12-07,2.888007025733451,2.2102875094547567,holt_winters,HUANUCO
2009-12-14,2.756733979109203,2.298320063443023,holt_winters,HUANUCO
2009-12-21,2.494187885860707,2.739897505489644,holt_winters,HUANUCO
2009-12-28,1.4440035128667237,3.2486058309286383,holt_winters,HUANUCO
2010-01-04,2.0132299684434756,2.770151045144945,holt_winters,HUANUCO
2010-01-11,2.494928073849867,3.25236998251172,holt_winters,HUANUCO
2010-01-18,3.3703414330954353,1.7333091225638846,holt_winters,HUANUCO
2010-01-25,2.8450934175480946,1.7684294441799122,holt_winters,HUANUCO
2010-02-01,2.2760747340384744,1.3574084201198984,holt_winters,HUANUCO
2010-02-08,2.1009920621893605,1.1814055036793358,holt_winters,HUANUCO
2010-02-15,2.319845402000753,1.8912254791028653,holt_winters,HUANUCO
2010-02-22,2.100992062189361,1.9880969282786358,holt_winters,HUANUCO
2010-03-01,2.3636160699630318,1.982409563557277,holt_winters,HUANUCO
2010-03-08,2.713781413661259,2.2660938281667384,holt_winters,HUANUCO
2010-03-15,3.5016534369822714,2.9533299602117005,holt_winters,HUANUCO
2010-03-22,3.545424104944549,3.256054198330623,holt_winters,HUANUCO
2010-03-29,3.6329654408691057,3.8927340003039315,holt_winters,HUANUCO
2010-04-05,3.939360116605055,4.387443562185791,holt_winters,HUANUCO
2010-04-12,4.858544143812902,4.889483262638126,holt_winters,HUANUCO
2010-04-19,5.558874831209358,5.410664677502454,holt_winters,HUANUCO
2010-04-26,5.865269506945307,6.447965389232585,holt_winters,HUANUCO
2010-05-03,7.397242885625052,7.703733309868319,holt_winters,HUANUCO
2010-05-10,8.185114908946064,8.255365796791592,holt_winters,HUANUCO
2010-05-17,8.929216264304797,8.827019098770684,holt_winters,HUANUCO
2010-05-24,9.323152275965304,8.51448550898683,holt_winters,HUANUCO
2010-05-31,8.929216264304797,7.897079435223673,holt_winters,HUANUCO
2010-06-07,9.191840272078467,8.605659006157001,holt_winters,HUANUCO
2010-06-14,8.797904260417962,8.064946896055911,holt_winters,HUANUCO
2010-06-21,9.366922943927582,7.646632428144988,holt_winters,HUANUCO
2010-06-28,9.14806960411619,7.12343348447923,holt_winters,HUANUCO
2010-07-05,8.403968248757456,8.744665002434255,holt_winters,HUANUCO
2010-07-12,6.915765538039989,8.413081171025752,holt_winters,HUANUCO
2010-07-19,6.565600194341761,7.50666286353662,holt_winters,HUANUCO
2010-07-26,5.427562827322522,7.1821678956640875,holt_winters,HUANUCO
2010-08-02,5.9090401749075845,5.394037772137603,holt_winters,HUANUCO
2010-08-09,5.252480155473408,5.335467424917249,holt_winters,HUANUCO
2010-08-16,4.5083788001146745,5.105676801884952,holt_winters,HUANUCO
2010-08-23,3.1077174253217645,4.76598462591149,holt_winters,HUANUCO
2010-08-30,2.5386987418121447,2.9708434899200027,holt_winters,HUANUCO
2010-09-06,2.4511574058875882,2.431727020493802,holt_winters,HUANUCO
2010-09-13,2.8888640855103724,2.063823700286332,holt_winters,HUANUCO
2010-09-20,2.6262400777367017,2.033596056304652,holt_winters,HUANUCO
2010-09-27,2.6262400777367017,2.750657272552414,holt_winters,HUANUCO
2010-10-04,2.9764054214349294,3.058925396013702,holt_winters,HUANUCO
2010-10-11,3.2828000971708775,2.959420935849666,holt_winters,HUANUCO
2010-10-18,3.457882769019992,2.9786988528291927,holt_winters,HUANUCO
2010-10-25,2.9326347534726502,3.6466579428575834,holt_winters,HUANUCO
2010-11-01,3.2390294292085997,3.6567251760870847,holt_winters,HUANUCO
2010-11-08,3.414112101057713,4.121013690545636,holt_winters,HUANUCO
2010-11-15,3.370341433095435,3.7514615536555573,holt_winters,HUANUCO
2010-11-22,3.1952587612463215,3.6390090984072074,holt_winters,HUANUCO
2010-11-29,3.50165343698227,3.1351536465885244,holt_winters,HUANUCO
2010-12-06,3.895589448642776,3.3743368242375134,holt_winters,HUANUCO
2010-12-13,3.589194772906827,3.2719179042245408,holt_winters,HUANUCO
2010-12-20,3.457882769019992,3.348556295284986,holt_winters,HUANUCO
2010-12-27,3.7205067767936626,3.5461168050944987,holt_winters,HUANUCO
2011-01-03,3.6332123166836197,3.3889060838347804,holt_winters,HUANUCO
2011-01-10,3.458454481432551,3.567908136079355,holt_winters,HUANUCO
2011-01-17,3.1086399612602116,3.061912868305462,holt_winters,HUANUCO
2011-01-24,3.152423622686412,3.1117226522879644,holt_winters,HUANUCO
2011-01-31,2.8897216541292106,2.563511092067652,holt_winters,HUANUCO
2011-02-07,2.495668701293408,2.5235519743762174,holt_winters,HUANUCO
2011-02-14,2.80215433127681,2.2634507400634556,holt_winters,HUANUCO
2011-02-21,3.021072638407811,2.3086546361709868,holt_winters,HUANUCO
2011-02-28,2.9772889769816113,2.2487718281516065,holt_winters,HUANUCO
2011-03-07,2.7145870084244095,2.3488724738571016,holt_winters,HUANUCO
2011-03-14,2.5832360241458088,3.2158311571842617,holt_winters,HUANUCO
2011-03-21,2.93350531555541,3.3810095300509273,holt_winters,HUANUCO
2011-03-28,3.021072638407811,3.9575856462832224,holt_winters,HUANUCO
2011-04-04,3.6778275598008143,4.344667495583311,holt_winters,HUANUCO
2011-04-11,4.115664174062817,4.583822681814414,holt_winters,HUANUCO
2011-04-18,4.72863543402962,5.165246582726551,holt_winters,HUANUCO
2011-04-25,4.991337402586821,6.001791516461124,holt_winters,HUANUCO
2011-05-02,5.035121064013022,7.302910696519024,holt_winters,HUANUCO
2011-05-09,5.998361615389427,5.57016745060131,holt_winters,HUANUCO
2011-05-16,7.005385828192032,6.191336608792354,holt_winters,HUANUCO
2011-05-23,7.443222442454034,6.011801196930213,holt_winters,HUANUCO
2011-05-30,7.049169489618232,5.5851414013310645,holt_winters,HUANUCO
2011-06-06,6.698900198208631,6.525793996840624,holt_winters,HUANUCO
2011-06-13,7.268087796749234,6.1723953687304265,holt_winters,HUANUCO
2011-06-20,6.786467521061031,5.920533650928989,holt_winters,HUANUCO
2011-06-27,6.3048472453728275,5.496970409745827,holt_winters,HUANUCO
2011-07-04,5.604308662553625,5.897779375453377,holt_winters,HUANUCO
2011-07-11,5.516741339701224,5.365455151752383,holt_winters,HUANUCO
2011-07-18,5.166472048291623,4.66867119100568,holt_winters,HUANUCO
2011-07-25,5.341606693996423,4.125607598099623,holt_winters,HUANUCO
2011-08-01,5.472957678275023,5.391641343626501,holt_winters,HUANUCO
2011-08-08,5.516741339701224,5.388442722926052,holt_winters,HUANUCO
2011-08-15,4.4659334654724185,5.430384415545184,holt_winters,HUANUCO
2011-08-22,3.7216112212270147,4.9629125668298215,holt_winters,HUANUCO
2011-08-29,2.7145870084244095,3.32869643627468,holt_winters,HUANUCO
2011-09-05,2.8897216541292106,2.709884849433924,holt_winters,HUANUCO
2011-09-12,3.1086399612602116,2.5304132188070523,holt_winters,HUANUCO
2011-09-19,3.4589092526698137,2.464814054128609,holt_winters,HUANUCO
2011-09-26,3.4151255912436134,3.4807980693298624,holt_winters,HUANUCO
2011-10-03,3.5464765755222136,3.7482653696809876,holt_winters,HUANUCO
2011-10-10,3.634043898374614,3.7794592084670384,holt_winters,HUANUCO
2011-10-17,3.5464765755222136,3.67787101207641,holt_winters,HUANUCO
2011-10-24,3.5026929140960132,3.431819105743277,holt_winters,HUANUCO
2011-10-31,3.8091785440794155,3.422700516205544,holt_winters,HUANUCO
2011-11-07,4.0280968512104165,3.904617281006745,holt_winters,HUANUCO
2011-11-14,3.984313189784217,3.5275458940256623,holt_winters,HUANUCO
2011-11-21,3.6778275598008148,3.9220137357254434,holt_winters,HUANUCO
2011-11-28,3.5464765755222136,3.674195759159935,holt_winters,HUANUCO
2011-12-05,3.064856299834011,3.9233325672002057,holt_winters,HUANUCO
2011-12-12,3.152423622686412,3.7760127189449655,holt_winters,HUANUCO
2011-12-19,2.75837066985061,2.8948649348177313,holt_winters,HUANUCO
2011-12-26,3.3713419298174134,3.167326215197101,holt_winters,HUANUCO
2012-01-02,3.765878055478996,3.0260461388585975,holt_winters,HUANUCO
2012-01-09,5.0800016583409935,3.2552131909003394,holt_winters,HUANUCO
2012-01-16,4.248281854668463,4.731705210039623,holt_winters,HUANUCO
2012-01-23,3.7665179330050282,4.806256116508054,holt_winters,HUANUCO
2012-01-30,2.8905835299806024,4.358601104868653,holt_winters,HUANUCO
2012-02-06,2.9343802501318232,4.341866595346927,holt_winters,HUANUCO
2012-02-13,2.6715999292244956,2.932868277866155,holt_winters,HUANUCO
2012-02-20,2.408819608317167,2.9752892906853177,holt_winters,HUANUCO
2012-02-27,3.2409572911903726,2.818323020254845,holt_winters,HUANUCO
2012-03-05,3.459940891946479,3.0074199228942087,holt_winters,HUANUCO
2012-03-12,4.029298253912356,3.992344989467058,holt_winters,HUANUCO
2012-03-19,4.204485134517242,4.356719307191887,holt_winters,HUANUCO
2012-03-26,4.423468735273349,4.6668556710940825,holt_winters,HUANUCO
2012-04-02,4.554858895727013,5.176978897707197,holt_winters,HUANUCO
2012-04-09,4.861435936785561,5.383152564126332,holt_winters,HUANUCO
2012-04-16,6.043947380868537,6.186249351203636,holt_winters,HUANUCO
2012-04-23,6.700898183136856,6.8610997310080215,holt_winters,HUANUCO
2012-04-30,6.963678504044185,7.582430570352328,holt_winters,HUANUCO
2012-05-07,6.8760850637417406,7.673583776066435,holt_winters,HUANUCO
2012-05-14,7.357848985405177,8.29303049240712,holt_winters,HUANUCO
2012-05-21,7.708222746614946,8.310205512176905,holt_winters,HUANUCO
2012-05-28,7.48923914585884,7.952087448706715,holt_winters,HUANUCO
2012-06-04,8.321376828732046,6.757804333139923,holt_winters,HUANUCO
2012-06-11,8.8469374705467,6.559419848199964,holt_winters,HUANUCO
2012-06-18,8.80314075039548,6.180449634436737,holt_winters,HUANUCO
2012-06-25,8.14618994812716,5.786498748740906,holt_winters,HUANUCO
2012-07-02,7.489239145858839,7.612987598631642,holt_winters,HUANUCO
2012-07-09,7.226458824951512,7.060694158355284,holt_winters,HUANUCO
2012-07-16,6.350524421927086,6.419920784262477,holt_winters,HUANUCO
2012-07-23,5.386996578600216,5.8903816545776175,holt_winters,HUANUCO
2012-07-30,5.16801297784411,5.382079629144559,holt_winters,HUANUCO
2012-08-06,5.080419537541668,5.417252237790594,holt_winters,HUANUCO
2012-08-13,4.9928260972392255,5.290326604128773,holt_winters,HUANUCO
2012-08-20,3.8103146531562504,4.878321020576926,holt_winters,HUANUCO
2012-08-27,2.452616328468389,3.237102737817557,holt_winters,HUANUCO
2012-09-03,2.2774294478635038,2.876591967241192,holt_winters,HUANUCO
2012-09-10,2.452616328468389,2.80619884547026,holt_winters,HUANUCO
2012-09-17,2.8029900896781594,2.8873631627332452,holt_winters,HUANUCO
2012-09-24,2.5402097687708314,2.7215173515186994,holt_winters,HUANUCO
2012-10-01,3.0657704105854875,2.9670563583490233,holt_winters,HUANUCO
2012-10-08,2.9343802501318237,3.0375862416913595,holt_winters,HUANUCO
2012-10-15,2.6278032090732744,2.9591217356364883,holt_winters,HUANUCO
2012-10-22,2.5402097687708314,2.491298112245429,holt_winters,HUANUCO
2012-10-29,2.5402097687708314,2.5616252086129343,holt_winters,HUANUCO
2012-11-05,2.584006488922053,2.9879829379440936,holt_winters,HUANUCO
2012-11-12,2.584006488922053,2.6668158659263055,holt_winters,HUANUCO
2012-11-19,2.9343802501318237,2.613482977391026,holt_winters,HUANUCO
2012-11-26,3.5037376120977,2.3847145404711263,holt_winters,HUANUCO
2012-12-03,2.8905835299806024,2.537071557911462,holt_winters,HUANUCO
2012-12-10,2.8905835299806015,2.46944274416383,holt_winters,HUANUCO
2012-12-17,3.240957291190373,2.7520456893800067,holt_winters,HUANUCO
2012-12-24,3.8979080934586925,3.081791159686632,holt_winters,HUANUCO
2012-12-31,3.503737612097701,3.1318952198975287,holt_winters,HUANUCO
2013-01-07,3.460396204782637,3.5757403538457515,holt_winters,HUANUCO
2013-01-14,3.6797830826221976,2.9688428954034762,holt_winters,HUANUCO
2013-01-21,4.030495076224542,2.848376177271831,holt_winters,HUANUCO
2013-01-28,3.2419199526153926,2.319724339431054,holt_winters,HUANUCO
2013-02-04,2.497154558095639,2.2050336539018294,holt_winters,HUANUCO
2013-02-11,2.190486454469858,2.492603081512585,holt_winters,HUANUCO
2013-02-18,2.102866996291064,2.4141600829983307,holt_winters,HUANUCO
2013-02-25,2.0590572672016663,2.5241725779012825,holt_winters,HUANUCO
2013-03-04,2.102866996291064,2.770573276478544,holt_winters,HUANUCO
2013-03-11,2.6285837453638305,2.5442400442324953,holt_winters,HUANUCO
2013-03-18,4.468592367118515,2.9152184971682003,holt_winters,HUANUCO
2013-03-25,4.906689658012488,3.205614378996745,holt_winters,HUANUCO
2013-04-01,5.388596677995859,3.5804113610944164,holt_winters,HUANUCO
2013-04-08,4.775260470744296,6.240534563896572,holt_winters,HUANUCO
2013-04-15,6.571459363409584,7.084907322344816,holt_winters,HUANUCO
2013-04-22,7.622892861555118,7.841377425377225,holt_winters,HUANUCO
2013-04-29,7.929560965180898,8.308863771233716,holt_winters,HUANUCO
2013-05-06,6.834317737945967,8.439714241649293,holt_winters,HUANUCO
2013-05-13,6.264791259783803,9.107344111477357,holt_winters,HUANUCO
2013-05-20,6.96574692521416,9.493706231110844,holt_winters,HUANUCO
2013-05-27,6.352410717962599,9.103586452325244,holt_winters,HUANUCO
2013-06-03,6.264791259783803,6.181107775147677,holt_winters,HUANUCO
2013-06-10,4.600021554386708,6.004681136723474,holt_winters,HUANUCO
2013-06-17,4.600021554386708,5.707869739223099,holt_winters,HUANUCO
2013-06-24,3.8114464307775577,5.439226824294835,holt_winters,HUANUCO
2013-07-01,3.899065888956352,2.978582005930003,holt_winters,HUANUCO
2013-07-08,3.8114464307775577,2.484355551704774,holt_winters,HUANUCO
2013-07-15,4.074304805313941,1.8191623152379495,holt_winters,HUANUCO
2013-07-22,3.4171588689729817,1.3515526626368837,holt_winters,HUANUCO
2013-07-29,3.022871307168407,3.356079451658113,holt_winters,HUANUCO
2013-08-05,2.4971545580956396,3.255994495357311,holt_winters,HUANUCO
2013-08-12,2.7600129326320233,2.828146664558088,holt_winters,HUANUCO
2013-08-19,2.847632390810818,2.346255889835622,holt_winters,HUANUCO
2013-08-26,2.5409642871850373,2.0159017362847234,holt_winters,HUANUCO
2013-09-02,2.4533448290062423,2.091075484463447,holt_winters,HUANUCO
2013-09-09,2.190486454469859,2.1513809790220044,holt_winters,HUANUCO
2013-09-16,2.3219156417380513,2.3011304525758223,holt_winters,HUANUCO
2013-09-23,2.847632390810818,2.1514801820136094,holt_winters,HUANUCO
2013-09-30,2.6285837453638314,2.4478653184888923,holt_winters,HUANUCO
2013-10-07,2.8038226617214206,2.5773934317854543,holt_winters,HUANUCO
2013-10-14,2.190486454469859,2.4175865890436743,holt_winters,HUANUCO
2013-10-21,2.321915641738051,2.0524444077885375,holt_winters,HUANUCO
2013-10-28,2.102866996291065,2.105243169709997,holt_winters,HUANUCO
2013-11-04,2.4971545580956396,2.3616231525097247,holt_winters,HUANUCO
2013-11-11,2.6723934744532287,2.220799567869622,holt_winters,HUANUCO
2013-11-18,2.935251848989612,2.6405352175914314,holt_winters,HUANUCO
2013-11-25,2.891442119900215,2.7264326136930137,holt_winters,HUANUCO
2013-12-02,2.891442119900215,2.7460023782832947,holt_winters,HUANUCO
2013-12-09,2.409535099916845,2.597395522972901,holt_winters,HUANUCO
2013-12-16,2.365725370827448,2.303511454340995,holt_winters,HUANUCO
2013-12-23,2.3219156417380504,2.6796931511962425,holt_winters,HUANUCO
2013-12-30,3.0666810362578047,2.7844319886093243,holt_winters,HUANUCO
2014-01-06,3.2860811317559366,3.0117017255699836,holt_winters,HUANUCO
2014-01-13,3.1548471945161594,3.2691449596087465,holt_winters,HUANUCO
2014-01-20,2.1911372878979063,3.0949080872489105,holt_winters,HUANUCO
2014-01-27,1.8843780675921993,2.524551107991949,holt_winters,HUANUCO
2014-02-03,2.10349179638199,2.2490519258600736,holt_winters,HUANUCO
2014-02-10,2.2787827794138233,2.0978848708596693,holt_winters,HUANUCO
2014-02-17,1.8405553218342412,1.9660214527075226,holt_winters,HUANUCO
2014-02-24,1.7529098303183244,2.1453386298348196,holt_winters,HUANUCO
2014-03-03,1.796732576076283,2.3460493589410216,holt_winters,HUANUCO
2014-03-10,2.10349179638199,2.2458075389794656,holt_winters,HUANUCO
2014-03-17,1.709087084560366,2.7277537125929934,holt_winters,HUANUCO
2014-03-24,1.9720235591081154,2.974809786614251,holt_winters,HUANUCO
2014-03-31,1.9720235591081154,3.449145198612761,holt_winters,HUANUCO
2014-04-07,2.234960033655865,2.242220704800655,holt_winters,HUANUCO
2014-04-14,2.1911372878979063,3.363952261275217,holt_winters,HUANUCO
2014-04-21,2.322605525171781,4.122838323421309,holt_winters,HUANUCO
2014-04-28,2.7608329827513636,4.53676663596163,holt_winters,HUANUCO
2014-05-05,3.5934651521525693,2.9152227746508657,holt_winters,HUANUCO
2014-05-12,4.426097321553775,3.437344829452824,holt_winters,HUANUCO
2014-05-19,4.645211050343566,3.978101498983158,holt_winters,HUANUCO
2014-05-26,4.338451830037859,3.646580529733364,holt_winters,HUANUCO
2014-06-02,3.900224372458277,4.5073132460152046,holt_winters,HUANUCO
2014-06-09,3.944047118216235,4.244741842854507,holt_winters,HUANUCO
2014-06-16,4.6890337961015245,4.0776242285440425,holt_winters,HUANUCO
2014-06-23,5.696956948534563,3.720288158722151,holt_winters,HUANUCO
2014-06-30,6.0037161688402705,5.199286171969503,holt_winters,HUANUCO
2014-07-07,5.083438507923148,4.758204449423539,holt_winters,HUANUCO
2014-07-14,3.7249333894264436,4.291306460582522,holt_winters,HUANUCO
2014-07-21,2.936123965783196,3.8319688922969437,holt_winters,HUANUCO
2014-07-28,2.6293647454774884,2.948249480104936,holt_winters,HUANUCO
2014-08-04,2.8484784742672797,2.6286360124730725,holt_winters,HUANUCO
2014-08-11,2.58554199971953,2.1683914997862073,holt_winters,HUANUCO
2014-08-18,2.1911372878979063,1.5200580309900547,holt_winters,HUANUCO
2014-08-25,1.9282008133501574,1.3855266731511073,holt_winters,HUANUCO
2014-09-01,2.10349179638199,1.4861352007529163,holt_winters,HUANUCO
2014-09-08,2.2787827794138233,1.6393320593141636,holt_winters,HUANUCO
2014-09-15,1.6652643388024078,1.7401002198625224,holt_winters,HUANUCO
2014-09-22,1.6214415930444492,1.7217044558630104,holt_winters,HUANUCO
2014-09-29,1.4461506100126167,1.8982621381133438,holt_winters,HUANUCO
2014-10-06,1.9720235591081152,2.0572580916536576,holt_winters,HUANUCO
2014-10-13,1.665264338802408,1.7889016839812881,holt_winters,HUANUCO
2014-10-20,2.059669050624032,1.536013410913381,holt_winters,HUANUCO
2014-10-27,1.5776188472864916,1.6173033522913367,holt_winters,HUANUCO
2014-11-03,1.6214415930444497,1.88584739464353,holt_winters,HUANUCO
2014-11-10,1.3146823727387422,1.826108181120573,holt_winters,HUANUCO
2014-11-17,1.489973355770575,1.3582443932399446,holt_winters,HUANUCO
2014-11-24,1.6652643388024078,1.5009811695859756,holt_winters,HUANUCO
2014-12-01,1.8843780675921986,1.4429530358526677,holt_winters,HUANUCO
2014-12-08,1.9720235591081152,1.2719187400199286,holt_winters,HUANUCO
2014-12-15,2.147314542139948,1.9168637477093668,holt_winters,HUANUCO
2014-12-22,2.0158463048660735,2.0309025614893326,holt_winters,HUANUCO
2014-12-29,2.804655728509321,2.2973137799446324,holt_winters,HUANUCO
2015-01-05,2.629560111565066,2.6734386110758974,holt_winters,HUANUCO
2015-01-12,2.3667278322640253,2.366331649731138,holt_winters,HUANUCO
2015-01-19,1.4465804154052881,2.0419847360355643,holt_winters,HUANUCO
2015-01-26,1.5342519557328818,1.4735293917845698,holt_winters,HUANUCO
2015-02-02,1.7095950363880688,1.2566288456248356,holt_winters,HUANUCO
2015-02-09,1.5342519557328815,1.6983933409888365,holt_winters,HUANUCO
2015-02-16,1.3150731049138977,1.5153172157212458,holt_winters,HUANUCO
2015-02-23,1.3150731049138977,1.6773952341265346,holt_winters,HUANUCO
2015-03-02,1.8411023468794585,1.7375452292377316,holt_winters,HUANUCO
2015-03-09,1.972609657370849,2.168916941935479,holt_winters,HUANUCO
2015-03-16,2.104116967862239,2.5625438909038936,holt_winters,HUANUCO
2015-03-23,2.0164454275346455,2.7741349746560555,holt_winters,HUANUCO
2015-03-30,2.4548031291726136,3.08369703720381,holt_winters,HUANUCO
2015-04-06,3.068503911465768,2.570692419291971,holt_winters,HUANUCO
2015-04-13,3.8575477744141096,3.3813282939144442,holt_winters,HUANUCO
2015-04-20,4.7342631776900435,3.8346579833041408,holt_winters,HUANUCO
2015-04-27,4.909606258345231,4.3313472257838175,holt_winters,HUANUCO
2015-05-04,5.3041281898194015,5.078198460285133,holt_winters,HUANUCO
2015-05-11,5.260292419655605,5.586932127710341,holt_winters,HUANUCO
2015-05-18,5.347963959983198,6.017461504190926,holt_winters,HUANUCO
2015-05-25,5.567142810802181,5.64256991340435,holt_winters,HUANUCO
2015-06-01,4.909606258345231,5.559931287558151,holt_winters,HUANUCO
2015-06-08,5.216456649491808,5.426977533908635,holt_winters,HUANUCO
2015-06-15,5.260292419655605,5.631868646512468,holt_winters,HUANUCO
2015-06-22,5.347963959983198,5.447795954495167,holt_winters,HUANUCO
2015-06-29,4.383577016379669,5.109684861756778,holt_winters,HUANUCO
2015-07-06,3.901383544577906,4.653297137663742,holt_winters,HUANUCO
2015-07-13,3.8575477744141096,4.209611702673939,holt_winters,HUANUCO
2015-07-20,3.8137120042503128,3.608097415570203,holt_winters,HUANUCO
2015-07-27,2.8493250606467844,3.6160197961193794,holt_winters,HUANUCO
2015-08-03,2.542474669500207,3.5090358673890116,holt_winters,HUANUCO
2015-08-10,2.3232958186812236,3.2079831869000035,holt_winters,HUANUCO
2015-08-17,2.3232958186812236,2.5414380140386665,holt_winters,HUANUCO
2015-08-24,1.9287738872070526,1.595928393904785,holt_winters,HUANUCO
2015-08-31,2.016445427534646,1.591136860441124,holt_winters,HUANUCO
2015-09-07,1.7534308065518658,1.736502994539317,holt_winters,HUANUCO
2015-09-14,1.6219234960604754,1.7253512075035513,holt_winters,HUANUCO
2015-09-21,1.4904161855690852,1.6747931485295124,holt_winters,HUANUCO
2015-09-28,1.5780877258966788,1.7687060954618152,holt_winters,HUANUCO
2015-10-05,1.5780877258966788,1.939973009836697,holt_winters,HUANUCO
2015-10-12,1.2274015645863048,1.6963942089387263,holt_winters,HUANUCO
2015-10-19,1.2274015645863048,1.336246715839911,holt_winters,HUANUCO
2015-10-26,1.2712373347501016,1.305401025912072,holt_winters,HUANUCO
2015-11-02,1.4465804154052886,1.471689123027593,holt_winters,HUANUCO
2015-11-09,1.841102346879459,1.4223679748055849,holt_winters,HUANUCO
2015-11-16,2.191788508189833,1.9692618620097373,holt_winters,HUANUCO
2015-11-23,2.323295818681223,2.1368062124304856,holt_winters,HUANUCO
2015-11-30,1.7095950363880688,2.0355752463550987,holt_winters,HUANUCO
2015-12-07,1.4027446452414918,1.910258765372009,holt_winters,HUANUCO
2015-12-14,1.4465804154052886,1.4298735151479773,holt_winters,HUANUCO
2015-12-21,1.709595036388073,1.7424678780908416,holt_winters,HUANUCO
2015-12-28,1.1397300242587114,2.065526037337019,holt_winters,HUANUCO
2016-01-04,1.402992256091812,2.321476581385575,holt_winters,HUANUCO
2016-01-11,1.2277664647867768,1.1658799696965976,holt_winters,HUANUCO
2016-01-18,1.5785568832972856,0.7404439896907403,holt_winters,HUANUCO
2016-01-25,1.447010476355845,0.2885294840827515,holt_winters,HUANUCO
2016-02-01,1.3593128717282177,0.13259608059805128,holt_winters,HUANUCO
2016-02-08,1.973196104121608,1.2224977026061583,holt_winters,HUANUCO
2016-02-15,1.534708080983472,1.0839446754292485,holt_winters,HUANUCO
2016-02-22,1.622405685611099,1.2318945980754807,holt_winters,HUANUCO
2016-02-29,1.4908592786696584,1.3602672817726102,holt_winters,HUANUCO
2016-03-07,2.104742511063048,1.8829188864120927,holt_winters,HUANUCO
2016-03-14,2.411684127259744,2.295972372598601,holt_winters,HUANUCO
2016-03-21,1.8854984994939807,2.473328997475701,holt_winters,HUANUCO
2016-03-28,1.3593128717282177,2.8091911777966887,holt_winters,HUANUCO
2016-04-04,1.5785568832972856,1.5136252986170355,holt_winters,HUANUCO
2016-04-11,2.3678353249459305,2.396179308359375,holt_winters,HUANUCO
2016-04-18,2.4993817318873712,3.0060589026824758,holt_winters,HUANUCO
2016-04-25,2.36783532494593,3.2645218848605744,holt_winters,HUANUCO
2016-05-02,1.929347301807794,2.401690150699674,holt_winters,HUANUCO
2016-05-09,2.1485913133768624,2.7160553334681423,holt_winters,HUANUCO
2016-05-16,2.8940209527116934,3.056996497774617,holt_winters,HUANUCO
2016-05-23,4.297182626753728,2.7832916911579058,holt_winters,HUANUCO
2016-05-30,5.393402684599068,4.222242113012831,holt_winters,HUANUCO
2016-06-06,6.314227533189154,4.180189628277349,holt_winters,HUANUCO
2016-06-13,7.103505974837798,4.236393303948442,holt_winters,HUANUCO
2016-06-20,7.278901184093052,4.074967408450773,holt_winters,HUANUCO
2016-06-27,6.007285916992458,6.974010490225352,holt_winters,HUANUCO
2016-07-04,4.297182626753728,6.5371142847958374,holt_winters,HUANUCO
2016-07-11,3.6394505920465243,6.0092464755025645,holt_winters,HUANUCO
2016-07-18,3.420206580477456,5.510122372367875,holt_winters,HUANUCO
2016-07-25,2.718625743456439,2.954616005015505,holt_winters,HUANUCO
2016-08-01,2.323986522632116,2.8824713572624883,holt_winters,HUANUCO
2016-08-08,2.3239865226321164,2.6592401315625507,holt_winters,HUANUCO
2016-08-15,2.9817185573393203,2.252011569274665,holt_winters,HUANUCO
2016-08-22,2.630928138828811,2.4084391148061863,holt_winters,HUANUCO
2016-08-29,2.3678353249459296,2.402362247073663,holt_winters,HUANUCO
2016-09-05,1.9731961041216077,2.3792913143824284,holt_winters,HUANUCO
2016-09-12,1.8854984994939803,2.372403096379772,holt_winters,HUANUCO
2016-09-19,3.3325089758498287,1.909648725736988,holt_winters,HUANUCO
2016-09-26,5.17415867303,1.983142713103681,holt_winters,HUANUCO
2016-10-03,5.744193103109577,2.1180459532353373,holt_winters,HUANUCO
2016-10-10,4.428729033695169,1.788533643407347,holt_winters,HUANUCO
2016-10-17,3.0694161619669473,4.533971857962018,holt_winters,HUANUCO
2016-10-24,2.8501721503978796,4.455953495743648,holt_winters,HUANUCO
2016-10-31,3.1571137665945748,4.624260324327569,holt_winters,HUANUCO
2016-11-07,2.7624745457702526,4.661741476111746,holt_winters,HUANUCO
2016-11-14,2.674776941142625,3.0481157435884736,holt_winters,HUANUCO
2016-11-21,2.2801377203183026,3.2075639479352422,holt_winters,HUANUCO
2016-11-28,3.595601789732711,2.9252361483468827,holt_winters,HUANUCO
2016-12-05,4.56027544063661,2.815097595863624,holt_winters,HUANUCO
2016-12-12,4.428729033695169,4.690365840979569,holt_winters,HUANUCO
2016-12-19,3.1132649642807606,4.89519972959668,holt_winters,HUANUCO
2016-12-26,2.104742511063048,5.034468735664436,holt_winters,HUANUCO
2017-01-02,2.3242342807530956,5.307111894597103,holt_winters,HUANUCO
2017-01-09,1.9297124190387105,2.243126830735638,holt_winters,HUANUCO
2017-01-16,1.7544736885967058,1.9425126214552813,holt_winters,HUANUCO
2017-01-23,1.140407897587857,1.566270513616047,holt_winters,HUANUCO
2017-01-30,1.1404078975878573,1.5098917832017609,holt_winters,HUANUCO
2017-02-06,1.140407897587857,1.2320303574209654,holt_winters,HUANUCO
2017-02-13,1.4474407930922812,0.8937249564821439,holt_winters,HUANUCO
2017-02-20,1.5790263197370396,1.0135876231400753,holt_winters,HUANUCO
2017-02-27,1.7544736885967058,1.1251599941166401,holt_winters,HUANUCO
2017-03-06,1.6667500041668701,2.1597880835487087,holt_winters,HUANUCO
2017-03-13,1.6667500041668701,2.5677277778393486,holt_winters,HUANUCO
2017-03-20,1.6228881619519522,2.6269288031774787,holt_winters,HUANUCO
2017-03-27,2.587848690680143,2.7316028692937473,holt_winters,HUANUCO
2017-04-03,3.5528092194083336,2.723271417175423,holt_winters,HUANUCO
2017-04-10,3.772118430482923,3.6005887853115537,holt_winters,HUANUCO
2017-04-17,4.03528948377243,4.152315743251005,holt_winters,HUANUCO
2017-04-24,3.9037039571276764,4.350659784455927,holt_winters,HUANUCO
2017-05-01,4.8686644858558665,3.8434153109738203,holt_winters,HUANUCO
2017-05-08,3.9475657993425934,4.026080482421003,holt_winters,HUANUCO
2017-05-15,3.684394746053087,4.448293832645263,holt_winters,HUANUCO
2017-05-22,2.763296059539814,4.548769555298611,holt_winters,HUANUCO
2017-05-29,3.1141907972591567,2.754612754191655,holt_winters,HUANUCO
2017-06-05,2.8948815861845674,2.8331272159331746,holt_winters,HUANUCO
2017-06-12,2.9387434283994853,3.1892045478818543,holt_winters,HUANUCO
2017-06-19,2.45626316403539,3.2008135148775185,holt_winters,HUANUCO
2017-06-26,1.9737828996712947,2.0118078320955886,holt_winters,HUANUCO
2017-07-03,1.5351644775221172,1.3694845481615578,holt_winters,HUANUCO
2017-07-10,1.6667500041668706,0.8819103429106242,holt_winters,HUANUCO
2017-07-17,1.886059215241459,0.39158280013800184,holt_winters,HUANUCO
2017-07-24,2.105368426316048,1.3017701587756643,holt_winters,HUANUCO
2017-07-31,1.842197373026541,1.1674057133927696,holt_winters,HUANUCO
2017-08-07,1.7983355308116236,1.1773195784619368,holt_winters,HUANUCO
2017-08-14,1.4035789508773637,1.0711100211895213,holt_winters,HUANUCO
2017-08-21,1.4913026353071992,1.0848291261888772,holt_winters,HUANUCO
2017-08-28,1.3158552664475283,1.0297125580985962,holt_winters,HUANUCO
2017-09-04,1.1842697398027748,0.9139097384433631,holt_winters,HUANUCO
2017-09-11,1.0526842131580216,0.8425914635130137,holt_winters,HUANUCO
2017-09-18,1.140407897587857,1.51115166724355,holt_winters,HUANUCO
2017-09-25,1.359717108662446,1.9165669790627293,holt_winters,HUANUCO
2017-10-02,1.6228881619519526,2.1389069680188144,holt_winters,HUANUCO
2017-10-09,1.5790263197370347,1.5557488162893829,holt_winters,HUANUCO
2017-10-16,1.535164477522117,1.3805675964205364,holt_winters,HUANUCO
2017-10-23,1.140407897587857,1.1947525431388264,holt_winters,HUANUCO
2017-10-30,1.3158552664475283,1.3789118730658099,holt_winters,HUANUCO
2017-11-06,1.579026319737035,1.345547751926475,holt_winters,HUANUCO
2017-11-13,1.7106118463817879,1.7638560133312742,holt_winters,HUANUCO
2017-11-20,1.5790263197370347,1.8382526583908911,holt_winters,HUANUCO
2017-11-27,1.315855266447528,1.8891540896365409,holt_winters,HUANUCO
2017-12-04,1.886059215241459,1.9334192444462575,holt_winters,HUANUCO
2017-12-11,2.1053684263160477,1.90952238723213,holt_winters,HUANUCO
2017-12-18,2.500125006250308,1.754199129953801,holt_winters,HUANUCO
2017-12-25,1.9737828996712947,1.6354699481779724,holt_winters,HUANUCO
2018-01-01,2.0641071400776574,1.7094772498492323,holt_winters,HUANUCO
2018-01-08,2.022701378507237,1.8316008796100078,holt_winters,HUANUCO
2018-01-15,2.1563095598004,1.5710970822749593,holt_winters,HUANUCO
2018-01-22,1.4522084790492478,1.2306137835612672,holt_winters,HUANUCO
2018-01-29,0.9241326684858829,1.1524858144280115,holt_winters,HUANUCO
2018-02-05,0.836120033391989,1.0916114519534643,holt_winters,HUANUCO
2018-02-12,1.0561516211267243,0.8643364774227318,holt_winters,HUANUCO
2018-02-19,1.0561516211267243,0.8410268463399979,holt_winters,HUANUCO
2018-02-26,0.7481073982980949,0.9407910717326164,holt_winters,HUANUCO
2018-03-05,0.9241326684858832,1.0141873233123981,holt_winters,HUANUCO
2018-03-12,1.0561516211267241,1.2682948960049287,holt_winters,HUANUCO
2018-03-19,1.4962147965961947,1.182818762967888,holt_winters,HUANUCO
2018-03-26,1.8922716545187181,1.3833275763089177,holt_winters,HUANUCO
2018-04-02,1.9802842896126123,2.4234701362550335,holt_winters,HUANUCO
2018-04-09,1.848265336971771,3.1069525417998416,holt_winters,HUANUCO
2018-04-16,1.71624638433093,3.5791524377172332,holt_winters,HUANUCO
2018-04-23,1.9802842896126123,3.698202675420406,holt_winters,HUANUCO
2018-04-30,2.7723980054576587,2.424296246561587,holt_winters,HUANUCO
2018-05-07,3.476499086208811,2.439931706811291,holt_winters,HUANUCO
2018-05-14,6.4249223618542635,2.832232145018761,holt_winters,HUANUCO
2018-05-21,6.864985537323733,2.8678710553738442,holt_winters,HUANUCO
2018-05-28,6.7329665846828926,6.932632610667385,holt_winters,HUANUCO
2018-06-04,5.060726517898904,6.935523960738275,holt_winters,HUANUCO
2018-06-11,6.1168781390256335,7.357002808055562,holt_winters,HUANUCO
2018-06-18,8.669244556748561,7.431434196072557,holt_winters,HUANUCO
2018-06-25,9.109307732218031,8.056598703285628,holt_winters,HUANUCO
2018-07-02,7.481073982980991,7.236229903333854,holt_winters,HUANUCO
2018-07-09,5.8088339161970035,6.827445384384359,holt_winters,HUANUCO
2018-07-16,5.060726517898904,6.467400771625549,holt_winters,HUANUCO
2018-07-23,5.544796010915323,4.6154385120837595,holt_winters,HUANUCO
2018-07-30,4.488644389788593,4.352719879551288,holt_winters,HUANUCO
2018-08-06,3.740536991490494,4.291904578333664,holt_winters,HUANUCO
2018-08-13,2.7723980054576582,4.2753486378060765,holt_winters,HUANUCO
2018-08-20,2.288328512441241,2.5418699539096887,holt_winters,HUANUCO
2018-08-27,1.8922716545187175,2.492311953005704,holt_winters,HUANUCO
2018-09-03,1.7162463843309295,2.31939537816074,holt_winters,HUANUCO
2018-09-10,1.5842274316900935,2.154659997669303,holt_winters,HUANUCO
2018-09-17,1.7162463843309295,1.9232561112773796,holt_winters,HUANUCO
2018-09-24,1.540221114143141,2.317632893254476,holt_winters,HUANUCO
2018-10-01,1.4962147965961943,2.6591897795084325,holt_winters,HUANUCO
2018-10-08,1.5402211141431412,2.1608199171914024,holt_winters,HUANUCO
2018-10-15,2.332334829988188,1.2948288000977313,holt_winters,HUANUCO
2018-10-22,2.376341147535135,1.0307213590578117,holt_winters,HUANUCO
2018-10-29,2.2883285124412405,1.2430957227193549,holt_winters,HUANUCO
2018-11-05,2.0242906071595583,1.2650329474459017,holt_winters,HUANUCO
2018-11-12,2.1563095598003996,2.167028086436344,holt_winters,HUANUCO
2018-11-19,2.5523664177229226,2.141866460938858,holt_winters,HUANUCO
2018-11-26,2.1563095598003996,2.295386624572647,holt_winters,HUANUCO
2018-12-03,2.59637273526987,2.4799848677762486,holt_winters,HUANUCO
2018-12-10,2.3763411475351344,2.678249927438657,holt_winters,HUANUCO
2018-12-17,2.4203474650820813,2.4606187629244,holt_winters,HUANUCO
2018-12-24,2.0682969247065053,2.3064022687877377,holt_winters,HUANUCO
2018-12-31,2.0242906071595583,2.3987207035289013,holt_winters,HUANUCO
2019-01-07,1.9787655422906347,1.8050518976841097,holt_winters,HUANUCO
2019-01-14,1.8448136385127327,1.5493241341639499,holt_winters,HUANUCO
2019-01-21,1.4037839874747318,1.2628312062081717,holt_winters,HUANUCO
2019-01-28,1.272179238648975,1.256261282450338,holt_winters,HUANUCO
2019-02-04,1.2283109890403894,1.3578467511312184,holt_winters,HUANUCO
2019-02-11,1.4037839874747318,1.2955891059829452,holt_winters,HUANUCO
2019-02-18,1.4915204866919025,1.3628037691190336,holt_winters,HUANUCO
2019-02-25,2.017939481994929,1.4563249596835879,holt_winters,HUANUCO
2019-03-04,2.2372807300378565,2.220507930139862,holt_winters,HUANUCO
2019-03-11,2.588226726906541,2.2954254169665527,holt_winters,HUANUCO
2019-03-18,1.9740712323863434,2.335260001435493,holt_winters,HUANUCO
2019-03-25,1.4476522370833171,2.6135485064243644,holt_winters,HUANUCO
2019-04-01,1.6231252355176593,1.9195027516476415,holt_winters,HUANUCO
2019-04-08,1.8863347331691724,2.2537236065812953,holt_winters,HUANUCO
2019-04-15,2.544358477297956,2.5158898722059746,holt_winters,HUANUCO
2019-04-22,2.6759632261237125,2.645235164452509,holt_winters,HUANUCO
2019-04-29,3.070777472600982,3.1061660359283194,holt_winters,HUANUCO
2019-05-06,2.9830409733838112,3.2692788551775624,holt_winters,HUANUCO
2019-05-13,3.0269092229923964,4.021357059842039,holt_winters,HUANUCO
2019-05-20,3.0269092229923964,4.192465065643647,holt_winters,HUANUCO
2019-05-27,3.421723469469672,3.2017191507167047,holt_winters,HUANUCO
2019-06-03,3.3778552198610807,3.02708817478129,holt_winters,HUANUCO
2019-06-10,2.851436224558054,3.5239143502512578,holt_winters,HUANUCO
2019-06-17,2.3688854788636133,4.162742747028027,holt_winters,HUANUCO
2019-06-24,2.368885478863614,1.8131460131353603,holt_winters,HUANUCO
2019-07-01,2.6759632261237125,0.8403668077981519,holt_winters,HUANUCO
2019-07-08,2.851436224558055,0.17292123553714767,holt_winters,HUANUCO
2019-07-15,2.5443584772979557,0.0,holt_winters,HUANUCO
2019-07-22,2.412753728472199,2.310285125666977,holt_winters,HUANUCO
2019-07-29,2.281148979646442,1.9130594243285266,holt_winters,HUANUCO
2019-08-05,2.368885478863614,1.6298044756758807,holt_winters,HUANUCO
2019-08-12,1.9740712323863436,1.388213066040251,holt_winters,HUANUCO
2019-08-19,1.974071232386344,1.690853033887703,holt_winters,HUANUCO
2019-08-26,1.3599157378661462,1.5761324890451602,holt_winters,HUANUCO
2019-09-02,1.754729984343416,1.417800580188757,holt_winters,HUANUCO
2019-09-09,1.4476522370833171,1.1982379932873157,holt_winters,HUANUCO
2019-09-16,2.368885478863614,1.8324330517138434,holt_winters,HUANUCO
2019-09-23,2.325017229255028,2.1884222739078543,holt_winters,HUANUCO
2019-09-30,2.456621978080785,2.448130173759984,holt_winters,HUANUCO
2019-10-07,2.061807731603515,2.050412979349356,holt_winters,HUANUCO
2019-10-14,1.7985982339520017,1.9066797346732705,holt_winters,HUANUCO
2019-10-21,1.7108617347348305,1.729831527825705,holt_winters,HUANUCO
2019-10-28,1.272179238648975,1.8720002602451764,holt_winters,HUANUCO
2019-11-04,1.754729984343416,1.8256604974554955,holt_winters,HUANUCO
2019-11-11,2.1056759812121,1.8907867091887167,holt_winters,HUANUCO
2019-11-18,2.7636997253408833,1.898372113022779,holt_winters,HUANUCO
2019-11-25,2.1934124804292714,1.926665934976489,holt_winters,HUANUCO
2019-12-02,1.9740712323863434,2.257070471101416,holt_winters,HUANUCO
2019-12-09,1.842466483560587,1.9590881723178126,holt_winters,HUANUCO
2019-12-16,1.7985982339520012,1.764719772077593,holt_winters,HUANUCO
2019-12-23,2.3688854788636133,1.3959921949252299,holt_winters,HUANUCO
2019-12-30,2.2372807300378565,1.4398140825775383,holt_winters,HUANUCO
2020-01-06,2.6316869142669534,2.0730354222741676,holt_winters,HUANUCO
2020-01-13,1.9295548839130123,1.9271928028066998,holt_winters,HUANUCO
2020-01-20,1.7537698378771258,1.5696759006067744,holt_winters,HUANUCO
2020-01-27,1.4030158703016997,1.458311130237384,holt_winters,HUANUCO
2020-02-03,1.4468601162486276,1.5259847180807087,holt_winters,HUANUCO
2020-02-10,1.4468601162486279,1.5239191939701724,holt_winters,HUANUCO
2020-02-17,1.6660813459832695,1.5759087649320225,holt_winters,HUANUCO
2020-02-24,1.9729910676117672,1.7255993027891696,holt_winters,HUANUCO
2020-03-02,1.885302575717911,2.20743122752019,holt_winters,HUANUCO
2020-03-09,1.797614083824054,2.3521802049559946,holt_winters,HUANUCO
2020-03-16,1.4468601162486279,2.154858558325584,holt_winters,HUANUCO
2020-03-23,1.315327378407843,2.2801098461426013,holt_winters,HUANUCO
2020-03-30,0.9645734108324167,1.6884473706248495,holt_winters,HUANUCO
2020-04-06,0.6138194432569904,2.0446636780862266,holt_winters,HUANUCO
2020-04-13,0.5699751973100621,2.3823449326856325,holt_winters,HUANUCO
2020-04-20,0.5261309513631337,2.4283057308282405,holt_winters,HUANUCO
2020-04-27,0.4384424594692771,0.9615473932094845,holt_winters,HUANUCO
2020-05-04,0.21922122973463573,1.0195075766810462,holt_winters,HUANUCO
2020-05-11,0.13153273784077912,1.8051556530433195,holt_winters,HUANUCO
2020-05-18,0.1753769837877074,2.0974608845490494,holt_winters,HUANUCO
2020-05-25,0.1315327378407849,0.6191401962685037,holt_winters,HUANUCO
2020-06-01,0.08768849189385082,0.5047200188640895,holt_winters,HUANUCO
2020-06-08,0.043844245946922523,0.812170278857943,holt_winters,HUANUCO
2020-06-15,0.0,1.2074036326266977,holt_winters,HUANUCO
2020-06-22,0.0,0.0,holt_winters,HUANUCO
2020-06-29,0.043844245946922523,0.0,holt_winters,HUANUCO
2020-07-06,0.043844245946922523,0.0,holt_winters,HUANUCO
2020-07-13,0.08768849189385082,0.0,holt_winters,HUANUCO
2020-07-20,0.08768849189385082,0.06904172100559719,holt_winters,HUANUCO
2020-07-27,0.08768849189385082,0.0,holt_winters,HUANUCO
2020-08-03,0.3507539675754206,0.0,holt_winters,HUANUCO
2020-08-10,0.3945982135223489,0.0,holt_winters,HUANUCO
2020-08-17,0.4822867054162055,0.23407987301013194,holt_winters,HUANUCO
2020-08-24,0.1753769837877074,0.0,holt_winters,HUANUCO
2020-08-31,0.1753769837877074,0.0,holt_winters,HUANUCO
2020-09-07,0.21922122973463573,0.0,holt_winters,HUANUCO
2020-09-14,0.3507539675754206,0.8944783970846972,holt_winters,HUANUCO
2020-09-21,0.3507539675754206,1.3220625619108024,holt_winters,HUANUCO
2020-09-28,0.3945982135223489,1.5396845758806585,holt_winters,HUANUCO
2020-10-05,0.3945982135223489,1.1543346943935238,holt_winters,HUANUCO
2020-10-12,0.6138194432569903,0.18572131985627421,holt_winters,HUANUCO
2020-10-19,0.48228670541620544,0.03962076136363302,holt_winters,HUANUCO
2020-10-26,0.39459821352234886,0.048568597151700144,holt_winters,HUANUCO
2020-11-02,0.263065475681564,0.13248965870999452,holt_winters,HUANUCO
2020-11-09,0.3945982135223489,0.3983540665001202,holt_winters,HUANUCO
2020-11-16,0.4822867054162055,0.5811984439484257,holt_winters,HUANUCO
2020-11-23,0.3507539675754206,0.5168772441024883,holt_winters,HUANUCO
2020-11-30,0.263065475681564,0.8400484769133563,holt_winters,HUANUCO
2020-12-07,0.13153273784077912,0.19660783050454445,holt_winters,HUANUCO
2020-12-14,0.1753769837877074,0.012626904389972375,holt_winters,HUANUCO
2020-12-21,0.13153273784077912,0.0,holt_winters,HUANUCO
2020-12-28,0.21922122973463573,0.0,holt_winters,HUANUCO
2021-01-04,0.2633864962003074,0.21349679368447624,holt_winters,HUANUCO
2021-01-11,0.43929851418592625,0.04868424823478912,holt_winters,HUANUCO
2021-01-18,0.5274150334381074,0.0,holt_winters,HUANUCO
2021-01-25,0.48346378065159795,0.0,holt_winters,HUANUCO
2021-02-01,0.3955612750785791,0.50371589879872,holt_winters,HUANUCO
2021-02-08,0.2637075167190508,0.6402945423125845,holt_winters,HUANUCO
2021-02-15,0.3076587695055602,0.8125890013669408,holt_winters,HUANUCO
2021-02-22,0.17580501114603195,0.9801086572782276,holt_winters,HUANUCO
2021-03-01,0.21975626393254136,0.22604304463969638,holt_winters,HUANUCO
2021-03-08,0.395561275078579,0.380888450681549,holt_winters,HUANUCO
2021-03-15,0.7471712973706545,0.1745490333427273,holt_winters,HUANUCO
2021-03-22,0.7911225501571638,0.22118398581432952,holt_winters,HUANUCO
2021-03-29,0.9669275613032017,1.0256208899679429,holt_winters,HUANUCO
2021-04-05,1.0548300668762205,1.1301485896115677,holt_winters,HUANUCO
2021-04-12,1.406440089168296,1.2645936040328754,holt_winters,HUANUCO
2021-04-19,1.4064400891682958,1.2512761921451194,holt_winters,HUANUCO
2021-04-26,1.0548300668762205,1.9435226295923345,holt_winters,HUANUCO
2021-05-03,0.8790250557301827,1.7533622919048972,holt_winters,HUANUCO
2021-05-10,0.7471712973706545,2.3301415289411564,holt_winters,HUANUCO
2021-05-17,0.7911225501571639,2.445651426290545,holt_winters,HUANUCO
2021-05-24,0.879025055730183,0.9231812813278639,holt_winters,HUANUCO
2021-05-31,1.09878131966273,0.6573344704673294,holt_winters,HUANUCO
2021-06-07,1.5822451003143339,0.8822199245730998,holt_winters,HUANUCO
2021-06-14,1.5382938475278243,1.1992808037688594,holt_winters,HUANUCO
2021-06-21,1.1866838252357488,1.532372156265633,holt_winters,HUANUCO
2021-06-28,0.8350738029436734,0.9766908736065076,holt_winters,HUANUCO
2021-07-05,0.5713662862246168,0.6767292287283768,holt_winters,HUANUCO
2021-07-12,0.6153175390111262,0.5591730861397023,holt_winters,HUANUCO
2021-07-19,0.35161002229206967,0.7752723772708889,holt_winters,HUANUCO
2021-07-26,0.4395125278650885,0.36638022735934306,holt_winters,HUANUCO
2021-08-02,0.26370751671905085,0.24730473095576083,holt_winters,HUANUCO
2021-08-09,0.483463780651598,0.012672538086017565,holt_winters,HUANUCO
2021-08-16,0.39556127507857913,0.4260576570233825,holt_winters,HUANUCO
2021-08-23,0.7471712973706546,0.05028579583016424,holt_winters,HUANUCO
2021-08-30,0.6153175390111263,0.0,holt_winters,HUANUCO
2021-09-06,0.7032200445841452,0.0,holt_winters,HUANUCO
2021-09-13,0.4395125278650886,1.058108632364165,holt_winters,HUANUCO
2021-09-20,0.4395125278650886,1.4041364335504227,holt_winters,HUANUCO
2021-09-27,0.483463780651598,1.5820017723819113,holt_winters,HUANUCO
2021-10-04,0.39556127507857913,1.230672512054525,holt_winters,HUANUCO
2021-10-11,0.6153175390111262,0.5805644171283811,holt_winters,HUANUCO
2021-10-18,0.5274150334381074,0.4385269570067974,holt_winters,HUANUCO
2021-10-25,0.6592687917976356,0.4265405264316018,holt_winters,HUANUCO
2021-11-01,1.0548300668762205,0.430927115745016,holt_winters,HUANUCO
2021-11-08,1.1866838252357488,1.269507799043192,holt_winters,HUANUCO
2021-11-15,1.0548300668762205,1.3941206957450631,holt_winters,HUANUCO
2021-11-22,0.6592687917976355,1.3876423347076983,holt_winters,HUANUCO
2021-11-29,0.7471712973706545,1.7247721437070072,holt_winters,HUANUCO
2021-12-06,0.8350738029436733,0.6635813521994435,holt_winters,HUANUCO
2021-12-13,0.6153175390111262,0.6537805661391709,holt_winters,HUANUCO
2021-12-20,0.4395125278650885,0.5136109748097293,holt_winters,HUANUCO
2021-12-27,0.5274150334381074,0.6630224911976331,holt_winters,HUANUCO
2022-01-03,0.5719255027476713,0.6109131845397181,holt_winters,HUANUCO
2022-01-10,0.7050840996609935,0.46649346204818665,holt_winters,HUANUCO
2022-01-17,0.794477849295491,0.09493415759220691,holt_winters,HUANUCO
2022-01-24,1.0151661407664623,0.0,holt_winters,HUANUCO
2022-01-31,1.1475791156490451,1.0276540670323318,holt_winters,HUANUCO
2022-02-07,0.8827531658838796,1.1503244584175767,holt_winters,HUANUCO
2022-02-14,0.8827531658838795,1.2543056759587652,holt_winters,HUANUCO
2022-02-21,0.6620648744129083,1.3746963014618845,holt_winters,HUANUCO
2022-02-28,1.456542723708405,0.7456247438041208,holt_winters,HUANUCO
2022-03-07,1.5006803820025993,0.7999578823177912,holt_winters,HUANUCO
2022-03-14,1.5448180402967935,0.7105133173975876,holt_winters,HUANUCO
2022-03-21,1.2358544322374336,0.8249940472788158,holt_winters,HUANUCO
2022-03-28,1.8537816483561533,1.258185280360929,holt_winters,HUANUCO
2022-04-04,2.3834335478864843,1.3159362433705655,holt_winters,HUANUCO
2022-04-11,2.5158465227690674,1.5720825062684605,holt_winters,HUANUCO
2022-04-18,2.824810130828427,1.6497297983005696,holt_winters,HUANUCO
2022-04-25,2.824810130828427,3.0332290249795797,holt_winters,HUANUCO
2022-05-02,3.0896360805935927,3.0916631189979022,holt_winters,HUANUCO
2022-05-09,2.824810130828427,3.750089474939735,holt_winters,HUANUCO
2022-05-16,2.95722310571101,3.7944517147693304,holt_winters,HUANUCO
2022-05-23,2.5599841810632618,3.0146991012335524,holt_winters,HUANUCO
2022-05-30,2.0303322815329308,2.685917329194904,holt_winters,HUANUCO
2022-06-06,1.5889556985909878,2.9064511012393774,holt_winters,HUANUCO
2022-06-13,1.6772310151793761,3.220060245570025,holt_winters,HUANUCO
2022-06-20,1.9420569649445418,1.632285186119767,holt_winters,HUANUCO
2022-06-27,2.295158231298096,1.1068984871490126,holt_winters,HUANUCO
2022-07-04,1.8537816483561533,0.6932491729575764,holt_winters,HUANUCO
2022-07-11,1.5889556985909878,0.47495431517562614,holt_winters,HUANUCO
2022-07-18,1.7655063317677648,1.6168707012976518,holt_winters,HUANUCO
2022-07-25,2.1627452564155134,1.3420049083257086,holt_winters,HUANUCO
2022-08-01,2.0744699398271247,1.2173100924191227,holt_winters,HUANUCO
2022-08-08,1.456542723708405,0.9179568819989352,holt_winters,HUANUCO
2022-08-15,1.0151661407664623,1.3432388931047703,holt_winters,HUANUCO
2022-08-22,0.7944778492954909,1.123641563211696,holt_winters,HUANUCO
2022-08-29,0.9268908241780739,1.1216441126073557,holt_winters,HUANUCO
2022-09-05,1.0593037990606566,1.0394657576323298,holt_winters,HUANUCO
2022-09-12,1.3682674071200165,1.301141139488984,holt_winters,HUANUCO
2022-09-19,1.1475791156490451,1.2834338503017129,holt_winters,HUANUCO
2022-09-26,1.2799920905316278,1.3574218466081982,holt_winters,HUANUCO
2022-10-03,1.0593037990606566,1.2502750398644598,holt_winters,HUANUCO
2022-10-10,0.9268908241780737,1.3006884245184427,holt_winters,HUANUCO
2022-10-17,0.7503401910012967,1.1700647451804214,holt_winters,HUANUCO
2022-10-24,1.2358544322374334,1.1095665748612011,holt_winters,HUANUCO
2022-10-31,1.4124050654142106,1.2595973737137118,holt_winters,HUANUCO
2022-11-07,1.5006803820025991,1.6114905992540969,holt_winters,HUANUCO
2022-11-14,1.1034414573548508,1.7896076620614498,holt_winters,HUANUCO
2022-11-21,1.015166140766462,1.4404422324317978,holt_winters,HUANUCO
2022-11-28,1.5006803820025991,1.600578617270168,holt_winters,HUANUCO
2022-12-05,1.7655063317677646,1.415256290396825,holt_winters,HUANUCO
2022-12-12,1.9420569649445418,1.4790321424492037,holt_winters,HUANUCO
2022-12-19,1.5448180402967935,1.3898052866915678,holt_winters,HUANUCO
2022-12-26,1.1034414573548508,1.4212650036670014,holt_winters,HUANUCO
2023-01-02,1.1058601942362243,1.1995010259223318,holt_winters,HUANUCO
2023-01-09,0.8863812712059397,1.1409727883971166,holt_winters,HUANUCO
2023-01-16,1.0207292355936215,0.9284535031681034,holt_winters,HUANUCO
2023-01-23,0.9763497036112897,0.7747550880724928,holt_winters,HUANUCO
2023-01-30,1.3757654914522746,0.9892195628905329,holt_winters,HUANUCO
2023-02-06,1.1982473635229478,0.9666116072626701,holt_winters,HUANUCO
2023-02-13,1.0207292355936215,1.0191511200395609,holt_winters,HUANUCO
2023-02-20,0.7544520436996317,1.0399502779995704,holt_winters,HUANUCO
2023-02-27,1.0207292355936215,1.0141969475458945,holt_winters,HUANUCO
2023-03-06,1.3313859594699429,1.0662727045946672,holt_winters,HUANUCO
2023-03-13,1.464524555416938,0.9791119057306037,holt_winters,HUANUCO
2023-03-20,1.908319875240254,0.8209323480583963,holt_winters,HUANUCO
2023-03-27,2.0414584711872488,2.0773310434255925,holt_winters,HUANUCO
2023-04-03,2.574012854975228,2.0857249335485086,holt_winters,HUANUCO
2023-04-10,3.017808174798544,2.2188779188295635,holt_winters,HUANUCO
2023-04-17,4.0385374103921725,2.3005801349462995,holt_winters,HUANUCO
2023-04-24,4.748609922109478,4.074834481655961,holt_winters,HUANUCO
2023-05-01,5.769339157703105,3.9771852346290113,holt_winters,HUANUCO
2023-05-08,5.63620056175611,4.326258538410789,holt_winters,HUANUCO
2023-05-15,5.9024777536501,4.339703539358044,holt_winters,HUANUCO
2023-05-22,5.991236817614763,5.976108517665098,holt_winters,HUANUCO
2023-05-29,7.1894841811377175,5.629571933774315,holt_winters,HUANUCO
2023-06-05,7.6332795009610335,5.789186883036903,holt_winters,HUANUCO
2023-06-12,7.322622777084711,6.246548504717596,holt_winters,HUANUCO
2023-06-19,6.390652605455748,7.388545640635145,holt_winters,HUANUCO
2023-06-26,5.813718689685437,7.498993925052473,holt_winters,HUANUCO
2023-07-03,4.881748518056472,7.346406119512615,holt_winters,HUANUCO
2023-07-10,4.393573666250824,7.325473472888006,holt_winters,HUANUCO
2023-07-17,3.372844430657197,4.133102200028667,holt_winters,HUANUCO
2023-07-24,3.5059830266041927,4.031980790909637,holt_winters,HUANUCO
2023-07-31,3.2840853666925347,3.9289708818788607,holt_winters,HUANUCO
2023-08-07,3.150946770745539,3.606667850795409,holt_winters,HUANUCO
2023-08-14,2.3077356630812385,2.9494199252919553,holt_winters,HUANUCO
2023-08-21,1.5976631513639326,2.6812519244293833,holt_winters,HUANUCO
2023-08-28,0.9763497036112897,2.6993444523664643,holt_winters,HUANUCO
2023-09-04,0.8875906396466263,2.6426692277131787,holt_winters,HUANUCO
2023-09-11,1.0651087675759527,0.9913688283558311,holt_winters,HUANUCO
2023-09-18,1.3313859594699426,0.7615906695420505,holt_winters,HUANUCO
2023-09-25,1.2870064274876112,0.7110355367963372,holt_winters,HUANUCO
2023-10-02,1.2870064274876112,0.49068102361200594,holt_winters,HUANUCO
2023-10-09,1.2870064274876112,1.3093829767925471,holt_winters,HUANUCO
2023-10-16,1.1982473635229478,1.2372224713973488,holt_winters,HUANUCO
2023-10-23,0.9763497036112897,1.251030087067506,holt_winters,HUANUCO
2023-10-30,1.1538678315406161,1.3940132252929738,holt_winters,HUANUCO
2023-11-06,1.2870064274876112,1.2993723175470662,holt_winters,HUANUCO
2023-11-13,1.5976631513639326,1.3658358928010246,holt_winters,HUANUCO
2023-11-20,1.908319875240254,1.0059693851435538,holt_winters,HUANUCO
2023-11-27,1.8639403432579222,1.1137436672564704,holt_winters,HUANUCO
2023-12-04,1.8639403432579222,1.9450940809374635,holt_winters,HUANUCO
2023-12-11,1.3757654914522746,2.0132680136893226,holt_winters,HUANUCO
2023-12-18,1.3313859594699429,1.9877136110369527,holt_winters,HUANUCO
2023-12-25,0.9319701716289582,1.9425297658514216,holt_winters,HUANUCO
2004-12-27,5.321521359820077,8.348795942748614,arima,HUANUCO
2005-01-03,6.416900474322055,8.615407343226048,arima,HUANUCO
2005-01-10,5.846919610657637,8.530371192582919,arima,HUANUCO
2005-01-17,8.212467239396988,8.651500831995097,arima,HUANUCO
2005-01-24,7.498339653362467,8.291346029395125,arima,HUANUCO
2005-01-31,6.650313144946473,9.134370560832934,arima,HUANUCO
2005-02-07,6.561047196692158,8.854124868807531,arima,HUANUCO
2005-02-14,5.534488791767536,9.26770021267801,arima,HUANUCO
2005-02-21,5.0881590504959595,5.11930193223767,arima,HUANUCO
2005-02-28,4.731095257478699,4.903730989062613,arima,HUANUCO
2005-03-07,4.954260128114487,4.83282603835793,arima,HUANUCO
2005-03-14,5.98081853303911,4.781994152618026,arima,HUANUCO
2005-03-21,5.8022866365304795,6.330907014374578,arima,HUANUCO
2005-03-28,6.561047196692158,6.567662959126071,arima,HUANUCO
2005-04-04,6.9627439638365765,6.608164293169559,arima,HUANUCO
2005-04-11,7.81077047225257,6.676564172181045,arima,HUANUCO
2005-04-18,8.301733187651303,7.9793277475367885,arima,HUANUCO
2005-04-25,8.123201291142673,8.214823531438753,arima,HUANUCO
2005-05-02,8.971227799558665,8.193466857977612,arima,HUANUCO
2005-05-09,9.908520256228975,8.281866722915018,arima,HUANUCO
2005-05-16,10.935078661153597,10.301675015657848,arima,HUANUCO
2005-05-23,11.559940298933803,10.468598357511226,arima,HUANUCO
2005-05-30,11.426041376552332,10.537928084093778,arima,HUANUCO
2005-06-06,10.220951075119077,10.567890673465763,arima,HUANUCO
2005-06-13,9.28365861844877,9.886414482235717,arima,HUANUCO
2005-06-20,8.435632110032776,9.614468097884224,arima,HUANUCO
2005-06-27,8.614164006541406,9.600785989572646,arima,HUANUCO
2005-07-04,8.301733187651301,9.518082448102257,arima,HUANUCO
2005-07-11,8.123201291142673,8.318900242567471,arima,HUANUCO
2005-07-18,8.16783426526983,8.213063851048366,arima,HUANUCO
2005-07-25,7.230541808599521,8.252712936711804,arima,HUANUCO
2005-08-01,7.587605601616782,8.205947495582103,arima,HUANUCO
2005-08-08,7.275174782726679,7.500202796169911,arima,HUANUCO
2005-08-15,7.141275860345206,7.644616358412496,arima,HUANUCO
2005-08-22,5.668387714149007,7.568604258571664,arima,HUANUCO
2005-08-29,5.400589869386061,7.640452325653674,arima,HUANUCO
2005-09-05,6.427148274310685,5.05024607756232,arima,HUANUCO
2005-09-12,7.052009912090891,5.070154244722886,arima,HUANUCO
2005-09-19,6.784212067327945,4.955322752506095,arima,HUANUCO
2005-09-26,6.87347801558226,4.995340792302378,arima,HUANUCO
2005-10-03,6.962743963836576,6.829834917158925,arima,HUANUCO
2005-10-10,7.007376937963733,6.869122332544614,arima,HUANUCO
2005-10-17,6.248616377802055,6.84463800061319,arima,HUANUCO
2005-10-24,6.69494611907363,6.863479984061142,arima,HUANUCO
2005-10-31,6.605680170819315,6.6740474674090935,arima,HUANUCO
2005-11-07,6.962743963836576,6.810792310207896,arima,HUANUCO
2005-11-14,7.007376937963734,6.763453546121879,arima,HUANUCO
2005-11-21,6.9627439638365765,6.817691815113453,arima,HUANUCO
2005-11-28,6.293249351929212,6.900572376416543,arima,HUANUCO
2005-12-05,5.489855817640376,6.906255568840408,arima,HUANUCO
2005-12-12,5.98081853303911,6.88631430449505,arima,HUANUCO
2005-12-19,6.025451507166267,6.89399991159438,arima,HUANUCO
2005-12-26,6.605680170819316,6.144799062801614,arima,HUANUCO
2006-01-02,6.802896056094311,6.119925088453034,arima,HUANUCO
2006-01-09,6.8725864539887285,6.160282040779848,arima,HUANUCO
2006-01-16,6.626659315492596,6.140944178836454,arima,HUANUCO
2006-01-23,6.0081711127132875,6.599194483893532,arima,HUANUCO
2006-01-30,5.5663938250137805,6.539840333140998,arima,HUANUCO
2006-02-06,4.5061283345349645,6.550614062486908,arima,HUANUCO
2006-02-13,3.7551069454458035,6.5309087178369545,arima,HUANUCO
2006-02-20,4.108528775605409,3.434337540978736,arima,HUANUCO
2006-02-27,5.080438808544323,3.322755805737981,arima,HUANUCO
2006-03-06,6.0965265702531894,3.267299844545696,arima,HUANUCO
2006-03-13,5.831460197633485,3.253113833241048,arima,HUANUCO
2006-03-20,5.5663938250137805,5.868656523815875,arima,HUANUCO
2006-03-27,4.815372435924619,5.783474457117306,arima,HUANUCO
2006-04-03,6.140704299023139,5.8201175803658485,arima,HUANUCO
2006-04-10,6.096526570253189,5.785120032812773,arima,HUANUCO
2006-04-17,7.2451475182719065,6.345172681723523,arima,HUANUCO
2006-04-24,6.759192501802448,6.254277941082857,arima,HUANUCO
2006-05-01,7.819457992281265,6.3495975418509625,arima,HUANUCO
2006-05-08,10.735188091098008,6.295000598723432,arima,HUANUCO
2006-05-15,12.85571907205564,11.528575801379233,arima,HUANUCO
2006-05-22,13.562562732374849,11.926178456046953,arima,HUANUCO
2006-05-29,12.723185885745787,11.971119216115891,arima,HUANUCO
2006-06-05,11.707098124036923,12.047353040812432,arima,HUANUCO
2006-06-12,12.76736361451574,11.389092898390128,arima,HUANUCO
2006-06-19,12.193053140506379,11.257056057517508,arima,HUANUCO
2006-06-26,12.016342225426577,11.227230370786785,arima,HUANUCO
2006-07-03,11.088609921257612,11.20600625258207,arima,HUANUCO
2006-07-10,10.3817662609384,10.994915098855737,arima,HUANUCO
2006-07-17,9.895811244468945,10.813520585783852,arima,HUANUCO
2006-07-24,8.835545753990129,10.859579414186914,arima,HUANUCO
2006-07-31,8.570479381370426,10.800006342100412,arima,HUANUCO
2006-08-07,8.658834838910325,8.400354478383084,arima,HUANUCO
2006-08-14,7.598569348431511,8.400249914857296,arima,HUANUCO
2006-08-21,6.670837044262547,8.357072515680022,arima,HUANUCO
2006-08-28,5.080438808544322,8.374109618678393,arima,HUANUCO
2006-09-04,5.478038367473879,4.685243445165454,arima,HUANUCO
2006-09-11,4.550306063304914,4.374332158432725,arima,HUANUCO
2006-09-18,4.373595148225111,4.363260449698736,arima,HUANUCO
2006-09-25,4.108528775605408,4.2818852992999314,arima,HUANUCO
2006-10-02,4.5061283345349645,4.158171431351523,arima,HUANUCO
2006-10-09,4.992083351004421,4.070461941010133,arima,HUANUCO
2006-10-16,5.080438808544323,4.111976651041709,arima,HUANUCO
2006-10-23,5.0362610797743725,4.074926905854378,arima,HUANUCO
2006-10-30,5.698927011323633,5.031269352453163,arima,HUANUCO
2006-11-06,5.478038367473879,5.020883006781145,arima,HUANUCO
2006-11-13,5.875637926403435,5.022834815046352,arima,HUANUCO
2006-11-20,5.478038367473879,5.019398476463962,arima,HUANUCO
2006-11-27,6.582481586722646,5.519258118546224,arima,HUANUCO
2006-12-04,6.538303857952695,5.397814665963253,arima,HUANUCO
2006-12-11,6.670837044262547,5.448117895147539,arima,HUANUCO
2006-12-18,6.449948400412793,5.398885503880763,arima,HUANUCO
2006-12-25,6.361592942872892,6.505961412791494,arima,HUANUCO
2007-01-01,6.209881972916986,6.428468300373567,arima,HUANUCO
2007-01-08,5.266539844850073,6.469892046083209,arima,HUANUCO
2007-01-15,5.204076322371097,6.4352151443380725,arima,HUANUCO
2007-01-22,4.6355637829524055,5.0562847314999,arima,HUANUCO
2007-01-29,5.160344588569658,5.090434847254691,arima,HUANUCO
2007-02-05,4.723027250555281,5.039774789505275,arima,HUANUCO
2007-02-12,5.291539789973972,5.066128986887834,arima,HUANUCO
2007-02-19,4.591832049150967,5.236178534306274,arima,HUANUCO
2007-02-26,4.679295516753842,5.406876868529063,arima,HUANUCO
2007-03-05,3.979587775930838,5.333738281817399,arima,HUANUCO
2007-03-12,3.760929106923648,5.404313223377709,arima,HUANUCO
2007-03-19,3.4548069703135837,3.529997222480808,arima,HUANUCO
2007-03-26,3.4548069703135837,3.5504771899908523,arima,HUANUCO
2007-04-02,3.673465639320773,3.481026067664276,arima,HUANUCO
2007-04-09,4.416905113945216,3.5104864576180677,arima,HUANUCO
2007-04-16,5.116612854768221,4.558162078373398,arima,HUANUCO
2007-04-23,6.253637933605604,4.703278855440253,arima,HUANUCO
2007-04-30,6.647223537818544,4.688444872668184,arima,HUANUCO
2007-05-07,8.30902942227318,4.731975603446247,arima,HUANUCO
2007-05-14,8.52768809128037,8.576501873045967,arima,HUANUCO
2007-05-21,9.271127565904813,8.93108114941154,arima,HUANUCO
2007-05-28,8.177834220868869,8.878729663808247,arima,HUANUCO
2007-06-04,8.440224623677494,8.99281982271236,arima,HUANUCO
2007-06-11,8.92127369549331,8.16572332794156,arima,HUANUCO
2007-06-18,9.31485929970625,8.333545420363308,arima,HUANUCO
2007-06-25,8.833810227890433,8.199379920314094,arima,HUANUCO
2007-07-02,7.5218582138473,8.292354439605836,arima,HUANUCO
2007-07-09,7.303199544840112,7.164347731787303,arima,HUANUCO
2007-07-16,7.128272609634361,6.920843562005644,arima,HUANUCO
2007-07-23,6.690955271619981,6.9051327517755325,arima,HUANUCO
2007-07-30,5.685125394186912,6.842379364561187,arima,HUANUCO
2007-08-06,6.078710998399853,5.460926368832576,arima,HUANUCO
2007-08-13,6.078710998399853,5.268976973935186,arima,HUANUCO
2007-08-20,7.040809142031485,5.279275695141828,arima,HUANUCO
2007-08-27,5.860052329392663,5.2227966998029265,arima,HUANUCO
2007-09-03,5.553930192782599,5.872386972584642,arima,HUANUCO
2007-09-10,4.023319509732275,5.532706473310305,arima,HUANUCO
2007-09-17,4.198246444938026,5.665605647517596,arima,HUANUCO
2007-09-24,4.723027250555281,5.518610643989232,arima,HUANUCO
2007-10-01,5.072881120966783,5.054084628602189,arima,HUANUCO
2007-10-08,5.379003257576848,5.079868234555968,arima,HUANUCO
2007-10-15,4.985417653363907,5.165141152124727,arima,HUANUCO
2007-10-22,5.116612854768221,5.14039504871657,arima,HUANUCO
2007-10-29,5.204076322371097,5.061154866940133,arima,HUANUCO
2007-11-05,5.772588861789788,5.119487914308189,arima,HUANUCO
2007-11-12,7.040809142031485,5.081803041715123,arima,HUANUCO
2007-11-19,6.428564868811354,5.112603228505648,arima,HUANUCO
2007-11-26,5.772588861789788,6.479337739392866,arima,HUANUCO
2007-12-03,4.766758984356718,6.293771108466042,arima,HUANUCO
2007-12-10,4.810490718158156,6.381014358732371,arima,HUANUCO
2007-12-17,5.204076322371097,6.296301372031256,arima,HUANUCO
2007-12-24,4.32944164634234,5.367858665317548,arima,HUANUCO
2007-12-31,4.766758984356718,5.401110919395663,arima,HUANUCO
2008-01-07,4.111146147283977,5.429510678420756,arima,HUANUCO
2008-01-14,5.161291424507668,5.426243981515496,arima,HUANUCO
2008-01-21,4.943151569713088,5.102695760224283,arima,HUANUCO
2008-01-28,5.380598611280618,5.389894435897583,arima,HUANUCO
2008-02-04,4.636938640615817,5.256336573358965,arima,HUANUCO
2008-02-11,4.549449232302312,5.383533890733806,arima,HUANUCO
2008-02-18,4.330725711518546,4.293981001682164,arima,HUANUCO
2008-02-25,4.24323630320504,4.377618435137818,arima,HUANUCO
2008-03-03,3.6308104450104977,4.276860089244782,arima,HUANUCO
2008-03-10,3.7182998533240035,4.340359819242245,arima,HUANUCO
2008-03-17,4.724428048929323,3.5940008436325193,arima,HUANUCO
2008-03-24,5.905535061161655,3.668706143129766,arima,HUANUCO
2008-03-31,6.474216215199443,3.605161852207447,arima,HUANUCO
2008-04-07,6.386726806885938,3.651146909640998,arima,HUANUCO
2008-04-14,6.56170562351295,6.398379685036953,arima,HUANUCO
2008-04-21,7.217876185864244,6.3706007587974,arima,HUANUCO
2008-04-28,8.486472606410082,6.385252542874319,arima,HUANUCO
2008-05-05,9.273877281231636,6.371859108402765,arima,HUANUCO
2008-05-12,9.930047843582933,9.580955965581017,arima,HUANUCO
2008-05-19,10.236260772680204,9.672957423668503,arima,HUANUCO
2008-05-26,10.32375018099371,9.720074315029745,arima,HUANUCO
2008-06-02,9.580090210328908,9.72627422956434,arima,HUANUCO
2008-06-09,8.180259677312813,9.485146482498894,arima,HUANUCO
2008-06-16,7.480344410804764,9.319240791619807,arima,HUANUCO
2008-06-23,7.261620890020999,9.35993006867139,arima,HUANUCO
2008-06-30,7.261620890020999,9.298025741801503,arima,HUANUCO
2008-07-07,7.874046748215541,7.2368204725383745,arima,HUANUCO
2008-07-14,7.042897369237234,7.246616034231023,arima,HUANUCO
2008-07-21,5.905535061161654,7.235723853852263,arima,HUANUCO
2008-07-28,4.855662161399581,7.242799982199254,arima,HUANUCO
2008-08-04,4.9431515697130886,4.588725473628274,arima,HUANUCO
2008-08-11,5.818045652848149,4.395161110662814,arima,HUANUCO
2008-08-18,6.474216215199443,4.395535576765962,arima,HUANUCO
2008-08-25,7.5678338191182695,4.340284002242285,arima,HUANUCO
2008-09-01,7.217876185864245,7.8068177002698995,arima,HUANUCO
2008-09-08,5.99302446947516,8.024354400744398,arima,HUANUCO
2008-09-15,4.4619598239888045,8.007599690526952,arima,HUANUCO
2008-09-22,4.1994915990482875,8.075874982957398,arima,HUANUCO
2008-09-29,4.286981007361793,3.928386427581153,arima,HUANUCO
2008-10-06,4.811917457242829,3.9536459746137433,arima,HUANUCO
2008-10-13,4.943151569713088,3.8638175175494003,arima,HUANUCO
2008-10-20,4.943151569713088,3.905401922411561,arima,HUANUCO
2008-10-27,4.811917457242829,4.904644928589877,arima,HUANUCO
2008-11-03,4.1994915990482875,4.919023717671655,arima,HUANUCO
2008-11-10,4.330725711518546,4.901978250763666,arima,HUANUCO
2008-11-17,3.9370233741077687,4.912703254188552,arima,HUANUCO
2008-11-24,4.505704528145558,3.955987524969151,arima,HUANUCO
2008-12-01,3.8057892616375093,3.8282975477619225,arima,HUANUCO
2008-12-08,3.893278669951016,3.8821664986030107,arima,HUANUCO
2008-12-15,3.2808528117564735,3.8227916314896926,arima,HUANUCO
2008-12-22,3.4995763325402387,3.3426147802833035,arima,HUANUCO
2008-12-29,4.855662161399581,3.1234619194858255,arima,HUANUCO
2009-01-05,4.855908744374845,3.2253383187452367,arima,HUANUCO
2009-01-12,4.374963581625824,3.1170268154451763,arima,HUANUCO
2009-01-19,2.6692186146930386,4.171211639278574,arima,HUANUCO
2009-01-26,2.625460932484956,4.089379028321525,arima,HUANUCO
2009-02-02,2.4504302036526253,4.0529475952195115,arima,HUANUCO
2009-02-09,2.494187885860708,4.039716664901747,arima,HUANUCO
2009-02-16,2.187884110404129,2.3440673894032393,arima,HUANUCO
2009-02-23,2.0128533815717984,2.41625491117889,arima,HUANUCO
2009-03-02,2.0128533815717984,2.3373363703641936,arima,HUANUCO
2009-03-09,2.7567339791092036,2.392129690490329,arima,HUANUCO
2009-03-16,3.238068483398113,2.8871916692591757,arima,HUANUCO
2009-03-23,3.4568568944385265,3.089008063422665,arima,HUANUCO
2009-03-30,4.0257067631436,3.05885935017916,arima,HUANUCO
2009-04-06,4.9446180895133365,3.137619702781197,arima,HUANUCO
2009-04-13,6.694925377836642,5.2361300081627045,arima,HUANUCO
2009-04-20,7.745109750830626,5.4449001242371855,arima,HUANUCO
2009-04-27,9.014082534865024,5.469436593838544,arima,HUANUCO
2009-05-04,8.707778759408447,5.531815426506479,arima,HUANUCO
2009-05-11,9.101597899281188,8.910732162664683,arima,HUANUCO
2009-05-18,9.45165935694585,8.729776541997762,arima,HUANUCO
2009-05-25,9.757963132402429,8.865840445934632,arima,HUANUCO
2009-06-01,9.276628628113519,8.753315331826599,arima,HUANUCO
2009-06-08,7.7888674330387095,9.26685091380342,arima,HUANUCO
2009-06-15,6.957471471085139,9.098452180193814,arima,HUANUCO
2009-06-22,5.688498687050742,9.153616164346612,arima,HUANUCO
2009-06-29,5.732256369258824,9.074295190711194,arima,HUANUCO
2009-07-06,4.4195259030163445,5.461337015013706,arima,HUANUCO
2009-07-13,4.4195259030163445,5.565201424712338,arima,HUANUCO
2009-07-20,3.6318876232708566,5.431033442217479,arima,HUANUCO
2009-07-27,4.113222127559766,5.512984346871639,arima,HUANUCO
2009-08-03,3.3693415300223606,3.8884748586997375,arima,HUANUCO
2009-08-10,3.3693415300223606,4.142987766339268,arima,HUANUCO
2009-08-17,2.975522390149616,3.9753156829105807,arima,HUANUCO
2009-08-24,3.1943108011900296,4.125836764508928,arima,HUANUCO
2009-08-31,2.800491661317286,3.030790632332029,arima,HUANUCO
2009-09-07,3.4568568944385256,3.1675496698548677,arima,HUANUCO
2009-09-14,3.631887623270856,3.060522094624813,arima,HUANUCO
2009-09-21,3.544372258854691,3.1476007498487073,arima,HUANUCO
2009-09-28,3.150553118981947,3.419802756762421,arima,HUANUCO
2009-10-05,3.0192800723576987,3.4279017146875845,arima,HUANUCO
2009-10-12,3.1943108011900296,3.3777596663111638,arima,HUANUCO
2009-10-19,2.53794556806879,3.397522406241385,arima,HUANUCO
2009-10-26,2.6254609324849554,2.439097890492208,arima,HUANUCO
2009-11-02,2.494187885860707,2.2191478748501625,arima,HUANUCO
2009-11-09,2.888007025733451,2.2527586143117064,arima,HUANUCO
2009-11-16,2.4066725214445417,2.15733481325266,arima,HUANUCO
2009-11-23,2.4066725214445417,2.481861649773016,arima,HUANUCO
2009-11-30,2.4504302036526244,2.2687837922988643,arima,HUANUCO
2009-12-07,2.888007025733451,2.367833765285714,arima,HUANUCO
2009-12-14,2.756733979109203,2.25202601518821,arima,HUANUCO
2009-12-21,2.494187885860707,2.8598345795950406,arima,HUANUCO
2009-12-28,1.4440035128667237,2.7805488446735516,arima,HUANUCO
2010-01-04,2.0132299684434756,2.8423343106450094,arima,HUANUCO
2010-01-11,2.494928073849867,2.7945868433302596,arima,HUANUCO
2010-01-18,3.3703414330954353,2.913825445187098,arima,HUANUCO
2010-01-25,2.8450934175480946,2.9884720256557022,arima,HUANUCO
2010-02-01,2.2760747340384744,3.1357731894378924,arima,HUANUCO
2010-02-08,2.1009920621893605,3.1239062379854614,arima,HUANUCO
2010-02-15,2.319845402000753,2.0670585677917126,arima,HUANUCO
2010-02-22,2.100992062189361,2.0076388918052226,arima,HUANUCO
2010-03-01,2.3636160699630318,2.0120265973112046,arima,HUANUCO
2010-03-08,2.713781413661259,1.9870740707016412,arima,HUANUCO
2010-03-15,3.5016534369822714,2.933679705468712,arima,HUANUCO
2010-03-22,3.545424104944549,3.0081188583746927,arima,HUANUCO
2010-03-29,3.6329654408691057,3.074202688296508,arima,HUANUCO
2010-04-05,3.939360116605055,3.0841527451935233,arima,HUANUCO
2010-04-12,4.858544143812902,4.101686508467853,arima,HUANUCO
2010-04-19,5.558874831209358,4.174247377939703,arima,HUANUCO
2010-04-26,5.865269506945307,4.216885995227592,arima,HUANUCO
2010-05-03,7.397242885625052,4.232759720814183,arima,HUANUCO
2010-05-10,8.185114908946064,7.862518569130314,arima,HUANUCO
2010-05-17,8.929216264304797,8.334877877120864,arima,HUANUCO
2010-05-24,9.323152275965304,8.377404179745161,arima,HUANUCO
2010-05-31,8.929216264304797,8.5538223150395,arima,HUANUCO
2010-06-07,9.191840272078467,8.812981114331706,arima,HUANUCO
2010-06-14,8.797904260417962,8.690187777352538,arima,HUANUCO
2010-06-21,9.366922943927582,8.680484146116958,arima,HUANUCO
2010-06-28,9.14806960411619,8.634256356086912,arima,HUANUCO
2010-07-05,8.403968248757456,9.330560114280072,arima,HUANUCO
2010-07-12,6.915765538039989,9.18503128640379,arima,HUANUCO
2010-07-19,6.565600194341761,9.304327553746608,arima,HUANUCO
2010-07-26,5.427562827322522,9.208191157813209,arima,HUANUCO
2010-08-02,5.9090401749075845,5.212315569242962,arima,HUANUCO
2010-08-09,5.252480155473408,4.8054985838522954,arima,HUANUCO
2010-08-16,4.5083788001146745,4.8386300284622905,arima,HUANUCO
2010-08-23,3.1077174253217645,4.66010764425009,arima,HUANUCO
2010-08-30,2.5386987418121447,2.7242089244235226,arima,HUANUCO
2010-09-06,2.4511574058875882,2.228901333103859,arima,HUANUCO
2010-09-13,2.8888640855103724,2.2064464037020906,arima,HUANUCO
2010-09-20,2.6262400777367017,1.9984835300967483,arima,HUANUCO
2010-09-27,2.6262400777367017,2.7053698331468956,arima,HUANUCO
2010-10-04,2.9764054214349294,2.569112545571184,arima,HUANUCO
2010-10-11,3.2828000971708775,2.6426660242146593,arima,HUANUCO
2010-10-18,3.457882769019992,2.562576471264958,arima,HUANUCO
2010-10-25,2.9326347534726502,3.566049328801429,arima,HUANUCO
2010-11-01,3.2390294292085997,3.6104228080970326,arima,HUANUCO
2010-11-08,3.414112101057713,3.6442791154129477,arima,HUANUCO
2010-11-15,3.370341433095435,3.6536767713671434,arima,HUANUCO
2010-11-22,3.1952587612463215,3.308936643723088,arima,HUANUCO
2010-11-29,3.50165343698227,3.307789160864087,arima,HUANUCO
2010-12-06,3.895589448642776,3.28163747055198,arima,HUANUCO
2010-12-13,3.589194772906827,3.288693688292072,arima,HUANUCO
2010-12-20,3.457882769019992,3.5400577984939927,arima,HUANUCO
2010-12-27,3.7205067767936626,3.4227713335210876,arima,HUANUCO
2011-01-03,3.6332123166836197,3.4356288216879878,arima,HUANUCO
2011-01-10,3.458454481432551,3.381566341768341,arima,HUANUCO
2011-01-17,3.1086399612602116,3.354183923744206,arima,HUANUCO
2011-01-24,3.152423622686412,3.310147439318323,arima,HUANUCO
2011-01-31,2.8897216541292106,3.2785332276732033,arima,HUANUCO
2011-02-07,2.495668701293408,3.2690051235747863,arima,HUANUCO
2011-02-14,2.80215433127681,2.2777788995860977,arima,HUANUCO
2011-02-21,3.021072638407811,2.1700782979267745,arima,HUANUCO
2011-02-28,2.9772889769816113,2.106850844563432,arima,HUANUCO
2011-03-07,2.7145870084244095,2.0784713173836464,arima,HUANUCO
2011-03-14,2.5832360241458088,2.631971378842576,arima,HUANUCO
2011-03-21,2.93350531555541,2.5422666989910154,arima,HUANUCO
2011-03-28,3.021072638407811,2.532778169902188,arima,HUANUCO
2011-04-04,3.6778275598008143,2.4966461170287633,arima,HUANUCO
2011-04-11,4.115664174062817,3.8430745540043607,arima,HUANUCO
2011-04-18,4.72863543402962,4.078907506043635,arima,HUANUCO
2011-04-25,4.991337402586821,4.082351648028561,arima,HUANUCO
2011-05-02,5.035121064013022,4.183119219246313,arima,HUANUCO
2011-05-09,5.998361615389427,5.031488921228129,arima,HUANUCO
2011-05-16,7.005385828192032,5.050953817968099,arima,HUANUCO
2011-05-23,7.443222442454034,5.043914498694328,arima,HUANUCO
2011-05-30,7.049169489618232,5.054103524098732,arima,HUANUCO
2011-06-06,6.698900198208631,6.987026874338511,arima,HUANUCO
2011-06-13,7.268087796749234,6.825929715817494,arima,HUANUCO
2011-06-20,6.786467521061031,6.841308812488123,arima,HUANUCO
2011-06-27,6.3048472453728275,6.764454906379273,arima,HUANUCO
2011-07-04,5.604308662553625,5.935435092763244,arima,HUANUCO
2011-07-11,5.516741339701224,5.826877630891086,arima,HUANUCO
2011-07-18,5.166472048291623,5.694544927054446,arima,HUANUCO
2011-07-25,5.341606693996423,5.683850188480963,arima,HUANUCO
2011-08-01,5.472957678275023,5.236542001086059,arima,HUANUCO
2011-08-08,5.516741339701224,5.345427776656295,arima,HUANUCO
2011-08-15,4.4659334654724185,5.267002510666297,arima,HUANUCO
2011-08-22,3.7216112212270147,5.338444129010289,arima,HUANUCO
2011-08-29,2.7145870084244095,3.1942598446168824,arima,HUANUCO
2011-09-05,2.8897216541292106,3.01604147843583,arima,HUANUCO
2011-09-12,3.1086399612602116,2.8333843038659237,arima,HUANUCO
2011-09-19,3.4589092526698137,2.8069846972214956,arima,HUANUCO
2011-09-26,3.4151255912436134,3.5044378273439887,arima,HUANUCO
2011-10-03,3.5464765755222136,3.6463337096519814,arima,HUANUCO
2011-10-10,3.634043898374614,3.6256900250196695,arima,HUANUCO
2011-10-17,3.5464765755222136,3.694408678779784,arima,HUANUCO
2011-10-24,3.5026929140960132,3.4974926558844173,arima,HUANUCO
2011-10-31,3.8091785440794155,3.472865378399219,arima,HUANUCO
2011-11-07,4.0280968512104165,3.4582829925701675,arima,HUANUCO
2011-11-14,3.984313189784217,3.4515912165058746,arima,HUANUCO
2011-11-21,3.6778275598008148,3.9801556954843123,arima,HUANUCO
2011-11-28,3.5464765755222136,3.9618613360939055,arima,HUANUCO
2011-12-05,3.064856299834011,3.96537288834097,arima,HUANUCO
2011-12-12,3.152423622686412,3.9561897812296425,arima,HUANUCO
2011-12-19,2.75837066985061,3.0386293804333313,arima,HUANUCO
2011-12-26,3.3713419298174134,3.112523529012895,arima,HUANUCO
2012-01-02,3.765878055478996,3.038747906616057,arima,HUANUCO
2012-01-09,5.0800016583409935,3.0944120738821974,arima,HUANUCO
2012-01-16,4.248281854668463,5.416230463284585,arima,HUANUCO
2012-01-23,3.7665179330050282,5.915812185435653,arima,HUANUCO
2012-01-30,2.8905835299806024,5.921387952036598,arima,HUANUCO
2012-02-06,2.9343802501318232,6.1474463901056815,arima,HUANUCO
2012-02-13,2.6715999292244956,2.6276572956955007,arima,HUANUCO
2012-02-20,2.408819608317167,2.7406346837015745,arima,HUANUCO
2012-02-27,3.2409572911903726,2.569791693708958,arima,HUANUCO
2012-03-05,3.459940891946479,2.6721133154033563,arima,HUANUCO
2012-03-12,4.029298253912356,3.7209505288221454,arima,HUANUCO
2012-03-19,4.204485134517242,3.7393221451337624,arima,HUANUCO
2012-03-26,4.423468735273349,3.846979874486235,arima,HUANUCO
2012-04-02,4.554858895727013,3.8233961300049577,arima,HUANUCO
2012-04-09,4.861435936785561,4.687889976467849,arima,HUANUCO
2012-04-16,6.043947380868537,4.70494960391935,arima,HUANUCO
2012-04-23,6.700898183136856,4.757697782887127,arima,HUANUCO
2012-04-30,6.963678504044185,4.749214163582321,arima,HUANUCO
2012-05-07,6.8760850637417406,7.059196540165626,arima,HUANUCO
2012-05-14,7.357848985405177,7.139505503021295,arima,HUANUCO
2012-05-21,7.708222746614946,7.154836992033185,arima,HUANUCO
2012-05-28,7.48923914585884,7.1835941487296235,arima,HUANUCO
2012-06-04,8.321376828732046,7.419715912995242,arima,HUANUCO
2012-06-11,8.8469374705467,7.347791366984538,arima,HUANUCO
2012-06-18,8.80314075039548,7.339930656010574,arima,HUANUCO
2012-06-25,8.14618994812716,7.31180953451826,arima,HUANUCO
2012-07-02,7.489239145858839,7.9469826358107225,arima,HUANUCO
2012-07-09,7.226458824951512,7.727155429398181,arima,HUANUCO
2012-07-16,6.350524421927086,7.7079227115123405,arima,HUANUCO
2012-07-23,5.386996578600216,7.620256305076609,arima,HUANUCO
2012-07-30,5.16801297784411,4.884855988748484,arima,HUANUCO
2012-08-06,5.080419537541668,4.608943734426786,arima,HUANUCO
2012-08-13,4.9928260972392255,4.4691619486973275,arima,HUANUCO
2012-08-20,3.8103146531562504,4.389022524979703,arima,HUANUCO
2012-08-27,2.452616328468389,3.42434822230096,arima,HUANUCO
2012-09-03,2.2774294478635038,3.025368109777525,arima,HUANUCO
2012-09-10,2.452616328468389,2.9710783513085235,arima,HUANUCO
2012-09-17,2.8029900896781594,2.8153407476310726,arima,HUANUCO
2012-09-24,2.5402097687708314,2.9289238546550727,arima,HUANUCO
2012-10-01,3.0657704105854875,3.045258176954362,arima,HUANUCO
2012-10-08,2.9343802501318237,3.067401517490262,arima,HUANUCO
2012-10-15,2.6278032090732744,3.111472130803677,arima,HUANUCO
2012-10-22,2.5402097687708314,2.3790744067380447,arima,HUANUCO
2012-10-29,2.5402097687708314,2.3133964925815516,arima,HUANUCO
2012-11-05,2.584006488922053,2.2224797677212194,arima,HUANUCO
2012-11-12,2.584006488922053,2.218813360975173,arima,HUANUCO
2012-11-19,2.9343802501318237,2.58167044474912,arima,HUANUCO
2012-11-26,3.5037376120977,2.582331136557011,arima,HUANUCO
2012-12-03,2.8905835299806024,2.581106991740317,arima,HUANUCO
2012-12-10,2.8905835299806015,2.5817465806328124,arima,HUANUCO
2012-12-17,3.240957291190373,2.6908828712791095,arima,HUANUCO
2012-12-24,3.8979080934586925,2.750201143898109,arima,HUANUCO
2012-12-31,3.503737612097701,2.6419883113491425,arima,HUANUCO
2013-01-07,3.460396204782637,2.701040840054535,arima,HUANUCO
2013-01-14,3.6797830826221976,3.270755007722265,arima,HUANUCO
2013-01-21,4.030495076224542,3.306636941630584,arima,HUANUCO
2013-01-28,3.2419199526153926,3.2122655559713005,arima,HUANUCO
2013-02-04,2.497154558095639,3.255553936800955,arima,HUANUCO
2013-02-11,2.190486454469858,2.0094168759937356,arima,HUANUCO
2013-02-18,2.102866996291064,1.8218717958228097,arima,HUANUCO
2013-02-25,2.0590572672016663,1.6607879798469514,arima,HUANUCO
2013-03-04,2.102866996291064,1.624663148926818,arima,HUANUCO
2013-03-11,2.6285837453638305,2.098101922038672,arima,HUANUCO
2013-03-18,4.468592367118515,2.118842937562983,arima,HUANUCO
2013-03-25,4.906689658012488,2.110811542396552,arima,HUANUCO
2013-04-01,5.388596677995859,2.122280465041955,arima,HUANUCO
2013-04-08,4.775260470744296,5.444289187018543,arima,HUANUCO
2013-04-15,6.571459363409584,5.6426701350524215,arima,HUANUCO
2013-04-22,7.622892861555118,5.610372030389868,arima,HUANUCO
2013-04-29,7.929560965180898,5.70792575717268,arima,HUANUCO
2013-05-06,6.834317737945967,7.905512891839454,arima,HUANUCO
2013-05-13,6.264791259783803,8.043525927742683,arima,HUANUCO
2013-05-20,6.96574692521416,7.989631847449348,arima,HUANUCO
2013-05-27,6.352410717962599,8.06537136153594,arima,HUANUCO
2013-06-03,6.264791259783803,6.242856610702159,arima,HUANUCO
2013-06-10,4.600021554386708,6.031283948453867,arima,HUANUCO
2013-06-17,4.600021554386708,6.0558812351964,arima,HUANUCO
2013-06-24,3.8114464307775577,5.962626416288653,arima,HUANUCO
2013-07-01,3.899065888956352,3.8402902947428834,arima,HUANUCO
2013-07-08,3.8114464307775577,3.4986075968978603,arima,HUANUCO
2013-07-15,4.074304805313941,3.6144369123894005,arima,HUANUCO
2013-07-22,3.4171588689729817,3.435042530902522,arima,HUANUCO
2013-07-29,3.022871307168407,3.386059876744968,arima,HUANUCO
2013-08-05,2.4971545580956396,3.118408733970694,arima,HUANUCO
2013-08-12,2.7600129326320233,3.1896849458494727,arima,HUANUCO
2013-08-19,2.847632390810818,3.0542001902458704,arima,HUANUCO
2013-08-26,2.5409642871850373,3.0379248601918514,arima,HUANUCO
2013-09-02,2.4533448290062423,3.0178443354800275,arima,HUANUCO
2013-09-09,2.190486454469859,3.105130089864974,arima,HUANUCO
2013-09-16,2.3219156417380513,3.070194538677727,arima,HUANUCO
2013-09-23,2.847632390810818,2.2982602022287404,arima,HUANUCO
2013-09-30,2.6285837453638314,2.359963929288092,arima,HUANUCO
2013-10-07,2.8038226617214206,2.331002881813655,arima,HUANUCO
2013-10-14,2.190486454469859,2.36552142513155,arima,HUANUCO
2013-10-21,2.321915641738051,2.123881680716459,arima,HUANUCO
2013-10-28,2.102866996291065,1.889956317174647,arima,HUANUCO
2013-11-04,2.4971545580956396,1.9374240008147376,arima,HUANUCO
2013-11-11,2.6723934744532287,1.8247809026618935,arima,HUANUCO
2013-11-18,2.935251848989612,2.9094798763832603,arima,HUANUCO
2013-11-25,2.891442119900215,2.9056429735604064,arima,HUANUCO
2013-12-02,2.891442119900215,3.005641421659709,arima,HUANUCO
2013-12-09,2.409535099916845,2.97163770321649,arima,HUANUCO
2013-12-16,2.365725370827448,2.3177586703090722,arima,HUANUCO
2013-12-23,2.3219156417380504,2.137123460618309,arima,HUANUCO
2013-12-30,3.0666810362578047,2.156610980767689,arima,HUANUCO
2014-01-06,3.2860811317559366,2.0711041257187346,arima,HUANUCO
2014-01-13,3.1548471945161594,3.5776986082490003,arima,HUANUCO
2014-01-20,2.1911372878979063,3.5809378403252503,arima,HUANUCO
2014-01-27,1.8843780675921993,3.707630514056432,arima,HUANUCO
2014-02-03,2.10349179638199,3.668708686235717,arima,HUANUCO
2014-02-10,2.2787827794138233,2.2510792806227675,arima,HUANUCO
2014-02-17,1.8405553218342412,2.2975796635263355,arima,HUANUCO
2014-02-24,1.7529098303183244,2.3461770803484674,arima,HUANUCO
2014-03-03,1.796732576076283,2.3504042152078397,arima,HUANUCO
2014-03-10,2.10349179638199,1.8729958650307916,arima,HUANUCO
2014-03-17,1.709087084560366,1.8665012202114166,arima,HUANUCO
2014-03-24,1.9720235591081154,1.9016573767913025,arima,HUANUCO
2014-03-31,1.9720235591081154,1.887115623733826,arima,HUANUCO
2014-04-07,2.234960033655865,2.1272090664383265,arima,HUANUCO
2014-04-14,2.1911372878979063,2.0695738501737457,arima,HUANUCO
2014-04-21,2.322605525171781,2.154282596526472,arima,HUANUCO
2014-04-28,2.7608329827513636,2.099311579606149,arima,HUANUCO
2014-05-05,3.5934651521525693,2.9761601781457068,arima,HUANUCO
2014-05-12,4.426097321553775,3.070140887418721,arima,HUANUCO
2014-05-19,4.645211050343566,3.120965160670427,arima,HUANUCO
2014-05-26,4.338451830037859,3.1392941507934116,arima,HUANUCO
2014-06-02,3.900224372458277,4.251665350457685,arima,HUANUCO
2014-06-09,3.944047118216235,4.161267908704861,arima,HUANUCO
2014-06-16,4.6890337961015245,4.16208746874451,arima,HUANUCO
2014-06-23,5.696956948534563,4.1248683034872835,arima,HUANUCO
2014-06-30,6.0037161688402705,6.09655330350615,arima,HUANUCO
2014-07-07,5.083438507923148,6.32394633649149,arima,HUANUCO
2014-07-14,3.7249333894264436,6.3858252780153375,arima,HUANUCO
2014-07-21,2.936123965783196,6.448715587793292,arima,HUANUCO
2014-07-28,2.6293647454774884,2.565206807199367,arima,HUANUCO
2014-08-04,2.8484784742672797,2.408983019903906,arima,HUANUCO
2014-08-11,2.58554199971953,2.3281571264021657,arima,HUANUCO
2014-08-18,2.1911372878979063,2.300199539244157,arima,HUANUCO
2014-08-25,1.9282008133501574,1.9874676912144036,arima,HUANUCO
2014-09-01,2.10349179638199,1.917860532894982,arima,HUANUCO
2014-09-08,2.2787827794138233,1.8670534392677463,arima,HUANUCO
2014-09-15,1.6652643388024078,1.86097898821928,arima,HUANUCO
2014-09-22,1.6214415930444492,1.4591111179852516,arima,HUANUCO
2014-09-29,1.4461506100126167,1.3064296807315392,arima,HUANUCO
2014-10-06,1.9720235591081152,1.2913880764646715,arima,HUANUCO
2014-10-13,1.665264338802408,1.237626736058972,arima,HUANUCO
2014-10-20,2.059669050624032,1.7120044321752947,arima,HUANUCO
2014-10-27,1.5776188472864916,1.5723607192427103,arima,HUANUCO
2014-11-03,1.6214415930444497,1.6497589265870012,arima,HUANUCO
2014-11-10,1.3146823727387422,1.5624235472550145,arima,HUANUCO
2014-11-17,1.489973355770575,1.3824404451867736,arima,HUANUCO
2014-11-24,1.6652643388024078,1.2341238982596383,arima,HUANUCO
2014-12-01,1.8843780675921986,1.3217442784746352,arima,HUANUCO
2014-12-08,1.9720235591081152,1.227464882123283,arima,HUANUCO
2014-12-15,2.147314542139948,2.090694335462454,arima,HUANUCO
2014-12-22,2.0158463048660735,2.0770295944129598,arima,HUANUCO
2014-12-29,2.804655728509321,2.1291262082301374,arima,HUANUCO
2015-01-05,2.629560111565066,2.1026685588216476,arima,HUANUCO
2015-01-12,2.3667278322640253,2.765938186963348,arima,HUANUCO
2015-01-19,1.4465804154052881,2.6431495676938055,arima,HUANUCO
2015-01-26,1.5342519557328818,2.7452601542162203,arima,HUANUCO
2015-02-02,1.7095950363880688,2.6566233084797783,arima,HUANUCO
2015-02-09,1.5342519557328815,1.929804146539079,arima,HUANUCO
2015-02-16,1.3150731049138977,1.911296432893744,arima,HUANUCO
2015-02-23,1.3150731049138977,2.0057651855648264,arima,HUANUCO
2015-03-02,1.8411023468794585,1.9607587337206382,arima,HUANUCO
2015-03-09,1.972609657370849,2.0421205802192604,arima,HUANUCO
2015-03-16,2.104116967862239,2.167744041666112,arima,HUANUCO
2015-03-23,2.0164454275346455,2.196485865219371,arima,HUANUCO
2015-03-30,2.4548031291726136,2.234090428047955,arima,HUANUCO
2015-04-06,3.068503911465768,2.540592616407542,arima,HUANUCO
2015-04-13,3.8575477744141096,2.6774720001169148,arima,HUANUCO
2015-04-20,4.7342631776900435,2.657680148610203,arima,HUANUCO
2015-04-27,4.909606258345231,2.718488738002043,arima,HUANUCO
2015-05-04,5.3041281898194015,5.029058333020788,arima,HUANUCO
2015-05-11,5.260292419655605,5.0462993562917005,arima,HUANUCO
2015-05-18,5.347963959983198,5.0852898843344585,arima,HUANUCO
2015-05-25,5.567142810802181,5.075411256362898,arima,HUANUCO
2015-06-01,4.909606258345231,5.695905694754957,arima,HUANUCO
2015-06-08,5.216456649491808,5.7264657749892205,arima,HUANUCO
2015-06-15,5.260292419655605,5.763517951070524,arima,HUANUCO
2015-06-22,5.347963959983198,5.75968842997006,arima,HUANUCO
2015-06-29,4.383577016379669,5.285735121260187,arima,HUANUCO
2015-07-06,3.901383544577906,5.345010058845057,arima,HUANUCO
2015-07-13,3.8575477744141096,5.296693640781846,arima,HUANUCO
2015-07-20,3.8137120042503128,5.339350097676145,arima,HUANUCO
2015-07-27,2.8493250606467844,3.747137269990374,arima,HUANUCO
2015-08-03,2.542474669500207,3.758778832889331,arima,HUANUCO
2015-08-10,2.3232958186812236,3.7296331641163385,arima,HUANUCO
2015-08-17,2.3232958186812236,3.7459886533459636,arima,HUANUCO
2015-08-24,1.9287738872070526,2.23665642486127,arima,HUANUCO
2015-08-31,2.016445427534646,2.2751016128026462,arima,HUANUCO
2015-09-07,1.7534308065518658,2.227661877145268,arima,HUANUCO
2015-09-14,1.6219234960604754,2.2621935129022717,arima,HUANUCO
2015-09-21,1.4904161855690852,1.4770170410018397,arima,HUANUCO
2015-09-28,1.5780877258966788,1.4951826871790546,arima,HUANUCO
2015-10-05,1.5780877258966788,1.4349808796287098,arima,HUANUCO
2015-10-12,1.2274015645863048,1.4686564053658104,arima,HUANUCO
2015-10-19,1.2274015645863048,1.0836068746907725,arima,HUANUCO
2015-10-26,1.2712373347501016,1.0205225543202383,arima,HUANUCO
2015-11-02,1.4465804154052886,0.9964746250394848,arima,HUANUCO
2015-11-09,1.841102346879459,0.9843239468170973,arima,HUANUCO
2015-11-16,2.191788508189833,1.9858694327374864,arima,HUANUCO
2015-11-23,2.323295818681223,2.065633342421001,arima,HUANUCO
2015-11-30,1.7095950363880688,2.0832813382797286,arima,HUANUCO
2015-12-07,1.4027446452414918,2.104476593381358,arima,HUANUCO
2015-12-14,1.4465804154052886,1.2177565274277884,arima,HUANUCO
2015-12-21,1.709595036388073,1.1857588511786405,arima,HUANUCO
2015-12-28,1.1397300242587114,1.1319649902364606,arima,HUANUCO
2016-01-04,1.402992256091812,1.1435986618907288,arima,HUANUCO
2016-01-11,1.2277664647867768,1.3557947797737242,arima,HUANUCO
2016-01-18,1.5785568832972856,1.4719014956386136,arima,HUANUCO
2016-01-25,1.447010476355845,1.4034983884005525,arima,HUANUCO
2016-02-01,1.3593128717282177,1.4757424314916547,arima,HUANUCO
2016-02-08,1.973196104121608,1.2074819247617936,arima,HUANUCO
2016-02-15,1.534708080983472,1.2421669508803326,arima,HUANUCO
2016-02-22,1.622405685611099,1.1713905209498352,arima,HUANUCO
2016-02-29,1.4908592786696584,1.2151941306854237,arima,HUANUCO
2016-03-07,2.104742511063048,1.5436361878604408,arima,HUANUCO
2016-03-14,2.411684127259744,1.4747860427898303,arima,HUANUCO
2016-03-21,1.8854984994939807,1.5226021887237937,arima,HUANUCO
2016-03-28,1.3593128717282177,1.478013795673293,arima,HUANUCO
2016-04-04,1.5785568832972856,1.1777088970170781,arima,HUANUCO
2016-04-11,2.3678353249459305,1.075357362540937,arima,HUANUCO
2016-04-18,2.4993817318873712,1.057301289099295,arima,HUANUCO
2016-04-25,2.36783532494593,1.0298757269278584,arima,HUANUCO
2016-05-02,1.929347301807794,2.3060568364317904,arima,HUANUCO
2016-05-09,2.1485913133768624,2.290459969889749,arima,HUANUCO
2016-05-16,2.8940209527116934,2.2769224606752276,arima,HUANUCO
2016-05-23,4.297182626753728,2.27795013599463,arima,HUANUCO
2016-05-30,5.393402684599068,4.740033737711922,arima,HUANUCO
2016-06-06,6.314227533189154,5.041314701362036,arima,HUANUCO
2016-06-13,7.103505974837798,5.065649546402195,arima,HUANUCO
2016-06-20,7.278901184093052,5.161333031297873,arima,HUANUCO
2016-06-27,6.007285916992458,7.380170279014848,arima,HUANUCO
2016-07-04,4.297182626753728,7.404955702806687,arima,HUANUCO
2016-07-11,3.6394505920465243,7.432535552457993,arima,HUANUCO
2016-07-18,3.420206580477456,7.430810920768931,arima,HUANUCO
2016-07-25,2.718625743456439,3.338812287000869,arima,HUANUCO
2016-08-01,2.323986522632116,3.287485020408168,arima,HUANUCO
2016-08-08,2.3239865226321164,3.276693988788176,arima,HUANUCO
2016-08-15,2.9817185573393203,3.2614424015260988,arima,HUANUCO
2016-08-22,2.630928138828811,3.1871574264687985,arima,HUANUCO
2016-08-29,2.3678353249459296,3.3503414999325902,arima,HUANUCO
2016-09-05,1.9731961041216077,3.3623535406252287,arima,HUANUCO
2016-09-12,1.8854984994939803,3.418167388054846,arima,HUANUCO
2016-09-19,3.3325089758498287,1.766641693069699,arima,HUANUCO
2016-09-26,5.17415867303,1.7814336916189806,arima,HUANUCO
2016-10-03,5.744193103109577,1.7318212557443673,arima,HUANUCO
2016-10-10,4.428729033695169,1.756916425624394,arima,HUANUCO
2016-10-17,3.0694161619669473,3.9800044028398656,arima,HUANUCO
2016-10-24,2.8501721503978796,3.6919075262751924,arima,HUANUCO
2016-10-31,3.1571137665945748,3.650217208446065,arima,HUANUCO
2016-11-07,2.7624745457702526,3.563410490449888,arima,HUANUCO
2016-11-14,2.674776941142625,2.6164117441017725,arima,HUANUCO
2016-11-21,2.2801377203183026,2.5954813085152084,arima,HUANUCO
2016-11-28,3.595601789732711,2.6136630913907064,arima,HUANUCO
2016-12-05,4.56027544063661,2.6328454424421834,arima,HUANUCO
2016-12-12,4.428729033695169,4.837193017042817,arima,HUANUCO
2016-12-19,3.1132649642807606,4.820461833799179,arima,HUANUCO
2016-12-26,2.104742511063048,4.739172368198266,arima,HUANUCO
2017-01-02,2.3242342807530956,4.678663926030649,arima,HUANUCO
2017-01-09,1.9297124190387105,2.5902983837296514,arima,HUANUCO
2017-01-16,1.7544736885967058,2.7291768444367634,arima,HUANUCO
2017-01-23,1.140407897587857,2.7625506188490845,arima,HUANUCO
2017-01-30,1.1404078975878573,2.751220397852763,arima,HUANUCO
2017-02-06,1.140407897587857,1.2232420300760878,arima,HUANUCO
2017-02-13,1.4474407930922812,1.2828123070508977,arima,HUANUCO
2017-02-20,1.5790263197370396,1.3055154284315407,arima,HUANUCO
2017-02-27,1.7544736885967058,1.3073609135375965,arima,HUANUCO
2017-03-06,1.6667500041668701,1.7998670780023764,arima,HUANUCO
2017-03-13,1.6667500041668701,1.7888518557138895,arima,HUANUCO
2017-03-20,1.6228881619519522,1.769436198673363,arima,HUANUCO
2017-03-27,2.587848690680143,1.7580704648594987,arima,HUANUCO
2017-04-03,3.5528092194083336,2.9905014438664317,arima,HUANUCO
2017-04-10,3.772118430482923,3.037920890376722,arima,HUANUCO
2017-04-17,4.03528948377243,2.9689632504577204,arima,HUANUCO
2017-04-24,3.9037039571276764,2.905988463876021,arima,HUANUCO
2017-05-01,4.8686644858558665,3.788901073832252,arima,HUANUCO
2017-05-08,3.9475657993425934,3.7376243289831868,arima,HUANUCO
2017-05-15,3.684394746053087,3.7295366999947883,arima,HUANUCO
2017-05-22,2.763296059539814,3.7370315364345585,arima,HUANUCO
2017-05-29,3.1141907972591567,2.4562622576502577,arima,HUANUCO
2017-06-05,2.8948815861845674,2.455329096675056,arima,HUANUCO
2017-06-12,2.9387434283994853,2.533727440318819,arima,HUANUCO
2017-06-19,2.45626316403539,2.59481576585674,arima,HUANUCO
2017-06-26,1.9737828996712947,2.3073710767205524,arima,HUANUCO
2017-07-03,1.5351644775221172,2.302259764223101,arima,HUANUCO
2017-07-10,1.6667500041668706,2.353635816457838,arima,HUANUCO
2017-07-17,1.886059215241459,2.4222474410994494,arima,HUANUCO
2017-07-24,2.105368426316048,2.07986654797359,arima,HUANUCO
2017-07-31,1.842197373026541,2.244003038682923,arima,HUANUCO
2017-08-07,1.7983355308116236,2.3799083767394,arima,HUANUCO
2017-08-14,1.4035789508773637,2.49103022097703,arima,HUANUCO
2017-08-21,1.4913026353071992,1.4039622671756975,arima,HUANUCO
2017-08-28,1.3158552664475283,1.5499335959477285,arima,HUANUCO
2017-09-04,1.1842697398027748,1.7349868529735892,arima,HUANUCO
2017-09-11,1.0526842131580216,1.9159680089165576,arima,HUANUCO
2017-09-18,1.140407897587857,1.1773141333611246,arima,HUANUCO
2017-09-25,1.359717108662446,1.3850675169809494,arima,HUANUCO
2017-10-02,1.6228881619519526,1.6034880035005168,arima,HUANUCO
2017-10-09,1.5790263197370347,1.8045959501273536,arima,HUANUCO
2017-10-16,1.535164477522117,1.6838072255900032,arima,HUANUCO
2017-10-23,1.140407897587857,1.8336858959848037,arima,HUANUCO
2017-10-30,1.3158552664475283,1.9858367180566852,arima,HUANUCO
2017-11-06,1.579026319737035,2.124129994087482,arima,HUANUCO
2017-11-13,1.7106118463817879,1.7933806572765867,arima,HUANUCO
2017-11-20,1.5790263197370347,1.9692138254158738,arima,HUANUCO
2017-11-27,1.315855266447528,2.1140115233447774,arima,HUANUCO
2017-12-04,1.886059215241459,2.233505550060537,arima,HUANUCO
2017-12-11,2.1053684263160477,2.1834645040631386,arima,HUANUCO
2017-12-18,2.500125006250308,2.35065149867717,arima,HUANUCO
2017-12-25,1.9737828996712947,2.4532771716382995,arima,HUANUCO
2018-01-01,2.0641071400776574,2.522013857419105,arima,HUANUCO
2018-01-08,2.022701378507237,2.158547707170292,arima,HUANUCO
2018-01-15,2.1563095598004,2.24549590938277,arima,HUANUCO
2018-01-22,1.4522084790492478,2.32134446562644,arima,HUANUCO
2018-01-29,0.9241326684858829,2.3858107102375548,arima,HUANUCO
2018-02-05,0.836120033391989,0.881468095289411,arima,HUANUCO
2018-02-12,1.0561516211267243,1.0224009941554377,arima,HUANUCO
2018-02-19,1.0561516211267243,1.218282343230683,arima,HUANUCO
2018-02-26,0.7481073982980949,1.4164261099854458,arima,HUANUCO
2018-03-05,0.9241326684858832,0.791132993105796,arima,HUANUCO
2018-03-12,1.0561516211267241,0.9611263248633222,arima,HUANUCO
2018-03-19,1.4962147965961947,1.1629596076292956,arima,HUANUCO
2018-03-26,1.8922716545187181,1.358263362940332,arima,HUANUCO
2018-04-02,1.9802842896126123,2.1057073349158872,arima,HUANUCO
2018-04-09,1.848265336971771,2.224550834591728,arima,HUANUCO
2018-04-16,1.71624638433093,2.2936118846815057,arima,HUANUCO
2018-04-23,1.9802842896126123,2.3358549809964537,arima,HUANUCO
2018-04-30,2.7723980054576587,2.063447934019892,arima,HUANUCO
2018-05-07,3.476499086208811,2.12883467523406,arima,HUANUCO
2018-05-14,6.4249223618542635,2.12983285957114,arima,HUANUCO
2018-05-21,6.864985537323733,2.155823713063472,arima,HUANUCO
2018-05-28,6.7329665846828926,6.667385093208949,arima,HUANUCO
2018-06-04,5.060726517898904,6.219887657898851,arima,HUANUCO
2018-06-11,6.1168781390256335,5.70929922602623,arima,HUANUCO
2018-06-18,8.669244556748561,5.220218644607085,arima,HUANUCO
2018-06-25,9.109307732218031,9.647319673848552,arima,HUANUCO
2018-07-02,7.481073982980991,9.577287522894885,arima,HUANUCO
2018-07-09,5.8088339161970035,9.210470628747483,arima,HUANUCO
2018-07-16,5.060726517898904,8.9525498367822,arima,HUANUCO
2018-07-23,5.544796010915323,5.198631411515163,arima,HUANUCO
2018-07-30,4.488644389788593,5.577906941536923,arima,HUANUCO
2018-08-06,3.740536991490494,5.816847491153213,arima,HUANUCO
2018-08-13,2.7723980054576582,5.860274121463399,arima,HUANUCO
2018-08-20,2.288328512441241,2.5731178186780115,arima,HUANUCO
2018-08-27,1.8922716545187175,2.750952936602601,arima,HUANUCO
2018-09-03,1.7162463843309295,2.9452021297359416,arima,HUANUCO
2018-09-10,1.5842274316900935,3.026089014340827,arima,HUANUCO
2018-09-17,1.7162463843309295,1.6453277417715424,arima,HUANUCO
2018-09-24,1.540221114143141,1.7810956497617838,arima,HUANUCO
2018-10-01,1.4962147965961943,1.93387631688185,arima,HUANUCO
2018-10-08,1.5402211141431412,2.0776507747992294,arima,HUANUCO
2018-10-15,2.332334829988188,1.6767461350032817,arima,HUANUCO
2018-10-22,2.376341147535135,1.8382031604424571,arima,HUANUCO
2018-10-29,2.2883285124412405,1.993307645204267,arima,HUANUCO
2018-11-05,2.0242906071595583,2.1294546791751716,arima,HUANUCO
2018-11-12,2.1563095598003996,1.9809482868897608,arima,HUANUCO
2018-11-19,2.5523664177229226,2.0354718580519173,arima,HUANUCO
2018-11-26,2.1563095598003996,2.1256335405975877,arima,HUANUCO
2018-12-03,2.59637273526987,2.221374734858328,arima,HUANUCO
2018-12-10,2.3763411475351344,2.78913736619415,arima,HUANUCO
2018-12-17,2.4203474650820813,2.858047957035397,arima,HUANUCO
2018-12-24,2.0682969247065053,2.8678439688397046,arima,HUANUCO
2018-12-31,2.0242906071595583,2.8518614221254777,arima,HUANUCO
2019-01-07,1.9787655422906347,2.074263507374864,arima,HUANUCO
2019-01-14,1.8448136385127327,2.1584211956517585,arima,HUANUCO
2019-01-21,1.4037839874747318,2.248125098441287,arima,HUANUCO
2019-01-28,1.272179238648975,2.330789073657787,arima,HUANUCO
2019-02-04,1.2283109890403894,1.3566035029706631,arima,HUANUCO
2019-02-11,1.4037839874747318,1.5229159131931493,arima,HUANUCO
2019-02-18,1.4915204866919025,1.7064800560293858,arima,HUANUCO
2019-02-25,2.017939481994929,1.878430374425418,arima,HUANUCO
2019-03-04,2.2372807300378565,2.3046607258456344,arima,HUANUCO
2019-03-11,2.588226726906541,2.460731568815402,arima,HUANUCO
2019-03-18,1.9740712323863434,2.5456113922284036,arima,HUANUCO
2019-03-25,1.4476522370833171,2.591716221569382,arima,HUANUCO
2019-04-01,1.6231252355176593,1.3455698019099291,arima,HUANUCO
2019-04-08,1.8863347331691724,1.4332368018438286,arima,HUANUCO
2019-04-15,2.544358477297956,1.5920555001851526,arima,HUANUCO
2019-04-22,2.6759632261237125,1.7646136104494157,arima,HUANUCO
2019-04-29,3.070777472600982,2.728923963362264,arima,HUANUCO
2019-05-06,2.9830409733838112,2.743612921946423,arima,HUANUCO
2019-05-13,3.0269092229923964,2.7408183745486427,arima,HUANUCO
2019-05-20,3.0269092229923964,2.7310156011103888,arima,HUANUCO
2019-05-27,3.421723469469672,3.0157041388437333,arima,HUANUCO
2019-06-03,3.3778552198610807,3.0077358969756642,arima,HUANUCO
2019-06-10,2.851436224558054,3.0055932204496636,arima,HUANUCO
2019-06-17,2.3688854788636133,3.0065753454436575,arima,HUANUCO
2019-06-24,2.368885478863614,2.255565038156337,arima,HUANUCO
2019-07-01,2.6759632261237125,2.319262924899618,arima,HUANUCO
2019-07-08,2.851436224558055,2.396655947667813,arima,HUANUCO
2019-07-15,2.5443584772979557,2.4314109456665682,arima,HUANUCO
2019-07-22,2.412753728472199,2.3733679038576536,arima,HUANUCO
2019-07-29,2.281148979646442,2.348222089275695,arima,HUANUCO
2019-08-05,2.368885478863614,2.3819775869366784,arima,HUANUCO
2019-08-12,1.9740712323863436,2.4124697713723187,arima,HUANUCO
2019-08-19,1.974071232386344,1.807387071882704,arima,HUANUCO
2019-08-26,1.3599157378661462,1.810179378936544,arima,HUANUCO
2019-09-02,1.754729984343416,1.8614305672158966,arima,HUANUCO
2019-09-09,1.4476522370833171,1.8956797123379268,arima,HUANUCO
2019-09-16,2.368885478863614,1.2883178266093256,arima,HUANUCO
2019-09-23,2.325017229255028,1.2682886430055538,arima,HUANUCO
2019-09-30,2.456621978080785,1.3006623443829843,arima,HUANUCO
2019-10-07,2.061807731603515,1.3285514386052828,arima,HUANUCO
2019-10-14,1.7985982339520017,1.87057635372585,arima,HUANUCO
2019-10-21,1.7108617347348305,1.8534822163620261,arima,HUANUCO
2019-10-28,1.272179238648975,1.8976195256827446,arima,HUANUCO
2019-11-04,1.754729984343416,1.9332560848780382,arima,HUANUCO
2019-11-11,2.1056759812121,2.0341260185270986,arima,HUANUCO
2019-11-18,2.7636997253408833,2.086298537506099,arima,HUANUCO
2019-11-25,2.1934124804292714,2.0405458356957293,arima,HUANUCO
2019-12-02,1.9740712323863434,1.9935393735386087,arima,HUANUCO
2019-12-09,1.842466483560587,1.946939534838607,arima,HUANUCO
2019-12-16,1.7985982339520012,1.9929735926562162,arima,HUANUCO
2019-12-23,2.3688854788636133,2.032883944067824,arima,HUANUCO
2019-12-30,2.2372807300378565,2.0469265464536344,arima,HUANUCO
2020-01-06,2.6316869142669534,2.0879730136049273,arima,HUANUCO
2020-01-13,1.9295548839130123,2.0235150676346434,arima,HUANUCO
2020-01-20,1.7537698378771258,2.023173317397391,arima,HUANUCO
2020-01-27,1.4030158703016997,2.0420909333377333,arima,HUANUCO
2020-02-03,1.4468601162486276,1.3261137951174875,arima,HUANUCO
2020-02-10,1.4468601162486279,1.3745691409068066,arima,HUANUCO
2020-02-17,1.6660813459832695,1.4315098717858779,arima,HUANUCO
2020-02-24,1.9729910676117672,1.4576603560637662,arima,HUANUCO
2020-03-02,1.885302575717911,2.0581110680994263,arima,HUANUCO
2020-03-09,1.797614083824054,2.0282484495187436,arima,HUANUCO
2020-03-16,1.4468601162486279,1.9816582890365941,arima,HUANUCO
2020-03-23,1.315327378407843,1.9571188770297403,arima,HUANUCO
2020-03-30,0.9645734108324167,1.3307301318997597,arima,HUANUCO
2020-04-06,0.6138194432569904,1.3820306497809784,arima,HUANUCO
2020-04-13,0.5699751973100621,1.4143079831290428,arima,HUANUCO
2020-04-20,0.5261309513631337,1.421900541725485,arima,HUANUCO
2020-04-27,0.4384424594692771,0.5466606638219816,arima,HUANUCO
2020-05-04,0.21922122973463573,0.5747408054828299,arima,HUANUCO
2020-05-11,0.13153273784077912,0.5885671684269616,arima,HUANUCO
2020-05-18,0.1753769837877074,0.5898873521012772,arima,HUANUCO
2020-05-25,0.1315327378407849,0.2242084039072939,arima,HUANUCO
2020-06-01,0.08768849189385082,0.2458469041170817,arima,HUANUCO
2020-06-08,0.043844245946922523,0.24627247212827588,arima,HUANUCO
2020-06-15,0.0,0.2398367699339823,arima,HUANUCO
2020-06-22,0.0,0.0,arima,HUANUCO
2020-06-29,0.043844245946922523,0.004338571338558705,arima,HUANUCO
2020-07-06,0.043844245946922523,0.013149463184180248,arima,HUANUCO
2020-07-13,0.08768849189385082,0.016484589095996115,arima,HUANUCO
2020-07-20,0.08768849189385082,0.1024949222832473,arima,HUANUCO
2020-07-27,0.08768849189385082,0.09929029162585928,arima,HUANUCO
2020-08-03,0.3507539675754206,0.09216207388019762,arima,HUANUCO
2020-08-10,0.3945982135223489,0.0879411186451231,arima,HUANUCO
2020-08-17,0.4822867054162055,0.36148727474250997,arima,HUANUCO
2020-08-24,0.1753769837877074,0.3227920656991432,arima,HUANUCO
2020-08-31,0.1753769837877074,0.3050121658507511,arima,HUANUCO
2020-09-07,0.21922122973463573,0.30448166827853623,arima,HUANUCO
2020-09-14,0.3507539675754206,0.25350315533976653,arima,HUANUCO
2020-09-21,0.3507539675754206,0.26456843058230195,arima,HUANUCO
2020-09-28,0.3945982135223489,0.2615868741696961,arima,HUANUCO
2020-10-05,0.3945982135223489,0.2557810088302382,arima,HUANUCO
2020-10-12,0.6138194432569903,0.3832009227211556,arima,HUANUCO
2020-10-19,0.48228670541620544,0.3747840881057768,arima,HUANUCO
2020-10-26,0.39459821352234886,0.3722748848059825,arima,HUANUCO
2020-11-02,0.263065475681564,0.37315914168755704,arima,HUANUCO
2020-11-09,0.3945982135223489,0.23184072378526627,arima,HUANUCO
2020-11-16,0.4822867054162055,0.2513174062825189,arima,HUANUCO
2020-11-23,0.3507539675754206,0.2756894891025916,arima,HUANUCO
2020-11-30,0.263065475681564,0.2873095603919271,arima,HUANUCO
2020-12-07,0.13153273784077912,0.24620084329513198,arima,HUANUCO
2020-12-14,0.1753769837877074,0.26208097401700026,arima,HUANUCO
2020-12-21,0.13153273784077912,0.27922393342476887,arima,HUANUCO
2020-12-28,0.21922122973463573,0.28672766309905046,arima,HUANUCO
2021-01-04,0.2633864962003074,0.2637376992741819,arima,HUANUCO
2021-01-11,0.43929851418592625,0.2676819466485747,arima,HUANUCO
2021-01-18,0.5274150334381074,0.2559727594294074,arima,HUANUCO
2021-01-25,0.48346378065159795,0.24607223123123206,arima,HUANUCO
2021-02-01,0.3955612750785791,0.43470451296692847,arima,HUANUCO
2021-02-08,0.2637075167190508,0.4132544122573092,arima,HUANUCO
2021-02-15,0.3076587695055602,0.4136960764131901,arima,HUANUCO
2021-02-22,0.17580501114603195,0.4212249819559756,arima,HUANUCO
2021-03-01,0.21975626393254136,0.12312290539807075,arima,HUANUCO
2021-03-08,0.395561275078579,0.12815088617691034,arima,HUANUCO
2021-03-15,0.7471712973706545,0.14954813945098558,arima,HUANUCO
2021-03-22,0.7911225501571638,0.163771634430827,arima,HUANUCO
2021-03-29,0.9669275613032017,0.7303172934998978,arima,HUANUCO
2021-04-05,1.0548300668762205,0.6698155884723842,arima,HUANUCO
2021-04-12,1.406440089168296,0.6444356124098638,arima,HUANUCO
2021-04-19,1.4064400891682958,0.6454450091675964,arima,HUANUCO
2021-04-26,1.0548300668762205,1.3301423422835472,arima,HUANUCO
2021-05-03,0.8790250557301827,1.272144906224638,arima,HUANUCO
2021-05-10,0.7471712973706545,1.2531590278015585,arima,HUANUCO
2021-05-17,0.7911225501571639,1.2578071457092685,arima,HUANUCO
2021-05-24,0.879025055730183,0.8558435846003354,arima,HUANUCO
2021-05-31,1.09878131966273,0.8872882195426492,arima,HUANUCO
2021-06-07,1.5822451003143339,0.8877798238326732,arima,HUANUCO
2021-06-14,1.5382938475278243,0.8774117118185268,arima,HUANUCO
2021-06-21,1.1866838252357488,1.4086393438905778,arima,HUANUCO
2021-06-28,0.8350738029436734,1.3341143509684261,arima,HUANUCO
2021-07-05,0.5713662862246168,1.3245330977472982,arima,HUANUCO
2021-07-12,0.6153175390111262,1.3417322079908547,arima,HUANUCO
2021-07-19,0.35161002229206967,0.7202035059936316,arima,HUANUCO
2021-07-26,0.4395125278650885,0.7777007831230429,arima,HUANUCO
2021-08-02,0.26370751671905085,0.7824574594211459,arima,HUANUCO
2021-08-09,0.483463780651598,0.7666791710818479,arima,HUANUCO
2021-08-16,0.39556127507857913,0.5967341006571628,arima,HUANUCO
2021-08-23,0.7471712973706546,0.6027875985040246,arima,HUANUCO
2021-08-30,0.6153175390111263,0.5697530189174305,arima,HUANUCO
2021-09-06,0.7032200445841452,0.5449405141307476,arima,HUANUCO
2021-09-13,0.4395125278650886,0.7348315209757905,arima,HUANUCO
2021-09-20,0.4395125278650886,0.7284176825928537,arima,HUANUCO
2021-09-27,0.483463780651598,0.7144810815025641,arima,HUANUCO
2021-10-04,0.39556127507857913,0.7073425776875532,arima,HUANUCO
2021-10-11,0.6153175390111262,0.3684061104250908,arima,HUANUCO
2021-10-18,0.5274150334381074,0.3729578590698299,arima,HUANUCO
2021-10-25,0.6592687917976356,0.3825413198140276,arima,HUANUCO
2021-11-01,1.0548300668762205,0.3874729570921913,arima,HUANUCO
2021-11-08,1.1866838252357488,1.1504252515583189,arima,HUANUCO
2021-11-15,1.0548300668762205,1.1096802446661753,arima,HUANUCO
2021-11-22,0.6592687917976355,1.0597144788910342,arima,HUANUCO
2021-11-29,0.7471712973706545,1.0387024753222764,arima,HUANUCO
2021-12-06,0.8350738029436733,0.8222644597198239,arima,HUANUCO
2021-12-13,0.6153175390111262,0.8495368436974178,arima,HUANUCO
2021-12-20,0.4395125278650885,0.8500953940620624,arima,HUANUCO
2021-12-27,0.5274150334381074,0.8445351868010184,arima,HUANUCO
2022-01-03,0.5719255027476713,0.5829885157188378,arima,HUANUCO
2022-01-10,0.7050840996609935,0.5976973377408926,arima,HUANUCO
2022-01-17,0.794477849295491,0.5943521354997634,arima,HUANUCO
2022-01-24,1.0151661407664623,0.5889859732775975,arima,HUANUCO
2022-01-31,1.1475791156490451,1.0576987043145698,arima,HUANUCO
2022-02-07,0.8827531658838796,1.0348967202508443,arima,HUANUCO
2022-02-14,0.8827531658838795,1.011400510516687,arima,HUANUCO
2022-02-21,0.6620648744129083,1.0019860343733535,arima,HUANUCO
2022-02-28,1.456542723708405,0.6101962046871579,arima,HUANUCO
2022-03-07,1.5006803820025993,0.6272836889521055,arima,HUANUCO
2022-03-14,1.5448180402967935,0.6494773431145295,arima,HUANUCO
2022-03-21,1.2358544322374336,0.6594399274540163,arima,HUANUCO
2022-03-28,1.8537816483561533,1.137947702360309,arima,HUANUCO
2022-04-04,2.3834335478864843,1.1472359879185674,arima,HUANUCO
2022-04-11,2.5158465227690674,1.174880977263031,arima,HUANUCO
2022-04-18,2.824810130828427,1.1897373249048928,arima,HUANUCO
2022-04-25,2.824810130828427,2.8630589726441946,arima,HUANUCO
2022-05-02,3.0896360805935927,2.814548060072829,arima,HUANUCO
2022-05-09,2.824810130828427,2.7760226381699002,arima,HUANUCO
2022-05-16,2.95722310571101,2.7637779487437357,arima,HUANUCO
2022-05-23,2.5599841810632618,3.022243879454828,arima,HUANUCO
2022-05-30,2.0303322815329308,3.0288335067686214,arima,HUANUCO
2022-06-06,1.5889556985909878,3.0167306503387956,arima,HUANUCO
2022-06-13,1.6772310151793761,3.0077733354775673,arima,HUANUCO
2022-06-20,1.9420569649445418,1.8052088438112923,arima,HUANUCO
2022-06-27,2.295158231298096,1.8609432571377413,arima,HUANUCO
2022-07-04,1.8537816483561533,1.8627885013926453,arima,HUANUCO
2022-07-11,1.5889556985909878,1.849950148657161,arima,HUANUCO
2022-07-18,1.7655063317677648,1.5606944464694374,arima,HUANUCO
2022-07-25,2.1627452564155134,1.610230295428491,arima,HUANUCO
2022-08-01,2.0744699398271247,1.6474334800489707,arima,HUANUCO
2022-08-08,1.456542723708405,1.6575522413173864,arima,HUANUCO
2022-08-15,1.0151661407664623,1.2670063781652867,arima,HUANUCO
2022-08-22,0.7944778492954909,1.3145651839292762,arima,HUANUCO
2022-08-29,0.9268908241780739,1.3928417316131183,arima,HUANUCO
2022-09-05,1.0593037990606566,1.4275584574764704,arima,HUANUCO
2022-09-12,1.3682674071200165,1.098174604619711,arima,HUANUCO
2022-09-19,1.1475791156490451,1.0869745650879292,arima,HUANUCO
2022-09-26,1.2799920905316278,1.0699414858046974,arima,HUANUCO
2022-10-03,1.0593037990606566,1.0625330555144248,arima,HUANUCO
2022-10-10,0.9268908241780737,0.9774450432889453,arima,HUANUCO
2022-10-17,0.7503401910012967,0.9852446126183609,arima,HUANUCO
2022-10-24,1.2358544322374334,1.011371452586918,arima,HUANUCO
2022-10-31,1.4124050654142106,1.0252406180269025,arima,HUANUCO
2022-11-07,1.5006803820025991,1.3961843463977528,arima,HUANUCO
2022-11-14,1.1034414573548508,1.3402412665129566,arima,HUANUCO
2022-11-21,1.015166140766462,1.3101733375894107,arima,HUANUCO
2022-11-28,1.5006803820025991,1.3063168471082918,arima,HUANUCO
2022-12-05,1.7655063317677646,1.678333503412314,arima,HUANUCO
2022-12-12,1.9420569649445418,1.6579055688327977,arima,HUANUCO
2022-12-19,1.5448180402967935,1.5986390903778487,arima,HUANUCO
2022-12-26,1.1034414573548508,1.568100866492676,arima,HUANUCO
2023-01-02,1.1058601942362243,1.021884152567779,arima,HUANUCO
2023-01-09,0.8863812712059397,1.0939156865642796,arima,HUANUCO
2023-01-16,1.0207292355936215,1.1612877978532041,arima,HUANUCO
2023-01-23,0.9763497036112897,1.1830876898975833,arima,HUANUCO
2023-01-30,1.3757654914522746,0.9543521693761449,arima,HUANUCO
2023-02-06,1.1982473635229478,0.9527288921607365,arima,HUANUCO
2023-02-13,1.0207292355936215,0.9576639227453367,arima,HUANUCO
2023-02-20,0.7544520436996317,0.9611544088168757,arima,HUANUCO
2023-02-27,1.0207292355936215,0.7075976360765486,arima,HUANUCO
2023-03-06,1.3313859594699429,0.75058156661037,arima,HUANUCO
2023-03-13,1.464524555416938,0.7900473009454242,arima,HUANUCO
2023-03-20,1.908319875240254,0.802975531156209,arima,HUANUCO
2023-03-27,2.0414584711872488,1.9977853188884918,arima,HUANUCO
2023-04-03,2.574012854975228,1.9338692760894636,arima,HUANUCO
2023-04-10,3.017808174798544,1.8693997448460111,arima,HUANUCO
2023-04-17,4.0385374103921725,1.8461349820542714,arima,HUANUCO
2023-04-24,4.748609922109478,4.198236013669033,arima,HUANUCO
2023-05-01,5.769339157703105,3.959833694811796,arima,HUANUCO
2023-05-08,5.63620056175611,3.761015596686196,arima,HUANUCO
2023-05-15,5.9024777536501,3.7176480613436143,arima,HUANUCO
2023-05-22,5.991236817614763,5.933685157707518,arima,HUANUCO
2023-05-29,7.1894841811377175,5.875170677071992,arima,HUANUCO
2023-06-05,7.6332795009610335,5.828036953602952,arima,HUANUCO
2023-06-12,7.322622777084711,5.814804224672037,arima,HUANUCO
2023-06-19,6.390652605455748,7.149572272685683,arima,HUANUCO
2023-06-26,5.813718689685437,7.067022920108451,arima,HUANUCO
2023-07-03,4.881748518056472,7.017405100200995,arima,HUANUCO
2023-07-10,4.393573666250824,6.996423245620528,arima,HUANUCO
2023-07-17,3.372844430657197,4.015684636861803,arima,HUANUCO
2023-07-24,3.5059830266041927,3.906998140307184,arima,HUANUCO
2023-07-31,3.2840853666925347,3.773192501045173,arima,HUANUCO
2023-08-07,3.150946770745539,3.762416794875781,arima,HUANUCO
2023-08-14,2.3077356630812385,2.9588728182827126,arima,HUANUCO
2023-08-21,1.5976631513639326,2.9704512846496685,arima,HUANUCO
2023-08-28,0.9763497036112897,2.8917370163261444,arima,HUANUCO
2023-09-04,0.8875906396466263,2.922269265644311,arima,HUANUCO
2023-09-11,1.0651087675759527,0.7240746421097928,arima,HUANUCO
2023-09-18,1.3313859594699426,0.7388051058868409,arima,HUANUCO
2023-09-25,1.2870064274876112,0.6668950080122814,arima,HUANUCO
2023-10-02,1.2870064274876112,0.6954989952725877,arima,HUANUCO
2023-10-09,1.2870064274876112,1.2389579102775008,arima,HUANUCO
2023-10-16,1.1982473635229478,1.2542287277902218,arima,HUANUCO
2023-10-23,0.9763497036112897,1.2294323834155498,arima,HUANUCO
2023-10-30,1.1538678315406161,1.243651464668171,arima,HUANUCO
2023-11-06,1.2870064274876112,1.1476621983944817,arima,HUANUCO
2023-11-13,1.5976631513639326,1.2261311564597455,arima,HUANUCO
2023-11-20,1.908319875240254,1.1980136162830404,arima,HUANUCO
2023-11-27,1.8639403432579222,1.2409275837380902,arima,HUANUCO
2023-12-04,1.8639403432579222,1.8809208402317343,arima,HUANUCO
2023-12-11,1.3757654914522746,1.8568023011976977,arima,HUANUCO
2023-12-18,1.3313859594699429,1.8714604459545991,arima,HUANUCO
2023-12-25,0.9319701716289582,1.8566797816841731,arima,HUANUCO
