date,actual,predicted,model,region
2004-12-27,4.32430222469625,7.351313781983623,naive,LORETO
2005-01-03,4.872046018524684,7.351313781983623,naive,LORETO
2005-01-10,5.680994753775256,7.351313781983623,naive,LORETO
2005-01-17,7.845183231403923,7.351313781983623,naive,LORETO
2005-01-24,8.231645459551899,7.845183231403923,naive,LORETO
2005-01-31,7.420074780441149,7.845183231403923,naive,LORETO
2005-02-07,7.6905983401447315,7.845183231403923,naive,LORETO
2005-02-14,7.6905983401447315,7.845183231403923,naive,LORETO
2005-02-21,8.077060568292708,7.6905983401447315,naive,LORETO
2005-02-28,7.342782334811552,7.6905983401447315,naive,LORETO
2005-03-07,6.994966329478374,7.6905983401447315,naive,LORETO
2005-03-14,5.8355796450344455,7.6905983401447315,naive,LORETO
2005-03-21,6.337980541626815,5.8355796450344455,naive,LORETO
2005-03-28,7.381428557626351,5.8355796450344455,naive,LORETO
2005-04-04,7.729244562959529,5.8355796450344455,naive,LORETO
2005-04-11,7.961121899848315,5.8355796450344455,naive,LORETO
2005-04-18,6.724442769774792,7.961121899848315,naive,LORETO
2005-04-25,6.608504101330399,7.961121899848315,naive,LORETO
2005-05-02,7.110904997922767,7.961121899848315,naive,LORETO
2005-05-09,7.845183231403922,7.961121899848315,naive,LORETO
2005-05-16,8.695400133329471,7.845183231403922,naive,LORETO
2005-05-23,9.661555703699413,7.845183231403922,naive,LORETO
2005-05-30,11.941682849772471,7.845183231403922,naive,LORETO
2005-06-06,15.226611789030272,7.845183231403922,naive,LORETO
2005-06-13,18.009139831695702,15.226611789030272,naive,LORETO
2005-06-20,17.04298426132576,15.226611789030272,naive,LORETO
2005-06-27,15.844951354067033,15.226611789030272,naive,LORETO
2005-07-04,16.347352250659405,15.226611789030272,naive,LORETO
2005-07-11,17.429446489473737,16.347352250659405,naive,LORETO
2005-07-18,16.347352250659405,16.347352250659405,naive,LORETO
2005-07-25,13.062423311401604,16.347352250659405,naive,LORETO
2005-08-01,11.323343284735712,16.347352250659405,naive,LORETO
2005-08-08,11.671159290068891,11.323343284735712,naive,LORETO
2005-08-15,11.5165743988097,11.323343284735712,naive,LORETO
2005-08-22,11.903036626957677,11.323343284735712,naive,LORETO
2005-08-29,11.671159290068891,11.323343284735712,naive,LORETO
2005-09-05,12.28949885510565,11.671159290068891,naive,LORETO
2005-09-12,11.36198950755051,11.671159290068891,naive,LORETO
2005-09-19,9.584263258069816,11.671159290068891,naive,LORETO
2005-09-26,9.622909480884614,11.671159290068891,naive,LORETO
2005-10-03,10.782296165328544,9.622909480884614,naive,LORETO
2005-10-10,11.671159290068891,9.622909480884614,naive,LORETO
2005-10-17,10.936881056587735,9.622909480884614,naive,LORETO
2005-10-24,11.052819725032128,9.622909480884614,naive,LORETO
2005-10-31,11.323343284735712,11.052819725032128,naive,LORETO
2005-11-07,10.85958861095814,11.052819725032128,naive,LORETO
2005-11-14,8.695400133329471,11.052819725032128,naive,LORETO
2005-11-21,7.033612552293172,11.052819725032128,naive,LORETO
2005-11-28,5.44911741688647,7.033612552293172,naive,LORETO
2005-12-05,5.410471194071672,7.033612552293172,naive,LORETO
2005-12-12,5.642348530960458,7.033612552293172,naive,LORETO
2005-12-19,5.2172400799976835,7.033612552293172,naive,LORETO
2005-12-26,4.019207172738956,5.2172400799976835,naive,LORETO
2006-01-02,2.8488825596688794,5.2172400799976835,naive,LORETO
2006-01-09,3.208965077600851,5.2172400799976835,naive,LORETO
2006-01-16,5.3203941347975094,5.2172400799976835,naive,LORETO
2006-01-23,6.574487037999778,5.3203941347975094,naive,LORETO
2006-01-30,6.688495483745439,5.3203941347975094,naive,LORETO
2006-02-06,4.256315307838007,5.3203941347975094,naive,LORETO
2006-02-13,3.9902956010981327,5.3203941347975094,naive,LORETO
2006-02-20,4.446329384080776,3.9902956010981327,naive,LORETO
2006-02-27,4.370323753583668,3.9902956010981327,naive,LORETO
2006-03-06,4.978368797560526,3.9902956010981327,naive,LORETO
2006-03-13,4.066301231595239,3.9902956010981327,naive,LORETO
2006-03-20,5.092377243306188,4.066301231595239,naive,LORETO
2006-03-27,4.636343460323544,4.066301231595239,naive,LORETO
2006-04-03,5.928439178774366,4.066301231595239,naive,LORETO
2006-04-10,6.3084673312599024,4.066301231595239,naive,LORETO
2006-04-17,7.676568680207833,6.3084673312599024,naive,LORETO
2006-04-24,8.968664398658655,6.3084673312599024,naive,LORETO
2006-05-01,11.172827683074765,6.3084673312599024,naive,LORETO
2006-05-08,13.22497970649666,6.3084673312599024,naive,LORETO
2006-05-15,16.455219002623718,13.22497970649666,naive,LORETO
2006-05-22,22.839691964380723,13.22497970649666,naive,LORETO
2006-05-29,27.628046685698482,13.22497970649666,naive,LORETO
2006-06-05,32.606415483259006,13.22497970649666,naive,LORETO
2006-06-12,30.858285981825542,32.606415483259006,naive,LORETO
2006-06-19,28.312097360172448,32.606415483259006,naive,LORETO
2006-06-26,22.38365818139808,32.606415483259006,naive,LORETO
2006-07-03,18.089340058311524,32.606415483259006,naive,LORETO
2006-07-10,16.189199295883842,18.089340058311524,naive,LORETO
2006-07-17,13.719016304727859,18.089340058311524,naive,LORETO
2006-07-24,13.072968445502449,18.089340058311524,naive,LORETO
2006-07-31,11.742869911803071,18.089340058311524,naive,LORETO
2006-08-07,11.134824867826213,11.742869911803071,naive,LORETO
2006-08-14,10.07074604086671,11.742869911803071,naive,LORETO
2006-08-21,9.006667213907212,11.742869911803071,naive,LORETO
2006-08-28,9.158678474901427,11.742869911803071,naive,LORETO
2006-09-04,8.018594017444817,9.158678474901427,naive,LORETO
2006-09-11,6.270464516011351,9.158678474901427,naive,LORETO
2006-09-18,4.598340645074992,9.158678474901427,naive,LORETO
2006-09-25,3.990295601098134,9.158678474901427,naive,LORETO
2006-10-02,4.256315307838009,3.990295601098134,naive,LORETO
2006-10-09,4.674346275572099,3.990295601098134,naive,LORETO
2006-10-16,5.776427917780154,3.990295601098134,naive,LORETO
2006-10-23,5.396399765294618,3.990295601098134,naive,LORETO
2006-10-30,6.118453255017137,5.396399765294618,naive,LORETO
2006-11-06,6.004444809271476,5.396399765294618,naive,LORETO
2006-11-13,6.536484222751227,5.396399765294618,naive,LORETO
2006-11-20,5.852433548277261,5.396399765294618,naive,LORETO
2006-11-27,5.852433548277261,5.852433548277261,naive,LORETO
2006-12-04,5.586413841537386,5.852433548277261,naive,LORETO
2006-12-11,5.586413841537386,5.852433548277261,naive,LORETO
2006-12-18,5.054374428057636,5.852433548277261,naive,LORETO
2006-12-25,4.560337829826438,5.054374428057636,naive,LORETO
2007-01-01,4.977161888166406,5.054374428057636,naive,LORETO
2007-01-08,6.372101117662692,5.054374428057636,naive,LORETO
2007-01-15,8.22369650672325,5.054374428057636,naive,LORETO
2007-01-22,8.298457384057096,8.22369650672325,naive,LORETO
2007-01-29,6.95276159204784,8.22369650672325,naive,LORETO
2007-02-05,6.018250625374743,8.22369650672325,naive,LORETO
2007-02-12,6.317294134710134,8.22369650672325,naive,LORETO
2007-02-19,8.22369650672325,6.317294134710134,naive,LORETO
2007-02-26,8.261076945390174,6.317294134710134,naive,LORETO
2007-03-05,9.046066157395577,6.317294134710134,naive,LORETO
2007-03-12,7.476087733384773,6.317294134710134,naive,LORETO
2007-03-19,8.560120454725565,7.476087733384773,naive,LORETO
2007-03-26,8.186316068056327,7.476087733384773,naive,LORETO
2007-04-02,8.971305280061728,7.476087733384773,naive,LORETO
2007-04-09,10.16747931740329,7.476087733384773,naive,LORETO
2007-04-16,11.13937072274331,10.16747931740329,naive,LORETO
2007-04-23,12.671968708087187,10.16747931740329,naive,LORETO
2007-04-30,11.774838180081014,10.16747931740329,naive,LORETO
2007-05-07,12.671968708087187,10.16747931740329,naive,LORETO
2007-05-14,13.232675288091045,12.671968708087187,naive,LORETO
2007-05-21,14.989555905436466,12.671968708087187,naive,LORETO
2007-05-28,15.699784240108018,12.671968708087187,naive,LORETO
2007-06-04,14.989555905436466,12.671968708087187,naive,LORETO
2007-06-11,16.821197400115732,14.989555905436466,naive,LORETO
2007-06-18,12.971012217422578,14.989555905436466,naive,LORETO
2007-06-25,10.279620633404063,14.989555905436466,naive,LORETO
2007-07-02,7.775131242720164,14.989555905436466,naive,LORETO
2007-07-09,8.821783525394032,7.775131242720164,naive,LORETO
2007-07-16,11.513175109412549,7.775131242720164,naive,LORETO
2007-07-23,10.503903265405604,7.775131242720164,naive,LORETO
2007-07-30,11.4384142320787,7.775131242720164,naive,LORETO
2007-08-06,10.915088090741767,11.4384142320787,naive,LORETO
2007-08-13,11.251512038744082,11.4384142320787,naive,LORETO
2007-08-20,10.802946774740995,11.4384142320787,naive,LORETO
2007-08-27,9.49463142139866,11.4384142320787,naive,LORETO
2007-09-03,7.849892120054011,9.49463142139866,naive,LORETO
2007-09-10,6.429435450710906,9.49463142139866,naive,LORETO
2007-09-17,6.541576766711677,9.49463142139866,naive,LORETO
2007-09-24,7.363946417384002,9.49463142139866,naive,LORETO
2007-10-01,6.765859398713221,7.363946417384002,naive,LORETO
2007-10-08,7.849892120054012,7.363946417384002,naive,LORETO
2007-10-15,7.401326856050925,7.363946417384002,naive,LORETO
2007-10-22,10.279620633404061,7.363946417384002,naive,LORETO
2007-10-29,9.56939229873251,10.279620633404061,naive,LORETO
2007-11-05,9.345109666730965,10.279620633404061,naive,LORETO
2007-11-12,6.27991369604321,10.279620633404061,naive,LORETO
2007-11-19,5.569685361371657,10.279620633404061,naive,LORETO
2007-11-26,4.784696149366256,5.569685361371657,naive,LORETO
2007-12-03,5.420163606703962,5.569685361371657,naive,LORETO
2007-12-10,6.055631064041667,5.569685361371657,naive,LORETO
2007-12-17,7.363946417384002,5.569685361371657,naive,LORETO
2007-12-24,9.756294492067129,7.363946417384002,naive,LORETO
2007-12-31,9.419870544064814,7.363946417384002,naive,LORETO
2008-01-07,12.499962118332428,7.363946417384002,naive,LORETO
2008-01-14,14.19697746192386,7.363946417384002,naive,LORETO
2008-01-21,15.801681861445529,14.19697746192386,naive,LORETO
2008-01-28,13.248248492734191,14.19697746192386,naive,LORETO
2008-02-04,10.287746036257277,14.19697746192386,naive,LORETO
2008-02-11,8.178388036017479,14.19697746192386,naive,LORETO
2008-02-18,7.290237299074403,8.178388036017479,naive,LORETO
2008-02-25,6.365080281425368,8.178388036017479,naive,LORETO
2008-03-03,8.067369193899593,8.178388036017479,naive,LORETO
2008-03-10,8.141381755311516,8.178388036017479,naive,LORETO
2008-03-17,8.51144456237113,8.141381755311516,naive,LORETO
2008-03-24,7.845331509663825,8.141381755311516,naive,LORETO
2008-03-31,7.290237299074403,8.141381755311516,naive,LORETO
2008-04-07,7.216224737662482,8.141381755311516,naive,LORETO
2008-04-14,7.179218456956519,7.216224737662482,naive,LORETO
2008-04-21,7.5862875447220945,7.216224737662482,naive,LORETO
2008-04-28,7.438262421898249,7.216224737662482,naive,LORETO
2008-05-05,5.661960948012101,7.216224737662482,naive,LORETO
2008-05-12,3.9596720355378765,5.661960948012101,naive,LORETO
2008-05-19,3.7006280705961463,5.661960948012101,naive,LORETO
2008-05-26,3.848653193419992,5.661960948012101,naive,LORETO
2008-06-02,4.736803930363066,5.661960948012101,naive,LORETO
2008-06-09,4.181709719773646,4.736803930363066,naive,LORETO
2008-06-16,3.922665754831915,4.736803930363066,naive,LORETO
2008-06-23,2.775471052947111,4.736803930363066,naive,LORETO
2008-06-30,2.2203768423576897,4.736803930363066,naive,LORETO
2008-07-07,3.6266155091842234,2.2203768423576897,naive,LORETO
2008-07-14,5.550942105894218,2.2203768423576897,naive,LORETO
2008-07-21,8.844501088724783,2.2203768423576897,naive,LORETO
2008-07-28,8.992526211548629,2.2203768423576897,naive,LORETO
2008-08-04,7.068199614838636,8.992526211548629,naive,LORETO
2008-08-11,3.700628070596147,8.992526211548629,naive,LORETO
2008-08-18,1.7763014738861533,8.992526211548629,naive,LORETO
2008-08-25,2.5904396494173043,8.992526211548629,naive,LORETO
2008-09-01,5.032854176010758,2.5904396494173043,naive,LORETO
2008-09-08,5.809986070835948,2.5904396494173043,naive,LORETO
2008-09-15,6.439092842837293,2.5904396494173043,naive,LORETO
2008-09-22,4.588778807539221,2.5904396494173043,naive,LORETO
2008-09-29,4.070690877655761,4.588778807539221,naive,LORETO
2008-10-06,4.255722281185569,4.588778807539221,naive,LORETO
2008-10-13,6.180048877895562,4.588778807539221,naive,LORETO
2008-10-20,7.549281264016134,4.588778807539221,naive,LORETO
2008-10-27,7.216224737662482,7.549281264016134,naive,LORETO
2008-11-03,7.956350351781709,7.549281264016134,naive,LORETO
2008-11-10,8.178388036017479,7.549281264016134,naive,LORETO
2008-11-17,8.69647596590094,7.549281264016134,naive,LORETO
2008-11-24,7.327243579780365,8.69647596590094,naive,LORETO
2008-12-01,6.994187053426713,8.69647596590094,naive,LORETO
2008-12-08,7.253231018368442,8.69647596590094,naive,LORETO
2008-12-15,6.587117965661137,8.69647596590094,naive,LORETO
2008-12-22,5.217885579540565,6.587117965661137,naive,LORETO
2008-12-29,6.587117965661136,6.587117965661137,naive,LORETO
2009-01-05,6.860794495436417,6.587117965661137,naive,LORETO
2009-01-12,8.245759793072788,6.587117965661137,naive,LORETO
2009-01-19,5.49592477178173,8.245759793072788,naive,LORETO
2009-01-26,4.689855805253743,8.245759793072788,naive,LORETO
2009-02-02,4.2501818235112045,8.245759793072788,naive,LORETO
2009-02-09,5.569203768738819,8.245759793072788,naive,LORETO
2009-02-16,6.448551732223894,5.569203768738819,naive,LORETO
2009-02-23,8.24388715767259,5.569203768738819,naive,LORETO
2009-03-02,10.149141078556921,5.569203768738819,naive,LORETO
2009-03-09,12.164313494876888,5.569203768738819,naive,LORETO
2009-03-16,13.629893434018678,12.164313494876888,naive,LORETO
2009-03-23,13.886369923368493,12.164313494876888,naive,LORETO
2009-03-30,12.970382461404874,12.164313494876888,naive,LORETO
2009-04-06,10.845291549649275,12.164313494876888,naive,LORETO
2009-04-13,13.373416944668866,10.845291549649275,naive,LORETO
2009-04-20,14.399322902068121,10.845291549649275,naive,LORETO
2009-04-27,18.209830743836786,10.845291549649275,naive,LORETO
2009-05-04,17.58695926970152,10.845291549649275,naive,LORETO
2009-05-11,20.188363661678206,17.58695926970152,naive,LORETO
2009-05-18,19.968526670806934,17.58695926970152,naive,LORETO
2009-05-25,20.15172416319966,17.58695926970152,naive,LORETO
2009-06-01,17.147285287958983,17.58695926970152,naive,LORETO
2009-06-08,14.509241397503756,17.147285287958983,naive,LORETO
2009-06-15,11.651360516177258,17.147285287958983,naive,LORETO
2009-06-22,11.761279011612894,17.147285287958983,naive,LORETO
2009-06-29,11.248326032913267,17.147285287958983,naive,LORETO
2009-07-06,9.672827598335838,11.248326032913267,naive,LORETO
2009-07-13,7.694294680494418,11.248326032913267,naive,LORETO
2009-07-20,6.228714741352626,11.248326032913267,naive,LORETO
2009-07-27,5.862319756567177,11.248326032913267,naive,LORETO
2009-08-03,6.2653542398311695,5.862319756567177,naive,LORETO
2009-08-10,6.595109726138074,5.862319756567177,naive,LORETO
2009-08-17,6.5218307291809845,5.862319756567177,naive,LORETO
2009-08-24,6.9615047109235215,5.862319756567177,naive,LORETO
2009-08-31,6.301993738309715,6.9615047109235215,naive,LORETO
2009-09-07,5.825680258088632,6.9615047109235215,naive,LORETO
2009-09-14,4.763134802210833,6.9615047109235215,naive,LORETO
2009-09-21,5.312727279389005,6.9615047109235215,naive,LORETO
2009-09-28,5.605843267217363,5.312727279389005,naive,LORETO
2009-10-05,7.254620698751881,5.312727279389005,naive,LORETO
2009-10-12,7.511097188101694,5.312727279389005,naive,LORETO
2009-10-19,7.511097188101695,5.312727279389005,naive,LORETO
2009-10-26,6.118796245916992,7.511097188101695,naive,LORETO
2009-11-02,6.045517248959901,7.511097188101695,naive,LORETO
2009-11-09,6.558470227659529,7.511097188101695,naive,LORETO
2009-11-16,5.825680258088632,7.511097188101695,naive,LORETO
2009-11-23,5.569203768738819,5.825680258088632,naive,LORETO
2009-11-30,4.799774300689378,5.825680258088632,naive,LORETO
2009-12-07,5.202808783953371,5.825680258088632,naive,LORETO
2009-12-14,4.506658312861019,5.825680258088632,naive,LORETO
2009-12-21,3.993705334161391,4.506658312861019,naive,LORETO
2009-12-28,2.125090911755605,4.506658312861019,naive,LORETO
2010-01-04,2.584503992517721,4.506658312861019,naive,LORETO
2010-01-11,3.627991551133281,4.506658312861019,naive,LORETO
2010-01-18,5.0429082560752585,3.627991551133281,naive,LORETO
2010-01-25,5.224307833631922,3.627991551133281,naive,LORETO
2010-02-01,4.970348425052593,3.627991551133281,naive,LORETO
2010-02-08,6.022465974881243,3.627991551133281,naive,LORETO
2010-02-15,6.022465974881243,6.022465974881243,naive,LORETO
2010-02-22,6.276425383460572,6.022465974881243,naive,LORETO
2010-03-01,6.1675856369265745,6.022465974881243,naive,LORETO
2010-03-08,5.623386904256583,6.022465974881243,naive,LORETO
2010-03-15,5.804786481813246,5.623386904256583,naive,LORETO
2010-03-22,6.1675856369265745,5.623386904256583,naive,LORETO
2010-03-29,7.945301496981879,5.623386904256583,naive,LORETO
2010-04-05,9.577897694991854,5.623386904256583,naive,LORETO
2010-04-12,11.355613555047158,9.577897694991854,naive,LORETO
2010-04-19,14.258006795953778,9.577897694991854,naive,LORETO
2010-04-26,18.430197079757047,9.577897694991854,naive,LORETO
2010-05-03,20.969791165550337,9.577897694991854,naive,LORETO
2010-05-10,20.53443217941435,20.969791165550337,naive,LORETO
2010-05-17,20.498152263903012,20.969791165550337,naive,LORETO
2010-05-24,16.507361557656413,20.969791165550337,naive,LORETO
2010-05-31,14.947325190669103,20.969791165550337,naive,LORETO
2010-06-07,10.847694737888501,14.947325190669103,naive,LORETO
2010-06-14,10.70257507584317,14.947325190669103,naive,LORETO
2010-06-21,8.562060060674535,14.947325190669103,naive,LORETO
2010-06-28,5.986186059369909,14.947325190669103,naive,LORETO
2010-07-05,5.151748002609256,5.986186059369909,naive,LORETO
2010-07-12,5.6596668197679145,5.986186059369909,naive,LORETO
2010-07-19,6.7843442006192305,5.986186059369909,naive,LORETO
2010-07-26,6.348985214483238,5.986186059369909,naive,LORETO
2010-08-02,5.6596668197679145,6.348985214483238,naive,LORETO
2010-08-09,5.6596668197679145,6.348985214483238,naive,LORETO
2010-08-16,6.3127052989719035,6.348985214483238,naive,LORETO
2010-08-23,6.5303847920399,6.348985214483238,naive,LORETO
2010-08-30,5.804786481813245,6.5303847920399,naive,LORETO
2010-09-06,5.33314758016592,6.5303847920399,naive,LORETO
2010-09-13,5.768506566301913,6.5303847920399,naive,LORETO
2010-09-20,5.405707411188586,6.5303847920399,naive,LORETO
2010-09-27,4.4624296078939345,5.405707411188586,naive,LORETO
2010-10-04,4.426149692382602,5.405707411188586,naive,LORETO
2010-10-11,5.841066397324578,5.405707411188586,naive,LORETO
2010-10-18,6.494104876528568,5.405707411188586,naive,LORETO
2010-10-25,5.695946735279247,6.494104876528568,naive,LORETO
2010-11-01,4.93406850954126,6.494104876528568,naive,LORETO
2010-11-08,5.006628340563926,6.494104876528568,naive,LORETO
2010-11-15,4.752668931984596,6.494104876528568,naive,LORETO
2010-11-22,4.244750114825938,4.752668931984596,naive,LORETO
2010-11-29,3.7368312976672784,4.752668931984596,naive,LORETO
2010-12-06,3.809391128689944,4.752668931984596,naive,LORETO
2010-12-13,3.845671044201277,4.752668931984596,naive,LORETO
2010-12-20,3.555431720110615,3.845671044201277,naive,LORETO
2010-12-27,3.265192396019953,3.845671044201277,naive,LORETO
2011-01-03,3.8622078860888145,3.845671044201277,naive,LORETO
2011-01-10,4.968199857974753,3.845671044201277,naive,LORETO
2011-01-17,4.454992717524006,4.968199857974753,naive,LORETO
2011-01-24,3.5927360625193607,4.968199857974753,naive,LORETO
2011-01-31,2.694552046889522,4.968199857974753,naive,LORETO
2011-02-07,4.167573832522458,4.968199857974753,naive,LORETO
2011-02-14,4.454992717524006,4.167573832522458,naive,LORETO
2011-02-21,5.173539930027878,4.167573832522458,naive,LORETO
2011-02-28,4.957975766276716,4.167573832522458,naive,LORETO
2011-03-07,5.137612569402684,4.167573832522458,naive,LORETO
2011-03-14,7.868091976917394,5.137612569402684,naive,LORETO
2011-03-21,8.550711828796073,5.137612569402684,naive,LORETO
2011-03-28,10.203370417554975,5.137612569402684,naive,LORETO
2011-04-04,11.245263875685588,5.137612569402684,naive,LORETO
2011-04-11,13.329050791946814,11.245263875685588,naive,LORETO
2011-04-18,13.400905513197202,11.245263875685588,naive,LORETO
2011-04-25,11.281191236310782,11.245263875685588,naive,LORETO
2011-05-02,9.880024171928234,11.245263875685588,naive,LORETO
2011-05-09,10.490789302556523,9.880024171928234,naive,LORETO
2011-05-16,11.604537481937525,9.880024171928234,naive,LORETO
2011-05-23,11.85602900631388,9.880024171928234,naive,LORETO
2011-05-30,11.784174285063493,9.880024171928234,naive,LORETO
2011-06-06,10.56264402380691,11.784174285063493,naive,LORETO
2011-06-13,10.706353466307684,11.784174285063493,naive,LORETO
2011-06-20,11.137481793810005,11.784174285063493,naive,LORETO
2011-06-27,11.029699711934427,11.784174285063493,naive,LORETO
2011-07-04,12.251229973191009,11.029699711934427,naive,LORETO
2011-07-11,11.7482469244383,11.029699711934427,naive,LORETO
2011-07-18,11.96381108818946,11.029699711934427,naive,LORETO
2011-07-25,10.490789302556523,11.029699711934427,naive,LORETO
2011-08-01,8.874058074422814,10.490789302556523,naive,LORETO
2011-08-08,7.904019337542587,10.490789302556523,naive,LORETO
2011-08-15,6.3232154700340715,10.490789302556523,naive,LORETO
2011-08-22,6.071723945657716,10.490789302556523,naive,LORETO
2011-08-29,6.107651306282911,6.071723945657716,naive,LORETO
2011-09-05,6.574706994410427,6.071723945657716,naive,LORETO
2011-09-12,5.640595618155395,6.071723945657716,naive,LORETO
2011-09-19,4.4190653568988125,6.071723945657716,naive,LORETO
2011-09-26,4.275355914398038,4.4190653568988125,naive,LORETO
2011-10-03,4.526847438774394,4.4190653568988125,naive,LORETO
2011-10-10,5.281322011903458,4.4190653568988125,naive,LORETO
2011-10-17,4.7424116025255545,4.4190653568988125,naive,LORETO
2011-10-24,4.634629520649974,4.7424116025255545,naive,LORETO
2011-10-31,5.281322011903458,4.7424116025255545,naive,LORETO
2011-11-07,5.317249372528651,4.7424116025255545,naive,LORETO
2011-11-14,5.71245033940578,4.7424116025255545,naive,LORETO
2011-11-21,5.460958815029426,5.71245033940578,naive,LORETO
2011-11-28,8.155510861918943,5.71245033940578,naive,LORETO
2011-12-05,8.981840156298395,5.71245033940578,naive,LORETO
2011-12-12,7.580673091915845,5.71245033940578,naive,LORETO
2011-12-19,5.209467290653071,7.580673091915845,naive,LORETO
2011-12-26,5.137612569402684,7.580673091915845,naive,LORETO
2012-01-02,5.875490238553965,7.580673091915845,naive,LORETO
2012-01-09,5.9286734428293455,7.580673091915845,naive,LORETO
2012-01-16,5.977707421110278,5.9286734428293455,naive,LORETO
2012-01-23,6.048870604694923,5.9286734428293455,naive,LORETO
2012-01-30,6.191196971864216,5.9286734428293455,naive,LORETO
2012-02-06,5.835381053940986,5.9286734428293455,naive,LORETO
2012-02-13,5.728636278564017,5.835381053940986,naive,LORETO
2012-02-20,5.337238768848462,5.835381053940986,naive,LORETO
2012-02-27,5.266075585263817,5.835381053940986,naive,LORETO
2012-03-05,5.337238768848462,5.835381053940986,naive,LORETO
2012-03-12,5.657473094979371,5.337238768848462,naive,LORETO
2012-03-19,5.728636278564017,5.337238768848462,naive,LORETO
2012-03-26,6.262360155448863,5.337238768848462,naive,LORETO
2012-04-02,7.899113377895723,5.337238768848462,naive,LORETO
2012-04-09,9.393540233173292,7.899113377895723,naive,LORETO
2012-04-16,10.99471186382783,7.899113377895723,naive,LORETO
2012-04-23,11.386109373543382,7.899113377895723,naive,LORETO
2012-04-30,10.959130272035507,7.899113377895723,naive,LORETO
2012-05-07,10.78122231307389,10.959130272035507,naive,LORETO
2012-05-14,10.460987986942984,10.959130272035507,naive,LORETO
2012-05-21,11.279364598166415,10.959130272035507,naive,LORETO
2012-05-28,11.955414842220554,10.959130272035507,naive,LORETO
2012-06-04,11.741925291466613,11.955414842220554,naive,LORETO
2012-06-11,10.460987986942984,11.955414842220554,naive,LORETO
2012-06-18,8.930979539873093,11.955414842220554,naive,LORETO
2012-06-25,7.7567870107264305,11.955414842220554,naive,LORETO
2012-07-02,7.116318358464617,7.7567870107264305,naive,LORETO
2012-07-09,6.9384103995030015,7.7567870107264305,naive,LORETO
2012-07-16,6.582594481579771,7.7567870107264305,naive,LORETO
2012-07-23,5.835381053940986,7.7567870107264305,naive,LORETO
2012-07-30,5.194912401679171,5.835381053940986,naive,LORETO
2012-08-06,5.2304939934714945,5.835381053940986,naive,LORETO
2012-08-13,5.443983544225432,5.835381053940986,naive,LORETO
2012-08-20,5.40840195243311,5.835381053940986,naive,LORETO
2012-08-27,4.732351708378972,5.40840195243311,naive,LORETO
2012-09-03,5.0881676263022015,5.40840195243311,naive,LORETO
2012-09-10,5.550728319602402,5.40840195243311,naive,LORETO
2012-09-17,6.262360155448863,5.40840195243311,naive,LORETO
2012-09-24,5.87096264573331,6.262360155448863,naive,LORETO
2012-10-01,4.625606933002001,6.262360155448863,naive,LORETO
2012-10-08,4.198627831494125,6.262360155448863,naive,LORETO
2012-10-15,4.3765357904557405,6.262360155448863,naive,LORETO
2012-10-22,4.447698974040387,4.3765357904557405,naive,LORETO
2012-10-29,4.412117382248064,4.3765357904557405,naive,LORETO
2012-11-05,4.910259667340586,4.3765357904557405,naive,LORETO
2012-11-12,5.194912401679171,4.3765357904557405,naive,LORETO
2012-11-19,5.337238768848462,5.194912401679171,naive,LORETO
2012-11-26,5.123749218094525,5.194912401679171,naive,LORETO
2012-12-03,5.550728319602402,5.194912401679171,naive,LORETO
2012-12-10,5.728636278564017,5.194912401679171,naive,LORETO
2012-12-17,6.2267785636565405,5.728636278564017,naive,LORETO
2012-12-24,5.977707421110278,5.728636278564017,naive,LORETO
2012-12-31,6.404686522618154,5.728636278564017,naive,LORETO
2013-01-07,6.734722168798818,5.728636278564017,naive,LORETO
2013-01-14,7.5639177423776305,6.734722168798818,naive,LORETO
2013-01-21,7.259929804232121,6.734722168798818,naive,LORETO
2013-01-28,7.048475538089438,6.734722168798818,naive,LORETO
2013-02-04,7.013233160398991,6.734722168798818,naive,LORETO
2013-02-11,6.837021271946754,7.013233160398991,naive,LORETO
2013-02-18,6.414112739661388,7.013233160398991,naive,LORETO
2013-02-25,5.638780430471551,7.013233160398991,naive,LORETO
2013-03-04,5.779749941233341,7.013233160398991,naive,LORETO
2013-03-11,6.2026584735187065,5.779749941233341,naive,LORETO
2013-03-18,6.4845974950422836,5.779749941233341,naive,LORETO
2013-03-25,6.6960517611849655,5.779749941233341,naive,LORETO
2013-04-01,8.599140156469113,5.779749941233341,naive,LORETO
2013-04-08,10.149804774848787,8.599140156469113,naive,LORETO
2013-04-15,12.193862680894725,8.599140156469113,naive,LORETO
2013-04-22,12.017650792442488,8.599140156469113,naive,LORETO
2013-04-29,11.171833727871757,8.599140156469113,naive,LORETO
2013-05-06,9.550684354111185,11.171833727871757,naive,LORETO
2013-05-13,8.000019735731511,11.171833727871757,naive,LORETO
2013-05-20,6.378870361970942,11.171833727871757,naive,LORETO
2013-05-27,6.132173718137811,11.171833727871757,naive,LORETO
2013-06-03,5.674022808161998,6.132173718137811,naive,LORETO
2013-06-10,7.189445048851226,6.132173718137811,naive,LORETO
2013-06-17,6.414112739661388,6.132173718137811,naive,LORETO
2013-06-24,5.533053297400211,6.132173718137811,naive,LORETO
2013-07-01,4.0528734344014286,5.533053297400211,naive,LORETO
2013-07-08,3.8414191682587457,5.533053297400211,naive,LORETO
2013-07-15,3.9471463013300876,5.533053297400211,naive,LORETO
2013-07-22,3.9471463013300876,5.533053297400211,naive,LORETO
2013-07-29,4.017631056710981,3.9471463013300876,naive,LORETO
2013-08-05,4.193842945163218,3.9471463013300876,naive,LORETO
2013-08-12,5.356841408947974,3.9471463013300876,naive,LORETO
2013-08-19,4.933932876662609,3.9471463013300876,naive,LORETO
2013-08-26,3.9823886790205343,4.933932876662609,naive,LORETO
2013-09-02,2.5374511937122004,4.933932876662609,naive,LORETO
2013-09-09,2.643178326783542,4.933932876662609,naive,LORETO
2013-09-16,2.6784207044739894,4.933932876662609,naive,LORETO
2013-09-23,2.819390215235778,2.6784207044739894,naive,LORETO
2013-09-30,2.819390215235778,2.6784207044739894,naive,LORETO
2013-10-07,3.030844481378461,2.6784207044739894,naive,LORETO
2013-10-14,3.242298747521144,2.6784207044739894,naive,LORETO
2013-10-21,3.242298747521144,3.242298747521144,naive,LORETO
2013-10-28,3.3127835029020383,3.242298747521144,naive,LORETO
2013-11-04,3.3127835029020383,3.242298747521144,naive,LORETO
2013-11-11,2.7489054598548837,3.242298747521144,naive,LORETO
2013-11-18,2.7841478375453312,2.7489054598548837,naive,LORETO
2013-11-25,3.41851063597338,2.7489054598548837,naive,LORETO
2013-12-02,4.0528734344014286,2.7489054598548837,naive,LORETO
2013-12-09,4.123358189782324,2.7489054598548837,naive,LORETO
2013-12-16,2.7841478375453312,4.123358189782324,naive,LORETO
2013-12-23,2.537451193712201,4.123358189782324,naive,LORETO
2013-12-30,2.6784207044739894,4.123358189782324,naive,LORETO
2014-01-06,3.476348708587885,4.123358189782324,naive,LORETO
2014-01-13,3.5022724779241514,3.476348708587885,naive,LORETO
2014-01-20,2.827675190187344,3.476348708587885,naive,LORETO
2014-01-27,2.5134890579443057,3.476348708587885,naive,LORETO
2014-02-03,3.0022230414334756,3.476348708587885,naive,LORETO
2014-02-10,3.386228314174966,3.0022230414334756,naive,LORETO
2014-02-17,3.5258665951718715,3.0022230414334756,naive,LORETO
2014-02-24,3.0022230414334756,3.0022230414334756,naive,LORETO
2014-03-03,3.421137884424192,3.0022230414334756,naive,LORETO
2014-03-10,3.211680462928834,3.421137884424192,naive,LORETO
2014-03-17,3.0720421819319284,3.421137884424192,naive,LORETO
2014-03-24,3.5956857356703247,3.421137884424192,naive,LORETO
2014-03-31,4.084419719159494,3.421137884424192,naive,LORETO
2014-04-07,4.71279198364557,4.084419719159494,naive,LORETO
2014-04-14,5.4808025291285505,4.084419719159494,naive,LORETO
2014-04-21,5.725169520873135,4.084419719159494,naive,LORETO
2014-04-28,5.794988661371588,4.084419719159494,naive,LORETO
2014-05-05,6.004446082866946,5.794988661371588,naive,LORETO
2014-05-12,7.9244724465743985,5.794988661371588,naive,LORETO
2014-05-19,9.600131818537266,5.794988661371588,naive,LORETO
2014-05-26,10.088865802026435,5.794988661371588,naive,LORETO
2014-06-02,10.368142364020246,10.088865802026435,naive,LORETO
2014-06-09,9.879408380531077,10.088865802026435,naive,LORETO
2014-06-16,8.901940413552737,10.088865802026435,naive,LORETO
2014-06-23,6.2488130746115305,10.088865802026435,naive,LORETO
2014-06-30,5.341164248131644,6.2488130746115305,naive,LORETO
2014-07-07,5.376073818380871,6.2488130746115305,naive,LORETO
2014-07-14,6.493180066356115,6.2488130746115305,naive,LORETO
2014-07-21,5.550621669627003,6.2488130746115305,naive,LORETO
2014-07-28,4.817520694393249,5.550621669627003,naive,LORETO
2014-08-04,3.3513187439257397,5.550621669627003,naive,LORETO
2014-08-11,3.6655048761687774,5.550621669627003,naive,LORETO
2014-08-18,3.3513187439257397,5.550621669627003,naive,LORETO
2014-08-25,3.5258665951718715,3.3513187439257397,naive,LORETO
2014-09-01,3.2814996034272865,3.3513187439257397,naive,LORETO
2014-09-08,2.8974943306857956,3.3513187439257397,naive,LORETO
2014-09-15,2.5833081984427584,3.3513187439257397,naive,LORETO
2014-09-22,2.269122066199721,2.5833081984427584,naive,LORETO
2014-09-29,2.6531273389412116,2.5833081984427584,naive,LORETO
2014-10-06,3.9796910084118147,2.5833081984427584,naive,LORETO
2014-10-13,4.60806327289789,2.5833081984427584,naive,LORETO
2014-10-20,3.8749622976641356,4.60806327289789,naive,LORETO
2014-10-27,2.653127338941211,4.60806327289789,naive,LORETO
2014-11-03,2.7229464794396647,4.60806327289789,naive,LORETO
2014-11-10,3.0720421819319284,4.60806327289789,naive,LORETO
2014-11-17,3.2814996034272865,3.0720421819319284,naive,LORETO
2014-11-24,3.2814996034272865,3.0720421819319284,naive,LORETO
2014-12-01,2.827675190187343,3.0720421819319284,naive,LORETO
2014-12-08,2.827675190187343,3.0720421819319284,naive,LORETO
2014-12-15,2.0945742149535893,2.827675190187343,naive,LORETO
2014-12-22,2.5134890579443057,2.827675190187343,naive,LORETO
2014-12-29,3.0022230414334756,2.827675190187343,naive,LORETO
2015-01-05,3.308245556056003,2.827675190187343,naive,LORETO
2015-01-12,3.161423291553048,3.308245556056003,naive,LORETO
2015-01-19,2.593726915830454,3.308245556056003,naive,LORETO
2015-01-26,2.7320590180080777,3.308245556056003,naive,LORETO
2015-02-02,4.288295167506347,3.308245556056003,naive,LORETO
2015-02-09,5.46411803601615,4.288295167506347,naive,LORETO
2015-02-16,5.913697368093428,4.288295167506347,naive,LORETO
2015-02-23,5.049121729483279,4.288295167506347,naive,LORETO
2015-03-02,4.737874499583625,4.288295167506347,naive,LORETO
2015-03-09,5.152870806116497,4.737874499583625,naive,LORETO
2015-03-16,5.948280393637835,4.737874499583625,naive,LORETO
2015-03-23,6.570774853437143,4.737874499583625,naive,LORETO
2015-03-30,7.919512849668976,4.737874499583625,naive,LORETO
2015-04-06,9.371999922534028,7.919512849668976,naive,LORETO
2015-04-13,10.374907663321801,7.919512849668976,naive,LORETO
2015-04-20,9.475748999167246,7.919512849668976,naive,LORETO
2015-04-27,8.784088488279126,7.919512849668976,naive,LORETO
2015-05-04,7.608265619769322,8.784088488279126,naive,LORETO
2015-05-11,7.435350492047292,8.784088488279126,naive,LORETO
2015-05-18,5.879114342549023,8.784088488279126,naive,LORETO
2015-05-25,4.807040550672437,8.784088488279126,naive,LORETO
2015-06-01,3.8041328098846634,4.807040550672437,naive,LORETO
2015-06-08,3.9424649120622868,4.807040550672437,naive,LORETO
2015-06-15,4.322878193050753,4.807040550672437,naive,LORETO
2015-06-22,4.737874499583626,4.807040550672437,naive,LORETO
2015-06-29,4.495793320772783,4.737874499583626,naive,LORETO
2015-07-06,4.288295167506347,4.737874499583626,naive,LORETO
2015-07-13,3.8387158354290687,4.737874499583626,naive,LORETO
2015-07-20,3.734966758795851,4.737874499583626,naive,LORETO
2015-07-27,2.9049741457301077,3.734966758795851,naive,LORETO
2015-08-03,2.5591438902860477,3.734966758795851,naive,LORETO
2015-08-10,2.6283099413748596,3.734966758795851,naive,LORETO
2015-08-17,3.3545534778073853,3.734966758795851,naive,LORETO
2015-08-24,3.562051631073821,3.3545534778073853,naive,LORETO
2015-08-31,3.389136503351791,3.3545534778073853,naive,LORETO
2015-09-07,3.1816383500853553,3.3545534778073853,naive,LORETO
2015-09-14,2.9395571712745134,3.3545534778073853,naive,LORETO
2015-09-21,3.0433062479077315,2.9395571712745134,naive,LORETO
2015-09-28,3.147055324540949,2.9395571712745134,naive,LORETO
2015-10-05,3.492885579985009,2.9395571712745134,naive,LORETO
2015-10-12,3.596634656618227,2.9395571712745134,naive,LORETO
2015-10-19,3.1124722989965434,3.596634656618227,naive,LORETO
2015-10-26,3.0778892734521377,3.596634656618227,naive,LORETO
2015-11-02,3.250804401174167,3.596634656618227,naive,LORETO
2015-11-09,3.5274686055294153,3.596634656618227,naive,LORETO
2015-11-16,3.907881886517881,3.5274686055294153,naive,LORETO
2015-11-23,3.562051631073821,3.5274686055294153,naive,LORETO
2015-11-30,4.149963065328723,3.5274686055294153,naive,LORETO
2015-12-07,3.6658007077070387,3.5274686055294153,naive,LORETO
2015-12-14,3.319970452262979,3.6658007077070387,naive,LORETO
2015-12-21,2.3516457370196115,3.6658007077070387,naive,LORETO
2015-12-28,1.41790404732065,3.6658007077070387,naive,LORETO
2016-01-04,1.5472623648253088,3.6658007077070387,naive,LORETO
2016-01-11,2.227064660252725,1.5472623648253088,naive,LORETO
2016-01-18,3.631828522873672,1.5472623648253088,naive,LORETO
2016-01-25,4.488391853740102,1.5472623648253088,naive,LORETO
2016-02-01,4.111503988158873,1.5472623648253088,naive,LORETO
2016-02-08,3.631828522873672,4.111503988158873,naive,LORETO
2016-02-15,2.7067401255379266,4.111503988158873,naive,LORETO
2016-02-22,2.3641147931913538,4.111503988158873,naive,LORETO
2016-02-29,2.672477592303269,4.111503988158873,naive,LORETO
2016-03-07,2.7410026587725835,2.672477592303269,naive,LORETO
2016-03-14,3.289203190527099,2.672477592303269,naive,LORETO
2016-03-21,3.254940657292442,2.672477592303269,naive,LORETO
2016-03-28,3.768878655812301,2.672477592303269,naive,LORETO
2016-04-04,4.0772414549242155,3.768878655812301,naive,LORETO
2016-04-11,5.721843050187762,3.768878655812301,naive,LORETO
2016-04-18,6.235781048707621,3.768878655812301,naive,LORETO
2016-04-25,6.612668914288851,3.768878655812301,naive,LORETO
2016-05-02,5.379217717841191,6.612668914288851,naive,LORETO
2016-05-09,5.242167584902561,6.612668914288851,naive,LORETO
2016-05-16,5.584792917249135,6.612668914288851,naive,LORETO
2016-05-23,6.681193980758167,6.612668914288851,naive,LORETO
2016-05-30,5.8588931831263915,6.681193980758167,naive,LORETO
2016-06-06,5.75610558342242,6.681193980758167,naive,LORETO
2016-06-13,4.76249211961736,6.681193980758167,naive,LORETO
2016-06-20,5.344955184606533,6.681193980758167,naive,LORETO
2016-06-27,5.105117451963933,5.344955184606533,naive,LORETO
2016-07-04,5.310692651371876,5.344955184606533,naive,LORETO
2016-07-11,4.454129320505445,5.344955184606533,naive,LORETO
2016-07-18,3.8374037222816146,5.344955184606533,naive,LORETO
2016-07-25,3.049365457884498,3.8374037222816146,naive,LORETO
2016-08-01,3.1864155908231275,3.8374037222816146,naive,LORETO
2016-08-08,3.049365457884498,3.8374037222816146,naive,LORETO
2016-08-15,2.9465778581805266,3.8374037222816146,naive,LORETO
2016-08-22,2.5354274593646395,2.9465778581805266,naive,LORETO
2016-08-29,2.741002658772583,2.9465778581805266,naive,LORETO
2016-09-05,2.9123153249458693,2.9465778581805266,naive,LORETO
2016-09-12,3.0151029246498413,2.9465778581805266,naive,LORETO
2016-09-19,2.775265192007241,3.0151029246498413,naive,LORETO
2016-09-26,3.1864155908231275,3.0151029246498413,naive,LORETO
2016-10-03,3.700353589342986,3.0151029246498413,naive,LORETO
2016-10-10,3.0493654578844986,3.0151029246498413,naive,LORETO
2016-10-17,2.295589726722039,3.0493654578844986,naive,LORETO
2016-10-24,2.124277060548753,3.0493654578844986,naive,LORETO
2016-10-31,2.3298522599566964,3.0493654578844986,naive,LORETO
2016-11-07,2.2613271934873818,3.0493654578844986,naive,LORETO
2016-11-14,1.9529643943754664,2.2613271934873818,naive,LORETO
2016-11-21,1.9529643943754669,2.2613271934873818,naive,LORETO
2016-11-28,1.6446015952635518,2.2613271934873818,naive,LORETO
2016-12-05,1.6446015952635518,2.2613271934873818,naive,LORETO
2016-12-12,1.3362387961516367,1.6446015952635518,naive,LORETO
2016-12-19,1.3362387961516362,1.6446015952635518,naive,LORETO
2016-12-26,1.3362387961516362,1.6446015952635518,naive,LORETO
2017-01-02,1.9790462560971245,1.6446015952635518,naive,LORETO
2017-01-09,2.6535991195809623,1.9790462560971245,naive,LORETO
2017-01-16,3.258997634171409,1.9790462560971245,naive,LORETO
2017-01-23,3.870059690578547,1.9790462560971245,naive,LORETO
2017-01-30,3.462684986307122,1.9790462560971245,naive,LORETO
2017-02-06,2.749779253832127,3.462684986307122,naive,LORETO
2017-02-13,2.0029256293345132,3.462684986307122,naive,LORETO
2017-02-20,1.901081953266657,3.462684986307122,naive,LORETO
2017-02-27,2.1047693054023697,3.462684986307122,naive,LORETO
2017-03-06,1.7652903851761819,2.1047693054023697,naive,LORETO
2017-03-13,1.7652903851761819,2.1047693054023697,naive,LORETO
2017-03-20,1.6634467091083254,2.1047693054023697,naive,LORETO
2017-03-27,2.036873521357132,2.1047693054023697,naive,LORETO
2017-04-03,2.3424045495607015,2.036873521357132,naive,LORETO
2017-04-10,3.123206066080934,2.036873521357132,naive,LORETO
2017-04-17,4.549017531030923,2.036873521357132,naive,LORETO
2017-04-24,5.601402183732106,2.036873521357132,naive,LORETO
2017-05-01,5.397714831596393,5.601402183732106,naive,LORETO
2017-05-08,4.820600667211874,5.601402183732106,naive,LORETO
2017-05-15,5.49955850766425,5.601402183732106,naive,LORETO
2017-05-22,6.246412132161864,5.601402183732106,naive,LORETO
2017-05-29,6.484047376320195,6.246412132161864,naive,LORETO
2017-06-05,5.19402747946068,6.246412132161864,naive,LORETO
2017-06-12,4.515069639008305,6.246412132161864,naive,LORETO
2017-06-19,3.7342681224880727,6.246412132161864,naive,LORETO
2017-06-26,3.089258174058315,3.7342681224880727,naive,LORETO
2017-07-03,2.546091901696414,3.7342681224880727,naive,LORETO
2017-07-10,2.410300333605939,3.7342681224880727,naive,LORETO
2017-07-17,2.5460919016964145,3.7342681224880727,naive,LORETO
2017-07-24,2.95346660596784,2.5460919016964145,naive,LORETO
2017-07-31,2.8855708219226024,2.5460919016964145,naive,LORETO
2017-08-07,2.783727145854746,2.5460919016964145,naive,LORETO
2017-08-14,2.0029256293345132,2.5460919016964145,naive,LORETO
2017-08-21,1.9010819532666572,2.0029256293345132,naive,LORETO
2017-08-28,1.7992382771988007,2.0029256293345132,naive,LORETO
2017-09-04,1.9010819532666572,2.0029256293345132,naive,LORETO
2017-09-11,1.6634467091083254,2.0029256293345132,naive,LORETO
2017-09-18,1.9689777373118946,1.6634467091083254,naive,LORETO
2017-09-25,2.546091901696414,1.6634467091083254,naive,LORETO
2017-10-02,2.783727145854746,1.6634467091083254,naive,LORETO
2017-10-09,2.6479355777642706,1.6634467091083254,naive,LORETO
2017-10-16,2.274508765515464,2.6479355777642706,naive,LORETO
2017-10-23,2.0029256293345132,2.6479355777642706,naive,LORETO
2017-10-30,1.52765514101785,2.6479355777642706,naive,LORETO
2017-11-06,1.7652903851761819,2.6479355777642706,naive,LORETO
2017-11-13,1.9689777373118946,1.7652903851761819,naive,LORETO
2017-11-20,2.9874144979904584,1.7652903851761819,naive,LORETO
2017-11-27,2.8855708219226024,1.7652903851761819,naive,LORETO
2017-12-04,3.123206066080934,1.7652903851761819,naive,LORETO
2017-12-11,2.95346660596784,3.123206066080934,naive,LORETO
2017-12-18,2.749779253832127,3.123206066080934,naive,LORETO
2017-12-25,2.274508765515464,3.123206066080934,naive,LORETO
2018-01-01,1.3189580186897576,3.123206066080934,naive,LORETO
2018-01-08,1.141703903288094,1.3189580186897576,naive,LORETO
2018-01-15,1.3661885006914287,1.3189580186897576,naive,LORETO
2018-01-22,1.8326918911714276,1.3189580186897576,naive,LORETO
2018-01-29,2.099265257159998,1.3189580186897576,naive,LORETO
2018-02-05,2.4324819646457114,2.099265257159998,naive,LORETO
2018-02-12,2.5990903183885687,2.099265257159998,naive,LORETO
2018-02-19,2.5990903183885683,2.099265257159998,naive,LORETO
2018-02-26,2.2991952816514263,2.099265257159998,naive,LORETO
2018-03-05,2.1659085986571402,2.2991952816514263,naive,LORETO
2018-03-12,2.39916029389714,2.2991952816514263,naive,LORETO
2018-03-19,2.7656986721314247,2.2991952816514263,naive,LORETO
2018-03-26,3.098915379617138,2.2991952816514263,naive,LORETO
2018-04-02,3.63206211159428,3.098915379617138,naive,LORETO
2018-04-09,3.8319921360857077,3.098915379617138,naive,LORETO
2018-04-16,4.331817197314277,3.098915379617138,naive,LORETO
2018-04-23,4.598390563302847,3.098915379617138,naive,LORETO
2018-04-30,5.231502307525704,4.598390563302847,naive,LORETO
2018-05-07,5.86461405174856,4.598390563302847,naive,LORETO
2018-05-14,6.597690808217128,4.598390563302847,naive,LORETO
2018-05-21,8.43038269938855,4.598390563302847,naive,LORETO
2018-05-28,8.463704370137123,8.43038269938855,naive,LORETO
2018-06-04,8.796921077622835,8.43038269938855,naive,LORETO
2018-06-11,8.497026040885693,8.43038269938855,naive,LORETO
2018-06-18,9.963179553822831,8.43038269938855,naive,LORETO
2018-06-25,9.829892870828546,9.963179553822831,naive,LORETO
2018-07-02,7.9638793089085524,9.963179553822831,naive,LORETO
2018-07-09,6.531047466719985,9.963179553822831,naive,LORETO
2018-07-16,5.8312923809999875,9.963179553822831,naive,LORETO
2018-07-23,5.964579063994272,5.8312923809999875,naive,LORETO
2018-07-30,4.9982506122857036,5.8312923809999875,naive,LORETO
2018-08-06,4.565068892554276,5.8312923809999875,naive,LORETO
2018-08-13,4.131887172822849,5.8312923809999875,naive,LORETO
2018-08-20,3.9986004898285636,4.131887172822849,naive,LORETO
2018-08-27,3.732027123839993,4.131887172822849,naive,LORETO
2018-09-03,4.0319221605771345,4.131887172822849,naive,LORETO
2018-09-10,3.9652788190799924,4.131887172822849,naive,LORETO
2018-09-17,3.732027123839993,3.9652788190799924,naive,LORETO
2018-09-24,3.0989153796171376,3.9652788190799924,naive,LORETO
2018-10-01,2.6990553306342817,3.9652788190799924,naive,LORETO
2018-10-08,2.1659085986571402,3.9652788190799924,naive,LORETO
2018-10-15,2.0992652571599977,2.1659085986571402,naive,LORETO
2018-10-22,2.4658036353942823,2.1659085986571402,naive,LORETO
2018-10-29,2.6990553306342817,2.1659085986571402,naive,LORETO
2018-11-05,3.6320621115942786,2.1659085986571402,naive,LORETO
2018-11-12,3.9986004898285636,3.6320621115942786,naive,LORETO
2018-11-19,5.13153729527999,3.6320621115942786,naive,LORETO
2018-11-26,4.964928941537132,3.6320621115942786,naive,LORETO
2018-12-03,4.731677246297132,3.6320621115942786,naive,LORETO
2018-12-10,4.331817197314277,4.731677246297132,naive,LORETO
2018-12-17,3.532097099348565,4.731677246297132,naive,LORETO
2018-12-24,3.6653837823428503,4.731677246297132,naive,LORETO
2018-12-31,3.6320621115942786,4.731677246297132,naive,LORETO
2019-01-07,4.637228953491377,3.6320621115942786,naive,LORETO
2019-01-14,5.208238463330429,3.6320621115942786,naive,LORETO
2019-01-21,4.826578094033565,3.6320621115942786,naive,LORETO
2019-01-28,3.874396021060958,3.6320621115942786,naive,LORETO
2019-02-04,3.1192171355999245,3.874396021060958,naive,LORETO
2019-02-11,3.3490541876967606,3.874396021060958,naive,LORETO
2019-02-18,3.5132235106230723,3.874396021060958,naive,LORETO
2019-02-25,3.546057375208335,3.874396021060958,naive,LORETO
2019-03-04,3.546057375208335,3.546057375208335,naive,LORETO
2019-03-11,3.6445589689641213,3.546057375208335,naive,LORETO
2019-03-18,3.6773928335493835,3.546057375208335,naive,LORETO
2019-03-25,3.8415621564756957,3.546057375208335,naive,LORETO
2019-04-01,3.940063750231482,3.8415621564756957,naive,LORETO
2019-04-08,4.005731479402007,3.8415621564756957,naive,LORETO
2019-04-15,4.071399208572532,3.8415621564756957,naive,LORETO
2019-04-22,4.071399208572533,3.8415621564756957,naive,LORETO
2019-04-29,3.940063750231483,4.071399208572533,naive,LORETO
2019-05-06,3.9072298856462204,4.071399208572533,naive,LORETO
2019-05-13,3.7758944273051713,4.071399208572533,naive,LORETO
2019-05-20,4.169900802328319,4.071399208572533,naive,LORETO
2019-05-27,4.498239448180942,4.169900802328319,naive,LORETO
2019-06-03,5.351919927397763,4.169900802328319,naive,LORETO
2019-06-10,5.778760167006173,4.169900802328319,naive,LORETO
2019-06-17,5.975763354517746,4.169900802328319,naive,LORETO
2019-06-24,5.483255385738812,5.975763354517746,naive,LORETO
2019-07-01,5.647424708665123,5.975763354517746,naive,LORETO
2019-07-08,6.074264948273534,5.975763354517746,naive,LORETO
2019-07-15,5.942929489932484,5.975763354517746,naive,LORETO
2019-07-22,5.056415146130401,5.942929489932484,naive,LORETO
2019-07-29,4.268402396084106,5.942929489932484,naive,LORETO
2019-08-05,4.104233073157794,5.942929489932484,naive,LORETO
2019-08-12,4.859411958618828,5.942929489932484,naive,LORETO
2019-08-19,4.531073312766204,4.859411958618828,naive,LORETO
2019-08-26,4.46540558359568,4.859411958618828,naive,LORETO
2019-09-02,3.644558968964122,4.859411958618828,naive,LORETO
2019-09-09,2.955047812673613,4.859411958618828,naive,LORETO
2019-09-16,2.6595430314062525,2.955047812673613,naive,LORETO
2019-09-23,2.2655366563831048,2.955047812673613,naive,LORETO
2019-09-30,2.6595430314062525,2.955047812673613,naive,LORETO
2019-10-07,2.462539843894678,2.955047812673613,naive,LORETO
2019-10-14,2.561041437650465,2.462539843894678,naive,LORETO
2019-10-21,2.725210760576777,2.462539843894678,naive,LORETO
2019-10-28,3.3162203231114984,2.462539843894678,naive,LORETO
2019-11-04,3.3162203231114984,2.462539843894678,naive,LORETO
2019-11-11,3.119217135599925,3.3162203231114984,naive,LORETO
2019-11-18,2.6595430314062525,3.3162203231114984,naive,LORETO
2019-11-25,2.3968721147241534,3.3162203231114984,naive,LORETO
2019-12-02,2.0685334688715304,3.3162203231114984,naive,LORETO
2019-12-09,2.035699604286268,2.0685334688715304,naive,LORETO
2019-12-16,2.5938753022357273,2.0685334688715304,naive,LORETO
2019-12-23,2.4953737084799403,2.0685334688715304,naive,LORETO
2019-12-30,2.3968721147241534,2.0685334688715304,naive,LORETO
2020-01-06,2.0578812410160747,2.3968721147241534,naive,LORETO
2020-01-13,2.862552250385645,2.3968721147241534,naive,LORETO
2020-01-20,3.081737074627025,2.3968721147241534,naive,LORETO
2020-01-27,3.276373100392942,2.3968721147241534,naive,LORETO
2020-02-03,3.1141764122546776,3.276373100392942,naive,LORETO
2020-02-10,3.4385697885312063,3.276373100392942,naive,LORETO
2020-02-17,3.5683271390418176,3.276373100392942,naive,LORETO
2020-02-24,3.5358878014141646,3.276373100392942,naive,LORETO
2020-03-02,3.3736911132759,3.5358878014141646,naive,LORETO
2020-03-09,2.887101048861108,3.5358878014141646,naive,LORETO
2020-03-16,2.562707672584579,3.5358878014141646,naive,LORETO
2020-03-23,2.530268334956926,3.5358878014141646,naive,LORETO
2020-03-30,2.140996283425092,2.530268334956926,naive,LORETO
2020-04-06,1.7192848942656054,2.530268334956926,naive,LORETO
2020-04-13,1.1029374793402011,2.530268334956926,naive,LORETO
2020-04-20,1.1029374793402011,2.530268334956926,naive,LORETO
2020-04-27,0.9407407912019368,1.1029374793402011,naive,LORETO
2020-05-04,0.7461047654360197,1.1029374793402011,naive,LORETO
2020-05-11,0.681226090180714,1.1029374793402011,naive,LORETO
2020-05-18,0.7136654278083668,1.1029374793402011,naive,LORETO
2020-05-25,0.7136654278083668,0.7136654278083668,naive,LORETO
2020-06-01,0.7461047654360197,0.7136654278083668,naive,LORETO
2020-06-08,0.7461047654360197,0.7136654278083668,naive,LORETO
2020-06-15,0.908301453574284,0.7136654278083668,naive,LORETO
2020-06-22,0.8434227783189782,0.908301453574284,naive,LORETO
2020-06-29,0.8434227783189782,0.908301453574284,naive,LORETO
2020-07-06,0.8434227783189782,0.908301453574284,naive,LORETO
2020-07-13,1.2651341674784653,0.908301453574284,naive,LORETO
2020-07-20,1.3624521803614238,1.2651341674784653,naive,LORETO
2020-07-27,1.4597701932443823,1.2651341674784653,naive,LORETO
2020-08-03,1.4597701932443823,1.2651341674784653,naive,LORETO
2020-08-10,1.9139209200315221,1.2651341674784653,naive,LORETO
2020-08-17,2.335632309191009,1.9139209200315221,naive,LORETO
2020-08-24,2.108556945797439,1.9139209200315221,naive,LORETO
2020-08-31,2.043678270542134,1.9139209200315221,naive,LORETO
2020-09-07,1.719284894265605,1.9139209200315221,naive,LORETO
2020-09-14,1.6868455566379523,1.719284894265605,naive,LORETO
2020-09-21,1.330012842733771,1.719284894265605,naive,LORETO
2020-09-28,1.5895275437549936,1.719284894265605,naive,LORETO
2020-10-05,1.946360257659175,1.719284894265605,naive,LORETO
2020-10-12,1.9787995952868276,1.946360257659175,naive,LORETO
2020-10-19,1.6868455566379523,1.946360257659175,naive,LORETO
2020-10-26,1.4922095308720351,1.946360257659175,naive,LORETO
2020-11-02,1.2975735051061181,1.946360257659175,naive,LORETO
2020-11-09,0.9731801288295897,1.2975735051061181,naive,LORETO
2020-11-16,0.8109834406913254,1.2975735051061181,naive,LORETO
2020-11-23,0.908301453574284,1.2975735051061181,naive,LORETO
2020-11-30,1.0704981417125483,1.2975735051061181,naive,LORETO
2020-12-07,1.135376816967854,1.0704981417125483,naive,LORETO
2020-12-14,1.3624521803614238,1.0704981417125483,naive,LORETO
2020-12-21,1.2651341674784653,1.0704981417125483,naive,LORETO
2020-12-28,1.167816154595507,1.0704981417125483,naive,LORETO
2021-01-04,1.966324031401873,1.167816154595507,naive,LORETO
2021-01-11,2.671078342149553,1.167816154595507,naive,LORETO
2021-01-18,3.1178031380527913,1.167816154595507,naive,LORETO
2021-01-25,2.4749571302068563,1.167816154595507,naive,LORETO
2021-02-01,1.896395723145514,2.4749571302068563,naive,LORETO
2021-02-08,1.6071150196148427,2.4749571302068563,naive,LORETO
2021-02-15,1.3499766164764686,2.4749571302068563,naive,LORETO
2021-02-22,1.542830418830249,2.4749571302068563,naive,LORETO
2021-03-01,1.4142612172610622,1.542830418830249,naive,LORETO
2021-03-08,1.2856920156918752,1.542830418830249,naive,LORETO
2021-03-15,0.867842110592017,1.542830418830249,naive,LORETO
2021-03-22,0.7071306086305332,1.542830418830249,naive,LORETO
2021-03-29,0.6107037074536429,0.7071306086305332,naive,LORETO
2021-04-05,0.7714152094151268,0.7071306086305332,naive,LORETO
2021-04-12,0.9964113121612043,0.7071306086305332,naive,LORETO
2021-04-19,1.2214074149072818,0.7071306086305332,naive,LORETO
2021-04-26,1.2214074149072818,1.2214074149072818,naive,LORETO
2021-05-03,0.9964113121612043,1.2214074149072818,naive,LORETO
2021-05-10,0.899984410984314,1.2214074149072818,naive,LORETO
2021-05-17,1.2214074149072818,1.2214074149072818,naive,LORETO
2021-05-24,1.9606803239301076,1.2214074149072818,naive,LORETO
2021-05-31,2.2178187270684817,1.2214074149072818,naive,LORETO
2021-06-07,2.410672529422263,1.2214074149072818,naive,LORETO
2021-06-14,2.0571072251069977,1.2214074149072818,naive,LORETO
2021-06-21,1.8321111223609206,2.0571072251069977,naive,LORETO
2021-06-28,1.6713996203994366,2.0571072251069977,naive,LORETO
2021-07-05,1.9285380235378107,2.0571072251069977,naive,LORETO
2021-07-12,1.6713996203994366,2.0571072251069977,naive,LORETO
2021-07-19,1.864253422753217,1.6713996203994366,naive,LORETO
2021-07-26,1.6392573200071396,1.6713996203994366,naive,LORETO
2021-08-02,2.3785302290299657,1.6713996203994366,naive,LORETO
2021-08-09,2.0249649247147015,1.6713996203994366,naive,LORETO
2021-08-16,1.7678265215763267,2.0249649247147015,naive,LORETO
2021-08-23,1.6392573200071396,2.0249649247147015,naive,LORETO
2021-08-30,1.7035419207917333,2.0249649247147015,naive,LORETO
2021-09-06,1.6392573200071396,2.0249649247147015,naive,LORETO
2021-09-13,1.7678265215763267,1.6392573200071396,naive,LORETO
2021-09-20,1.7999688219686236,1.6392573200071396,naive,LORETO
2021-09-27,1.8642534227532173,1.6392573200071396,naive,LORETO
2021-10-04,1.4464035176533592,1.6392573200071396,naive,LORETO
2021-10-11,1.2856920156918752,1.4464035176533592,naive,LORETO
2021-10-18,1.5749727192225462,1.4464035176533592,naive,LORETO
2021-10-25,1.7678265215763271,1.4464035176533592,naive,LORETO
2021-11-01,2.057107225106998,1.4464035176533592,naive,LORETO
2021-11-08,1.864253422753217,2.057107225106998,naive,LORETO
2021-11-15,2.0892495254992944,2.057107225106998,naive,LORETO
2021-11-22,2.2178187270684817,2.057107225106998,naive,LORETO
2021-11-29,2.6678109325606365,2.057107225106998,naive,LORETO
2021-12-06,2.603526331776043,2.6678109325606365,naive,LORETO
2021-12-13,2.5392417309914497,2.6678109325606365,naive,LORETO
2021-12-20,2.764237833737527,2.6678109325606365,naive,LORETO
2021-12-27,3.9535029482525075,2.6678109325606365,naive,LORETO
2022-01-03,5.765865802172864,3.9535029482525075,naive,LORETO
2022-01-10,6.171914912716777,3.9535029482525075,naive,LORETO
2022-01-17,5.837968616611992,3.9535029482525075,naive,LORETO
2022-01-24,4.210993756244716,3.9535029482525075,naive,LORETO
2022-01-31,3.764373206339974,4.210993756244716,naive,LORETO
2022-02-07,3.6367673349386194,4.210993756244716,naive,LORETO
2022-02-14,3.349654124285571,4.210993756244716,naive,LORETO
2022-02-21,3.1582453171835385,4.210993756244716,naive,LORETO
2022-02-28,2.9030335743808284,3.1582453171835385,naive,LORETO
2022-03-07,3.285851188584894,3.1582453171835385,naive,LORETO
2022-03-14,4.083387884843361,3.1582453171835385,naive,LORETO
2022-03-21,3.732471738489636,3.1582453171835385,naive,LORETO
2022-03-28,3.891979077741329,3.732471738489636,naive,LORETO
2022-04-04,4.051486416993023,3.732471738489636,naive,LORETO
2022-04-11,4.466205499047427,3.732471738489636,naive,LORETO
2022-04-18,5.168037791754878,3.732471738489636,naive,LORETO
2022-04-25,4.721417241850136,5.168037791754878,naive,LORETO
2022-05-02,4.753318709700475,5.168037791754878,naive,LORETO
2022-05-09,4.306698159795733,5.168037791754878,naive,LORETO
2022-05-16,5.263742195305895,5.168037791754878,naive,LORETO
2022-05-23,5.965574488013348,5.263742195305895,naive,LORETO
2022-05-30,6.220786230816056,5.263742195305895,naive,LORETO
2022-06-06,5.678461277360299,5.263742195305895,naive,LORETO
2022-06-13,5.933673020163009,5.263742195305895,naive,LORETO
2022-06-20,5.869870084462331,5.933673020163009,naive,LORETO
2022-06-27,5.550855405958944,5.933673020163009,naive,LORETO
2022-07-04,5.008530452503185,5.933673020163009,naive,LORETO
2022-07-11,5.104234856054201,5.933673020163009,naive,LORETO
2022-07-18,5.13613632390454,5.104234856054201,naive,LORETO
2022-07-25,4.306698159795733,5.104234856054201,naive,LORETO
2022-08-01,3.445358527836587,5.104234856054201,naive,LORETO
2022-08-08,2.87113210653049,5.104234856054201,naive,LORETO
2022-08-15,2.4883144923264258,2.87113210653049,naive,LORETO
2022-08-22,3.158245317183539,2.87113210653049,naive,LORETO
2022-08-29,3.222048252884216,2.87113210653049,naive,LORETO
2022-09-05,3.8919790777413295,2.87113210653049,naive,LORETO
2022-09-12,3.349654124285571,3.8919790777413295,naive,LORETO
2022-09-19,2.9030335743808284,3.8919790777413295,naive,LORETO
2022-09-26,2.36070862092507,3.8919790777413295,naive,LORETO
2022-10-03,2.2331027495237152,3.8919790777413295,naive,LORETO
2022-10-10,2.5840188958774415,2.2331027495237152,naive,LORETO
2022-10-17,2.6797232994284577,2.2331027495237152,naive,LORETO
2022-10-24,2.4564130244760864,2.2331027495237152,naive,LORETO
2022-10-31,2.009792474571344,2.2331027495237152,naive,LORETO
2022-11-07,2.169299813823038,2.009792474571344,naive,LORETO
2022-11-14,2.201201281673377,2.009792474571344,naive,LORETO
2022-11-21,2.4564130244760864,2.009792474571344,naive,LORETO
2022-11-28,2.296905685224393,2.009792474571344,naive,LORETO
2022-12-05,2.743526235129135,2.296905685224393,naive,LORETO
2022-12-12,3.0944423814828608,2.296905685224393,naive,LORETO
2022-12-19,3.4134570599862486,2.296905685224393,naive,LORETO
2022-12-26,2.711624767278796,2.296905685224393,naive,LORETO
2023-01-02,2.7362350951302012,2.711624767278796,naive,LORETO
2023-01-09,2.9827379762675172,2.711624767278796,naive,LORETO
2023-01-16,4.057463831513819,2.711624767278796,naive,LORETO
2023-01-23,3.8672702144116085,2.711624767278796,naive,LORETO
2023-01-30,3.6770765973093984,3.8672702144116085,naive,LORETO
2023-02-06,3.51858191639089,3.8672702144116085,naive,LORETO
2023-02-13,4.057463831513818,3.8672702144116085,naive,LORETO
2023-02-20,4.532947874269343,3.8672702144116085,naive,LORETO
2023-02-27,4.84993723610636,4.532947874269343,naive,LORETO
2023-03-06,4.3110553209834315,4.532947874269343,naive,LORETO
2023-03-13,3.32838829928868,4.532947874269343,naive,LORETO
2023-03-20,3.233291490737575,4.532947874269343,naive,LORETO
2023-03-27,3.8672702144116085,3.233291490737575,naive,LORETO
2023-04-03,4.215958512432327,3.233291490737575,naive,LORETO
2023-04-10,4.469550001901941,3.233291490737575,naive,LORETO
2023-04-17,4.723141491371554,3.233291490737575,naive,LORETO
2023-04-24,6.244690428189235,4.723141491371554,naive,LORETO
2023-05-01,6.466582981475145,4.723141491371554,naive,LORETO
2023-05-08,7.576045747904704,4.723141491371554,naive,LORETO
2023-05-15,9.95346596168233,4.723141491371554,naive,LORETO
2023-05-22,11.665208515602218,9.95346596168233,naive,LORETO
2023-05-29,13.059961707685092,9.95346596168233,naive,LORETO
2023-06-05,11.221423409030395,9.95346596168233,naive,LORETO
2023-06-12,11.633509579418517,9.95346596168233,naive,LORETO
2023-06-19,10.333853195886748,11.633509579418517,naive,LORETO
2023-06-26,9.731573408396416,11.633509579418517,naive,LORETO
2023-07-03,9.097594684722383,11.633509579418517,naive,LORETO
2023-07-10,10.080261706417135,11.633509579418517,naive,LORETO
2023-07-17,10.016863834049731,10.080261706417135,naive,LORETO
2023-07-24,8.907401067620173,10.080261706417135,naive,LORETO
2023-07-31,6.942067024230671,10.080261706417135,naive,LORETO
2023-08-07,6.783572343312162,10.080261706417135,naive,LORETO
2023-08-14,6.18129255582183,6.783572343312162,naive,LORETO
2023-08-21,6.339787236740339,6.783572343312162,naive,LORETO
2023-08-28,6.434884045291444,6.783572343312162,naive,LORETO
2023-09-04,6.878669151863267,6.783572343312162,naive,LORETO
2023-09-11,7.037163832781775,6.878669151863267,naive,LORETO
2023-09-18,6.2763893643729345,6.878669151863267,naive,LORETO
2023-09-25,5.674109576882603,6.878669151863267,naive,LORETO
2023-10-02,4.84993723610636,6.878669151863267,naive,LORETO
2023-10-09,4.3110553209834315,4.84993723610636,naive,LORETO
2023-10-16,3.9306680867790114,4.84993723610636,naive,LORETO
2023-10-23,3.6136787249419946,4.84993723610636,naive,LORETO
2023-10-30,3.360087235472381,4.84993723610636,naive,LORETO
2023-11-06,2.9480010650842594,3.360087235472381,naive,LORETO
2023-11-13,2.662710639430944,3.360087235472381,naive,LORETO
2023-11-20,2.884603192716856,3.360087235472381,naive,LORETO
2023-11-27,2.7261085117983477,3.360087235472381,naive,LORETO
2023-12-04,2.3774202137776292,2.7261085117983477,naive,LORETO
2023-12-11,1.9653340433895075,2.7261085117983477,naive,LORETO
2023-12-18,2.3774202137776292,2.7261085117983477,naive,LORETO
2023-12-25,2.789506384165751,2.7261085117983477,naive,LORETO
2004-12-27,4.32430222469625,7.000128802369968,seasonal_naive,LORETO
2005-01-03,4.872046018524684,8.273996951133595,seasonal_naive,LORETO
2005-01-10,5.680994753775256,11.046537242588236,seasonal_naive,LORETO
2005-01-17,7.845183231403923,9.19897018708111,seasonal_naive,LORETO
2005-01-24,8.231645459551899,9.238282025487441,seasonal_naive,LORETO
2005-01-31,7.420074780441149,8.805851803017816,seasonal_naive,LORETO
2005-02-07,7.6905983401447315,8.569980772579838,seasonal_naive,LORETO
2005-02-14,7.6905983401447315,8.923787318236805,seasonal_naive,LORETO
2005-02-21,8.077060568292708,8.727228126205157,seasonal_naive,LORETO
2005-02-28,7.342782334811552,9.159658348674782,seasonal_naive,LORETO
2005-03-07,6.994966329478374,9.23828202548744,seasonal_naive,LORETO
2005-03-14,5.8355796450344455,10.299701662458338,seasonal_naive,LORETO
2005-03-21,6.337980541626815,10.06383063202036,seasonal_naive,LORETO
2005-03-28,7.381428557626351,8.805851803017816,seasonal_naive,LORETO
2005-04-04,7.729244562959529,8.255486065329203,seasonal_naive,LORETO
2005-04-11,7.961121899848315,8.41273341895452,seasonal_naive,LORETO
2005-04-18,6.724442769774792,9.395529379112759,seasonal_naive,LORETO
2005-04-25,6.608504101330399,10.02451879361403,seasonal_naive,LORETO
2005-05-02,7.110904997922767,9.513464894331747,seasonal_naive,LORETO
2005-05-09,7.845183231403922,9.041722833455793,seasonal_naive,LORETO
2005-05-16,8.695400133329471,9.710024086363395,seasonal_naive,LORETO
2005-05-23,9.661555703699413,10.692820046521632,seasonal_naive,LORETO
2005-05-30,11.941682849772471,10.81075556174062,seasonal_naive,LORETO
2005-06-06,15.226611789030272,8.648604449392499,seasonal_naive,LORETO
2005-06-13,18.009139831695702,7.154754589951975,seasonal_naive,LORETO
2005-06-20,17.04298426132576,7.036819074732988,seasonal_naive,LORETO
2005-06-27,15.844951354067033,6.486453337044375,seasonal_naive,LORETO
2005-07-04,16.347352250659405,7.194066428358306,seasonal_naive,LORETO
2005-07-11,17.429446489473737,8.137550550110214,seasonal_naive,LORETO
2005-07-18,16.347352250659405,9.002410995049464,seasonal_naive,LORETO
2005-07-25,13.062423311401604,9.552776732738076,seasonal_naive,LORETO
2005-08-01,11.323343284735712,8.334109742141862,seasonal_naive,LORETO
2005-08-08,11.671159290068891,8.058926873297557,seasonal_naive,LORETO
2005-08-15,11.5165743988097,7.312001943577294,seasonal_naive,LORETO
2005-08-22,11.903036626957677,7.744432166046919,seasonal_naive,LORETO
2005-08-29,11.671159290068891,7.2333782667646345,seasonal_naive,LORETO
2005-09-05,12.28949885510565,7.351313781983623,seasonal_naive,LORETO
2005-09-12,11.36198950755051,7.705120327640588,seasonal_naive,LORETO
2005-09-19,9.584263258069816,7.351313781983624,seasonal_naive,LORETO
2005-09-26,9.622909480884614,7.508561135608942,seasonal_naive,LORETO
2005-10-03,10.782296165328544,6.525765175450704,seasonal_naive,LORETO
2005-10-10,11.671159290068891,6.01471127616842,seasonal_naive,LORETO
2005-10-17,10.936881056587735,5.267786346448158,seasonal_naive,LORETO
2005-10-24,11.052819725032128,4.874667962384863,seasonal_naive,LORETO
2005-10-31,11.323343284735712,4.9926034776038515,seasonal_naive,LORETO
2005-11-07,10.85958861095814,5.385721861667147,seasonal_naive,LORETO
2005-11-14,8.695400133329471,6.211270468200067,seasonal_naive,LORETO
2005-11-21,7.033612552293172,6.840259882701339,seasonal_naive,LORETO
2005-11-28,5.44911741688647,7.2333782667646345,seasonal_naive,LORETO
2005-12-05,5.410471194071672,7.940991358078565,seasonal_naive,LORETO
2005-12-12,5.642348530960458,7.54787297401527,seasonal_naive,LORETO
2005-12-19,5.2172400799976835,7.351313781983623,seasonal_naive,LORETO
2005-12-26,4.019207172738956,4.32430222469625,seasonal_naive,LORETO
2006-01-02,2.8488825596688794,4.872046018524684,seasonal_naive,LORETO
2006-01-09,3.208965077600851,5.680994753775256,seasonal_naive,LORETO
2006-01-16,5.3203941347975094,7.845183231403923,seasonal_naive,LORETO
2006-01-23,6.574487037999778,8.231645459551899,seasonal_naive,LORETO
2006-01-30,6.688495483745439,7.420074780441149,seasonal_naive,LORETO
2006-02-06,4.256315307838007,7.6905983401447315,seasonal_naive,LORETO
2006-02-13,3.9902956010981327,7.6905983401447315,seasonal_naive,LORETO
2006-02-20,4.446329384080776,8.077060568292708,seasonal_naive,LORETO
2006-02-27,4.370323753583668,7.342782334811552,seasonal_naive,LORETO
2006-03-06,4.978368797560526,6.994966329478374,seasonal_naive,LORETO
2006-03-13,4.066301231595239,5.8355796450344455,seasonal_naive,LORETO
2006-03-20,5.092377243306188,6.337980541626815,seasonal_naive,LORETO
2006-03-27,4.636343460323544,7.381428557626351,seasonal_naive,LORETO
2006-04-03,5.928439178774366,7.729244562959529,seasonal_naive,LORETO
2006-04-10,6.3084673312599024,7.961121899848315,seasonal_naive,LORETO
2006-04-17,7.676568680207833,6.724442769774792,seasonal_naive,LORETO
2006-04-24,8.968664398658655,6.608504101330399,seasonal_naive,LORETO
2006-05-01,11.172827683074765,7.110904997922767,seasonal_naive,LORETO
2006-05-08,13.22497970649666,7.845183231403922,seasonal_naive,LORETO
2006-05-15,16.455219002623718,8.695400133329471,seasonal_naive,LORETO
2006-05-22,22.839691964380723,9.661555703699413,seasonal_naive,LORETO
2006-05-29,27.628046685698482,11.941682849772471,seasonal_naive,LORETO
2006-06-05,32.606415483259006,15.226611789030272,seasonal_naive,LORETO
2006-06-12,30.858285981825542,18.009139831695702,seasonal_naive,LORETO
2006-06-19,28.312097360172448,17.04298426132576,seasonal_naive,LORETO
2006-06-26,22.38365818139808,15.844951354067033,seasonal_naive,LORETO
2006-07-03,18.089340058311524,16.347352250659405,seasonal_naive,LORETO
2006-07-10,16.189199295883842,17.429446489473737,seasonal_naive,LORETO
2006-07-17,13.719016304727859,16.347352250659405,seasonal_naive,LORETO
2006-07-24,13.072968445502449,13.062423311401604,seasonal_naive,LORETO
2006-07-31,11.742869911803071,11.323343284735712,seasonal_naive,LORETO
2006-08-07,11.134824867826213,11.671159290068891,seasonal_naive,LORETO
2006-08-14,10.07074604086671,11.5165743988097,seasonal_naive,LORETO
2006-08-21,9.006667213907212,11.903036626957677,seasonal_naive,LORETO
2006-08-28,9.158678474901427,11.671159290068891,seasonal_naive,LORETO
2006-09-04,8.018594017444817,12.28949885510565,seasonal_naive,LORETO
2006-09-11,6.270464516011351,11.36198950755051,seasonal_naive,LORETO
2006-09-18,4.598340645074992,9.584263258069816,seasonal_naive,LORETO
2006-09-25,3.990295601098134,9.622909480884614,seasonal_naive,LORETO
2006-10-02,4.256315307838009,10.782296165328544,seasonal_naive,LORETO
2006-10-09,4.674346275572099,11.671159290068891,seasonal_naive,LORETO
2006-10-16,5.776427917780154,10.936881056587735,seasonal_naive,LORETO
2006-10-23,5.396399765294618,11.052819725032128,seasonal_naive,LORETO
2006-10-30,6.118453255017137,11.323343284735712,seasonal_naive,LORETO
2006-11-06,6.004444809271476,10.85958861095814,seasonal_naive,LORETO
2006-11-13,6.536484222751227,8.695400133329471,seasonal_naive,LORETO
2006-11-20,5.852433548277261,7.033612552293172,seasonal_naive,LORETO
2006-11-27,5.852433548277261,5.44911741688647,seasonal_naive,LORETO
2006-12-04,5.586413841537386,5.410471194071672,seasonal_naive,LORETO
2006-12-11,5.586413841537386,5.642348530960458,seasonal_naive,LORETO
2006-12-18,5.054374428057636,5.2172400799976835,seasonal_naive,LORETO
2006-12-25,4.560337829826438,4.019207172738956,seasonal_naive,LORETO
2007-01-01,4.977161888166406,2.8488825596688794,seasonal_naive,LORETO
2007-01-08,6.372101117662692,3.208965077600851,seasonal_naive,LORETO
2007-01-15,8.22369650672325,5.3203941347975094,seasonal_naive,LORETO
2007-01-22,8.298457384057096,6.574487037999778,seasonal_naive,LORETO
2007-01-29,6.95276159204784,6.688495483745439,seasonal_naive,LORETO
2007-02-05,6.018250625374743,4.256315307838007,seasonal_naive,LORETO
2007-02-12,6.317294134710134,3.9902956010981327,seasonal_naive,LORETO
2007-02-19,8.22369650672325,4.446329384080776,seasonal_naive,LORETO
2007-02-26,8.261076945390174,4.370323753583668,seasonal_naive,LORETO
2007-03-05,9.046066157395577,4.978368797560526,seasonal_naive,LORETO
2007-03-12,7.476087733384773,4.066301231595239,seasonal_naive,LORETO
2007-03-19,8.560120454725565,5.092377243306188,seasonal_naive,LORETO
2007-03-26,8.186316068056327,4.636343460323544,seasonal_naive,LORETO
2007-04-02,8.971305280061728,5.928439178774366,seasonal_naive,LORETO
2007-04-09,10.16747931740329,6.3084673312599024,seasonal_naive,LORETO
2007-04-16,11.13937072274331,7.676568680207833,seasonal_naive,LORETO
2007-04-23,12.671968708087187,8.968664398658655,seasonal_naive,LORETO
2007-04-30,11.774838180081014,11.172827683074765,seasonal_naive,LORETO
2007-05-07,12.671968708087187,13.22497970649666,seasonal_naive,LORETO
2007-05-14,13.232675288091045,16.455219002623718,seasonal_naive,LORETO
2007-05-21,14.989555905436466,22.839691964380723,seasonal_naive,LORETO
2007-05-28,15.699784240108018,27.628046685698482,seasonal_naive,LORETO
2007-06-04,14.989555905436466,32.606415483259006,seasonal_naive,LORETO
2007-06-11,16.821197400115732,30.858285981825542,seasonal_naive,LORETO
2007-06-18,12.971012217422578,28.312097360172448,seasonal_naive,LORETO
2007-06-25,10.279620633404063,22.38365818139808,seasonal_naive,LORETO
2007-07-02,7.775131242720164,18.089340058311524,seasonal_naive,LORETO
2007-07-09,8.821783525394032,16.189199295883842,seasonal_naive,LORETO
2007-07-16,11.513175109412549,13.719016304727859,seasonal_naive,LORETO
2007-07-23,10.503903265405604,13.072968445502449,seasonal_naive,LORETO
2007-07-30,11.4384142320787,11.742869911803071,seasonal_naive,LORETO
2007-08-06,10.915088090741767,11.134824867826213,seasonal_naive,LORETO
2007-08-13,11.251512038744082,10.07074604086671,seasonal_naive,LORETO
2007-08-20,10.802946774740995,9.006667213907212,seasonal_naive,LORETO
2007-08-27,9.49463142139866,9.158678474901427,seasonal_naive,LORETO
2007-09-03,7.849892120054011,8.018594017444817,seasonal_naive,LORETO
2007-09-10,6.429435450710906,6.270464516011351,seasonal_naive,LORETO
2007-09-17,6.541576766711677,4.598340645074992,seasonal_naive,LORETO
2007-09-24,7.363946417384002,3.990295601098134,seasonal_naive,LORETO
2007-10-01,6.765859398713221,4.256315307838009,seasonal_naive,LORETO
2007-10-08,7.849892120054012,4.674346275572099,seasonal_naive,LORETO
2007-10-15,7.401326856050925,5.776427917780154,seasonal_naive,LORETO
2007-10-22,10.279620633404061,5.396399765294618,seasonal_naive,LORETO
2007-10-29,9.56939229873251,6.118453255017137,seasonal_naive,LORETO
2007-11-05,9.345109666730965,6.004444809271476,seasonal_naive,LORETO
2007-11-12,6.27991369604321,6.536484222751227,seasonal_naive,LORETO
2007-11-19,5.569685361371657,5.852433548277261,seasonal_naive,LORETO
2007-11-26,4.784696149366256,5.852433548277261,seasonal_naive,LORETO
2007-12-03,5.420163606703962,5.586413841537386,seasonal_naive,LORETO
2007-12-10,6.055631064041667,5.586413841537386,seasonal_naive,LORETO
2007-12-17,7.363946417384002,5.054374428057636,seasonal_naive,LORETO
2007-12-24,9.756294492067129,4.560337829826438,seasonal_naive,LORETO
2007-12-31,9.419870544064814,4.977161888166406,seasonal_naive,LORETO
2008-01-07,12.499962118332428,6.372101117662692,seasonal_naive,LORETO
2008-01-14,14.19697746192386,8.22369650672325,seasonal_naive,LORETO
2008-01-21,15.801681861445529,8.298457384057096,seasonal_naive,LORETO
2008-01-28,13.248248492734191,6.95276159204784,seasonal_naive,LORETO
2008-02-04,10.287746036257277,6.018250625374743,seasonal_naive,LORETO
2008-02-11,8.178388036017479,6.317294134710134,seasonal_naive,LORETO
2008-02-18,7.290237299074403,8.22369650672325,seasonal_naive,LORETO
2008-02-25,6.365080281425368,8.261076945390174,seasonal_naive,LORETO
2008-03-03,8.067369193899593,9.046066157395577,seasonal_naive,LORETO
2008-03-10,8.141381755311516,7.476087733384773,seasonal_naive,LORETO
2008-03-17,8.51144456237113,8.560120454725565,seasonal_naive,LORETO
2008-03-24,7.845331509663825,8.186316068056327,seasonal_naive,LORETO
2008-03-31,7.290237299074403,8.971305280061728,seasonal_naive,LORETO
2008-04-07,7.216224737662482,10.16747931740329,seasonal_naive,LORETO
2008-04-14,7.179218456956519,11.13937072274331,seasonal_naive,LORETO
2008-04-21,7.5862875447220945,12.671968708087187,seasonal_naive,LORETO
2008-04-28,7.438262421898249,11.774838180081014,seasonal_naive,LORETO
2008-05-05,5.661960948012101,12.671968708087187,seasonal_naive,LORETO
2008-05-12,3.9596720355378765,13.232675288091045,seasonal_naive,LORETO
2008-05-19,3.7006280705961463,14.989555905436466,seasonal_naive,LORETO
2008-05-26,3.848653193419992,15.699784240108018,seasonal_naive,LORETO
2008-06-02,4.736803930363066,14.989555905436466,seasonal_naive,LORETO
2008-06-09,4.181709719773646,16.821197400115732,seasonal_naive,LORETO
2008-06-16,3.922665754831915,12.971012217422578,seasonal_naive,LORETO
2008-06-23,2.775471052947111,10.279620633404063,seasonal_naive,LORETO
2008-06-30,2.2203768423576897,7.775131242720164,seasonal_naive,LORETO
2008-07-07,3.6266155091842234,8.821783525394032,seasonal_naive,LORETO
2008-07-14,5.550942105894218,11.513175109412549,seasonal_naive,LORETO
2008-07-21,8.844501088724783,10.503903265405604,seasonal_naive,LORETO
2008-07-28,8.992526211548629,11.4384142320787,seasonal_naive,LORETO
2008-08-04,7.068199614838636,10.915088090741767,seasonal_naive,LORETO
2008-08-11,3.700628070596147,11.251512038744082,seasonal_naive,LORETO
2008-08-18,1.7763014738861533,10.802946774740995,seasonal_naive,LORETO
2008-08-25,2.5904396494173043,9.49463142139866,seasonal_naive,LORETO
2008-09-01,5.032854176010758,7.849892120054011,seasonal_naive,LORETO
2008-09-08,5.809986070835948,6.429435450710906,seasonal_naive,LORETO
2008-09-15,6.439092842837293,6.541576766711677,seasonal_naive,LORETO
2008-09-22,4.588778807539221,7.363946417384002,seasonal_naive,LORETO
2008-09-29,4.070690877655761,6.765859398713221,seasonal_naive,LORETO
2008-10-06,4.255722281185569,7.849892120054012,seasonal_naive,LORETO
2008-10-13,6.180048877895562,7.401326856050925,seasonal_naive,LORETO
2008-10-20,7.549281264016134,10.279620633404061,seasonal_naive,LORETO
2008-10-27,7.216224737662482,9.56939229873251,seasonal_naive,LORETO
2008-11-03,7.956350351781709,9.345109666730965,seasonal_naive,LORETO
2008-11-10,8.178388036017479,6.27991369604321,seasonal_naive,LORETO
2008-11-17,8.69647596590094,5.569685361371657,seasonal_naive,LORETO
2008-11-24,7.327243579780365,4.784696149366256,seasonal_naive,LORETO
2008-12-01,6.994187053426713,5.420163606703962,seasonal_naive,LORETO
2008-12-08,7.253231018368442,6.055631064041667,seasonal_naive,LORETO
2008-12-15,6.587117965661137,7.363946417384002,seasonal_naive,LORETO
2008-12-22,5.217885579540565,9.756294492067129,seasonal_naive,LORETO
2008-12-29,6.587117965661136,9.419870544064814,seasonal_naive,LORETO
2009-01-05,6.860794495436417,12.499962118332428,seasonal_naive,LORETO
2009-01-12,8.245759793072788,14.19697746192386,seasonal_naive,LORETO
2009-01-19,5.49592477178173,15.801681861445529,seasonal_naive,LORETO
2009-01-26,4.689855805253743,13.248248492734191,seasonal_naive,LORETO
2009-02-02,4.2501818235112045,10.287746036257277,seasonal_naive,LORETO
2009-02-09,5.569203768738819,8.178388036017479,seasonal_naive,LORETO
2009-02-16,6.448551732223894,7.290237299074403,seasonal_naive,LORETO
2009-02-23,8.24388715767259,6.365080281425368,seasonal_naive,LORETO
2009-03-02,10.149141078556921,8.067369193899593,seasonal_naive,LORETO
2009-03-09,12.164313494876888,8.141381755311516,seasonal_naive,LORETO
2009-03-16,13.629893434018678,8.51144456237113,seasonal_naive,LORETO
2009-03-23,13.886369923368493,7.845331509663825,seasonal_naive,LORETO
2009-03-30,12.970382461404874,7.290237299074403,seasonal_naive,LORETO
2009-04-06,10.845291549649275,7.216224737662482,seasonal_naive,LORETO
2009-04-13,13.373416944668866,7.179218456956519,seasonal_naive,LORETO
2009-04-20,14.399322902068121,7.5862875447220945,seasonal_naive,LORETO
2009-04-27,18.209830743836786,7.438262421898249,seasonal_naive,LORETO
2009-05-04,17.58695926970152,5.661960948012101,seasonal_naive,LORETO
2009-05-11,20.188363661678206,3.9596720355378765,seasonal_naive,LORETO
2009-05-18,19.968526670806934,3.7006280705961463,seasonal_naive,LORETO
2009-05-25,20.15172416319966,3.848653193419992,seasonal_naive,LORETO
2009-06-01,17.147285287958983,4.736803930363066,seasonal_naive,LORETO
2009-06-08,14.509241397503756,4.181709719773646,seasonal_naive,LORETO
2009-06-15,11.651360516177258,3.922665754831915,seasonal_naive,LORETO
2009-06-22,11.761279011612894,2.775471052947111,seasonal_naive,LORETO
2009-06-29,11.248326032913267,2.2203768423576897,seasonal_naive,LORETO
2009-07-06,9.672827598335838,3.6266155091842234,seasonal_naive,LORETO
2009-07-13,7.694294680494418,5.550942105894218,seasonal_naive,LORETO
2009-07-20,6.228714741352626,8.844501088724783,seasonal_naive,LORETO
2009-07-27,5.862319756567177,8.992526211548629,seasonal_naive,LORETO
2009-08-03,6.2653542398311695,7.068199614838636,seasonal_naive,LORETO
2009-08-10,6.595109726138074,3.700628070596147,seasonal_naive,LORETO
2009-08-17,6.5218307291809845,1.7763014738861533,seasonal_naive,LORETO
2009-08-24,6.9615047109235215,2.5904396494173043,seasonal_naive,LORETO
2009-08-31,6.301993738309715,5.032854176010758,seasonal_naive,LORETO
2009-09-07,5.825680258088632,5.809986070835948,seasonal_naive,LORETO
2009-09-14,4.763134802210833,6.439092842837293,seasonal_naive,LORETO
2009-09-21,5.312727279389005,4.588778807539221,seasonal_naive,LORETO
2009-09-28,5.605843267217363,4.070690877655761,seasonal_naive,LORETO
2009-10-05,7.254620698751881,4.255722281185569,seasonal_naive,LORETO
2009-10-12,7.511097188101694,6.180048877895562,seasonal_naive,LORETO
2009-10-19,7.511097188101695,7.549281264016134,seasonal_naive,LORETO
2009-10-26,6.118796245916992,7.216224737662482,seasonal_naive,LORETO
2009-11-02,6.045517248959901,7.956350351781709,seasonal_naive,LORETO
2009-11-09,6.558470227659529,8.178388036017479,seasonal_naive,LORETO
2009-11-16,5.825680258088632,8.69647596590094,seasonal_naive,LORETO
2009-11-23,5.569203768738819,7.327243579780365,seasonal_naive,LORETO
2009-11-30,4.799774300689378,6.994187053426713,seasonal_naive,LORETO
2009-12-07,5.202808783953371,7.253231018368442,seasonal_naive,LORETO
2009-12-14,4.506658312861019,6.587117965661137,seasonal_naive,LORETO
2009-12-21,3.993705334161391,5.217885579540565,seasonal_naive,LORETO
2009-12-28,2.125090911755605,6.587117965661136,seasonal_naive,LORETO
2010-01-04,2.584503992517721,6.860794495436417,seasonal_naive,LORETO
2010-01-11,3.627991551133281,8.245759793072788,seasonal_naive,LORETO
2010-01-18,5.0429082560752585,5.49592477178173,seasonal_naive,LORETO
2010-01-25,5.224307833631922,4.689855805253743,seasonal_naive,LORETO
2010-02-01,4.970348425052593,4.2501818235112045,seasonal_naive,LORETO
2010-02-08,6.022465974881243,5.569203768738819,seasonal_naive,LORETO
2010-02-15,6.022465974881243,6.448551732223894,seasonal_naive,LORETO
2010-02-22,6.276425383460572,8.24388715767259,seasonal_naive,LORETO
2010-03-01,6.1675856369265745,10.149141078556921,seasonal_naive,LORETO
2010-03-08,5.623386904256583,12.164313494876888,seasonal_naive,LORETO
2010-03-15,5.804786481813246,13.629893434018678,seasonal_naive,LORETO
2010-03-22,6.1675856369265745,13.886369923368493,seasonal_naive,LORETO
2010-03-29,7.945301496981879,12.970382461404874,seasonal_naive,LORETO
2010-04-05,9.577897694991854,10.845291549649275,seasonal_naive,LORETO
2010-04-12,11.355613555047158,13.373416944668866,seasonal_naive,LORETO
2010-04-19,14.258006795953778,14.399322902068121,seasonal_naive,LORETO
2010-04-26,18.430197079757047,18.209830743836786,seasonal_naive,LORETO
2010-05-03,20.969791165550337,17.58695926970152,seasonal_naive,LORETO
2010-05-10,20.53443217941435,20.188363661678206,seasonal_naive,LORETO
2010-05-17,20.498152263903012,19.968526670806934,seasonal_naive,LORETO
2010-05-24,16.507361557656413,20.15172416319966,seasonal_naive,LORETO
2010-05-31,14.947325190669103,17.147285287958983,seasonal_naive,LORETO
2010-06-07,10.847694737888501,14.509241397503756,seasonal_naive,LORETO
2010-06-14,10.70257507584317,11.651360516177258,seasonal_naive,LORETO
2010-06-21,8.562060060674535,11.761279011612894,seasonal_naive,LORETO
2010-06-28,5.986186059369909,11.248326032913267,seasonal_naive,LORETO
2010-07-05,5.151748002609256,9.672827598335838,seasonal_naive,LORETO
2010-07-12,5.6596668197679145,7.694294680494418,seasonal_naive,LORETO
2010-07-19,6.7843442006192305,6.228714741352626,seasonal_naive,LORETO
2010-07-26,6.348985214483238,5.862319756567177,seasonal_naive,LORETO
2010-08-02,5.6596668197679145,6.2653542398311695,seasonal_naive,LORETO
2010-08-09,5.6596668197679145,6.595109726138074,seasonal_naive,LORETO
2010-08-16,6.3127052989719035,6.5218307291809845,seasonal_naive,LORETO
2010-08-23,6.5303847920399,6.9615047109235215,seasonal_naive,LORETO
2010-08-30,5.804786481813245,6.301993738309715,seasonal_naive,LORETO
2010-09-06,5.33314758016592,5.825680258088632,seasonal_naive,LORETO
2010-09-13,5.768506566301913,4.763134802210833,seasonal_naive,LORETO
2010-09-20,5.405707411188586,5.312727279389005,seasonal_naive,LORETO
2010-09-27,4.4624296078939345,5.605843267217363,seasonal_naive,LORETO
2010-10-04,4.426149692382602,7.254620698751881,seasonal_naive,LORETO
2010-10-11,5.841066397324578,7.511097188101694,seasonal_naive,LORETO
2010-10-18,6.494104876528568,7.511097188101695,seasonal_naive,LORETO
2010-10-25,5.695946735279247,6.118796245916992,seasonal_naive,LORETO
2010-11-01,4.93406850954126,6.045517248959901,seasonal_naive,LORETO
2010-11-08,5.006628340563926,6.558470227659529,seasonal_naive,LORETO
2010-11-15,4.752668931984596,5.825680258088632,seasonal_naive,LORETO
2010-11-22,4.244750114825938,5.569203768738819,seasonal_naive,LORETO
2010-11-29,3.7368312976672784,4.799774300689378,seasonal_naive,LORETO
2010-12-06,3.809391128689944,5.202808783953371,seasonal_naive,LORETO
2010-12-13,3.845671044201277,4.506658312861019,seasonal_naive,LORETO
2010-12-20,3.555431720110615,3.993705334161391,seasonal_naive,LORETO
2010-12-27,3.265192396019953,2.125090911755605,seasonal_naive,LORETO
2011-01-03,3.8622078860888145,2.584503992517721,seasonal_naive,LORETO
2011-01-10,4.968199857974753,3.627991551133281,seasonal_naive,LORETO
2011-01-17,4.454992717524006,5.0429082560752585,seasonal_naive,LORETO
2011-01-24,3.5927360625193607,5.224307833631922,seasonal_naive,LORETO
2011-01-31,2.694552046889522,4.970348425052593,seasonal_naive,LORETO
2011-02-07,4.167573832522458,6.022465974881243,seasonal_naive,LORETO
2011-02-14,4.454992717524006,6.022465974881243,seasonal_naive,LORETO
2011-02-21,5.173539930027878,6.276425383460572,seasonal_naive,LORETO
2011-02-28,4.957975766276716,6.1675856369265745,seasonal_naive,LORETO
2011-03-07,5.137612569402684,5.623386904256583,seasonal_naive,LORETO
2011-03-14,7.868091976917394,5.804786481813246,seasonal_naive,LORETO
2011-03-21,8.550711828796073,6.1675856369265745,seasonal_naive,LORETO
2011-03-28,10.203370417554975,7.945301496981879,seasonal_naive,LORETO
2011-04-04,11.245263875685588,9.577897694991854,seasonal_naive,LORETO
2011-04-11,13.329050791946814,11.355613555047158,seasonal_naive,LORETO
2011-04-18,13.400905513197202,14.258006795953778,seasonal_naive,LORETO
2011-04-25,11.281191236310782,18.430197079757047,seasonal_naive,LORETO
2011-05-02,9.880024171928234,20.969791165550337,seasonal_naive,LORETO
2011-05-09,10.490789302556523,20.53443217941435,seasonal_naive,LORETO
2011-05-16,11.604537481937525,20.498152263903012,seasonal_naive,LORETO
2011-05-23,11.85602900631388,16.507361557656413,seasonal_naive,LORETO
2011-05-30,11.784174285063493,14.947325190669103,seasonal_naive,LORETO
2011-06-06,10.56264402380691,10.847694737888501,seasonal_naive,LORETO
2011-06-13,10.706353466307684,10.70257507584317,seasonal_naive,LORETO
2011-06-20,11.137481793810005,8.562060060674535,seasonal_naive,LORETO
2011-06-27,11.029699711934427,5.986186059369909,seasonal_naive,LORETO
2011-07-04,12.251229973191009,5.151748002609256,seasonal_naive,LORETO
2011-07-11,11.7482469244383,5.6596668197679145,seasonal_naive,LORETO
2011-07-18,11.96381108818946,6.7843442006192305,seasonal_naive,LORETO
2011-07-25,10.490789302556523,6.348985214483238,seasonal_naive,LORETO
2011-08-01,8.874058074422814,5.6596668197679145,seasonal_naive,LORETO
2011-08-08,7.904019337542587,5.6596668197679145,seasonal_naive,LORETO
2011-08-15,6.3232154700340715,6.3127052989719035,seasonal_naive,LORETO
2011-08-22,6.071723945657716,6.5303847920399,seasonal_naive,LORETO
2011-08-29,6.107651306282911,5.804786481813245,seasonal_naive,LORETO
2011-09-05,6.574706994410427,5.33314758016592,seasonal_naive,LORETO
2011-09-12,5.640595618155395,5.768506566301913,seasonal_naive,LORETO
2011-09-19,4.4190653568988125,5.405707411188586,seasonal_naive,LORETO
2011-09-26,4.275355914398038,4.4624296078939345,seasonal_naive,LORETO
2011-10-03,4.526847438774394,4.426149692382602,seasonal_naive,LORETO
2011-10-10,5.281322011903458,5.841066397324578,seasonal_naive,LORETO
2011-10-17,4.7424116025255545,6.494104876528568,seasonal_naive,LORETO
2011-10-24,4.634629520649974,5.695946735279247,seasonal_naive,LORETO
2011-10-31,5.281322011903458,4.93406850954126,seasonal_naive,LORETO
2011-11-07,5.317249372528651,5.006628340563926,seasonal_naive,LORETO
2011-11-14,5.71245033940578,4.752668931984596,seasonal_naive,LORETO
2011-11-21,5.460958815029426,4.244750114825938,seasonal_naive,LORETO
2011-11-28,8.155510861918943,3.7368312976672784,seasonal_naive,LORETO
2011-12-05,8.981840156298395,3.809391128689944,seasonal_naive,LORETO
2011-12-12,7.580673091915845,3.845671044201277,seasonal_naive,LORETO
2011-12-19,5.209467290653071,3.555431720110615,seasonal_naive,LORETO
2011-12-26,5.137612569402684,3.265192396019953,seasonal_naive,LORETO
2012-01-02,5.875490238553965,3.8622078860888145,seasonal_naive,LORETO
2012-01-09,5.9286734428293455,4.968199857974753,seasonal_naive,LORETO
2012-01-16,5.977707421110278,4.454992717524006,seasonal_naive,LORETO
2012-01-23,6.048870604694923,3.5927360625193607,seasonal_naive,LORETO
2012-01-30,6.191196971864216,2.694552046889522,seasonal_naive,LORETO
2012-02-06,5.835381053940986,4.167573832522458,seasonal_naive,LORETO
2012-02-13,5.728636278564017,4.454992717524006,seasonal_naive,LORETO
2012-02-20,5.337238768848462,5.173539930027878,seasonal_naive,LORETO
2012-02-27,5.266075585263817,4.957975766276716,seasonal_naive,LORETO
2012-03-05,5.337238768848462,5.137612569402684,seasonal_naive,LORETO
2012-03-12,5.657473094979371,7.868091976917394,seasonal_naive,LORETO
2012-03-19,5.728636278564017,8.550711828796073,seasonal_naive,LORETO
2012-03-26,6.262360155448863,10.203370417554975,seasonal_naive,LORETO
2012-04-02,7.899113377895723,11.245263875685588,seasonal_naive,LORETO
2012-04-09,9.393540233173292,13.329050791946814,seasonal_naive,LORETO
2012-04-16,10.99471186382783,13.400905513197202,seasonal_naive,LORETO
2012-04-23,11.386109373543382,11.281191236310782,seasonal_naive,LORETO
2012-04-30,10.959130272035507,9.880024171928234,seasonal_naive,LORETO
2012-05-07,10.78122231307389,10.490789302556523,seasonal_naive,LORETO
2012-05-14,10.460987986942984,11.604537481937525,seasonal_naive,LORETO
2012-05-21,11.279364598166415,11.85602900631388,seasonal_naive,LORETO
2012-05-28,11.955414842220554,11.784174285063493,seasonal_naive,LORETO
2012-06-04,11.741925291466613,10.56264402380691,seasonal_naive,LORETO
2012-06-11,10.460987986942984,10.706353466307684,seasonal_naive,LORETO
2012-06-18,8.930979539873093,11.137481793810005,seasonal_naive,LORETO
2012-06-25,7.7567870107264305,11.029699711934427,seasonal_naive,LORETO
2012-07-02,7.116318358464617,12.251229973191009,seasonal_naive,LORETO
2012-07-09,6.9384103995030015,11.7482469244383,seasonal_naive,LORETO
2012-07-16,6.582594481579771,11.96381108818946,seasonal_naive,LORETO
2012-07-23,5.835381053940986,10.490789302556523,seasonal_naive,LORETO
2012-07-30,5.194912401679171,8.874058074422814,seasonal_naive,LORETO
2012-08-06,5.2304939934714945,7.904019337542587,seasonal_naive,LORETO
2012-08-13,5.443983544225432,6.3232154700340715,seasonal_naive,LORETO
2012-08-20,5.40840195243311,6.071723945657716,seasonal_naive,LORETO
2012-08-27,4.732351708378972,6.107651306282911,seasonal_naive,LORETO
2012-09-03,5.0881676263022015,6.574706994410427,seasonal_naive,LORETO
2012-09-10,5.550728319602402,5.640595618155395,seasonal_naive,LORETO
2012-09-17,6.262360155448863,4.4190653568988125,seasonal_naive,LORETO
2012-09-24,5.87096264573331,4.275355914398038,seasonal_naive,LORETO
2012-10-01,4.625606933002001,4.526847438774394,seasonal_naive,LORETO
2012-10-08,4.198627831494125,5.281322011903458,seasonal_naive,LORETO
2012-10-15,4.3765357904557405,4.7424116025255545,seasonal_naive,LORETO
2012-10-22,4.447698974040387,4.634629520649974,seasonal_naive,LORETO
2012-10-29,4.412117382248064,5.281322011903458,seasonal_naive,LORETO
2012-11-05,4.910259667340586,5.317249372528651,seasonal_naive,LORETO
2012-11-12,5.194912401679171,5.71245033940578,seasonal_naive,LORETO
2012-11-19,5.337238768848462,5.460958815029426,seasonal_naive,LORETO
2012-11-26,5.123749218094525,8.155510861918943,seasonal_naive,LORETO
2012-12-03,5.550728319602402,8.981840156298395,seasonal_naive,LORETO
2012-12-10,5.728636278564017,7.580673091915845,seasonal_naive,LORETO
2012-12-17,6.2267785636565405,5.209467290653071,seasonal_naive,LORETO
2012-12-24,5.977707421110278,5.137612569402684,seasonal_naive,LORETO
2012-12-31,6.404686522618154,5.875490238553965,seasonal_naive,LORETO
2013-01-07,6.734722168798818,5.9286734428293455,seasonal_naive,LORETO
2013-01-14,7.5639177423776305,5.977707421110278,seasonal_naive,LORETO
2013-01-21,7.259929804232121,6.048870604694923,seasonal_naive,LORETO
2013-01-28,7.048475538089438,6.191196971864216,seasonal_naive,LORETO
2013-02-04,7.013233160398991,5.835381053940986,seasonal_naive,LORETO
2013-02-11,6.837021271946754,5.728636278564017,seasonal_naive,LORETO
2013-02-18,6.414112739661388,5.337238768848462,seasonal_naive,LORETO
2013-02-25,5.638780430471551,5.266075585263817,seasonal_naive,LORETO
2013-03-04,5.779749941233341,5.337238768848462,seasonal_naive,LORETO
2013-03-11,6.2026584735187065,5.657473094979371,seasonal_naive,LORETO
2013-03-18,6.4845974950422836,5.728636278564017,seasonal_naive,LORETO
2013-03-25,6.6960517611849655,6.262360155448863,seasonal_naive,LORETO
2013-04-01,8.599140156469113,7.899113377895723,seasonal_naive,LORETO
2013-04-08,10.149804774848787,9.393540233173292,seasonal_naive,LORETO
2013-04-15,12.193862680894725,10.99471186382783,seasonal_naive,LORETO
2013-04-22,12.017650792442488,11.386109373543382,seasonal_naive,LORETO
2013-04-29,11.171833727871757,10.959130272035507,seasonal_naive,LORETO
2013-05-06,9.550684354111185,10.78122231307389,seasonal_naive,LORETO
2013-05-13,8.000019735731511,10.460987986942984,seasonal_naive,LORETO
2013-05-20,6.378870361970942,11.279364598166415,seasonal_naive,LORETO
2013-05-27,6.132173718137811,11.955414842220554,seasonal_naive,LORETO
2013-06-03,5.674022808161998,11.741925291466613,seasonal_naive,LORETO
2013-06-10,7.189445048851226,10.460987986942984,seasonal_naive,LORETO
2013-06-17,6.414112739661388,8.930979539873093,seasonal_naive,LORETO
2013-06-24,5.533053297400211,7.7567870107264305,seasonal_naive,LORETO
2013-07-01,4.0528734344014286,7.116318358464617,seasonal_naive,LORETO
2013-07-08,3.8414191682587457,6.9384103995030015,seasonal_naive,LORETO
2013-07-15,3.9471463013300876,6.582594481579771,seasonal_naive,LORETO
2013-07-22,3.9471463013300876,5.835381053940986,seasonal_naive,LORETO
2013-07-29,4.017631056710981,5.194912401679171,seasonal_naive,LORETO
2013-08-05,4.193842945163218,5.2304939934714945,seasonal_naive,LORETO
2013-08-12,5.356841408947974,5.443983544225432,seasonal_naive,LORETO
2013-08-19,4.933932876662609,5.40840195243311,seasonal_naive,LORETO
2013-08-26,3.9823886790205343,4.732351708378972,seasonal_naive,LORETO
2013-09-02,2.5374511937122004,5.0881676263022015,seasonal_naive,LORETO
2013-09-09,2.643178326783542,5.550728319602402,seasonal_naive,LORETO
2013-09-16,2.6784207044739894,6.262360155448863,seasonal_naive,LORETO
2013-09-23,2.819390215235778,5.87096264573331,seasonal_naive,LORETO
2013-09-30,2.819390215235778,4.625606933002001,seasonal_naive,LORETO
2013-10-07,3.030844481378461,4.198627831494125,seasonal_naive,LORETO
2013-10-14,3.242298747521144,4.3765357904557405,seasonal_naive,LORETO
2013-10-21,3.242298747521144,4.447698974040387,seasonal_naive,LORETO
2013-10-28,3.3127835029020383,4.412117382248064,seasonal_naive,LORETO
2013-11-04,3.3127835029020383,4.910259667340586,seasonal_naive,LORETO
2013-11-11,2.7489054598548837,5.194912401679171,seasonal_naive,LORETO
2013-11-18,2.7841478375453312,5.337238768848462,seasonal_naive,LORETO
2013-11-25,3.41851063597338,5.123749218094525,seasonal_naive,LORETO
2013-12-02,4.0528734344014286,5.550728319602402,seasonal_naive,LORETO
2013-12-09,4.123358189782324,5.728636278564017,seasonal_naive,LORETO
2013-12-16,2.7841478375453312,6.2267785636565405,seasonal_naive,LORETO
2013-12-23,2.537451193712201,5.977707421110278,seasonal_naive,LORETO
2013-12-30,2.6784207044739894,6.404686522618154,seasonal_naive,LORETO
2014-01-06,3.476348708587885,6.734722168798818,seasonal_naive,LORETO
2014-01-13,3.5022724779241514,7.5639177423776305,seasonal_naive,LORETO
2014-01-20,2.827675190187344,7.259929804232121,seasonal_naive,LORETO
2014-01-27,2.5134890579443057,7.048475538089438,seasonal_naive,LORETO
2014-02-03,3.0022230414334756,7.013233160398991,seasonal_naive,LORETO
2014-02-10,3.386228314174966,6.837021271946754,seasonal_naive,LORETO
2014-02-17,3.5258665951718715,6.414112739661388,seasonal_naive,LORETO
2014-02-24,3.0022230414334756,5.638780430471551,seasonal_naive,LORETO
2014-03-03,3.421137884424192,5.779749941233341,seasonal_naive,LORETO
2014-03-10,3.211680462928834,6.2026584735187065,seasonal_naive,LORETO
2014-03-17,3.0720421819319284,6.4845974950422836,seasonal_naive,LORETO
2014-03-24,3.5956857356703247,6.6960517611849655,seasonal_naive,LORETO
2014-03-31,4.084419719159494,8.599140156469113,seasonal_naive,LORETO
2014-04-07,4.71279198364557,10.149804774848787,seasonal_naive,LORETO
2014-04-14,5.4808025291285505,12.193862680894725,seasonal_naive,LORETO
2014-04-21,5.725169520873135,12.017650792442488,seasonal_naive,LORETO
2014-04-28,5.794988661371588,11.171833727871757,seasonal_naive,LORETO
2014-05-05,6.004446082866946,9.550684354111185,seasonal_naive,LORETO
2014-05-12,7.9244724465743985,8.000019735731511,seasonal_naive,LORETO
2014-05-19,9.600131818537266,6.378870361970942,seasonal_naive,LORETO
2014-05-26,10.088865802026435,6.132173718137811,seasonal_naive,LORETO
2014-06-02,10.368142364020246,5.674022808161998,seasonal_naive,LORETO
2014-06-09,9.879408380531077,7.189445048851226,seasonal_naive,LORETO
2014-06-16,8.901940413552737,6.414112739661388,seasonal_naive,LORETO
2014-06-23,6.2488130746115305,5.533053297400211,seasonal_naive,LORETO
2014-06-30,5.341164248131644,4.0528734344014286,seasonal_naive,LORETO
2014-07-07,5.376073818380871,3.8414191682587457,seasonal_naive,LORETO
2014-07-14,6.493180066356115,3.9471463013300876,seasonal_naive,LORETO
2014-07-21,5.550621669627003,3.9471463013300876,seasonal_naive,LORETO
2014-07-28,4.817520694393249,4.017631056710981,seasonal_naive,LORETO
2014-08-04,3.3513187439257397,4.193842945163218,seasonal_naive,LORETO
2014-08-11,3.6655048761687774,5.356841408947974,seasonal_naive,LORETO
2014-08-18,3.3513187439257397,4.933932876662609,seasonal_naive,LORETO
2014-08-25,3.5258665951718715,3.9823886790205343,seasonal_naive,LORETO
2014-09-01,3.2814996034272865,2.5374511937122004,seasonal_naive,LORETO
2014-09-08,2.8974943306857956,2.643178326783542,seasonal_naive,LORETO
2014-09-15,2.5833081984427584,2.6784207044739894,seasonal_naive,LORETO
2014-09-22,2.269122066199721,2.819390215235778,seasonal_naive,LORETO
2014-09-29,2.6531273389412116,2.819390215235778,seasonal_naive,LORETO
2014-10-06,3.9796910084118147,3.030844481378461,seasonal_naive,LORETO
2014-10-13,4.60806327289789,3.242298747521144,seasonal_naive,LORETO
2014-10-20,3.8749622976641356,3.242298747521144,seasonal_naive,LORETO
2014-10-27,2.653127338941211,3.3127835029020383,seasonal_naive,LORETO
2014-11-03,2.7229464794396647,3.3127835029020383,seasonal_naive,LORETO
2014-11-10,3.0720421819319284,2.7489054598548837,seasonal_naive,LORETO
2014-11-17,3.2814996034272865,2.7841478375453312,seasonal_naive,LORETO
2014-11-24,3.2814996034272865,3.41851063597338,seasonal_naive,LORETO
2014-12-01,2.827675190187343,4.0528734344014286,seasonal_naive,LORETO
2014-12-08,2.827675190187343,4.123358189782324,seasonal_naive,LORETO
2014-12-15,2.0945742149535893,2.7841478375453312,seasonal_naive,LORETO
2014-12-22,2.5134890579443057,2.537451193712201,seasonal_naive,LORETO
2014-12-29,3.0022230414334756,2.6784207044739894,seasonal_naive,LORETO
2015-01-05,3.308245556056003,3.476348708587885,seasonal_naive,LORETO
2015-01-12,3.161423291553048,3.5022724779241514,seasonal_naive,LORETO
2015-01-19,2.593726915830454,2.827675190187344,seasonal_naive,LORETO
2015-01-26,2.7320590180080777,2.5134890579443057,seasonal_naive,LORETO
2015-02-02,4.288295167506347,3.0022230414334756,seasonal_naive,LORETO
2015-02-09,5.46411803601615,3.386228314174966,seasonal_naive,LORETO
2015-02-16,5.913697368093428,3.5258665951718715,seasonal_naive,LORETO
2015-02-23,5.049121729483279,3.0022230414334756,seasonal_naive,LORETO
2015-03-02,4.737874499583625,3.421137884424192,seasonal_naive,LORETO
2015-03-09,5.152870806116497,3.211680462928834,seasonal_naive,LORETO
2015-03-16,5.948280393637835,3.0720421819319284,seasonal_naive,LORETO
2015-03-23,6.570774853437143,3.5956857356703247,seasonal_naive,LORETO
2015-03-30,7.919512849668976,4.084419719159494,seasonal_naive,LORETO
2015-04-06,9.371999922534028,4.71279198364557,seasonal_naive,LORETO
2015-04-13,10.374907663321801,5.4808025291285505,seasonal_naive,LORETO
2015-04-20,9.475748999167246,5.725169520873135,seasonal_naive,LORETO
2015-04-27,8.784088488279126,5.794988661371588,seasonal_naive,LORETO
2015-05-04,7.608265619769322,6.004446082866946,seasonal_naive,LORETO
2015-05-11,7.435350492047292,7.9244724465743985,seasonal_naive,LORETO
2015-05-18,5.879114342549023,9.600131818537266,seasonal_naive,LORETO
2015-05-25,4.807040550672437,10.088865802026435,seasonal_naive,LORETO
2015-06-01,3.8041328098846634,10.368142364020246,seasonal_naive,LORETO
2015-06-08,3.9424649120622868,9.879408380531077,seasonal_naive,LORETO
2015-06-15,4.322878193050753,8.901940413552737,seasonal_naive,LORETO
2015-06-22,4.737874499583626,6.2488130746115305,seasonal_naive,LORETO
2015-06-29,4.495793320772783,5.341164248131644,seasonal_naive,LORETO
2015-07-06,4.288295167506347,5.376073818380871,seasonal_naive,LORETO
2015-07-13,3.8387158354290687,6.493180066356115,seasonal_naive,LORETO
2015-07-20,3.734966758795851,5.550621669627003,seasonal_naive,LORETO
2015-07-27,2.9049741457301077,4.817520694393249,seasonal_naive,LORETO
2015-08-03,2.5591438902860477,3.3513187439257397,seasonal_naive,LORETO
2015-08-10,2.6283099413748596,3.6655048761687774,seasonal_naive,LORETO
2015-08-17,3.3545534778073853,3.3513187439257397,seasonal_naive,LORETO
2015-08-24,3.562051631073821,3.5258665951718715,seasonal_naive,LORETO
2015-08-31,3.389136503351791,3.2814996034272865,seasonal_naive,LORETO
2015-09-07,3.1816383500853553,2.8974943306857956,seasonal_naive,LORETO
2015-09-14,2.9395571712745134,2.5833081984427584,seasonal_naive,LORETO
2015-09-21,3.0433062479077315,2.269122066199721,seasonal_naive,LORETO
2015-09-28,3.147055324540949,2.6531273389412116,seasonal_naive,LORETO
2015-10-05,3.492885579985009,3.9796910084118147,seasonal_naive,LORETO
2015-10-12,3.596634656618227,4.60806327289789,seasonal_naive,LORETO
2015-10-19,3.1124722989965434,3.8749622976641356,seasonal_naive,LORETO
2015-10-26,3.0778892734521377,2.653127338941211,seasonal_naive,LORETO
2015-11-02,3.250804401174167,2.7229464794396647,seasonal_naive,LORETO
2015-11-09,3.5274686055294153,3.0720421819319284,seasonal_naive,LORETO
2015-11-16,3.907881886517881,3.2814996034272865,seasonal_naive,LORETO
2015-11-23,3.562051631073821,3.2814996034272865,seasonal_naive,LORETO
2015-11-30,4.149963065328723,2.827675190187343,seasonal_naive,LORETO
2015-12-07,3.6658007077070387,2.827675190187343,seasonal_naive,LORETO
2015-12-14,3.319970452262979,2.0945742149535893,seasonal_naive,LORETO
2015-12-21,2.3516457370196115,2.5134890579443057,seasonal_naive,LORETO
2015-12-28,1.41790404732065,3.0022230414334756,seasonal_naive,LORETO
2016-01-04,1.5472623648253088,3.308245556056003,seasonal_naive,LORETO
2016-01-11,2.227064660252725,3.161423291553048,seasonal_naive,LORETO
2016-01-18,3.631828522873672,2.593726915830454,seasonal_naive,LORETO
2016-01-25,4.488391853740102,2.7320590180080777,seasonal_naive,LORETO
2016-02-01,4.111503988158873,4.288295167506347,seasonal_naive,LORETO
2016-02-08,3.631828522873672,5.46411803601615,seasonal_naive,LORETO
2016-02-15,2.7067401255379266,5.913697368093428,seasonal_naive,LORETO
2016-02-22,2.3641147931913538,5.049121729483279,seasonal_naive,LORETO
2016-02-29,2.672477592303269,4.737874499583625,seasonal_naive,LORETO
2016-03-07,2.7410026587725835,5.152870806116497,seasonal_naive,LORETO
2016-03-14,3.289203190527099,5.948280393637835,seasonal_naive,LORETO
2016-03-21,3.254940657292442,6.570774853437143,seasonal_naive,LORETO
2016-03-28,3.768878655812301,7.919512849668976,seasonal_naive,LORETO
2016-04-04,4.0772414549242155,9.371999922534028,seasonal_naive,LORETO
2016-04-11,5.721843050187762,10.374907663321801,seasonal_naive,LORETO
2016-04-18,6.235781048707621,9.475748999167246,seasonal_naive,LORETO
2016-04-25,6.612668914288851,8.784088488279126,seasonal_naive,LORETO
2016-05-02,5.379217717841191,7.608265619769322,seasonal_naive,LORETO
2016-05-09,5.242167584902561,7.435350492047292,seasonal_naive,LORETO
2016-05-16,5.584792917249135,5.879114342549023,seasonal_naive,LORETO
2016-05-23,6.681193980758167,4.807040550672437,seasonal_naive,LORETO
2016-05-30,5.8588931831263915,3.8041328098846634,seasonal_naive,LORETO
2016-06-06,5.75610558342242,3.9424649120622868,seasonal_naive,LORETO
2016-06-13,4.76249211961736,4.322878193050753,seasonal_naive,LORETO
2016-06-20,5.344955184606533,4.737874499583626,seasonal_naive,LORETO
2016-06-27,5.105117451963933,4.495793320772783,seasonal_naive,LORETO
2016-07-04,5.310692651371876,4.288295167506347,seasonal_naive,LORETO
2016-07-11,4.454129320505445,3.8387158354290687,seasonal_naive,LORETO
2016-07-18,3.8374037222816146,3.734966758795851,seasonal_naive,LORETO
2016-07-25,3.049365457884498,2.9049741457301077,seasonal_naive,LORETO
2016-08-01,3.1864155908231275,2.5591438902860477,seasonal_naive,LORETO
2016-08-08,3.049365457884498,2.6283099413748596,seasonal_naive,LORETO
2016-08-15,2.9465778581805266,3.3545534778073853,seasonal_naive,LORETO
2016-08-22,2.5354274593646395,3.562051631073821,seasonal_naive,LORETO
2016-08-29,2.741002658772583,3.389136503351791,seasonal_naive,LORETO
2016-09-05,2.9123153249458693,3.1816383500853553,seasonal_naive,LORETO
2016-09-12,3.0151029246498413,2.9395571712745134,seasonal_naive,LORETO
2016-09-19,2.775265192007241,3.0433062479077315,seasonal_naive,LORETO
2016-09-26,3.1864155908231275,3.147055324540949,seasonal_naive,LORETO
2016-10-03,3.700353589342986,3.492885579985009,seasonal_naive,LORETO
2016-10-10,3.0493654578844986,3.596634656618227,seasonal_naive,LORETO
2016-10-17,2.295589726722039,3.1124722989965434,seasonal_naive,LORETO
2016-10-24,2.124277060548753,3.0778892734521377,seasonal_naive,LORETO
2016-10-31,2.3298522599566964,3.250804401174167,seasonal_naive,LORETO
2016-11-07,2.2613271934873818,3.5274686055294153,seasonal_naive,LORETO
2016-11-14,1.9529643943754664,3.907881886517881,seasonal_naive,LORETO
2016-11-21,1.9529643943754669,3.562051631073821,seasonal_naive,LORETO
2016-11-28,1.6446015952635518,4.149963065328723,seasonal_naive,LORETO
2016-12-05,1.6446015952635518,3.6658007077070387,seasonal_naive,LORETO
2016-12-12,1.3362387961516367,3.319970452262979,seasonal_naive,LORETO
2016-12-19,1.3362387961516362,2.3516457370196115,seasonal_naive,LORETO
2016-12-26,1.3362387961516362,1.41790404732065,seasonal_naive,LORETO
2017-01-02,1.9790462560971245,1.5472623648253088,seasonal_naive,LORETO
2017-01-09,2.6535991195809623,2.227064660252725,seasonal_naive,LORETO
2017-01-16,3.258997634171409,3.631828522873672,seasonal_naive,LORETO
2017-01-23,3.870059690578547,4.488391853740102,seasonal_naive,LORETO
2017-01-30,3.462684986307122,4.111503988158873,seasonal_naive,LORETO
2017-02-06,2.749779253832127,3.631828522873672,seasonal_naive,LORETO
2017-02-13,2.0029256293345132,2.7067401255379266,seasonal_naive,LORETO
2017-02-20,1.901081953266657,2.3641147931913538,seasonal_naive,LORETO
2017-02-27,2.1047693054023697,2.672477592303269,seasonal_naive,LORETO
2017-03-06,1.7652903851761819,2.7410026587725835,seasonal_naive,LORETO
2017-03-13,1.7652903851761819,3.289203190527099,seasonal_naive,LORETO
2017-03-20,1.6634467091083254,3.254940657292442,seasonal_naive,LORETO
2017-03-27,2.036873521357132,3.768878655812301,seasonal_naive,LORETO
2017-04-03,2.3424045495607015,4.0772414549242155,seasonal_naive,LORETO
2017-04-10,3.123206066080934,5.721843050187762,seasonal_naive,LORETO
2017-04-17,4.549017531030923,6.235781048707621,seasonal_naive,LORETO
2017-04-24,5.601402183732106,6.612668914288851,seasonal_naive,LORETO
2017-05-01,5.397714831596393,5.379217717841191,seasonal_naive,LORETO
2017-05-08,4.820600667211874,5.242167584902561,seasonal_naive,LORETO
2017-05-15,5.49955850766425,5.584792917249135,seasonal_naive,LORETO
2017-05-22,6.246412132161864,6.681193980758167,seasonal_naive,LORETO
2017-05-29,6.484047376320195,5.8588931831263915,seasonal_naive,LORETO
2017-06-05,5.19402747946068,5.75610558342242,seasonal_naive,LORETO
2017-06-12,4.515069639008305,4.76249211961736,seasonal_naive,LORETO
2017-06-19,3.7342681224880727,5.344955184606533,seasonal_naive,LORETO
2017-06-26,3.089258174058315,5.105117451963933,seasonal_naive,LORETO
2017-07-03,2.546091901696414,5.310692651371876,seasonal_naive,LORETO
2017-07-10,2.410300333605939,4.454129320505445,seasonal_naive,LORETO
2017-07-17,2.5460919016964145,3.8374037222816146,seasonal_naive,LORETO
2017-07-24,2.95346660596784,3.049365457884498,seasonal_naive,LORETO
2017-07-31,2.8855708219226024,3.1864155908231275,seasonal_naive,LORETO
2017-08-07,2.783727145854746,3.049365457884498,seasonal_naive,LORETO
2017-08-14,2.0029256293345132,2.9465778581805266,seasonal_naive,LORETO
2017-08-21,1.9010819532666572,2.5354274593646395,seasonal_naive,LORETO
2017-08-28,1.7992382771988007,2.741002658772583,seasonal_naive,LORETO
2017-09-04,1.9010819532666572,2.9123153249458693,seasonal_naive,LORETO
2017-09-11,1.6634467091083254,3.0151029246498413,seasonal_naive,LORETO
2017-09-18,1.9689777373118946,2.775265192007241,seasonal_naive,LORETO
2017-09-25,2.546091901696414,3.1864155908231275,seasonal_naive,LORETO
2017-10-02,2.783727145854746,3.700353589342986,seasonal_naive,LORETO
2017-10-09,2.6479355777642706,3.0493654578844986,seasonal_naive,LORETO
2017-10-16,2.274508765515464,2.295589726722039,seasonal_naive,LORETO
2017-10-23,2.0029256293345132,2.124277060548753,seasonal_naive,LORETO
2017-10-30,1.52765514101785,2.3298522599566964,seasonal_naive,LORETO
2017-11-06,1.7652903851761819,2.2613271934873818,seasonal_naive,LORETO
2017-11-13,1.9689777373118946,1.9529643943754664,seasonal_naive,LORETO
2017-11-20,2.9874144979904584,1.9529643943754669,seasonal_naive,LORETO
2017-11-27,2.8855708219226024,1.6446015952635518,seasonal_naive,LORETO
2017-12-04,3.123206066080934,1.6446015952635518,seasonal_naive,LORETO
2017-12-11,2.95346660596784,1.3362387961516367,seasonal_naive,LORETO
2017-12-18,2.749779253832127,1.3362387961516362,seasonal_naive,LORETO
2017-12-25,2.274508765515464,1.3362387961516362,seasonal_naive,LORETO
2018-01-01,1.3189580186897576,1.9790462560971245,seasonal_naive,LORETO
2018-01-08,1.141703903288094,2.6535991195809623,seasonal_naive,LORETO
2018-01-15,1.3661885006914287,3.258997634171409,seasonal_naive,LORETO
2018-01-22,1.8326918911714276,3.870059690578547,seasonal_naive,LORETO
2018-01-29,2.099265257159998,3.462684986307122,seasonal_naive,LORETO
2018-02-05,2.4324819646457114,2.749779253832127,seasonal_naive,LORETO
2018-02-12,2.5990903183885687,2.0029256293345132,seasonal_naive,LORETO
2018-02-19,2.5990903183885683,1.901081953266657,seasonal_naive,LORETO
2018-02-26,2.2991952816514263,2.1047693054023697,seasonal_naive,LORETO
2018-03-05,2.1659085986571402,1.7652903851761819,seasonal_naive,LORETO
2018-03-12,2.39916029389714,1.7652903851761819,seasonal_naive,LORETO
2018-03-19,2.7656986721314247,1.6634467091083254,seasonal_naive,LORETO
2018-03-26,3.098915379617138,2.036873521357132,seasonal_naive,LORETO
2018-04-02,3.63206211159428,2.3424045495607015,seasonal_naive,LORETO
2018-04-09,3.8319921360857077,3.123206066080934,seasonal_naive,LORETO
2018-04-16,4.331817197314277,4.549017531030923,seasonal_naive,LORETO
2018-04-23,4.598390563302847,5.601402183732106,seasonal_naive,LORETO
2018-04-30,5.231502307525704,5.397714831596393,seasonal_naive,LORETO
2018-05-07,5.86461405174856,4.820600667211874,seasonal_naive,LORETO
2018-05-14,6.597690808217128,5.49955850766425,seasonal_naive,LORETO
2018-05-21,8.43038269938855,6.246412132161864,seasonal_naive,LORETO
2018-05-28,8.463704370137123,6.484047376320195,seasonal_naive,LORETO
2018-06-04,8.796921077622835,5.19402747946068,seasonal_naive,LORETO
2018-06-11,8.497026040885693,4.515069639008305,seasonal_naive,LORETO
2018-06-18,9.963179553822831,3.7342681224880727,seasonal_naive,LORETO
2018-06-25,9.829892870828546,3.089258174058315,seasonal_naive,LORETO
2018-07-02,7.9638793089085524,2.546091901696414,seasonal_naive,LORETO
2018-07-09,6.531047466719985,2.410300333605939,seasonal_naive,LORETO
2018-07-16,5.8312923809999875,2.5460919016964145,seasonal_naive,LORETO
2018-07-23,5.964579063994272,2.95346660596784,seasonal_naive,LORETO
2018-07-30,4.9982506122857036,2.8855708219226024,seasonal_naive,LORETO
2018-08-06,4.565068892554276,2.783727145854746,seasonal_naive,LORETO
2018-08-13,4.131887172822849,2.0029256293345132,seasonal_naive,LORETO
2018-08-20,3.9986004898285636,1.9010819532666572,seasonal_naive,LORETO
2018-08-27,3.732027123839993,1.7992382771988007,seasonal_naive,LORETO
2018-09-03,4.0319221605771345,1.9010819532666572,seasonal_naive,LORETO
2018-09-10,3.9652788190799924,1.6634467091083254,seasonal_naive,LORETO
2018-09-17,3.732027123839993,1.9689777373118946,seasonal_naive,LORETO
2018-09-24,3.0989153796171376,2.546091901696414,seasonal_naive,LORETO
2018-10-01,2.6990553306342817,2.783727145854746,seasonal_naive,LORETO
2018-10-08,2.1659085986571402,2.6479355777642706,seasonal_naive,LORETO
2018-10-15,2.0992652571599977,2.274508765515464,seasonal_naive,LORETO
2018-10-22,2.4658036353942823,2.0029256293345132,seasonal_naive,LORETO
2018-10-29,2.6990553306342817,1.52765514101785,seasonal_naive,LORETO
2018-11-05,3.6320621115942786,1.7652903851761819,seasonal_naive,LORETO
2018-11-12,3.9986004898285636,1.9689777373118946,seasonal_naive,LORETO
2018-11-19,5.13153729527999,2.9874144979904584,seasonal_naive,LORETO
2018-11-26,4.964928941537132,2.8855708219226024,seasonal_naive,LORETO
2018-12-03,4.731677246297132,3.123206066080934,seasonal_naive,LORETO
2018-12-10,4.331817197314277,2.95346660596784,seasonal_naive,LORETO
2018-12-17,3.532097099348565,2.749779253832127,seasonal_naive,LORETO
2018-12-24,3.6653837823428503,2.274508765515464,seasonal_naive,LORETO
2018-12-31,3.6320621115942786,1.3189580186897576,seasonal_naive,LORETO
2019-01-07,4.637228953491377,1.141703903288094,seasonal_naive,LORETO
2019-01-14,5.208238463330429,1.3661885006914287,seasonal_naive,LORETO
2019-01-21,4.826578094033565,1.8326918911714276,seasonal_naive,LORETO
2019-01-28,3.874396021060958,2.099265257159998,seasonal_naive,LORETO
2019-02-04,3.1192171355999245,2.4324819646457114,seasonal_naive,LORETO
2019-02-11,3.3490541876967606,2.5990903183885687,seasonal_naive,LORETO
2019-02-18,3.5132235106230723,2.5990903183885683,seasonal_naive,LORETO
2019-02-25,3.546057375208335,2.2991952816514263,seasonal_naive,LORETO
2019-03-04,3.546057375208335,2.1659085986571402,seasonal_naive,LORETO
2019-03-11,3.6445589689641213,2.39916029389714,seasonal_naive,LORETO
2019-03-18,3.6773928335493835,2.7656986721314247,seasonal_naive,LORETO
2019-03-25,3.8415621564756957,3.098915379617138,seasonal_naive,LORETO
2019-04-01,3.940063750231482,3.63206211159428,seasonal_naive,LORETO
2019-04-08,4.005731479402007,3.8319921360857077,seasonal_naive,LORETO
2019-04-15,4.071399208572532,4.331817197314277,seasonal_naive,LORETO
2019-04-22,4.071399208572533,4.598390563302847,seasonal_naive,LORETO
2019-04-29,3.940063750231483,5.231502307525704,seasonal_naive,LORETO
2019-05-06,3.9072298856462204,5.86461405174856,seasonal_naive,LORETO
2019-05-13,3.7758944273051713,6.597690808217128,seasonal_naive,LORETO
2019-05-20,4.169900802328319,8.43038269938855,seasonal_naive,LORETO
2019-05-27,4.498239448180942,8.463704370137123,seasonal_naive,LORETO
2019-06-03,5.351919927397763,8.796921077622835,seasonal_naive,LORETO
2019-06-10,5.778760167006173,8.497026040885693,seasonal_naive,LORETO
2019-06-17,5.975763354517746,9.963179553822831,seasonal_naive,LORETO
2019-06-24,5.483255385738812,9.829892870828546,seasonal_naive,LORETO
2019-07-01,5.647424708665123,7.9638793089085524,seasonal_naive,LORETO
2019-07-08,6.074264948273534,6.531047466719985,seasonal_naive,LORETO
2019-07-15,5.942929489932484,5.8312923809999875,seasonal_naive,LORETO
2019-07-22,5.056415146130401,5.964579063994272,seasonal_naive,LORETO
2019-07-29,4.268402396084106,4.9982506122857036,seasonal_naive,LORETO
2019-08-05,4.104233073157794,4.565068892554276,seasonal_naive,LORETO
2019-08-12,4.859411958618828,4.131887172822849,seasonal_naive,LORETO
2019-08-19,4.531073312766204,3.9986004898285636,seasonal_naive,LORETO
2019-08-26,4.46540558359568,3.732027123839993,seasonal_naive,LORETO
2019-09-02,3.644558968964122,4.0319221605771345,seasonal_naive,LORETO
2019-09-09,2.955047812673613,3.9652788190799924,seasonal_naive,LORETO
2019-09-16,2.6595430314062525,3.732027123839993,seasonal_naive,LORETO
2019-09-23,2.2655366563831048,3.0989153796171376,seasonal_naive,LORETO
2019-09-30,2.6595430314062525,2.6990553306342817,seasonal_naive,LORETO
2019-10-07,2.462539843894678,2.1659085986571402,seasonal_naive,LORETO
2019-10-14,2.561041437650465,2.0992652571599977,seasonal_naive,LORETO
2019-10-21,2.725210760576777,2.4658036353942823,seasonal_naive,LORETO
2019-10-28,3.3162203231114984,2.6990553306342817,seasonal_naive,LORETO
2019-11-04,3.3162203231114984,3.6320621115942786,seasonal_naive,LORETO
2019-11-11,3.119217135599925,3.9986004898285636,seasonal_naive,LORETO
2019-11-18,2.6595430314062525,5.13153729527999,seasonal_naive,LORETO
2019-11-25,2.3968721147241534,4.964928941537132,seasonal_naive,LORETO
2019-12-02,2.0685334688715304,4.731677246297132,seasonal_naive,LORETO
2019-12-09,2.035699604286268,4.331817197314277,seasonal_naive,LORETO
2019-12-16,2.5938753022357273,3.532097099348565,seasonal_naive,LORETO
2019-12-23,2.4953737084799403,3.6653837823428503,seasonal_naive,LORETO
2019-12-30,2.3968721147241534,3.6320621115942786,seasonal_naive,LORETO
2020-01-06,2.0578812410160747,4.637228953491377,seasonal_naive,LORETO
2020-01-13,2.862552250385645,5.208238463330429,seasonal_naive,LORETO
2020-01-20,3.081737074627025,4.826578094033565,seasonal_naive,LORETO
2020-01-27,3.276373100392942,3.874396021060958,seasonal_naive,LORETO
2020-02-03,3.1141764122546776,3.1192171355999245,seasonal_naive,LORETO
2020-02-10,3.4385697885312063,3.3490541876967606,seasonal_naive,LORETO
2020-02-17,3.5683271390418176,3.5132235106230723,seasonal_naive,LORETO
2020-02-24,3.5358878014141646,3.546057375208335,seasonal_naive,LORETO
2020-03-02,3.3736911132759,3.546057375208335,seasonal_naive,LORETO
2020-03-09,2.887101048861108,3.6445589689641213,seasonal_naive,LORETO
2020-03-16,2.562707672584579,3.6773928335493835,seasonal_naive,LORETO
2020-03-23,2.530268334956926,3.8415621564756957,seasonal_naive,LORETO
2020-03-30,2.140996283425092,3.940063750231482,seasonal_naive,LORETO
2020-04-06,1.7192848942656054,4.005731479402007,seasonal_naive,LORETO
2020-04-13,1.1029374793402011,4.071399208572532,seasonal_naive,LORETO
2020-04-20,1.1029374793402011,4.071399208572533,seasonal_naive,LORETO
2020-04-27,0.9407407912019368,3.940063750231483,seasonal_naive,LORETO
2020-05-04,0.7461047654360197,3.9072298856462204,seasonal_naive,LORETO
2020-05-11,0.681226090180714,3.7758944273051713,seasonal_naive,LORETO
2020-05-18,0.7136654278083668,4.169900802328319,seasonal_naive,LORETO
2020-05-25,0.7136654278083668,4.498239448180942,seasonal_naive,LORETO
2020-06-01,0.7461047654360197,5.351919927397763,seasonal_naive,LORETO
2020-06-08,0.7461047654360197,5.778760167006173,seasonal_naive,LORETO
2020-06-15,0.908301453574284,5.975763354517746,seasonal_naive,LORETO
2020-06-22,0.8434227783189782,5.483255385738812,seasonal_naive,LORETO
2020-06-29,0.8434227783189782,5.647424708665123,seasonal_naive,LORETO
2020-07-06,0.8434227783189782,6.074264948273534,seasonal_naive,LORETO
2020-07-13,1.2651341674784653,5.942929489932484,seasonal_naive,LORETO
2020-07-20,1.3624521803614238,5.056415146130401,seasonal_naive,LORETO
2020-07-27,1.4597701932443823,4.268402396084106,seasonal_naive,LORETO
2020-08-03,1.4597701932443823,4.104233073157794,seasonal_naive,LORETO
2020-08-10,1.9139209200315221,4.859411958618828,seasonal_naive,LORETO
2020-08-17,2.335632309191009,4.531073312766204,seasonal_naive,LORETO
2020-08-24,2.108556945797439,4.46540558359568,seasonal_naive,LORETO
2020-08-31,2.043678270542134,3.644558968964122,seasonal_naive,LORETO
2020-09-07,1.719284894265605,2.955047812673613,seasonal_naive,LORETO
2020-09-14,1.6868455566379523,2.6595430314062525,seasonal_naive,LORETO
2020-09-21,1.330012842733771,2.2655366563831048,seasonal_naive,LORETO
2020-09-28,1.5895275437549936,2.6595430314062525,seasonal_naive,LORETO
2020-10-05,1.946360257659175,2.462539843894678,seasonal_naive,LORETO
2020-10-12,1.9787995952868276,2.561041437650465,seasonal_naive,LORETO
2020-10-19,1.6868455566379523,2.725210760576777,seasonal_naive,LORETO
2020-10-26,1.4922095308720351,3.3162203231114984,seasonal_naive,LORETO
2020-11-02,1.2975735051061181,3.3162203231114984,seasonal_naive,LORETO
2020-11-09,0.9731801288295897,3.119217135599925,seasonal_naive,LORETO
2020-11-16,0.8109834406913254,2.6595430314062525,seasonal_naive,LORETO
2020-11-23,0.908301453574284,2.3968721147241534,seasonal_naive,LORETO
2020-11-30,1.0704981417125483,2.0685334688715304,seasonal_naive,LORETO
2020-12-07,1.135376816967854,2.035699604286268,seasonal_naive,LORETO
2020-12-14,1.3624521803614238,2.5938753022357273,seasonal_naive,LORETO
2020-12-21,1.2651341674784653,2.4953737084799403,seasonal_naive,LORETO
2020-12-28,1.167816154595507,2.3968721147241534,seasonal_naive,LORETO
2021-01-04,1.966324031401873,2.0578812410160747,seasonal_naive,LORETO
2021-01-11,2.671078342149553,2.862552250385645,seasonal_naive,LORETO
2021-01-18,3.1178031380527913,3.081737074627025,seasonal_naive,LORETO
2021-01-25,2.4749571302068563,3.276373100392942,seasonal_naive,LORETO
2021-02-01,1.896395723145514,3.1141764122546776,seasonal_naive,LORETO
2021-02-08,1.6071150196148427,3.4385697885312063,seasonal_naive,LORETO
2021-02-15,1.3499766164764686,3.5683271390418176,seasonal_naive,LORETO
2021-02-22,1.542830418830249,3.5358878014141646,seasonal_naive,LORETO
2021-03-01,1.4142612172610622,3.3736911132759,seasonal_naive,LORETO
2021-03-08,1.2856920156918752,2.887101048861108,seasonal_naive,LORETO
2021-03-15,0.867842110592017,2.562707672584579,seasonal_naive,LORETO
2021-03-22,0.7071306086305332,2.530268334956926,seasonal_naive,LORETO
2021-03-29,0.6107037074536429,2.140996283425092,seasonal_naive,LORETO
2021-04-05,0.7714152094151268,1.7192848942656054,seasonal_naive,LORETO
2021-04-12,0.9964113121612043,1.1029374793402011,seasonal_naive,LORETO
2021-04-19,1.2214074149072818,1.1029374793402011,seasonal_naive,LORETO
2021-04-26,1.2214074149072818,0.9407407912019368,seasonal_naive,LORETO
2021-05-03,0.9964113121612043,0.7461047654360197,seasonal_naive,LORETO
2021-05-10,0.899984410984314,0.681226090180714,seasonal_naive,LORETO
2021-05-17,1.2214074149072818,0.7136654278083668,seasonal_naive,LORETO
2021-05-24,1.9606803239301076,0.7136654278083668,seasonal_naive,LORETO
2021-05-31,2.2178187270684817,0.7461047654360197,seasonal_naive,LORETO
2021-06-07,2.410672529422263,0.7461047654360197,seasonal_naive,LORETO
2021-06-14,2.0571072251069977,0.908301453574284,seasonal_naive,LORETO
2021-06-21,1.8321111223609206,0.8434227783189782,seasonal_naive,LORETO
2021-06-28,1.6713996203994366,0.8434227783189782,seasonal_naive,LORETO
2021-07-05,1.9285380235378107,0.8434227783189782,seasonal_naive,LORETO
2021-07-12,1.6713996203994366,1.2651341674784653,seasonal_naive,LORETO
2021-07-19,1.864253422753217,1.3624521803614238,seasonal_naive,LORETO
2021-07-26,1.6392573200071396,1.4597701932443823,seasonal_naive,LORETO
2021-08-02,2.3785302290299657,1.4597701932443823,seasonal_naive,LORETO
2021-08-09,2.0249649247147015,1.9139209200315221,seasonal_naive,LORETO
2021-08-16,1.7678265215763267,2.335632309191009,seasonal_naive,LORETO
2021-08-23,1.6392573200071396,2.108556945797439,seasonal_naive,LORETO
2021-08-30,1.7035419207917333,2.043678270542134,seasonal_naive,LORETO
2021-09-06,1.6392573200071396,1.719284894265605,seasonal_naive,LORETO
2021-09-13,1.7678265215763267,1.6868455566379523,seasonal_naive,LORETO
2021-09-20,1.7999688219686236,1.330012842733771,seasonal_naive,LORETO
2021-09-27,1.8642534227532173,1.5895275437549936,seasonal_naive,LORETO
2021-10-04,1.4464035176533592,1.946360257659175,seasonal_naive,LORETO
2021-10-11,1.2856920156918752,1.9787995952868276,seasonal_naive,LORETO
2021-10-18,1.5749727192225462,1.6868455566379523,seasonal_naive,LORETO
2021-10-25,1.7678265215763271,1.4922095308720351,seasonal_naive,LORETO
2021-11-01,2.057107225106998,1.2975735051061181,seasonal_naive,LORETO
2021-11-08,1.864253422753217,0.9731801288295897,seasonal_naive,LORETO
2021-11-15,2.0892495254992944,0.8109834406913254,seasonal_naive,LORETO
2021-11-22,2.2178187270684817,0.908301453574284,seasonal_naive,LORETO
2021-11-29,2.6678109325606365,1.0704981417125483,seasonal_naive,LORETO
2021-12-06,2.603526331776043,1.135376816967854,seasonal_naive,LORETO
2021-12-13,2.5392417309914497,1.3624521803614238,seasonal_naive,LORETO
2021-12-20,2.764237833737527,1.2651341674784653,seasonal_naive,LORETO
2021-12-27,3.9535029482525075,1.167816154595507,seasonal_naive,LORETO
2022-01-03,5.765865802172864,1.966324031401873,seasonal_naive,LORETO
2022-01-10,6.171914912716777,2.671078342149553,seasonal_naive,LORETO
2022-01-17,5.837968616611992,3.1178031380527913,seasonal_naive,LORETO
2022-01-24,4.210993756244716,2.4749571302068563,seasonal_naive,LORETO
2022-01-31,3.764373206339974,1.896395723145514,seasonal_naive,LORETO
2022-02-07,3.6367673349386194,1.6071150196148427,seasonal_naive,LORETO
2022-02-14,3.349654124285571,1.3499766164764686,seasonal_naive,LORETO
2022-02-21,3.1582453171835385,1.542830418830249,seasonal_naive,LORETO
2022-02-28,2.9030335743808284,1.4142612172610622,seasonal_naive,LORETO
2022-03-07,3.285851188584894,1.2856920156918752,seasonal_naive,LORETO
2022-03-14,4.083387884843361,0.867842110592017,seasonal_naive,LORETO
2022-03-21,3.732471738489636,0.7071306086305332,seasonal_naive,LORETO
2022-03-28,3.891979077741329,0.6107037074536429,seasonal_naive,LORETO
2022-04-04,4.051486416993023,0.7714152094151268,seasonal_naive,LORETO
2022-04-11,4.466205499047427,0.9964113121612043,seasonal_naive,LORETO
2022-04-18,5.168037791754878,1.2214074149072818,seasonal_naive,LORETO
2022-04-25,4.721417241850136,1.2214074149072818,seasonal_naive,LORETO
2022-05-02,4.753318709700475,0.9964113121612043,seasonal_naive,LORETO
2022-05-09,4.306698159795733,0.899984410984314,seasonal_naive,LORETO
2022-05-16,5.263742195305895,1.2214074149072818,seasonal_naive,LORETO
2022-05-23,5.965574488013348,1.9606803239301076,seasonal_naive,LORETO
2022-05-30,6.220786230816056,2.2178187270684817,seasonal_naive,LORETO
2022-06-06,5.678461277360299,2.410672529422263,seasonal_naive,LORETO
2022-06-13,5.933673020163009,2.0571072251069977,seasonal_naive,LORETO
2022-06-20,5.869870084462331,1.8321111223609206,seasonal_naive,LORETO
2022-06-27,5.550855405958944,1.6713996203994366,seasonal_naive,LORETO
2022-07-04,5.008530452503185,1.9285380235378107,seasonal_naive,LORETO
2022-07-11,5.104234856054201,1.6713996203994366,seasonal_naive,LORETO
2022-07-18,5.13613632390454,1.864253422753217,seasonal_naive,LORETO
2022-07-25,4.306698159795733,1.6392573200071396,seasonal_naive,LORETO
2022-08-01,3.445358527836587,2.3785302290299657,seasonal_naive,LORETO
2022-08-08,2.87113210653049,2.0249649247147015,seasonal_naive,LORETO
2022-08-15,2.4883144923264258,1.7678265215763267,seasonal_naive,LORETO
2022-08-22,3.158245317183539,1.6392573200071396,seasonal_naive,LORETO
2022-08-29,3.222048252884216,1.7035419207917333,seasonal_naive,LORETO
2022-09-05,3.8919790777413295,1.6392573200071396,seasonal_naive,LORETO
2022-09-12,3.349654124285571,1.7678265215763267,seasonal_naive,LORETO
2022-09-19,2.9030335743808284,1.7999688219686236,seasonal_naive,LORETO
2022-09-26,2.36070862092507,1.8642534227532173,seasonal_naive,LORETO
2022-10-03,2.2331027495237152,1.4464035176533592,seasonal_naive,LORETO
2022-10-10,2.5840188958774415,1.2856920156918752,seasonal_naive,LORETO
2022-10-17,2.6797232994284577,1.5749727192225462,seasonal_naive,LORETO
2022-10-24,2.4564130244760864,1.7678265215763271,seasonal_naive,LORETO
2022-10-31,2.009792474571344,2.057107225106998,seasonal_naive,LORETO
2022-11-07,2.169299813823038,1.864253422753217,seasonal_naive,LORETO
2022-11-14,2.201201281673377,2.0892495254992944,seasonal_naive,LORETO
2022-11-21,2.4564130244760864,2.2178187270684817,seasonal_naive,LORETO
2022-11-28,2.296905685224393,2.6678109325606365,seasonal_naive,LORETO
2022-12-05,2.743526235129135,2.603526331776043,seasonal_naive,LORETO
2022-12-12,3.0944423814828608,2.5392417309914497,seasonal_naive,LORETO
2022-12-19,3.4134570599862486,2.764237833737527,seasonal_naive,LORETO
2022-12-26,2.711624767278796,3.9535029482525075,seasonal_naive,LORETO
2023-01-02,2.7362350951302012,5.765865802172864,seasonal_naive,LORETO
2023-01-09,2.9827379762675172,6.171914912716777,seasonal_naive,LORETO
2023-01-16,4.057463831513819,5.837968616611992,seasonal_naive,LORETO
2023-01-23,3.8672702144116085,4.210993756244716,seasonal_naive,LORETO
2023-01-30,3.6770765973093984,3.764373206339974,seasonal_naive,LORETO
2023-02-06,3.51858191639089,3.6367673349386194,seasonal_naive,LORETO
2023-02-13,4.057463831513818,3.349654124285571,seasonal_naive,LORETO
2023-02-20,4.532947874269343,3.1582453171835385,seasonal_naive,LORETO
2023-02-27,4.84993723610636,2.9030335743808284,seasonal_naive,LORETO
2023-03-06,4.3110553209834315,3.285851188584894,seasonal_naive,LORETO
2023-03-13,3.32838829928868,4.083387884843361,seasonal_naive,LORETO
2023-03-20,3.233291490737575,3.732471738489636,seasonal_naive,LORETO
2023-03-27,3.8672702144116085,3.891979077741329,seasonal_naive,LORETO
2023-04-03,4.215958512432327,4.051486416993023,seasonal_naive,LORETO
2023-04-10,4.469550001901941,4.466205499047427,seasonal_naive,LORETO
2023-04-17,4.723141491371554,5.168037791754878,seasonal_naive,LORETO
2023-04-24,6.244690428189235,4.721417241850136,seasonal_naive,LORETO
2023-05-01,6.466582981475145,4.753318709700475,seasonal_naive,LORETO
2023-05-08,7.576045747904704,4.306698159795733,seasonal_naive,LORETO
2023-05-15,9.95346596168233,5.263742195305895,seasonal_naive,LORETO
2023-05-22,11.665208515602218,5.965574488013348,seasonal_naive,LORETO
2023-05-29,13.059961707685092,6.220786230816056,seasonal_naive,LORETO
2023-06-05,11.221423409030395,5.678461277360299,seasonal_naive,LORETO
2023-06-12,11.633509579418517,5.933673020163009,seasonal_naive,LORETO
2023-06-19,10.333853195886748,5.869870084462331,seasonal_naive,LORETO
2023-06-26,9.731573408396416,5.550855405958944,seasonal_naive,LORETO
2023-07-03,9.097594684722383,5.008530452503185,seasonal_naive,LORETO
2023-07-10,10.080261706417135,5.104234856054201,seasonal_naive,LORETO
2023-07-17,10.016863834049731,5.13613632390454,seasonal_naive,LORETO
2023-07-24,8.907401067620173,4.306698159795733,seasonal_naive,LORETO
2023-07-31,6.942067024230671,3.445358527836587,seasonal_naive,LORETO
2023-08-07,6.783572343312162,2.87113210653049,seasonal_naive,LORETO
2023-08-14,6.18129255582183,2.4883144923264258,seasonal_naive,LORETO
2023-08-21,6.339787236740339,3.158245317183539,seasonal_naive,LORETO
2023-08-28,6.434884045291444,3.222048252884216,seasonal_naive,LORETO
2023-09-04,6.878669151863267,3.8919790777413295,seasonal_naive,LORETO
2023-09-11,7.037163832781775,3.349654124285571,seasonal_naive,LORETO
2023-09-18,6.2763893643729345,2.9030335743808284,seasonal_naive,LORETO
2023-09-25,5.674109576882603,2.36070862092507,seasonal_naive,LORETO
2023-10-02,4.84993723610636,2.2331027495237152,seasonal_naive,LORETO
2023-10-09,4.3110553209834315,2.5840188958774415,seasonal_naive,LORETO
2023-10-16,3.9306680867790114,2.6797232994284577,seasonal_naive,LORETO
2023-10-23,3.6136787249419946,2.4564130244760864,seasonal_naive,LORETO
2023-10-30,3.360087235472381,2.009792474571344,seasonal_naive,LORETO
2023-11-06,2.9480010650842594,2.169299813823038,seasonal_naive,LORETO
2023-11-13,2.662710639430944,2.201201281673377,seasonal_naive,LORETO
2023-11-20,2.884603192716856,2.4564130244760864,seasonal_naive,LORETO
2023-11-27,2.7261085117983477,2.296905685224393,seasonal_naive,LORETO
2023-12-04,2.3774202137776292,2.743526235129135,seasonal_naive,LORETO
2023-12-11,1.9653340433895075,3.0944423814828608,seasonal_naive,LORETO
2023-12-18,2.3774202137776292,3.4134570599862486,seasonal_naive,LORETO
2023-12-25,2.789506384165751,2.711624767278796,seasonal_naive,LORETO
2004-12-27,4.32430222469625,8.059644401672859,holt_winters,LORETO
2005-01-03,4.872046018524684,9.229330113318305,holt_winters,LORETO
2005-01-10,5.680994753775256,11.071718531297005,holt_winters,LORETO
2005-01-17,7.845183231403923,11.623399092234562,holt_winters,LORETO
2005-01-24,8.231645459551899,8.730168111136777,holt_winters,LORETO
2005-01-31,7.420074780441149,9.705301227314122,holt_winters,LORETO
2005-02-07,7.6905983401447315,10.22746659545796,holt_winters,LORETO
2005-02-14,7.6905983401447315,11.454420833277045,holt_winters,LORETO
2005-02-21,8.077060568292708,7.163680213184936,holt_winters,LORETO
2005-02-28,7.342782334811552,7.172942562472235,holt_winters,LORETO
2005-03-07,6.994966329478374,7.500155723218215,holt_winters,LORETO
2005-03-14,5.8355796450344455,8.425094795672738,holt_winters,LORETO
2005-03-21,6.337980541626815,4.210478516594396,holt_winters,LORETO
2005-03-28,7.381428557626351,2.8577703006467408,holt_winters,LORETO
2005-04-04,7.729244562959529,0.9052095219554951,holt_winters,LORETO
2005-04-11,7.961121899848315,0.4310267387272399,holt_winters,LORETO
2005-04-18,6.724442769774792,7.810561416488063,holt_winters,LORETO
2005-04-25,6.608504101330399,8.351214382676721,holt_winters,LORETO
2005-05-02,7.110904997922767,8.502578939400314,holt_winters,LORETO
2005-05-09,7.845183231403922,9.18287117453459,holt_winters,LORETO
2005-05-16,8.695400133329471,9.057631581322568,holt_winters,LORETO
2005-05-23,9.661555703699413,9.61230402797862,holt_winters,LORETO
2005-05-30,11.941682849772471,10.148784862940479,holt_winters,LORETO
2005-06-06,15.226611789030272,10.247359507988005,holt_winters,LORETO
2005-06-13,18.009139831695702,16.909355175676378,holt_winters,LORETO
2005-06-20,17.04298426132576,18.63471696077856,holt_winters,LORETO
2005-06-27,15.844951354067033,19.392159307112063,holt_winters,LORETO
2005-07-04,16.347352250659405,19.919614709544323,holt_winters,LORETO
2005-07-11,17.429446489473737,16.714650042084397,holt_winters,LORETO
2005-07-18,16.347352250659405,16.43125377768449,holt_winters,LORETO
2005-07-25,13.062423311401604,16.087394215565233,holt_winters,LORETO
2005-08-01,11.323343284735712,15.784659561256428,holt_winters,LORETO
2005-08-08,11.671159290068891,10.454607917199036,holt_winters,LORETO
2005-08-15,11.5165743988097,10.002611349146392,holt_winters,LORETO
2005-08-22,11.903036626957677,9.3088275436851,holt_winters,LORETO
2005-08-29,11.671159290068891,9.167204379630524,holt_winters,LORETO
2005-09-05,12.28949885510565,12.184655373358789,holt_winters,LORETO
2005-09-12,11.36198950755051,12.994536585374979,holt_winters,LORETO
2005-09-19,9.584263258069816,12.87115595094439,holt_winters,LORETO
2005-09-26,9.622909480884614,12.496979221096215,holt_winters,LORETO
2005-10-03,10.782296165328544,8.123068955665055,holt_winters,LORETO
2005-10-10,11.671159290068891,7.443091500316969,holt_winters,LORETO
2005-10-17,10.936881056587735,7.304303923557855,holt_winters,LORETO
2005-10-24,11.052819725032128,6.983703262090172,holt_winters,LORETO
2005-10-31,11.323343284735712,11.761564957364657,holt_winters,LORETO
2005-11-07,10.85958861095814,11.816998135894229,holt_winters,LORETO
2005-11-14,8.695400133329471,12.389500371579743,holt_winters,LORETO
2005-11-21,7.033612552293172,11.960805748260618,holt_winters,LORETO
2005-11-28,5.44911741688647,6.300250863128599,holt_winters,LORETO
2005-12-05,5.410471194071672,5.82506464560184,holt_winters,LORETO
2005-12-12,5.642348530960458,5.034094788684179,holt_winters,LORETO
2005-12-19,5.2172400799976835,4.160580513099932,holt_winters,LORETO
2005-12-26,4.019207172738956,4.831690528294649,holt_winters,LORETO
2006-01-02,2.8488825596688794,5.704664549419446,holt_winters,LORETO
2006-01-09,3.208965077600851,7.413686067758608,holt_winters,LORETO
2006-01-16,5.3203941347975094,7.924324363190929,holt_winters,LORETO
2006-01-23,6.574487037999778,5.242798482231499,holt_winters,LORETO
2006-01-30,6.688495483745439,4.853425597522815,holt_winters,LORETO
2006-02-06,4.256315307838007,4.807992188057202,holt_winters,LORETO
2006-02-13,3.9902956010981327,5.3171554067784434,holt_winters,LORETO
2006-02-20,4.446329384080776,4.025925561763787,holt_winters,LORETO
2006-02-27,4.370323753583668,4.074721318375145,holt_winters,LORETO
2006-03-06,4.978368797560526,4.150152733337274,holt_winters,LORETO
2006-03-13,4.066301231595239,4.552661568242325,holt_winters,LORETO
2006-03-20,5.092377243306188,3.9565440471310716,holt_winters,LORETO
2006-03-27,4.636343460323544,4.014905471211062,holt_winters,LORETO
2006-04-03,5.928439178774366,3.156900864028296,holt_winters,LORETO
2006-04-10,6.3084673312599024,3.1098414581202753,holt_winters,LORETO
2006-04-17,7.676568680207833,5.685292827666469,holt_winters,LORETO
2006-04-24,8.968664398658655,5.968334349971633,holt_winters,LORETO
2006-05-01,11.172827683074765,6.124940262664029,holt_winters,LORETO
2006-05-08,13.22497970649666,6.529062831821491,holt_winters,LORETO
2006-05-15,16.455219002623718,15.111992101920158,holt_winters,LORETO
2006-05-22,22.839691964380723,16.230488215359617,holt_winters,LORETO
2006-05-29,27.628046685698482,17.05966259143279,holt_winters,LORETO
2006-06-05,32.606415483259006,17.849854965270307,holt_winters,LORETO
2006-06-12,30.858285981825542,35.96853762993742,holt_winters,LORETO
2006-06-19,28.312097360172448,38.23435170404927,holt_winters,LORETO
2006-06-26,22.38365818139808,39.46419327302073,holt_winters,LORETO
2006-07-03,18.089340058311524,41.35511404570979,holt_winters,LORETO
2006-07-10,16.189199295883842,15.084650493338582,holt_winters,LORETO
2006-07-17,13.719016304727859,11.628702194883457,holt_winters,LORETO
2006-07-24,13.072968445502449,7.907889839493449,holt_winters,LORETO
2006-07-31,11.742869911803071,4.778797129714228,holt_winters,LORETO
2006-08-07,11.134824867826213,11.835662070493507,holt_winters,LORETO
2006-08-14,10.07074604086671,11.950900759623583,holt_winters,LORETO
2006-08-21,9.006667213907212,11.971980912208185,holt_winters,LORETO
2006-08-28,9.158678474901427,12.210087420383594,holt_winters,LORETO
2006-09-04,8.018594017444817,9.374721194943145,holt_winters,LORETO
2006-09-11,6.270464516011351,9.888380738154156,holt_winters,LORETO
2006-09-18,4.598340645074992,9.297331537999312,holt_winters,LORETO
2006-09-25,3.990295601098134,8.544818955672135,holt_winters,LORETO
2006-10-02,4.256315307838009,3.105481738199727,holt_winters,LORETO
2006-10-09,4.674346275572099,2.794529811726314,holt_winters,LORETO
2006-10-16,5.776427917780154,2.769026831387932,holt_winters,LORETO
2006-10-23,5.396399765294618,2.597906049439914,holt_winters,LORETO
2006-10-30,6.118453255017137,5.960869484227417,holt_winters,LORETO
2006-11-06,6.004444809271476,5.556136800114509,holt_winters,LORETO
2006-11-13,6.536484222751227,5.416423729261315,holt_winters,LORETO
2006-11-20,5.852433548277261,4.645570087591983,holt_winters,LORETO
2006-11-27,5.852433548277261,5.7532555779717764,holt_winters,LORETO
2006-12-04,5.586413841537386,6.104619991808405,holt_winters,LORETO
2006-12-11,5.586413841537386,5.916260510276601,holt_winters,LORETO
2006-12-18,5.054374428057636,5.340508762414261,holt_winters,LORETO
2006-12-25,4.560337829826438,4.538931493281501,holt_winters,LORETO
2007-01-01,4.977161888166406,4.9090622668650905,holt_winters,LORETO
2007-01-08,6.372101117662692,6.254525174298692,holt_winters,LORETO
2007-01-15,8.22369650672325,7.024574757083213,holt_winters,LORETO
2007-01-22,8.298457384057096,9.138496827180548,holt_winters,LORETO
2007-01-29,6.95276159204784,9.156264511161016,holt_winters,LORETO
2007-02-05,6.018250625374743,8.956199773287837,holt_winters,LORETO
2007-02-12,6.317294134710134,9.73225022709062,holt_winters,LORETO
2007-02-19,8.22369650672325,6.6944241935465065,holt_winters,LORETO
2007-02-26,8.261076945390174,6.670339194133203,holt_winters,LORETO
2007-03-05,9.046066157395577,6.792960153365256,holt_winters,LORETO
2007-03-12,7.476087733384773,7.1289749882314855,holt_winters,LORETO
2007-03-19,8.560120454725565,7.279889152566786,holt_winters,LORETO
2007-03-26,8.186316068056327,6.918024595975606,holt_winters,LORETO
2007-04-02,8.971305280061728,6.0029514143958265,holt_winters,LORETO
2007-04-09,10.16747931740329,5.755780685184274,holt_winters,LORETO
2007-04-16,11.13937072274331,10.635974941197231,holt_winters,LORETO
2007-04-23,12.671968708087187,11.60568068419211,holt_winters,LORETO
2007-04-30,11.774838180081014,12.639194834223458,holt_winters,LORETO
2007-05-07,12.671968708087187,13.889323139619599,holt_winters,LORETO
2007-05-14,13.232675288091045,14.240847066208598,holt_winters,LORETO
2007-05-21,14.989555905436466,16.27405634748,holt_winters,LORETO
2007-05-28,15.699784240108018,17.53634186193396,holt_winters,LORETO
2007-06-04,14.989555905436466,18.97784914671505,holt_winters,LORETO
2007-06-11,16.821197400115732,13.665010067483353,holt_winters,LORETO
2007-06-18,12.971012217422578,11.867363898984546,holt_winters,LORETO
2007-06-25,10.279620633404063,9.140739366759133,holt_winters,LORETO
2007-07-02,7.775131242720164,8.08505274750447,holt_winters,LORETO
2007-07-09,8.821783525394032,6.774712148100935,holt_winters,LORETO
2007-07-16,11.513175109412549,4.908945762838176,holt_winters,LORETO
2007-07-23,10.503903265405604,2.594090061548256,holt_winters,LORETO
2007-07-30,11.4384142320787,0.5070385041568974,holt_winters,LORETO
2007-08-06,10.915088090741767,12.864636776677647,holt_winters,LORETO
2007-08-13,11.251512038744082,13.766700317937318,holt_winters,LORETO
2007-08-20,10.802946774740995,14.4851249054362,holt_winters,LORETO
2007-08-27,9.49463142139866,15.275227513424655,holt_winters,LORETO
2007-09-03,7.849892120054011,9.06734095711506,holt_winters,LORETO
2007-09-10,6.429435450710906,8.671371908994448,holt_winters,LORETO
2007-09-17,6.541576766711677,7.304404118348046,holt_winters,LORETO
2007-09-24,7.363946417384002,6.5821125086886125,holt_winters,LORETO
2007-10-01,6.765859398713221,7.843661235610826,holt_winters,LORETO
2007-10-08,7.849892120054012,8.323563725225856,holt_winters,LORETO
2007-10-15,7.401326856050925,8.886050100125846,holt_winters,LORETO
2007-10-22,10.279620633404061,8.961732272223141,holt_winters,LORETO
2007-10-29,9.56939229873251,12.43826211339679,holt_winters,LORETO
2007-11-05,9.345109666730965,13.415523104067372,holt_winters,LORETO
2007-11-12,6.27991369604321,14.303685759319146,holt_winters,LORETO
2007-11-19,5.569685361371657,14.34328021352498,holt_winters,LORETO
2007-11-26,4.784696149366256,4.728562729050868,holt_winters,LORETO
2007-12-03,5.420163606703962,4.388040977341248,holt_winters,LORETO
2007-12-10,6.055631064041667,3.8704863711105535,holt_winters,LORETO
2007-12-17,7.363946417384002,2.886125532523742,holt_winters,LORETO
2007-12-24,9.756294492067129,7.779833877635252,holt_winters,LORETO
2007-12-31,9.419870544064814,8.792297201668429,holt_winters,LORETO
2008-01-07,12.499962118332428,10.725335407872167,holt_winters,LORETO
2008-01-14,14.19697746192386,12.419533596734631,holt_winters,LORETO
2008-01-21,15.801681861445529,15.222487902534136,holt_winters,LORETO
2008-01-28,13.248248492734191,15.04505499955655,holt_winters,LORETO
2008-02-04,10.287746036257277,14.555147127634683,holt_winters,LORETO
2008-02-11,8.178388036017479,15.119716998795589,holt_winters,LORETO
2008-02-18,7.290237299074403,7.490305220079941,holt_winters,LORETO
2008-02-25,6.365080281425368,6.291912393080516,holt_winters,LORETO
2008-03-03,8.067369193899593,5.764587614802127,holt_winters,LORETO
2008-03-10,8.141381755311516,4.879434732529848,holt_winters,LORETO
2008-03-17,8.51144456237113,9.170686645293316,holt_winters,LORETO
2008-03-24,7.845331509663825,9.590425098567291,holt_winters,LORETO
2008-03-31,7.290237299074403,9.800191682044144,holt_winters,LORETO
2008-04-07,7.216224737662482,10.034796245681722,holt_winters,LORETO
2008-04-14,7.179218456956519,7.321553510880833,holt_winters,LORETO
2008-04-21,7.5862875447220945,7.721706359892576,holt_winters,LORETO
2008-04-28,7.438262421898249,8.03865217697913,holt_winters,LORETO
2008-05-05,5.661960948012101,8.682920548954263,holt_winters,LORETO
2008-05-12,3.9596720355378765,5.80384265209157,holt_winters,LORETO
2008-05-19,3.7006280705961463,7.444396536327242,holt_winters,LORETO
2008-05-26,3.848653193419992,8.501614012099239,holt_winters,LORETO
2008-06-02,4.736803930363066,9.002949743174426,holt_winters,LORETO
2008-06-09,4.181709719773646,4.351188761619216,holt_winters,LORETO
2008-06-16,3.922665754831915,1.8139518154178171,holt_winters,LORETO
2008-06-23,2.775471052947111,0.0,holt_winters,LORETO
2008-06-30,2.2203768423576897,0.0,holt_winters,LORETO
2008-07-07,3.6266155091842234,3.142652768787117,holt_winters,LORETO
2008-07-14,5.550942105894218,3.6985071319466405,holt_winters,LORETO
2008-07-21,8.844501088724783,2.8387521062131675,holt_winters,LORETO
2008-07-28,8.992526211548629,2.232406703418072,holt_winters,LORETO
2008-08-04,7.068199614838636,9.988296868647051,holt_winters,LORETO
2008-08-11,3.700628070596147,10.66697384456837,holt_winters,LORETO
2008-08-18,1.7763014738861533,11.066996195976202,holt_winters,LORETO
2008-08-25,2.5904396494173043,11.152481118206392,holt_winters,LORETO
2008-09-01,5.032854176010758,2.18639255815072,holt_winters,LORETO
2008-09-08,5.809986070835948,1.5399511218498605,holt_winters,LORETO
2008-09-15,6.439092842837293,0.5216911572675149,holt_winters,LORETO
2008-09-22,4.588778807539221,0.1414745067118559,holt_winters,LORETO
2008-09-29,4.070690877655761,4.136073990589156,holt_winters,LORETO
2008-10-06,4.255722281185569,4.142959342070757,holt_winters,LORETO
2008-10-13,6.180048877895562,3.992062101854133,holt_winters,LORETO
2008-10-20,7.549281264016134,4.188517247302909,holt_winters,LORETO
2008-10-27,7.216224737662482,8.309346058554713,holt_winters,LORETO
2008-11-03,7.956350351781709,8.666989517248053,holt_winters,LORETO
2008-11-10,8.178388036017479,8.38509418254824,holt_winters,LORETO
2008-11-17,8.69647596590094,7.913287068646977,holt_winters,LORETO
2008-11-24,7.327243579780365,8.93263744184377,holt_winters,LORETO
2008-12-01,6.994187053426713,9.771103352271986,holt_winters,LORETO
2008-12-08,7.253231018368442,10.296193382332763,holt_winters,LORETO
2008-12-15,6.587117965661137,10.522558606250433,holt_winters,LORETO
2008-12-22,5.217885579540565,5.67927327710459,holt_winters,LORETO
2008-12-29,6.587117965661136,5.367172841233417,holt_winters,LORETO
2009-01-05,6.860794495436417,6.689267574215977,holt_winters,LORETO
2009-01-12,8.245759793072788,7.601148671922371,holt_winters,LORETO
2009-01-19,5.49592477178173,8.706307036593097,holt_winters,LORETO
2009-01-26,4.689855805253743,7.232426056366938,holt_winters,LORETO
2009-02-02,4.2501818235112045,5.604781632322748,holt_winters,LORETO
2009-02-09,5.569203768738819,4.97026623543006,holt_winters,LORETO
2009-02-16,6.448551732223894,7.001496201606327,holt_winters,LORETO
2009-02-23,8.24388715767259,7.403509244940469,holt_winters,LORETO
2009-03-02,10.149141078556921,8.493397192115154,holt_winters,LORETO
2009-03-09,12.164313494876888,8.41249536218442,holt_winters,LORETO
2009-03-16,13.629893434018678,14.589534638338744,holt_winters,LORETO
2009-03-23,13.886369923368493,15.795917094216975,holt_winters,LORETO
2009-03-30,12.970382461404874,17.287255669747207,holt_winters,LORETO
2009-04-06,10.845291549649275,18.636096038330393,holt_winters,LORETO
2009-04-13,13.373416944668866,9.710121399199382,holt_winters,LORETO
2009-04-20,14.399322902068121,9.424988841983543,holt_winters,LORETO
2009-04-27,18.209830743836786,8.830219570908294,holt_winters,LORETO
2009-05-04,17.58695926970152,8.459744060755794,holt_winters,LORETO
2009-05-11,20.188363661678206,18.411937169511123,holt_winters,LORETO
2009-05-18,19.968526670806934,20.79289501077817,holt_winters,LORETO
2009-05-25,20.15172416319966,22.720094149509187,holt_winters,LORETO
2009-06-01,17.147285287958983,24.21702375757898,holt_winters,LORETO
2009-06-08,14.509241397503756,14.967898736304834,holt_winters,LORETO
2009-06-15,11.651360516177258,10.58887305695724,holt_winters,LORETO
2009-06-22,11.761279011612894,6.040492101737684,holt_winters,LORETO
2009-06-29,11.248326032913267,3.0436272834402445,holt_winters,LORETO
2009-07-06,9.672827598335838,12.562732498453457,holt_winters,LORETO
2009-07-13,7.694294680494418,13.550155502030355,holt_winters,LORETO
2009-07-20,6.228714741352626,13.812332943351969,holt_winters,LORETO
2009-07-27,5.862319756567177,13.5561330008691,holt_winters,LORETO
2009-08-03,6.2653542398311695,4.918562332561766,holt_winters,LORETO
2009-08-10,6.595109726138074,3.609779257294351,holt_winters,LORETO
2009-08-17,6.5218307291809845,2.843904848562077,holt_winters,LORETO
2009-08-24,6.9615047109235215,2.4384651827905723,holt_winters,LORETO
2009-08-31,6.301993738309715,7.4956090217831575,holt_winters,LORETO
2009-09-07,5.825680258088632,7.093009695581496,holt_winters,LORETO
2009-09-14,4.763134802210833,6.634758971770471,holt_winters,LORETO
2009-09-21,5.312727279389005,6.4717876230593845,holt_winters,LORETO
2009-09-28,5.605843267217363,5.738979675468373,holt_winters,LORETO
2009-10-05,7.254620698751881,6.672515619561391,holt_winters,LORETO
2009-10-12,7.511097188101694,7.304345084954092,holt_winters,LORETO
2009-10-19,7.511097188101695,8.348318074654546,holt_winters,LORETO
2009-10-26,6.118796245916992,7.130987372071953,holt_winters,LORETO
2009-11-02,6.045517248959901,6.710525936727762,holt_winters,LORETO
2009-11-09,6.558470227659529,5.594216468159619,holt_winters,LORETO
2009-11-16,5.825680258088632,4.906394710929172,holt_winters,LORETO
2009-11-23,5.569203768738819,5.070167159477734,holt_winters,LORETO
2009-11-30,4.799774300689378,5.3196635693845735,holt_winters,LORETO
2009-12-07,5.202808783953371,5.554813503236133,holt_winters,LORETO
2009-12-14,4.506658312861019,5.525008370226296,holt_winters,LORETO
2009-12-21,3.993705334161391,4.075395458680326,holt_winters,LORETO
2009-12-28,2.125090911755605,3.9775886005473913,holt_winters,LORETO
2010-01-04,2.584503992517721,4.953285485121775,holt_winters,LORETO
2010-01-11,3.627991551133281,6.6314480260934126,holt_winters,LORETO
2010-01-18,5.0429082560752585,3.1268012642888325,holt_winters,LORETO
2010-01-25,5.224307833631922,1.472198156364139,holt_winters,LORETO
2010-02-01,4.970348425052593,0.0,holt_winters,LORETO
2010-02-08,6.022465974881243,0.0,holt_winters,LORETO
2010-02-15,6.022465974881243,7.456858569687872,holt_winters,LORETO
2010-02-22,6.276425383460572,8.380464461671464,holt_winters,LORETO
2010-03-01,6.1675856369265745,10.02765573976654,holt_winters,LORETO
2010-03-08,5.623386904256583,10.283748329539446,holt_winters,LORETO
2010-03-15,5.804786481813246,6.21653876752742,holt_winters,LORETO
2010-03-22,6.1675856369265745,5.682456412413551,holt_winters,LORETO
2010-03-29,7.945301496981879,5.482047432338607,holt_winters,LORETO
2010-04-05,9.577897694991854,5.095660197155561,holt_winters,LORETO
2010-04-12,11.355613555047158,11.816997403004605,holt_winters,LORETO
2010-04-19,14.258006795953778,13.64922152622134,holt_winters,LORETO
2010-04-26,18.430197079757047,15.53319357751102,holt_winters,LORETO
2010-05-03,20.969791165550337,16.408223341624048,holt_winters,LORETO
2010-05-10,20.53443217941435,23.76063475217061,holt_winters,LORETO
2010-05-17,20.498152263903012,26.768888753179652,holt_winters,LORETO
2010-05-24,16.507361557656413,29.399685820188996,holt_winters,LORETO
2010-05-31,14.947325190669103,31.2760332760314,holt_winters,LORETO
2010-06-07,10.847694737888501,12.279396635435198,holt_winters,LORETO
2010-06-14,10.70257507584317,8.383433333715459,holt_winters,LORETO
2010-06-21,8.562060060674535,4.788010763419257,holt_winters,LORETO
2010-06-28,5.986186059369909,2.1896173234366176,holt_winters,LORETO
2010-07-05,5.151748002609256,5.541124322111806,holt_winters,LORETO
2010-07-12,5.6596668197679145,5.560878235423097,holt_winters,LORETO
2010-07-19,6.7843442006192305,5.10288204736453,holt_winters,LORETO
2010-07-26,6.348985214483238,4.766580582605897,holt_winters,LORETO
2010-08-02,5.6596668197679145,5.765804894911226,holt_winters,LORETO
2010-08-09,5.6596668197679145,4.880549420552834,holt_winters,LORETO
2010-08-16,6.3127052989719035,4.182786989799969,holt_winters,LORETO
2010-08-23,6.5303847920399,4.105434533631387,holt_winters,LORETO
2010-08-30,5.804786481813245,6.667456825512559,holt_winters,LORETO
2010-09-06,5.33314758016592,6.304435594128295,holt_winters,LORETO
2010-09-13,5.768506566301913,5.869469372078173,holt_winters,LORETO
2010-09-20,5.405707411188586,5.917862054207859,holt_winters,LORETO
2010-09-27,4.4624296078939345,5.401722633988215,holt_winters,LORETO
2010-10-04,4.426149692382602,6.448496016318291,holt_winters,LORETO
2010-10-11,5.841066397324578,7.035312086563133,holt_winters,LORETO
2010-10-18,6.494104876528568,7.969617616812942,holt_winters,LORETO
2010-10-25,5.695946735279247,5.989601052710904,holt_winters,LORETO
2010-11-01,4.93406850954126,6.094295325248288,holt_winters,LORETO
2010-11-08,5.006628340563926,5.409699838565035,holt_winters,LORETO
2010-11-15,4.752668931984596,4.843548066722272,holt_winters,LORETO
2010-11-22,4.244750114825938,4.265403124497599,holt_winters,LORETO
2010-11-29,3.7368312976672784,4.220934317418143,holt_winters,LORETO
2010-12-06,3.809391128689944,4.625913790438666,holt_winters,LORETO
2010-12-13,3.845671044201277,4.512390759181709,holt_winters,LORETO
2010-12-20,3.555431720110615,3.86460974754202,holt_winters,LORETO
2010-12-27,3.265192396019953,3.7297263484032044,holt_winters,LORETO
2011-01-03,3.8622078860888145,4.985963316085174,holt_winters,LORETO
2011-01-10,4.968199857974753,6.713982339243316,holt_winters,LORETO
2011-01-17,4.454992717524006,4.731506514731065,holt_winters,LORETO
2011-01-24,3.5927360625193607,3.4920915068331553,holt_winters,LORETO
2011-01-31,2.694552046889522,1.8076946977323205,holt_winters,LORETO
2011-02-07,4.167573832522458,1.6439213058843105,holt_winters,LORETO
2011-02-14,4.454992717524006,5.275847594564093,holt_winters,LORETO
2011-02-21,5.173539930027878,6.1016452521320055,holt_winters,LORETO
2011-02-28,4.957975766276716,7.5418118998975405,holt_winters,LORETO
2011-03-07,5.137612569402684,7.700851280149921,holt_winters,LORETO
2011-03-14,7.868091976917394,5.773738234469677,holt_winters,LORETO
2011-03-21,8.550711828796073,5.504513871033832,holt_winters,LORETO
2011-03-28,10.203370417554975,5.90141643611093,holt_winters,LORETO
2011-04-04,11.245263875685588,6.03177110863511,holt_winters,LORETO
2011-04-11,13.329050791946814,13.26926166072269,holt_winters,LORETO
2011-04-18,13.400905513197202,15.22465698952389,holt_winters,LORETO
2011-04-25,11.281191236310782,17.475825513301714,holt_winters,LORETO
2011-05-02,9.880024171928234,18.404221855017358,holt_winters,LORETO
2011-05-09,10.490789302556523,8.923457543036864,holt_winters,LORETO
2011-05-16,11.604537481937525,8.287653541580735,holt_winters,LORETO
2011-05-23,11.85602900631388,6.958856304717061,holt_winters,LORETO
2011-05-30,11.784174285063493,5.752280890164705,holt_winters,LORETO
2011-06-06,10.56264402380691,10.62217410812471,holt_winters,LORETO
2011-06-13,10.706353466307684,9.46053724373944,holt_winters,LORETO
2011-06-20,11.137481793810005,7.7202064224198725,holt_winters,LORETO
2011-06-27,11.029699711934427,6.130135938325797,holt_winters,LORETO
2011-07-04,12.251229973191009,11.755972832586973,holt_winters,LORETO
2011-07-11,11.7482469244383,12.932613381430599,holt_winters,LORETO
2011-07-18,11.96381108818946,14.017320901486439,holt_winters,LORETO
2011-07-25,10.490789302556523,14.459505984276396,holt_winters,LORETO
2011-08-01,8.874058074422814,9.481306842412112,holt_winters,LORETO
2011-08-08,7.904019337542587,8.593298734747178,holt_winters,LORETO
2011-08-15,6.3232154700340715,7.913817119903146,holt_winters,LORETO
2011-08-22,6.071723945657716,7.890207851461339,holt_winters,LORETO
2011-08-29,6.107651306282911,5.605423245555155,holt_winters,LORETO
2011-09-05,6.574706994410427,4.934099764646132,holt_winters,LORETO
2011-09-12,5.640595618155395,4.617899732976376,holt_winters,LORETO
2011-09-19,4.4190653568988125,4.322516024353034,holt_winters,LORETO
2011-09-26,4.275355914398038,3.6701720150365427,holt_winters,LORETO
2011-10-03,4.526847438774394,4.117102832950495,holt_winters,LORETO
2011-10-10,5.281322011903458,4.797151241581417,holt_winters,LORETO
2011-10-17,4.7424116025255545,5.566105432843321,holt_winters,LORETO
2011-10-24,4.634629520649974,3.470525939652036,holt_winters,LORETO
2011-10-31,5.281322011903458,2.959549603943691,holt_winters,LORETO
2011-11-07,5.317249372528651,2.2794971555795778,holt_winters,LORETO
2011-11-14,5.71245033940578,1.6434492965969052,holt_winters,LORETO
2011-11-21,5.460958815029426,5.259026912707206,holt_winters,LORETO
2011-11-28,8.155510861918943,5.270706794546028,holt_winters,LORETO
2011-12-05,8.981840156298395,5.751152748392805,holt_winters,LORETO
2011-12-12,7.580673091915845,5.804978598052928,holt_winters,LORETO
2011-12-19,5.209467290653071,7.648863877282578,holt_winters,LORETO
2011-12-26,5.137612569402684,7.401530485565087,holt_winters,LORETO
2012-01-02,5.875490238553965,8.477833708826568,holt_winters,LORETO
2012-01-09,5.9286734428293455,9.82645309931853,holt_winters,LORETO
2012-01-16,5.977707421110278,5.446330537345549,holt_winters,LORETO
2012-01-23,6.048870604694923,4.043014014253832,holt_winters,LORETO
2012-01-30,6.191196971864216,2.688582038330675,holt_winters,LORETO
2012-02-06,5.835381053940986,2.893278915630804,holt_winters,LORETO
2012-02-13,5.728636278564017,5.930149333551018,holt_winters,LORETO
2012-02-20,5.337238768848462,6.447915518272039,holt_winters,LORETO
2012-02-27,5.266075585263817,7.374406084190516,holt_winters,LORETO
2012-03-05,5.337238768848462,7.495066664642059,holt_winters,LORETO
2012-03-12,5.657473094979371,6.251095452924481,holt_winters,LORETO
2012-03-19,5.728636278564017,6.106207897521228,holt_winters,LORETO
2012-03-26,6.262360155448863,6.499275670364191,holt_winters,LORETO
2012-04-02,7.899113377895723,6.711031674508325,holt_winters,LORETO
2012-04-09,9.393540233173292,9.811195590742901,holt_winters,LORETO
2012-04-16,10.99471186382783,11.278393526494732,holt_winters,LORETO
2012-04-23,11.386109373543382,12.465062438920732,holt_winters,LORETO
2012-04-30,10.959130272035507,12.570574782579309,holt_winters,LORETO
2012-05-07,10.78122231307389,11.135001529406427,holt_winters,LORETO
2012-05-14,10.460987986942984,11.228043233458273,holt_winters,LORETO
2012-05-21,11.279364598166415,10.394090628036299,holt_winters,LORETO
2012-05-28,11.955414842220554,9.274949445497747,holt_winters,LORETO
2012-06-04,11.741925291466613,10.607057652847878,holt_winters,LORETO
2012-06-11,10.460987986942984,10.356510000813525,holt_winters,LORETO
2012-06-18,8.930979539873093,10.17537573127178,holt_winters,LORETO
2012-06-25,7.7567870107264305,9.641347150158857,holt_winters,LORETO
2012-07-02,7.116318358464617,7.672416817375234,holt_winters,LORETO
2012-07-09,6.9384103995030015,7.811113287290835,holt_winters,LORETO
2012-07-16,6.582594481579771,7.937702754485734,holt_winters,LORETO
2012-07-23,5.835381053940986,7.461628354089197,holt_winters,LORETO
2012-07-30,5.194912401679171,4.593643771993119,holt_winters,LORETO
2012-08-06,5.2304939934714945,3.5053116113401597,holt_winters,LORETO
2012-08-13,5.443983544225432,2.555652318123413,holt_winters,LORETO
2012-08-20,5.40840195243311,2.326400606743256,holt_winters,LORETO
2012-08-27,4.732351708378972,5.768888142152257,holt_winters,LORETO
2012-09-03,5.0881676263022015,5.754230218089286,holt_winters,LORETO
2012-09-10,5.550728319602402,5.7565166468270785,holt_winters,LORETO
2012-09-17,6.262360155448863,5.475129758954941,holt_winters,LORETO
2012-09-24,5.87096264573331,6.591686157102108,holt_winters,LORETO
2012-10-01,4.625606933002001,7.70104180808136,holt_winters,LORETO
2012-10-08,4.198627831494125,8.866398627594776,holt_winters,LORETO
2012-10-15,4.3765357904557405,10.045593811433072,holt_winters,LORETO
2012-10-22,4.447698974040387,3.306903942201032,holt_winters,LORETO
2012-10-29,4.412117382248064,3.2842545502447518,holt_winters,LORETO
2012-11-05,4.910259667340586,2.77146732590906,holt_winters,LORETO
2012-11-12,5.194912401679171,2.5617963547550318,holt_winters,LORETO
2012-11-19,5.337238768848462,4.771079794815545,holt_winters,LORETO
2012-11-26,5.123749218094525,5.1185824331776715,holt_winters,LORETO
2012-12-03,5.550728319602402,5.5627187802041504,holt_winters,LORETO
2012-12-10,5.728636278564017,5.284762838693598,holt_winters,LORETO
2012-12-17,6.2267785636565405,4.960570239891176,holt_winters,LORETO
2012-12-24,5.977707421110278,4.8829091345087505,holt_winters,LORETO
2012-12-31,6.404686522618154,6.047401936286712,holt_winters,LORETO
2013-01-07,6.734722168798818,7.21763735674377,holt_winters,LORETO
2013-01-14,7.5639177423776305,6.091937932754696,holt_winters,LORETO
2013-01-21,7.259929804232121,5.661105209273477,holt_winters,LORETO
2013-01-28,7.048475538089438,5.067622452353849,holt_winters,LORETO
2013-02-04,7.013233160398991,5.572348660853718,holt_winters,LORETO
2013-02-11,6.837021271946754,6.986161420391184,holt_winters,LORETO
2013-02-18,6.414112739661388,7.192408437859233,holt_winters,LORETO
2013-02-25,5.638780430471551,7.766011493963527,holt_winters,LORETO
2013-03-04,5.779749941233341,8.06859932439595,holt_winters,LORETO
2013-03-11,6.2026584735187065,6.566052342681985,holt_winters,LORETO
2013-03-18,6.4845974950422836,6.642620850263579,holt_winters,LORETO
2013-03-25,6.6960517611849655,7.087656049869757,holt_winters,LORETO
2013-04-01,8.599140156469113,7.465409499326176,holt_winters,LORETO
2013-04-08,10.149804774848787,10.94271787021926,holt_winters,LORETO
2013-04-15,12.193862680894725,12.719625598579462,holt_winters,LORETO
2013-04-22,12.017650792442488,14.391594770004613,holt_winters,LORETO
2013-04-29,11.171833727871757,14.404989027184346,holt_winters,LORETO
2013-05-06,9.550684354111185,11.32366057578983,holt_winters,LORETO
2013-05-13,8.000019735731511,10.893732969372685,holt_winters,LORETO
2013-05-20,6.378870361970942,9.984857771040225,holt_winters,LORETO
2013-05-27,6.132173718137811,9.055286985963859,holt_winters,LORETO
2013-06-03,5.674022808161998,3.9785259345299906,holt_winters,LORETO
2013-06-10,7.189445048851226,2.8772981818267427,holt_winters,LORETO
2013-06-17,6.414112739661388,1.8481447792817196,holt_winters,LORETO
2013-06-24,5.533053297400211,0.7271407490335814,holt_winters,LORETO
2013-07-01,4.0528734344014286,5.394259832430109,holt_winters,LORETO
2013-07-08,3.8414191682587457,5.111132786727255,holt_winters,LORETO
2013-07-15,3.9471463013300876,5.4908963820593915,holt_winters,LORETO
2013-07-22,3.9471463013300876,4.777342467740701,holt_winters,LORETO
2013-07-29,4.017631056710981,3.587999460398944,holt_winters,LORETO
2013-08-05,4.193842945163218,3.448189875981898,holt_winters,LORETO
2013-08-12,5.356841408947974,3.422646171873843,holt_winters,LORETO
2013-08-19,4.933932876662609,4.06607072978212,holt_winters,LORETO
2013-08-26,3.9823886790205343,4.558908003705709,holt_winters,LORETO
2013-09-02,2.5374511937122004,4.697915868978114,holt_winters,LORETO
2013-09-09,2.643178326783542,4.612648500695679,holt_winters,LORETO
2013-09-16,2.6784207044739894,4.18666249890876,holt_winters,LORETO
2013-09-23,2.819390215235778,2.3653327180086383,holt_winters,LORETO
2013-09-30,2.819390215235778,2.3779553367799213,holt_winters,LORETO
2013-10-07,3.030844481378461,3.0482874824444948,holt_winters,LORETO
2013-10-14,3.242298747521144,3.293268005340621,holt_winters,LORETO
2013-10-21,3.242298747521144,2.699056777290134,holt_winters,LORETO
2013-10-28,3.3127835029020383,2.7371669593291497,holt_winters,LORETO
2013-11-04,3.3127835029020383,2.9583928754185838,holt_winters,LORETO
2013-11-11,2.7489054598548837,2.9679640703834593,holt_winters,LORETO
2013-11-18,2.7841478375453312,2.3878971449538877,holt_winters,LORETO
2013-11-25,3.41851063597338,2.5410112876941096,holt_winters,LORETO
2013-12-02,4.0528734344014286,2.9244917209441206,holt_winters,LORETO
2013-12-09,4.123358189782324,2.405854241722251,holt_winters,LORETO
2013-12-16,2.7841478375453312,3.476121179499313,holt_winters,LORETO
2013-12-23,2.537451193712201,3.193745395137517,holt_winters,LORETO
2013-12-30,2.6784207044739894,3.643191986553921,holt_winters,LORETO
2014-01-06,3.476348708587885,4.386455413551931,holt_winters,LORETO
2014-01-13,3.5022724779241514,3.9279877019082123,holt_winters,LORETO
2014-01-20,2.827675190187344,3.6181972050218816,holt_winters,LORETO
2014-01-27,2.5134890579443057,3.3139646647427097,holt_winters,LORETO
2014-02-03,3.0022230414334756,4.027624264384344,holt_winters,LORETO
2014-02-10,3.386228314174966,2.96514807873893,holt_winters,LORETO
2014-02-17,3.5258665951718715,2.9423404936521003,holt_winters,LORETO
2014-02-24,3.0022230414334756,2.768595418453335,holt_winters,LORETO
2014-03-03,3.421137884424192,2.8948387331315044,holt_winters,LORETO
2014-03-10,3.211680462928834,4.4320726512617,holt_winters,LORETO
2014-03-17,3.0720421819319284,5.073052246236974,holt_winters,LORETO
2014-03-24,3.5956857356703247,5.975287482328692,holt_winters,LORETO
2014-03-31,4.084419719159494,6.995711612023172,holt_winters,LORETO
2014-04-07,4.71279198364557,5.434839024901672,holt_winters,LORETO
2014-04-14,5.4808025291285505,6.517264631003669,holt_winters,LORETO
2014-04-21,5.725169520873135,7.3858429226177345,holt_winters,LORETO
2014-04-28,5.794988661371588,6.967058979951667,holt_winters,LORETO
2014-05-05,6.004446082866946,5.2811827740990225,holt_winters,LORETO
2014-05-12,7.9244724465743985,5.032003921378189,holt_winters,LORETO
2014-05-19,9.600131818537266,4.134283919941863,holt_winters,LORETO
2014-05-26,10.088865802026435,3.2833354345614403,holt_winters,LORETO
2014-06-02,10.368142364020246,9.504562131013952,holt_winters,LORETO
2014-06-09,9.879408380531077,10.066601372828728,holt_winters,LORETO
2014-06-16,8.901940413552737,10.149221222959532,holt_winters,LORETO
2014-06-23,6.2488130746115305,9.783689337197796,holt_winters,LORETO
2014-06-30,5.341164248131644,5.127450850648289,holt_winters,LORETO
2014-07-07,5.376073818380871,4.454461997532927,holt_winters,LORETO
2014-07-14,6.493180066356115,4.2178173805646555,holt_winters,LORETO
2014-07-21,5.550621669627003,3.4829534961696837,holt_winters,LORETO
2014-07-28,4.817520694393249,4.831332836113401,holt_winters,LORETO
2014-08-04,3.3513187439257397,4.67492320009722,holt_winters,LORETO
2014-08-11,3.6655048761687774,4.6960567207198425,holt_winters,LORETO
2014-08-18,3.3513187439257397,4.644928149559977,holt_winters,LORETO
2014-08-25,3.5258665951718715,2.651307298858771,holt_winters,LORETO
2014-09-01,3.2814996034272865,2.3063519874333815,holt_winters,LORETO
2014-09-08,2.8974943306857956,2.085045325255853,holt_winters,LORETO
2014-09-15,2.5833081984427584,2.0113175859247323,holt_winters,LORETO
2014-09-22,2.269122066199721,2.257502792978496,holt_winters,LORETO
2014-09-29,2.6531273389412116,2.390543246649701,holt_winters,LORETO
2014-10-06,3.9796910084118147,2.8418715439426165,holt_winters,LORETO
2014-10-13,4.60806327289789,2.9518145057198097,holt_winters,LORETO
2014-10-20,3.8749622976641356,4.796672943996146,holt_winters,LORETO
2014-10-27,2.653127338941211,5.088078588974563,holt_winters,LORETO
2014-11-03,2.7229464794396647,5.569547546509122,holt_winters,LORETO
2014-11-10,3.0720421819319284,5.601346350948602,holt_winters,LORETO
2014-11-17,3.2814996034272865,3.0277989905909184,holt_winters,LORETO
2014-11-24,3.2814996034272865,3.694462668140734,holt_winters,LORETO
2014-12-01,2.827675190187343,4.403484406671918,holt_winters,LORETO
2014-12-08,2.827675190187343,4.227135513116387,holt_winters,LORETO
2014-12-15,2.0945742149535893,1.9216628874050188,holt_winters,LORETO
2014-12-22,2.5134890579443057,1.5875717046509883,holt_winters,LORETO
2014-12-29,3.0022230414334756,2.2253978463165036,holt_winters,LORETO
2015-01-05,3.308245556056003,3.02024042485389,holt_winters,LORETO
2015-01-12,3.161423291553048,3.316011895324553,holt_winters,LORETO
2015-01-19,2.593726915830454,2.825034449923094,holt_winters,LORETO
2015-01-26,2.7320590180080777,2.3830019015088593,holt_winters,LORETO
2015-02-02,4.288295167506347,2.8033524391008893,holt_winters,LORETO
2015-02-09,5.46411803601615,5.025517217556907,holt_winters,LORETO
2015-02-16,5.913697368093428,5.558351395521516,holt_winters,LORETO
2015-02-23,5.049121729483279,5.5974385895080765,holt_winters,LORETO
2015-03-02,4.737874499583625,5.952488421023868,holt_winters,LORETO
2015-03-09,5.152870806116497,5.510475376118176,holt_winters,LORETO
2015-03-16,5.948280393637835,5.799765725301423,holt_winters,LORETO
2015-03-23,6.570774853437143,6.6624540109672985,holt_winters,LORETO
2015-03-30,7.919512849668976,7.900743909950073,holt_winters,LORETO
2015-04-06,9.371999922534028,9.419824582901766,holt_winters,LORETO
2015-04-13,10.374907663321801,10.418139023848042,holt_winters,LORETO
2015-04-20,9.475748999167246,10.54860033120007,holt_winters,LORETO
2015-04-27,8.784088488279126,10.249522924614165,holt_winters,LORETO
2015-05-04,7.608265619769322,8.533187427172303,holt_winters,LORETO
2015-05-11,7.435350492047292,9.280482516797754,holt_winters,LORETO
2015-05-18,5.879114342549023,9.124482756960276,holt_winters,LORETO
2015-05-25,4.807040550672437,9.315116229047545,holt_winters,LORETO
2015-06-01,3.8041328098846634,3.6271550699017983,holt_winters,LORETO
2015-06-08,3.9424649120622868,3.0952226145788106,holt_winters,LORETO
2015-06-15,4.322878193050753,1.7175159495719459,holt_winters,LORETO
2015-06-22,4.737874499583626,0.0,holt_winters,LORETO
2015-06-29,4.495793320772783,5.072909574292664,holt_winters,LORETO
2015-07-06,4.288295167506347,5.477506862409362,holt_winters,LORETO
2015-07-13,3.8387158354290687,6.299277070262993,holt_winters,LORETO
2015-07-20,3.734966758795851,5.884577410530822,holt_winters,LORETO
2015-07-27,2.9049741457301077,3.1715305497483106,holt_winters,LORETO
2015-08-03,2.5591438902860477,2.7508353221029953,holt_winters,LORETO
2015-08-10,2.6283099413748596,2.926413887077011,holt_winters,LORETO
2015-08-17,3.3545534778073853,2.787136632131399,holt_winters,LORETO
2015-08-24,3.562051631073821,3.356244935836161,holt_winters,LORETO
2015-08-31,3.389136503351791,3.380865296955756,holt_winters,LORETO
2015-09-07,3.1816383500853553,3.552422392332104,holt_winters,LORETO
2015-09-14,2.9395571712745134,3.510352832946642,holt_winters,LORETO
2015-09-21,3.0433062479077315,2.783162638383666,holt_winters,LORETO
2015-09-28,3.147055324540949,2.6023869953049004,holt_winters,LORETO
2015-10-05,3.492885579985009,3.219615056562363,holt_winters,LORETO
2015-10-12,3.596634656618227,3.41740728135916,holt_winters,LORETO
2015-10-19,3.1124722989965434,3.4069031527266755,holt_winters,LORETO
2015-10-26,3.0778892734521377,3.2556607184043447,holt_winters,LORETO
2015-11-02,3.250804401174167,3.4780286384632797,holt_winters,LORETO
2015-11-09,3.5274686055294153,3.5895961629216826,holt_winters,LORETO
2015-11-16,3.907881886517881,3.6156858885834278,holt_winters,LORETO
2015-11-23,3.562051631073821,4.346176900326542,holt_winters,LORETO
2015-11-30,4.149963065328723,4.811671461490379,holt_winters,LORETO
2015-12-07,3.6658007077070387,4.716752256519211,holt_winters,LORETO
2015-12-14,3.319970452262979,2.5860755473325057,holt_winters,LORETO
2015-12-21,2.3516457370196115,2.4395309005284815,holt_winters,LORETO
2015-12-28,1.41790404732065,2.871605871321145,holt_winters,LORETO
2016-01-04,1.5472623648253088,3.353967077053847,holt_winters,LORETO
2016-01-11,2.227064660252725,1.3952448073538923,holt_winters,LORETO
2016-01-18,3.631828522873672,0.7321072241834816,holt_winters,LORETO
2016-01-25,4.488391853740102,0.348824183864737,holt_winters,LORETO
2016-02-01,4.111503988158873,0.8524284584720689,holt_winters,LORETO
2016-02-08,3.631828522873672,4.453368783947102,holt_winters,LORETO
2016-02-15,2.7067401255379266,4.3866425478137385,holt_winters,LORETO
2016-02-22,2.3641147931913538,3.7671774668077953,holt_winters,LORETO
2016-02-29,2.672477592303269,3.766562594771353,holt_winters,LORETO
2016-03-07,2.7410026587725835,2.989005673951466,holt_winters,LORETO
2016-03-14,3.289203190527099,3.2818951866077377,holt_winters,LORETO
2016-03-21,3.254940657292442,3.9600088075551927,holt_winters,LORETO
2016-03-28,3.768878655812301,5.224950586817475,holt_winters,LORETO
2016-04-04,4.0772414549242155,4.589436336948417,holt_winters,LORETO
2016-04-11,5.721843050187762,5.6141625914262026,holt_winters,LORETO
2016-04-18,6.235781048707621,5.046525715797168,holt_winters,LORETO
2016-04-25,6.612668914288851,4.345316899846239,holt_winters,LORETO
2016-05-02,5.379217717841191,6.429081559385958,holt_winters,LORETO
2016-05-09,5.242167584902561,6.85340559288357,holt_winters,LORETO
2016-05-16,5.584792917249135,6.9530798990770135,holt_winters,LORETO
2016-05-23,6.681193980758167,7.06171751445615,holt_winters,LORETO
2016-05-30,5.8588931831263915,6.8823451941916405,holt_winters,LORETO
2016-06-06,5.75610558342242,7.212814939675719,holt_winters,LORETO
2016-06-13,4.76249211961736,6.981991573716277,holt_winters,LORETO
2016-06-20,5.344955184606533,6.315985531682765,holt_winters,LORETO
2016-06-27,5.105117451963933,4.535126552887802,holt_winters,LORETO
2016-07-04,5.310692651371876,4.482048118807944,holt_winters,LORETO
2016-07-11,4.454129320505445,4.7494418532427956,holt_winters,LORETO
2016-07-18,3.8374037222816146,4.220197446699417,holt_winters,LORETO
2016-07-25,3.049365457884498,3.3105936089241874,holt_winters,LORETO
2016-08-01,3.1864155908231275,2.9704122632195396,holt_winters,LORETO
2016-08-08,3.049365457884498,3.146335570892549,holt_winters,LORETO
2016-08-15,2.9465778581805266,3.1998680726827944,holt_winters,LORETO
2016-08-22,2.5354274593646395,2.6480788390596857,holt_winters,LORETO
2016-08-29,2.741002658772583,2.4815581457077327,holt_winters,LORETO
2016-09-05,2.9123153249458693,2.325239552920171,holt_winters,LORETO
2016-09-12,3.0151029246498413,2.1492383963799697,holt_winters,LORETO
2016-09-19,2.775265192007241,2.9139009961389606,holt_winters,LORETO
2016-09-26,3.1864155908231275,2.7671566268780854,holt_winters,LORETO
2016-10-03,3.700353589342986,3.1744287304955705,holt_winters,LORETO
2016-10-10,3.0493654578844986,3.2644803563212434,holt_winters,LORETO
2016-10-17,2.295589726722039,2.7675437785679877,holt_winters,LORETO
2016-10-24,2.124277060548753,2.6577967173701387,holt_winters,LORETO
2016-10-31,2.3298522599566964,2.8183154032530133,holt_winters,LORETO
2016-11-07,2.2613271934873818,2.971819174102125,holt_winters,LORETO
2016-11-14,1.9529643943754664,2.379674166958428,holt_winters,LORETO
2016-11-21,1.9529643943754669,2.4312975776001884,holt_winters,LORETO
2016-11-28,1.6446015952635518,2.445253815913344,holt_winters,LORETO
2016-12-05,1.6446015952635518,1.8169729827828012,holt_winters,LORETO
2016-12-12,1.3362387961516367,1.1059783943403723,holt_winters,LORETO
2016-12-19,1.3362387961516362,0.786414020876611,holt_winters,LORETO
2016-12-26,1.3362387961516362,0.8860552006480911,holt_winters,LORETO
2017-01-02,1.9790462560971245,1.1557463156879724,holt_winters,LORETO
2017-01-09,2.6535991195809623,2.470705664160347,holt_winters,LORETO
2017-01-16,3.258997634171409,2.567744284205786,holt_winters,LORETO
2017-01-23,3.870059690578547,2.781462443818196,holt_winters,LORETO
2017-01-30,3.462684986307122,3.112510833319415,holt_winters,LORETO
2017-02-06,2.749779253832127,3.366998802388345,holt_winters,LORETO
2017-02-13,2.0029256293345132,2.891479947708668,holt_winters,LORETO
2017-02-20,1.901081953266657,2.182376125495595,holt_winters,LORETO
2017-02-27,2.1047693054023697,2.1558359997356793,holt_winters,LORETO
2017-03-06,1.7652903851761819,2.360778837331189,holt_winters,LORETO
2017-03-13,1.7652903851761819,2.77255766225549,holt_winters,LORETO
2017-03-20,1.6634467091083254,3.2261846426480374,holt_winters,LORETO
2017-03-27,2.036873521357132,4.472149982854094,holt_winters,LORETO
2017-04-03,2.3424045495607015,3.0375372869597417,holt_winters,LORETO
2017-04-10,3.123206066080934,4.467341795839034,holt_winters,LORETO
2017-04-17,4.549017531030923,4.499763467888558,holt_winters,LORETO
2017-04-24,5.601402183732106,4.213667572055763,holt_winters,LORETO
2017-05-01,5.397714831596393,5.604959664339999,holt_winters,LORETO
2017-05-08,4.820600667211874,6.336140965167779,holt_winters,LORETO
2017-05-15,5.49955850766425,6.895611127566462,holt_winters,LORETO
2017-05-22,6.246412132161864,7.587112756009226,holt_winters,LORETO
2017-05-29,6.484047376320195,6.245213009928781,holt_winters,LORETO
2017-06-05,5.19402747946068,6.889570485633505,holt_winters,LORETO
2017-06-12,4.515069639008305,6.657675013764119,holt_winters,LORETO
2017-06-19,3.7342681224880727,6.350182410857857,holt_winters,LORETO
2017-06-26,3.089258174058315,3.02485176834157,holt_winters,LORETO
2017-07-03,2.546091901696414,2.963926799550814,holt_winters,LORETO
2017-07-10,2.410300333605939,2.8864052902671955,holt_winters,LORETO
2017-07-17,2.5460919016964145,2.4146444513262075,holt_winters,LORETO
2017-07-24,2.95346660596784,2.2238779542199856,holt_winters,LORETO
2017-07-31,2.8855708219226024,2.0766223114603823,holt_winters,LORETO
2017-08-07,2.783727145854746,2.5200459903718473,holt_winters,LORETO
2017-08-14,2.0029256293345132,2.5878273710882738,holt_winters,LORETO
2017-08-21,1.9010819532666572,1.3177371100335784,holt_winters,LORETO
2017-08-28,1.7992382771988007,0.5639183770794629,holt_winters,LORETO
2017-09-04,1.9010819532666572,0.2055793471900338,holt_winters,LORETO
2017-09-11,1.6634467091083254,0.0,holt_winters,LORETO
2017-09-18,1.9689777373118946,1.5504376459756144,holt_winters,LORETO
2017-09-25,2.546091901696414,1.7198085089679962,holt_winters,LORETO
2017-10-02,2.783727145854746,2.303022309134209,holt_winters,LORETO
2017-10-09,2.6479355777642706,2.546368955378852,holt_winters,LORETO
2017-10-16,2.274508765515464,2.026131472752737,holt_winters,LORETO
2017-10-23,2.0029256293345132,1.5810898530697481,holt_winters,LORETO
2017-10-30,1.52765514101785,1.6407576917819149,holt_winters,LORETO
2017-11-06,1.7652903851761819,1.5962120724762074,holt_winters,LORETO
2017-11-13,1.9689777373118946,1.876353337452884,holt_winters,LORETO
2017-11-20,2.9874144979904584,1.9371094722218147,holt_winters,LORETO
2017-11-27,2.8855708219226024,2.1531831913181767,holt_winters,LORETO
2017-12-04,3.123206066080934,2.139025723211136,holt_winters,LORETO
2017-12-11,2.95346660596784,2.6240210222488676,holt_winters,LORETO
2017-12-18,2.749779253832127,2.5481130192347057,holt_winters,LORETO
2017-12-25,2.274508765515464,2.6816884934798226,holt_winters,LORETO
2018-01-01,1.3189580186897576,3.2125608132455685,holt_winters,LORETO
2018-01-08,1.141703903288094,0.8506348824915245,holt_winters,LORETO
2018-01-15,1.3661885006914287,0.4351857115064962,holt_winters,LORETO
2018-01-22,1.8326918911714276,0.2501817213441506,holt_winters,LORETO
2018-01-29,2.099265257159998,0.17990547462390732,holt_winters,LORETO
2018-02-05,2.4324819646457114,2.1822177404725127,holt_winters,LORETO
2018-02-12,2.5990903183885687,1.913774195917124,holt_winters,LORETO
2018-02-19,2.5990903183885683,1.4211832136041327,holt_winters,LORETO
2018-02-26,2.2991952816514263,1.5993640661488908,holt_winters,LORETO
2018-03-05,2.1659085986571402,2.1502853208212325,holt_winters,LORETO
2018-03-12,2.39916029389714,2.3308994311643016,holt_winters,LORETO
2018-03-19,2.7656986721314247,2.485740999741077,holt_winters,LORETO
2018-03-26,3.098915379617138,3.3435428325768104,holt_winters,LORETO
2018-04-02,3.63206211159428,3.62742918796153,holt_winters,LORETO
2018-04-09,3.8319921360857077,4.667016636612518,holt_winters,LORETO
2018-04-16,4.331817197314277,4.729319958532544,holt_winters,LORETO
2018-04-23,4.598390563302847,4.601437213587031,holt_winters,LORETO
2018-04-30,5.231502307525704,3.9966986592786236,holt_winters,LORETO
2018-05-07,5.86461405174856,4.12102369840022,holt_winters,LORETO
2018-05-14,6.597690808217128,4.2071621141704325,holt_winters,LORETO
2018-05-21,8.43038269938855,4.555428838720308,holt_winters,LORETO
2018-05-28,8.463704370137123,8.104015255447136,holt_winters,LORETO
2018-06-04,8.796921077622835,7.956622408379801,holt_winters,LORETO
2018-06-11,8.497026040885693,7.266278346028393,holt_winters,LORETO
2018-06-18,9.963179553822831,6.537836965578153,holt_winters,LORETO
2018-06-25,9.829892870828546,10.230618887102185,holt_winters,LORETO
2018-07-02,7.9638793089085524,10.671039322846433,holt_winters,LORETO
2018-07-09,6.531047466719985,11.088399417318156,holt_winters,LORETO
2018-07-16,5.8312923809999875,11.14530591339927,holt_winters,LORETO
2018-07-23,5.964579063994272,4.994914349506542,holt_winters,LORETO
2018-07-30,4.9982506122857036,4.298294715052079,holt_winters,LORETO
2018-08-06,4.565068892554276,4.255519040891723,holt_winters,LORETO
2018-08-13,4.131887172822849,3.8355772625988624,holt_winters,LORETO
2018-08-20,3.9986004898285636,3.9436522769919646,holt_winters,LORETO
2018-08-27,3.732027123839993,3.582048387572245,holt_winters,LORETO
2018-09-03,4.0319221605771345,3.529892733519427,holt_winters,LORETO
2018-09-10,3.9652788190799924,3.3893064519594525,holt_winters,LORETO
2018-09-17,3.732027123839993,3.9499409455720302,holt_winters,LORETO
2018-09-24,3.0989153796171376,4.2957719597269355,holt_winters,LORETO
2018-10-01,2.6990553306342817,4.861716533267412,holt_winters,LORETO
2018-10-08,2.1659085986571402,4.922527697575794,holt_winters,LORETO
2018-10-15,2.0992652571599977,1.2320291192252697,holt_winters,LORETO
2018-10-22,2.4658036353942823,0.5958708601245724,holt_winters,LORETO
2018-10-29,2.6990553306342817,0.34543064799496226,holt_winters,LORETO
2018-11-05,3.6320621115942786,0.19885885788903734,holt_winters,LORETO
2018-11-12,3.9986004898285636,4.069200935314727,holt_winters,LORETO
2018-11-19,5.13153729527999,4.4929788869215805,holt_winters,LORETO
2018-11-26,4.964928941537132,4.6943041566505865,holt_winters,LORETO
2018-12-03,4.731677246297132,4.762612639394048,holt_winters,LORETO
2018-12-10,4.331817197314277,4.369446751000496,holt_winters,LORETO
2018-12-17,3.532097099348565,4.165467394737024,holt_winters,LORETO
2018-12-24,3.6653837823428503,4.005488952215849,holt_winters,LORETO
2018-12-31,3.6320621115942786,4.185380367617237,holt_winters,LORETO
2019-01-07,4.637228953491377,3.87275856743003,holt_winters,LORETO
2019-01-14,5.208238463330429,4.225338210679592,holt_winters,LORETO
2019-01-21,4.826578094033565,4.696736754679247,holt_winters,LORETO
2019-01-28,3.874396021060958,5.094444356662034,holt_winters,LORETO
2019-02-04,3.1192171355999245,3.4469539709644996,holt_winters,LORETO
2019-02-11,3.3490541876967606,2.815796152918651,holt_winters,LORETO
2019-02-18,3.5132235106230723,2.093264614428132,holt_winters,LORETO
2019-02-25,3.546057375208335,1.874801043545008,holt_winters,LORETO
2019-03-04,3.546057375208335,3.6259233086244205,holt_winters,LORETO
2019-03-11,3.6445589689641213,4.0268272926419595,holt_winters,LORETO
2019-03-18,3.6773928335493835,4.391325256897655,holt_winters,LORETO
2019-03-25,3.8415621564756957,5.072676459418447,holt_winters,LORETO
2019-04-01,3.940063750231482,4.276348643247985,holt_winters,LORETO
2019-04-08,4.005731479402007,4.994289340935445,holt_winters,LORETO
2019-04-15,4.071399208572532,5.222981558188799,holt_winters,LORETO
2019-04-22,4.071399208572533,5.336046926541735,holt_winters,LORETO
2019-04-29,3.940063750231483,3.3726828618779083,holt_winters,LORETO
2019-05-06,3.9072298856462204,3.2095344788354003,holt_winters,LORETO
2019-05-13,3.7758944273051713,3.19654938477169,holt_winters,LORETO
2019-05-20,4.169900802328319,3.51409546531416,holt_winters,LORETO
2019-05-27,4.498239448180942,3.721727495287631,holt_winters,LORETO
2019-06-03,5.351919927397763,3.5752823962162763,holt_winters,LORETO
2019-06-10,5.778760167006173,3.171608050856581,holt_winters,LORETO
2019-06-17,5.975763354517746,3.067492744354754,holt_winters,LORETO
2019-06-24,5.483255385738812,5.814508490978554,holt_winters,LORETO
2019-07-01,5.647424708665123,5.305509560524012,holt_winters,LORETO
2019-07-08,6.074264948273534,4.929196687762909,holt_winters,LORETO
2019-07-15,5.942929489932484,4.466148400841986,holt_winters,LORETO
2019-07-22,5.056415146130401,5.970980258541443,holt_winters,LORETO
2019-07-29,4.268402396084106,5.7938464922829835,holt_winters,LORETO
2019-08-05,4.104233073157794,6.023342673227211,holt_winters,LORETO
2019-08-12,4.859411958618828,6.067823547006195,holt_winters,LORETO
2019-08-19,4.531073312766204,5.099743198579713,holt_winters,LORETO
2019-08-26,4.46540558359568,5.310247641594817,holt_winters,LORETO
2019-09-02,3.644558968964122,5.564464951897186,holt_winters,LORETO
2019-09-09,2.955047812673613,5.615890819750367,holt_winters,LORETO
2019-09-16,2.6595430314062525,2.5758588451326023,holt_winters,LORETO
2019-09-23,2.2655366563831048,2.344976645454987,holt_winters,LORETO
2019-09-30,2.6595430314062525,2.433159394324454,holt_winters,LORETO
2019-10-07,2.462539843894678,2.0652044752790175,holt_winters,LORETO
2019-10-14,2.561041437650465,2.068598583644273,holt_winters,LORETO
2019-10-21,2.725210760576777,1.9823054067839003,holt_winters,LORETO
2019-10-28,3.3162203231114984,2.165791132005481,holt_winters,LORETO
2019-11-04,3.3162203231114984,2.623173554488843,holt_winters,LORETO
2019-11-11,3.119217135599925,3.4456532707829286,holt_winters,LORETO
2019-11-18,2.6595430314062525,3.863398646693086,holt_winters,LORETO
2019-11-25,2.3968721147241534,3.818495349704243,holt_winters,LORETO
2019-12-02,2.0685334688715304,3.755756272208562,holt_winters,LORETO
2019-12-09,2.035699604286268,1.5774620251462348,holt_winters,LORETO
2019-12-16,2.5938753022357273,0.9526089536814653,holt_winters,LORETO
2019-12-23,2.4953737084799403,0.5480784897846662,holt_winters,LORETO
2019-12-30,2.3968721147241534,0.37256099673246257,holt_winters,LORETO
2020-01-06,2.0578812410160747,3.00666020711519,holt_winters,LORETO
2020-01-13,2.862552250385645,3.6594904327716313,holt_winters,LORETO
2020-01-20,3.081737074627025,4.158741514842254,holt_winters,LORETO
2020-01-27,3.276373100392942,4.301811398358743,holt_winters,LORETO
2020-02-03,3.1141764122546776,3.045669324600326,holt_winters,LORETO
2020-02-10,3.4385697885312063,2.964633723755032,holt_winters,LORETO
2020-02-17,3.5683271390418176,2.8054019250789493,holt_winters,LORETO
2020-02-24,3.5358878014141646,2.8503802570652894,holt_winters,LORETO
2020-03-02,3.3736911132759,3.494177130575893,holt_winters,LORETO
2020-03-09,2.887101048861108,3.7424811337624475,holt_winters,LORETO
2020-03-16,2.562707672584579,3.8538949734133063,holt_winters,LORETO
2020-03-23,2.530268334956926,4.3517259974204965,holt_winters,LORETO
2020-03-30,2.140996283425092,2.6386763352884235,holt_winters,LORETO
2020-04-06,1.7192848942656054,3.341898750223951,holt_winters,LORETO
2020-04-13,1.1029374793402011,3.638072642016197,holt_winters,LORETO
2020-04-20,1.1029374793402011,3.82227568221116,holt_winters,LORETO
2020-04-27,0.9407407912019368,0.44331824795685226,holt_winters,LORETO
2020-05-04,0.7461047654360197,0.2584580037183254,holt_winters,LORETO
2020-05-11,0.681226090180714,0.17259890517241483,holt_winters,LORETO
2020-05-18,0.7136654278083668,0.6955594291827674,holt_winters,LORETO
2020-05-25,0.7136654278083668,0.2780884542463675,holt_winters,LORETO
2020-06-01,0.7461047654360197,0.0,holt_winters,LORETO
2020-06-08,0.7461047654360197,0.0,holt_winters,LORETO
2020-06-15,0.908301453574284,0.0,holt_winters,LORETO
2020-06-22,0.8434227783189782,0.5200767259723444,holt_winters,LORETO
2020-06-29,0.8434227783189782,0.02732496549361807,holt_winters,LORETO
2020-07-06,0.8434227783189782,0.0,holt_winters,LORETO
2020-07-13,1.2651341674784653,0.0,holt_winters,LORETO
2020-07-20,1.3624521803614238,1.3384596130706994,holt_winters,LORETO
2020-07-27,1.4597701932443823,1.1626749631598734,holt_winters,LORETO
2020-08-03,1.4597701932443823,1.194758456388521,holt_winters,LORETO
2020-08-10,1.9139209200315221,1.3772522861995131,holt_winters,LORETO
2020-08-17,2.335632309191009,1.9621452337036098,holt_winters,LORETO
2020-08-24,2.108556945797439,2.133757733862035,holt_winters,LORETO
2020-08-31,2.043678270542134,2.2441779589875464,holt_winters,LORETO
2020-09-07,1.719284894265605,2.1787197235532596,holt_winters,LORETO
2020-09-14,1.6868455566379523,1.6038310423100286,holt_winters,LORETO
2020-09-21,1.330012842733771,1.585551904757022,holt_winters,LORETO
2020-09-28,1.5895275437549936,1.7806118406055915,holt_winters,LORETO
2020-10-05,1.946360257659175,1.4811719343476413,holt_winters,LORETO
2020-10-12,1.9787995952868276,1.8915473938973217,holt_winters,LORETO
2020-10-19,1.6868455566379523,2.081381862040878,holt_winters,LORETO
2020-10-26,1.4922095308720351,2.3704972494686305,holt_winters,LORETO
2020-11-02,1.2975735051061181,2.761417637755861,holt_winters,LORETO
2020-11-09,0.9731801288295897,1.110934196200092,holt_winters,LORETO
2020-11-16,0.8109834406913254,1.2882824883421509,holt_winters,LORETO
2020-11-23,0.908301453574284,1.1660152233077579,holt_winters,LORETO
2020-11-30,1.0704981417125483,0.9482904157548759,holt_winters,LORETO
2020-12-07,1.135376816967854,0.9273614584045369,holt_winters,LORETO
2020-12-14,1.3624521803614238,0.8571792634153665,holt_winters,LORETO
2020-12-21,1.2651341674784653,0.7511854462222038,holt_winters,LORETO
2020-12-28,1.167816154595507,0.8219750591422184,holt_winters,LORETO
2021-01-04,1.966324031401873,1.5070805590540681,holt_winters,LORETO
2021-01-11,2.671078342149553,2.1347033479019726,holt_winters,LORETO
2021-01-18,3.1178031380527913,2.4165170829839977,holt_winters,LORETO
2021-01-25,2.4749571302068563,2.106492738839104,holt_winters,LORETO
2021-02-01,1.896395723145514,2.060576614756977,holt_winters,LORETO
2021-02-08,1.6071150196148427,1.9239143601975435,holt_winters,LORETO
2021-02-15,1.3499766164764686,1.9357220045079573,holt_winters,LORETO
2021-02-22,1.542830418830249,2.010828766541448,holt_winters,LORETO
2021-03-01,1.4142612172610622,1.3835424764070618,holt_winters,LORETO
2021-03-08,1.2856920156918752,1.3747939289210427,holt_winters,LORETO
2021-03-15,0.867842110592017,1.2953513135289914,holt_winters,LORETO
2021-03-22,0.7071306086305332,1.5147641913972032,holt_winters,LORETO
2021-03-29,0.6107037074536429,0.6432841138835192,holt_winters,LORETO
2021-04-05,0.7714152094151268,0.7476195142604858,holt_winters,LORETO
2021-04-12,0.9964113121612043,0.8528636375526717,holt_winters,LORETO
2021-04-19,1.2214074149072818,0.9810908575643993,holt_winters,LORETO
2021-04-26,1.2214074149072818,1.190370548405867,holt_winters,LORETO
2021-05-03,0.9964113121612043,1.094395509480153,holt_winters,LORETO
2021-05-10,0.899984410984314,1.3817948468665646,holt_winters,LORETO
2021-05-17,1.2214074149072818,2.185989540305369,holt_winters,LORETO
2021-05-24,1.9606803239301076,1.1240729115351598,holt_winters,LORETO
2021-05-31,2.2178187270684817,0.945293524928337,holt_winters,LORETO
2021-06-07,2.410672529422263,0.5243237932497862,holt_winters,LORETO
2021-06-14,2.0571072251069977,0.7637007907001596,holt_winters,LORETO
2021-06-21,1.8321111223609206,1.546303757930798,holt_winters,LORETO
2021-06-28,1.6713996203994366,0.9397715959019731,holt_winters,LORETO
2021-07-05,1.9285380235378107,0.38560624412998423,holt_winters,LORETO
2021-07-12,1.6713996203994366,0.08835724889912566,holt_winters,LORETO
2021-07-19,1.864253422753217,1.63916669149947,holt_winters,LORETO
2021-07-26,1.6392573200071396,1.2693079505675438,holt_winters,LORETO
2021-08-02,2.3785302290299657,1.0627251095755585,holt_winters,LORETO
2021-08-09,2.0249649247147015,1.0122675267642476,holt_winters,LORETO
2021-08-16,1.7678265215763267,2.0141157350797463,holt_winters,LORETO
2021-08-23,1.6392573200071396,1.8688854039809741,holt_winters,LORETO
2021-08-30,1.7035419207917333,1.7648853375829656,holt_winters,LORETO
2021-09-06,1.6392573200071396,1.4904289745945571,holt_winters,LORETO
2021-09-13,1.7678265215763267,1.7235443233610004,holt_winters,LORETO
2021-09-20,1.7999688219686236,1.6730134530171688,holt_winters,LORETO
2021-09-27,1.8642534227532173,1.8990638629338927,holt_winters,LORETO
2021-10-04,1.4464035176533592,1.6891354000656773,holt_winters,LORETO
2021-10-11,1.2856920156918752,1.2563248098653268,holt_winters,LORETO
2021-10-18,1.5749727192225462,1.1499315729350537,holt_winters,LORETO
2021-10-25,1.7678265215763271,1.1701215607941973,holt_winters,LORETO
2021-11-01,2.057107225106998,1.3108683924843687,holt_winters,LORETO
2021-11-08,1.864253422753217,2.1238350406867808,holt_winters,LORETO
2021-11-15,2.0892495254992944,2.5353141583302454,holt_winters,LORETO
2021-11-22,2.2178187270684817,2.469828224524979,holt_winters,LORETO
2021-11-29,2.6678109325606365,2.502304006363687,holt_winters,LORETO
2021-12-06,2.603526331776043,2.7652278153262344,holt_winters,LORETO
2021-12-13,2.5392417309914497,2.869560485728323,holt_winters,LORETO
2021-12-20,2.764237833737527,2.879240198814148,holt_winters,LORETO
2021-12-27,3.9535029482525075,2.863491748070223,holt_winters,LORETO
2022-01-03,5.765865802172864,4.9868999450973295,holt_winters,LORETO
2022-01-10,6.171914912716777,6.114471595432149,holt_winters,LORETO
2022-01-17,5.837968616611992,6.8196609682688605,holt_winters,LORETO
2022-01-24,4.210993756244716,6.854094106020105,holt_winters,LORETO
2022-01-31,3.764373206339974,3.9164246611522233,holt_winters,LORETO
2022-02-07,3.6367673349386194,3.847289431907794,holt_winters,LORETO
2022-02-14,3.349654124285571,3.8283024562812122,holt_winters,LORETO
2022-02-21,3.1582453171835385,3.841850709592837,holt_winters,LORETO
2022-02-28,2.9030335743808284,2.9059079227808104,holt_winters,LORETO
2022-03-07,3.285851188584894,2.714117731429983,holt_winters,LORETO
2022-03-14,4.083387884843361,2.5169829826440315,holt_winters,LORETO
2022-03-21,3.732471738489636,2.565861668479722,holt_winters,LORETO
2022-03-28,3.891979077741329,3.7577470733691003,holt_winters,LORETO
2022-04-04,4.051486416993023,3.712540389462888,holt_winters,LORETO
2022-04-11,4.466205499047427,3.8732603831074406,holt_winters,LORETO
2022-04-18,5.168037791754878,4.057184394964992,holt_winters,LORETO
2022-04-25,4.721417241850136,5.565440956314362,holt_winters,LORETO
2022-05-02,4.753318709700475,5.794365293479732,holt_winters,LORETO
2022-05-09,4.306698159795733,6.262563523754783,holt_winters,LORETO
2022-05-16,5.263742195305895,7.121296004894957,holt_winters,LORETO
2022-05-23,5.965574488013348,5.552899834209283,holt_winters,LORETO
2022-05-30,6.220786230816056,5.88831038144277,holt_winters,LORETO
2022-06-06,5.678461277360299,6.050091643572941,holt_winters,LORETO
2022-06-13,5.933673020163009,6.370276174005122,holt_winters,LORETO
2022-06-20,5.869870084462331,5.568272050139028,holt_winters,LORETO
2022-06-27,5.550855405958944,4.969020780021882,holt_winters,LORETO
2022-07-04,5.008530452503185,4.696257992625166,holt_winters,LORETO
2022-07-11,5.104234856054201,4.512096318165364,holt_winters,LORETO
2022-07-18,5.13613632390454,5.02837775010243,holt_winters,LORETO
2022-07-25,4.306698159795733,4.648540569695902,holt_winters,LORETO
2022-08-01,3.445358527836587,4.663385364155813,holt_winters,LORETO
2022-08-08,2.87113210653049,4.595916431571376,holt_winters,LORETO
2022-08-15,2.4883144923264258,2.3857581054077963,holt_winters,LORETO
2022-08-22,3.158245317183539,1.8692010832257457,holt_winters,LORETO
2022-08-29,3.222048252884216,1.4998926912666897,holt_winters,LORETO
2022-09-05,3.8919790777413295,0.9966248835802904,holt_winters,LORETO
2022-09-12,3.349654124285571,4.220272964885193,holt_winters,LORETO
2022-09-19,2.9030335743808284,4.286150574434975,holt_winters,LORETO
2022-09-26,2.36070862092507,4.573165531369465,holt_winters,LORETO
2022-10-03,2.2331027495237152,4.527856424357737,holt_winters,LORETO
2022-10-10,2.5840188958774415,2.1296646260831693,holt_winters,LORETO
2022-10-17,2.6797232994284577,2.196577959919791,holt_winters,LORETO
2022-10-24,2.4564130244760864,2.2773501371608913,holt_winters,LORETO
2022-10-31,2.009792474571344,2.538284787454319,holt_winters,LORETO
2022-11-07,2.169299813823038,1.6426850028406552,holt_winters,LORETO
2022-11-14,2.201201281673377,1.6732193246414335,holt_winters,LORETO
2022-11-21,2.4564130244760864,1.3589167762424277,holt_winters,LORETO
2022-11-28,2.296905685224393,1.217008977487395,holt_winters,LORETO
2022-12-05,2.743526235129135,2.162028469544505,holt_winters,LORETO
2022-12-12,3.0944423814828608,2.1907077829887447,holt_winters,LORETO
2022-12-19,3.4134570599862486,2.1949452760950043,holt_winters,LORETO
2022-12-26,2.711624767278796,2.247900717398944,holt_winters,LORETO
2023-01-02,2.7362350951302012,3.435048298777963,holt_winters,LORETO
2023-01-09,2.9827379762675172,3.848325576738585,holt_winters,LORETO
2023-01-16,4.057463831513819,3.828066298522839,holt_winters,LORETO
2023-01-23,3.8672702144116085,3.1925024676180493,holt_winters,LORETO
2023-01-30,3.6770765973093984,3.536879328814417,holt_winters,LORETO
2023-02-06,3.51858191639089,3.7013384016364292,holt_winters,LORETO
2023-02-13,4.057463831513818,3.7332880087814377,holt_winters,LORETO
2023-02-20,4.532947874269343,3.7382905249082743,holt_winters,LORETO
2023-02-27,4.84993723610636,4.556872861844313,holt_winters,LORETO
2023-03-06,4.3110553209834315,4.6080810451235,holt_winters,LORETO
2023-03-13,3.32838829928868,4.723607700306819,holt_winters,LORETO
2023-03-20,3.233291490737575,4.7334652944928814,holt_winters,LORETO
2023-03-27,3.8672702144116085,3.1203334091711645,holt_winters,LORETO
2023-04-03,4.215958512432327,3.0038823537704213,holt_winters,LORETO
2023-04-10,4.469550001901941,3.0048542057107572,holt_winters,LORETO
2023-04-17,4.723141491371554,3.1527073855716954,holt_winters,LORETO
2023-04-24,6.244690428189235,4.60288703464169,holt_winters,LORETO
2023-05-01,6.466582981475145,4.5379389517248905,holt_winters,LORETO
2023-05-08,7.576045747904704,4.454152954846582,holt_winters,LORETO
2023-05-15,9.95346596168233,5.0990904963385635,holt_winters,LORETO
2023-05-22,11.665208515602218,11.155444028191631,holt_winters,LORETO
2023-05-29,13.059961707685092,12.10432642601717,holt_winters,LORETO
2023-06-05,11.221423409030395,12.537398073735995,holt_winters,LORETO
2023-06-12,11.633509579418517,13.260483866993129,holt_winters,LORETO
2023-06-19,10.333853195886748,11.465477707507269,holt_winters,LORETO
2023-06-26,9.731573408396416,11.361538469235557,holt_winters,LORETO
2023-07-03,9.097594684722383,11.361962629800773,holt_winters,LORETO
2023-07-10,10.080261706417135,11.447456207745383,holt_winters,LORETO
2023-07-17,10.016863834049731,9.952089551412898,holt_winters,LORETO
2023-07-24,8.907401067620173,9.50988848822101,holt_winters,LORETO
2023-07-31,6.942067024230671,9.441169701539938,holt_winters,LORETO
2023-08-07,6.783572343312162,9.466104733945862,holt_winters,LORETO
2023-08-14,6.18129255582183,6.333630351418073,holt_winters,LORETO
2023-08-21,6.339787236740339,6.090026447390886,holt_winters,LORETO
2023-08-28,6.434884045291444,5.805401309776755,holt_winters,LORETO
2023-09-04,6.878669151863267,5.554918519564975,holt_winters,LORETO
2023-09-11,7.037163832781775,6.777685213233574,holt_winters,LORETO
2023-09-18,6.2763893643729345,6.550122791013632,holt_winters,LORETO
2023-09-25,5.674109576882603,6.607060011618657,holt_winters,LORETO
2023-10-02,4.84993723610636,6.500867223906256,holt_winters,LORETO
2023-10-09,4.3110553209834315,4.7181673839998775,holt_winters,LORETO
2023-10-16,3.9306680867790114,4.573007602758996,holt_winters,LORETO
2023-10-23,3.6136787249419946,4.477479607227074,holt_winters,LORETO
2023-10-30,3.360087235472381,4.421952367865656,holt_winters,LORETO
2023-11-06,2.9480010650842594,3.055426432933147,holt_winters,LORETO
2023-11-13,2.662710639430944,2.9986832189170913,holt_winters,LORETO
2023-11-20,2.884603192716856,2.84358030620492,holt_winters,LORETO
2023-11-27,2.7261085117983477,2.692221900424472,holt_winters,LORETO
2023-12-04,2.3774202137776292,2.761870606523015,holt_winters,LORETO
2023-12-11,1.9653340433895075,2.870689894877412,holt_winters,LORETO
2023-12-18,2.3774202137776292,3.009786254068184,holt_winters,LORETO
2023-12-25,2.789506384165751,3.0949661567808553,holt_winters,LORETO
2004-12-27,4.32430222469625,7.107558038143556,arima,LORETO
2005-01-03,4.872046018524684,7.063584030671394,arima,LORETO
2005-01-10,5.680994753775256,6.942130647839663,arima,LORETO
2005-01-17,7.845183231403923,6.949629961985515,arima,LORETO
2005-01-24,8.231645459551899,8.623335227309461,arima,LORETO
2005-01-31,7.420074780441149,9.595146850723237,arima,LORETO
2005-02-07,7.6905983401447315,9.759553374951357,arima,LORETO
2005-02-14,7.6905983401447315,10.24540306684658,arima,LORETO
2005-02-21,8.077060568292708,7.645732101770878,arima,LORETO
2005-02-28,7.342782334811552,7.657342908651525,arima,LORETO
2005-03-07,6.994966329478374,7.630310466479639,arima,LORETO
2005-03-14,5.8355796450344455,7.643524179902359,arima,LORETO
2005-03-21,6.337980541626815,5.339279168919689,arima,LORETO
2005-03-28,7.381428557626351,4.833285052323431,arima,LORETO
2005-04-04,7.729244562959529,4.685925392069957,arima,LORETO
2005-04-11,7.961121899848315,4.4487599471919586,arima,LORETO
2005-04-18,6.724442769774792,8.148130155166298,arima,LORETO
2005-04-25,6.608504101330399,8.227355722665868,arima,LORETO
2005-05-02,7.110904997922767,8.308730750819782,arima,LORETO
2005-05-09,7.845183231403922,8.331532112343817,arima,LORETO
2005-05-16,8.695400133329471,8.190939455926506,arima,LORETO
2005-05-23,9.661555703699413,8.499752952430208,arima,LORETO
2005-05-30,11.941682849772471,8.606908367139567,arima,LORETO
2005-06-06,15.226611789030272,8.746810346448626,arima,LORETO
2005-06-13,18.009139831695702,17.14462318285204,arima,LORETO
2005-06-20,17.04298426132576,18.45791032674694,arima,LORETO
2005-06-27,15.844951354067033,19.17698662582061,arima,LORETO
2005-07-04,16.347352250659405,19.713806999197185,arima,LORETO
2005-07-11,17.429446489473737,16.56560227491337,arima,LORETO
2005-07-18,16.347352250659405,16.661636948272392,arima,LORETO
2005-07-25,13.062423311401604,16.70277085526394,arima,LORETO
2005-08-01,11.323343284735712,16.721407580143293,arima,LORETO
2005-08-08,11.671159290068891,10.400867204873888,arima,LORETO
2005-08-15,11.5165743988097,9.903974714063665,arima,LORETO
2005-08-22,11.903036626957677,9.630524337148838,arima,LORETO
2005-08-29,11.671159290068891,9.475667439760786,arima,LORETO
2005-09-05,12.28949885510565,11.341365061756793,arima,LORETO
2005-09-12,11.36198950755051,11.005193695626833,arima,LORETO
2005-09-19,9.584263258069816,10.699639452566386,arima,LORETO
2005-09-26,9.622909480884614,10.436379585028574,arima,LORETO
2005-10-03,10.782296165328544,9.602789955857428,arima,LORETO
2005-10-10,11.671159290068891,9.561387799830548,arima,LORETO
2005-10-17,10.936881056587735,9.515677407875707,arima,LORETO
2005-10-24,11.052819725032128,9.472814626321874,arima,LORETO
2005-10-31,11.323343284735712,10.9280993881276,arima,LORETO
2005-11-07,10.85958861095814,10.720892533027644,arima,LORETO
2005-11-14,8.695400133329471,10.50178224186819,arima,LORETO
2005-11-21,7.033612552293172,10.299786684007877,arima,LORETO
2005-11-28,5.44911741688647,6.584233419001317,arima,LORETO
2005-12-05,5.410471194071672,6.667028407051054,arima,LORETO
2005-12-12,5.642348530960458,6.955550173939361,arima,LORETO
2005-12-19,5.2172400799976835,7.298077187103488,arima,LORETO
2005-12-26,4.019207172738956,5.433067059363811,arima,LORETO
2006-01-02,2.8488825596688794,5.88673850241715,arima,LORETO
2006-01-09,3.208965077600851,6.39215743399642,arima,LORETO
2006-01-16,5.3203941347975094,6.869082331859157,arima,LORETO
2006-01-23,6.574487037999778,6.3085528706539336,arima,LORETO
2006-01-30,6.688495483745439,6.531372150262172,arima,LORETO
2006-02-06,4.256315307838007,6.385072992031811,arima,LORETO
2006-02-13,3.9902956010981327,6.146572473214749,arima,LORETO
2006-02-20,4.446329384080776,4.097635317419229,arima,LORETO
2006-02-27,4.370323753583668,4.309315117661512,arima,LORETO
2006-03-06,4.978368797560526,4.483787581531912,arima,LORETO
2006-03-13,4.066301231595239,4.580221658430133,arima,LORETO
2006-03-20,5.092377243306188,3.654930536423051,arima,LORETO
2006-03-27,4.636343460323544,3.586670641333007,arima,LORETO
2006-04-03,5.928439178774366,3.674329893918879,arima,LORETO
2006-04-10,6.3084673312599024,3.788844987299776,arima,LORETO
2006-04-17,7.676568680207833,6.282761211633943,arima,LORETO
2006-04-24,8.968664398658655,6.1147441691296125,arima,LORETO
2006-05-01,11.172827683074765,5.952379663450967,arima,LORETO
2006-05-08,13.22497970649666,5.848866512499254,arima,LORETO
2006-05-15,16.455219002623718,13.562574122892382,arima,LORETO
2006-05-22,22.839691964380723,13.15480313896657,arima,LORETO
2006-05-29,27.628046685698482,12.609009785057282,arima,LORETO
2006-06-05,32.606415483259006,12.19540725245096,arima,LORETO
2006-06-12,30.858285981825542,35.20400223834841,arima,LORETO
2006-06-19,28.312097360172448,36.95513449684873,arima,LORETO
2006-06-26,22.38365818139808,37.752738476094564,arima,LORETO
2006-07-03,18.089340058311524,38.40274924871464,arima,LORETO
2006-07-10,16.189199295883842,15.0494544080717,arima,LORETO
2006-07-17,13.719016304727859,13.70711802658528,arima,LORETO
2006-07-24,13.072968445502449,12.530936080652024,arima,LORETO
2006-07-31,11.742869911803071,12.174412769863672,arima,LORETO
2006-08-07,11.134824867826213,11.135203717324114,arima,LORETO
2006-08-14,10.07074604086671,10.653928310792567,arima,LORETO
2006-08-21,9.006667213907212,10.487124258883824,arima,LORETO
2006-08-28,9.158678474901427,10.299152836019212,arima,LORETO
2006-09-04,8.018594017444817,9.213271503834102,arima,LORETO
2006-09-11,6.270464516011351,9.272245488859186,arima,LORETO
2006-09-18,4.598340645074992,9.283136750151026,arima,LORETO
2006-09-25,3.990295601098134,9.308705045768487,arima,LORETO
2006-10-02,4.256315307838009,3.5417201486133427,arima,LORETO
2006-10-09,4.674346275572099,3.361069361735341,arima,LORETO
2006-10-16,5.776427917780154,3.18997843241438,arima,LORETO
2006-10-23,5.396399765294618,3.1458242665248046,arima,LORETO
2006-10-30,6.118453255017137,5.353864697028564,arima,LORETO
2006-11-06,6.004444809271476,5.18290724473256,arima,LORETO
2006-11-13,6.536484222751227,5.206550414835744,arima,LORETO
2006-11-20,5.852433548277261,5.118633724627893,arima,LORETO
2006-11-27,5.852433548277261,5.753182014474028,arima,LORETO
2006-12-04,5.586413841537386,5.448405993098946,arima,LORETO
2006-12-11,5.586413841537386,5.47878053103298,arima,LORETO
2006-12-18,5.054374428057636,5.323825624968539,arima,LORETO
2006-12-25,4.560337829826438,4.932925120246945,arima,LORETO
2007-01-01,4.977161888166406,4.70475990718887,arima,LORETO
2007-01-08,6.372101117662692,4.701923224266544,arima,LORETO
2007-01-15,8.22369650672325,4.591974979763343,arima,LORETO
2007-01-22,8.298457384057096,9.275290134762308,arima,LORETO
2007-01-29,6.95276159204784,9.92285958683414,arima,LORETO
2007-02-05,6.018250625374743,10.278526010540755,arima,LORETO
2007-02-12,6.317294134710134,10.507919998530188,arima,LORETO
2007-02-19,8.22369650672325,6.408220637234796,arima,LORETO
2007-02-26,8.261076945390174,6.52986228825117,arima,LORETO
2007-03-05,9.046066157395577,6.542714988717568,arima,LORETO
2007-03-12,7.476087733384773,6.598391359162605,arima,LORETO
2007-03-19,8.560120454725565,6.9953899236594745,arima,LORETO
2007-03-26,8.186316068056327,6.37063717386281,arima,LORETO
2007-04-02,8.971305280061728,6.295642864144599,arima,LORETO
2007-04-09,10.16747931740329,6.018712064788562,arima,LORETO
2007-04-16,11.13937072274331,11.063106323948682,arima,LORETO
2007-04-23,12.671968708087187,11.421442072123087,arima,LORETO
2007-04-30,11.774838180081014,11.756167086016813,arima,LORETO
2007-05-07,12.671968708087187,11.849383479629909,arima,LORETO
2007-05-14,13.232675288091045,12.84661648161511,arima,LORETO
2007-05-21,14.989555905436466,13.211361678161083,arima,LORETO
2007-05-28,15.699784240108018,13.222125716607081,arima,LORETO
2007-06-04,14.989555905436466,13.38139226953055,arima,LORETO
2007-06-11,16.821197400115732,14.578323159259778,arima,LORETO
2007-06-18,12.971012217422578,14.341974471134446,arima,LORETO
2007-06-25,10.279620633404063,14.204842209934483,arima,LORETO
2007-07-02,7.775131242720164,14.12623588937449,arima,LORETO
2007-07-09,8.821783525394032,6.663349976290078,arima,LORETO
2007-07-16,11.513175109412549,5.779327044439986,arima,LORETO
2007-07-23,10.503903265405604,5.436970327013318,arima,LORETO
2007-07-30,11.4384142320787,5.118510653522007,arima,LORETO
2007-08-06,10.915088090741767,11.641374762059128,arima,LORETO
2007-08-13,11.251512038744082,11.959475786882313,arima,LORETO
2007-08-20,10.802946774740995,11.99303316191451,arima,LORETO
2007-08-27,9.49463142139866,12.105919141101628,arima,LORETO
2007-09-03,7.849892120054011,8.785487765195919,arima,LORETO
2007-09-10,6.429435450710906,8.394061284011583,arima,LORETO
2007-09-17,6.541576766711677,8.182741516053802,arima,LORETO
2007-09-24,7.363946417384002,8.06553201683587,arima,LORETO
2007-10-01,6.765859398713221,7.790117522148228,arima,LORETO
2007-10-08,7.849892120054012,8.042059559126667,arima,LORETO
2007-10-15,7.401326856050925,8.168966737258678,arima,LORETO
2007-10-22,10.279620633404061,8.24658166431118,arima,LORETO
2007-10-29,9.56939229873251,11.34888246255544,arima,LORETO
2007-11-05,9.345109666730965,12.293866610808765,arima,LORETO
2007-11-12,6.27991369604321,12.575305767688372,arima,LORETO
2007-11-19,5.569685361371657,12.894404515595419,arima,LORETO
2007-11-26,4.784696149366256,4.676904323869006,arima,LORETO
2007-12-03,5.420163606703962,4.539716559007923,arima,LORETO
2007-12-10,6.055631064041667,4.210013611019882,arima,LORETO
2007-12-17,7.363946417384002,4.208617846942767,arima,LORETO
2007-12-24,9.756294492067129,7.861969055588785,arima,LORETO
2007-12-31,9.419870544064814,8.302356431630514,arima,LORETO
2008-01-07,12.499962118332428,8.429332340957096,arima,LORETO
2008-01-14,14.19697746192386,8.584161702779552,arima,LORETO
2008-01-21,15.801681861445529,15.518494924735831,arima,LORETO
2008-01-28,13.248248492734191,16.002695256012547,arima,LORETO
2008-02-04,10.287746036257277,16.45330503471753,arima,LORETO
2008-02-11,8.178388036017479,16.581532205196968,arima,LORETO
2008-02-18,7.290237299074403,7.146473999641895,arima,LORETO
2008-02-25,6.365080281425368,6.460182694201137,arima,LORETO
2008-03-03,8.067369193899593,6.1507406616282845,arima,LORETO
2008-03-10,8.141381755311516,5.923641308423506,arima,LORETO
2008-03-17,8.51144456237113,8.543811877797149,arima,LORETO
2008-03-24,7.845331509663825,8.507394123415594,arima,LORETO
2008-03-31,7.290237299074403,8.672514849878107,arima,LORETO
2008-04-07,7.216224737662482,8.631156083201839,arima,LORETO
2008-04-14,7.179218456956519,7.215054020976544,arima,LORETO
2008-04-21,7.5862875447220945,7.185613293466381,arima,LORETO
2008-04-28,7.438262421898249,7.190056419315219,arima,LORETO
2008-05-05,5.661960948012101,7.177526493887481,arima,LORETO
2008-05-12,3.9596720355378765,4.878257999420071,arima,LORETO
2008-05-19,3.7006280705961463,4.296594191190976,arima,LORETO
2008-05-26,3.848653193419992,4.077595288491087,arima,LORETO
2008-06-02,4.736803930363066,3.881121932702332,arima,LORETO
2008-06-09,4.181709719773646,5.1039141106611465,arima,LORETO
2008-06-16,3.922665754831915,5.39739021693625,arima,LORETO
2008-06-23,2.775471052947111,5.495793393665354,arima,LORETO
2008-06-30,2.2203768423576897,5.596469067976353,arima,LORETO
2008-07-07,3.6266155091842234,1.7638632402841603,arima,LORETO
2008-07-14,5.550942105894218,1.612095817120116,arima,LORETO
2008-07-21,8.844501088724783,1.4522864851410668,arima,LORETO
2008-07-28,8.992526211548629,1.416267080904568,arima,LORETO
2008-08-04,7.068199614838636,9.52809453471251,arima,LORETO
2008-08-11,3.700628070596147,9.506306711688914,arima,LORETO
2008-08-18,1.7763014738861533,9.725502947480283,arima,LORETO
2008-08-25,2.5904396494173043,9.683382618710851,arima,LORETO
2008-09-01,5.032854176010758,2.8632840078345057,arima,LORETO
2008-09-08,5.809986070835948,3.144704942025978,arima,LORETO
2008-09-15,6.439092842837293,3.209638662039494,arima,LORETO
2008-09-22,4.588778807539221,3.311460073922351,arima,LORETO
2008-09-29,4.070690877655761,3.968166815182935,arima,LORETO
2008-10-06,4.255722281185569,3.3203627150083506,arima,LORETO
2008-10-13,6.180048877895562,3.1807351765650926,arima,LORETO
2008-10-20,7.549281264016134,2.940220605040859,arima,LORETO
2008-10-27,7.216224737662482,8.445364012311103,arima,LORETO
2008-11-03,7.956350351781709,8.847393057080595,arima,LORETO
2008-11-10,8.178388036017479,9.139616862076712,arima,LORETO
2008-11-17,8.69647596590094,9.253060972900366,arima,LORETO
2008-11-24,7.327243579780365,8.866144286473093,arima,LORETO
2008-12-01,6.994187053426713,9.04135135455402,arima,LORETO
2008-12-08,7.253231018368442,9.081421148176279,arima,LORETO
2008-12-15,6.587117965661137,9.143176749362825,arima,LORETO
2008-12-22,5.217885579540565,6.286442330350059,arima,LORETO
2008-12-29,6.587117965661136,6.0772305709524765,arima,LORETO
2009-01-05,6.860794495436417,5.992249091876062,arima,LORETO
2009-01-12,8.245759793072788,5.925323929091158,arima,LORETO
2009-01-19,5.49592477178173,8.7412291640787,arima,LORETO
2009-01-26,4.689855805253743,9.203303430683649,arima,LORETO
2009-02-02,4.2501818235112045,9.32953499953349,arima,LORETO
2009-02-09,5.569203768738819,9.489060320600613,arima,LORETO
2009-02-16,6.448551732223894,5.948323386045509,arima,LORETO
2009-02-23,8.24388715767259,6.401208333760114,arima,LORETO
2009-03-02,10.149141078556921,6.4753246566105584,arima,LORETO
2009-03-09,12.164313494876888,6.639958377127803,arima,LORETO
2009-03-16,13.629893434018678,13.148472954403323,arima,LORETO
2009-03-23,13.886369923368493,13.806918741951911,arima,LORETO
2009-03-30,12.970382461404874,14.101436790894669,arima,LORETO
2009-04-06,10.845291549649275,14.320695333383265,arima,LORETO
2009-04-13,13.373416944668866,9.78848434268347,arima,LORETO
2009-04-20,14.399322902068121,9.09544619514577,arima,LORETO
2009-04-27,18.209830743836786,8.775522996228652,arima,LORETO
2009-05-04,17.58695926970152,8.545858436757264,arima,LORETO
2009-05-11,20.188363661678206,18.07761043038437,arima,LORETO
2009-05-18,19.968526670806934,17.739541255462754,arima,LORETO
2009-05-25,20.15172416319966,17.997566285113685,arima,LORETO
2009-06-01,17.147285287958983,17.815491934316018,arima,LORETO
2009-06-08,14.509241397503756,16.350984421588144,arima,LORETO
2009-06-15,11.651360516177258,15.189161121388485,arima,LORETO
2009-06-22,11.761279011612894,15.069475604321575,arima,LORETO
2009-06-29,11.248326032913267,14.582924570929036,arima,LORETO
2009-07-06,9.672827598335838,11.401314039777455,arima,LORETO
2009-07-13,7.694294680494418,11.143250783412737,arima,LORETO
2009-07-20,6.228714741352626,11.261822534789989,arima,LORETO
2009-07-27,5.862319756567177,11.123844536849228,arima,LORETO
2009-08-03,6.2653542398311695,5.608706591846247,arima,LORETO
2009-08-10,6.595109726138074,5.493581418298495,arima,LORETO
2009-08-17,6.5218307291809845,5.402698554877321,arima,LORETO
2009-08-24,6.9615047109235215,5.368599191841699,arima,LORETO
2009-08-31,6.301993738309715,7.119599639924918,arima,LORETO
2009-09-07,5.825680258088632,7.285162122832525,arima,LORETO
2009-09-14,4.763134802210833,7.324170183146507,arima,LORETO
2009-09-21,5.312727279389005,7.390388504252514,arima,LORETO
2009-09-28,5.605843267217363,5.314737632331997,arima,LORETO
2009-10-05,7.254620698751881,5.5584809383895815,arima,LORETO
2009-10-12,7.511097188101694,5.513146064744856,arima,LORETO
2009-10-19,7.511097188101695,5.630013012370692,arima,LORETO
2009-10-26,6.118796245916992,7.333098796601134,arima,LORETO
2009-11-02,6.045517248959901,7.3671389550324005,arima,LORETO
2009-11-09,6.558470227659529,7.281429788545429,arima,LORETO
2009-11-16,5.825680258088632,7.312966662765764,arima,LORETO
2009-11-23,5.569203768738819,5.51442223224601,arima,LORETO
2009-11-30,4.799774300689378,5.25024502162402,arima,LORETO
2009-12-07,5.202808783953371,5.163991247312887,arima,LORETO
2009-12-14,4.506658312861019,5.063647336545164,arima,LORETO
2009-12-21,3.993705334161391,4.402481216475109,arima,LORETO
2009-12-28,2.125090911755605,4.111033038612749,arima,LORETO
2010-01-04,2.584503992517721,4.119444576149859,arima,LORETO
2010-01-11,3.627991551133281,3.987615859184609,arima,LORETO
2010-01-18,5.0429082560752585,4.395633101436636,arima,LORETO
2010-01-25,5.224307833631922,4.717517710571463,arima,LORETO
2010-02-01,4.970348425052593,5.001098417197771,arima,LORETO
2010-02-08,6.022465974881243,5.091375824861962,arima,LORETO
2010-02-15,6.022465974881243,6.485874157102893,arima,LORETO
2010-02-22,6.276425383460572,6.869243741574737,arima,LORETO
2010-03-01,6.1675856369265745,7.0039871645467935,arima,LORETO
2010-03-08,5.623386904256583,7.150170598079049,arima,LORETO
2010-03-15,5.804786481813246,5.303444041533293,arima,LORETO
2010-03-22,6.1675856369265745,5.119425050535527,arima,LORETO
2010-03-29,7.945301496981879,5.010461494525431,arima,LORETO
2010-04-05,9.577897694991854,4.948383641292309,arima,LORETO
2010-04-12,11.355613555047158,10.596632315067364,arima,LORETO
2010-04-19,14.258006795953778,11.145583330527456,arima,LORETO
2010-04-26,18.430197079757047,11.504304056447955,arima,LORETO
2010-05-03,20.969791165550337,11.685868467298496,arima,LORETO
2010-05-10,20.53443217941435,22.684054642551512,arima,LORETO
2010-05-17,20.498152263903012,23.592309147462394,arima,LORETO
2010-05-24,16.507361557656413,24.24653792783798,arima,LORETO
2010-05-31,14.947325190669103,24.564562808444204,arima,LORETO
2010-06-07,10.847694737888501,13.370563947873462,arima,LORETO
2010-06-14,10.70257507584317,12.915735639384957,arima,LORETO
2010-06-21,8.562060060674535,12.262294595241059,arima,LORETO
2010-06-28,5.986186059369909,12.162647555362247,arima,LORETO
2010-07-05,5.151748002609256,4.039941585693493,arima,LORETO
2010-07-12,5.6596668197679145,3.086188408058436,arima,LORETO
2010-07-19,6.7843442006192305,2.2885660645434918,arima,LORETO
2010-07-26,6.348985214483238,1.9468984822100173,arima,LORETO
2010-08-02,5.6596668197679145,6.334292704067764,arima,LORETO
2010-08-09,5.6596668197679145,6.130154554387587,arima,LORETO
2010-08-16,6.3127052989719035,6.154463275173366,arima,LORETO
2010-08-23,6.5303847920399,6.053964156066193,arima,LORETO
2010-08-30,5.804786481813245,6.760998944280587,arima,LORETO
2010-09-06,5.33314758016592,6.829352023686216,arima,LORETO
2010-09-13,5.768506566301913,6.928894129032014,arima,LORETO
2010-09-20,5.405707411188586,6.946175448842151,arima,LORETO
2010-09-27,4.4624296078939345,5.3771065431313145,arima,LORETO
2010-10-04,4.426149692382602,5.208087252408582,arima,LORETO
2010-10-11,5.841066397324578,5.220261230608926,arima,LORETO
2010-10-18,6.494104876528568,5.137620531240546,arima,LORETO
2010-10-25,5.695946735279247,7.070081620566421,arima,LORETO
2010-11-01,4.93406850954126,7.2952881834576395,arima,LORETO
2010-11-08,5.006628340563926,7.53667368059663,arima,LORETO
2010-11-15,4.752668931984596,7.607874646509395,arima,LORETO
2010-11-22,4.244750114825938,4.710842085715438,arima,LORETO
2010-11-29,3.7368312976672784,4.597288558826874,arima,LORETO
2010-12-06,3.809391128689944,4.595166724263708,arima,LORETO
2010-12-13,3.845671044201277,4.5418159439187935,arima,LORETO
2010-12-20,3.555431720110615,3.9255528526982855,arima,LORETO
2010-12-27,3.265192396019953,3.930359953607411,arima,LORETO
2011-01-03,3.8622078860888145,3.967363471574775,arima,LORETO
2011-01-10,4.968199857974753,3.963920574329873,arima,LORETO
2011-01-17,4.454992717524006,5.590913099377799,arima,LORETO
2011-01-24,3.5927360625193607,6.02661552338583,arima,LORETO
2011-01-31,2.694552046889522,6.259377888624814,arima,LORETO
2011-02-07,4.167573832522458,6.432873699022036,arima,LORETO
2011-02-14,4.454992717524006,4.591839629463411,arima,LORETO
2011-02-21,5.173539930027878,5.236006284381452,arima,LORETO
2011-02-28,4.957975766276716,5.338874790308148,arima,LORETO
2011-03-07,5.137612569402684,5.633667538171336,arima,LORETO
2011-03-14,7.868091976917394,4.996188622936951,arima,LORETO
2011-03-21,8.550711828796073,5.104597440959725,arima,LORETO
2011-03-28,10.203370417554975,5.019707471567868,arima,LORETO
2011-04-04,11.245263875685588,5.08505948207519,arima,LORETO
2011-04-11,13.329050791946814,12.165091192434057,arima,LORETO
2011-04-18,13.400905513197202,12.522628417503867,arima,LORETO
2011-04-25,11.281191236310782,12.906660691495595,arima,LORETO
2011-05-02,9.880024171928234,13.019065233958923,arima,LORETO
2011-05-09,10.490789302556523,8.955563255345723,arima,LORETO
2011-05-16,11.604537481937525,8.437440848808311,arima,LORETO
2011-05-23,11.85602900631388,8.080472289962529,arima,LORETO
2011-05-30,11.784174285063493,7.891371996337588,arima,LORETO
2011-06-06,10.56264402380691,11.739058984068553,arima,LORETO
2011-06-13,10.706353466307684,11.716124347623005,arima,LORETO
2011-06-20,11.137481793810005,11.7006735333513,arima,LORETO
2011-06-27,11.029699711934427,11.693558061425295,arima,LORETO
2011-07-04,12.251229973191009,10.98249626357008,arima,LORETO
2011-07-11,11.7482469244383,10.950192501014875,arima,LORETO
2011-07-18,11.96381108818946,10.93893576450919,arima,LORETO
2011-07-25,10.490789302556523,10.928535400336672,arima,LORETO
2011-08-01,8.874058074422814,10.220395403696664,arima,LORETO
2011-08-08,7.904019337542587,9.694704278470695,arima,LORETO
2011-08-15,6.3232154700340715,9.720320818769256,arima,LORETO
2011-08-22,6.071723945657716,9.501388551754124,arima,LORETO
2011-08-29,6.107651306282911,5.73375653970273,arima,LORETO
2011-09-05,6.574706994410427,5.716101855187958,arima,LORETO
2011-09-12,5.640595618155395,5.583916187130416,arima,LORETO
2011-09-19,4.4190653568988125,5.609625331813793,arima,LORETO
2011-09-26,4.275355914398038,3.7509393610144692,arima,LORETO
2011-10-03,4.526847438774394,3.4298637879423257,arima,LORETO
2011-10-10,5.281322011903458,3.243007442429689,arima,LORETO
2011-10-17,4.7424116025255545,3.161462328341039,arima,LORETO
2011-10-24,4.634629520649974,4.708810424780647,arima,LORETO
2011-10-31,5.281322011903458,4.503654162549085,arima,LORETO
2011-11-07,5.317249372528651,4.54236660963968,arima,LORETO
2011-11-14,5.71245033940578,4.451202906599764,arima,LORETO
2011-11-21,5.460958815029426,5.798196161089626,arima,LORETO
2011-11-28,8.155510861918943,5.932542131385969,arima,LORETO
2011-12-05,8.981840156298395,5.932472402214203,arima,LORETO
2011-12-12,7.580673091915845,5.985518483276936,arima,LORETO
2011-12-19,5.209467290653071,6.951330116392117,arima,LORETO
2011-12-26,5.137612569402684,6.573795367215894,arima,LORETO
2012-01-02,5.875490238553965,6.42862356337236,arima,LORETO
2012-01-09,5.9286734428293455,6.3206231869452365,arima,LORETO
2012-01-16,5.977707421110278,5.974497303849336,arima,LORETO
2012-01-23,6.048870604694923,5.983003887276729,arima,LORETO
2012-01-30,6.191196971864216,5.998517385195794,arima,LORETO
2012-02-06,5.835381053940986,5.9977157561487395,arima,LORETO
2012-02-13,5.728636278564017,5.747309427315581,arima,LORETO
2012-02-20,5.337238768848462,5.632808194448295,arima,LORETO
2012-02-27,5.266075585263817,5.628690210087248,arima,LORETO
2012-03-05,5.337238768848462,5.585514138893526,arima,LORETO
2012-03-12,5.657473094979371,5.40219337773169,arima,LORETO
2012-03-19,5.728636278564017,5.412817938397651,arima,LORETO
2012-03-26,6.262360155448863,5.435374235959776,arima,LORETO
2012-04-02,7.899113377895723,5.433562713897595,arima,LORETO
2012-04-09,9.393540233173292,8.556325614569591,arima,LORETO
2012-04-16,10.99471186382783,9.023704770617805,arima,LORETO
2012-04-23,11.386109373543382,9.157244295707443,arima,LORETO
2012-04-30,10.959130272035507,9.30510448159203,arima,LORETO
2012-05-07,10.78122231307389,10.752382438912788,arima,LORETO
2012-05-14,10.460987986942984,10.636958575753972,arima,LORETO
2012-05-21,11.279364598166415,10.58525199644303,arima,LORETO
2012-05-28,11.955414842220554,10.552907349127462,arima,LORETO
2012-06-04,11.741925291466613,12.407591670278649,arima,LORETO
2012-06-11,10.460987986942984,12.583782123171568,arima,LORETO
2012-06-18,8.930979539873093,12.734375777394296,arima,LORETO
2012-06-25,7.7567870107264305,12.771799198471522,arima,LORETO
2012-07-02,7.116318358464617,7.163603584446848,arima,LORETO
2012-07-09,6.9384103995030015,6.809879221543249,arima,LORETO
2012-07-16,6.582594481579771,6.646308629962435,arima,LORETO
2012-07-23,5.835381053940986,6.535517423621296,arima,LORETO
2012-07-30,5.194912401679171,5.492742541905812,arima,LORETO
2012-08-06,5.2304939934714945,5.256217490355096,arima,LORETO
2012-08-13,5.443983544225432,5.1690992543968814,arima,LORETO
2012-08-20,5.40840195243311,5.08849312743114,arima,LORETO
2012-08-27,4.732351708378972,5.410093265824207,arima,LORETO
2012-09-03,5.0881676263022015,5.394134840570256,arima,LORETO
2012-09-10,5.550728319602402,5.399170640955604,arima,LORETO
2012-09-17,6.262360155448863,5.390861042228967,arima,LORETO
2012-09-24,5.87096264573331,6.516753164920456,arima,LORETO
2012-10-01,4.625606933002001,6.761792126331011,arima,LORETO
2012-10-08,4.198627831494125,6.806720764401412,arima,LORETO
2012-10-15,4.3765357904557405,6.902909921241057,arima,LORETO
2012-10-22,4.447698974040387,4.44757143929644,arima,LORETO
2012-10-29,4.412117382248064,4.505773957991327,arima,LORETO
2012-11-05,4.910259667340586,4.521078516392429,arima,LORETO
2012-11-12,5.194912401679171,4.542229420834425,arima,LORETO
2012-11-19,5.337238768848462,5.396466948951931,arima,LORETO
2012-11-26,5.123749218094525,5.465505042762945,arima,LORETO
2012-12-03,5.550728319602402,5.535109168451697,arima,LORETO
2012-12-10,5.728636278564017,5.546026133302794,arima,LORETO
2012-12-17,6.2267785636565405,5.914076274034764,arima,LORETO
2012-12-24,5.977707421110278,5.938620438506679,arima,LORETO
2012-12-31,6.404686522618154,6.013240282427859,arima,LORETO
2013-01-07,6.734722168798818,6.002376730220706,arima,LORETO
2013-01-14,7.5639177423776305,7.02675051143271,arima,LORETO
2013-01-21,7.259929804232121,7.099427617898452,arima,LORETO
2013-01-28,7.048475538089438,7.211135497735079,arima,LORETO
2013-02-04,7.013233160398991,7.215042024128554,arima,LORETO
2013-02-11,6.837021271946754,7.075640215672061,arima,LORETO
2013-02-18,6.414112739661388,7.042964828030646,arima,LORETO
2013-02-25,5.638780430471551,7.078916055741923,arima,LORETO
2013-03-04,5.779749941233341,7.054788330907234,arima,LORETO
2013-03-11,6.2026584735187065,5.748122076682602,arima,LORETO
2013-03-18,6.4845974950422836,5.81760245016948,arima,LORETO
2013-03-25,6.6960517611849655,5.784844307795131,arima,LORETO
2013-04-01,8.599140156469113,5.8238148996792765,arima,LORETO
2013-04-08,10.149804774848787,9.345812164666205,arima,LORETO
2013-04-15,12.193862680894725,9.962554933509946,arima,LORETO
2013-04-22,12.017650792442488,10.115525605821956,arima,LORETO
2013-04-29,11.171833727871757,10.339863622336596,arima,LORETO
2013-05-06,9.550684354111185,10.597006430786958,arima,LORETO
2013-05-13,8.000019735731511,10.386595149763453,arima,LORETO
2013-05-20,6.378870361970942,10.194359344314226,arima,LORETO
2013-05-27,6.132173718137811,10.155466116331576,arima,LORETO
2013-06-03,5.674022808161998,5.790740607550209,arima,LORETO
2013-06-10,7.189445048851226,5.7728919038094375,arima,LORETO
2013-06-17,6.414112739661388,5.625379981327485,arima,LORETO
2013-06-24,5.533053297400211,5.657257708597289,arima,LORETO
2013-07-01,4.0528734344014286,4.776536936136597,arima,LORETO
2013-07-08,3.8414191682587457,4.587075086226945,arima,LORETO
2013-07-15,3.9471463013300876,4.298372902061319,arima,LORETO
2013-07-22,3.9471463013300876,4.292147596606134,arima,LORETO
2013-07-29,4.017631056710981,3.841091009918622,arima,LORETO
2013-08-05,4.193842945163218,3.869197972313429,arima,LORETO
2013-08-12,5.356841408947974,3.8135907003804252,arima,LORETO
2013-08-19,4.933932876662609,3.841090841120476,arima,LORETO
2013-08-26,3.9823886790205343,4.993661234327439,arima,LORETO
2013-09-02,2.5374511937122004,4.789097593255037,arima,LORETO
2013-09-09,2.643178326783542,4.869187194190885,arima,LORETO
2013-09-16,2.6784207044739894,4.756873184114982,arima,LORETO
2013-09-23,2.819390215235778,2.887796243070514,arima,LORETO
2013-09-30,2.819390215235778,2.849451189727694,arima,LORETO
2013-10-07,3.030844481378461,2.9541940381094176,arima,LORETO
2013-10-14,3.242298747521144,2.9096676349944013,arima,LORETO
2013-10-21,3.242298747521144,3.4108168786964765,arima,LORETO
2013-10-28,3.3127835029020383,3.46391463068023,arima,LORETO
2013-11-04,3.3127835029020383,3.527269401195076,arima,LORETO
2013-11-11,2.7489054598548837,3.535151792087607,arima,LORETO
2013-11-18,2.7841478375453312,2.5293021086414393,arima,LORETO
2013-11-25,3.41851063597338,2.3267094687709555,arima,LORETO
2013-12-02,4.0528734344014286,2.276512772998867,arima,LORETO
2013-12-09,4.123358189782324,2.1966867048238545,arima,LORETO
2013-12-16,2.7841478375453312,4.2372251446829905,arima,LORETO
2013-12-23,2.537451193712201,4.241990034505445,arima,LORETO
2013-12-30,2.6784207044739894,4.293811527805697,arima,LORETO
2014-01-06,3.476348708587885,4.283268253324337,arima,LORETO
2014-01-13,3.5022724779241514,3.7515432928518213,arima,LORETO
2014-01-20,2.827675190187344,4.055906778578667,arima,LORETO
2014-01-27,2.5134890579443057,4.111720884722333,arima,LORETO
2014-02-03,3.0022230414334756,4.23935466125962,arima,LORETO
2014-02-10,3.386228314174966,3.172683365001383,arima,LORETO
2014-02-17,3.5258665951718715,3.3583234910216118,arima,LORETO
2014-02-24,3.0022230414334756,3.3926540341003366,arima,LORETO
2014-03-03,3.421137884424192,3.4704992295552923,arima,LORETO
2014-03-10,3.211680462928834,3.4559782530127983,arima,LORETO
2014-03-17,3.0720421819319284,3.6358879182764143,arima,LORETO
2014-03-24,3.5956857356703247,3.6029663079198526,arima,LORETO
2014-03-31,4.084419719159494,3.6931848088791583,arima,LORETO
2014-04-07,4.71279198364557,4.341031456611897,arima,LORETO
2014-04-14,5.4808025291285505,4.500422020677168,arima,LORETO
2014-04-21,5.725169520873135,4.578061766403762,arima,LORETO
2014-04-28,5.794988661371588,4.631527748786054,arima,LORETO
2014-05-05,6.004446082866946,5.818630205452941,arima,LORETO
2014-05-12,7.9244724465743985,5.8423006523506,arima,LORETO
2014-05-19,9.600131818537266,5.847404200228396,arima,LORETO
2014-05-26,10.088865802026435,5.855970215938557,arima,LORETO
2014-06-02,10.368142364020246,10.363098405249076,arima,LORETO
2014-06-09,9.879408380531077,10.501070197338562,arima,LORETO
2014-06-16,8.901940413552737,10.581394092868859,arima,LORETO
2014-06-23,6.2488130746115305,10.619812810469561,arima,LORETO
2014-06-30,5.341164248131644,4.989952177224694,arima,LORETO
2014-07-07,5.376073818380871,4.170200426601655,arima,LORETO
2014-07-14,6.493180066356115,3.820685469346929,arima,LORETO
2014-07-21,5.550621669627003,3.560408483155085,arima,LORETO
2014-07-28,4.817520694393249,5.2991538426412435,arima,LORETO
2014-08-04,3.3513187439257397,4.986148307460628,arima,LORETO
2014-08-11,3.6655048761687774,4.954541683544749,arima,LORETO
2014-08-18,3.3513187439257397,4.839644745566092,arima,LORETO
2014-08-25,3.5258665951718715,3.383873435719964,arima,LORETO
2014-09-01,3.2814996034272865,3.2539649078818464,arima,LORETO
2014-09-08,2.8974943306857956,3.2944162777182324,arima,LORETO
2014-09-15,2.5833081984427584,3.234944876587027,arima,LORETO
2014-09-22,2.269122066199721,2.465456460906402,arima,LORETO
2014-09-29,2.6531273389412116,2.3675466597000714,arima,LORETO
2014-10-06,3.9796910084118147,2.3419238680643257,arima,LORETO
2014-10-13,4.60806327289789,2.3091165971212035,arima,LORETO
2014-10-20,3.8749622976641356,5.005657296416448,arima,LORETO
2014-10-27,2.653127338941211,5.170349577515237,arima,LORETO
2014-11-03,2.7229464794396647,5.293959552991333,arima,LORETO
2014-11-10,3.0720421819319284,5.332790957482756,arima,LORETO
2014-11-17,3.2814996034272865,3.284429388405062,arima,LORETO
2014-11-24,3.2814996034272865,3.3742329957235357,arima,LORETO
2014-12-01,2.827675190187343,3.4376163624695804,arima,LORETO
2014-12-08,2.827675190187343,3.4587764546393136,arima,LORETO
2014-12-15,2.0945742149535893,2.7957793707098983,arima,LORETO
2014-12-22,2.5134890579443057,2.802620277531762,arima,LORETO
2014-12-29,3.0022230414334756,2.7888251483010635,arima,LORETO
2015-01-05,3.308245556056003,2.7944279298927013,arima,LORETO
2015-01-12,3.161423291553048,3.4271585192275555,arima,LORETO
2015-01-19,2.593726915830454,3.5218308088973087,arima,LORETO
2015-01-26,2.7320590180080777,3.5483271297557764,arima,LORETO
2015-02-02,4.288295167506347,3.579800481420148,arima,LORETO
2015-02-09,5.46411803601615,5.0179744574248435,arima,LORETO
2015-02-16,5.913697368093428,5.472274602424701,arima,LORETO
2015-02-23,5.049121729483279,5.66072069306996,arima,LORETO
2015-03-02,4.737874499583625,5.798720041176756,arima,LORETO
2015-03-09,5.152870806116497,4.501067545376251,arima,LORETO
2015-03-16,5.948280393637835,4.43076399792877,arima,LORETO
2015-03-23,6.570774853437143,4.352626920613353,arima,LORETO
2015-03-30,7.919512849668976,4.3422765542407396,arima,LORETO
2015-04-06,9.371999922534028,8.432269602397952,arima,LORETO
2015-04-13,10.374907663321801,8.481800381437498,arima,LORETO
2015-04-20,9.475748999167246,8.291606655332307,arima,LORETO
2015-04-27,8.784088488279126,7.9929504890534,arima,LORETO
2015-05-04,7.608265619769322,8.495034128955636,arima,LORETO
2015-05-11,7.435350492047292,8.431324738931881,arima,LORETO
2015-05-18,5.879114342549023,8.449564210562908,arima,LORETO
2015-05-25,4.807040550672437,8.478952674244203,arima,LORETO
2015-06-01,3.8041328098846634,4.583229473198179,arima,LORETO
2015-06-08,3.9424649120622868,4.768917897153787,arima,LORETO
2015-06-15,4.322878193050753,4.991371858816283,arima,LORETO
2015-06-22,4.737874499583626,5.104389540615094,arima,LORETO
2015-06-29,4.495793320772783,4.985400088388979,arima,LORETO
2015-07-06,4.288295167506347,5.137145148369388,arima,LORETO
2015-07-13,3.8387158354290687,5.233359091484073,arima,LORETO
2015-07-20,3.734966758795851,5.296769117222919,arima,LORETO
2015-07-27,2.9049741457301077,3.797399848844115,arima,LORETO
2015-08-03,2.5591438902860477,3.9324480343024018,arima,LORETO
2015-08-10,2.6283099413748596,4.091220185776635,arima,LORETO
2015-08-17,3.3545534778073853,4.249225808139884,arima,LORETO
2015-08-24,3.562051631073821,3.8247198103188245,arima,LORETO
2015-08-31,3.389136503351791,4.1401122156871475,arima,LORETO
2015-09-07,3.1816383500853553,4.3596284385506054,arima,LORETO
2015-09-14,2.9395571712745134,4.5179512875813765,arima,LORETO
2015-09-21,3.0433062479077315,2.852426643646125,arima,LORETO
2015-09-28,3.147055324540949,2.858716516792361,arima,LORETO
2015-10-05,3.492885579985009,2.892398927236368,arima,LORETO
2015-10-12,3.596634656618227,2.918453861046084,arima,LORETO
2015-10-19,3.1124722989965434,3.591406559861156,arima,LORETO
2015-10-26,3.0778892734521377,3.5531991323713044,arima,LORETO
2015-11-02,3.250804401174167,3.5224148121131003,arima,LORETO
2015-11-09,3.5274686055294153,3.508674159525281,arima,LORETO
2015-11-16,3.907881886517881,3.6496233271847642,arima,LORETO
2015-11-23,3.562051631073821,3.6628718058776686,arima,LORETO
2015-11-30,4.149963065328723,3.634039468719838,arima,LORETO
2015-12-07,3.6658007077070387,3.6051101551629876,arima,LORETO
2015-12-14,3.319970452262979,3.3475389288736985,arima,LORETO
2015-12-21,2.3516457370196115,3.232820543945917,arima,LORETO
2015-12-28,1.41790404732065,3.238587454672511,arima,LORETO
2016-01-04,1.5472623648253088,3.281145084496902,arima,LORETO
2016-01-11,2.227064660252725,1.80616495854049,arima,LORETO
2016-01-18,3.631828522873672,1.992932262360065,arima,LORETO
2016-01-25,4.488391853740102,2.072151370541771,arima,LORETO
2016-02-01,4.111503988158873,2.079955668775912,arima,LORETO
2016-02-08,3.631828522873672,3.6894453875520066,arima,LORETO
2016-02-15,2.7067401255379266,3.4407048145675114,arima,LORETO
2016-02-22,2.3641147931913538,3.364788486827693,arima,LORETO
2016-02-29,2.672477592303269,3.3840131574123604,arima,LORETO
2016-03-07,2.7410026587725835,3.0003871792255965,arima,LORETO
2016-03-14,3.289203190527099,3.3185402283020364,arima,LORETO
2016-03-21,3.254940657292442,3.6131285926057615,arima,LORETO
2016-03-28,3.768878655812301,3.8787650141341734,arima,LORETO
2016-04-04,4.0772414549242155,4.004634061152255,arima,LORETO
2016-04-11,5.721843050187762,4.024123931026203,arima,LORETO
2016-04-18,6.235781048707621,3.9503033499631295,arima,LORETO
2016-04-25,6.612668914288851,3.873784979018161,arima,LORETO
2016-05-02,5.379217717841191,6.6062402561088565,arima,LORETO
2016-05-09,5.242167584902561,6.454393499575544,arima,LORETO
2016-05-16,5.584792917249135,6.308032527331725,arima,LORETO
2016-05-23,6.681193980758167,6.223205897446394,arima,LORETO
2016-05-30,5.8588931831263915,7.2370011645480385,arima,LORETO
2016-06-06,5.75610558342242,7.355550929502024,arima,LORETO
2016-06-13,4.76249211961736,7.256409122764414,arima,LORETO
2016-06-20,5.344955184606533,7.113862452615398,arima,LORETO
2016-06-27,5.105117451963933,5.812527809788357,arima,LORETO
2016-07-04,5.310692651371876,6.03577991251453,arima,LORETO
2016-07-11,4.454129320505445,6.072795519769569,arima,LORETO
2016-07-18,3.8374037222816146,6.025414187747645,arima,LORETO
2016-07-25,3.049365457884498,3.6549179943409222,arima,LORETO
2016-08-01,3.1864155908231275,3.719149461773403,arima,LORETO
2016-08-08,3.049365457884498,3.849756259390171,arima,LORETO
2016-08-15,2.9465778581805266,3.9484121797199667,arima,LORETO
2016-08-22,2.5354274593646395,2.9492067883168795,arima,LORETO
2016-08-29,2.741002658772583,2.991910075096593,arima,LORETO
2016-09-05,2.9123153249458693,3.032139053597273,arima,LORETO
2016-09-12,3.0151029246498413,3.054318831787975,arima,LORETO
2016-09-19,2.775265192007241,3.0442966299885557,arima,LORETO
2016-09-26,3.1864155908231275,3.033021549473665,arima,LORETO
2016-10-03,3.700353589342986,3.0107858302804,arima,LORETO
2016-10-10,3.0493654578844986,2.9935080132363465,arima,LORETO
2016-10-17,2.295589726722039,2.620247964318324,arima,LORETO
2016-10-24,2.124277060548753,2.455556622604167,arima,LORETO
2016-10-31,2.3298522599566964,2.461893033585695,arima,LORETO
2016-11-07,2.2613271934873818,2.531940252681192,arima,LORETO
2016-11-14,1.9529643943754664,2.233793771115375,arima,LORETO
2016-11-21,1.9529643943754669,2.2356454714637217,arima,LORETO
2016-11-28,1.6446015952635518,2.2493060103911224,arima,LORETO
2016-12-05,1.6446015952635518,2.2621743724862013,arima,LORETO
2016-12-12,1.3362387961516367,1.6974996914756704,arima,LORETO
2016-12-19,1.3362387961516362,1.7531814995561827,arima,LORETO
2016-12-26,1.3362387961516362,1.7904250201466245,arima,LORETO
2017-01-02,1.9790462560971245,1.8071354595663434,arima,LORETO
2017-01-09,2.6535991195809623,2.3311647742007797,arima,LORETO
2017-01-16,3.258997634171409,2.4418935417942587,arima,LORETO
2017-01-23,3.870059690578547,2.415881745885217,arima,LORETO
2017-01-30,3.462684986307122,2.3435293270844197,arima,LORETO
2017-02-06,2.749779253832127,3.0914860867489926,arima,LORETO
2017-02-13,2.0029256293345132,2.8642520140826555,arima,LORETO
2017-02-20,1.901081953266657,2.775199268852414,arima,LORETO
2017-02-27,2.1047693054023697,2.773892723436833,arima,LORETO
2017-03-06,1.7652903851761819,2.3043488001074413,arima,LORETO
2017-03-13,1.7652903851761819,2.4331581420289985,arima,LORETO
2017-03-20,1.6634467091083254,2.487299533901848,arima,LORETO
2017-03-27,2.036873521357132,2.490936869144297,arima,LORETO
2017-04-03,2.3424045495607015,2.2587337452201477,arima,LORETO
2017-04-10,3.123206066080934,2.337294007088294,arima,LORETO
2017-04-17,4.549017531030923,2.327834064522905,arima,LORETO
2017-04-24,5.601402183732106,2.2851882181788743,arima,LORETO
2017-05-01,5.397714831596393,5.883042858745764,arima,LORETO
2017-05-08,4.820600667211874,5.744272140036524,arima,LORETO
2017-05-15,5.49955850766425,5.4776003543253315,arima,LORETO
2017-05-22,6.246412132161864,5.2498693133638215,arima,LORETO
2017-05-29,6.484047376320195,6.552159542445082,arima,LORETO
2017-06-05,5.19402747946068,6.571026134940296,arima,LORETO
2017-06-12,4.515069639008305,6.468340813087314,arima,LORETO
2017-06-19,3.7342681224880727,6.354141217336372,arima,LORETO
2017-06-26,3.089258174058315,3.4959740359949634,arima,LORETO
2017-07-03,2.546091901696414,3.569862419261253,arima,LORETO
2017-07-10,2.410300333605939,3.7552903776164683,arima,LORETO
2017-07-17,2.5460919016964145,3.929244356119873,arima,LORETO
2017-07-24,2.95346660596784,2.7137646239700612,arima,LORETO
2017-07-31,2.8855708219226024,2.8814172274287437,arima,LORETO
2017-08-07,2.783727145854746,3.0336101855039335,arima,LORETO
2017-08-14,2.0029256293345132,3.164294876447363,arima,LORETO
2017-08-21,1.9010819532666572,1.635542744648606,arima,LORETO
2017-08-28,1.7992382771988007,1.5634089356543612,arima,LORETO
2017-09-04,1.9010819532666572,1.6425464415090885,arima,LORETO
2017-09-11,1.6634467091083254,1.7628253653265704,arima,LORETO
2017-09-18,1.9689777373118946,1.5801518937240537,arima,LORETO
2017-09-25,2.546091901696414,1.5889164467655523,arima,LORETO
2017-10-02,2.783727145854746,1.6358593837730173,arima,LORETO
2017-10-09,2.6479355777642706,1.6862372704696067,arima,LORETO
2017-10-16,2.274508765515464,2.5079892298121584,arima,LORETO
2017-10-23,2.0029256293345132,2.407075981204639,arima,LORETO
2017-10-30,1.52765514101785,2.352688784110542,arima,LORETO
2017-11-06,1.7652903851761819,2.334523550665863,arima,LORETO
2017-11-13,1.9689777373118946,1.9663805753824937,arima,LORETO
2017-11-20,2.9874144979904584,2.094318344765991,arima,LORETO
2017-11-27,2.8855708219226024,2.153547350900506,arima,LORETO
2017-12-04,3.123206066080934,2.1654894476057605,arima,LORETO
2017-12-11,2.95346660596784,3.166809065273031,arima,LORETO
2017-12-18,2.749779253832127,3.11149754316953,arima,LORETO
2017-12-25,2.274508765515464,3.0273312085463853,arima,LORETO
2018-01-01,1.3189580186897576,2.95367262633576,arima,LORETO
2018-01-08,1.141703903288094,0.9817773546090651,arima,LORETO
2018-01-15,1.3661885006914287,0.9795599377900089,arima,LORETO
2018-01-22,1.8326918911714276,1.142184576636034,arima,LORETO
2018-01-29,2.099265257159998,1.3708659327393737,arima,LORETO
2018-02-05,2.4324819646457114,2.214140964583366,arima,LORETO
2018-02-12,2.5990903183885687,2.2280525082177594,arima,LORETO
2018-02-19,2.5990903183885683,2.192370756062006,arima,LORETO
2018-02-26,2.2991952816514263,2.144295609988104,arima,LORETO
2018-03-05,2.1659085986571402,2.1061937893166953,arima,LORETO
2018-03-12,2.39916029389714,2.018667237792786,arima,LORETO
2018-03-19,2.7656986721314247,2.0046622565070082,arima,LORETO
2018-03-26,3.098915379617138,2.0279503624332023,arima,LORETO
2018-04-02,3.63206211159428,3.198752177383792,arima,LORETO
2018-04-09,3.8319921360857077,3.163752971560981,arima,LORETO
2018-04-16,4.331817197314277,3.085939441155846,arima,LORETO
2018-04-23,4.598390563302847,3.019783040960505,arima,LORETO
2018-04-30,5.231502307525704,4.609154706110282,arima,LORETO
2018-05-07,5.86461405174856,4.518662094800274,arima,LORETO
2018-05-14,6.597690808217128,4.427122641945088,arima,LORETO
2018-05-21,8.43038269938855,4.372896530466915,arima,LORETO
2018-05-28,8.463704370137123,9.157989770336002,arima,LORETO
2018-06-04,8.796921077622835,9.1555621494427,arima,LORETO
2018-06-11,8.497026040885693,8.870813590218892,arima,LORETO
2018-06-18,9.963179553822831,8.594352363438965,arima,LORETO
2018-06-25,9.829892870828546,10.651719730332196,arima,LORETO
2018-07-02,7.9638793089085524,10.788899180004426,arima,LORETO
2018-07-09,6.531047466719985,10.682346850152122,arima,LORETO
2018-07-16,5.8312923809999875,10.538166081431328,arima,LORETO
2018-07-23,5.964579063994272,5.797630388497785,arima,LORETO
2018-07-30,4.9982506122857036,6.021819768544892,arima,LORETO
2018-08-06,4.565068892554276,6.2481286347811125,arima,LORETO
2018-08-13,4.131887172822849,6.382010257587421,arima,LORETO
2018-08-20,3.9986004898285636,4.045550204630046,arima,LORETO
2018-08-27,3.732027123839993,4.11193437875455,arima,LORETO
2018-09-03,4.0319221605771345,4.202520876485974,arima,LORETO
2018-09-10,3.9652788190799924,4.263932089464431,arima,LORETO
2018-09-17,3.732027123839993,3.9224333038201618,arima,LORETO
2018-09-24,3.0989153796171376,3.9053229294417395,arima,LORETO
2018-10-01,2.6990553306342817,3.903882600690471,arima,LORETO
2018-10-08,2.1659085986571402,3.908247792787,arima,LORETO
2018-10-15,2.0992652571599977,1.9955821257219222,arima,LORETO
2018-10-22,2.4658036353942823,2.0160676760844463,arima,LORETO
2018-10-29,2.6990553306342817,2.090922865327167,arima,LORETO
2018-11-05,3.6320621115942786,2.1524362773548953,arima,LORETO
2018-11-12,3.9986004898285636,4.049843692668986,arima,LORETO
2018-11-19,5.13153729527999,4.12539184007564,arima,LORETO
2018-11-26,4.964928941537132,4.053715051774319,arima,LORETO
2018-12-03,4.731677246297132,3.9600219720894674,arima,LORETO
2018-12-10,4.331817197314277,4.55341195270056,arima,LORETO
2018-12-17,3.532097099348565,4.45825544033565,arima,LORETO
2018-12-24,3.6653837823428503,4.426097036377357,arima,LORETO
2018-12-31,3.6320621115942786,4.4273312032324545,arima,LORETO
2019-01-07,4.637228953491377,3.6553053599021705,arima,LORETO
2019-01-14,5.208238463330429,3.691897319654111,arima,LORETO
2019-01-21,4.826578094033565,3.7216724142082755,arima,LORETO
2019-01-28,3.874396021060958,3.73940096123883,arima,LORETO
2019-02-04,3.1192171355999245,3.3959623344927374,arima,LORETO
2019-02-11,3.3490541876967606,3.2508705351523854,arima,LORETO
2019-02-18,3.5132235106230723,3.2768730545413156,arima,LORETO
2019-02-25,3.546057375208335,3.357409103730885,arima,LORETO
2019-03-04,3.546057375208335,3.568816293534008,arima,LORETO
2019-03-11,3.6445589689641213,3.579976440578759,arima,LORETO
2019-03-18,3.6773928335493835,3.5829815600399026,arima,LORETO
2019-03-25,3.8415621564756957,3.5819261113641123,arima,LORETO
2019-04-01,3.940063750231482,3.911844761146271,arima,LORETO
2019-04-08,4.005731479402007,3.9231510899994086,arima,LORETO
2019-04-15,4.071399208572532,3.9080312747807877,arima,LORETO
2019-04-22,4.071399208572533,3.8875981294999296,arima,LORETO
2019-04-29,3.940063750231483,4.060829125541506,arima,LORETO
2019-05-06,3.9072298856462204,4.045924051700462,arima,LORETO
2019-05-13,3.7758944273051713,4.0301127398897405,arima,LORETO
2019-05-20,4.169900802328319,4.015158855793757,arima,LORETO
2019-05-27,4.498239448180942,4.373419260947401,arima,LORETO
2019-06-03,5.351919927397763,4.434363982785991,arima,LORETO
2019-06-10,5.778760167006173,4.423492133931728,arima,LORETO
2019-06-17,5.975763354517746,4.392319309719369,arima,LORETO
2019-06-24,5.483255385738812,6.004855158228273,arima,LORETO
2019-07-01,5.647424708665123,6.082126178436039,arima,LORETO
2019-07-08,6.074264948273534,6.06309818556533,arima,LORETO
2019-07-15,5.942929489932484,6.1061027406463895,arima,LORETO
2019-07-22,5.056415146130401,5.719002233945422,arima,LORETO
2019-07-29,4.268402396084106,5.470776143683867,arima,LORETO
2019-08-05,4.104233073157794,5.231494915687343,arima,LORETO
2019-08-12,4.859411958618828,5.015661033926952,arima,LORETO
2019-08-19,4.531073312766204,5.321792960773286,arima,LORETO
2019-08-26,4.46540558359568,5.5102375850503975,arima,LORETO
2019-09-02,3.644558968964122,5.527185727428571,arima,LORETO
2019-09-09,2.955047812673613,5.471855882797625,arima,LORETO
2019-09-16,2.6595430314062525,2.731149801016537,arima,LORETO
2019-09-23,2.2655366563831048,2.758112415980875,arima,LORETO
2019-09-30,2.6595430314062525,2.8702542525365558,arima,LORETO
2019-10-07,2.462539843894678,2.97644505336143,arima,LORETO
2019-10-14,2.561041437650465,2.4144300405851356,arima,LORETO
2019-10-21,2.725210760576777,2.3448390846825613,arima,LORETO
2019-10-28,3.3162203231114984,2.3512021226332247,arima,LORETO
2019-11-04,3.3162203231114984,2.317186987012956,arima,LORETO
2019-11-11,3.119217135599925,3.4124403768513387,arima,LORETO
2019-11-18,2.6595430314062525,3.3733780852106725,arima,LORETO
2019-11-25,2.3968721147241534,3.433418924027435,arima,LORETO
2019-12-02,2.0685334688715304,3.391107435964369,arima,LORETO
2019-12-09,2.035699604286268,1.9705535874054165,arima,LORETO
2019-12-16,2.5938753022357273,1.8570742375112663,arima,LORETO
2019-12-23,2.4953737084799403,1.8560769702943278,arima,LORETO
2019-12-30,2.3968721147241534,1.8040340106086201,arima,LORETO
2020-01-06,2.0578812410160747,2.3204136280477066,arima,LORETO
2020-01-13,2.862552250385645,2.305284266778456,arima,LORETO
2020-01-20,3.081737074627025,2.2761902094494864,arima,LORETO
2020-01-27,3.276373100392942,2.2806742848314423,arima,LORETO
2020-02-03,3.1141764122546776,3.253553228533205,arima,LORETO
2020-02-10,3.4385697885312063,3.3508996313952886,arima,LORETO
2020-02-17,3.5683271390418176,3.3024944152611186,arima,LORETO
2020-02-24,3.5358878014141646,3.3656361443151948,arima,LORETO
2020-03-02,3.3736911132759,3.4402030070303815,arima,LORETO
2020-03-09,2.887101048861108,3.4609816506020414,arima,LORETO
2020-03-16,2.562707672584579,3.4092636611180995,arima,LORETO
2020-03-23,2.530268334956926,3.4380996889396505,arima,LORETO
2020-03-30,2.140996283425092,2.4842261476736947,arima,LORETO
2020-04-06,1.7192848942656054,2.488197689019978,arima,LORETO
2020-04-13,1.1029374793402011,2.466294625741043,arima,LORETO
2020-04-20,1.1029374793402011,2.4767495910918633,arima,LORETO
2020-04-27,0.9407407912019368,1.0201670977619834,arima,LORETO
2020-05-04,0.7461047654360197,1.0523112380684956,arima,LORETO
2020-05-11,0.681226090180714,1.0042603597258235,arima,LORETO
2020-05-18,0.7136654278083668,1.0367338608939882,arima,LORETO
2020-05-25,0.7136654278083668,0.6987068792396709,arima,LORETO
2020-06-01,0.7461047654360197,0.7178804234576572,arima,LORETO
2020-06-08,0.7461047654360197,0.7042317890612552,arima,LORETO
2020-06-15,0.908301453574284,0.7174470174816947,arima,LORETO
2020-06-22,0.8434227783189782,0.953114131208311,arima,LORETO
2020-06-29,0.8434227783189782,1.0022368993542743,arima,LORETO
2020-07-06,0.8434227783189782,1.0014376032502275,arima,LORETO
2020-07-13,1.2651341674784653,1.0219360905789747,arima,LORETO
2020-07-20,1.3624521803614238,1.3979777043003005,arima,LORETO
2020-07-27,1.4597701932443823,1.5173797036496905,arima,LORETO
2020-08-03,1.4597701932443823,1.5240724636154948,arima,LORETO
2020-08-10,1.9139209200315221,1.5702070156427514,arima,LORETO
2020-08-17,2.335632309191009,2.043536784047378,arima,LORETO
2020-08-24,2.108556945797439,2.179925201890476,arima,LORETO
2020-08-31,2.043678270542134,2.179608923874082,arima,LORETO
2020-09-07,1.719284894265605,2.2360613512782908,arima,LORETO
2020-09-14,1.6868455566379523,1.612845732161316,arima,LORETO
2020-09-21,1.330012842733771,1.521767605632132,arima,LORETO
2020-09-28,1.5895275437549936,1.513853642802926,arima,LORETO
2020-10-05,1.946360257659175,1.4796861241834942,arima,LORETO
2020-10-12,1.9787995952868276,2.1710736780854116,arima,LORETO
2020-10-19,1.6868455566379523,2.231126473357936,arima,LORETO
2020-10-26,1.4922095308720351,2.3007132884655244,arima,LORETO
2020-11-02,1.2975735051061181,2.298430018883628,arima,LORETO
2020-11-09,0.9731801288295897,1.2426783478637493,arima,LORETO
2020-11-16,0.8109834406913254,1.183590868430729,arima,LORETO
2020-11-23,0.908301453574284,1.1840557170880266,arima,LORETO
2020-11-30,1.0704981417125483,1.1593886121280916,arima,LORETO
2020-12-07,1.135376816967854,1.1533491314828552,arima,LORETO
2020-12-14,1.3624521803614238,1.1893596142998375,arima,LORETO
2020-12-21,1.2651341674784653,1.2102474996250132,arima,LORETO
2020-12-28,1.167816154595507,1.217257127098076,arima,LORETO
2021-01-04,1.966324031401873,1.0964817803201805,arima,LORETO
2021-01-11,2.671078342149553,1.0835571642721082,arima,LORETO
2021-01-18,3.1178031380527913,1.058649189878206,arima,LORETO
2021-01-25,2.4749571302068563,1.0629843255192448,arima,LORETO
2021-02-01,1.896395723145514,2.2930919244085466,arima,LORETO
2021-02-08,1.6071150196148427,2.099954935807272,arima,LORETO
2021-02-15,1.3499766164764686,2.1032077836305896,arima,LORETO
2021-02-22,1.542830418830249,2.02152690242947,arima,LORETO
2021-03-01,1.4142612172610622,1.6193014104313854,arima,LORETO
2021-03-08,1.2856920156918752,1.6678693224295145,arima,LORETO
2021-03-15,0.867842110592017,1.6793201487187088,arima,LORETO
2021-03-22,0.7071306086305332,1.6948923266569182,arima,LORETO
2021-03-29,0.6107037074536429,0.5833041151757438,arima,LORETO
2021-04-05,0.7714152094151268,0.5668175489741288,arima,LORETO
2021-04-12,0.9964113121612043,0.5220508624101982,arima,LORETO
2021-04-19,1.2214074149072818,0.5333866083579277,arima,LORETO
2021-04-26,1.2214074149072818,1.3039926852911852,arima,LORETO
2021-05-03,0.9964113121612043,1.359923823284135,arima,LORETO
2021-05-10,0.899984410984314,1.3719813387904103,arima,LORETO
2021-05-17,1.2214074149072818,1.3886869075499861,arima,LORETO
2021-05-24,1.9606803239301076,1.3423434850624507,arima,LORETO
2021-05-31,2.2178187270684817,1.4220001322595226,arima,LORETO
2021-06-07,2.410672529422263,1.4418772391641992,arima,LORETO
2021-06-14,2.0571072251069977,1.464601270291533,arima,LORETO
2021-06-21,1.8321111223609206,1.8821768044258598,arima,LORETO
2021-06-28,1.6713996203994366,1.8019664475492558,arima,LORETO
2021-07-05,1.9285380235378107,1.7711044219312702,arima,LORETO
2021-07-12,1.6713996203994366,1.7651891112419689,arima,LORETO
2021-07-19,1.864253422753217,1.5578043534449137,arima,LORETO
2021-07-26,1.6392573200071396,1.518535367514768,arima,LORETO
2021-08-02,2.3785302290299657,1.5163063422208984,arima,LORETO
2021-08-09,2.0249649247147015,1.5312533639461077,arima,LORETO
2021-08-16,1.7678265215763267,1.851152066463938,arima,LORETO
2021-08-23,1.6392573200071396,1.7704526998940937,arima,LORETO
2021-08-30,1.7035419207917333,1.7373040370275803,arima,LORETO
2021-09-06,1.6392573200071396,1.7278485889613049,arima,LORETO
2021-09-13,1.7678265215763267,1.6198396550462975,arima,LORETO
2021-09-20,1.7999688219686236,1.6220918114130949,arima,LORETO
2021-09-27,1.8642534227532173,1.6339510643584991,arima,LORETO
2021-10-04,1.4464035176533592,1.6492673867156915,arima,LORETO
2021-10-11,1.2856920156918752,1.297866148431311,arima,LORETO
2021-10-18,1.5749727192225462,1.1909824904473856,arima,LORETO
2021-10-25,1.7678265215763271,1.1669529945064525,arima,LORETO
2021-11-01,2.057107225106998,1.136006424939832,arima,LORETO
2021-11-08,1.864253422753217,2.1768569326867246,arima,LORETO
2021-11-15,2.0892495254992944,2.2115237394828418,arima,LORETO
2021-11-22,2.2178187270684817,2.2052917329890587,arima,LORETO
2021-11-29,2.6678109325606365,2.181022167610439,arima,LORETO
2021-12-06,2.603526331776043,2.8311899585067777,arima,LORETO
2021-12-13,2.5392417309914497,2.8538700606160403,arima,LORETO
2021-12-20,2.764237833737527,2.8114222563513533,arima,LORETO
2021-12-27,3.9535029482525075,2.7424553444314808,arima,LORETO
2022-01-03,5.765865802172864,4.400221322398398,arima,LORETO
2022-01-10,6.171914912716777,4.491536516720977,arima,LORETO
2022-01-17,5.837968616611992,4.419935158106826,arima,LORETO
2022-01-24,4.210993756244716,4.280311778249256,arima,LORETO
2022-01-31,3.764373206339974,3.299627801187832,arima,LORETO
2022-02-07,3.6367673349386194,2.7950155768274403,arima,LORETO
2022-02-14,3.349654124285571,2.5206159889011652,arima,LORETO
2022-02-21,3.1582453171835385,2.3756867978262095,arima,LORETO
2022-02-28,2.9030335743808284,3.126526840526556,arima,LORETO
2022-03-07,3.285851188584894,3.158031385982079,arima,LORETO
2022-03-14,4.083387884843361,3.1982757001887063,arima,LORETO
2022-03-21,3.732471738489636,3.226459062206554,arima,LORETO
2022-03-28,3.891979077741329,3.4764336069683015,arima,LORETO
2022-04-04,4.051486416993023,3.3498314227444137,arima,LORETO
2022-04-11,4.466205499047427,3.3145893885527786,arima,LORETO
2022-04-18,5.168037791754878,3.323122405009585,arima,LORETO
2022-04-25,4.721417241850136,5.360735610194638,arima,LORETO
2022-05-02,4.753318709700475,5.323231051972083,arima,LORETO
2022-05-09,4.306698159795733,5.188141250472525,arima,LORETO
2022-05-16,5.263742195305895,5.017899803778455,arima,LORETO
2022-05-23,5.965574488013348,5.543749559547887,arima,LORETO
2022-05-30,6.220786230816056,5.8055540061809,arima,LORETO
2022-06-06,5.678461277360299,5.838965141364987,arima,LORETO
2022-06-13,5.933673020163009,5.920951423032087,arima,LORETO
2022-06-20,5.869870084462331,5.925172348933144,arima,LORETO
2022-06-27,5.550855405958944,5.810627909441087,arima,LORETO
2022-07-04,5.008530452503185,5.661439176637048,arima,LORETO
2022-07-11,5.104234856054201,5.508976282578349,arima,LORETO
2022-07-18,5.13613632390454,5.140179695314513,arima,LORETO
2022-07-25,4.306698159795733,5.153746582416469,arima,LORETO
2022-08-01,3.445358527836587,5.158854728580847,arima,LORETO
2022-08-08,2.87113210653049,5.160780354527104,arima,LORETO
2022-08-15,2.4883144923264258,2.6415319813611835,arima,LORETO
2022-08-22,3.158245317183539,2.5646589763424,arima,LORETO
2022-08-29,3.222048252884216,2.554280130180544,arima,LORETO
2022-09-05,3.8919790777413295,2.571747423191628,arima,LORETO
2022-09-12,3.349654124285571,4.091870337176328,arima,LORETO
2022-09-19,2.9030335743808284,4.25395189546243,arima,LORETO
2022-09-26,2.36070862092507,4.273569960528252,arima,LORETO
2022-10-03,2.2331027495237152,4.320848620459885,arima,LORETO
2022-10-10,2.5840188958774415,2.1151703532238315,arima,LORETO
2022-10-17,2.6797232994284577,2.10745381684778,arima,LORETO
2022-10-24,2.4564130244760864,2.07117332880816,arima,LORETO
2022-10-31,2.009792474571344,2.079096267788949,arima,LORETO
2022-11-07,2.169299813823038,1.8756292150083802,arima,LORETO
2022-11-14,2.201201281673377,1.8740695869258917,arima,LORETO
2022-11-21,2.4564130244760864,1.9261408237089328,arima,LORETO
2022-11-28,2.296905685224393,1.9973858442786405,arima,LORETO
2022-12-05,2.743526235129135,2.2693304369977496,arima,LORETO
2022-12-12,3.0944423814828608,2.296375031616048,arima,LORETO
2022-12-19,3.4134570599862486,2.3441720411501463,arima,LORETO
2022-12-26,2.711624767278796,2.3980390202002058,arima,LORETO
2023-01-02,2.7362350951302012,2.3792977660054953,arima,LORETO
2023-01-09,2.9827379762675172,2.278476770186097,arima,LORETO
2023-01-16,4.057463831513819,2.2807593753580826,arima,LORETO
2023-01-23,3.8672702144116085,2.3105324468157433,arima,LORETO
2023-01-30,3.6770765973093984,3.6982730207418952,arima,LORETO
2023-02-06,3.51858191639089,3.6042813583748785,arima,LORETO
2023-02-13,4.057463831513818,3.5685815037272506,arima,LORETO
2023-02-20,4.532947874269343,3.5628365879247546,arima,LORETO
2023-02-27,4.84993723610636,4.6817605083191,arima,LORETO
2023-03-06,4.3110553209834315,4.684194923919078,arima,LORETO
2023-03-13,3.32838829928868,4.64845699352545,arima,LORETO
2023-03-20,3.233291490737575,4.618287086688808,arima,LORETO
2023-03-27,3.8672702144116085,3.209662837355417,arima,LORETO
2023-04-03,4.215958512432327,3.216415506397666,arima,LORETO
2023-04-10,4.469550001901941,3.2345683378005305,arima,LORETO
2023-04-17,4.723141491371554,3.255590167991703,arima,LORETO
2023-04-24,6.244690428189235,4.74703698496669,arima,LORETO
2023-05-01,6.466582981475145,4.678195349973042,arima,LORETO
2023-05-08,7.576045747904704,4.580143203682221,arima,LORETO
2023-05-15,9.95346596168233,4.480898905354092,arima,LORETO
2023-05-22,11.665208515602218,10.799675454066229,arima,LORETO
2023-05-29,13.059961707685092,10.850977048717596,arima,LORETO
2023-06-05,11.221423409030395,10.667771027535215,arima,LORETO
2023-06-12,11.633509579418517,10.506455361823814,arima,LORETO
2023-06-19,10.333853195886748,11.501633431415737,arima,LORETO
2023-06-26,9.731573408396416,11.688978423061068,arima,LORETO
2023-07-03,9.097594684722383,11.585434887065043,arima,LORETO
2023-07-10,10.080261706417135,11.683697538074979,arima,LORETO
2023-07-17,10.016863834049731,10.175570688436201,arima,LORETO
2023-07-24,8.907401067620173,10.499548557282294,arima,LORETO
2023-07-31,6.942067024230671,10.422092188060638,arima,LORETO
2023-08-07,6.783572343312162,10.566570841105062,arima,LORETO
2023-08-14,6.18129255582183,6.469819481027263,arima,LORETO
2023-08-21,6.339787236740339,6.532440885967756,arima,LORETO
2023-08-28,6.434884045291444,6.395512467102683,arima,LORETO
2023-09-04,6.878669151863267,6.470321478785564,arima,LORETO
2023-09-11,7.037163832781775,6.913510993813352,arima,LORETO
2023-09-18,6.2763893643729345,7.063747659864326,arima,LORETO
2023-09-25,5.674109576882603,7.0181134398805405,arima,LORETO
2023-10-02,4.84993723610636,7.091333822250994,arima,LORETO
2023-10-09,4.3110553209834315,4.540465937277397,arima,LORETO
2023-10-16,3.9306680867790114,4.353881428812805,arima,LORETO
2023-10-23,3.6136787249419946,4.3097630990482285,arima,LORETO
2023-10-30,3.360087235472381,4.257959331928528,arima,LORETO
2023-11-06,2.9480010650842594,3.262731893049704,arima,LORETO
2023-11-13,2.662710639430944,3.207582449683218,arima,LORETO
2023-11-20,2.884603192716856,3.1931519426346853,arima,LORETO
2023-11-27,2.7261085117983477,3.1786012756158466,arima,LORETO
2023-12-04,2.3774202137776292,2.7127442134612685,arima,LORETO
2023-12-11,1.9653340433895075,2.6591314035399867,arima,LORETO
2023-12-18,2.3774202137776292,2.674809395879496,arima,LORETO
2023-12-25,2.789506384165751,2.6489009695592136,arima,LORETO
