date,actual,predicted,model,region
2004-12-27,3.685385970472691,5.323335290682775,naive,UCAYALI
2005-01-03,6.7099040755658335,5.323335290682775,naive,UCAYALI
2005-01-10,7.061551856265325,5.323335290682775,naive,UCAYALI
2005-01-17,8.746694912874096,5.323335290682775,naive,UCAYALI
2005-01-24,6.499837504062402,8.746694912874096,naive,UCAYALI
2005-01-31,5.456653707114117,8.746694912874096,naive,UCAYALI
2005-02-07,8.024490745756053,8.746694912874096,naive,UCAYALI
2005-02-14,7.623266208468248,8.746694912874096,naive,UCAYALI
2005-02-21,7.382531486095567,7.623266208468248,naive,UCAYALI
2005-02-28,5.456653707114115,7.623266208468248,naive,UCAYALI
2005-03-07,8.02449074575605,7.623266208468248,naive,UCAYALI
2005-03-14,9.78987870982238,7.623266208468248,naive,UCAYALI
2005-03-21,11.635511581346272,9.78987870982238,naive,UCAYALI
2005-03-28,13.561389360327723,9.78987870982238,naive,UCAYALI
2005-04-04,15.086042602021372,9.78987870982238,naive,UCAYALI
2005-04-11,16.931675473545265,9.78987870982238,naive,UCAYALI
2005-04-18,16.4502060287999,16.931675473545265,naive,UCAYALI
2005-04-25,16.12922639896966,16.931675473545265,naive,UCAYALI
2005-05-02,15.166287509478934,16.931675473545265,naive,UCAYALI
2005-05-09,15.96873658405454,16.931675473545265,naive,UCAYALI
2005-05-16,15.487267139309177,15.96873658405454,naive,UCAYALI
2005-05-23,13.481144452870167,15.96873658405454,naive,UCAYALI
2005-05-30,9.22816435761946,15.96873658405454,naive,UCAYALI
2005-06-06,9.22816435761946,15.96873658405454,naive,UCAYALI
2005-06-13,8.586205097958976,9.22816435761946,naive,UCAYALI
2005-06-20,8.265225468128735,9.22816435761946,naive,UCAYALI
2005-06-27,6.981306948807766,9.22816435761946,naive,UCAYALI
2005-07-04,6.0986129667746,9.22816435761946,naive,UCAYALI
2005-07-11,6.178857874232162,6.0986129667746,naive,UCAYALI
2005-07-18,6.259102781689722,6.0986129667746,naive,UCAYALI
2005-07-25,6.018368059317041,6.0986129667746,naive,UCAYALI
2005-08-01,7.70351111592581,6.0986129667746,naive,UCAYALI
2005-08-08,7.9442458382984915,7.70351111592581,naive,UCAYALI
2005-08-15,9.147919450161899,7.70351111592581,naive,UCAYALI
2005-08-22,7.9442458382984915,7.70351111592581,naive,UCAYALI
2005-08-29,6.3393476891472815,7.70351111592581,naive,UCAYALI
2005-09-05,5.938123151859479,6.3393476891472815,naive,UCAYALI
2005-09-12,5.215918984741435,6.3393476891472815,naive,UCAYALI
2005-09-19,5.8578782444019195,6.3393476891472815,naive,UCAYALI
2005-09-26,6.0986129667746,6.3393476891472815,naive,UCAYALI
2005-10-03,7.54302130101069,6.0986129667746,naive,UCAYALI
2005-10-10,8.425715283043855,6.0986129667746,naive,UCAYALI
2005-10-17,8.104735653213613,6.0986129667746,naive,UCAYALI
2005-10-24,6.740572226435084,6.0986129667746,naive,UCAYALI
2005-10-31,5.617143522029238,6.740572226435084,naive,UCAYALI
2005-11-07,5.2159189847414344,6.740572226435084,naive,UCAYALI
2005-11-14,5.617143522029237,6.740572226435084,naive,UCAYALI
2005-11-21,6.580082411519963,6.740572226435084,naive,UCAYALI
2005-11-28,6.981306948807766,6.580082411519963,naive,UCAYALI
2005-12-05,8.02449074575605,6.580082411519963,naive,UCAYALI
2005-12-12,7.382531486095567,6.580082411519963,naive,UCAYALI
2005-12-19,7.543021301010687,6.580082411519963,naive,UCAYALI
2005-12-26,5.938123151859479,7.543021301010687,naive,UCAYALI
2006-01-02,8.884262561691338,7.543021301010687,naive,UCAYALI
2006-01-09,8.841408546522159,7.543021301010687,naive,UCAYALI
2006-01-16,9.281611161845346,7.543021301010687,naive,UCAYALI
2006-01-23,6.5285909019759645,9.281611161845346,naive,UCAYALI
2006-01-30,6.44993318026541,9.281611161845346,naive,UCAYALI
2006-02-06,7.315168119081502,9.281611161845346,naive,UCAYALI
2006-02-13,6.764564067107625,9.281611161845346,naive,UCAYALI
2006-02-20,6.685906345397072,6.764564067107625,naive,UCAYALI
2006-02-27,6.135302293423195,6.764564067107625,naive,UCAYALI
2006-03-06,8.573691666450362,6.764564067107625,naive,UCAYALI
2006-03-13,11.326711926319744,6.764564067107625,naive,UCAYALI
2006-03-20,13.450470412504695,11.326711926319744,naive,UCAYALI
2006-03-27,13.135839525662478,11.326711926319744,naive,UCAYALI
2006-04-03,15.416913455268537,11.326711926319744,naive,UCAYALI
2006-04-10,17.855302828295702,11.326711926319744,naive,UCAYALI
2006-04-17,19.821745871059548,17.855302828295702,naive,UCAYALI
2006-04-24,16.832752446058503,17.855302828295702,naive,UCAYALI
2006-05-01,13.214497247373032,17.855302828295702,naive,UCAYALI
2006-05-08,11.877315978293618,17.855302828295702,naive,UCAYALI
2006-05-15,14.630336238163002,11.877315978293618,naive,UCAYALI
2006-05-22,15.731544342110752,11.877315978293618,naive,UCAYALI
2006-05-29,14.944967125005213,11.877315978293618,naive,UCAYALI
2006-06-05,10.854765596056419,11.877315978293618,naive,UCAYALI
2006-06-12,9.910872935529776,10.854765596056419,naive,UCAYALI
2006-06-19,8.652349388160916,10.854765596056419,naive,UCAYALI
2006-06-26,10.06818837895088,10.854765596056419,naive,UCAYALI
2006-07-03,10.146846100661435,10.854765596056419,naive,UCAYALI
2006-07-10,11.248054204609188,10.146846100661435,naive,UCAYALI
2006-07-17,11.248054204609188,10.146846100661435,naive,UCAYALI
2006-07-24,11.562685091451401,10.146846100661435,naive,UCAYALI
2006-07-31,10.933423317766973,10.146846100661435,naive,UCAYALI
2006-08-07,8.888322553292575,10.933423317766973,naive,UCAYALI
2006-08-14,7.236510397370947,10.933423317766973,naive,UCAYALI
2006-08-21,8.023087614476486,10.933423317766973,naive,UCAYALI
2006-08-28,7.472483562502609,10.933423317766973,naive,UCAYALI
2006-09-04,6.449933180265411,7.472483562502609,naive,UCAYALI
2006-09-11,11.405369648030295,7.472483562502609,naive,UCAYALI
2006-09-18,13.214497247373032,7.472483562502609,naive,UCAYALI
2006-09-25,13.765101299346908,7.472483562502609,naive,UCAYALI
2006-10-02,7.000537232239285,13.765101299346908,naive,UCAYALI
2006-10-09,6.921879510528733,13.765101299346908,naive,UCAYALI
2006-10-16,6.135302293423194,13.765101299346908,naive,UCAYALI
2006-10-23,6.135302293423194,13.765101299346908,naive,UCAYALI
2006-10-30,4.640805580922674,6.135302293423194,naive,UCAYALI
2006-11-06,4.876778746054335,6.135302293423194,naive,UCAYALI
2006-11-13,5.348725076317657,6.135302293423194,naive,UCAYALI
2006-11-20,6.843221788818179,6.135302293423194,naive,UCAYALI
2006-11-27,8.101745336187038,6.843221788818179,naive,UCAYALI
2006-12-04,8.101745336187038,6.843221788818179,naive,UCAYALI
2006-12-11,7.393825840792055,6.843221788818179,naive,UCAYALI
2006-12-18,9.360268883555898,6.843221788818179,naive,UCAYALI
2006-12-25,9.124295718424237,9.360268883555898,naive,UCAYALI
2007-01-01,9.075475981364287,9.360268883555898,naive,UCAYALI
2007-01-08,7.524531447888196,9.360268883555898,naive,UCAYALI
2007-01-15,8.561663646944762,9.360268883555898,naive,UCAYALI
2007-01-22,8.407399437089902,8.561663646944762,naive,UCAYALI
2007-01-29,8.484531542017333,8.561663646944762,naive,UCAYALI
2007-02-05,8.561663646944764,8.561663646944762,naive,UCAYALI
2007-02-12,8.253135227235042,8.561663646944762,naive,UCAYALI
2007-02-19,7.558946282888169,8.253135227235042,naive,UCAYALI
2007-02-26,5.939172079412134,8.253135227235042,naive,UCAYALI
2007-03-05,5.0135868202829705,8.253135227235042,naive,UCAYALI
2007-03-12,5.244983135065261,8.253135227235042,naive,UCAYALI
2007-03-19,6.787625233613866,5.244983135065261,naive,UCAYALI
2007-03-26,9.101588381436775,5.244983135065261,naive,UCAYALI
2007-04-02,10.412834165203089,5.244983135065261,naive,UCAYALI
2007-04-09,10.104305745493368,5.244983135065261,naive,UCAYALI
2007-04-16,9.950041535638507,10.104305745493368,naive,UCAYALI
2007-04-23,10.258569955348227,10.104305745493368,naive,UCAYALI
2007-04-30,11.56981573911454,10.104305745493368,naive,UCAYALI
2007-05-07,11.492683634187111,10.104305745493368,naive,UCAYALI
2007-05-14,9.178720486364204,11.492683634187111,naive,UCAYALI
2007-05-21,8.793059961727053,11.492683634187111,naive,UCAYALI
2007-05-28,8.484531542017331,11.492683634187111,naive,UCAYALI
2007-06-04,10.72136258491281,11.492683634187111,naive,UCAYALI
2007-06-11,9.101588381436775,10.72136258491281,naive,UCAYALI
2007-06-18,8.17600312230761,10.72136258491281,naive,UCAYALI
2007-06-25,6.324832604049285,10.72136258491281,naive,UCAYALI
2007-07-02,5.862039974484703,10.72136258491281,naive,UCAYALI
2007-07-09,5.862039974484703,5.862039974484703,naive,UCAYALI
2007-07-16,6.170568394194423,5.862039974484703,naive,UCAYALI
2007-07-23,6.093436289266994,5.862039974484703,naive,UCAYALI
2007-07-30,7.86747470259789,5.862039974484703,naive,UCAYALI
2007-08-06,7.5589462828881695,7.86747470259789,naive,UCAYALI
2007-08-13,7.79034259767046,7.86747470259789,naive,UCAYALI
2007-08-20,5.322115239992692,7.86747470259789,naive,UCAYALI
2007-08-27,4.705058400573249,7.86747470259789,naive,UCAYALI
2007-09-03,5.630643659702412,4.705058400573249,naive,UCAYALI
2007-09-10,6.479096813904145,4.705058400573249,naive,UCAYALI
2007-09-17,6.710493128686436,4.705058400573249,naive,UCAYALI
2007-09-24,7.636078387815599,4.705058400573249,naive,UCAYALI
2007-10-01,8.561663646944764,7.636078387815599,naive,UCAYALI
2007-10-08,9.101588381436775,7.636078387815599,naive,UCAYALI
2007-10-15,8.253135227235042,7.636078387815599,naive,UCAYALI
2007-10-22,7.019021548396157,7.636078387815599,naive,UCAYALI
2007-10-29,6.093436289266993,7.019021548396157,naive,UCAYALI
2007-11-05,4.8593226104281095,7.019021548396157,naive,UCAYALI
2007-11-12,5.244983135065261,7.019021548396157,naive,UCAYALI
2007-11-19,6.479096813904145,7.019021548396157,naive,UCAYALI
2007-11-26,6.633361023759005,6.479096813904145,naive,UCAYALI
2007-12-03,6.093436289266993,6.479096813904145,naive,UCAYALI
2007-12-10,6.016304184339563,6.479096813904145,naive,UCAYALI
2007-12-17,7.019021548396156,6.479096813904145,naive,UCAYALI
2007-12-24,8.638795751872191,7.019021548396156,naive,UCAYALI
2007-12-31,8.17600312230761,7.019021548396156,naive,UCAYALI
2008-01-07,6.9743511282084185,7.019021548396156,naive,UCAYALI
2008-01-14,6.663766341275139,7.019021548396156,naive,UCAYALI
2008-01-21,7.435061496970779,6.663766341275139,naive,UCAYALI
2008-01-28,11.415447954945032,6.663766341275139,naive,UCAYALI
2008-02-04,11.415447954945032,6.663766341275139,naive,UCAYALI
2008-02-11,12.09136263648783,6.663766341275139,naive,UCAYALI
2008-02-18,9.613008804164238,12.09136263648783,naive,UCAYALI
2008-02-25,9.387703910316636,12.09136263648783,naive,UCAYALI
2008-03-03,10.063618591859436,12.09136263648783,naive,UCAYALI
2008-03-10,8.786890860056374,12.09136263648783,naive,UCAYALI
2008-03-17,8.18607780979611,8.786890860056374,naive,UCAYALI
2008-03-24,6.083232133885183,8.786890860056374,naive,UCAYALI
2008-03-31,6.75914681542798,8.786890860056374,naive,UCAYALI
2008-04-07,7.284858234405712,8.786890860056374,naive,UCAYALI
2008-04-14,8.035874547231044,7.284858234405712,naive,UCAYALI
2008-04-21,10.439126748272102,7.284858234405712,naive,UCAYALI
2008-04-28,10.889736535967302,7.284858234405712,naive,UCAYALI
2008-05-05,9.688110435446772,7.284858234405712,naive,UCAYALI
2008-05-12,8.26117944107864,9.688110435446772,naive,UCAYALI
2008-05-19,7.8105696533834434,9.688110435446772,naive,UCAYALI
2008-05-26,8.411382703643708,9.688110435446772,naive,UCAYALI
2008-06-02,7.510163128253311,9.688110435446772,naive,UCAYALI
2008-06-09,7.8105696533834434,7.510163128253311,naive,UCAYALI
2008-06-16,8.26117944107864,7.510163128253311,naive,UCAYALI
2008-06-23,8.861992491338906,7.510163128253311,naive,UCAYALI
2008-06-30,9.087297385186504,7.510163128253311,naive,UCAYALI
2008-07-07,10.364025116989568,9.087297385186504,naive,UCAYALI
2008-07-14,11.490549586227564,9.087297385186504,naive,UCAYALI
2008-07-21,11.340346323662496,9.087297385186504,naive,UCAYALI
2008-07-28,10.514228379554634,9.087297385186504,naive,UCAYALI
2008-08-04,9.012195753903972,10.514228379554634,naive,UCAYALI
2008-08-11,8.411382703643708,10.514228379554634,naive,UCAYALI
2008-08-18,8.186077809796108,10.514228379554634,naive,UCAYALI
2008-08-25,8.035874547231042,10.514228379554634,naive,UCAYALI
2008-09-01,8.786890860056372,8.035874547231042,naive,UCAYALI
2008-09-08,9.688110435446768,8.035874547231042,naive,UCAYALI
2008-09-15,9.087297385186504,8.035874547231042,naive,UCAYALI
2008-09-22,8.71178922877384,8.035874547231042,naive,UCAYALI
2008-09-29,6.909350077993046,8.71178922877384,naive,UCAYALI
2008-10-06,6.684045184145447,8.71178922877384,naive,UCAYALI
2008-10-13,6.233435396450247,8.71178922877384,naive,UCAYALI
2008-10-20,7.6603663908183774,8.71178922877384,naive,UCAYALI
2008-10-27,8.786890860056372,7.6603663908183774,naive,UCAYALI
2008-11-03,9.68811043544677,7.6603663908183774,naive,UCAYALI
2008-11-10,8.26117944107864,7.6603663908183774,naive,UCAYALI
2008-11-17,6.909350077993046,7.6603663908183774,naive,UCAYALI
2008-11-24,5.257114189777318,6.909350077993046,naive,UCAYALI
2008-12-01,6.383638659015314,6.909350077993046,naive,UCAYALI
2008-12-08,5.782825608755048,6.909350077993046,naive,UCAYALI
2008-12-15,6.30853702773278,6.909350077993046,naive,UCAYALI
2008-12-22,5.031809295929718,6.30853702773278,naive,UCAYALI
2008-12-29,6.30853702773278,6.30853702773278,naive,UCAYALI
2009-01-05,6.254600271234607,6.30853702773278,naive,UCAYALI
2009-01-12,6.499143727134488,6.30853702773278,naive,UCAYALI
2009-01-19,6.512603350990538,6.499143727134488,naive,UCAYALI
2009-01-26,6.951655262293271,6.499143727134488,naive,UCAYALI
2009-02-02,8.12246035910056,6.499143727134488,naive,UCAYALI
2009-02-09,9.146914818806936,6.499143727134488,naive,UCAYALI
2009-02-16,10.171369278513312,9.146914818806936,naive,UCAYALI
2009-02-23,10.464070552715134,9.146914818806936,naive,UCAYALI
2009-03-02,11.488525012421512,9.146914818806936,naive,UCAYALI
2009-03-09,13.976485843136997,9.146914818806936,naive,UCAYALI
2009-03-16,17.342550496457946,13.976485843136997,naive,UCAYALI
2009-03-23,19.464634734421157,13.976485843136997,naive,UCAYALI
2009-03-30,19.90368664572389,13.976485843136997,naive,UCAYALI
2009-04-06,19.098758141668878,13.976485843136997,naive,UCAYALI
2009-04-13,16.903498585155216,19.098758141668878,naive,UCAYALI
2009-04-20,13.830135206036084,19.098758141668878,naive,UCAYALI
2009-04-27,11.342174375320598,19.098758141668878,naive,UCAYALI
2009-05-04,10.610421189816044,19.098758141668878,naive,UCAYALI
2009-05-11,11.122648419669233,10.610421189816044,naive,UCAYALI
2009-05-18,9.3664407744583,10.610421189816044,naive,UCAYALI
2009-05-25,8.927388863155569,10.610421189816044,naive,UCAYALI
2009-06-01,7.390707173596002,10.610421189816044,naive,UCAYALI
2009-06-08,8.415161633302379,7.390707173596002,naive,UCAYALI
2009-06-15,8.781038226054656,7.390707173596002,naive,UCAYALI
2009-06-22,9.293265455907845,7.390707173596002,naive,UCAYALI
2009-06-29,8.122460359100558,7.390707173596002,naive,UCAYALI
2009-07-06,8.122460359100558,8.122460359100558,naive,UCAYALI
2009-07-13,7.829759084898735,8.122460359100558,naive,UCAYALI
2009-07-20,8.927388863155569,8.122460359100558,naive,UCAYALI
2009-07-27,7.756583766348279,8.122460359100558,naive,UCAYALI
2009-08-03,7.976109721999646,7.756583766348279,naive,UCAYALI
2009-08-10,8.268810996201468,7.756583766348279,naive,UCAYALI
2009-08-17,8.122460359100556,7.756583766348279,naive,UCAYALI
2009-08-24,8.195635677651012,7.756583766348279,naive,UCAYALI
2009-08-31,8.122460359100556,8.195635677651012,naive,UCAYALI
2009-09-07,9.220090137357388,8.195635677651012,naive,UCAYALI
2009-09-14,8.634687588953744,8.195635677651012,naive,UCAYALI
2009-09-21,7.537057810696911,8.195635677651012,naive,UCAYALI
2009-09-28,6.805304625192357,7.537057810696911,naive,UCAYALI
2009-10-05,6.293077395339169,7.537057810696911,naive,UCAYALI
2009-10-12,6.658953988091447,7.537057810696911,naive,UCAYALI
2009-10-19,6.219902076788713,7.537057810696911,naive,UCAYALI
2009-10-26,7.098005899394178,6.219902076788713,naive,UCAYALI
2009-11-02,8.634687588953744,6.219902076788713,naive,UCAYALI
2009-11-09,9.951843322861944,6.219902076788713,naive,UCAYALI
2009-11-16,10.537245871265588,6.219902076788713,naive,UCAYALI
2009-11-23,10.610421189816044,10.537245871265588,naive,UCAYALI
2009-11-30,9.3664407744583,10.537245871265588,naive,UCAYALI
2009-12-07,9.073739500256478,10.537245871265588,naive,UCAYALI
2009-12-14,6.805304625192359,10.537245871265588,naive,UCAYALI
2009-12-21,6.219902076788714,6.805304625192359,naive,UCAYALI
2009-12-28,3.292889334770495,6.805304625192359,naive,UCAYALI
2010-01-04,4.677707151478504,6.805304625192359,naive,UCAYALI
2010-01-11,5.350901412852007,6.805304625192359,naive,UCAYALI
2010-01-18,8.062024795363692,5.350901412852007,naive,UCAYALI
2010-01-25,7.348571273650091,5.350901412852007,naive,UCAYALI
2010-02-01,6.70646310410785,5.350901412852007,naive,UCAYALI
2010-02-08,5.636282821537448,5.350901412852007,naive,UCAYALI
2010-02-15,5.564937469366089,5.636282821537448,naive,UCAYALI
2010-02-22,5.850318878051528,5.636282821537448,naive,UCAYALI
2010-03-01,6.421081695422409,5.636282821537448,naive,UCAYALI
2010-03-08,6.278390991079689,5.636282821537448,naive,UCAYALI
2010-03-15,6.63511775193649,6.278390991079689,naive,UCAYALI
2010-03-22,8.133370147535052,6.278390991079689,naive,UCAYALI
2010-03-29,10.131040008333136,6.278390991079689,naive,UCAYALI
2010-04-05,12.200055221302579,6.278390991079689,naive,UCAYALI
2010-04-12,14.982523955985625,12.200055221302579,naive,UCAYALI
2010-04-19,18.90651832541043,12.200055221302579,naive,UCAYALI
2010-04-26,20.476116073180354,12.200055221302579,naive,UCAYALI
2010-05-03,20.761497481865792,12.200055221302579,naive,UCAYALI
2010-05-10,18.12171945152547,20.761497481865792,naive,UCAYALI
2010-05-17,19.19189973409587,20.761497481865792,naive,UCAYALI
2010-05-24,17.479611281983228,20.761497481865792,naive,UCAYALI
2010-05-31,16.124049590727385,20.761497481865792,naive,UCAYALI
2010-06-07,11.415256347417618,16.124049590727385,naive,UCAYALI
2010-06-14,9.060859725762732,16.124049590727385,naive,UCAYALI
2010-06-21,10.273730712675855,16.124049590727385,naive,UCAYALI
2010-06-28,9.988349303990415,16.124049590727385,naive,UCAYALI
2010-07-05,9.417586486619534,9.988349303990415,naive,UCAYALI
2010-07-12,6.635117751936488,9.988349303990415,naive,UCAYALI
2010-07-19,6.563772399765128,9.988349303990415,naive,UCAYALI
2010-07-26,6.492427047593768,9.988349303990415,naive,UCAYALI
2010-08-02,5.921664230222888,6.492427047593768,naive,UCAYALI
2010-08-09,6.06435493456561,6.492427047593768,naive,UCAYALI
2010-08-16,6.064354934565608,6.492427047593768,naive,UCAYALI
2010-08-23,5.636282821537448,6.492427047593768,naive,UCAYALI
2010-08-30,5.921664230222888,5.636282821537448,naive,UCAYALI
2010-09-06,6.064354934565607,5.636282821537448,naive,UCAYALI
2010-09-13,6.777808456279208,5.636282821537448,naive,UCAYALI
2010-09-20,6.991844512793288,5.636282821537448,naive,UCAYALI
2010-09-27,6.064354934565607,6.991844512793288,naive,UCAYALI
2010-10-04,7.063189864964649,6.991844512793288,naive,UCAYALI
2010-10-11,7.56260733016417,6.991844512793288,naive,UCAYALI
2010-10-18,8.06202479536369,6.991844512793288,naive,UCAYALI
2010-10-25,6.563772399765128,8.06202479536369,naive,UCAYALI
2010-11-01,4.209375778110244,8.06202479536369,naive,UCAYALI
2010-11-08,3.923994369424804,8.06202479536369,naive,UCAYALI
2010-11-15,4.138030425938884,8.06202479536369,naive,UCAYALI
2010-11-22,4.637447891138406,4.138030425938884,naive,UCAYALI
2010-11-29,4.3520664824529645,4.138030425938884,naive,UCAYALI
2010-12-06,4.138030425938884,4.138030425938884,naive,UCAYALI
2010-12-13,4.3520664824529645,4.138030425938884,naive,UCAYALI
2010-12-20,3.7099583129107234,4.3520664824529645,naive,UCAYALI
2010-12-27,2.9965047911971223,4.3520664824529645,naive,UCAYALI
2011-01-03,3.5881334741121598,4.3520664824529645,naive,UCAYALI
2011-01-10,4.270254900677841,4.3520664824529645,naive,UCAYALI
2011-01-17,4.9419322955275495,4.270254900677841,naive,UCAYALI
2011-01-24,4.593908894434059,4.270254900677841,naive,UCAYALI
2011-01-31,4.9419322955275495,4.270254900677841,naive,UCAYALI
2011-02-07,4.385094853777966,4.270254900677841,naive,UCAYALI
2011-02-14,4.4546995339966635,4.385094853777966,naive,UCAYALI
2011-02-21,4.106676132903174,4.385094853777966,naive,UCAYALI
2011-02-28,4.315490173559268,4.385094853777966,naive,UCAYALI
2011-03-07,4.176280813121871,4.385094853777966,naive,UCAYALI
2011-03-14,4.385094853777965,4.176280813121871,naive,UCAYALI
2011-03-21,5.498769737277132,4.176280813121871,naive,UCAYALI
2011-03-28,6.055607179026715,4.176280813121871,naive,UCAYALI
2011-04-04,7.865328864712861,4.176280813121871,naive,UCAYALI
2011-04-11,10.997539474554266,7.865328864712861,naive,UCAYALI
2011-04-18,12.59844711958432,7.865328864712861,naive,UCAYALI
2011-04-25,13.016075200896504,7.865328864712861,naive,UCAYALI
2011-05-02,12.87686584045911,7.865328864712861,naive,UCAYALI
2011-05-09,13.294493921771299,12.87686584045911,naive,UCAYALI
2011-05-16,12.59844711958432,12.87686584045911,naive,UCAYALI
2011-05-23,9.466236509742913,12.87686584045911,naive,UCAYALI
2011-05-30,8.630980347118538,12.87686584045911,naive,UCAYALI
2011-06-06,9.048608428430725,8.630980347118538,naive,UCAYALI
2011-06-13,9.60544587018031,8.630980347118538,naive,UCAYALI
2011-06-20,8.143747585587652,8.630980347118538,naive,UCAYALI
2011-06-27,6.334025899901506,8.630980347118538,naive,UCAYALI
2011-07-04,6.473235260338902,6.334025899901506,naive,UCAYALI
2011-07-11,7.030072702088485,6.334025899901506,naive,UCAYALI
2011-07-18,7.16928206252588,6.334025899901506,naive,UCAYALI
2011-07-25,5.707583777933224,6.334025899901506,naive,UCAYALI
2011-08-01,4.802722935090152,5.707583777933224,naive,UCAYALI
2011-08-08,4.1762808131218705,5.707583777933224,naive,UCAYALI
2011-08-15,3.3410246504974963,5.707583777933224,naive,UCAYALI
2011-08-22,3.271419970278798,5.707583777933224,naive,UCAYALI
2011-08-29,3.3410246504974954,3.271419970278798,naive,UCAYALI
2011-09-05,4.593908894434058,3.271419970278798,naive,UCAYALI
2011-09-12,4.6635135746527565,3.271419970278798,naive,UCAYALI
2011-09-19,4.593908894434058,3.271419970278798,naive,UCAYALI
2011-09-26,3.1322106098414024,4.593908894434058,naive,UCAYALI
2011-10-03,2.644977848310517,4.593908894434058,naive,UCAYALI
2011-10-10,3.1322106098414024,4.593908894434058,naive,UCAYALI
2011-10-17,3.8282574120283814,4.593908894434058,naive,UCAYALI
2011-10-24,3.7586527318096827,3.8282574120283814,naive,UCAYALI
2011-10-31,3.2018152900601002,3.8282574120283814,naive,UCAYALI
2011-11-07,3.3410246504974963,3.8282574120283814,naive,UCAYALI
2011-11-14,2.9233965691853085,3.8282574120283814,naive,UCAYALI
2011-11-21,2.7841872087479125,2.9233965691853085,naive,UCAYALI
2011-11-28,2.6449778483105164,2.9233965691853085,naive,UCAYALI
2011-12-05,2.7841872087479125,2.9233965691853085,naive,UCAYALI
2011-12-12,3.3410246504974954,2.9233965691853085,naive,UCAYALI
2011-12-19,3.062605929622704,3.3410246504974954,naive,UCAYALI
2011-12-26,3.1322106098414024,3.3410246504974954,naive,UCAYALI
2012-01-02,3.029453546964083,3.3410246504974954,naive,UCAYALI
2012-01-09,3.755322170179415,3.3410246504974954,naive,UCAYALI
2012-01-16,4.280664848403308,3.755322170179415,naive,UCAYALI
2012-01-23,4.280664848403308,3.755322170179415,naive,UCAYALI
2012-01-30,3.533247176459873,3.755322170179415,naive,UCAYALI
2012-02-06,3.057617748859505,3.755322170179415,naive,UCAYALI
2012-02-13,2.8537765656022045,3.057617748859505,naive,UCAYALI
2012-02-20,2.7858295045164376,3.057617748859505,naive,UCAYALI
2012-02-27,3.7370883597171733,3.057617748859505,naive,UCAYALI
2012-03-05,4.280664848403308,3.057617748859505,naive,UCAYALI
2012-03-12,5.367817825775578,4.280664848403308,naive,UCAYALI
2012-03-19,5.77550019229018,4.280664848403308,naive,UCAYALI
2012-03-26,6.862653169662448,4.280664848403308,naive,UCAYALI
2012-04-02,7.67801790269165,4.280664848403308,naive,UCAYALI
2012-04-09,8.629276757892386,7.67801790269165,naive,UCAYALI
2012-04-16,8.493382635720854,7.67801790269165,naive,UCAYALI
2012-04-23,8.765170880063922,7.67801790269165,naive,UCAYALI
2012-04-30,8.493382635720854,7.67801790269165,naive,UCAYALI
2012-05-07,6.930600230748216,8.493382635720854,naive,UCAYALI
2012-05-14,5.367817825775578,8.493382635720854,naive,UCAYALI
2012-05-21,3.261458932116806,8.493382635720854,naive,UCAYALI
2012-05-28,4.1447707262317754,8.493382635720854,naive,UCAYALI
2012-06-04,5.299870764689811,4.1447707262317754,naive,UCAYALI
2012-06-11,7.678017902691651,4.1447707262317754,naive,UCAYALI
2012-06-18,7.813912024863185,4.1447707262317754,naive,UCAYALI
2012-06-25,6.522917864233615,4.1447707262317754,naive,UCAYALI
2012-07-02,6.18318255880478,6.522917864233615,naive,UCAYALI
2012-07-09,5.571659009032878,6.522917864233615,naive,UCAYALI
2012-07-16,5.97934137554748,6.522917864233615,naive,UCAYALI
2012-07-23,4.89218839817521,6.522917864233615,naive,UCAYALI
2012-07-30,5.2319237036040445,4.89218839817521,naive,UCAYALI
2012-08-06,5.096029581432511,4.89218839817521,naive,UCAYALI
2012-08-13,4.89218839817521,4.89218839817521,naive,UCAYALI
2012-08-20,4.68834721491791,4.89218839817521,naive,UCAYALI
2012-08-27,4.484506031660609,4.68834721491791,naive,UCAYALI
2012-09-03,4.212717787317541,4.68834721491791,naive,UCAYALI
2012-09-10,4.1447707262317754,4.68834721491791,naive,UCAYALI
2012-09-17,4.6883472149179095,4.68834721491791,naive,UCAYALI
2012-09-24,4.484506031660609,4.6883472149179095,naive,UCAYALI
2012-10-01,4.280664848403308,4.6883472149179095,naive,UCAYALI
2012-10-08,3.2614589321168057,4.6883472149179095,naive,UCAYALI
2012-10-15,3.193511871031039,4.6883472149179095,naive,UCAYALI
2012-10-22,3.5332471764598736,3.193511871031039,naive,UCAYALI
2012-10-29,3.8729824818887075,3.193511871031039,naive,UCAYALI
2012-11-05,5.096029581432512,3.193511871031039,naive,UCAYALI
2012-11-12,5.367817825775579,3.193511871031039,naive,UCAYALI
2012-11-19,5.571659009032879,5.367817825775579,naive,UCAYALI
2012-11-26,4.280664848403309,5.367817825775579,naive,UCAYALI
2012-12-03,4.008876604060242,5.367817825775579,naive,UCAYALI
2012-12-10,4.348611909489076,5.367817825775579,naive,UCAYALI
2012-12-17,5.028082520346744,4.348611909489076,naive,UCAYALI
2012-12-24,6.658811986405149,4.348611909489076,naive,UCAYALI
2012-12-31,6.522917864233616,4.348611909489076,naive,UCAYALI
2013-01-07,7.482059607746561,4.348611909489076,naive,UCAYALI
2013-01-14,5.811814238547659,7.482059607746561,naive,UCAYALI
2013-01-21,5.906611821453076,7.482059607746561,naive,UCAYALI
2013-01-28,5.0438482969711655,7.482059607746561,naive,UCAYALI
2013-02-04,4.579283322250137,7.482059607746561,naive,UCAYALI
2013-02-11,4.048351922568961,4.579283322250137,naive,UCAYALI
2013-02-18,3.7828862227283735,4.579283322250137,naive,UCAYALI
2013-02-25,4.6456497472102845,4.579283322250137,naive,UCAYALI
2013-03-04,6.238443946253811,4.579283322250137,naive,UCAYALI
2013-03-11,6.6366424960146935,6.238443946253811,naive,UCAYALI
2013-03-18,6.570276071054546,6.238443946253811,naive,UCAYALI
2013-03-25,5.906611821453076,6.238443946253811,naive,UCAYALI
2013-04-01,7.9639709952176325,6.238443946253811,naive,UCAYALI
2013-04-08,10.154063018902482,7.9639709952176325,naive,UCAYALI
2013-04-15,12.211422192667037,7.9639709952176325,naive,UCAYALI
2013-04-22,11.813223642906157,7.9639709952176325,naive,UCAYALI
2013-04-29,10.353162293782923,7.9639709952176325,naive,UCAYALI
2013-05-06,7.499406020496603,10.353162293782923,naive,UCAYALI
2013-05-13,6.039344671373371,10.353162293782923,naive,UCAYALI
2013-05-20,5.773878971532782,10.353162293782923,naive,UCAYALI
2013-05-27,6.5039096460943995,10.353162293782923,naive,UCAYALI
2013-06-03,6.1057110963335175,6.5039096460943995,naive,UCAYALI
2013-06-10,5.840245396492929,6.5039096460943995,naive,UCAYALI
2013-06-17,5.707512546572635,6.5039096460943995,naive,UCAYALI
2013-06-24,6.238443946253811,6.5039096460943995,naive,UCAYALI
2013-07-01,5.242947571851606,6.238443946253811,naive,UCAYALI
2013-07-08,5.110214721931313,6.238443946253811,naive,UCAYALI
2013-07-15,4.1147183475291085,6.238443946253811,naive,UCAYALI
2013-07-22,4.778382597130578,6.238443946253811,naive,UCAYALI
2013-07-29,4.712016172170431,4.778382597130578,naive,UCAYALI
2013-08-05,5.043848296971166,4.778382597130578,naive,UCAYALI
2013-08-12,4.313817622409549,4.778382597130578,naive,UCAYALI
2013-08-19,4.048351922568961,4.778382597130578,naive,UCAYALI
2013-08-26,6.172077521293665,4.048351922568961,naive,UCAYALI
2013-09-02,6.703008920974841,4.048351922568961,naive,UCAYALI
2013-09-09,7.167573895695868,4.048351922568961,naive,UCAYALI
2013-09-16,4.645649747210284,4.048351922568961,naive,UCAYALI
2013-09-23,3.716519797768226,4.645649747210284,naive,UCAYALI
2013-09-30,2.7210234233660215,4.645649747210284,naive,UCAYALI
2013-10-07,2.190092023684846,4.645649747210284,naive,UCAYALI
2013-10-14,2.5882905734457275,4.645649747210284,naive,UCAYALI
2013-10-21,3.318321248007344,2.5882905734457275,naive,UCAYALI
2013-10-28,3.9156190726486666,2.5882905734457275,naive,UCAYALI
2013-11-04,3.915619072648667,2.5882905734457275,naive,UCAYALI
2013-11-11,4.51291689728999,2.5882905734457275,naive,UCAYALI
2013-11-18,4.579283322250136,4.51291689728999,naive,UCAYALI
2013-11-25,4.645649747210283,4.51291689728999,naive,UCAYALI
2013-12-02,3.451054097927638,4.51291689728999,naive,UCAYALI
2013-12-09,3.18558839808705,4.51291689728999,naive,UCAYALI
2013-12-16,2.853756273286315,3.18558839808705,naive,UCAYALI
2013-12-23,2.256458448644993,3.18558839808705,naive,UCAYALI
2013-12-30,2.4555577235254336,3.18558839808705,naive,UCAYALI
2014-01-06,2.046797797346328,3.18558839808705,naive,UCAYALI
2014-01-13,2.165951734728905,2.046797797346328,naive,UCAYALI
2014-01-20,1.880872050111616,2.046797797346328,naive,UCAYALI
2014-01-27,2.010587363912417,2.046797797346328,naive,UCAYALI
2014-02-03,2.010587363912417,2.046797797346328,naive,UCAYALI
2014-02-10,1.4917261087092115,2.010587363912417,naive,UCAYALI
2014-02-17,1.6214414225100129,2.010587363912417,naive,UCAYALI
2014-02-24,2.075445020812818,2.010587363912417,naive,UCAYALI
2014-03-03,2.3348756484144206,2.010587363912417,naive,UCAYALI
2014-03-10,2.659163932916424,2.3348756484144206,naive,UCAYALI
2014-03-17,2.27001799151402,2.3348756484144206,naive,UCAYALI
2014-03-24,3.372598158820832,2.3348756484144206,naive,UCAYALI
2014-03-31,3.761744100223236,2.3348756484144206,naive,UCAYALI
2014-04-07,4.604893639928445,3.761744100223236,naive,UCAYALI
2014-04-14,4.215747698526041,3.761744100223236,naive,UCAYALI
2014-04-21,4.0860323847252396,3.761744100223236,naive,UCAYALI
2014-04-28,3.9563170709244377,3.761744100223236,naive,UCAYALI
2014-05-05,4.864324267530048,3.9563170709244377,naive,UCAYALI
2014-05-12,6.03176209173726,3.9563170709244377,naive,UCAYALI
2014-05-19,7.134342259044073,3.9563170709244377,naive,UCAYALI
2014-05-26,6.420908033139665,3.9563170709244377,naive,UCAYALI
2014-06-02,5.966904434836859,6.420908033139665,naive,UCAYALI
2014-06-09,6.096619748637661,6.420908033139665,naive,UCAYALI
2014-06-16,6.810053974542068,6.420908033139665,naive,UCAYALI
2014-06-23,6.680338660741267,6.420908033139665,naive,UCAYALI
2014-06-30,6.03176209173726,6.680338660741267,naive,UCAYALI
2014-07-07,4.864324267530049,6.680338660741267,naive,UCAYALI
2014-07-14,5.253470208932452,6.680338660741267,naive,UCAYALI
2014-07-21,4.9291819244304484,6.680338660741267,naive,UCAYALI
2014-07-28,5.058897238231249,4.9291819244304484,naive,UCAYALI
2014-08-04,4.669751296828846,4.9291819244304484,naive,UCAYALI
2014-08-11,4.0860323847252396,4.9291819244304484,naive,UCAYALI
2014-08-18,3.956317070924438,4.9291819244304484,naive,UCAYALI
2014-08-25,3.17802518811963,3.956317070924438,naive,UCAYALI
2014-09-01,3.1131675312192293,3.956317070924438,naive,UCAYALI
2014-09-08,3.2428828450200307,3.956317070924438,naive,UCAYALI
2014-09-15,3.2428828450200307,3.956317070924438,naive,UCAYALI
2014-09-22,3.4374558157212327,3.2428828450200307,naive,UCAYALI
2014-09-29,2.9185945605180272,3.2428828450200307,naive,UCAYALI
2014-10-06,2.724021589816825,3.2428828450200307,naive,UCAYALI
2014-10-13,2.594306276016024,3.2428828450200307,naive,UCAYALI
2014-10-20,2.8537369036176266,2.594306276016024,naive,UCAYALI
2014-10-27,2.659163932916424,2.594306276016024,naive,UCAYALI
2014-11-03,3.3077405019204313,2.594306276016024,naive,UCAYALI
2014-11-10,3.3077405019204313,2.594306276016024,naive,UCAYALI
2014-11-17,4.021174727824839,3.3077405019204313,naive,UCAYALI
2014-11-24,3.4374558157212327,3.3077405019204313,naive,UCAYALI
2014-12-01,3.567171129522034,3.3077405019204313,naive,UCAYALI
2014-12-08,2.724021589816825,3.3077405019204313,naive,UCAYALI
2014-12-15,3.372598158820832,2.724021589816825,naive,UCAYALI
2014-12-22,3.2428828450200307,2.724021589816825,naive,UCAYALI
2014-12-29,4.540035983028045,2.724021589816825,naive,UCAYALI
2015-01-05,3.2962069613961194,2.724021589816825,naive,UCAYALI
2015-01-12,3.212607301143711,3.2962069613961194,naive,UCAYALI
2015-01-19,2.5366385733944625,3.2962069613961194,naive,UCAYALI
2015-01-26,3.1707982167430795,3.2962069613961194,naive,UCAYALI
2015-02-02,3.6781259314219725,3.2962069613961194,naive,UCAYALI
2015-02-09,3.4878780384173873,3.6781259314219725,naive,UCAYALI
2015-02-16,3.1073822524082177,3.6781259314219725,naive,UCAYALI
2015-02-23,3.995205753096281,3.6781259314219725,naive,UCAYALI
2015-03-02,4.8196132894494825,3.6781259314219725,naive,UCAYALI
2015-03-09,7.356251862843949,4.8196132894494825,naive,UCAYALI
2015-03-16,8.94165097121549,4.8196132894494825,naive,UCAYALI
2015-03-23,9.766058507568692,4.8196132894494825,naive,UCAYALI
2015-03-30,8.370907292201736,4.8196132894494825,naive,UCAYALI
2015-04-06,7.673331684518256,8.370907292201736,naive,UCAYALI
2015-04-13,7.03917204116964,8.370907292201736,naive,UCAYALI
2015-04-20,7.229419934174224,8.370907292201736,naive,UCAYALI
2015-04-27,7.546499755848534,8.370907292201736,naive,UCAYALI
2015-05-04,7.166003969839363,7.546499755848534,naive,UCAYALI
2015-05-11,7.356251862843949,7.546499755848534,naive,UCAYALI
2015-05-18,5.5806048614678225,7.546499755848534,naive,UCAYALI
2015-05-25,5.707436790137546,7.546499755848534,naive,UCAYALI
2015-06-01,4.185453646100865,5.707436790137546,naive,UCAYALI
2015-06-08,4.185453646100866,5.707436790137546,naive,UCAYALI
2015-06-15,4.122037681766005,5.707436790137546,naive,UCAYALI
2015-06-22,4.122037681766005,5.707436790137546,naive,UCAYALI
2015-06-29,4.946445218119206,4.122037681766005,naive,UCAYALI
2015-07-06,5.3269410041283765,4.122037681766005,naive,UCAYALI
2015-07-13,5.707436790137546,4.122037681766005,naive,UCAYALI
2015-07-20,4.439117503440312,4.122037681766005,naive,UCAYALI
2015-07-27,3.614709967087111,4.439117503440312,naive,UCAYALI
2015-08-03,3.4244620740825256,4.439117503440312,naive,UCAYALI
2015-08-10,3.4878780384173873,4.439117503440312,naive,UCAYALI
2015-08-17,3.1707982167430795,4.439117503440312,naive,UCAYALI
2015-08-24,3.551294002752249,3.1707982167430795,naive,UCAYALI
2015-08-31,3.1073822524082177,3.1707982167430795,naive,UCAYALI
2015-09-07,3.8683738244265577,3.1707982167430795,naive,UCAYALI
2015-09-14,3.297630145412803,3.1707982167430795,naive,UCAYALI
2015-09-21,4.3122855747705895,3.297630145412803,naive,UCAYALI
2015-09-28,4.122037681766004,3.297630145412803,naive,UCAYALI
2015-10-05,5.136693111123791,3.297630145412803,naive,UCAYALI
2015-10-12,4.248869610435728,3.297630145412803,naive,UCAYALI
2015-10-19,3.931789788761419,4.248869610435728,naive,UCAYALI
2015-10-26,3.297630145412803,4.248869610435728,naive,UCAYALI
2015-11-02,3.8683738244265577,4.248869610435728,naive,UCAYALI
2015-11-09,3.7415418957568343,4.248869610435728,naive,UCAYALI
2015-11-16,4.0586217174311425,3.7415418957568343,naive,UCAYALI
2015-11-23,3.614709967087111,3.7415418957568343,naive,UCAYALI
2015-11-30,3.7415418957568343,3.7415418957568343,naive,UCAYALI
2015-12-07,3.6781259314219725,3.7415418957568343,naive,UCAYALI
2015-12-14,3.9952057530962812,3.6781259314219725,naive,UCAYALI
2015-12-21,3.8683738244265577,3.6781259314219725,naive,UCAYALI
2015-12-28,2.4732226090596017,3.6781259314219725,naive,UCAYALI
2016-01-04,2.4428847678711207,3.6781259314219725,naive,UCAYALI
2016-01-11,3.1018485776783504,2.4428847678711207,naive,UCAYALI
2016-01-18,4.714809838071094,2.4428847678711207,naive,UCAYALI
2016-01-25,4.714809838071094,2.4428847678711207,naive,UCAYALI
2016-02-01,4.528698923410393,2.4428847678711207,naive,UCAYALI
2016-02-08,4.156477094088991,4.528698923410393,naive,UCAYALI
2016-02-15,4.714809838071094,4.528698923410393,naive,UCAYALI
2016-02-22,4.094440122535423,4.528698923410393,naive,UCAYALI
2016-02-29,4.590735894963959,4.528698923410393,naive,UCAYALI
2016-03-07,3.4120334354461854,4.590735894963959,naive,UCAYALI
2016-03-14,3.9703661794282894,4.590735894963959,naive,UCAYALI
2016-03-21,3.5361073785533192,4.590735894963959,naive,UCAYALI
2016-03-28,4.032403150981856,4.590735894963959,naive,UCAYALI
2016-04-04,4.652772866517527,4.032403150981856,naive,UCAYALI
2016-04-11,5.521290468267465,4.032403150981856,naive,UCAYALI
2016-04-18,7.32036264332091,4.032403150981856,naive,UCAYALI
2016-04-25,7.258325671767342,4.032403150981856,naive,UCAYALI
2016-05-02,7.75462144419588,7.258325671767342,naive,UCAYALI
2016-05-09,7.506473557981612,7.258325671767342,naive,UCAYALI
2016-05-16,8.747212989052953,7.258325671767342,naive,UCAYALI
2016-05-23,8.871286932160087,7.258325671767342,naive,UCAYALI
2016-05-30,9.181471789927924,8.871286932160087,naive,UCAYALI
2016-06-06,8.80924996060652,8.871286932160087,naive,UCAYALI
2016-06-13,9.305545733035059,8.871286932160087,naive,UCAYALI
2016-06-20,8.064806301963715,8.871286932160087,naive,UCAYALI
2016-06-27,9.305545733035055,8.064806301963715,naive,UCAYALI
2016-07-04,8.80924996060652,8.064806301963715,naive,UCAYALI
2016-07-11,10.422211220999264,8.064806301963715,naive,UCAYALI
2016-07-18,8.126843273517283,8.064806301963715,naive,UCAYALI
2016-07-25,7.196288700213777,8.126843273517283,naive,UCAYALI
2016-08-01,5.21110561049963,8.126843273517283,naive,UCAYALI
2016-08-08,5.335179553606764,8.126843273517283,naive,UCAYALI
2016-08-15,4.900920752731795,8.126843273517283,naive,UCAYALI
2016-08-22,4.094440122535423,4.900920752731795,naive,UCAYALI
2016-08-29,3.7842552647675873,4.900920752731795,naive,UCAYALI
2016-09-05,4.156477094088991,4.900920752731795,naive,UCAYALI
2016-09-12,4.776846809624661,4.900920752731795,naive,UCAYALI
2016-09-19,4.342588008749692,4.776846809624661,naive,UCAYALI
2016-09-26,2.9777746345712157,4.776846809624661,naive,UCAYALI
2016-10-03,2.9157376630176493,4.776846809624661,naive,UCAYALI
2016-10-10,2.2953679474819784,4.776846809624661,naive,UCAYALI
2016-10-17,3.2879594923390507,2.2953679474819784,naive,UCAYALI
2016-10-24,3.7222182932140204,2.2953679474819784,naive,UCAYALI
2016-10-31,4.652772866517527,2.2953679474819784,naive,UCAYALI
2016-11-07,4.652772866517527,2.2953679474819784,naive,UCAYALI
2016-11-14,3.7222182932140213,4.652772866517527,naive,UCAYALI
2016-11-21,3.5981443501068866,4.652772866517527,naive,UCAYALI
2016-11-28,2.7296267483569476,4.652772866517527,naive,UCAYALI
2016-12-05,3.0398116061247826,4.652772866517527,naive,UCAYALI
2016-12-12,2.5435158336962465,3.0398116061247826,naive,UCAYALI
2016-12-19,2.9777746345712157,3.0398116061247826,naive,UCAYALI
2016-12-26,2.853700691464082,3.0398116061247826,naive,UCAYALI
2017-01-02,2.8338962483978443,3.0398116061247826,naive,UCAYALI
2017-01-09,2.75205483377804,2.8338962483978443,naive,UCAYALI
2017-01-16,2.246516987918593,2.8338962483978443,naive,UCAYALI
2017-01-23,1.9429336111728368,2.8338962483978443,naive,UCAYALI
2017-01-30,1.6393502344270805,2.8338962483978443,naive,UCAYALI
2017-02-06,2.853683741410105,1.6393502344270805,naive,UCAYALI
2017-02-13,3.035833767457559,1.6393502344270805,naive,UCAYALI
2017-02-20,3.8251505469965252,1.6393502344270805,naive,UCAYALI
2017-02-27,3.2787004688541646,1.6393502344270805,naive,UCAYALI
2017-03-06,3.7037171962982227,3.2787004688541646,naive,UCAYALI
2017-03-13,3.4608504949016177,3.2787004688541646,naive,UCAYALI
2017-03-20,3.7037171962982227,3.2787004688541646,naive,UCAYALI
2017-03-27,5.03948405397955,3.2787004688541646,naive,UCAYALI
2017-04-03,6.921700989803238,5.03948405397955,naive,UCAYALI
2017-04-10,9.836101406562497,5.03948405397955,naive,UCAYALI
2017-04-17,10.382551484704857,5.03948405397955,naive,UCAYALI
2017-04-24,10.01825143260995,5.03948405397955,naive,UCAYALI
2017-05-01,7.832451120040506,10.01825143260995,naive,UCAYALI
2017-05-08,6.739550963755785,10.01825143260995,naive,UCAYALI
2017-05-15,5.768084158169365,10.01825143260995,naive,UCAYALI
2017-05-22,5.707367482820214,10.01825143260995,naive,UCAYALI
2017-05-29,4.9180507032812475,5.707367482820214,naive,UCAYALI
2017-06-05,4.7966173525829445,5.707367482820214,naive,UCAYALI
2017-06-12,3.7037171962982227,5.707367482820214,naive,UCAYALI
2017-06-19,4.189450599091432,5.707367482820214,naive,UCAYALI
2017-06-26,3.703717196298222,4.189450599091432,naive,UCAYALI
2017-07-03,3.825150546996524,4.189450599091432,naive,UCAYALI
2017-07-10,3.5215671702507687,4.189450599091432,naive,UCAYALI
2017-07-17,3.2179837935050126,4.189450599091432,naive,UCAYALI
2017-07-24,2.853683741410105,3.2179837935050126,naive,UCAYALI
2017-07-31,2.0643669618711384,3.2179837935050126,naive,UCAYALI
2017-08-07,2.3072336632677435,3.2179837935050126,naive,UCAYALI
2017-08-14,2.1858003125694414,3.2179837935050126,naive,UCAYALI
2017-08-21,2.2465169879185924,2.1858003125694414,naive,UCAYALI
2017-08-28,2.4286670139660465,2.1858003125694414,naive,UCAYALI
2017-09-04,2.853683741410105,2.1858003125694414,naive,UCAYALI
2017-09-11,3.2179837935050117,2.1858003125694414,naive,UCAYALI
2017-09-18,2.975117092108407,3.2179837935050117,naive,UCAYALI
2017-09-25,2.7929670660609536,3.2179837935050117,naive,UCAYALI
2017-10-02,3.6430005209490712,3.2179837935050117,naive,UCAYALI
2017-10-09,4.432317300488037,3.2179837935050117,naive,UCAYALI
2017-10-16,4.7966173525829445,4.432317300488037,naive,UCAYALI
2017-10-23,3.703717196298222,4.432317300488037,naive,UCAYALI
2017-10-30,3.5822838455999197,4.432317300488037,naive,UCAYALI
2017-11-06,4.12873392374228,4.432317300488037,naive,UCAYALI
2017-11-13,3.5822838455999193,4.12873392374228,naive,UCAYALI
2017-11-20,3.0965504428067097,4.12873392374228,naive,UCAYALI
2017-11-27,2.12508363722029,4.12873392374228,naive,UCAYALI
2017-12-04,3.643000520949071,4.12873392374228,naive,UCAYALI
2017-12-11,3.885867222345676,3.643000520949071,naive,UCAYALI
2017-12-18,4.6751840018846424,3.643000520949071,naive,UCAYALI
2017-12-25,3.6430005209490717,3.643000520949071,naive,UCAYALI
2018-01-01,2.902723719287243,3.643000520949071,naive,UCAYALI
2018-01-08,2.3392893539128625,2.902723719287243,naive,UCAYALI
2018-01-15,3.4599991290346988,2.902723719287243,naive,UCAYALI
2018-01-22,4.116205860403349,2.902723719287243,naive,UCAYALI
2018-01-29,5.1303435361549,2.902723719287243,naive,UCAYALI
2018-02-05,5.1303435361549,5.1303435361549,naive,UCAYALI
2018-02-12,4.7724125917719995,5.1303435361549,naive,UCAYALI
2018-02-19,3.817930073417599,5.1303435361549,naive,UCAYALI
2018-02-26,3.5196542864318494,5.1303435361549,naive,UCAYALI
2018-03-05,3.6986197586232996,3.5196542864318494,naive,UCAYALI
2018-03-12,3.937240388211899,3.5196542864318494,naive,UCAYALI
2018-03-19,3.6986197586232996,3.5196542864318494,naive,UCAYALI
2018-03-26,3.5196542864318494,3.5196542864318494,naive,UCAYALI
2018-04-02,3.281033656843249,3.5196542864318494,naive,UCAYALI
2018-04-09,3.459999129034699,3.5196542864318494,naive,UCAYALI
2018-04-16,4.1758610178005,3.5196542864318494,naive,UCAYALI
2018-04-23,5.18999869355205,3.5196542864318494,naive,UCAYALI
2018-04-30,4.653102276977699,5.18999869355205,naive,UCAYALI
2018-05-07,4.71275743437485,5.18999869355205,naive,UCAYALI
2018-05-14,4.832067749169149,5.18999869355205,naive,UCAYALI
2018-05-21,5.6672399527292505,5.18999869355205,naive,UCAYALI
2018-05-28,5.7268951101264,5.6672399527292505,naive,UCAYALI
2018-06-04,5.18999869355205,5.6672399527292505,naive,UCAYALI
2018-06-11,6.084826054509301,5.6672399527292505,naive,UCAYALI
2018-06-18,7.098963730260851,5.6672399527292505,naive,UCAYALI
2018-06-25,10.320342229706952,7.098963730260851,naive,UCAYALI
2018-07-02,11.632755692444254,7.098963730260851,naive,UCAYALI
2018-07-09,12.945169155181555,7.098963730260851,naive,UCAYALI
2018-07-16,11.394135062855653,7.098963730260851,naive,UCAYALI
2018-07-23,9.902756127926903,11.394135062855653,naive,UCAYALI
2018-07-30,8.113101406012403,11.394135062855653,naive,UCAYALI
2018-08-06,7.576204989438051,11.394135062855653,naive,UCAYALI
2018-08-13,9.246549396558251,11.394135062855653,naive,UCAYALI
2018-08-20,8.471032350395303,9.246549396558251,naive,UCAYALI
2018-08-27,6.86034310067225,9.246549396558251,naive,UCAYALI
2018-09-03,4.5337919621833995,9.246549396558251,naive,UCAYALI
2018-09-10,4.8917229065663,9.246549396558251,naive,UCAYALI
2018-09-17,4.951378063963449,4.8917229065663,naive,UCAYALI
2018-09-24,4.23551617519765,4.8917229065663,naive,UCAYALI
2018-10-01,4.175861017800499,4.8917229065663,naive,UCAYALI
2018-10-08,4.653102276977699,4.8917229065663,naive,UCAYALI
2018-10-15,4.95137806396345,4.653102276977699,naive,UCAYALI
2018-10-22,4.175861017800499,4.653102276977699,naive,UCAYALI
2018-10-29,4.8917229065663,4.653102276977699,naive,UCAYALI
2018-11-05,4.71275743437485,4.653102276977699,naive,UCAYALI
2018-11-12,4.772412591771999,4.71275743437485,naive,UCAYALI
2018-11-19,3.5196542864318485,4.71275743437485,naive,UCAYALI
2018-11-26,3.937240388211899,4.71275743437485,naive,UCAYALI
2018-12-03,4.175861017800499,4.71275743437485,naive,UCAYALI
2018-12-10,4.235516175197649,4.175861017800499,naive,UCAYALI
2018-12-17,3.5196542864318485,4.175861017800499,naive,UCAYALI
2018-12-24,2.5651717680774486,4.175861017800499,naive,UCAYALI
2018-12-31,2.3862062958859984,4.175861017800499,naive,UCAYALI
2019-01-07,2.7081760756389097,2.3862062958859984,naive,UCAYALI
2019-01-14,4.1472478620149476,2.3862062958859984,naive,UCAYALI
2019-01-21,5.16382975143412,2.3862062958859984,naive,UCAYALI
2019-01-28,5.105809192429242,2.3862062958859984,naive,UCAYALI
2019-02-04,4.583624161385342,5.105809192429242,naive,UCAYALI
2019-02-11,3.9453980123316863,5.105809192429242,naive,UCAYALI
2019-02-18,4.757685838399976,5.105809192429242,naive,UCAYALI
2019-02-25,4.989768074419487,5.105809192429242,naive,UCAYALI
2019-03-04,5.744035341482898,4.989768074419487,naive,UCAYALI
2019-03-11,4.931747515414609,4.989768074419487,naive,UCAYALI
2019-03-18,4.757685838399975,4.989768074419487,naive,UCAYALI
2019-03-25,4.409562484370709,4.989768074419487,naive,UCAYALI
2019-04-01,4.757685838399976,4.409562484370709,naive,UCAYALI
2019-04-08,4.409562484370709,4.409562484370709,naive,UCAYALI
2019-04-15,4.177480248351198,4.409562484370709,naive,UCAYALI
2019-04-22,4.1194596893463205,4.409562484370709,naive,UCAYALI
2019-04-29,4.351541925365831,4.1194596893463205,naive,UCAYALI
2019-05-06,5.105809192429243,4.1194596893463205,naive,UCAYALI
2019-05-13,5.802055900487777,4.1194596893463205,naive,UCAYALI
2019-05-20,5.744035341482899,4.1194596893463205,naive,UCAYALI
2019-05-27,4.8157063974048535,5.744035341482899,naive,UCAYALI
2019-06-03,3.7713363353170535,5.744035341482899,naive,UCAYALI
2019-06-10,4.177480248351198,5.744035341482899,naive,UCAYALI
2019-06-17,4.40956248437071,5.744035341482899,naive,UCAYALI
2019-06-24,4.235500807356076,4.40956248437071,naive,UCAYALI
2019-07-01,3.8293568943219314,4.40956248437071,naive,UCAYALI
2019-07-08,3.1911307452682762,4.40956248437071,naive,UCAYALI
2019-07-15,2.668945714224376,4.40956248437071,naive,UCAYALI
2019-07-22,2.436863478204865,2.668945714224376,naive,UCAYALI
2019-07-29,2.784986832234132,2.668945714224376,naive,UCAYALI
2019-08-05,3.2491513042731537,2.668945714224376,naive,UCAYALI
2019-08-12,3.133110186263398,2.668945714224376,naive,UCAYALI
2019-08-19,2.8430073912390093,3.133110186263398,naive,UCAYALI
2019-08-26,2.9590485092487646,3.133110186263398,naive,UCAYALI
2019-09-02,3.3651924222829095,3.133110186263398,naive,UCAYALI
2019-09-09,4.003418571336565,3.133110186263398,naive,UCAYALI
2019-09-16,3.8293568943219314,4.003418571336565,naive,UCAYALI
2019-09-23,3.481233540292665,4.003418571336565,naive,UCAYALI
2019-09-30,2.2047812421853537,4.003418571336565,naive,UCAYALI
2019-10-07,2.55290459621462,4.003418571336565,naive,UCAYALI
2019-10-14,2.784986832234131,2.55290459621462,naive,UCAYALI
2019-10-21,3.5392540992975428,2.55290459621462,naive,UCAYALI
2019-10-28,3.307171863278032,2.55290459621462,naive,UCAYALI
2019-11-04,3.7133157763121765,2.55290459621462,naive,UCAYALI
2019-11-11,3.0750896272585204,3.7133157763121765,naive,UCAYALI
2019-11-18,3.1911307452682762,3.7133157763121765,naive,UCAYALI
2019-11-25,2.668945714224376,3.7133157763121765,naive,UCAYALI
2019-12-02,3.7133157763121756,3.7133157763121765,naive,UCAYALI
2019-12-09,3.5392540992975423,3.7133157763121756,naive,UCAYALI
2019-12-16,4.0614391303414425,3.7133157763121756,naive,UCAYALI
2019-12-23,4.235500807356075,3.7133157763121756,naive,UCAYALI
2019-12-30,4.8157063974048535,3.7133157763121756,naive,UCAYALI
2020-01-06,4.77687957233854,4.8157063974048535,naive,UCAYALI
2020-01-13,4.7337386555981915,4.8157063974048535,naive,UCAYALI
2020-01-20,4.752932389536756,4.8157063974048535,naive,UCAYALI
2020-01-27,4.017359519727496,4.8157063974048535,naive,UCAYALI
2020-02-03,3.734446877493165,4.017359519727496,naive,UCAYALI
2020-02-10,4.017359519727496,4.017359519727496,naive,UCAYALI
2020-02-17,5.262175145558551,4.017359519727496,naive,UCAYALI
2020-02-24,5.318757674005417,4.017359519727496,naive,UCAYALI
2020-03-02,5.2055926171116855,5.318757674005417,naive,UCAYALI
2020-03-09,4.583184804196158,5.318757674005417,naive,UCAYALI
2020-03-16,4.4134372188555595,5.318757674005417,naive,UCAYALI
2020-03-23,3.734446877493165,5.318757674005417,naive,UCAYALI
2020-03-30,2.546213780108975,3.734446877493165,naive,UCAYALI
2020-04-06,1.8672234387465807,3.734446877493165,naive,UCAYALI
2020-04-13,0.961902983596722,3.734446877493165,naive,UCAYALI
2020-04-20,0.7921553982561234,3.734446877493165,naive,UCAYALI
2020-04-27,0.5092427560217926,0.7921553982561234,naive,UCAYALI
2020-05-04,0.8487379267029898,0.7921553982561234,naive,UCAYALI
2020-05-11,0.9053204551498558,0.7921553982561234,naive,UCAYALI
2020-05-18,0.7355728698092573,0.7921553982561234,naive,UCAYALI
2020-05-25,0.3960776991280603,0.7355728698092573,naive,UCAYALI
2020-06-01,0.28291264223432794,0.7355728698092573,naive,UCAYALI
2020-06-08,0.16974758534059556,0.7355728698092573,naive,UCAYALI
2020-06-15,0.28291264223432794,0.7355728698092573,naive,UCAYALI
2020-06-22,0.45266022757492647,0.28291264223432794,naive,UCAYALI
2020-06-29,0.5092427560217926,0.28291264223432794,naive,UCAYALI
2020-07-06,0.6224078129155249,0.28291264223432794,naive,UCAYALI
2020-07-13,0.961902983596722,0.28291264223432794,naive,UCAYALI
2020-07-20,1.244815625831053,0.961902983596722,naive,UCAYALI
2020-07-27,1.0750680404904545,0.961902983596722,naive,UCAYALI
2020-08-03,0.6789903413623911,0.961902983596722,naive,UCAYALI
2020-08-10,0.961902983596722,0.961902983596722,naive,UCAYALI
2020-08-17,0.8487379267029894,0.961902983596722,naive,UCAYALI
2020-08-24,1.3013981542779192,0.961902983596722,naive,UCAYALI
2020-08-31,0.7355728698092574,0.961902983596722,naive,UCAYALI
2020-09-07,0.9053204551498558,0.961902983596722,naive,UCAYALI
2020-09-14,0.5658252844686588,0.9053204551498558,naive,UCAYALI
2020-09-21,0.5658252844686588,0.9053204551498558,naive,UCAYALI
2020-09-28,0.5092427560217926,0.9053204551498558,naive,UCAYALI
2020-10-05,0.9053204551498558,0.9053204551498558,naive,UCAYALI
2020-10-12,1.2448156258310528,0.9053204551498558,naive,UCAYALI
2020-10-19,1.2448156258310528,0.9053204551498558,naive,UCAYALI
2020-10-26,0.7355728698092573,0.9053204551498558,naive,UCAYALI
2020-11-02,0.5092427560217926,0.9053204551498558,naive,UCAYALI
2020-11-09,0.7921553982561235,0.5092427560217926,naive,UCAYALI
2020-11-16,1.1316505689373206,0.5092427560217926,naive,UCAYALI
2020-11-23,1.1316505689373206,0.5092427560217926,naive,UCAYALI
2020-11-30,1.0184855120435883,0.5092427560217926,naive,UCAYALI
2020-12-07,0.9053204551498558,1.0184855120435883,naive,UCAYALI
2020-12-14,1.3579806827247853,1.0184855120435883,naive,UCAYALI
2020-12-21,1.8106409102997147,1.0184855120435883,naive,UCAYALI
2020-12-28,2.0369710240871792,1.0184855120435883,naive,UCAYALI
2021-01-04,2.1326597442564363,2.0369710240871792,naive,UCAYALI
2021-01-11,2.0598491888511288,2.0369710240871792,naive,UCAYALI
2021-01-18,3.2647189021690983,2.0369710240871792,naive,UCAYALI
2021-01-25,3.4860557768924267,2.0369710240871792,naive,UCAYALI
2021-02-01,3.596724214254092,3.4860557768924267,naive,UCAYALI
2021-02-08,2.5453740593182794,3.4860557768924267,naive,UCAYALI
2021-02-15,2.5453740593182794,3.4860557768924267,naive,UCAYALI
2021-02-22,2.6560424966799436,3.4860557768924267,naive,UCAYALI
2021-03-01,4.0393979637007495,2.6560424966799436,naive,UCAYALI
2021-03-08,4.205400619743246,2.6560424966799436,naive,UCAYALI
2021-03-15,4.482071713147407,2.6560424966799436,naive,UCAYALI
2021-03-22,4.150066401062414,2.6560424966799436,naive,UCAYALI
2021-03-29,3.9840637450199172,4.150066401062414,naive,UCAYALI
2021-04-05,3.707392651615756,4.150066401062414,naive,UCAYALI
2021-04-12,2.656042496679944,4.150066401062414,naive,UCAYALI
2021-04-19,3.1540504648074346,4.150066401062414,naive,UCAYALI
2021-04-26,3.430721558211595,3.1540504648074346,naive,UCAYALI
2021-05-03,3.1540504648074346,3.1540504648074346,naive,UCAYALI
2021-05-10,2.434705621956615,3.1540504648074346,naive,UCAYALI
2021-05-17,2.4900398406374475,3.1540504648074346,naive,UCAYALI
2021-05-24,3.098716246126602,2.4900398406374475,naive,UCAYALI
2021-05-31,2.600708277999112,2.4900398406374475,naive,UCAYALI
2021-06-07,1.881363435148293,2.4900398406374475,naive,UCAYALI
2021-06-14,1.604692341744132,2.4900398406374475,naive,UCAYALI
2021-06-21,2.4900398406374475,1.604692341744132,naive,UCAYALI
2021-06-28,2.4347056219566157,1.604692341744132,naive,UCAYALI
2021-07-05,2.4900398406374475,1.604692341744132,naive,UCAYALI
2021-07-12,1.9920318725099577,1.604692341744132,naive,UCAYALI
2021-07-19,1.9366976538291256,1.9920318725099577,naive,UCAYALI
2021-07-26,1.3833554670208033,1.9920318725099577,naive,UCAYALI
2021-08-02,1.05135015493581,1.9920318725099577,naive,UCAYALI
2021-08-09,1.881363435148293,1.9920318725099577,naive,UCAYALI
2021-08-16,2.4347056219566157,1.881363435148293,naive,UCAYALI
2021-08-23,2.9880478087649376,1.881363435148293,naive,UCAYALI
2021-08-30,1.9366976538291256,1.881363435148293,naive,UCAYALI
2021-09-06,1.9366976538291256,1.881363435148293,naive,UCAYALI
2021-09-13,1.2726870296591388,1.9366976538291256,naive,UCAYALI
2021-09-20,1.826029216467461,1.9366976538291256,naive,UCAYALI
2021-09-27,1.6046923417441323,1.9366976538291256,naive,UCAYALI
2021-10-04,1.604692341744132,1.9366976538291256,naive,UCAYALI
2021-10-11,1.1620185922974746,1.604692341744132,naive,UCAYALI
2021-10-18,0.6086764054891523,1.604692341744132,naive,UCAYALI
2021-10-25,0.55334218680832,1.604692341744132,naive,UCAYALI
2021-11-01,0.6086764054891521,1.604692341744132,naive,UCAYALI
2021-11-08,0.7746790615316489,0.6086764054891521,naive,UCAYALI
2021-11-15,0.8853474988933132,0.6086764054891521,naive,UCAYALI
2021-11-22,0.6086764054891521,0.6086764054891521,naive,UCAYALI
2021-11-29,0.4426737494466555,0.6086764054891521,naive,UCAYALI
2021-12-06,0.38733953076582334,0.4426737494466555,naive,UCAYALI
2021-12-13,0.55334218680832,0.4426737494466555,naive,UCAYALI
2021-12-20,0.6640106241699844,0.4426737494466555,naive,UCAYALI
2021-12-27,0.7746790615316489,0.4426737494466555,naive,UCAYALI
2022-01-03,0.7690001028517695,0.7746790615316489,naive,UCAYALI
2022-01-10,1.1991801432026927,0.7746790615316489,naive,UCAYALI
2022-01-17,1.246563819731694,0.7746790615316489,naive,UCAYALI
2022-01-24,1.5175559544559754,0.7746790615316489,naive,UCAYALI
2022-01-31,1.4633575275111192,1.5175559544559754,naive,UCAYALI
2022-02-07,1.3549606736214066,1.5175559544559754,naive,UCAYALI
2022-02-14,1.3549606736214066,1.5175559544559754,naive,UCAYALI
2022-02-21,1.1923653927868374,1.5175559544559754,naive,UCAYALI
2022-02-28,1.30076224667655,1.1923653927868374,naive,UCAYALI
2022-03-07,0.9755716850074121,1.1923653927868374,naive,UCAYALI
2022-03-14,1.1923653927868376,1.1923653927868374,naive,UCAYALI
2022-03-21,1.8427465161251135,1.1923653927868374,naive,UCAYALI
2022-03-28,2.8183182011325285,1.8427465161251135,naive,UCAYALI
2022-04-04,2.7641197741876717,1.8427465161251135,naive,UCAYALI
2022-04-11,2.655722920297959,1.8427465161251135,naive,UCAYALI
2022-04-18,2.5473260664082464,1.8427465161251135,naive,UCAYALI
2022-04-25,3.739691459195086,2.5473260664082464,naive,UCAYALI
2022-05-02,4.227477301698793,2.5473260664082464,naive,UCAYALI
2022-05-09,4.227477301698793,2.5473260664082464,naive,UCAYALI
2022-05-16,3.902286740029655,2.5473260664082464,naive,UCAYALI
2022-05-23,3.631294605305373,3.902286740029655,naive,UCAYALI
2022-05-30,3.5770961783605166,3.902286740029655,naive,UCAYALI
2022-06-06,4.173278874753937,3.902286740029655,naive,UCAYALI
2022-06-13,4.498469436423075,3.902286740029655,naive,UCAYALI
2022-06-20,4.390072582533363,4.498469436423075,naive,UCAYALI
2022-06-27,3.08931033585681,4.498469436423075,naive,UCAYALI
2022-07-04,2.6015244933531028,4.498469436423075,naive,UCAYALI
2022-07-11,3.143508762801666,4.498469436423075,naive,UCAYALI
2022-07-18,2.980913481967097,3.143508762801666,naive,UCAYALI
2022-07-25,2.601524493353103,3.143508762801666,naive,UCAYALI
2022-08-01,3.0893103358568097,3.143508762801666,naive,UCAYALI
2022-08-08,3.848088313084799,3.143508762801666,naive,UCAYALI
2022-08-15,4.335874155588506,3.848088313084799,naive,UCAYALI
2022-08-22,2.8183182011325285,3.848088313084799,naive,UCAYALI
2022-08-29,2.113738650849396,3.848088313084799,naive,UCAYALI
2022-09-05,1.517555954455976,3.848088313084799,naive,UCAYALI
2022-09-12,2.1679370777942517,1.517555954455976,naive,UCAYALI
2022-09-19,2.3305323586288207,1.517555954455976,naive,UCAYALI
2022-09-26,2.3305323586288207,1.517555954455976,naive,UCAYALI
2022-10-03,1.842746516125114,1.517555954455976,naive,UCAYALI
2022-10-10,2.5473260664082464,1.842746516125114,naive,UCAYALI
2022-10-17,3.577096178360517,1.842746516125114,naive,UCAYALI
2022-10-24,3.3603024705810918,1.842746516125114,naive,UCAYALI
2022-10-31,2.5473260664082464,1.842746516125114,naive,UCAYALI
2022-11-07,2.059540223904539,2.5473260664082464,naive,UCAYALI
2022-11-14,2.49312763946339,2.5473260664082464,naive,UCAYALI
2022-11-21,2.49312763946339,2.5473260664082464,naive,UCAYALI
2022-11-28,2.276333931683965,2.5473260664082464,naive,UCAYALI
2022-12-05,2.113738650849396,2.276333931683965,naive,UCAYALI
2022-12-12,2.0595402239045395,2.276333931683965,naive,UCAYALI
2022-12-19,1.5717543814008323,2.276333931683965,naive,UCAYALI
2022-12-26,1.9511433700148266,2.276333931683965,naive,UCAYALI
2023-01-02,1.6738214478472526,1.9511433700148266,naive,UCAYALI
2023-01-09,1.7737785851459087,1.9511433700148266,naive,UCAYALI
2023-01-16,1.7537342582421502,1.9511433700148266,naive,UCAYALI
2023-01-23,1.9663081077260476,1.9511433700148266,naive,UCAYALI
2023-01-30,2.1257384948389704,1.9663081077260476,naive,UCAYALI
2023-02-06,2.1257384948389704,1.9663081077260476,naive,UCAYALI
2023-02-13,2.019451570097022,1.9663081077260476,naive,UCAYALI
2023-02-20,2.3383123443228677,1.9663081077260476,naive,UCAYALI
2023-02-27,2.0725950324679965,2.3383123443228677,naive,UCAYALI
2023-03-06,2.60402965617774,2.3383123443228677,naive,UCAYALI
2023-03-13,1.860021182984099,2.3383123443228677,naive,UCAYALI
2023-03-20,1.4348734840163047,2.3383123443228677,naive,UCAYALI
2023-03-27,1.8068777206131248,1.4348734840163047,naive,UCAYALI
2023-04-03,2.869746968032611,1.4348734840163047,naive,UCAYALI
2023-04-10,3.7200423659681996,1.4348734840163047,naive,UCAYALI
2023-04-17,3.0823208175165084,1.4348734840163047,naive,UCAYALI
2023-04-24,3.241751204629431,3.0823208175165084,naive,UCAYALI
2023-05-01,3.1354642798874828,3.0823208175165084,naive,UCAYALI
2023-05-08,3.8263292907101487,3.0823208175165084,naive,UCAYALI
2023-05-15,3.8263292907101487,3.0823208175165084,naive,UCAYALI
2023-05-22,4.357763914419892,3.8263292907101487,naive,UCAYALI
2023-05-29,4.2514769896779425,3.8263292907101487,naive,UCAYALI
2023-06-05,4.676624688645737,3.8263292907101487,naive,UCAYALI
2023-06-12,4.46405083916184,3.8263292907101487,naive,UCAYALI
2023-06-19,4.517194301532815,4.46405083916184,naive,UCAYALI
2023-06-26,4.995485462871583,4.46405083916184,naive,UCAYALI
2023-07-03,4.889198538129635,4.46405083916184,naive,UCAYALI
2023-07-10,6.164641635033019,4.46405083916184,naive,UCAYALI
2023-07-17,5.261202774726455,6.164641635033019,naive,UCAYALI
2023-07-24,5.845780860807172,6.164641635033019,naive,UCAYALI
2023-07-31,4.304620452048917,6.164641635033019,naive,UCAYALI
2023-08-07,3.6668989035972253,6.164641635033019,naive,UCAYALI
2023-08-14,2.232025419580919,3.6668989035972253,naive,UCAYALI
2023-08-21,2.4445992690648164,3.6668989035972253,naive,UCAYALI
2023-08-28,2.4977427314357907,3.6668989035972253,naive,UCAYALI
2023-09-04,3.0291773551455337,3.6668989035972253,naive,UCAYALI
2023-09-11,2.710316580919688,3.0291773551455337,naive,UCAYALI
2023-09-18,3.0291773551455337,3.0291773551455337,naive,UCAYALI
2023-09-25,3.401181591742354,3.0291773551455337,naive,UCAYALI
2023-10-02,3.1886077422584562,3.0291773551455337,naive,UCAYALI
2023-10-09,3.0823208175165075,3.1886077422584562,naive,UCAYALI
2023-10-16,3.613755441226251,3.1886077422584562,naive,UCAYALI
2023-10-23,4.729768151016711,3.1886077422584562,naive,UCAYALI
2023-10-30,4.517194301532815,3.1886077422584562,naive,UCAYALI
2023-11-06,4.729768151016711,4.517194301532815,naive,UCAYALI
2023-11-13,3.8263292907101487,4.517194301532815,naive,UCAYALI
2023-11-20,3.7731858283391744,4.517194301532815,naive,UCAYALI
2023-11-27,2.9760338927745598,4.517194301532815,naive,UCAYALI
2023-12-04,2.6571731185487137,2.9760338927745598,naive,UCAYALI
2023-12-11,2.816603505661637,2.9760338927745598,naive,UCAYALI
2023-12-18,2.6571731185487137,2.9760338927745598,naive,UCAYALI
2023-12-25,3.241751204629431,2.9760338927745598,naive,UCAYALI
2004-12-27,3.685385970472691,7.776615466433872,seasonal_naive,UCAYALI
2005-01-03,6.7099040755658335,9.793055124285447,seasonal_naive,UCAYALI
2005-01-10,7.061551856265325,11.152592998919042,seasonal_naive,UCAYALI
2005-01-17,8.746694912874096,9.00872126115546,seasonal_naive,UCAYALI
2005-01-24,6.499837504062402,8.271644067060924,seasonal_naive,UCAYALI
2005-01-31,5.456653707114117,7.370771940945378,seasonal_naive,UCAYALI
2005-02-07,8.024490745756053,7.698361804987395,seasonal_naive,UCAYALI
2005-02-14,7.623266208468248,8.271644067060924,seasonal_naive,UCAYALI
2005-02-21,7.382531486095567,8.02595166902941,seasonal_naive,UCAYALI
2005-02-28,5.456653707114115,6.797489678871849,seasonal_naive,UCAYALI
2005-03-07,8.02449074575605,4.750053028609245,seasonal_naive,UCAYALI
2005-03-14,9.78987870982238,3.685385970472691,seasonal_naive,UCAYALI
2005-03-21,11.635511581346272,3.27589864042017,seasonal_naive,UCAYALI
2005-03-28,13.561389360327723,3.357796106430674,seasonal_naive,UCAYALI
2005-04-04,15.086042602021372,4.913847960630253,seasonal_naive,UCAYALI
2005-04-11,16.931675473545265,7.944054203018908,seasonal_naive,UCAYALI
2005-04-18,16.4502060287999,9.418208591207984,seasonal_naive,UCAYALI
2005-04-25,16.12922639896966,10.319080717323528,seasonal_naive,UCAYALI
2005-05-02,15.166287509478934,10.237183251313022,seasonal_naive,UCAYALI
2005-05-09,15.96873658405454,11.875132571523105,seasonal_naive,UCAYALI
2005-05-16,15.487267139309177,12.366517367586132,seasonal_naive,UCAYALI
2005-05-23,13.481144452870167,11.383747775460082,seasonal_naive,UCAYALI
2005-05-30,9.22816435761946,10.073388319292016,seasonal_naive,UCAYALI
2005-06-06,9.22816435761946,8.844926329134454,seasonal_naive,UCAYALI
2005-06-13,8.586205097958976,8.681131397113445,seasonal_naive,UCAYALI
2005-06-20,8.265225468128735,7.7802592709979,seasonal_naive,UCAYALI
2005-06-27,6.981306948807766,7.043182076903363,seasonal_naive,UCAYALI
2005-07-04,6.0986129667746,6.060412484777312,seasonal_naive,UCAYALI
2005-07-11,6.178857874232162,5.487130222703783,seasonal_naive,UCAYALI
2005-07-18,6.259102781689722,5.487130222703783,seasonal_naive,UCAYALI
2005-07-25,6.018368059317041,5.323335290682774,seasonal_naive,UCAYALI
2005-08-01,7.70351111592581,5.159540358661766,seasonal_naive,UCAYALI
2005-08-08,7.9442458382984915,5.24143782467227,seasonal_naive,UCAYALI
2005-08-15,9.147919450161899,4.995745426640758,seasonal_naive,UCAYALI
2005-08-22,7.9442458382984915,4.995745426640759,seasonal_naive,UCAYALI
2005-08-29,6.3393476891472815,5.323335290682774,seasonal_naive,UCAYALI
2005-09-05,5.938123151859479,5.9785150187668075,seasonal_naive,UCAYALI
2005-09-12,5.215918984741435,6.879387144882354,seasonal_naive,UCAYALI
2005-09-19,5.8578782444019195,6.1423099507878165,seasonal_naive,UCAYALI
2005-09-26,6.0986129667746,5.323335290682775,seasonal_naive,UCAYALI
2005-10-03,7.54302130101069,3.931078368504204,seasonal_naive,UCAYALI
2005-10-10,8.425715283043855,5.24143782467227,seasonal_naive,UCAYALI
2005-10-17,8.104735653213613,5.8147200867458,seasonal_naive,UCAYALI
2005-10-24,6.740572226435084,7.7802592709979,seasonal_naive,UCAYALI
2005-10-31,5.617143522029238,7.862156737008404,seasonal_naive,UCAYALI
2005-11-07,5.2159189847414344,8.681131397113445,seasonal_naive,UCAYALI
2005-11-14,5.617143522029237,7.616464338976891,seasonal_naive,UCAYALI
2005-11-21,6.580082411519963,6.306104882808825,seasonal_naive,UCAYALI
2005-11-28,6.981306948807766,5.323335290682775,seasonal_naive,UCAYALI
2005-12-05,8.02449074575605,4.995745426640759,seasonal_naive,UCAYALI
2005-12-12,7.382531486095567,4.750053028609245,seasonal_naive,UCAYALI
2005-12-19,7.543021301010687,5.323335290682775,seasonal_naive,UCAYALI
2005-12-26,5.938123151859479,3.685385970472691,seasonal_naive,UCAYALI
2006-01-02,8.884262561691338,6.7099040755658335,seasonal_naive,UCAYALI
2006-01-09,8.841408546522159,7.061551856265325,seasonal_naive,UCAYALI
2006-01-16,9.281611161845346,8.746694912874096,seasonal_naive,UCAYALI
2006-01-23,6.5285909019759645,6.499837504062402,seasonal_naive,UCAYALI
2006-01-30,6.44993318026541,5.456653707114117,seasonal_naive,UCAYALI
2006-02-06,7.315168119081502,8.024490745756053,seasonal_naive,UCAYALI
2006-02-13,6.764564067107625,7.623266208468248,seasonal_naive,UCAYALI
2006-02-20,6.685906345397072,7.382531486095567,seasonal_naive,UCAYALI
2006-02-27,6.135302293423195,5.456653707114115,seasonal_naive,UCAYALI
2006-03-06,8.573691666450362,8.02449074575605,seasonal_naive,UCAYALI
2006-03-13,11.326711926319744,9.78987870982238,seasonal_naive,UCAYALI
2006-03-20,13.450470412504695,11.635511581346272,seasonal_naive,UCAYALI
2006-03-27,13.135839525662478,13.561389360327723,seasonal_naive,UCAYALI
2006-04-03,15.416913455268537,15.086042602021372,seasonal_naive,UCAYALI
2006-04-10,17.855302828295702,16.931675473545265,seasonal_naive,UCAYALI
2006-04-17,19.821745871059548,16.4502060287999,seasonal_naive,UCAYALI
2006-04-24,16.832752446058503,16.12922639896966,seasonal_naive,UCAYALI
2006-05-01,13.214497247373032,15.166287509478934,seasonal_naive,UCAYALI
2006-05-08,11.877315978293618,15.96873658405454,seasonal_naive,UCAYALI
2006-05-15,14.630336238163002,15.487267139309177,seasonal_naive,UCAYALI
2006-05-22,15.731544342110752,13.481144452870167,seasonal_naive,UCAYALI
2006-05-29,14.944967125005213,9.22816435761946,seasonal_naive,UCAYALI
2006-06-05,10.854765596056419,9.22816435761946,seasonal_naive,UCAYALI
2006-06-12,9.910872935529776,8.586205097958976,seasonal_naive,UCAYALI
2006-06-19,8.652349388160916,8.265225468128735,seasonal_naive,UCAYALI
2006-06-26,10.06818837895088,6.981306948807766,seasonal_naive,UCAYALI
2006-07-03,10.146846100661435,6.0986129667746,seasonal_naive,UCAYALI
2006-07-10,11.248054204609188,6.178857874232162,seasonal_naive,UCAYALI
2006-07-17,11.248054204609188,6.259102781689722,seasonal_naive,UCAYALI
2006-07-24,11.562685091451401,6.018368059317041,seasonal_naive,UCAYALI
2006-07-31,10.933423317766973,7.70351111592581,seasonal_naive,UCAYALI
2006-08-07,8.888322553292575,7.9442458382984915,seasonal_naive,UCAYALI
2006-08-14,7.236510397370947,9.147919450161899,seasonal_naive,UCAYALI
2006-08-21,8.023087614476486,7.9442458382984915,seasonal_naive,UCAYALI
2006-08-28,7.472483562502609,6.3393476891472815,seasonal_naive,UCAYALI
2006-09-04,6.449933180265411,5.938123151859479,seasonal_naive,UCAYALI
2006-09-11,11.405369648030295,5.215918984741435,seasonal_naive,UCAYALI
2006-09-18,13.214497247373032,5.8578782444019195,seasonal_naive,UCAYALI
2006-09-25,13.765101299346908,6.0986129667746,seasonal_naive,UCAYALI
2006-10-02,7.000537232239285,7.54302130101069,seasonal_naive,UCAYALI
2006-10-09,6.921879510528733,8.425715283043855,seasonal_naive,UCAYALI
2006-10-16,6.135302293423194,8.104735653213613,seasonal_naive,UCAYALI
2006-10-23,6.135302293423194,6.740572226435084,seasonal_naive,UCAYALI
2006-10-30,4.640805580922674,5.617143522029238,seasonal_naive,UCAYALI
2006-11-06,4.876778746054335,5.2159189847414344,seasonal_naive,UCAYALI
2006-11-13,5.348725076317657,5.617143522029237,seasonal_naive,UCAYALI
2006-11-20,6.843221788818179,6.580082411519963,seasonal_naive,UCAYALI
2006-11-27,8.101745336187038,6.981306948807766,seasonal_naive,UCAYALI
2006-12-04,8.101745336187038,8.02449074575605,seasonal_naive,UCAYALI
2006-12-11,7.393825840792055,7.382531486095567,seasonal_naive,UCAYALI
2006-12-18,9.360268883555898,7.543021301010687,seasonal_naive,UCAYALI
2006-12-25,9.124295718424237,5.938123151859479,seasonal_naive,UCAYALI
2007-01-01,9.075475981364287,8.884262561691338,seasonal_naive,UCAYALI
2007-01-08,7.524531447888196,8.841408546522159,seasonal_naive,UCAYALI
2007-01-15,8.561663646944762,9.281611161845346,seasonal_naive,UCAYALI
2007-01-22,8.407399437089902,6.5285909019759645,seasonal_naive,UCAYALI
2007-01-29,8.484531542017333,6.44993318026541,seasonal_naive,UCAYALI
2007-02-05,8.561663646944764,7.315168119081502,seasonal_naive,UCAYALI
2007-02-12,8.253135227235042,6.764564067107625,seasonal_naive,UCAYALI
2007-02-19,7.558946282888169,6.685906345397072,seasonal_naive,UCAYALI
2007-02-26,5.939172079412134,6.135302293423195,seasonal_naive,UCAYALI
2007-03-05,5.0135868202829705,8.573691666450362,seasonal_naive,UCAYALI
2007-03-12,5.244983135065261,11.326711926319744,seasonal_naive,UCAYALI
2007-03-19,6.787625233613866,13.450470412504695,seasonal_naive,UCAYALI
2007-03-26,9.101588381436775,13.135839525662478,seasonal_naive,UCAYALI
2007-04-02,10.412834165203089,15.416913455268537,seasonal_naive,UCAYALI
2007-04-09,10.104305745493368,17.855302828295702,seasonal_naive,UCAYALI
2007-04-16,9.950041535638507,19.821745871059548,seasonal_naive,UCAYALI
2007-04-23,10.258569955348227,16.832752446058503,seasonal_naive,UCAYALI
2007-04-30,11.56981573911454,13.214497247373032,seasonal_naive,UCAYALI
2007-05-07,11.492683634187111,11.877315978293618,seasonal_naive,UCAYALI
2007-05-14,9.178720486364204,14.630336238163002,seasonal_naive,UCAYALI
2007-05-21,8.793059961727053,15.731544342110752,seasonal_naive,UCAYALI
2007-05-28,8.484531542017331,14.944967125005213,seasonal_naive,UCAYALI
2007-06-04,10.72136258491281,10.854765596056419,seasonal_naive,UCAYALI
2007-06-11,9.101588381436775,9.910872935529776,seasonal_naive,UCAYALI
2007-06-18,8.17600312230761,8.652349388160916,seasonal_naive,UCAYALI
2007-06-25,6.324832604049285,10.06818837895088,seasonal_naive,UCAYALI
2007-07-02,5.862039974484703,10.146846100661435,seasonal_naive,UCAYALI
2007-07-09,5.862039974484703,11.248054204609188,seasonal_naive,UCAYALI
2007-07-16,6.170568394194423,11.248054204609188,seasonal_naive,UCAYALI
2007-07-23,6.093436289266994,11.562685091451401,seasonal_naive,UCAYALI
2007-07-30,7.86747470259789,10.933423317766973,seasonal_naive,UCAYALI
2007-08-06,7.5589462828881695,8.888322553292575,seasonal_naive,UCAYALI
2007-08-13,7.79034259767046,7.236510397370947,seasonal_naive,UCAYALI
2007-08-20,5.322115239992692,8.023087614476486,seasonal_naive,UCAYALI
2007-08-27,4.705058400573249,7.472483562502609,seasonal_naive,UCAYALI
2007-09-03,5.630643659702412,6.449933180265411,seasonal_naive,UCAYALI
2007-09-10,6.479096813904145,11.405369648030295,seasonal_naive,UCAYALI
2007-09-17,6.710493128686436,13.214497247373032,seasonal_naive,UCAYALI
2007-09-24,7.636078387815599,13.765101299346908,seasonal_naive,UCAYALI
2007-10-01,8.561663646944764,7.000537232239285,seasonal_naive,UCAYALI
2007-10-08,9.101588381436775,6.921879510528733,seasonal_naive,UCAYALI
2007-10-15,8.253135227235042,6.135302293423194,seasonal_naive,UCAYALI
2007-10-22,7.019021548396157,6.135302293423194,seasonal_naive,UCAYALI
2007-10-29,6.093436289266993,4.640805580922674,seasonal_naive,UCAYALI
2007-11-05,4.8593226104281095,4.876778746054335,seasonal_naive,UCAYALI
2007-11-12,5.244983135065261,5.348725076317657,seasonal_naive,UCAYALI
2007-11-19,6.479096813904145,6.843221788818179,seasonal_naive,UCAYALI
2007-11-26,6.633361023759005,8.101745336187038,seasonal_naive,UCAYALI
2007-12-03,6.093436289266993,8.101745336187038,seasonal_naive,UCAYALI
2007-12-10,6.016304184339563,7.393825840792055,seasonal_naive,UCAYALI
2007-12-17,7.019021548396156,9.360268883555898,seasonal_naive,UCAYALI
2007-12-24,8.638795751872191,9.124295718424237,seasonal_naive,UCAYALI
2007-12-31,8.17600312230761,9.075475981364287,seasonal_naive,UCAYALI
2008-01-07,6.9743511282084185,7.524531447888196,seasonal_naive,UCAYALI
2008-01-14,6.663766341275139,8.561663646944762,seasonal_naive,UCAYALI
2008-01-21,7.435061496970779,8.407399437089902,seasonal_naive,UCAYALI
2008-01-28,11.415447954945032,8.484531542017333,seasonal_naive,UCAYALI
2008-02-04,11.415447954945032,8.561663646944764,seasonal_naive,UCAYALI
2008-02-11,12.09136263648783,8.253135227235042,seasonal_naive,UCAYALI
2008-02-18,9.613008804164238,7.558946282888169,seasonal_naive,UCAYALI
2008-02-25,9.387703910316636,5.939172079412134,seasonal_naive,UCAYALI
2008-03-03,10.063618591859436,5.0135868202829705,seasonal_naive,UCAYALI
2008-03-10,8.786890860056374,5.244983135065261,seasonal_naive,UCAYALI
2008-03-17,8.18607780979611,6.787625233613866,seasonal_naive,UCAYALI
2008-03-24,6.083232133885183,9.101588381436775,seasonal_naive,UCAYALI
2008-03-31,6.75914681542798,10.412834165203089,seasonal_naive,UCAYALI
2008-04-07,7.284858234405712,10.104305745493368,seasonal_naive,UCAYALI
2008-04-14,8.035874547231044,9.950041535638507,seasonal_naive,UCAYALI
2008-04-21,10.439126748272102,10.258569955348227,seasonal_naive,UCAYALI
2008-04-28,10.889736535967302,11.56981573911454,seasonal_naive,UCAYALI
2008-05-05,9.688110435446772,11.492683634187111,seasonal_naive,UCAYALI
2008-05-12,8.26117944107864,9.178720486364204,seasonal_naive,UCAYALI
2008-05-19,7.8105696533834434,8.793059961727053,seasonal_naive,UCAYALI
2008-05-26,8.411382703643708,8.484531542017331,seasonal_naive,UCAYALI
2008-06-02,7.510163128253311,10.72136258491281,seasonal_naive,UCAYALI
2008-06-09,7.8105696533834434,9.101588381436775,seasonal_naive,UCAYALI
2008-06-16,8.26117944107864,8.17600312230761,seasonal_naive,UCAYALI
2008-06-23,8.861992491338906,6.324832604049285,seasonal_naive,UCAYALI
2008-06-30,9.087297385186504,5.862039974484703,seasonal_naive,UCAYALI
2008-07-07,10.364025116989568,5.862039974484703,seasonal_naive,UCAYALI
2008-07-14,11.490549586227564,6.170568394194423,seasonal_naive,UCAYALI
2008-07-21,11.340346323662496,6.093436289266994,seasonal_naive,UCAYALI
2008-07-28,10.514228379554634,7.86747470259789,seasonal_naive,UCAYALI
2008-08-04,9.012195753903972,7.5589462828881695,seasonal_naive,UCAYALI
2008-08-11,8.411382703643708,7.79034259767046,seasonal_naive,UCAYALI
2008-08-18,8.186077809796108,5.322115239992692,seasonal_naive,UCAYALI
2008-08-25,8.035874547231042,4.705058400573249,seasonal_naive,UCAYALI
2008-09-01,8.786890860056372,5.630643659702412,seasonal_naive,UCAYALI
2008-09-08,9.688110435446768,6.479096813904145,seasonal_naive,UCAYALI
2008-09-15,9.087297385186504,6.710493128686436,seasonal_naive,UCAYALI
2008-09-22,8.71178922877384,7.636078387815599,seasonal_naive,UCAYALI
2008-09-29,6.909350077993046,8.561663646944764,seasonal_naive,UCAYALI
2008-10-06,6.684045184145447,9.101588381436775,seasonal_naive,UCAYALI
2008-10-13,6.233435396450247,8.253135227235042,seasonal_naive,UCAYALI
2008-10-20,7.6603663908183774,7.019021548396157,seasonal_naive,UCAYALI
2008-10-27,8.786890860056372,6.093436289266993,seasonal_naive,UCAYALI
2008-11-03,9.68811043544677,4.8593226104281095,seasonal_naive,UCAYALI
2008-11-10,8.26117944107864,5.244983135065261,seasonal_naive,UCAYALI
2008-11-17,6.909350077993046,6.479096813904145,seasonal_naive,UCAYALI
2008-11-24,5.257114189777318,6.633361023759005,seasonal_naive,UCAYALI
2008-12-01,6.383638659015314,6.093436289266993,seasonal_naive,UCAYALI
2008-12-08,5.782825608755048,6.016304184339563,seasonal_naive,UCAYALI
2008-12-15,6.30853702773278,7.019021548396156,seasonal_naive,UCAYALI
2008-12-22,5.031809295929718,8.638795751872191,seasonal_naive,UCAYALI
2008-12-29,6.30853702773278,8.17600312230761,seasonal_naive,UCAYALI
2009-01-05,6.254600271234607,6.9743511282084185,seasonal_naive,UCAYALI
2009-01-12,6.499143727134488,6.663766341275139,seasonal_naive,UCAYALI
2009-01-19,6.512603350990538,7.435061496970779,seasonal_naive,UCAYALI
2009-01-26,6.951655262293271,11.415447954945032,seasonal_naive,UCAYALI
2009-02-02,8.12246035910056,11.415447954945032,seasonal_naive,UCAYALI
2009-02-09,9.146914818806936,12.09136263648783,seasonal_naive,UCAYALI
2009-02-16,10.171369278513312,9.613008804164238,seasonal_naive,UCAYALI
2009-02-23,10.464070552715134,9.387703910316636,seasonal_naive,UCAYALI
2009-03-02,11.488525012421512,10.063618591859436,seasonal_naive,UCAYALI
2009-03-09,13.976485843136997,8.786890860056374,seasonal_naive,UCAYALI
2009-03-16,17.342550496457946,8.18607780979611,seasonal_naive,UCAYALI
2009-03-23,19.464634734421157,6.083232133885183,seasonal_naive,UCAYALI
2009-03-30,19.90368664572389,6.75914681542798,seasonal_naive,UCAYALI
2009-04-06,19.098758141668878,7.284858234405712,seasonal_naive,UCAYALI
2009-04-13,16.903498585155216,8.035874547231044,seasonal_naive,UCAYALI
2009-04-20,13.830135206036084,10.439126748272102,seasonal_naive,UCAYALI
2009-04-27,11.342174375320598,10.889736535967302,seasonal_naive,UCAYALI
2009-05-04,10.610421189816044,9.688110435446772,seasonal_naive,UCAYALI
2009-05-11,11.122648419669233,8.26117944107864,seasonal_naive,UCAYALI
2009-05-18,9.3664407744583,7.8105696533834434,seasonal_naive,UCAYALI
2009-05-25,8.927388863155569,8.411382703643708,seasonal_naive,UCAYALI
2009-06-01,7.390707173596002,7.510163128253311,seasonal_naive,UCAYALI
2009-06-08,8.415161633302379,7.8105696533834434,seasonal_naive,UCAYALI
2009-06-15,8.781038226054656,8.26117944107864,seasonal_naive,UCAYALI
2009-06-22,9.293265455907845,8.861992491338906,seasonal_naive,UCAYALI
2009-06-29,8.122460359100558,9.087297385186504,seasonal_naive,UCAYALI
2009-07-06,8.122460359100558,10.364025116989568,seasonal_naive,UCAYALI
2009-07-13,7.829759084898735,11.490549586227564,seasonal_naive,UCAYALI
2009-07-20,8.927388863155569,11.340346323662496,seasonal_naive,UCAYALI
2009-07-27,7.756583766348279,10.514228379554634,seasonal_naive,UCAYALI
2009-08-03,7.976109721999646,9.012195753903972,seasonal_naive,UCAYALI
2009-08-10,8.268810996201468,8.411382703643708,seasonal_naive,UCAYALI
2009-08-17,8.122460359100556,8.186077809796108,seasonal_naive,UCAYALI
2009-08-24,8.195635677651012,8.035874547231042,seasonal_naive,UCAYALI
2009-08-31,8.122460359100556,8.786890860056372,seasonal_naive,UCAYALI
2009-09-07,9.220090137357388,9.688110435446768,seasonal_naive,UCAYALI
2009-09-14,8.634687588953744,9.087297385186504,seasonal_naive,UCAYALI
2009-09-21,7.537057810696911,8.71178922877384,seasonal_naive,UCAYALI
2009-09-28,6.805304625192357,6.909350077993046,seasonal_naive,UCAYALI
2009-10-05,6.293077395339169,6.684045184145447,seasonal_naive,UCAYALI
2009-10-12,6.658953988091447,6.233435396450247,seasonal_naive,UCAYALI
2009-10-19,6.219902076788713,7.6603663908183774,seasonal_naive,UCAYALI
2009-10-26,7.098005899394178,8.786890860056372,seasonal_naive,UCAYALI
2009-11-02,8.634687588953744,9.68811043544677,seasonal_naive,UCAYALI
2009-11-09,9.951843322861944,8.26117944107864,seasonal_naive,UCAYALI
2009-11-16,10.537245871265588,6.909350077993046,seasonal_naive,UCAYALI
2009-11-23,10.610421189816044,5.257114189777318,seasonal_naive,UCAYALI
2009-11-30,9.3664407744583,6.383638659015314,seasonal_naive,UCAYALI
2009-12-07,9.073739500256478,5.782825608755048,seasonal_naive,UCAYALI
2009-12-14,6.805304625192359,6.30853702773278,seasonal_naive,UCAYALI
2009-12-21,6.219902076788714,5.031809295929718,seasonal_naive,UCAYALI
2009-12-28,3.292889334770495,6.30853702773278,seasonal_naive,UCAYALI
2010-01-04,4.677707151478504,6.254600271234607,seasonal_naive,UCAYALI
2010-01-11,5.350901412852007,6.499143727134488,seasonal_naive,UCAYALI
2010-01-18,8.062024795363692,6.512603350990538,seasonal_naive,UCAYALI
2010-01-25,7.348571273650091,6.951655262293271,seasonal_naive,UCAYALI
2010-02-01,6.70646310410785,8.12246035910056,seasonal_naive,UCAYALI
2010-02-08,5.636282821537448,9.146914818806936,seasonal_naive,UCAYALI
2010-02-15,5.564937469366089,10.171369278513312,seasonal_naive,UCAYALI
2010-02-22,5.850318878051528,10.464070552715134,seasonal_naive,UCAYALI
2010-03-01,6.421081695422409,11.488525012421512,seasonal_naive,UCAYALI
2010-03-08,6.278390991079689,13.976485843136997,seasonal_naive,UCAYALI
2010-03-15,6.63511775193649,17.342550496457946,seasonal_naive,UCAYALI
2010-03-22,8.133370147535052,19.464634734421157,seasonal_naive,UCAYALI
2010-03-29,10.131040008333136,19.90368664572389,seasonal_naive,UCAYALI
2010-04-05,12.200055221302579,19.098758141668878,seasonal_naive,UCAYALI
2010-04-12,14.982523955985625,16.903498585155216,seasonal_naive,UCAYALI
2010-04-19,18.90651832541043,13.830135206036084,seasonal_naive,UCAYALI
2010-04-26,20.476116073180354,11.342174375320598,seasonal_naive,UCAYALI
2010-05-03,20.761497481865792,10.610421189816044,seasonal_naive,UCAYALI
2010-05-10,18.12171945152547,11.122648419669233,seasonal_naive,UCAYALI
2010-05-17,19.19189973409587,9.3664407744583,seasonal_naive,UCAYALI
2010-05-24,17.479611281983228,8.927388863155569,seasonal_naive,UCAYALI
2010-05-31,16.124049590727385,7.390707173596002,seasonal_naive,UCAYALI
2010-06-07,11.415256347417618,8.415161633302379,seasonal_naive,UCAYALI
2010-06-14,9.060859725762732,8.781038226054656,seasonal_naive,UCAYALI
2010-06-21,10.273730712675855,9.293265455907845,seasonal_naive,UCAYALI
2010-06-28,9.988349303990415,8.122460359100558,seasonal_naive,UCAYALI
2010-07-05,9.417586486619534,8.122460359100558,seasonal_naive,UCAYALI
2010-07-12,6.635117751936488,7.829759084898735,seasonal_naive,UCAYALI
2010-07-19,6.563772399765128,8.927388863155569,seasonal_naive,UCAYALI
2010-07-26,6.492427047593768,7.756583766348279,seasonal_naive,UCAYALI
2010-08-02,5.921664230222888,7.976109721999646,seasonal_naive,UCAYALI
2010-08-09,6.06435493456561,8.268810996201468,seasonal_naive,UCAYALI
2010-08-16,6.064354934565608,8.122460359100556,seasonal_naive,UCAYALI
2010-08-23,5.636282821537448,8.195635677651012,seasonal_naive,UCAYALI
2010-08-30,5.921664230222888,8.122460359100556,seasonal_naive,UCAYALI
2010-09-06,6.064354934565607,9.220090137357388,seasonal_naive,UCAYALI
2010-09-13,6.777808456279208,8.634687588953744,seasonal_naive,UCAYALI
2010-09-20,6.991844512793288,7.537057810696911,seasonal_naive,UCAYALI
2010-09-27,6.064354934565607,6.805304625192357,seasonal_naive,UCAYALI
2010-10-04,7.063189864964649,6.293077395339169,seasonal_naive,UCAYALI
2010-10-11,7.56260733016417,6.658953988091447,seasonal_naive,UCAYALI
2010-10-18,8.06202479536369,6.219902076788713,seasonal_naive,UCAYALI
2010-10-25,6.563772399765128,7.098005899394178,seasonal_naive,UCAYALI
2010-11-01,4.209375778110244,8.634687588953744,seasonal_naive,UCAYALI
2010-11-08,3.923994369424804,9.951843322861944,seasonal_naive,UCAYALI
2010-11-15,4.138030425938884,10.537245871265588,seasonal_naive,UCAYALI
2010-11-22,4.637447891138406,10.610421189816044,seasonal_naive,UCAYALI
2010-11-29,4.3520664824529645,9.3664407744583,seasonal_naive,UCAYALI
2010-12-06,4.138030425938884,9.073739500256478,seasonal_naive,UCAYALI
2010-12-13,4.3520664824529645,6.805304625192359,seasonal_naive,UCAYALI
2010-12-20,3.7099583129107234,6.219902076788714,seasonal_naive,UCAYALI
2010-12-27,2.9965047911971223,3.292889334770495,seasonal_naive,UCAYALI
2011-01-03,3.5881334741121598,4.677707151478504,seasonal_naive,UCAYALI
2011-01-10,4.270254900677841,5.350901412852007,seasonal_naive,UCAYALI
2011-01-17,4.9419322955275495,8.062024795363692,seasonal_naive,UCAYALI
2011-01-24,4.593908894434059,7.348571273650091,seasonal_naive,UCAYALI
2011-01-31,4.9419322955275495,6.70646310410785,seasonal_naive,UCAYALI
2011-02-07,4.385094853777966,5.636282821537448,seasonal_naive,UCAYALI
2011-02-14,4.4546995339966635,5.564937469366089,seasonal_naive,UCAYALI
2011-02-21,4.106676132903174,5.850318878051528,seasonal_naive,UCAYALI
2011-02-28,4.315490173559268,6.421081695422409,seasonal_naive,UCAYALI
2011-03-07,4.176280813121871,6.278390991079689,seasonal_naive,UCAYALI
2011-03-14,4.385094853777965,6.63511775193649,seasonal_naive,UCAYALI
2011-03-21,5.498769737277132,8.133370147535052,seasonal_naive,UCAYALI
2011-03-28,6.055607179026715,10.131040008333136,seasonal_naive,UCAYALI
2011-04-04,7.865328864712861,12.200055221302579,seasonal_naive,UCAYALI
2011-04-11,10.997539474554266,14.982523955985625,seasonal_naive,UCAYALI
2011-04-18,12.59844711958432,18.90651832541043,seasonal_naive,UCAYALI
2011-04-25,13.016075200896504,20.476116073180354,seasonal_naive,UCAYALI
2011-05-02,12.87686584045911,20.761497481865792,seasonal_naive,UCAYALI
2011-05-09,13.294493921771299,18.12171945152547,seasonal_naive,UCAYALI
2011-05-16,12.59844711958432,19.19189973409587,seasonal_naive,UCAYALI
2011-05-23,9.466236509742913,17.479611281983228,seasonal_naive,UCAYALI
2011-05-30,8.630980347118538,16.124049590727385,seasonal_naive,UCAYALI
2011-06-06,9.048608428430725,11.415256347417618,seasonal_naive,UCAYALI
2011-06-13,9.60544587018031,9.060859725762732,seasonal_naive,UCAYALI
2011-06-20,8.143747585587652,10.273730712675855,seasonal_naive,UCAYALI
2011-06-27,6.334025899901506,9.988349303990415,seasonal_naive,UCAYALI
2011-07-04,6.473235260338902,9.417586486619534,seasonal_naive,UCAYALI
2011-07-11,7.030072702088485,6.635117751936488,seasonal_naive,UCAYALI
2011-07-18,7.16928206252588,6.563772399765128,seasonal_naive,UCAYALI
2011-07-25,5.707583777933224,6.492427047593768,seasonal_naive,UCAYALI
2011-08-01,4.802722935090152,5.921664230222888,seasonal_naive,UCAYALI
2011-08-08,4.1762808131218705,6.06435493456561,seasonal_naive,UCAYALI
2011-08-15,3.3410246504974963,6.064354934565608,seasonal_naive,UCAYALI
2011-08-22,3.271419970278798,5.636282821537448,seasonal_naive,UCAYALI
2011-08-29,3.3410246504974954,5.921664230222888,seasonal_naive,UCAYALI
2011-09-05,4.593908894434058,6.064354934565607,seasonal_naive,UCAYALI
2011-09-12,4.6635135746527565,6.777808456279208,seasonal_naive,UCAYALI
2011-09-19,4.593908894434058,6.991844512793288,seasonal_naive,UCAYALI
2011-09-26,3.1322106098414024,6.064354934565607,seasonal_naive,UCAYALI
2011-10-03,2.644977848310517,7.063189864964649,seasonal_naive,UCAYALI
2011-10-10,3.1322106098414024,7.56260733016417,seasonal_naive,UCAYALI
2011-10-17,3.8282574120283814,8.06202479536369,seasonal_naive,UCAYALI
2011-10-24,3.7586527318096827,6.563772399765128,seasonal_naive,UCAYALI
2011-10-31,3.2018152900601002,4.209375778110244,seasonal_naive,UCAYALI
2011-11-07,3.3410246504974963,3.923994369424804,seasonal_naive,UCAYALI
2011-11-14,2.9233965691853085,4.138030425938884,seasonal_naive,UCAYALI
2011-11-21,2.7841872087479125,4.637447891138406,seasonal_naive,UCAYALI
2011-11-28,2.6449778483105164,4.3520664824529645,seasonal_naive,UCAYALI
2011-12-05,2.7841872087479125,4.138030425938884,seasonal_naive,UCAYALI
2011-12-12,3.3410246504974954,4.3520664824529645,seasonal_naive,UCAYALI
2011-12-19,3.062605929622704,3.7099583129107234,seasonal_naive,UCAYALI
2011-12-26,3.1322106098414024,2.9965047911971223,seasonal_naive,UCAYALI
2012-01-02,3.029453546964083,3.5881334741121598,seasonal_naive,UCAYALI
2012-01-09,3.755322170179415,4.270254900677841,seasonal_naive,UCAYALI
2012-01-16,4.280664848403308,4.9419322955275495,seasonal_naive,UCAYALI
2012-01-23,4.280664848403308,4.593908894434059,seasonal_naive,UCAYALI
2012-01-30,3.533247176459873,4.9419322955275495,seasonal_naive,UCAYALI
2012-02-06,3.057617748859505,4.385094853777966,seasonal_naive,UCAYALI
2012-02-13,2.8537765656022045,4.4546995339966635,seasonal_naive,UCAYALI
2012-02-20,2.7858295045164376,4.106676132903174,seasonal_naive,UCAYALI
2012-02-27,3.7370883597171733,4.315490173559268,seasonal_naive,UCAYALI
2012-03-05,4.280664848403308,4.176280813121871,seasonal_naive,UCAYALI
2012-03-12,5.367817825775578,4.385094853777965,seasonal_naive,UCAYALI
2012-03-19,5.77550019229018,5.498769737277132,seasonal_naive,UCAYALI
2012-03-26,6.862653169662448,6.055607179026715,seasonal_naive,UCAYALI
2012-04-02,7.67801790269165,7.865328864712861,seasonal_naive,UCAYALI
2012-04-09,8.629276757892386,10.997539474554266,seasonal_naive,UCAYALI
2012-04-16,8.493382635720854,12.59844711958432,seasonal_naive,UCAYALI
2012-04-23,8.765170880063922,13.016075200896504,seasonal_naive,UCAYALI
2012-04-30,8.493382635720854,12.87686584045911,seasonal_naive,UCAYALI
2012-05-07,6.930600230748216,13.294493921771299,seasonal_naive,UCAYALI
2012-05-14,5.367817825775578,12.59844711958432,seasonal_naive,UCAYALI
2012-05-21,3.261458932116806,9.466236509742913,seasonal_naive,UCAYALI
2012-05-28,4.1447707262317754,8.630980347118538,seasonal_naive,UCAYALI
2012-06-04,5.299870764689811,9.048608428430725,seasonal_naive,UCAYALI
2012-06-11,7.678017902691651,9.60544587018031,seasonal_naive,UCAYALI
2012-06-18,7.813912024863185,8.143747585587652,seasonal_naive,UCAYALI
2012-06-25,6.522917864233615,6.334025899901506,seasonal_naive,UCAYALI
2012-07-02,6.18318255880478,6.473235260338902,seasonal_naive,UCAYALI
2012-07-09,5.571659009032878,7.030072702088485,seasonal_naive,UCAYALI
2012-07-16,5.97934137554748,7.16928206252588,seasonal_naive,UCAYALI
2012-07-23,4.89218839817521,5.707583777933224,seasonal_naive,UCAYALI
2012-07-30,5.2319237036040445,4.802722935090152,seasonal_naive,UCAYALI
2012-08-06,5.096029581432511,4.1762808131218705,seasonal_naive,UCAYALI
2012-08-13,4.89218839817521,3.3410246504974963,seasonal_naive,UCAYALI
2012-08-20,4.68834721491791,3.271419970278798,seasonal_naive,UCAYALI
2012-08-27,4.484506031660609,3.3410246504974954,seasonal_naive,UCAYALI
2012-09-03,4.212717787317541,4.593908894434058,seasonal_naive,UCAYALI
2012-09-10,4.1447707262317754,4.6635135746527565,seasonal_naive,UCAYALI
2012-09-17,4.6883472149179095,4.593908894434058,seasonal_naive,UCAYALI
2012-09-24,4.484506031660609,3.1322106098414024,seasonal_naive,UCAYALI
2012-10-01,4.280664848403308,2.644977848310517,seasonal_naive,UCAYALI
2012-10-08,3.2614589321168057,3.1322106098414024,seasonal_naive,UCAYALI
2012-10-15,3.193511871031039,3.8282574120283814,seasonal_naive,UCAYALI
2012-10-22,3.5332471764598736,3.7586527318096827,seasonal_naive,UCAYALI
2012-10-29,3.8729824818887075,3.2018152900601002,seasonal_naive,UCAYALI
2012-11-05,5.096029581432512,3.3410246504974963,seasonal_naive,UCAYALI
2012-11-12,5.367817825775579,2.9233965691853085,seasonal_naive,UCAYALI
2012-11-19,5.571659009032879,2.7841872087479125,seasonal_naive,UCAYALI
2012-11-26,4.280664848403309,2.6449778483105164,seasonal_naive,UCAYALI
2012-12-03,4.008876604060242,2.7841872087479125,seasonal_naive,UCAYALI
2012-12-10,4.348611909489076,3.3410246504974954,seasonal_naive,UCAYALI
2012-12-17,5.028082520346744,3.062605929622704,seasonal_naive,UCAYALI
2012-12-24,6.658811986405149,3.1322106098414024,seasonal_naive,UCAYALI
2012-12-31,6.522917864233616,3.029453546964083,seasonal_naive,UCAYALI
2013-01-07,7.482059607746561,3.755322170179415,seasonal_naive,UCAYALI
2013-01-14,5.811814238547659,4.280664848403308,seasonal_naive,UCAYALI
2013-01-21,5.906611821453076,4.280664848403308,seasonal_naive,UCAYALI
2013-01-28,5.0438482969711655,3.533247176459873,seasonal_naive,UCAYALI
2013-02-04,4.579283322250137,3.057617748859505,seasonal_naive,UCAYALI
2013-02-11,4.048351922568961,2.8537765656022045,seasonal_naive,UCAYALI
2013-02-18,3.7828862227283735,2.7858295045164376,seasonal_naive,UCAYALI
2013-02-25,4.6456497472102845,3.7370883597171733,seasonal_naive,UCAYALI
2013-03-04,6.238443946253811,4.280664848403308,seasonal_naive,UCAYALI
2013-03-11,6.6366424960146935,5.367817825775578,seasonal_naive,UCAYALI
2013-03-18,6.570276071054546,5.77550019229018,seasonal_naive,UCAYALI
2013-03-25,5.906611821453076,6.862653169662448,seasonal_naive,UCAYALI
2013-04-01,7.9639709952176325,7.67801790269165,seasonal_naive,UCAYALI
2013-04-08,10.154063018902482,8.629276757892386,seasonal_naive,UCAYALI
2013-04-15,12.211422192667037,8.493382635720854,seasonal_naive,UCAYALI
2013-04-22,11.813223642906157,8.765170880063922,seasonal_naive,UCAYALI
2013-04-29,10.353162293782923,8.493382635720854,seasonal_naive,UCAYALI
2013-05-06,7.499406020496603,6.930600230748216,seasonal_naive,UCAYALI
2013-05-13,6.039344671373371,5.367817825775578,seasonal_naive,UCAYALI
2013-05-20,5.773878971532782,3.261458932116806,seasonal_naive,UCAYALI
2013-05-27,6.5039096460943995,4.1447707262317754,seasonal_naive,UCAYALI
2013-06-03,6.1057110963335175,5.299870764689811,seasonal_naive,UCAYALI
2013-06-10,5.840245396492929,7.678017902691651,seasonal_naive,UCAYALI
2013-06-17,5.707512546572635,7.813912024863185,seasonal_naive,UCAYALI
2013-06-24,6.238443946253811,6.522917864233615,seasonal_naive,UCAYALI
2013-07-01,5.242947571851606,6.18318255880478,seasonal_naive,UCAYALI
2013-07-08,5.110214721931313,5.571659009032878,seasonal_naive,UCAYALI
2013-07-15,4.1147183475291085,5.97934137554748,seasonal_naive,UCAYALI
2013-07-22,4.778382597130578,4.89218839817521,seasonal_naive,UCAYALI
2013-07-29,4.712016172170431,5.2319237036040445,seasonal_naive,UCAYALI
2013-08-05,5.043848296971166,5.096029581432511,seasonal_naive,UCAYALI
2013-08-12,4.313817622409549,4.89218839817521,seasonal_naive,UCAYALI
2013-08-19,4.048351922568961,4.68834721491791,seasonal_naive,UCAYALI
2013-08-26,6.172077521293665,4.484506031660609,seasonal_naive,UCAYALI
2013-09-02,6.703008920974841,4.212717787317541,seasonal_naive,UCAYALI
2013-09-09,7.167573895695868,4.1447707262317754,seasonal_naive,UCAYALI
2013-09-16,4.645649747210284,4.6883472149179095,seasonal_naive,UCAYALI
2013-09-23,3.716519797768226,4.484506031660609,seasonal_naive,UCAYALI
2013-09-30,2.7210234233660215,4.280664848403308,seasonal_naive,UCAYALI
2013-10-07,2.190092023684846,3.2614589321168057,seasonal_naive,UCAYALI
2013-10-14,2.5882905734457275,3.193511871031039,seasonal_naive,UCAYALI
2013-10-21,3.318321248007344,3.5332471764598736,seasonal_naive,UCAYALI
2013-10-28,3.9156190726486666,3.8729824818887075,seasonal_naive,UCAYALI
2013-11-04,3.915619072648667,5.096029581432512,seasonal_naive,UCAYALI
2013-11-11,4.51291689728999,5.367817825775579,seasonal_naive,UCAYALI
2013-11-18,4.579283322250136,5.571659009032879,seasonal_naive,UCAYALI
2013-11-25,4.645649747210283,4.280664848403309,seasonal_naive,UCAYALI
2013-12-02,3.451054097927638,4.008876604060242,seasonal_naive,UCAYALI
2013-12-09,3.18558839808705,4.348611909489076,seasonal_naive,UCAYALI
2013-12-16,2.853756273286315,5.028082520346744,seasonal_naive,UCAYALI
2013-12-23,2.256458448644993,6.658811986405149,seasonal_naive,UCAYALI
2013-12-30,2.4555577235254336,6.522917864233616,seasonal_naive,UCAYALI
2014-01-06,2.046797797346328,7.482059607746561,seasonal_naive,UCAYALI
2014-01-13,2.165951734728905,5.811814238547659,seasonal_naive,UCAYALI
2014-01-20,1.880872050111616,5.906611821453076,seasonal_naive,UCAYALI
2014-01-27,2.010587363912417,5.0438482969711655,seasonal_naive,UCAYALI
2014-02-03,2.010587363912417,4.579283322250137,seasonal_naive,UCAYALI
2014-02-10,1.4917261087092115,4.048351922568961,seasonal_naive,UCAYALI
2014-02-17,1.6214414225100129,3.7828862227283735,seasonal_naive,UCAYALI
2014-02-24,2.075445020812818,4.6456497472102845,seasonal_naive,UCAYALI
2014-03-03,2.3348756484144206,6.238443946253811,seasonal_naive,UCAYALI
2014-03-10,2.659163932916424,6.6366424960146935,seasonal_naive,UCAYALI
2014-03-17,2.27001799151402,6.570276071054546,seasonal_naive,UCAYALI
2014-03-24,3.372598158820832,5.906611821453076,seasonal_naive,UCAYALI
2014-03-31,3.761744100223236,7.9639709952176325,seasonal_naive,UCAYALI
2014-04-07,4.604893639928445,10.154063018902482,seasonal_naive,UCAYALI
2014-04-14,4.215747698526041,12.211422192667037,seasonal_naive,UCAYALI
2014-04-21,4.0860323847252396,11.813223642906157,seasonal_naive,UCAYALI
2014-04-28,3.9563170709244377,10.353162293782923,seasonal_naive,UCAYALI
2014-05-05,4.864324267530048,7.499406020496603,seasonal_naive,UCAYALI
2014-05-12,6.03176209173726,6.039344671373371,seasonal_naive,UCAYALI
2014-05-19,7.134342259044073,5.773878971532782,seasonal_naive,UCAYALI
2014-05-26,6.420908033139665,6.5039096460943995,seasonal_naive,UCAYALI
2014-06-02,5.966904434836859,6.1057110963335175,seasonal_naive,UCAYALI
2014-06-09,6.096619748637661,5.840245396492929,seasonal_naive,UCAYALI
2014-06-16,6.810053974542068,5.707512546572635,seasonal_naive,UCAYALI
2014-06-23,6.680338660741267,6.238443946253811,seasonal_naive,UCAYALI
2014-06-30,6.03176209173726,5.242947571851606,seasonal_naive,UCAYALI
2014-07-07,4.864324267530049,5.110214721931313,seasonal_naive,UCAYALI
2014-07-14,5.253470208932452,4.1147183475291085,seasonal_naive,UCAYALI
2014-07-21,4.9291819244304484,4.778382597130578,seasonal_naive,UCAYALI
2014-07-28,5.058897238231249,4.712016172170431,seasonal_naive,UCAYALI
2014-08-04,4.669751296828846,5.043848296971166,seasonal_naive,UCAYALI
2014-08-11,4.0860323847252396,4.313817622409549,seasonal_naive,UCAYALI
2014-08-18,3.956317070924438,4.048351922568961,seasonal_naive,UCAYALI
2014-08-25,3.17802518811963,6.172077521293665,seasonal_naive,UCAYALI
2014-09-01,3.1131675312192293,6.703008920974841,seasonal_naive,UCAYALI
2014-09-08,3.2428828450200307,7.167573895695868,seasonal_naive,UCAYALI
2014-09-15,3.2428828450200307,4.645649747210284,seasonal_naive,UCAYALI
2014-09-22,3.4374558157212327,3.716519797768226,seasonal_naive,UCAYALI
2014-09-29,2.9185945605180272,2.7210234233660215,seasonal_naive,UCAYALI
2014-10-06,2.724021589816825,2.190092023684846,seasonal_naive,UCAYALI
2014-10-13,2.594306276016024,2.5882905734457275,seasonal_naive,UCAYALI
2014-10-20,2.8537369036176266,3.318321248007344,seasonal_naive,UCAYALI
2014-10-27,2.659163932916424,3.9156190726486666,seasonal_naive,UCAYALI
2014-11-03,3.3077405019204313,3.915619072648667,seasonal_naive,UCAYALI
2014-11-10,3.3077405019204313,4.51291689728999,seasonal_naive,UCAYALI
2014-11-17,4.021174727824839,4.579283322250136,seasonal_naive,UCAYALI
2014-11-24,3.4374558157212327,4.645649747210283,seasonal_naive,UCAYALI
2014-12-01,3.567171129522034,3.451054097927638,seasonal_naive,UCAYALI
2014-12-08,2.724021589816825,3.18558839808705,seasonal_naive,UCAYALI
2014-12-15,3.372598158820832,2.853756273286315,seasonal_naive,UCAYALI
2014-12-22,3.2428828450200307,2.256458448644993,seasonal_naive,UCAYALI
2014-12-29,4.540035983028045,2.4555577235254336,seasonal_naive,UCAYALI
2015-01-05,3.2962069613961194,2.046797797346328,seasonal_naive,UCAYALI
2015-01-12,3.212607301143711,2.165951734728905,seasonal_naive,UCAYALI
2015-01-19,2.5366385733944625,1.880872050111616,seasonal_naive,UCAYALI
2015-01-26,3.1707982167430795,2.010587363912417,seasonal_naive,UCAYALI
2015-02-02,3.6781259314219725,2.010587363912417,seasonal_naive,UCAYALI
2015-02-09,3.4878780384173873,1.4917261087092115,seasonal_naive,UCAYALI
2015-02-16,3.1073822524082177,1.6214414225100129,seasonal_naive,UCAYALI
2015-02-23,3.995205753096281,2.075445020812818,seasonal_naive,UCAYALI
2015-03-02,4.8196132894494825,2.3348756484144206,seasonal_naive,UCAYALI
2015-03-09,7.356251862843949,2.659163932916424,seasonal_naive,UCAYALI
2015-03-16,8.94165097121549,2.27001799151402,seasonal_naive,UCAYALI
2015-03-23,9.766058507568692,3.372598158820832,seasonal_naive,UCAYALI
2015-03-30,8.370907292201736,3.761744100223236,seasonal_naive,UCAYALI
2015-04-06,7.673331684518256,4.604893639928445,seasonal_naive,UCAYALI
2015-04-13,7.03917204116964,4.215747698526041,seasonal_naive,UCAYALI
2015-04-20,7.229419934174224,4.0860323847252396,seasonal_naive,UCAYALI
2015-04-27,7.546499755848534,3.9563170709244377,seasonal_naive,UCAYALI
2015-05-04,7.166003969839363,4.864324267530048,seasonal_naive,UCAYALI
2015-05-11,7.356251862843949,6.03176209173726,seasonal_naive,UCAYALI
2015-05-18,5.5806048614678225,7.134342259044073,seasonal_naive,UCAYALI
2015-05-25,5.707436790137546,6.420908033139665,seasonal_naive,UCAYALI
2015-06-01,4.185453646100865,5.966904434836859,seasonal_naive,UCAYALI
2015-06-08,4.185453646100866,6.096619748637661,seasonal_naive,UCAYALI
2015-06-15,4.122037681766005,6.810053974542068,seasonal_naive,UCAYALI
2015-06-22,4.122037681766005,6.680338660741267,seasonal_naive,UCAYALI
2015-06-29,4.946445218119206,6.03176209173726,seasonal_naive,UCAYALI
2015-07-06,5.3269410041283765,4.864324267530049,seasonal_naive,UCAYALI
2015-07-13,5.707436790137546,5.253470208932452,seasonal_naive,UCAYALI
2015-07-20,4.439117503440312,4.9291819244304484,seasonal_naive,UCAYALI
2015-07-27,3.614709967087111,5.058897238231249,seasonal_naive,UCAYALI
2015-08-03,3.4244620740825256,4.669751296828846,seasonal_naive,UCAYALI
2015-08-10,3.4878780384173873,4.0860323847252396,seasonal_naive,UCAYALI
2015-08-17,3.1707982167430795,3.956317070924438,seasonal_naive,UCAYALI
2015-08-24,3.551294002752249,3.17802518811963,seasonal_naive,UCAYALI
2015-08-31,3.1073822524082177,3.1131675312192293,seasonal_naive,UCAYALI
2015-09-07,3.8683738244265577,3.2428828450200307,seasonal_naive,UCAYALI
2015-09-14,3.297630145412803,3.2428828450200307,seasonal_naive,UCAYALI
2015-09-21,4.3122855747705895,3.4374558157212327,seasonal_naive,UCAYALI
2015-09-28,4.122037681766004,2.9185945605180272,seasonal_naive,UCAYALI
2015-10-05,5.136693111123791,2.724021589816825,seasonal_naive,UCAYALI
2015-10-12,4.248869610435728,2.594306276016024,seasonal_naive,UCAYALI
2015-10-19,3.931789788761419,2.8537369036176266,seasonal_naive,UCAYALI
2015-10-26,3.297630145412803,2.659163932916424,seasonal_naive,UCAYALI
2015-11-02,3.8683738244265577,3.3077405019204313,seasonal_naive,UCAYALI
2015-11-09,3.7415418957568343,3.3077405019204313,seasonal_naive,UCAYALI
2015-11-16,4.0586217174311425,4.021174727824839,seasonal_naive,UCAYALI
2015-11-23,3.614709967087111,3.4374558157212327,seasonal_naive,UCAYALI
2015-11-30,3.7415418957568343,3.567171129522034,seasonal_naive,UCAYALI
2015-12-07,3.6781259314219725,2.724021589816825,seasonal_naive,UCAYALI
2015-12-14,3.9952057530962812,3.372598158820832,seasonal_naive,UCAYALI
2015-12-21,3.8683738244265577,3.2428828450200307,seasonal_naive,UCAYALI
2015-12-28,2.4732226090596017,4.540035983028045,seasonal_naive,UCAYALI
2016-01-04,2.4428847678711207,3.2962069613961194,seasonal_naive,UCAYALI
2016-01-11,3.1018485776783504,3.212607301143711,seasonal_naive,UCAYALI
2016-01-18,4.714809838071094,2.5366385733944625,seasonal_naive,UCAYALI
2016-01-25,4.714809838071094,3.1707982167430795,seasonal_naive,UCAYALI
2016-02-01,4.528698923410393,3.6781259314219725,seasonal_naive,UCAYALI
2016-02-08,4.156477094088991,3.4878780384173873,seasonal_naive,UCAYALI
2016-02-15,4.714809838071094,3.1073822524082177,seasonal_naive,UCAYALI
2016-02-22,4.094440122535423,3.995205753096281,seasonal_naive,UCAYALI
2016-02-29,4.590735894963959,4.8196132894494825,seasonal_naive,UCAYALI
2016-03-07,3.4120334354461854,7.356251862843949,seasonal_naive,UCAYALI
2016-03-14,3.9703661794282894,8.94165097121549,seasonal_naive,UCAYALI
2016-03-21,3.5361073785533192,9.766058507568692,seasonal_naive,UCAYALI
2016-03-28,4.032403150981856,8.370907292201736,seasonal_naive,UCAYALI
2016-04-04,4.652772866517527,7.673331684518256,seasonal_naive,UCAYALI
2016-04-11,5.521290468267465,7.03917204116964,seasonal_naive,UCAYALI
2016-04-18,7.32036264332091,7.229419934174224,seasonal_naive,UCAYALI
2016-04-25,7.258325671767342,7.546499755848534,seasonal_naive,UCAYALI
2016-05-02,7.75462144419588,7.166003969839363,seasonal_naive,UCAYALI
2016-05-09,7.506473557981612,7.356251862843949,seasonal_naive,UCAYALI
2016-05-16,8.747212989052953,5.5806048614678225,seasonal_naive,UCAYALI
2016-05-23,8.871286932160087,5.707436790137546,seasonal_naive,UCAYALI
2016-05-30,9.181471789927924,4.185453646100865,seasonal_naive,UCAYALI
2016-06-06,8.80924996060652,4.185453646100866,seasonal_naive,UCAYALI
2016-06-13,9.305545733035059,4.122037681766005,seasonal_naive,UCAYALI
2016-06-20,8.064806301963715,4.122037681766005,seasonal_naive,UCAYALI
2016-06-27,9.305545733035055,4.946445218119206,seasonal_naive,UCAYALI
2016-07-04,8.80924996060652,5.3269410041283765,seasonal_naive,UCAYALI
2016-07-11,10.422211220999264,5.707436790137546,seasonal_naive,UCAYALI
2016-07-18,8.126843273517283,4.439117503440312,seasonal_naive,UCAYALI
2016-07-25,7.196288700213777,3.614709967087111,seasonal_naive,UCAYALI
2016-08-01,5.21110561049963,3.4244620740825256,seasonal_naive,UCAYALI
2016-08-08,5.335179553606764,3.4878780384173873,seasonal_naive,UCAYALI
2016-08-15,4.900920752731795,3.1707982167430795,seasonal_naive,UCAYALI
2016-08-22,4.094440122535423,3.551294002752249,seasonal_naive,UCAYALI
2016-08-29,3.7842552647675873,3.1073822524082177,seasonal_naive,UCAYALI
2016-09-05,4.156477094088991,3.8683738244265577,seasonal_naive,UCAYALI
2016-09-12,4.776846809624661,3.297630145412803,seasonal_naive,UCAYALI
2016-09-19,4.342588008749692,4.3122855747705895,seasonal_naive,UCAYALI
2016-09-26,2.9777746345712157,4.122037681766004,seasonal_naive,UCAYALI
2016-10-03,2.9157376630176493,5.136693111123791,seasonal_naive,UCAYALI
2016-10-10,2.2953679474819784,4.248869610435728,seasonal_naive,UCAYALI
2016-10-17,3.2879594923390507,3.931789788761419,seasonal_naive,UCAYALI
2016-10-24,3.7222182932140204,3.297630145412803,seasonal_naive,UCAYALI
2016-10-31,4.652772866517527,3.8683738244265577,seasonal_naive,UCAYALI
2016-11-07,4.652772866517527,3.7415418957568343,seasonal_naive,UCAYALI
2016-11-14,3.7222182932140213,4.0586217174311425,seasonal_naive,UCAYALI
2016-11-21,3.5981443501068866,3.614709967087111,seasonal_naive,UCAYALI
2016-11-28,2.7296267483569476,3.7415418957568343,seasonal_naive,UCAYALI
2016-12-05,3.0398116061247826,3.6781259314219725,seasonal_naive,UCAYALI
2016-12-12,2.5435158336962465,3.9952057530962812,seasonal_naive,UCAYALI
2016-12-19,2.9777746345712157,3.8683738244265577,seasonal_naive,UCAYALI
2016-12-26,2.853700691464082,2.4732226090596017,seasonal_naive,UCAYALI
2017-01-02,2.8338962483978443,2.4428847678711207,seasonal_naive,UCAYALI
2017-01-09,2.75205483377804,3.1018485776783504,seasonal_naive,UCAYALI
2017-01-16,2.246516987918593,4.714809838071094,seasonal_naive,UCAYALI
2017-01-23,1.9429336111728368,4.714809838071094,seasonal_naive,UCAYALI
2017-01-30,1.6393502344270805,4.528698923410393,seasonal_naive,UCAYALI
2017-02-06,2.853683741410105,4.156477094088991,seasonal_naive,UCAYALI
2017-02-13,3.035833767457559,4.714809838071094,seasonal_naive,UCAYALI
2017-02-20,3.8251505469965252,4.094440122535423,seasonal_naive,UCAYALI
2017-02-27,3.2787004688541646,4.590735894963959,seasonal_naive,UCAYALI
2017-03-06,3.7037171962982227,3.4120334354461854,seasonal_naive,UCAYALI
2017-03-13,3.4608504949016177,3.9703661794282894,seasonal_naive,UCAYALI
2017-03-20,3.7037171962982227,3.5361073785533192,seasonal_naive,UCAYALI
2017-03-27,5.03948405397955,4.032403150981856,seasonal_naive,UCAYALI
2017-04-03,6.921700989803238,4.652772866517527,seasonal_naive,UCAYALI
2017-04-10,9.836101406562497,5.521290468267465,seasonal_naive,UCAYALI
2017-04-17,10.382551484704857,7.32036264332091,seasonal_naive,UCAYALI
2017-04-24,10.01825143260995,7.258325671767342,seasonal_naive,UCAYALI
2017-05-01,7.832451120040506,7.75462144419588,seasonal_naive,UCAYALI
2017-05-08,6.739550963755785,7.506473557981612,seasonal_naive,UCAYALI
2017-05-15,5.768084158169365,8.747212989052953,seasonal_naive,UCAYALI
2017-05-22,5.707367482820214,8.871286932160087,seasonal_naive,UCAYALI
2017-05-29,4.9180507032812475,9.181471789927924,seasonal_naive,UCAYALI
2017-06-05,4.7966173525829445,8.80924996060652,seasonal_naive,UCAYALI
2017-06-12,3.7037171962982227,9.305545733035059,seasonal_naive,UCAYALI
2017-06-19,4.189450599091432,8.064806301963715,seasonal_naive,UCAYALI
2017-06-26,3.703717196298222,9.305545733035055,seasonal_naive,UCAYALI
2017-07-03,3.825150546996524,8.80924996060652,seasonal_naive,UCAYALI
2017-07-10,3.5215671702507687,10.422211220999264,seasonal_naive,UCAYALI
2017-07-17,3.2179837935050126,8.126843273517283,seasonal_naive,UCAYALI
2017-07-24,2.853683741410105,7.196288700213777,seasonal_naive,UCAYALI
2017-07-31,2.0643669618711384,5.21110561049963,seasonal_naive,UCAYALI
2017-08-07,2.3072336632677435,5.335179553606764,seasonal_naive,UCAYALI
2017-08-14,2.1858003125694414,4.900920752731795,seasonal_naive,UCAYALI
2017-08-21,2.2465169879185924,4.094440122535423,seasonal_naive,UCAYALI
2017-08-28,2.4286670139660465,3.7842552647675873,seasonal_naive,UCAYALI
2017-09-04,2.853683741410105,4.156477094088991,seasonal_naive,UCAYALI
2017-09-11,3.2179837935050117,4.776846809624661,seasonal_naive,UCAYALI
2017-09-18,2.975117092108407,4.342588008749692,seasonal_naive,UCAYALI
2017-09-25,2.7929670660609536,2.9777746345712157,seasonal_naive,UCAYALI
2017-10-02,3.6430005209490712,2.9157376630176493,seasonal_naive,UCAYALI
2017-10-09,4.432317300488037,2.2953679474819784,seasonal_naive,UCAYALI
2017-10-16,4.7966173525829445,3.2879594923390507,seasonal_naive,UCAYALI
2017-10-23,3.703717196298222,3.7222182932140204,seasonal_naive,UCAYALI
2017-10-30,3.5822838455999197,4.652772866517527,seasonal_naive,UCAYALI
2017-11-06,4.12873392374228,4.652772866517527,seasonal_naive,UCAYALI
2017-11-13,3.5822838455999193,3.7222182932140213,seasonal_naive,UCAYALI
2017-11-20,3.0965504428067097,3.5981443501068866,seasonal_naive,UCAYALI
2017-11-27,2.12508363722029,2.7296267483569476,seasonal_naive,UCAYALI
2017-12-04,3.643000520949071,3.0398116061247826,seasonal_naive,UCAYALI
2017-12-11,3.885867222345676,2.5435158336962465,seasonal_naive,UCAYALI
2017-12-18,4.6751840018846424,2.9777746345712157,seasonal_naive,UCAYALI
2017-12-25,3.6430005209490717,2.853700691464082,seasonal_naive,UCAYALI
2018-01-01,2.902723719287243,2.8338962483978443,seasonal_naive,UCAYALI
2018-01-08,2.3392893539128625,2.75205483377804,seasonal_naive,UCAYALI
2018-01-15,3.4599991290346988,2.246516987918593,seasonal_naive,UCAYALI
2018-01-22,4.116205860403349,1.9429336111728368,seasonal_naive,UCAYALI
2018-01-29,5.1303435361549,1.6393502344270805,seasonal_naive,UCAYALI
2018-02-05,5.1303435361549,2.853683741410105,seasonal_naive,UCAYALI
2018-02-12,4.7724125917719995,3.035833767457559,seasonal_naive,UCAYALI
2018-02-19,3.817930073417599,3.8251505469965252,seasonal_naive,UCAYALI
2018-02-26,3.5196542864318494,3.2787004688541646,seasonal_naive,UCAYALI
2018-03-05,3.6986197586232996,3.7037171962982227,seasonal_naive,UCAYALI
2018-03-12,3.937240388211899,3.4608504949016177,seasonal_naive,UCAYALI
2018-03-19,3.6986197586232996,3.7037171962982227,seasonal_naive,UCAYALI
2018-03-26,3.5196542864318494,5.03948405397955,seasonal_naive,UCAYALI
2018-04-02,3.281033656843249,6.921700989803238,seasonal_naive,UCAYALI
2018-04-09,3.459999129034699,9.836101406562497,seasonal_naive,UCAYALI
2018-04-16,4.1758610178005,10.382551484704857,seasonal_naive,UCAYALI
2018-04-23,5.18999869355205,10.01825143260995,seasonal_naive,UCAYALI
2018-04-30,4.653102276977699,7.832451120040506,seasonal_naive,UCAYALI
2018-05-07,4.71275743437485,6.739550963755785,seasonal_naive,UCAYALI
2018-05-14,4.832067749169149,5.768084158169365,seasonal_naive,UCAYALI
2018-05-21,5.6672399527292505,5.707367482820214,seasonal_naive,UCAYALI
2018-05-28,5.7268951101264,4.9180507032812475,seasonal_naive,UCAYALI
2018-06-04,5.18999869355205,4.7966173525829445,seasonal_naive,UCAYALI
2018-06-11,6.084826054509301,3.7037171962982227,seasonal_naive,UCAYALI
2018-06-18,7.098963730260851,4.189450599091432,seasonal_naive,UCAYALI
2018-06-25,10.320342229706952,3.703717196298222,seasonal_naive,UCAYALI
2018-07-02,11.632755692444254,3.825150546996524,seasonal_naive,UCAYALI
2018-07-09,12.945169155181555,3.5215671702507687,seasonal_naive,UCAYALI
2018-07-16,11.394135062855653,3.2179837935050126,seasonal_naive,UCAYALI
2018-07-23,9.902756127926903,2.853683741410105,seasonal_naive,UCAYALI
2018-07-30,8.113101406012403,2.0643669618711384,seasonal_naive,UCAYALI
2018-08-06,7.576204989438051,2.3072336632677435,seasonal_naive,UCAYALI
2018-08-13,9.246549396558251,2.1858003125694414,seasonal_naive,UCAYALI
2018-08-20,8.471032350395303,2.2465169879185924,seasonal_naive,UCAYALI
2018-08-27,6.86034310067225,2.4286670139660465,seasonal_naive,UCAYALI
2018-09-03,4.5337919621833995,2.853683741410105,seasonal_naive,UCAYALI
2018-09-10,4.8917229065663,3.2179837935050117,seasonal_naive,UCAYALI
2018-09-17,4.951378063963449,2.975117092108407,seasonal_naive,UCAYALI
2018-09-24,4.23551617519765,2.7929670660609536,seasonal_naive,UCAYALI
2018-10-01,4.175861017800499,3.6430005209490712,seasonal_naive,UCAYALI
2018-10-08,4.653102276977699,4.432317300488037,seasonal_naive,UCAYALI
2018-10-15,4.95137806396345,4.7966173525829445,seasonal_naive,UCAYALI
2018-10-22,4.175861017800499,3.703717196298222,seasonal_naive,UCAYALI
2018-10-29,4.8917229065663,3.5822838455999197,seasonal_naive,UCAYALI
2018-11-05,4.71275743437485,4.12873392374228,seasonal_naive,UCAYALI
2018-11-12,4.772412591771999,3.5822838455999193,seasonal_naive,UCAYALI
2018-11-19,3.5196542864318485,3.0965504428067097,seasonal_naive,UCAYALI
2018-11-26,3.937240388211899,2.12508363722029,seasonal_naive,UCAYALI
2018-12-03,4.175861017800499,3.643000520949071,seasonal_naive,UCAYALI
2018-12-10,4.235516175197649,3.885867222345676,seasonal_naive,UCAYALI
2018-12-17,3.5196542864318485,4.6751840018846424,seasonal_naive,UCAYALI
2018-12-24,2.5651717680774486,3.6430005209490717,seasonal_naive,UCAYALI
2018-12-31,2.3862062958859984,2.902723719287243,seasonal_naive,UCAYALI
2019-01-07,2.7081760756389097,2.3392893539128625,seasonal_naive,UCAYALI
2019-01-14,4.1472478620149476,3.4599991290346988,seasonal_naive,UCAYALI
2019-01-21,5.16382975143412,4.116205860403349,seasonal_naive,UCAYALI
2019-01-28,5.105809192429242,5.1303435361549,seasonal_naive,UCAYALI
2019-02-04,4.583624161385342,5.1303435361549,seasonal_naive,UCAYALI
2019-02-11,3.9453980123316863,4.7724125917719995,seasonal_naive,UCAYALI
2019-02-18,4.757685838399976,3.817930073417599,seasonal_naive,UCAYALI
2019-02-25,4.989768074419487,3.5196542864318494,seasonal_naive,UCAYALI
2019-03-04,5.744035341482898,3.6986197586232996,seasonal_naive,UCAYALI
2019-03-11,4.931747515414609,3.937240388211899,seasonal_naive,UCAYALI
2019-03-18,4.757685838399975,3.6986197586232996,seasonal_naive,UCAYALI
2019-03-25,4.409562484370709,3.5196542864318494,seasonal_naive,UCAYALI
2019-04-01,4.757685838399976,3.281033656843249,seasonal_naive,UCAYALI
2019-04-08,4.409562484370709,3.459999129034699,seasonal_naive,UCAYALI
2019-04-15,4.177480248351198,4.1758610178005,seasonal_naive,UCAYALI
2019-04-22,4.1194596893463205,5.18999869355205,seasonal_naive,UCAYALI
2019-04-29,4.351541925365831,4.653102276977699,seasonal_naive,UCAYALI
2019-05-06,5.105809192429243,4.71275743437485,seasonal_naive,UCAYALI
2019-05-13,5.802055900487777,4.832067749169149,seasonal_naive,UCAYALI
2019-05-20,5.744035341482899,5.6672399527292505,seasonal_naive,UCAYALI
2019-05-27,4.8157063974048535,5.7268951101264,seasonal_naive,UCAYALI
2019-06-03,3.7713363353170535,5.18999869355205,seasonal_naive,UCAYALI
2019-06-10,4.177480248351198,6.084826054509301,seasonal_naive,UCAYALI
2019-06-17,4.40956248437071,7.098963730260851,seasonal_naive,UCAYALI
2019-06-24,4.235500807356076,10.320342229706952,seasonal_naive,UCAYALI
2019-07-01,3.8293568943219314,11.632755692444254,seasonal_naive,UCAYALI
2019-07-08,3.1911307452682762,12.945169155181555,seasonal_naive,UCAYALI
2019-07-15,2.668945714224376,11.394135062855653,seasonal_naive,UCAYALI
2019-07-22,2.436863478204865,9.902756127926903,seasonal_naive,UCAYALI
2019-07-29,2.784986832234132,8.113101406012403,seasonal_naive,UCAYALI
2019-08-05,3.2491513042731537,7.576204989438051,seasonal_naive,UCAYALI
2019-08-12,3.133110186263398,9.246549396558251,seasonal_naive,UCAYALI
2019-08-19,2.8430073912390093,8.471032350395303,seasonal_naive,UCAYALI
2019-08-26,2.9590485092487646,6.86034310067225,seasonal_naive,UCAYALI
2019-09-02,3.3651924222829095,4.5337919621833995,seasonal_naive,UCAYALI
2019-09-09,4.003418571336565,4.8917229065663,seasonal_naive,UCAYALI
2019-09-16,3.8293568943219314,4.951378063963449,seasonal_naive,UCAYALI
2019-09-23,3.481233540292665,4.23551617519765,seasonal_naive,UCAYALI
2019-09-30,2.2047812421853537,4.175861017800499,seasonal_naive,UCAYALI
2019-10-07,2.55290459621462,4.653102276977699,seasonal_naive,UCAYALI
2019-10-14,2.784986832234131,4.95137806396345,seasonal_naive,UCAYALI
2019-10-21,3.5392540992975428,4.175861017800499,seasonal_naive,UCAYALI
2019-10-28,3.307171863278032,4.8917229065663,seasonal_naive,UCAYALI
2019-11-04,3.7133157763121765,4.71275743437485,seasonal_naive,UCAYALI
2019-11-11,3.0750896272585204,4.772412591771999,seasonal_naive,UCAYALI
2019-11-18,3.1911307452682762,3.5196542864318485,seasonal_naive,UCAYALI
2019-11-25,2.668945714224376,3.937240388211899,seasonal_naive,UCAYALI
2019-12-02,3.7133157763121756,4.175861017800499,seasonal_naive,UCAYALI
2019-12-09,3.5392540992975423,4.235516175197649,seasonal_naive,UCAYALI
2019-12-16,4.0614391303414425,3.5196542864318485,seasonal_naive,UCAYALI
2019-12-23,4.235500807356075,2.5651717680774486,seasonal_naive,UCAYALI
2019-12-30,4.8157063974048535,2.3862062958859984,seasonal_naive,UCAYALI
2020-01-06,4.77687957233854,2.7081760756389097,seasonal_naive,UCAYALI
2020-01-13,4.7337386555981915,4.1472478620149476,seasonal_naive,UCAYALI
2020-01-20,4.752932389536756,5.16382975143412,seasonal_naive,UCAYALI
2020-01-27,4.017359519727496,5.105809192429242,seasonal_naive,UCAYALI
2020-02-03,3.734446877493165,4.583624161385342,seasonal_naive,UCAYALI
2020-02-10,4.017359519727496,3.9453980123316863,seasonal_naive,UCAYALI
2020-02-17,5.262175145558551,4.757685838399976,seasonal_naive,UCAYALI
2020-02-24,5.318757674005417,4.989768074419487,seasonal_naive,UCAYALI
2020-03-02,5.2055926171116855,5.744035341482898,seasonal_naive,UCAYALI
2020-03-09,4.583184804196158,4.931747515414609,seasonal_naive,UCAYALI
2020-03-16,4.4134372188555595,4.757685838399975,seasonal_naive,UCAYALI
2020-03-23,3.734446877493165,4.409562484370709,seasonal_naive,UCAYALI
2020-03-30,2.546213780108975,4.757685838399976,seasonal_naive,UCAYALI
2020-04-06,1.8672234387465807,4.409562484370709,seasonal_naive,UCAYALI
2020-04-13,0.961902983596722,4.177480248351198,seasonal_naive,UCAYALI
2020-04-20,0.7921553982561234,4.1194596893463205,seasonal_naive,UCAYALI
2020-04-27,0.5092427560217926,4.351541925365831,seasonal_naive,UCAYALI
2020-05-04,0.8487379267029898,5.105809192429243,seasonal_naive,UCAYALI
2020-05-11,0.9053204551498558,5.802055900487777,seasonal_naive,UCAYALI
2020-05-18,0.7355728698092573,5.744035341482899,seasonal_naive,UCAYALI
2020-05-25,0.3960776991280603,4.8157063974048535,seasonal_naive,UCAYALI
2020-06-01,0.28291264223432794,3.7713363353170535,seasonal_naive,UCAYALI
2020-06-08,0.16974758534059556,4.177480248351198,seasonal_naive,UCAYALI
2020-06-15,0.28291264223432794,4.40956248437071,seasonal_naive,UCAYALI
2020-06-22,0.45266022757492647,4.235500807356076,seasonal_naive,UCAYALI
2020-06-29,0.5092427560217926,3.8293568943219314,seasonal_naive,UCAYALI
2020-07-06,0.6224078129155249,3.1911307452682762,seasonal_naive,UCAYALI
2020-07-13,0.961902983596722,2.668945714224376,seasonal_naive,UCAYALI
2020-07-20,1.244815625831053,2.436863478204865,seasonal_naive,UCAYALI
2020-07-27,1.0750680404904545,2.784986832234132,seasonal_naive,UCAYALI
2020-08-03,0.6789903413623911,3.2491513042731537,seasonal_naive,UCAYALI
2020-08-10,0.961902983596722,3.133110186263398,seasonal_naive,UCAYALI
2020-08-17,0.8487379267029894,2.8430073912390093,seasonal_naive,UCAYALI
2020-08-24,1.3013981542779192,2.9590485092487646,seasonal_naive,UCAYALI
2020-08-31,0.7355728698092574,3.3651924222829095,seasonal_naive,UCAYALI
2020-09-07,0.9053204551498558,4.003418571336565,seasonal_naive,UCAYALI
2020-09-14,0.5658252844686588,3.8293568943219314,seasonal_naive,UCAYALI
2020-09-21,0.5658252844686588,3.481233540292665,seasonal_naive,UCAYALI
2020-09-28,0.5092427560217926,2.2047812421853537,seasonal_naive,UCAYALI
2020-10-05,0.9053204551498558,2.55290459621462,seasonal_naive,UCAYALI
2020-10-12,1.2448156258310528,2.784986832234131,seasonal_naive,UCAYALI
2020-10-19,1.2448156258310528,3.5392540992975428,seasonal_naive,UCAYALI
2020-10-26,0.7355728698092573,3.307171863278032,seasonal_naive,UCAYALI
2020-11-02,0.5092427560217926,3.7133157763121765,seasonal_naive,UCAYALI
2020-11-09,0.7921553982561235,3.0750896272585204,seasonal_naive,UCAYALI
2020-11-16,1.1316505689373206,3.1911307452682762,seasonal_naive,UCAYALI
2020-11-23,1.1316505689373206,2.668945714224376,seasonal_naive,UCAYALI
2020-11-30,1.0184855120435883,3.7133157763121756,seasonal_naive,UCAYALI
2020-12-07,0.9053204551498558,3.5392540992975423,seasonal_naive,UCAYALI
2020-12-14,1.3579806827247853,4.0614391303414425,seasonal_naive,UCAYALI
2020-12-21,1.8106409102997147,4.235500807356075,seasonal_naive,UCAYALI
2020-12-28,2.0369710240871792,4.8157063974048535,seasonal_naive,UCAYALI
2021-01-04,2.1326597442564363,4.77687957233854,seasonal_naive,UCAYALI
2021-01-11,2.0598491888511288,4.7337386555981915,seasonal_naive,UCAYALI
2021-01-18,3.2647189021690983,4.752932389536756,seasonal_naive,UCAYALI
2021-01-25,3.4860557768924267,4.017359519727496,seasonal_naive,UCAYALI
2021-02-01,3.596724214254092,3.734446877493165,seasonal_naive,UCAYALI
2021-02-08,2.5453740593182794,4.017359519727496,seasonal_naive,UCAYALI
2021-02-15,2.5453740593182794,5.262175145558551,seasonal_naive,UCAYALI
2021-02-22,2.6560424966799436,5.318757674005417,seasonal_naive,UCAYALI
2021-03-01,4.0393979637007495,5.2055926171116855,seasonal_naive,UCAYALI
2021-03-08,4.205400619743246,4.583184804196158,seasonal_naive,UCAYALI
2021-03-15,4.482071713147407,4.4134372188555595,seasonal_naive,UCAYALI
2021-03-22,4.150066401062414,3.734446877493165,seasonal_naive,UCAYALI
2021-03-29,3.9840637450199172,2.546213780108975,seasonal_naive,UCAYALI
2021-04-05,3.707392651615756,1.8672234387465807,seasonal_naive,UCAYALI
2021-04-12,2.656042496679944,0.961902983596722,seasonal_naive,UCAYALI
2021-04-19,3.1540504648074346,0.7921553982561234,seasonal_naive,UCAYALI
2021-04-26,3.430721558211595,0.5092427560217926,seasonal_naive,UCAYALI
2021-05-03,3.1540504648074346,0.8487379267029898,seasonal_naive,UCAYALI
2021-05-10,2.434705621956615,0.9053204551498558,seasonal_naive,UCAYALI
2021-05-17,2.4900398406374475,0.7355728698092573,seasonal_naive,UCAYALI
2021-05-24,3.098716246126602,0.3960776991280603,seasonal_naive,UCAYALI
2021-05-31,2.600708277999112,0.28291264223432794,seasonal_naive,UCAYALI
2021-06-07,1.881363435148293,0.16974758534059556,seasonal_naive,UCAYALI
2021-06-14,1.604692341744132,0.28291264223432794,seasonal_naive,UCAYALI
2021-06-21,2.4900398406374475,0.45266022757492647,seasonal_naive,UCAYALI
2021-06-28,2.4347056219566157,0.5092427560217926,seasonal_naive,UCAYALI
2021-07-05,2.4900398406374475,0.6224078129155249,seasonal_naive,UCAYALI
2021-07-12,1.9920318725099577,0.961902983596722,seasonal_naive,UCAYALI
2021-07-19,1.9366976538291256,1.244815625831053,seasonal_naive,UCAYALI
2021-07-26,1.3833554670208033,1.0750680404904545,seasonal_naive,UCAYALI
2021-08-02,1.05135015493581,0.6789903413623911,seasonal_naive,UCAYALI
2021-08-09,1.881363435148293,0.961902983596722,seasonal_naive,UCAYALI
2021-08-16,2.4347056219566157,0.8487379267029894,seasonal_naive,UCAYALI
2021-08-23,2.9880478087649376,1.3013981542779192,seasonal_naive,UCAYALI
2021-08-30,1.9366976538291256,0.7355728698092574,seasonal_naive,UCAYALI
2021-09-06,1.9366976538291256,0.9053204551498558,seasonal_naive,UCAYALI
2021-09-13,1.2726870296591388,0.5658252844686588,seasonal_naive,UCAYALI
2021-09-20,1.826029216467461,0.5658252844686588,seasonal_naive,UCAYALI
2021-09-27,1.6046923417441323,0.5092427560217926,seasonal_naive,UCAYALI
2021-10-04,1.604692341744132,0.9053204551498558,seasonal_naive,UCAYALI
2021-10-11,1.1620185922974746,1.2448156258310528,seasonal_naive,UCAYALI
2021-10-18,0.6086764054891523,1.2448156258310528,seasonal_naive,UCAYALI
2021-10-25,0.55334218680832,0.7355728698092573,seasonal_naive,UCAYALI
2021-11-01,0.6086764054891521,0.5092427560217926,seasonal_naive,UCAYALI
2021-11-08,0.7746790615316489,0.7921553982561235,seasonal_naive,UCAYALI
2021-11-15,0.8853474988933132,1.1316505689373206,seasonal_naive,UCAYALI
2021-11-22,0.6086764054891521,1.1316505689373206,seasonal_naive,UCAYALI
2021-11-29,0.4426737494466555,1.0184855120435883,seasonal_naive,UCAYALI
2021-12-06,0.38733953076582334,0.9053204551498558,seasonal_naive,UCAYALI
2021-12-13,0.55334218680832,1.3579806827247853,seasonal_naive,UCAYALI
2021-12-20,0.6640106241699844,1.8106409102997147,seasonal_naive,UCAYALI
2021-12-27,0.7746790615316489,2.0369710240871792,seasonal_naive,UCAYALI
2022-01-03,0.7690001028517695,2.1326597442564363,seasonal_naive,UCAYALI
2022-01-10,1.1991801432026927,2.0598491888511288,seasonal_naive,UCAYALI
2022-01-17,1.246563819731694,3.2647189021690983,seasonal_naive,UCAYALI
2022-01-24,1.5175559544559754,3.4860557768924267,seasonal_naive,UCAYALI
2022-01-31,1.4633575275111192,3.596724214254092,seasonal_naive,UCAYALI
2022-02-07,1.3549606736214066,2.5453740593182794,seasonal_naive,UCAYALI
2022-02-14,1.3549606736214066,2.5453740593182794,seasonal_naive,UCAYALI
2022-02-21,1.1923653927868374,2.6560424966799436,seasonal_naive,UCAYALI
2022-02-28,1.30076224667655,4.0393979637007495,seasonal_naive,UCAYALI
2022-03-07,0.9755716850074121,4.205400619743246,seasonal_naive,UCAYALI
2022-03-14,1.1923653927868376,4.482071713147407,seasonal_naive,UCAYALI
2022-03-21,1.8427465161251135,4.150066401062414,seasonal_naive,UCAYALI
2022-03-28,2.8183182011325285,3.9840637450199172,seasonal_naive,UCAYALI
2022-04-04,2.7641197741876717,3.707392651615756,seasonal_naive,UCAYALI
2022-04-11,2.655722920297959,2.656042496679944,seasonal_naive,UCAYALI
2022-04-18,2.5473260664082464,3.1540504648074346,seasonal_naive,UCAYALI
2022-04-25,3.739691459195086,3.430721558211595,seasonal_naive,UCAYALI
2022-05-02,4.227477301698793,3.1540504648074346,seasonal_naive,UCAYALI
2022-05-09,4.227477301698793,2.434705621956615,seasonal_naive,UCAYALI
2022-05-16,3.902286740029655,2.4900398406374475,seasonal_naive,UCAYALI
2022-05-23,3.631294605305373,3.098716246126602,seasonal_naive,UCAYALI
2022-05-30,3.5770961783605166,2.600708277999112,seasonal_naive,UCAYALI
2022-06-06,4.173278874753937,1.881363435148293,seasonal_naive,UCAYALI
2022-06-13,4.498469436423075,1.604692341744132,seasonal_naive,UCAYALI
2022-06-20,4.390072582533363,2.4900398406374475,seasonal_naive,UCAYALI
2022-06-27,3.08931033585681,2.4347056219566157,seasonal_naive,UCAYALI
2022-07-04,2.6015244933531028,2.4900398406374475,seasonal_naive,UCAYALI
2022-07-11,3.143508762801666,1.9920318725099577,seasonal_naive,UCAYALI
2022-07-18,2.980913481967097,1.9366976538291256,seasonal_naive,UCAYALI
2022-07-25,2.601524493353103,1.3833554670208033,seasonal_naive,UCAYALI
2022-08-01,3.0893103358568097,1.05135015493581,seasonal_naive,UCAYALI
2022-08-08,3.848088313084799,1.881363435148293,seasonal_naive,UCAYALI
2022-08-15,4.335874155588506,2.4347056219566157,seasonal_naive,UCAYALI
2022-08-22,2.8183182011325285,2.9880478087649376,seasonal_naive,UCAYALI
2022-08-29,2.113738650849396,1.9366976538291256,seasonal_naive,UCAYALI
2022-09-05,1.517555954455976,1.9366976538291256,seasonal_naive,UCAYALI
2022-09-12,2.1679370777942517,1.2726870296591388,seasonal_naive,UCAYALI
2022-09-19,2.3305323586288207,1.826029216467461,seasonal_naive,UCAYALI
2022-09-26,2.3305323586288207,1.6046923417441323,seasonal_naive,UCAYALI
2022-10-03,1.842746516125114,1.604692341744132,seasonal_naive,UCAYALI
2022-10-10,2.5473260664082464,1.1620185922974746,seasonal_naive,UCAYALI
2022-10-17,3.577096178360517,0.6086764054891523,seasonal_naive,UCAYALI
2022-10-24,3.3603024705810918,0.55334218680832,seasonal_naive,UCAYALI
2022-10-31,2.5473260664082464,0.6086764054891521,seasonal_naive,UCAYALI
2022-11-07,2.059540223904539,0.7746790615316489,seasonal_naive,UCAYALI
2022-11-14,2.49312763946339,0.8853474988933132,seasonal_naive,UCAYALI
2022-11-21,2.49312763946339,0.6086764054891521,seasonal_naive,UCAYALI
2022-11-28,2.276333931683965,0.4426737494466555,seasonal_naive,UCAYALI
2022-12-05,2.113738650849396,0.38733953076582334,seasonal_naive,UCAYALI
2022-12-12,2.0595402239045395,0.55334218680832,seasonal_naive,UCAYALI
2022-12-19,1.5717543814008323,0.6640106241699844,seasonal_naive,UCAYALI
2022-12-26,1.9511433700148266,0.7746790615316489,seasonal_naive,UCAYALI
2023-01-02,1.6738214478472526,0.7690001028517695,seasonal_naive,UCAYALI
2023-01-09,1.7737785851459087,1.1991801432026927,seasonal_naive,UCAYALI
2023-01-16,1.7537342582421502,1.246563819731694,seasonal_naive,UCAYALI
2023-01-23,1.9663081077260476,1.5175559544559754,seasonal_naive,UCAYALI
2023-01-30,2.1257384948389704,1.4633575275111192,seasonal_naive,UCAYALI
2023-02-06,2.1257384948389704,1.3549606736214066,seasonal_naive,UCAYALI
2023-02-13,2.019451570097022,1.3549606736214066,seasonal_naive,UCAYALI
2023-02-20,2.3383123443228677,1.1923653927868374,seasonal_naive,UCAYALI
2023-02-27,2.0725950324679965,1.30076224667655,seasonal_naive,UCAYALI
2023-03-06,2.60402965617774,0.9755716850074121,seasonal_naive,UCAYALI
2023-03-13,1.860021182984099,1.1923653927868376,seasonal_naive,UCAYALI
2023-03-20,1.4348734840163047,1.8427465161251135,seasonal_naive,UCAYALI
2023-03-27,1.8068777206131248,2.8183182011325285,seasonal_naive,UCAYALI
2023-04-03,2.869746968032611,2.7641197741876717,seasonal_naive,UCAYALI
2023-04-10,3.7200423659681996,2.655722920297959,seasonal_naive,UCAYALI
2023-04-17,3.0823208175165084,2.5473260664082464,seasonal_naive,UCAYALI
2023-04-24,3.241751204629431,3.739691459195086,seasonal_naive,UCAYALI
2023-05-01,3.1354642798874828,4.227477301698793,seasonal_naive,UCAYALI
2023-05-08,3.8263292907101487,4.227477301698793,seasonal_naive,UCAYALI
2023-05-15,3.8263292907101487,3.902286740029655,seasonal_naive,UCAYALI
2023-05-22,4.357763914419892,3.631294605305373,seasonal_naive,UCAYALI
2023-05-29,4.2514769896779425,3.5770961783605166,seasonal_naive,UCAYALI
2023-06-05,4.676624688645737,4.173278874753937,seasonal_naive,UCAYALI
2023-06-12,4.46405083916184,4.498469436423075,seasonal_naive,UCAYALI
2023-06-19,4.517194301532815,4.390072582533363,seasonal_naive,UCAYALI
2023-06-26,4.995485462871583,3.08931033585681,seasonal_naive,UCAYALI
2023-07-03,4.889198538129635,2.6015244933531028,seasonal_naive,UCAYALI
2023-07-10,6.164641635033019,3.143508762801666,seasonal_naive,UCAYALI
2023-07-17,5.261202774726455,2.980913481967097,seasonal_naive,UCAYALI
2023-07-24,5.845780860807172,2.601524493353103,seasonal_naive,UCAYALI
2023-07-31,4.304620452048917,3.0893103358568097,seasonal_naive,UCAYALI
2023-08-07,3.6668989035972253,3.848088313084799,seasonal_naive,UCAYALI
2023-08-14,2.232025419580919,4.335874155588506,seasonal_naive,UCAYALI
2023-08-21,2.4445992690648164,2.8183182011325285,seasonal_naive,UCAYALI
2023-08-28,2.4977427314357907,2.113738650849396,seasonal_naive,UCAYALI
2023-09-04,3.0291773551455337,1.517555954455976,seasonal_naive,UCAYALI
2023-09-11,2.710316580919688,2.1679370777942517,seasonal_naive,UCAYALI
2023-09-18,3.0291773551455337,2.3305323586288207,seasonal_naive,UCAYALI
2023-09-25,3.401181591742354,2.3305323586288207,seasonal_naive,UCAYALI
2023-10-02,3.1886077422584562,1.842746516125114,seasonal_naive,UCAYALI
2023-10-09,3.0823208175165075,2.5473260664082464,seasonal_naive,UCAYALI
2023-10-16,3.613755441226251,3.577096178360517,seasonal_naive,UCAYALI
2023-10-23,4.729768151016711,3.3603024705810918,seasonal_naive,UCAYALI
2023-10-30,4.517194301532815,2.5473260664082464,seasonal_naive,UCAYALI
2023-11-06,4.729768151016711,2.059540223904539,seasonal_naive,UCAYALI
2023-11-13,3.8263292907101487,2.49312763946339,seasonal_naive,UCAYALI
2023-11-20,3.7731858283391744,2.49312763946339,seasonal_naive,UCAYALI
2023-11-27,2.9760338927745598,2.276333931683965,seasonal_naive,UCAYALI
2023-12-04,2.6571731185487137,2.113738650849396,seasonal_naive,UCAYALI
2023-12-11,2.816603505661637,2.0595402239045395,seasonal_naive,UCAYALI
2023-12-18,2.6571731185487137,1.5717543814008323,seasonal_naive,UCAYALI
2023-12-25,3.241751204629431,1.9511433700148266,seasonal_naive,UCAYALI
2004-12-27,3.685385970472691,5.380123411009273,holt_winters,UCAYALI
2005-01-03,6.7099040755658335,6.5889988083833195,holt_winters,UCAYALI
2005-01-10,7.061551856265325,6.921229537394807,holt_winters,UCAYALI
2005-01-17,8.746694912874096,6.745462140902473,holt_winters,UCAYALI
2005-01-24,6.499837504062402,7.667285044731167,holt_winters,UCAYALI
2005-01-31,5.456653707114117,7.816341116594179,holt_winters,UCAYALI
2005-02-07,8.024490745756053,7.602502962738093,holt_winters,UCAYALI
2005-02-14,7.623266208468248,8.379836595352558,holt_winters,UCAYALI
2005-02-21,7.382531486095567,7.402179191962503,holt_winters,UCAYALI
2005-02-28,5.456653707114115,7.476339001545051,holt_winters,UCAYALI
2005-03-07,8.02449074575605,7.074359773124111,holt_winters,UCAYALI
2005-03-14,9.78987870982238,7.254048829183729,holt_winters,UCAYALI
2005-03-21,11.635511581346272,10.765048515688761,holt_winters,UCAYALI
2005-03-28,13.561389360327723,11.028541770759416,holt_winters,UCAYALI
2005-04-04,15.086042602021372,12.043226024361985,holt_winters,UCAYALI
2005-04-11,16.931675473545265,13.620444453827531,holt_winters,UCAYALI
2005-04-18,16.4502060287999,19.023483075574745,holt_winters,UCAYALI
2005-04-25,16.12922639896966,21.15115866977957,holt_winters,UCAYALI
2005-05-02,15.166287509478934,22.409915254348824,holt_winters,UCAYALI
2005-05-09,15.96873658405454,23.56458547225842,holt_winters,UCAYALI
2005-05-16,15.487267139309177,15.495219682345128,holt_winters,UCAYALI
2005-05-23,13.481144452870167,15.118624694810904,holt_winters,UCAYALI
2005-05-30,9.22816435761946,14.403344217153117,holt_winters,UCAYALI
2005-06-06,9.22816435761946,13.757607731962851,holt_winters,UCAYALI
2005-06-13,8.586205097958976,8.372767749979372,holt_winters,UCAYALI
2005-06-20,8.265225468128735,7.174057017688385,holt_winters,UCAYALI
2005-06-27,6.981306948807766,6.822990902225952,holt_winters,UCAYALI
2005-07-04,6.0986129667746,6.731894713642546,holt_winters,UCAYALI
2005-07-11,6.178857874232162,5.647651364316957,holt_winters,UCAYALI
2005-07-18,6.259102781689722,4.591625837510936,holt_winters,UCAYALI
2005-07-25,6.018368059317041,4.191171384368149,holt_winters,UCAYALI
2005-08-01,7.70351111592581,3.6732072310488464,holt_winters,UCAYALI
2005-08-08,7.9442458382984915,7.6919874753524,holt_winters,UCAYALI
2005-08-15,9.147919450161899,7.449912619618629,holt_winters,UCAYALI
2005-08-22,7.9442458382984915,7.580022249303504,holt_winters,UCAYALI
2005-08-29,6.3393476891472815,7.478083137389781,holt_winters,UCAYALI
2005-09-05,5.938123151859479,6.51331370706725,holt_winters,UCAYALI
2005-09-12,5.215918984741435,6.784006446005611,holt_winters,UCAYALI
2005-09-19,5.8578782444019195,6.537303024732756,holt_winters,UCAYALI
2005-09-26,6.0986129667746,7.187716147644053,holt_winters,UCAYALI
2005-10-03,7.54302130101069,5.844411720828996,holt_winters,UCAYALI
2005-10-10,8.425715283043855,6.785936356981351,holt_winters,UCAYALI
2005-10-17,8.104735653213613,6.416478577464548,holt_winters,UCAYALI
2005-10-24,6.740572226435084,6.478284012917518,holt_winters,UCAYALI
2005-10-31,5.617143522029238,6.5511582829862425,holt_winters,UCAYALI
2005-11-07,5.2159189847414344,6.777756523532369,holt_winters,UCAYALI
2005-11-14,5.617143522029237,6.6366193882895494,holt_winters,UCAYALI
2005-11-21,6.580082411519963,5.493924069120844,holt_winters,UCAYALI
2005-11-28,6.981306948807766,5.6288182395345,holt_winters,UCAYALI
2005-12-05,8.02449074575605,5.803811708795509,holt_winters,UCAYALI
2005-12-12,7.382531486095567,5.570215580190192,holt_winters,UCAYALI
2005-12-19,7.543021301010687,5.329280831799704,holt_winters,UCAYALI
2005-12-26,5.938123151859479,7.904112089614976,holt_winters,UCAYALI
2006-01-02,8.884262561691338,9.413296605797576,holt_winters,UCAYALI
2006-01-09,8.841408546522159,9.906987893172309,holt_winters,UCAYALI
2006-01-16,9.281611161845346,9.64968145156527,holt_winters,UCAYALI
2006-01-23,6.5285909019759645,8.439960695899629,holt_winters,UCAYALI
2006-01-30,6.44993318026541,8.279432367057318,holt_winters,UCAYALI
2006-02-06,7.315168119081502,8.991818330075615,holt_winters,UCAYALI
2006-02-13,6.764564067107625,9.45964411462449,holt_winters,UCAYALI
2006-02-20,6.685906345397072,6.900477052515213,holt_winters,UCAYALI
2006-02-27,6.135302293423195,6.234047490256396,holt_winters,UCAYALI
2006-03-06,8.573691666450362,6.3856906170339975,holt_winters,UCAYALI
2006-03-13,11.326711926319744,6.892842036604728,holt_winters,UCAYALI
2006-03-20,13.450470412504695,12.941651572017353,holt_winters,UCAYALI
2006-03-27,13.135839525662478,14.019829765886245,holt_winters,UCAYALI
2006-04-03,15.416913455268537,15.145126006427414,holt_winters,UCAYALI
2006-04-10,17.855302828295702,16.626573050401092,holt_winters,UCAYALI
2006-04-17,19.821745871059548,19.840954432271673,holt_winters,UCAYALI
2006-04-24,16.832752446058503,20.923476076068418,holt_winters,UCAYALI
2006-05-01,13.214497247373032,21.104663945186005,holt_winters,UCAYALI
2006-05-08,11.877315978293618,21.497248099800935,holt_winters,UCAYALI
2006-05-15,14.630336238163002,10.798105573860456,holt_winters,UCAYALI
2006-05-22,15.731544342110752,9.073629865282683,holt_winters,UCAYALI
2006-05-29,14.944967125005213,6.778779156019619,holt_winters,UCAYALI
2006-06-05,10.854765596056419,5.774282855423129,holt_winters,UCAYALI
2006-06-12,9.910872935529776,9.956377783772703,holt_winters,UCAYALI
2006-06-19,8.652349388160916,9.417074686446954,holt_winters,UCAYALI
2006-06-26,10.06818837895088,8.592546727670133,holt_winters,UCAYALI
2006-07-03,10.146846100661435,8.490572067961521,holt_winters,UCAYALI
2006-07-10,11.248054204609188,9.485458489411712,holt_winters,UCAYALI
2006-07-17,11.248054204609188,9.155098940588582,holt_winters,UCAYALI
2006-07-24,11.562685091451401,8.667264672978337,holt_winters,UCAYALI
2006-07-31,10.933423317766973,8.91613057844135,holt_winters,UCAYALI
2006-08-07,8.888322553292575,10.902068933751504,holt_winters,UCAYALI
2006-08-14,7.236510397370947,11.000087252740892,holt_winters,UCAYALI
2006-08-21,8.023087614476486,10.771735350167893,holt_winters,UCAYALI
2006-08-28,7.472483562502609,10.51788936781332,holt_winters,UCAYALI
2006-09-04,6.449933180265411,7.5136536533001355,holt_winters,UCAYALI
2006-09-11,11.405369648030295,7.735721840608644,holt_winters,UCAYALI
2006-09-18,13.214497247373032,8.009552366177592,holt_winters,UCAYALI
2006-09-25,13.765101299346908,8.440335594415412,holt_winters,UCAYALI
2006-10-02,7.000537232239285,14.124773168999267,holt_winters,UCAYALI
2006-10-09,6.921879510528733,15.093623262520305,holt_winters,UCAYALI
2006-10-16,6.135302293423194,14.983310245725272,holt_winters,UCAYALI
2006-10-23,6.135302293423194,14.964069096990665,holt_winters,UCAYALI
2006-10-30,4.640805580922674,5.845151925601806,holt_winters,UCAYALI
2006-11-06,4.876778746054335,5.939049935102576,holt_winters,UCAYALI
2006-11-13,5.348725076317657,5.955911699539125,holt_winters,UCAYALI
2006-11-20,6.843221788818179,5.40532432619827,holt_winters,UCAYALI
2006-11-27,8.101745336187038,6.454163369560321,holt_winters,UCAYALI
2006-12-04,8.101745336187038,6.233638758194087,holt_winters,UCAYALI
2006-12-11,7.393825840792055,5.684663343586667,holt_winters,UCAYALI
2006-12-18,9.360268883555898,5.786661223300421,holt_winters,UCAYALI
2006-12-25,9.124295718424237,9.421524205811135,holt_winters,UCAYALI
2007-01-01,9.075475981364287,11.049552611598488,holt_winters,UCAYALI
2007-01-08,7.524531447888196,11.082847379306887,holt_winters,UCAYALI
2007-01-15,8.561663646944762,10.924905172221715,holt_winters,UCAYALI
2007-01-22,8.407399437089902,6.793010985862782,holt_winters,UCAYALI
2007-01-29,8.484531542017333,6.363939855161172,holt_winters,UCAYALI
2007-02-05,8.561663646944764,6.833834818816552,holt_winters,UCAYALI
2007-02-12,8.253135227235042,6.914618176195418,holt_winters,UCAYALI
2007-02-19,7.558946282888169,8.088126227158991,holt_winters,UCAYALI
2007-02-26,5.939172079412134,7.491222389879054,holt_winters,UCAYALI
2007-03-05,5.0135868202829705,8.04636832888635,holt_winters,UCAYALI
2007-03-12,5.244983135065261,8.867608381953511,holt_winters,UCAYALI
2007-03-19,6.787625233613866,6.511949522048213,holt_winters,UCAYALI
2007-03-26,9.101588381436775,7.132597508203847,holt_winters,UCAYALI
2007-04-02,10.412834165203089,8.825171610708422,holt_winters,UCAYALI
2007-04-09,10.104305745493368,10.489228942103946,holt_winters,UCAYALI
2007-04-16,9.950041535638507,11.86994585666975,holt_winters,UCAYALI
2007-04-23,10.258569955348227,11.76976931885693,holt_winters,UCAYALI
2007-04-30,11.56981573911454,11.272897190043349,holt_winters,UCAYALI
2007-05-07,11.492683634187111,11.497542441872831,holt_winters,UCAYALI
2007-05-14,9.178720486364204,12.151069149975651,holt_winters,UCAYALI
2007-05-21,8.793059961727053,11.347079182337467,holt_winters,UCAYALI
2007-05-28,8.484531542017331,9.15331072934194,holt_winters,UCAYALI
2007-06-04,10.72136258491281,7.637219567650279,holt_winters,UCAYALI
2007-06-11,9.101588381436775,9.845432329295203,holt_winters,UCAYALI
2007-06-18,8.17600312230761,9.145912229800057,holt_winters,UCAYALI
2007-06-25,6.324832604049285,8.67814262724837,holt_winters,UCAYALI
2007-07-02,5.862039974484703,8.35806151837771,holt_winters,UCAYALI
2007-07-09,5.862039974484703,5.615091994307489,holt_winters,UCAYALI
2007-07-16,6.170568394194423,5.430282033619733,holt_winters,UCAYALI
2007-07-23,6.093436289266994,4.873775067035293,holt_winters,UCAYALI
2007-07-30,7.86747470259789,5.054950134139122,holt_winters,UCAYALI
2007-08-06,7.5589462828881695,7.639085129183517,holt_winters,UCAYALI
2007-08-13,7.79034259767046,7.481898083799651,holt_winters,UCAYALI
2007-08-20,5.322115239992692,7.358551861527404,holt_winters,UCAYALI
2007-08-27,4.705058400573249,6.9036708112992535,holt_winters,UCAYALI
2007-09-03,5.630643659702412,4.300859562607403,holt_winters,UCAYALI
2007-09-10,6.479096813904145,5.39987482467779,holt_winters,UCAYALI
2007-09-17,6.710493128686436,6.025117072854916,holt_winters,UCAYALI
2007-09-24,7.636078387815599,6.503439217603807,holt_winters,UCAYALI
2007-10-01,8.561663646944764,6.230651765780145,holt_winters,UCAYALI
2007-10-08,9.101588381436775,6.9241562248184785,holt_winters,UCAYALI
2007-10-15,8.253135227235042,6.9807410640817515,holt_winters,UCAYALI
2007-10-22,7.019021548396157,6.994400032932194,holt_winters,UCAYALI
2007-10-29,6.093436289266993,6.189716405035283,holt_winters,UCAYALI
2007-11-05,4.8593226104281095,6.097837415491075,holt_winters,UCAYALI
2007-11-12,5.244983135065261,6.404345903081266,holt_winters,UCAYALI
2007-11-19,6.479096813904145,6.811556847590663,holt_winters,UCAYALI
2007-11-26,6.633361023759005,6.510904304318215,holt_winters,UCAYALI
2007-12-03,6.093436289266993,6.456011082013796,holt_winters,UCAYALI
2007-12-10,6.016304184339563,5.992135680630894,holt_winters,UCAYALI
2007-12-17,7.019021548396156,6.829339598498946,holt_winters,UCAYALI
2007-12-24,8.638795751872191,7.049734475300501,holt_winters,UCAYALI
2007-12-31,8.17600312230761,8.935063274681083,holt_winters,UCAYALI
2008-01-07,6.9743511282084185,8.773763152894997,holt_winters,UCAYALI
2008-01-14,6.663766341275139,9.161045482746788,holt_winters,UCAYALI
2008-01-21,7.435061496970779,5.189606873311975,holt_winters,UCAYALI
2008-01-28,11.415447954945032,4.900495279052975,holt_winters,UCAYALI
2008-02-04,11.415447954945032,5.406688802341417,holt_winters,UCAYALI
2008-02-11,12.09136263648783,5.233893663510699,holt_winters,UCAYALI
2008-02-18,9.613008804164238,11.761274455147339,holt_winters,UCAYALI
2008-02-25,9.387703910316636,10.477470985621595,holt_winters,UCAYALI
2008-03-03,10.063618591859436,10.87579527884509,holt_winters,UCAYALI
2008-03-10,8.786890860056374,11.546314447472248,holt_winters,UCAYALI
2008-03-17,8.18607780979611,10.067491472909907,holt_winters,UCAYALI
2008-03-24,6.083232133885183,10.77936890515814,holt_winters,UCAYALI
2008-03-31,6.75914681542798,12.284684858064,holt_winters,UCAYALI
2008-04-07,7.284858234405712,14.028691697312947,holt_winters,UCAYALI
2008-04-14,8.035874547231044,8.037514034822063,holt_winters,UCAYALI
2008-04-21,10.439126748272102,7.722285285425963,holt_winters,UCAYALI
2008-04-28,10.889736535967302,7.4451014650478635,holt_winters,UCAYALI
2008-05-05,9.688110435446772,7.638613091194974,holt_winters,UCAYALI
2008-05-12,8.26117944107864,9.804416986795385,holt_winters,UCAYALI
2008-05-19,7.8105696533834434,9.226685789378976,holt_winters,UCAYALI
2008-05-26,8.411382703643708,7.480164051604967,holt_winters,UCAYALI
2008-06-02,7.510163128253311,6.7828215665635,holt_winters,UCAYALI
2008-06-09,7.8105696533834434,6.668212835558423,holt_winters,UCAYALI
2008-06-16,8.26117944107864,6.086697519042339,holt_winters,UCAYALI
2008-06-23,8.861992491338906,5.504076477416574,holt_winters,UCAYALI
2008-06-30,9.087297385186504,4.973561563894053,holt_winters,UCAYALI
2008-07-07,10.364025116989568,9.212590520027502,holt_winters,UCAYALI
2008-07-14,11.490549586227564,9.172209165586468,holt_winters,UCAYALI
2008-07-21,11.340346323662496,8.892812634680844,holt_winters,UCAYALI
2008-07-28,10.514228379554634,9.492484392582645,holt_winters,UCAYALI
2008-08-04,9.012195753903972,9.990013556235596,holt_winters,UCAYALI
2008-08-11,8.411382703643708,10.016014922560851,holt_winters,UCAYALI
2008-08-18,8.186077809796108,9.230654050991543,holt_winters,UCAYALI
2008-08-25,8.035874547231042,8.52292043419474,holt_winters,UCAYALI
2008-09-01,8.786890860056372,8.065260665414804,holt_winters,UCAYALI
2008-09-08,9.688110435446768,9.2878481772352,holt_winters,UCAYALI
2008-09-15,9.087297385186504,9.862851234682642,holt_winters,UCAYALI
2008-09-22,8.71178922877384,10.085451995320115,holt_winters,UCAYALI
2008-09-29,6.909350077993046,7.256065148026854,holt_winters,UCAYALI
2008-10-06,6.684045184145447,7.81724965322176,holt_winters,UCAYALI
2008-10-13,6.233435396450247,7.687067976303808,holt_winters,UCAYALI
2008-10-20,7.6603663908183774,7.454739016820609,holt_winters,UCAYALI
2008-10-27,8.786890860056372,6.783597770323892,holt_winters,UCAYALI
2008-11-03,9.68811043544677,6.627979532071623,holt_winters,UCAYALI
2008-11-10,8.26117944107864,6.646747148662588,holt_winters,UCAYALI
2008-11-17,6.909350077993046,7.175284485551569,holt_winters,UCAYALI
2008-11-24,5.257114189777318,7.112318909910637,holt_winters,UCAYALI
2008-12-01,6.383638659015314,6.935492188019411,holt_winters,UCAYALI
2008-12-08,5.782825608755048,6.500654747802789,holt_winters,UCAYALI
2008-12-15,6.30853702773278,7.250708788645452,holt_winters,UCAYALI
2008-12-22,5.031809295929718,5.834839575083857,holt_winters,UCAYALI
2008-12-29,6.30853702773278,7.384503281577791,holt_winters,UCAYALI
2009-01-05,6.254600271234607,7.217130937285357,holt_winters,UCAYALI
2009-01-12,6.499143727134488,7.403781553763721,holt_winters,UCAYALI
2009-01-19,6.512603350990538,5.393184346054214,holt_winters,UCAYALI
2009-01-26,6.951655262293271,5.992573939185513,holt_winters,UCAYALI
2009-02-02,8.12246035910056,6.912486599882695,holt_winters,UCAYALI
2009-02-09,9.146914818806936,7.0304614313726095,holt_winters,UCAYALI
2009-02-16,10.171369278513312,8.241702989357103,holt_winters,UCAYALI
2009-02-23,10.464070552715134,7.365706599526305,holt_winters,UCAYALI
2009-03-02,11.488525012421512,8.089616004086258,holt_winters,UCAYALI
2009-03-09,13.976485843136997,8.711793084247606,holt_winters,UCAYALI
2009-03-16,17.342550496457946,15.180186938379585,holt_winters,UCAYALI
2009-03-23,19.464634734421157,15.376161647867503,holt_winters,UCAYALI
2009-03-30,19.90368664572389,16.68105462165495,holt_winters,UCAYALI
2009-04-06,19.098758141668878,18.039731663215775,holt_winters,UCAYALI
2009-04-13,16.903498585155216,19.595243679656015,holt_winters,UCAYALI
2009-04-20,13.830135206036084,19.43069880732471,holt_winters,UCAYALI
2009-04-27,11.342174375320598,18.66654014761052,holt_winters,UCAYALI
2009-05-04,10.610421189816044,18.48034666268473,holt_winters,UCAYALI
2009-05-11,11.122648419669233,10.240308767743718,holt_winters,UCAYALI
2009-05-18,9.3664407744583,9.788002023662152,holt_winters,UCAYALI
2009-05-25,8.927388863155569,8.653580186045003,holt_winters,UCAYALI
2009-06-01,7.390707173596002,7.921285947514857,holt_winters,UCAYALI
2009-06-08,8.415161633302379,6.658789193681981,holt_winters,UCAYALI
2009-06-15,8.781038226054656,6.190524527823232,holt_winters,UCAYALI
2009-06-22,9.293265455907845,5.916797989784657,holt_winters,UCAYALI
2009-06-29,8.122460359100558,5.58899734917902,holt_winters,UCAYALI
2009-07-06,8.122460359100558,8.732322306075128,holt_winters,UCAYALI
2009-07-13,7.829759084898735,9.006582968526542,holt_winters,UCAYALI
2009-07-20,8.927388863155569,8.915607133420698,holt_winters,UCAYALI
2009-07-27,7.756583766348279,9.257187702574857,holt_winters,UCAYALI
2009-08-03,7.976109721999646,6.857258069137735,holt_winters,UCAYALI
2009-08-10,8.268810996201468,6.583198696672962,holt_winters,UCAYALI
2009-08-17,8.122460359100556,5.907280081846306,holt_winters,UCAYALI
2009-08-24,8.195635677651012,5.341798603486551,holt_winters,UCAYALI
2009-08-31,8.122460359100556,8.239927990166311,holt_winters,UCAYALI
2009-09-07,9.220090137357388,9.666980795998459,holt_winters,UCAYALI
2009-09-14,8.634687588953744,9.973123991970288,holt_winters,UCAYALI
2009-09-21,7.537057810696911,10.10444474236688,holt_winters,UCAYALI
2009-09-28,6.805304625192357,6.003582894528476,holt_winters,UCAYALI
2009-10-05,6.293077395339169,6.286692244599732,holt_winters,UCAYALI
2009-10-12,6.658953988091447,5.7603744469995055,holt_winters,UCAYALI
2009-10-19,6.219902076788713,5.794144721558151,holt_winters,UCAYALI
2009-10-26,7.098005899394178,5.610802489519444,holt_winters,UCAYALI
2009-11-02,8.634687588953744,5.788834125331729,holt_winters,UCAYALI
2009-11-09,9.951843322861944,5.634427114786168,holt_winters,UCAYALI
2009-11-16,10.537245871265588,5.914736173371747,holt_winters,UCAYALI
2009-11-23,10.610421189816044,10.561263026214759,holt_winters,UCAYALI
2009-11-30,9.3664407744583,10.787067905566323,holt_winters,UCAYALI
2009-12-07,9.073739500256478,10.299078896234736,holt_winters,UCAYALI
2009-12-14,6.805304625192359,11.112678864147611,holt_winters,UCAYALI
2009-12-21,6.219902076788714,6.442070527125382,holt_winters,UCAYALI
2009-12-28,3.292889334770495,7.596274630745626,holt_winters,UCAYALI
2010-01-04,4.677707151478504,6.9441512548575535,holt_winters,UCAYALI
2010-01-11,5.350901412852007,7.443179941105319,holt_winters,UCAYALI
2010-01-18,8.062024795363692,4.833510871317632,holt_winters,UCAYALI
2010-01-25,7.348571273650091,5.502016564623785,holt_winters,UCAYALI
2010-02-01,6.70646310410785,6.433324477822701,holt_winters,UCAYALI
2010-02-08,5.636282821537448,6.516813939558229,holt_winters,UCAYALI
2010-02-15,5.564937469366089,5.103858831978633,holt_winters,UCAYALI
2010-02-22,5.850318878051528,4.226727437631748,holt_winters,UCAYALI
2010-03-01,6.421081695422409,5.326872463462657,holt_winters,UCAYALI
2010-03-08,6.278390991079689,6.475715487854326,holt_winters,UCAYALI
2010-03-15,6.63511775193649,7.920540298424361,holt_winters,UCAYALI
2010-03-22,8.133370147535052,8.599508338188107,holt_winters,UCAYALI
2010-03-29,10.131040008333136,9.763443665262063,holt_winters,UCAYALI
2010-04-05,12.200055221302579,10.442268978167938,holt_winters,UCAYALI
2010-04-12,14.982523955985625,12.293643243308498,holt_winters,UCAYALI
2010-04-19,18.90651832541043,11.623710744778595,holt_winters,UCAYALI
2010-04-26,20.476116073180354,10.621534300541123,holt_winters,UCAYALI
2010-05-03,20.761497481865792,10.167314243247567,holt_winters,UCAYALI
2010-05-10,18.12171945152547,20.5784820629278,holt_winters,UCAYALI
2010-05-17,19.19189973409587,20.15541941142681,holt_winters,UCAYALI
2010-05-24,17.479611281983228,19.328982811666908,holt_winters,UCAYALI
2010-05-31,16.124049590727385,18.629176165334435,holt_winters,UCAYALI
2010-06-07,11.415256347417618,15.770241651232991,holt_winters,UCAYALI
2010-06-14,9.060859725762732,15.475911453163237,holt_winters,UCAYALI
2010-06-21,10.273730712675855,15.38221030511153,holt_winters,UCAYALI
2010-06-28,9.988349303990415,14.954816128483284,holt_winters,UCAYALI
2010-07-05,9.417586486619534,10.579555872078094,holt_winters,UCAYALI
2010-07-12,6.635117751936488,10.769195228365612,holt_winters,UCAYALI
2010-07-19,6.563772399765128,10.906545319898957,holt_winters,UCAYALI
2010-07-26,6.492427047593768,11.025026734521594,holt_winters,UCAYALI
2010-08-02,5.921664230222888,5.591539154783341,holt_winters,UCAYALI
2010-08-09,6.06435493456561,5.511414950940597,holt_winters,UCAYALI
2010-08-16,6.064354934565608,4.881840093879756,holt_winters,UCAYALI
2010-08-23,5.636282821537448,4.331380355796686,holt_winters,UCAYALI
2010-08-30,5.921664230222888,5.778431426954349,holt_winters,UCAYALI
2010-09-06,6.064354934565607,7.222329168199541,holt_winters,UCAYALI
2010-09-13,6.777808456279208,7.543391029588507,holt_winters,UCAYALI
2010-09-20,6.991844512793288,7.609166858256637,holt_winters,UCAYALI
2010-09-27,6.064354934565607,4.908823688740219,holt_winters,UCAYALI
2010-10-04,7.063189864964649,5.0535401113209435,holt_winters,UCAYALI
2010-10-11,7.56260733016417,4.666048758023651,holt_winters,UCAYALI
2010-10-18,8.06202479536369,4.362388144438769,holt_winters,UCAYALI
2010-10-25,6.563772399765128,7.958649192302882,holt_winters,UCAYALI
2010-11-01,4.209375778110244,8.131295490643812,holt_winters,UCAYALI
2010-11-08,3.923994369424804,8.328115693681536,holt_winters,UCAYALI
2010-11-15,4.138030425938884,8.882258996020116,holt_winters,UCAYALI
2010-11-22,4.637447891138406,4.118281822290958,holt_winters,UCAYALI
2010-11-29,4.3520664824529645,4.142688063526476,holt_winters,UCAYALI
2010-12-06,4.138030425938884,3.6398288981436693,holt_winters,UCAYALI
2010-12-13,4.3520664824529645,3.889701249410988,holt_winters,UCAYALI
2010-12-20,3.7099583129107234,4.258712264354235,holt_winters,UCAYALI
2010-12-27,2.9965047911971223,4.2860806319255635,holt_winters,UCAYALI
2011-01-03,3.5881334741121598,3.8937981246499467,holt_winters,UCAYALI
2011-01-10,4.270254900677841,4.235430370889181,holt_winters,UCAYALI
2011-01-17,4.9419322955275495,5.1270822871907065,holt_winters,UCAYALI
2011-01-24,4.593908894434059,5.824105253227641,holt_winters,UCAYALI
2011-01-31,4.9419322955275495,6.080577137203785,holt_winters,UCAYALI
2011-02-07,4.385094853777966,6.003320318612663,holt_winters,UCAYALI
2011-02-14,4.4546995339966635,3.8707328654362914,holt_winters,UCAYALI
2011-02-21,4.106676132903174,3.315963484640796,holt_winters,UCAYALI
2011-02-28,4.315490173559268,3.9262704790671554,holt_winters,UCAYALI
2011-03-07,4.176280813121871,4.626102873023248,holt_winters,UCAYALI
2011-03-14,4.385094853777965,5.365235688200277,holt_winters,UCAYALI
2011-03-21,5.498769737277132,6.122900912991907,holt_winters,UCAYALI
2011-03-28,6.055607179026715,7.516606236403293,holt_winters,UCAYALI
2011-04-04,7.865328864712861,8.351610821210592,holt_winters,UCAYALI
2011-04-11,10.997539474554266,8.182363998587627,holt_winters,UCAYALI
2011-04-18,12.59844711958432,8.756326835168586,holt_winters,UCAYALI
2011-04-25,13.016075200896504,8.569144331869374,holt_winters,UCAYALI
2011-05-02,12.87686584045911,8.251373427947762,holt_winters,UCAYALI
2011-05-09,13.294493921771299,11.61284778229854,holt_winters,UCAYALI
2011-05-16,12.59844711958432,11.716186501313125,holt_winters,UCAYALI
2011-05-23,9.466236509742913,11.338021927973713,holt_winters,UCAYALI
2011-05-30,8.630980347118538,10.330481071494587,holt_winters,UCAYALI
2011-06-06,9.048608428430725,7.2038235711878675,holt_winters,UCAYALI
2011-06-13,9.60544587018031,6.26327695852254,holt_winters,UCAYALI
2011-06-20,8.143747585587652,6.488343980076362,holt_winters,UCAYALI
2011-06-27,6.334025899901506,6.046757885476261,holt_winters,UCAYALI
2011-07-04,6.473235260338902,6.351287318250954,holt_winters,UCAYALI
2011-07-11,7.030072702088485,5.9362872565677245,holt_winters,UCAYALI
2011-07-18,7.16928206252588,6.092958176407196,holt_winters,UCAYALI
2011-07-25,5.707583777933224,5.858893387159492,holt_winters,UCAYALI
2011-08-01,4.802722935090152,5.049474589666322,holt_winters,UCAYALI
2011-08-08,4.1762808131218705,4.677891442916476,holt_winters,UCAYALI
2011-08-15,3.3410246504974963,4.2264848035275095,holt_winters,UCAYALI
2011-08-22,3.271419970278798,3.8620639895179303,holt_winters,UCAYALI
2011-08-29,3.3410246504974954,3.7099636200400967,holt_winters,UCAYALI
2011-09-05,4.593908894434058,4.833344901991483,holt_winters,UCAYALI
2011-09-12,4.6635135746527565,4.785044833510717,holt_winters,UCAYALI
2011-09-19,4.593908894434058,4.549688399672634,holt_winters,UCAYALI
2011-09-26,3.1322106098414024,3.994019838185661,holt_winters,UCAYALI
2011-10-03,2.644977848310517,4.250743359315651,holt_winters,UCAYALI
2011-10-10,3.1322106098414024,4.097054165031091,holt_winters,UCAYALI
2011-10-17,3.8282574120283814,4.22060139559584,holt_winters,UCAYALI
2011-10-24,3.7586527318096827,3.8575980288487726,holt_winters,UCAYALI
2011-10-31,3.2018152900601002,3.6134306087733625,holt_winters,UCAYALI
2011-11-07,3.3410246504974963,3.6604810943347874,holt_winters,UCAYALI
2011-11-14,2.9233965691853085,4.062901655559157,holt_winters,UCAYALI
2011-11-21,2.7841872087479125,2.8778221473045558,holt_winters,UCAYALI
2011-11-28,2.6449778483105164,2.435810763843662,holt_winters,UCAYALI
2011-12-05,2.7841872087479125,1.8595827322040681,holt_winters,UCAYALI
2011-12-12,3.3410246504974954,2.0713350505532744,holt_winters,UCAYALI
2011-12-19,3.062605929622704,3.328439710414225,holt_winters,UCAYALI
2011-12-26,3.1322106098414024,2.9777880011175832,holt_winters,UCAYALI
2012-01-02,3.029453546964083,2.994054028699741,holt_winters,UCAYALI
2012-01-09,3.755322170179415,3.608047149032878,holt_winters,UCAYALI
2012-01-16,4.280664848403308,4.929395646834748,holt_winters,UCAYALI
2012-01-23,4.280664848403308,5.857735038049824,holt_winters,UCAYALI
2012-01-30,3.533247176459873,6.241231125454104,holt_winters,UCAYALI
2012-02-06,3.057617748859505,6.347992514783305,holt_winters,UCAYALI
2012-02-13,2.8537765656022045,2.3692722940235527,holt_winters,UCAYALI
2012-02-20,2.7858295045164376,2.0362173346779073,holt_winters,UCAYALI
2012-02-27,3.7370883597171733,2.3391209072434673,holt_winters,UCAYALI
2012-03-05,4.280664848403308,2.5649551515068474,holt_winters,UCAYALI
2012-03-12,5.367817825775578,5.2132824286114365,holt_winters,UCAYALI
2012-03-19,5.77550019229018,6.147904777710155,holt_winters,UCAYALI
2012-03-26,6.862653169662448,7.103816382774548,holt_winters,UCAYALI
2012-04-02,7.67801790269165,7.73310599487772,holt_winters,UCAYALI
2012-04-09,8.629276757892386,8.801043283669951,holt_winters,UCAYALI
2012-04-16,8.493382635720854,9.858110693501214,holt_winters,UCAYALI
2012-04-23,8.765170880063922,10.130151754430493,holt_winters,UCAYALI
2012-04-30,8.493382635720854,9.773399331075641,holt_winters,UCAYALI
2012-05-07,6.930600230748216,7.292960271066629,holt_winters,UCAYALI
2012-05-14,5.367817825775578,6.831042956300454,holt_winters,UCAYALI
2012-05-21,3.261458932116806,6.074156599550061,holt_winters,UCAYALI
2012-05-28,4.1447707262317754,5.730153095445056,holt_winters,UCAYALI
2012-06-04,5.299870764689811,3.6907798600292137,holt_winters,UCAYALI
2012-06-11,7.678017902691651,3.72574634561457,holt_winters,UCAYALI
2012-06-18,7.813912024863185,3.8611995617758175,holt_winters,UCAYALI
2012-06-25,6.522917864233615,3.4266902202490703,holt_winters,UCAYALI
2012-07-02,6.18318255880478,6.870289456162777,holt_winters,UCAYALI
2012-07-09,5.571659009032878,6.624130523320113,holt_winters,UCAYALI
2012-07-16,5.97934137554748,6.789480879573494,holt_winters,UCAYALI
2012-07-23,4.89218839817521,6.421978834786023,holt_winters,UCAYALI
2012-07-30,5.2319237036040445,4.133498566252435,holt_winters,UCAYALI
2012-08-06,5.096029581432511,4.044711519162395,holt_winters,UCAYALI
2012-08-13,4.89218839817521,3.329643513042331,holt_winters,UCAYALI
2012-08-20,4.68834721491791,3.108552892526058,holt_winters,UCAYALI
2012-08-27,4.484506031660609,4.98560632638148,holt_winters,UCAYALI
2012-09-03,4.212717787317541,5.785196083867939,holt_winters,UCAYALI
2012-09-10,4.1447707262317754,5.713660204494773,holt_winters,UCAYALI
2012-09-17,4.6883472149179095,5.60526206389143,holt_winters,UCAYALI
2012-09-24,4.484506031660609,3.626811420116301,holt_winters,UCAYALI
2012-10-01,4.280664848403308,3.8941139064754196,holt_winters,UCAYALI
2012-10-08,3.2614589321168057,4.070148333854169,holt_winters,UCAYALI
2012-10-15,3.193511871031039,4.39421406334823,holt_winters,UCAYALI
2012-10-22,3.5332471764598736,2.9842187073580098,holt_winters,UCAYALI
2012-10-29,3.8729824818887075,2.4423923026453593,holt_winters,UCAYALI
2012-11-05,5.096029581432512,2.3106098921550036,holt_winters,UCAYALI
2012-11-12,5.367817825775579,2.23966517785105,holt_winters,UCAYALI
2012-11-19,5.571659009032879,5.431494297981351,holt_winters,UCAYALI
2012-11-26,4.280664848403309,5.481634386213804,holt_winters,UCAYALI
2012-12-03,4.008876604060242,5.486250438148099,holt_winters,UCAYALI
2012-12-10,4.348611909489076,5.663898746772007,holt_winters,UCAYALI
2012-12-17,5.028082520346744,3.7801608649903833,holt_winters,UCAYALI
2012-12-24,6.658811986405149,3.418891352087974,holt_winters,UCAYALI
2012-12-31,6.522917864233616,3.6958364974422055,holt_winters,UCAYALI
2013-01-07,7.482059607746561,4.222871085010045,holt_winters,UCAYALI
2013-01-14,5.811814238547659,8.726293693182528,holt_winters,UCAYALI
2013-01-21,5.906611821453076,9.103364828553778,holt_winters,UCAYALI
2013-01-28,5.0438482969711655,8.902087422296875,holt_winters,UCAYALI
2013-02-04,4.579283322250137,8.648427462277759,holt_winters,UCAYALI
2013-02-11,4.048351922568961,4.525334539203635,holt_winters,UCAYALI
2013-02-18,3.7828862227283735,4.4437389241565635,holt_winters,UCAYALI
2013-02-25,4.6456497472102845,5.07676988963662,holt_winters,UCAYALI
2013-03-04,6.238443946253811,5.3307748204689345,holt_winters,UCAYALI
2013-03-11,6.6366424960146935,7.7317813208097075,holt_winters,UCAYALI
2013-03-18,6.570276071054546,8.963881213705704,holt_winters,UCAYALI
2013-03-25,5.906611821453076,10.405710570414959,holt_winters,UCAYALI
2013-04-01,7.9639709952176325,11.672158235035043,holt_winters,UCAYALI
2013-04-08,10.154063018902482,9.099389063992737,holt_winters,UCAYALI
2013-04-15,12.211422192667037,9.79763470044787,holt_winters,UCAYALI
2013-04-22,11.813223642906157,9.648863784565618,holt_winters,UCAYALI
2013-04-29,10.353162293782923,9.08589424374867,holt_winters,UCAYALI
2013-05-06,7.499406020496603,9.26208020571216,holt_winters,UCAYALI
2013-05-13,6.039344671373371,8.174632308059369,holt_winters,UCAYALI
2013-05-20,5.773878971532782,6.493990543458535,holt_winters,UCAYALI
2013-05-27,6.5039096460943995,5.4906100099344926,holt_winters,UCAYALI
2013-06-03,6.1057110963335175,6.604377836429664,holt_winters,UCAYALI
2013-06-10,5.840245396492929,7.272061082589053,holt_winters,UCAYALI
2013-06-17,5.707512546572635,7.784021598322443,holt_winters,UCAYALI
2013-06-24,6.238443946253811,7.168540291950468,holt_winters,UCAYALI
2013-07-01,5.242947571851606,6.560339551533909,holt_winters,UCAYALI
2013-07-08,5.110214721931313,6.3901468568728745,holt_winters,UCAYALI
2013-07-15,4.1147183475291085,6.8639571950292435,holt_winters,UCAYALI
2013-07-22,4.778382597130578,6.096863334109139,holt_winters,UCAYALI
2013-07-29,4.712016172170431,4.844571973246015,holt_winters,UCAYALI
2013-08-05,5.043848296971166,4.94247472087688,holt_winters,UCAYALI
2013-08-12,4.313817622409549,4.888452395500817,holt_winters,UCAYALI
2013-08-19,4.048351922568961,4.916597436316487,holt_winters,UCAYALI
2013-08-26,6.172077521293665,4.0460923142155485,holt_winters,UCAYALI
2013-09-02,6.703008920974841,4.6824209825973675,holt_winters,UCAYALI
2013-09-09,7.167573895695868,4.601036197691846,holt_winters,UCAYALI
2013-09-16,4.645649747210284,4.457577156566239,holt_winters,UCAYALI
2013-09-23,3.716519797768226,3.3772924899232954,holt_winters,UCAYALI
2013-09-30,2.7210234233660215,2.9404134444866328,holt_winters,UCAYALI
2013-10-07,2.190092023684846,2.6404222499175622,holt_winters,UCAYALI
2013-10-14,2.5882905734457275,2.846483017237401,holt_winters,UCAYALI
2013-10-21,3.318321248007344,2.3651942568814137,holt_winters,UCAYALI
2013-10-28,3.9156190726486666,2.303745829976542,holt_winters,UCAYALI
2013-11-04,3.915619072648667,2.4732522659436293,holt_winters,UCAYALI
2013-11-11,4.51291689728999,2.318418159105806,holt_winters,UCAYALI
2013-11-18,4.579283322250136,4.799473320479696,holt_winters,UCAYALI
2013-11-25,4.645649747210283,4.331699938126834,holt_winters,UCAYALI
2013-12-02,3.451054097927638,4.006586023273889,holt_winters,UCAYALI
2013-12-09,3.18558839808705,3.8223951863164984,holt_winters,UCAYALI
2013-12-16,2.853756273286315,2.9118145554510164,holt_winters,UCAYALI
2013-12-23,2.256458448644993,2.560877468706466,holt_winters,UCAYALI
2013-12-30,2.4555577235254336,2.728206721439332,holt_winters,UCAYALI
2014-01-06,2.046797797346328,3.2547926452724365,holt_winters,UCAYALI
2014-01-13,2.165951734728905,2.2618533190714682,holt_winters,UCAYALI
2014-01-20,1.880872050111616,1.6273454902513314,holt_winters,UCAYALI
2014-01-27,2.010587363912417,1.0666528652521994,holt_winters,UCAYALI
2014-02-03,2.010587363912417,0.43613567176992696,holt_winters,UCAYALI
2014-02-10,1.4917261087092115,2.060026388772268,holt_winters,UCAYALI
2014-02-17,1.6214414225100129,2.062968553429615,holt_winters,UCAYALI
2014-02-24,2.075445020812818,2.8140913583926195,holt_winters,UCAYALI
2014-03-03,2.3348756484144206,3.7132386074387878,holt_winters,UCAYALI
2014-03-10,2.659163932916424,2.8558176662011454,holt_winters,UCAYALI
2014-03-17,2.27001799151402,4.222405177481164,holt_winters,UCAYALI
2014-03-24,3.372598158820832,5.210908196271392,holt_winters,UCAYALI
2014-03-31,3.761744100223236,6.6651671843827796,holt_winters,UCAYALI
2014-04-07,4.604893639928445,5.980108001817403,holt_winters,UCAYALI
2014-04-14,4.215747698526041,7.289408947205633,holt_winters,UCAYALI
2014-04-21,4.0860323847252396,7.511151269343032,holt_winters,UCAYALI
2014-04-28,3.9563170709244377,7.3247887506526475,holt_winters,UCAYALI
2014-05-05,4.864324267530048,2.327203553842544,holt_winters,UCAYALI
2014-05-12,6.03176209173726,1.4448507749578985,holt_winters,UCAYALI
2014-05-19,7.134342259044073,0.0,holt_winters,UCAYALI
2014-05-26,6.420908033139665,0.0,holt_winters,UCAYALI
2014-06-02,5.966904434836859,5.564479315154328,holt_winters,UCAYALI
2014-06-09,6.096619748637661,5.652281456814534,holt_winters,UCAYALI
2014-06-16,6.810053974542068,5.666002878088739,holt_winters,UCAYALI
2014-06-23,6.680338660741267,4.828796950567571,holt_winters,UCAYALI
2014-06-30,6.03176209173726,6.320365537243743,holt_winters,UCAYALI
2014-07-07,4.864324267530049,5.63286816857659,holt_winters,UCAYALI
2014-07-14,5.253470208932452,5.723501871749866,holt_winters,UCAYALI
2014-07-21,4.9291819244304484,5.0812459633082785,holt_winters,UCAYALI
2014-07-28,5.058897238231249,4.673137912306926,holt_winters,UCAYALI
2014-08-04,4.669751296828846,4.680191478767361,holt_winters,UCAYALI
2014-08-11,4.0860323847252396,4.304992096967073,holt_winters,UCAYALI
2014-08-18,3.956317070924438,4.135721859083379,holt_winters,UCAYALI
2014-08-25,3.17802518811963,4.549645907949208,holt_winters,UCAYALI
2014-09-01,3.1131675312192293,5.12808302010236,holt_winters,UCAYALI
2014-09-08,3.2428828450200307,5.271924218792232,holt_winters,UCAYALI
2014-09-15,3.2428828450200307,4.708295207036274,holt_winters,UCAYALI
2014-09-22,3.4374558157212327,2.374402506772971,holt_winters,UCAYALI
2014-09-29,2.9185945605180272,2.0952039733437564,holt_winters,UCAYALI
2014-10-06,2.724021589816825,2.028821858935669,holt_winters,UCAYALI
2014-10-13,2.594306276016024,2.229006395619793,holt_winters,UCAYALI
2014-10-20,2.8537369036176266,2.466361088457681,holt_winters,UCAYALI
2014-10-27,2.659163932916424,2.193460179958814,holt_winters,UCAYALI
2014-11-03,3.3077405019204313,2.5311905071395815,holt_winters,UCAYALI
2014-11-10,3.3077405019204313,2.675781992284542,holt_winters,UCAYALI
2014-11-17,4.021174727824839,3.4759377927440145,holt_winters,UCAYALI
2014-11-24,3.4374558157212327,3.1159172544234655,holt_winters,UCAYALI
2014-12-01,3.567171129522034,2.9255309823320177,holt_winters,UCAYALI
2014-12-08,2.724021589816825,2.783382532544307,holt_winters,UCAYALI
2014-12-15,3.372598158820832,2.587523069577488,holt_winters,UCAYALI
2014-12-22,3.2428828450200307,2.0890862601465723,holt_winters,UCAYALI
2014-12-29,4.540035983028045,2.4855055429645425,holt_winters,UCAYALI
2015-01-05,3.2962069613961194,3.0207521231567496,holt_winters,UCAYALI
2015-01-12,3.212607301143711,3.169894004468679,holt_winters,UCAYALI
2015-01-19,2.5366385733944625,2.958463863681726,holt_winters,UCAYALI
2015-01-26,3.1707982167430795,2.637288994115244,holt_winters,UCAYALI
2015-02-02,3.6781259314219725,2.153398108448515,holt_winters,UCAYALI
2015-02-09,3.4878780384173873,3.4105419326215394,holt_winters,UCAYALI
2015-02-16,3.1073822524082177,3.2726199171089867,holt_winters,UCAYALI
2015-02-23,3.995205753096281,3.812950900490093,holt_winters,UCAYALI
2015-03-02,4.8196132894494825,4.179856022076159,holt_winters,UCAYALI
2015-03-09,7.356251862843949,5.371737425758937,holt_winters,UCAYALI
2015-03-16,8.94165097121549,5.6108127349540835,holt_winters,UCAYALI
2015-03-23,9.766058507568692,6.214864480113487,holt_winters,UCAYALI
2015-03-30,8.370907292201736,7.480287952056135,holt_winters,UCAYALI
2015-04-06,7.673331684518256,10.17771798827469,holt_winters,UCAYALI
2015-04-13,7.03917204116964,11.396322844250866,holt_winters,UCAYALI
2015-04-20,7.229419934174224,11.59621791983261,holt_winters,UCAYALI
2015-04-27,7.546499755848534,11.144023292946518,holt_winters,UCAYALI
2015-05-04,7.166003969839363,6.78003407848809,holt_winters,UCAYALI
2015-05-11,7.356251862843949,6.693353478008825,holt_winters,UCAYALI
2015-05-18,5.5806048614678225,5.659622471785787,holt_winters,UCAYALI
2015-05-25,5.707436790137546,5.5719792652881,holt_winters,UCAYALI
2015-06-01,4.185453646100865,5.891542648817955,holt_winters,UCAYALI
2015-06-08,4.185453646100866,6.1707302210717785,holt_winters,UCAYALI
2015-06-15,4.122037681766005,6.417114958594544,holt_winters,UCAYALI
2015-06-22,4.122037681766005,5.943039852757138,holt_winters,UCAYALI
2015-06-29,4.946445218119206,3.670410681807728,holt_winters,UCAYALI
2015-07-06,5.3269410041283765,3.000682765982467,holt_winters,UCAYALI
2015-07-13,5.707436790137546,3.1022357879383624,holt_winters,UCAYALI
2015-07-20,4.439117503440312,2.749785723662191,holt_winters,UCAYALI
2015-07-27,3.614709967087111,4.328758000448914,holt_winters,UCAYALI
2015-08-03,3.4244620740825256,4.145069291174271,holt_winters,UCAYALI
2015-08-10,3.4878780384173873,3.63825581259629,holt_winters,UCAYALI
2015-08-17,3.1707982167430795,3.3922968177820607,holt_winters,UCAYALI
2015-08-24,3.551294002752249,3.490284707509316,holt_winters,UCAYALI
2015-08-31,3.1073822524082177,3.7802017726476933,holt_winters,UCAYALI
2015-09-07,3.8683738244265577,4.022317031651756,holt_winters,UCAYALI
2015-09-14,3.297630145412803,3.6424162774580595,holt_winters,UCAYALI
2015-09-21,4.3122855747705895,2.715640105888804,holt_winters,UCAYALI
2015-09-28,4.122037681766004,2.4727563813099382,holt_winters,UCAYALI
2015-10-05,5.136693111123791,2.322723817771729,holt_winters,UCAYALI
2015-10-12,4.248869610435728,2.606087207772621,holt_winters,UCAYALI
2015-10-19,3.931789788761419,4.55018049773125,holt_winters,UCAYALI
2015-10-26,3.297630145412803,4.300295154457108,holt_winters,UCAYALI
2015-11-02,3.8683738244265577,4.790316296840118,holt_winters,UCAYALI
2015-11-09,3.7415418957568343,5.037153980669545,holt_winters,UCAYALI
2015-11-16,4.0586217174311425,3.95977425908825,holt_winters,UCAYALI
2015-11-23,3.614709967087111,3.5065694090485264,holt_winters,UCAYALI
2015-11-30,3.7415418957568343,3.2185401017874176,holt_winters,UCAYALI
2015-12-07,3.6781259314219725,3.2141383346883097,holt_winters,UCAYALI
2015-12-14,3.9952057530962812,3.864074443491192,holt_winters,UCAYALI
2015-12-21,3.8683738244265577,3.8947952812159166,holt_winters,UCAYALI
2015-12-28,2.4732226090596017,4.245667237728666,holt_winters,UCAYALI
2016-01-04,2.4428847678711207,4.371710735645461,holt_winters,UCAYALI
2016-01-11,3.1018485776783504,2.1809200908319486,holt_winters,UCAYALI
2016-01-18,4.714809838071094,1.9406890887908332,holt_winters,UCAYALI
2016-01-25,4.714809838071094,1.8444551204014683,holt_winters,UCAYALI
2016-02-01,4.528698923410393,1.6507087529941806,holt_winters,UCAYALI
2016-02-08,4.156477094088991,4.170327471313934,holt_winters,UCAYALI
2016-02-15,4.714809838071094,3.982503999302769,holt_winters,UCAYALI
2016-02-22,4.094440122535423,4.6544027356624325,holt_winters,UCAYALI
2016-02-29,4.590735894963959,5.269597963056489,holt_winters,UCAYALI
2016-03-07,3.4120334354461854,5.698216852207803,holt_winters,UCAYALI
2016-03-14,3.9703661794282894,6.019491165495738,holt_winters,UCAYALI
2016-03-21,3.5361073785533192,6.437100970042145,holt_winters,UCAYALI
2016-03-28,4.032403150981856,7.044640262259707,holt_winters,UCAYALI
2016-04-04,4.652772866517527,4.892127567295244,holt_winters,UCAYALI
2016-04-11,5.521290468267465,5.349814586258118,holt_winters,UCAYALI
2016-04-18,7.32036264332091,5.392524168795571,holt_winters,UCAYALI
2016-04-25,7.258325671767342,5.039750753665861,holt_winters,UCAYALI
2016-05-02,7.75462144419588,6.284145220902749,holt_winters,UCAYALI
2016-05-09,7.506473557981612,6.026223793174144,holt_winters,UCAYALI
2016-05-16,8.747212989052953,4.9736018226459855,holt_winters,UCAYALI
2016-05-23,8.871286932160087,5.167769031906231,holt_winters,UCAYALI
2016-05-30,9.181471789927924,8.549894734595997,holt_winters,UCAYALI
2016-06-06,8.80924996060652,9.24350960021508,holt_winters,UCAYALI
2016-06-13,9.305545733035059,9.188589347714242,holt_winters,UCAYALI
2016-06-20,8.064806301963715,8.733458381116078,holt_winters,UCAYALI
2016-06-27,9.305545733035055,7.763468461391514,holt_winters,UCAYALI
2016-07-04,8.80924996060652,7.5808388086134695,holt_winters,UCAYALI
2016-07-11,10.422211220999264,7.655202862631105,holt_winters,UCAYALI
2016-07-18,8.126843273517283,6.96810543710769,holt_winters,UCAYALI
2016-07-25,7.196288700213777,8.001954062802584,holt_winters,UCAYALI
2016-08-01,5.21110561049963,7.8199677379060075,holt_winters,UCAYALI
2016-08-08,5.335179553606764,7.374973345735137,holt_winters,UCAYALI
2016-08-15,4.900920752731795,7.185050612642308,holt_winters,UCAYALI
2016-08-22,4.094440122535423,5.280159686269243,holt_winters,UCAYALI
2016-08-29,3.7842552647675873,5.414105104685395,holt_winters,UCAYALI
2016-09-05,4.156477094088991,5.631895551859395,holt_winters,UCAYALI
2016-09-12,4.776846809624661,5.065107643827403,holt_winters,UCAYALI
2016-09-19,4.342588008749692,4.792028891911344,holt_winters,UCAYALI
2016-09-26,2.9777746345712157,4.275277728893906,holt_winters,UCAYALI
2016-10-03,2.9157376630176493,4.196004887798045,holt_winters,UCAYALI
2016-10-10,2.2953679474819784,4.172577198904139,holt_winters,UCAYALI
2016-10-17,3.2879594923390507,2.544784091795278,holt_winters,UCAYALI
2016-10-24,3.7222182932140204,2.530648578726485,holt_winters,UCAYALI
2016-10-31,4.652772866517527,3.1067831467173868,holt_winters,UCAYALI
2016-11-07,4.652772866517527,3.2189587627885787,holt_winters,UCAYALI
2016-11-14,3.7222182932140213,4.977265896029188,holt_winters,UCAYALI
2016-11-21,3.5981443501068866,4.4148682819633756,holt_winters,UCAYALI
2016-11-28,2.7296267483569476,4.133501366112298,holt_winters,UCAYALI
2016-12-05,3.0398116061247826,4.024370940356344,holt_winters,UCAYALI
2016-12-12,2.5435158336962465,3.371778562672975,holt_winters,UCAYALI
2016-12-19,2.9777746345712157,3.5127241940714358,holt_winters,UCAYALI
2016-12-26,2.853700691464082,3.461384761678481,holt_winters,UCAYALI
2017-01-02,2.8338962483978443,3.4418808152058364,holt_winters,UCAYALI
2017-01-09,2.75205483377804,2.5919848355167208,holt_winters,UCAYALI
2017-01-16,2.246516987918593,2.7924673735410943,holt_winters,UCAYALI
2017-01-23,1.9429336111728368,2.664485760171319,holt_winters,UCAYALI
2017-01-30,1.6393502344270805,2.5740499826402603,holt_winters,UCAYALI
2017-02-06,2.853683741410105,1.2489448635609546,holt_winters,UCAYALI
2017-02-13,3.035833767457559,1.2118800999632262,holt_winters,UCAYALI
2017-02-20,3.8251505469965252,1.6955620550903165,holt_winters,UCAYALI
2017-02-27,3.2787004688541646,2.4221500412716015,holt_winters,UCAYALI
2017-03-06,3.7037171962982227,3.809198830095583,holt_winters,UCAYALI
2017-03-13,3.4608504949016177,4.213388111993924,holt_winters,UCAYALI
2017-03-20,3.7037171962982227,4.5862594395112595,holt_winters,UCAYALI
2017-03-27,5.03948405397955,5.052242464308501,holt_winters,UCAYALI
2017-04-03,6.921700989803238,5.777388216248635,holt_winters,UCAYALI
2017-04-10,9.836101406562497,6.25234976717385,holt_winters,UCAYALI
2017-04-17,10.382551484704857,6.696142900542402,holt_winters,UCAYALI
2017-04-24,10.01825143260995,6.452384860037852,holt_winters,UCAYALI
2017-05-01,7.832451120040506,9.53878533316529,holt_winters,UCAYALI
2017-05-08,6.739550963755785,9.217347262418377,holt_winters,UCAYALI
2017-05-15,5.768084158169365,8.901949511697152,holt_winters,UCAYALI
2017-05-22,5.707367482820214,9.164936184556524,holt_winters,UCAYALI
2017-05-29,4.9180507032812475,5.204781070183913,holt_winters,UCAYALI
2017-06-05,4.7966173525829445,5.4821919675390065,holt_winters,UCAYALI
2017-06-12,3.7037171962982227,5.636934251189893,holt_winters,UCAYALI
2017-06-19,4.189450599091432,5.152824694349476,holt_winters,UCAYALI
2017-06-26,3.703717196298222,4.30803127494122,holt_winters,UCAYALI
2017-07-03,3.825150546996524,3.8984242352655945,holt_winters,UCAYALI
2017-07-10,3.5215671702507687,4.254259189272951,holt_winters,UCAYALI
2017-07-17,3.2179837935050126,3.3898338292741945,holt_winters,UCAYALI
2017-07-24,2.853683741410105,2.81167945112329,holt_winters,UCAYALI
2017-07-31,2.0643669618711384,2.3341079492129246,holt_winters,UCAYALI
2017-08-07,2.3072336632677435,2.065511665722496,holt_winters,UCAYALI
2017-08-14,2.1858003125694414,1.7942639919767331,holt_winters,UCAYALI
2017-08-21,2.2465169879185924,2.4300852078683652,holt_winters,UCAYALI
2017-08-28,2.4286670139660465,2.312672880677548,holt_winters,UCAYALI
2017-09-04,2.853683741410105,2.6405492462153184,holt_winters,UCAYALI
2017-09-11,3.2179837935050117,2.252002729590308,holt_winters,UCAYALI
2017-09-18,2.975117092108407,3.1903814988937214,holt_winters,UCAYALI
2017-09-25,2.7929670660609536,2.523583082893155,holt_winters,UCAYALI
2017-10-02,3.6430005209490712,2.354986812640029,holt_winters,UCAYALI
2017-10-09,4.432317300488037,2.0851707494217324,holt_winters,UCAYALI
2017-10-16,4.7966173525829445,4.852785738413015,holt_winters,UCAYALI
2017-10-23,3.703717196298222,4.888829514484063,holt_winters,UCAYALI
2017-10-30,3.5822838455999197,5.503912765707959,holt_winters,UCAYALI
2017-11-06,4.12873392374228,5.6036668209451985,holt_winters,UCAYALI
2017-11-13,3.5822838455999193,4.180045872332765,holt_winters,UCAYALI
2017-11-20,3.0965504428067097,3.693262723233816,holt_winters,UCAYALI
2017-11-27,2.12508363722029,3.268812957160473,holt_winters,UCAYALI
2017-12-04,3.643000520949071,3.1580576501936592,holt_winters,UCAYALI
2017-12-11,3.885867222345676,3.693269580311866,holt_winters,UCAYALI
2017-12-18,4.6751840018846424,3.8700055514091414,holt_winters,UCAYALI
2017-12-25,3.6430005209490717,3.78837757766857,holt_winters,UCAYALI
2018-01-01,2.902723719287243,3.6023421309732493,holt_winters,UCAYALI
2018-01-08,2.3392893539128625,3.060124106120398,holt_winters,UCAYALI
2018-01-15,3.4599991290346988,3.1867528225296495,holt_winters,UCAYALI
2018-01-22,4.116205860403349,3.169637975701386,holt_winters,UCAYALI
2018-01-29,5.1303435361549,3.1315639661047925,holt_winters,UCAYALI
2018-02-05,5.1303435361549,5.164429127506489,holt_winters,UCAYALI
2018-02-12,4.7724125917719995,5.159153959890795,holt_winters,UCAYALI
2018-02-19,3.817930073417599,5.593835797876269,holt_winters,UCAYALI
2018-02-26,3.5196542864318494,6.087241732323579,holt_winters,UCAYALI
2018-03-05,3.6986197586232996,4.04798298364251,holt_winters,UCAYALI
2018-03-12,3.937240388211899,4.364532643791813,holt_winters,UCAYALI
2018-03-19,3.6986197586232996,4.605057640194943,holt_winters,UCAYALI
2018-03-26,3.5196542864318494,5.20664902604736,holt_winters,UCAYALI
2018-04-02,3.281033656843249,4.185427582361332,holt_winters,UCAYALI
2018-04-09,3.459999129034699,5.284223337696529,holt_winters,UCAYALI
2018-04-16,4.1758610178005,5.804315149557006,holt_winters,UCAYALI
2018-04-23,5.18999869355205,5.568331126437595,holt_winters,UCAYALI
2018-04-30,4.653102276977699,4.903214211351258,holt_winters,UCAYALI
2018-05-07,4.71275743437485,4.690216471578752,holt_winters,UCAYALI
2018-05-14,4.832067749169149,4.617483430317495,holt_winters,UCAYALI
2018-05-21,5.6672399527292505,4.708342273958338,holt_winters,UCAYALI
2018-05-28,5.7268951101264,5.0572615556069795,holt_winters,UCAYALI
2018-06-04,5.18999869355205,4.93748230349401,holt_winters,UCAYALI
2018-06-11,6.084826054509301,4.927512982130036,holt_winters,UCAYALI
2018-06-18,7.098963730260851,4.8625978068393785,holt_winters,UCAYALI
2018-06-25,10.320342229706952,7.3294852337420915,holt_winters,UCAYALI
2018-07-02,11.632755692444254,7.017549822063812,holt_winters,UCAYALI
2018-07-09,12.945169155181555,7.189141065100326,holt_winters,UCAYALI
2018-07-16,11.394135062855653,6.445204758325967,holt_winters,UCAYALI
2018-07-23,9.902756127926903,11.038377452010238,holt_winters,UCAYALI
2018-07-30,8.113101406012403,10.440539930218051,holt_winters,UCAYALI
2018-08-06,7.576204989438051,10.265846493007354,holt_winters,UCAYALI
2018-08-13,9.246549396558251,10.010556070129464,holt_winters,UCAYALI
2018-08-20,8.471032350395303,8.9645586639069,holt_winters,UCAYALI
2018-08-27,6.86034310067225,9.05202368395683,holt_winters,UCAYALI
2018-09-03,4.5337919621833995,9.565135568333728,holt_winters,UCAYALI
2018-09-10,4.8917229065663,9.205324687822607,holt_winters,UCAYALI
2018-09-17,4.951378063963449,4.949160679004817,holt_winters,UCAYALI
2018-09-24,4.23551617519765,4.264840178218097,holt_winters,UCAYALI
2018-10-01,4.175861017800499,4.451782858416584,holt_winters,UCAYALI
2018-10-08,4.653102276977699,4.337628984285171,holt_winters,UCAYALI
2018-10-15,4.95137806396345,4.956232291922032,holt_winters,UCAYALI
2018-10-22,4.175861017800499,4.711115677955706,holt_winters,UCAYALI
2018-10-29,4.8917229065663,5.063002158080799,holt_winters,UCAYALI
2018-11-05,4.71275743437485,5.223216156981584,holt_winters,UCAYALI
2018-11-12,4.772412591771999,4.589183887614284,holt_winters,UCAYALI
2018-11-19,3.5196542864318485,4.329180595900276,holt_winters,UCAYALI
2018-11-26,3.937240388211899,3.8196062004779083,holt_winters,UCAYALI
2018-12-03,4.175861017800499,3.9897364498561165,holt_winters,UCAYALI
2018-12-10,4.235516175197649,4.3414589628101385,holt_winters,UCAYALI
2018-12-17,3.5196542864318485,4.454066404915571,holt_winters,UCAYALI
2018-12-24,2.5651717680774486,4.271820313331768,holt_winters,UCAYALI
2018-12-31,2.3862062958859984,3.8041012006277892,holt_winters,UCAYALI
2019-01-07,2.7081760756389097,2.337957368739367,holt_winters,UCAYALI
2019-01-14,4.1472478620149476,2.6450539089828418,holt_winters,UCAYALI
2019-01-21,5.16382975143412,2.9096722607272048,holt_winters,UCAYALI
2019-01-28,5.105809192429242,3.14751492329361,holt_winters,UCAYALI
2019-02-04,4.583624161385342,5.274643006553257,holt_winters,UCAYALI
2019-02-11,3.9453980123316863,5.265790488378635,holt_winters,UCAYALI
2019-02-18,4.757685838399976,5.3467130964414,holt_winters,UCAYALI
2019-02-25,4.989768074419487,5.467259731999016,holt_winters,UCAYALI
2019-03-04,5.744035341482898,5.472316330234342,holt_winters,UCAYALI
2019-03-11,4.931747515414609,5.810419514986795,holt_winters,UCAYALI
2019-03-18,4.757685838399975,6.098163127045327,holt_winters,UCAYALI
2019-03-25,4.409562484370709,6.2161970756718254,holt_winters,UCAYALI
2019-04-01,4.757685838399976,4.745675082987105,holt_winters,UCAYALI
2019-04-08,4.409562484370709,5.351988873774806,holt_winters,UCAYALI
2019-04-15,4.177480248351198,5.99012078400124,holt_winters,UCAYALI
2019-04-22,4.1194596893463205,6.154948462064903,holt_winters,UCAYALI
2019-04-29,4.351541925365831,3.346183445207484,holt_winters,UCAYALI
2019-05-06,5.105809192429243,3.1109012567292527,holt_winters,UCAYALI
2019-05-13,5.802055900487777,2.858103553874398,holt_winters,UCAYALI
2019-05-20,5.744035341482899,2.7682907828817074,holt_winters,UCAYALI
2019-05-27,4.8157063974048535,5.293447075656463,holt_winters,UCAYALI
2019-06-03,3.7713363353170535,5.160357481530641,holt_winters,UCAYALI
2019-06-10,4.177480248351198,5.387694957573658,holt_winters,UCAYALI
2019-06-17,4.40956248437071,5.443778385900545,holt_winters,UCAYALI
2019-06-24,4.235500807356076,5.607705847655258,holt_winters,UCAYALI
2019-07-01,3.8293568943219314,5.690020195534544,holt_winters,UCAYALI
2019-07-08,3.1911307452682762,6.40929925156364,holt_winters,UCAYALI
2019-07-15,2.668945714224376,5.292807002710475,holt_winters,UCAYALI
2019-07-22,2.436863478204865,1.7160320405999312,holt_winters,UCAYALI
2019-07-29,2.784986832234132,0.638275877131374,holt_winters,UCAYALI
2019-08-05,3.2491513042731537,0.46393938562602377,holt_winters,UCAYALI
2019-08-12,3.133110186263398,0.5714576290534714,holt_winters,UCAYALI
2019-08-19,2.8430073912390093,2.8989946814229692,holt_winters,UCAYALI
2019-08-26,2.9590485092487646,2.4443603712703244,holt_winters,UCAYALI
2019-09-02,3.3651924222829095,2.3134895115227803,holt_winters,UCAYALI
2019-09-09,4.003418571336565,2.4663079550096887,holt_winters,UCAYALI
2019-09-16,3.8293568943219314,4.198256263206874,holt_winters,UCAYALI
2019-09-23,3.481233540292665,3.6957235901205534,holt_winters,UCAYALI
2019-09-30,2.2047812421853537,4.077737316163583,holt_winters,UCAYALI
2019-10-07,2.55290459621462,4.060148254141444,holt_winters,UCAYALI
2019-10-14,2.784986832234131,2.8965038145555364,holt_winters,UCAYALI
2019-10-21,3.5392540992975428,2.396673069159424,holt_winters,UCAYALI
2019-10-28,3.307171863278032,2.9059641734035915,holt_winters,UCAYALI
2019-11-04,3.7133157763121765,2.9210414747132067,holt_winters,UCAYALI
2019-11-11,3.0750896272585204,3.4428600231467055,holt_winters,UCAYALI
2019-11-18,3.1911307452682762,2.8601794049279503,holt_winters,UCAYALI
2019-11-25,2.668945714224376,2.623296567674257,holt_winters,UCAYALI
2019-12-02,3.7133157763121756,2.85233065824142,holt_winters,UCAYALI
2019-12-09,3.5392540992975423,3.7819444919796164,holt_winters,UCAYALI
2019-12-16,4.0614391303414425,3.8183870199053302,holt_winters,UCAYALI
2019-12-23,4.235500807356075,3.365998669145073,holt_winters,UCAYALI
2019-12-30,4.8157063974048535,2.915251840762028,holt_winters,UCAYALI
2020-01-06,4.77687957233854,5.0753215645091565,holt_winters,UCAYALI
2020-01-13,4.7337386555981915,5.886382953861115,holt_winters,UCAYALI
2020-01-20,4.752932389536756,6.453804559235099,holt_winters,UCAYALI
2020-01-27,4.017359519727496,6.778469872566512,holt_winters,UCAYALI
2020-02-03,3.734446877493165,4.031323526758373,holt_winters,UCAYALI
2020-02-10,4.017359519727496,3.7042040960112876,holt_winters,UCAYALI
2020-02-17,5.262175145558551,3.7298888297131993,holt_winters,UCAYALI
2020-02-24,5.318757674005417,3.748388589200461,holt_winters,UCAYALI
2020-03-02,5.2055926171116855,5.410608298141625,holt_winters,UCAYALI
2020-03-09,4.583184804196158,5.704111532045568,holt_winters,UCAYALI
2020-03-16,4.4134372188555595,5.7722387205936005,holt_winters,UCAYALI
2020-03-23,3.734446877493165,5.775036140623595,holt_winters,UCAYALI
2020-03-30,2.546213780108975,4.35559936136266,holt_winters,UCAYALI
2020-04-06,1.8672234387465807,5.106145127432963,holt_winters,UCAYALI
2020-04-13,0.961902983596722,5.832875441562485,holt_winters,UCAYALI
2020-04-20,0.7921553982561234,6.099641418618574,holt_winters,UCAYALI
2020-04-27,0.5092427560217926,0.0,holt_winters,UCAYALI
2020-05-04,0.8487379267029898,0.0,holt_winters,UCAYALI
2020-05-11,0.9053204551498558,0.0,holt_winters,UCAYALI
2020-05-18,0.7355728698092573,0.0,holt_winters,UCAYALI
2020-05-25,0.3960776991280603,0.31170096215625365,holt_winters,UCAYALI
2020-06-01,0.28291264223432794,0.0,holt_winters,UCAYALI
2020-06-08,0.16974758534059556,0.0,holt_winters,UCAYALI
2020-06-15,0.28291264223432794,0.0,holt_winters,UCAYALI
2020-06-22,0.45266022757492647,1.222306892842072,holt_winters,UCAYALI
2020-06-29,0.5092427560217926,1.3726558228692038,holt_winters,UCAYALI
2020-07-06,0.6224078129155249,1.8232534168867052,holt_winters,UCAYALI
2020-07-13,0.961902983596722,0.6207915280382331,holt_winters,UCAYALI
2020-07-20,1.244815625831053,0.31245659621649724,holt_winters,UCAYALI
2020-07-27,1.0750680404904545,0.0,holt_winters,UCAYALI
2020-08-03,0.6789903413623911,0.0,holt_winters,UCAYALI
2020-08-10,0.961902983596722,0.0,holt_winters,UCAYALI
2020-08-17,0.8487379267029894,0.5971733962471903,holt_winters,UCAYALI
2020-08-24,1.3013981542779192,0.2001846998297414,holt_winters,UCAYALI
2020-08-31,0.7355728698092574,0.14387684819822488,holt_winters,UCAYALI
2020-09-07,0.9053204551498558,0.44185600351828325,holt_winters,UCAYALI
2020-09-14,0.5658252844686588,0.7322938898551099,holt_winters,UCAYALI
2020-09-21,0.5658252844686588,0.1557842252328856,holt_winters,UCAYALI
2020-09-28,0.5092427560217926,0.23954812756212251,holt_winters,UCAYALI
2020-10-05,0.9053204551498558,0.25670549824415556,holt_winters,UCAYALI
2020-10-12,1.2448156258310528,1.445991798864692,holt_winters,UCAYALI
2020-10-19,1.2448156258310528,1.258903091021034,holt_winters,UCAYALI
2020-10-26,0.7355728698092573,1.6935619758376201,holt_winters,UCAYALI
2020-11-02,0.5092427560217926,1.8738681260263115,holt_winters,UCAYALI
2020-11-09,0.7921553982561235,0.0,holt_winters,UCAYALI
2020-11-16,1.1316505689373206,0.0,holt_winters,UCAYALI
2020-11-23,1.1316505689373206,0.0,holt_winters,UCAYALI
2020-11-30,1.0184855120435883,0.0,holt_winters,UCAYALI
2020-12-07,0.9053204551498558,0.9074530474659557,holt_winters,UCAYALI
2020-12-14,1.3579806827247853,1.133387641703342,holt_winters,UCAYALI
2020-12-21,1.8106409102997147,0.5046305230676424,holt_winters,UCAYALI
2020-12-28,2.0369710240871792,0.45820234000260807,holt_winters,UCAYALI
2021-01-04,2.1326597442564363,2.0943608362478967,holt_winters,UCAYALI
2021-01-11,2.0598491888511288,2.8740790127994513,holt_winters,UCAYALI
2021-01-18,3.2647189021690983,3.1972922273601667,holt_winters,UCAYALI
2021-01-25,3.4860557768924267,3.1814886803264004,holt_winters,UCAYALI
2021-02-01,3.596724214254092,3.7020720977949324,holt_winters,UCAYALI
2021-02-08,2.5453740593182794,3.7910736846472024,holt_winters,UCAYALI
2021-02-15,2.5453740593182794,4.112308280532713,holt_winters,UCAYALI
2021-02-22,2.6560424966799436,4.154002652998525,holt_winters,UCAYALI
2021-03-01,4.0393979637007495,2.9306814132352654,holt_winters,UCAYALI
2021-03-08,4.205400619743246,2.602411879207698,holt_winters,UCAYALI
2021-03-15,4.482071713147407,2.3288504612446648,holt_winters,UCAYALI
2021-03-22,4.150066401062414,2.3619323186866823,holt_winters,UCAYALI
2021-03-29,3.9840637450199172,4.413349203756852,holt_winters,UCAYALI
2021-04-05,3.707392651615756,4.874799407362091,holt_winters,UCAYALI
2021-04-12,2.656042496679944,5.1627436091521615,holt_winters,UCAYALI
2021-04-19,3.1540504648074346,5.160812474032072,holt_winters,UCAYALI
2021-04-26,3.430721558211595,2.369143247900658,holt_winters,UCAYALI
2021-05-03,3.1540504648074346,2.1999920327507287,holt_winters,UCAYALI
2021-05-10,2.434705621956615,2.3286986787447477,holt_winters,UCAYALI
2021-05-17,2.4900398406374475,2.388935965058337,holt_winters,UCAYALI
2021-05-24,3.098716246126602,1.9274857163938937,holt_winters,UCAYALI
2021-05-31,2.600708277999112,1.4799113200043086,holt_winters,UCAYALI
2021-06-07,1.881363435148293,1.595276700548507,holt_winters,UCAYALI
2021-06-14,1.604692341744132,1.7189871833056516,holt_winters,UCAYALI
2021-06-21,2.4900398406374475,2.123533950737613,holt_winters,UCAYALI
2021-06-28,2.4347056219566157,2.2080219654736886,holt_winters,UCAYALI
2021-07-05,2.4900398406374475,2.605095803183535,holt_winters,UCAYALI
2021-07-12,1.9920318725099577,1.724997381453585,holt_winters,UCAYALI
2021-07-19,1.9366976538291256,1.498405517649702,holt_winters,UCAYALI
2021-07-26,1.3833554670208033,0.770385636276238,holt_winters,UCAYALI
2021-08-02,1.05135015493581,0.8702768757684403,holt_winters,UCAYALI
2021-08-09,1.881363435148293,1.2237595315925565,holt_winters,UCAYALI
2021-08-16,2.4347056219566157,1.6977196947975515,holt_winters,UCAYALI
2021-08-23,2.9880478087649376,1.5076426777574532,holt_winters,UCAYALI
2021-08-30,1.9366976538291256,1.207309655958991,holt_winters,UCAYALI
2021-09-06,1.9366976538291256,1.6696791285578105,holt_winters,UCAYALI
2021-09-13,1.2726870296591388,1.6563322694527023,holt_winters,UCAYALI
2021-09-20,1.826029216467461,1.1876480264020721,holt_winters,UCAYALI
2021-09-27,1.6046923417441323,1.109166193603859,holt_winters,UCAYALI
2021-10-04,1.604692341744132,1.4208613379307367,holt_winters,UCAYALI
2021-10-11,1.1620185922974746,1.7928134696533982,holt_winters,UCAYALI
2021-10-18,0.6086764054891523,1.437545315639267,holt_winters,UCAYALI
2021-10-25,0.55334218680832,1.4228024646068054,holt_winters,UCAYALI
2021-11-01,0.6086764054891521,1.3990450826706986,holt_winters,UCAYALI
2021-11-08,0.7746790615316489,0.3202757037278705,holt_winters,UCAYALI
2021-11-15,0.8853474988933132,0.007868613871368613,holt_winters,UCAYALI
2021-11-22,0.6086764054891521,0.0,holt_winters,UCAYALI
2021-11-29,0.4426737494466555,0.1801222575664685,holt_winters,UCAYALI
2021-12-06,0.38733953076582334,0.2169308881925367,holt_winters,UCAYALI
2021-12-13,0.55334218680832,0.3093774331016463,holt_winters,UCAYALI
2021-12-20,0.6640106241699844,0.0,holt_winters,UCAYALI
2021-12-27,0.7746790615316489,0.0,holt_winters,UCAYALI
2022-01-03,0.7690001028517695,0.8211595575088801,holt_winters,UCAYALI
2022-01-10,1.1991801432026927,1.4701956011586828,holt_winters,UCAYALI
2022-01-17,1.246563819731694,2.195432080694524,holt_winters,UCAYALI
2022-01-24,1.5175559544559754,2.385848298839013,holt_winters,UCAYALI
2022-01-31,1.4633575275111192,1.292039294605019,holt_winters,UCAYALI
2022-02-07,1.3549606736214066,0.8443828480134181,holt_winters,UCAYALI
2022-02-14,1.3549606736214066,1.121038833915285,holt_winters,UCAYALI
2022-02-21,1.1923653927868374,0.953796940267778,holt_winters,UCAYALI
2022-02-28,1.30076224667655,1.7163395509399297,holt_winters,UCAYALI
2022-03-07,0.9755716850074121,1.2676928293042162,holt_winters,UCAYALI
2022-03-14,1.1923653927868376,1.104977000166202,holt_winters,UCAYALI
2022-03-21,1.8427465161251135,0.9494433932563031,holt_winters,UCAYALI
2022-03-28,2.8183182011325285,1.7979721062269496,holt_winters,UCAYALI
2022-04-04,2.7641197741876717,2.075005489915032,holt_winters,UCAYALI
2022-04-11,2.655722920297959,1.8339929344419743,holt_winters,UCAYALI
2022-04-18,2.5473260664082464,1.982415571895233,holt_winters,UCAYALI
2022-04-25,3.739691459195086,2.5055525645700265,holt_winters,UCAYALI
2022-05-02,4.227477301698793,2.7151527703276552,holt_winters,UCAYALI
2022-05-09,4.227477301698793,2.7533270509338297,holt_winters,UCAYALI
2022-05-16,3.902286740029655,3.034917748692147,holt_winters,UCAYALI
2022-05-23,3.631294605305373,3.7692909564941366,holt_winters,UCAYALI
2022-05-30,3.5770961783605166,3.40424821144666,holt_winters,UCAYALI
2022-06-06,4.173278874753937,3.3567333940203867,holt_winters,UCAYALI
2022-06-13,4.498469436423075,3.7315068118927375,holt_winters,UCAYALI
2022-06-20,4.390072582533363,5.565282775052698,holt_winters,UCAYALI
2022-06-27,3.08931033585681,5.8243720396903145,holt_winters,UCAYALI
2022-07-04,2.6015244933531028,5.972832094609161,holt_winters,UCAYALI
2022-07-11,3.143508762801666,5.496281961068465,holt_winters,UCAYALI
2022-07-18,2.980913481967097,2.7428204368894455,holt_winters,UCAYALI
2022-07-25,2.601524493353103,2.1137832592881285,holt_winters,UCAYALI
2022-08-01,3.0893103358568097,1.9721203030498784,holt_winters,UCAYALI
2022-08-08,3.848088313084799,2.4577406097724257,holt_winters,UCAYALI
2022-08-15,4.335874155588506,3.7311049443893003,holt_winters,UCAYALI
2022-08-22,2.8183182011325285,3.572460969326321,holt_winters,UCAYALI
2022-08-29,2.113738650849396,2.8733430710162478,holt_winters,UCAYALI
2022-09-05,1.517555954455976,3.119341137404498,holt_winters,UCAYALI
2022-09-12,2.1679370777942517,1.2001879183014401,holt_winters,UCAYALI
2022-09-19,2.3305323586288207,0.9620372110900017,holt_winters,UCAYALI
2022-09-26,2.3305323586288207,0.7324153493055848,holt_winters,UCAYALI
2022-10-03,1.842746516125114,1.0759866150179165,holt_winters,UCAYALI
2022-10-10,2.5473260664082464,1.9430917246602148,holt_winters,UCAYALI
2022-10-17,3.577096178360517,1.6868833798062557,holt_winters,UCAYALI
2022-10-24,3.3603024705810918,1.7089170677792573,holt_winters,UCAYALI
2022-10-31,2.5473260664082464,1.8800913573691096,holt_winters,UCAYALI
2022-11-07,2.059540223904539,2.5133600049392495,holt_winters,UCAYALI
2022-11-14,2.49312763946339,2.300390849906867,holt_winters,UCAYALI
2022-11-21,2.49312763946339,2.047451644076834,holt_winters,UCAYALI
2022-11-28,2.276333931683965,2.566286987157104,holt_winters,UCAYALI
2022-12-05,2.113738650849396,2.196832319202305,holt_winters,UCAYALI
2022-12-12,2.0595402239045395,2.474680184913122,holt_winters,UCAYALI
2022-12-19,1.5717543814008323,2.2533254001209233,holt_winters,UCAYALI
2022-12-26,1.9511433700148266,2.2763091359131864,holt_winters,UCAYALI
2023-01-02,1.6738214478472526,2.034288361451281,holt_winters,UCAYALI
2023-01-09,1.7737785851459087,2.517174125213554,holt_winters,UCAYALI
2023-01-16,1.7537342582421502,3.034461878270779,holt_winters,UCAYALI
2023-01-23,1.9663081077260476,3.1217623481347845,holt_winters,UCAYALI
2023-01-30,2.1257384948389704,1.7449671303371543,holt_winters,UCAYALI
2023-02-06,2.1257384948389704,1.4378171428480384,holt_winters,UCAYALI
2023-02-13,2.019451570097022,1.7132252445932208,holt_winters,UCAYALI
2023-02-20,2.3383123443228677,1.7457115295758467,holt_winters,UCAYALI
2023-02-27,2.0725950324679965,2.8799001088280303,holt_winters,UCAYALI
2023-03-06,2.60402965617774,2.540015411607318,holt_winters,UCAYALI
2023-03-13,1.860021182984099,2.4692409208506967,holt_winters,UCAYALI
2023-03-20,1.4348734840163047,2.2513771865599375,holt_winters,UCAYALI
2023-03-27,1.8068777206131248,1.4605738766362304,holt_winters,UCAYALI
2023-04-03,2.869746968032611,1.1073822703057221,holt_winters,UCAYALI
2023-04-10,3.7200423659681996,0.6939883192795291,holt_winters,UCAYALI
2023-04-17,3.0823208175165084,0.8494364928225857,holt_winters,UCAYALI
2023-04-24,3.241751204629431,3.4606407633739282,holt_winters,UCAYALI
2023-05-01,3.1354642798874828,3.6443861262458443,holt_winters,UCAYALI
2023-05-08,3.8263292907101487,3.6012894180160218,holt_winters,UCAYALI
2023-05-15,3.8263292907101487,3.6083899922058844,holt_winters,UCAYALI
2023-05-22,4.357763914419892,3.626668840769436,holt_winters,UCAYALI
2023-05-29,4.2514769896779425,3.018515228578073,holt_winters,UCAYALI
2023-06-05,4.676624688645737,3.1096025728295325,holt_winters,UCAYALI
2023-06-12,4.46405083916184,3.298880352134211,holt_winters,UCAYALI
2023-06-19,4.517194301532815,4.6596599628430875,holt_winters,UCAYALI
2023-06-26,4.995485462871583,4.640116395252082,holt_winters,UCAYALI
2023-07-03,4.889198538129635,4.7676479753126095,holt_winters,UCAYALI
2023-07-10,6.164641635033019,4.483762134244695,holt_winters,UCAYALI
2023-07-17,5.261202774726455,6.113205268880676,holt_winters,UCAYALI
2023-07-24,5.845780860807172,5.791301560608284,holt_winters,UCAYALI
2023-07-31,4.304620452048917,5.883006877276914,holt_winters,UCAYALI
2023-08-07,3.6668989035972253,6.695399613940498,holt_winters,UCAYALI
2023-08-14,2.232025419580919,3.8234124170183184,holt_winters,UCAYALI
2023-08-21,2.4445992690648164,3.629134914901877,holt_winters,UCAYALI
2023-08-28,2.4977427314357907,2.945813201876104,holt_winters,UCAYALI
2023-09-04,3.0291773551455337,3.191413823062108,holt_winters,UCAYALI
2023-09-11,2.710316580919688,2.899470147915322,holt_winters,UCAYALI
2023-09-18,3.0291773551455337,2.8580118842945645,holt_winters,UCAYALI
2023-09-25,3.401181591742354,2.5611925739196364,holt_winters,UCAYALI
2023-10-02,3.1886077422584562,2.731963263633272,holt_winters,UCAYALI
2023-10-09,3.0823208175165075,3.3976993977594865,holt_winters,UCAYALI
2023-10-16,3.613755441226251,3.5452391997356423,holt_winters,UCAYALI
2023-10-23,4.729768151016711,3.5310431785989973,holt_winters,UCAYALI
2023-10-30,4.517194301532815,3.4160912289397496,holt_winters,UCAYALI
2023-11-06,4.729768151016711,4.338543850336269,holt_winters,UCAYALI
2023-11-13,3.8263292907101487,4.375681600412012,holt_winters,UCAYALI
2023-11-20,3.7731858283391744,4.368117613752059,holt_winters,UCAYALI
2023-11-27,2.9760338927745598,4.5790107170476,holt_winters,UCAYALI
2023-12-04,2.6571731185487137,2.8456139048684284,holt_winters,UCAYALI
2023-12-11,2.816603505661637,3.006370483120854,holt_winters,UCAYALI
2023-12-18,2.6571731185487137,2.934001694433683,holt_winters,UCAYALI
2023-12-25,3.241751204629431,3.2117448695987783,holt_winters,UCAYALI
2004-12-27,3.685385970472691,5.40324299448359,arima,UCAYALI
2005-01-03,6.7099040755658335,5.639231619142973,arima,UCAYALI
2005-01-10,7.061551856265325,5.602708760174963,arima,UCAYALI
2005-01-17,8.746694912874096,5.721282656351318,arima,UCAYALI
2005-01-24,6.499837504062402,8.70276957560348,arima,UCAYALI
2005-01-31,5.456653707114117,9.474857382045096,arima,UCAYALI
2005-02-07,8.024490745756053,9.213282035732218,arima,UCAYALI
2005-02-14,7.623266208468248,9.64265134910697,arima,UCAYALI
2005-02-21,7.382531486095567,7.8407794280261385,arima,UCAYALI
2005-02-28,5.456653707114115,7.608888354511034,arima,UCAYALI
2005-03-07,8.02449074575605,7.769018978569856,arima,UCAYALI
2005-03-14,9.78987870982238,7.624602410051849,arima,UCAYALI
2005-03-21,11.635511581346272,11.226397507979849,arima,UCAYALI
2005-03-28,13.561389360327723,11.541390677617303,arima,UCAYALI
2005-04-04,15.086042602021372,12.045048703555084,arima,UCAYALI
2005-04-11,16.931675473545265,12.029607113217917,arima,UCAYALI
2005-04-18,16.4502060287999,17.734597638800526,arima,UCAYALI
2005-04-25,16.12922639896966,18.216271434537777,arima,UCAYALI
2005-05-02,15.166287509478934,18.38509641127093,arima,UCAYALI
2005-05-09,15.96873658405454,18.523331192941356,arima,UCAYALI
2005-05-16,15.487267139309177,15.914621250532603,arima,UCAYALI
2005-05-23,13.481144452870167,16.25740922188201,arima,UCAYALI
2005-05-30,9.22816435761946,16.122211110980697,arima,UCAYALI
2005-06-06,9.22816435761946,16.30568385837772,arima,UCAYALI
2005-06-13,8.586205097958976,8.506731013912113,arima,UCAYALI
2005-06-20,8.265225468128735,8.813228454533947,arima,UCAYALI
2005-06-27,6.981306948807766,8.43836689396724,arima,UCAYALI
2005-07-04,6.0986129667746,8.70156234903025,arima,UCAYALI
2005-07-11,6.178857874232162,5.605097266235266,arima,UCAYALI
2005-07-18,6.259102781689722,5.533837884063288,arima,UCAYALI
2005-07-25,6.018368059317041,5.414180671684648,arima,UCAYALI
2005-08-01,7.70351111592581,5.439554688831803,arima,UCAYALI
2005-08-08,7.9442458382984915,8.078923151806153,arima,UCAYALI
2005-08-15,9.147919450161899,8.421019430354495,arima,UCAYALI
2005-08-22,7.9442458382984915,8.395754506480799,arima,UCAYALI
2005-08-29,6.3393476891472815,8.505043603149561,arima,UCAYALI
2005-09-05,5.938123151859479,5.621264116819651,arima,UCAYALI
2005-09-12,5.215918984741435,5.436511189235595,arima,UCAYALI
2005-09-19,5.8578782444019195,5.299317568167911,arima,UCAYALI
2005-09-26,6.0986129667746,5.299825974625454,arima,UCAYALI
2005-10-03,7.54302130101069,6.291353010383151,arima,UCAYALI
2005-10-10,8.425715283043855,6.2873906291942285,arima,UCAYALI
2005-10-17,8.104735653213613,6.345068106477407,arima,UCAYALI
2005-10-24,6.740572226435084,6.3217393723073645,arima,UCAYALI
2005-10-31,5.617143522029238,6.369393630658711,arima,UCAYALI
2005-11-07,5.2159189847414344,6.102303684096853,arima,UCAYALI
2005-11-14,5.617143522029237,6.091802743475602,arima,UCAYALI
2005-11-21,6.580082411519963,6.0162369980759625,arima,UCAYALI
2005-11-28,6.981306948807766,6.899443011382776,arima,UCAYALI
2005-12-05,8.02449074575605,7.077502058667539,arima,UCAYALI
2005-12-12,7.382531486095567,7.110104746105076,arima,UCAYALI
2005-12-19,7.543021301010687,7.152728226879466,arima,UCAYALI
2005-12-26,5.938123151859479,7.360822831500255,arima,UCAYALI
2006-01-02,8.884262561691338,7.470575515566278,arima,UCAYALI
2006-01-09,8.841408546522159,7.376457141225465,arima,UCAYALI
2006-01-16,9.281611161845346,7.441944019392979,arima,UCAYALI
2006-01-23,6.5285909019759645,8.925059549799903,arima,UCAYALI
2006-01-30,6.44993318026541,9.180160028659506,arima,UCAYALI
2006-02-06,7.315168119081502,8.98384082255517,arima,UCAYALI
2006-02-13,6.764564067107625,9.128521881494194,arima,UCAYALI
2006-02-20,6.685906345397072,6.62735547043843,arima,UCAYALI
2006-02-27,6.135302293423195,6.484149145161761,arima,UCAYALI
2006-03-06,8.573691666450362,6.480022824218305,arima,UCAYALI
2006-03-13,11.326711926319744,6.433639539283071,arima,UCAYALI
2006-03-20,13.450470412504695,12.577814789370223,arima,UCAYALI
2006-03-27,13.135839525662478,13.159287154863689,arima,UCAYALI
2006-04-03,15.416913455268537,13.419996000714434,arima,UCAYALI
2006-04-10,17.855302828295702,13.543780655518503,arima,UCAYALI
2006-04-17,19.821745871059548,19.088538905186965,arima,UCAYALI
2006-04-24,16.832752446058503,19.616051209263503,arima,UCAYALI
2006-05-01,13.214497247373032,19.906655735237308,arima,UCAYALI
2006-05-08,11.877315978293618,20.014882827781257,arima,UCAYALI
2006-05-15,14.630336238163002,11.219991006095297,arima,UCAYALI
2006-05-22,15.731544342110752,10.940179712515109,arima,UCAYALI
2006-05-29,14.944967125005213,10.791238422495248,arima,UCAYALI
2006-06-05,10.854765596056419,10.73568343054949,arima,UCAYALI
2006-06-12,9.910872935529776,9.64318642968902,arima,UCAYALI
2006-06-19,8.652349388160916,8.685741866029899,arima,UCAYALI
2006-06-26,10.06818837895088,8.591909973343745,arima,UCAYALI
2006-07-03,10.146846100661435,8.307618333497285,arima,UCAYALI
2006-07-10,11.248054204609188,10.632414403224992,arima,UCAYALI
2006-07-17,11.248054204609188,10.50199270750277,arima,UCAYALI
2006-07-24,11.562685091451401,10.710253658889574,arima,UCAYALI
2006-07-31,10.933423317766973,10.598192852120732,arima,UCAYALI
2006-08-07,8.888322553292575,10.942594339919513,arima,UCAYALI
2006-08-14,7.236510397370947,10.725727129059646,arima,UCAYALI
2006-08-21,8.023087614476486,10.80140612167278,arima,UCAYALI
2006-08-28,7.472483562502609,10.702401162865241,arima,UCAYALI
2006-09-04,6.449933180265411,7.541694991827719,arima,UCAYALI
2006-09-11,11.405369648030295,7.333101778151573,arima,UCAYALI
2006-09-18,13.214497247373032,7.429686377513145,arima,UCAYALI
2006-09-25,13.765101299346908,7.3258931739952855,arima,UCAYALI
2006-10-02,7.000537232239285,13.729143240567538,arima,UCAYALI
2006-10-09,6.921879510528733,13.91216958112545,arima,UCAYALI
2006-10-16,6.135302293423194,13.836461894286069,arima,UCAYALI
2006-10-23,6.135302293423194,13.919798523987854,arima,UCAYALI
2006-10-30,4.640805580922674,5.579826927082361,arima,UCAYALI
2006-11-06,4.876778746054335,5.793090273133432,arima,UCAYALI
2006-11-13,5.348725076317657,5.541412380396135,arima,UCAYALI
2006-11-20,6.843221788818179,5.7032300808024745,arima,UCAYALI
2006-11-27,8.101745336187038,7.082349219734836,arima,UCAYALI
2006-12-04,8.101745336187038,7.474300434288148,arima,UCAYALI
2006-12-11,7.393825840792055,7.4037470802825895,arima,UCAYALI
2006-12-18,9.360268883555898,7.556755657456094,arima,UCAYALI
2006-12-25,9.124295718424237,9.739437692765698,arima,UCAYALI
2007-01-01,9.075475981364287,10.22546369300176,arima,UCAYALI
2007-01-08,7.524531447888196,10.162195423676762,arima,UCAYALI
2007-01-15,8.561663646944762,10.342004260897093,arima,UCAYALI
2007-01-22,8.407399437089902,8.448403558625573,arima,UCAYALI
2007-01-29,8.484531542017333,8.82760557685311,arima,UCAYALI
2007-02-05,8.561663646944764,8.643153935258722,arima,UCAYALI
2007-02-12,8.253135227235042,8.837576383564189,arima,UCAYALI
2007-02-19,7.558946282888169,8.07305476216716,arima,UCAYALI
2007-02-26,5.939172079412134,8.046814310618437,arima,UCAYALI
2007-03-05,5.0135868202829705,8.000566547939028,arima,UCAYALI
2007-03-12,5.244983135065261,8.010466178788109,arima,UCAYALI
2007-03-19,6.787625233613866,5.268263518846589,arima,UCAYALI
2007-03-26,9.101588381436775,5.333550600725149,arima,UCAYALI
2007-04-02,10.412834165203089,5.315294900099008,arima,UCAYALI
2007-04-09,10.104305745493368,5.343505363294328,arima,UCAYALI
2007-04-16,9.950041535638507,10.079734808446545,arima,UCAYALI
2007-04-23,10.258569955348227,9.98387946891521,arima,UCAYALI
2007-04-30,11.56981573911454,10.013352640322513,arima,UCAYALI
2007-05-07,11.492683634187111,9.968907744908572,arima,UCAYALI
2007-05-14,9.178720486364204,11.667143894426427,arima,UCAYALI
2007-05-21,8.793059961727053,11.5727007126508,arima,UCAYALI
2007-05-28,8.484531542017331,11.669032452505657,arima,UCAYALI
2007-06-04,10.72136258491281,11.599220221876497,arima,UCAYALI
2007-06-11,9.101588381436775,11.186899491333506,arima,UCAYALI
2007-06-18,8.17600312230761,11.751054073262166,arima,UCAYALI
2007-06-25,6.324832604049285,11.684401830911046,arima,UCAYALI
2007-07-02,5.862039974484703,11.899195727126495,arima,UCAYALI
2007-07-09,5.862039974484703,5.297732603624863,arima,UCAYALI
2007-07-16,6.170568394194423,5.367986943894917,arima,UCAYALI
2007-07-23,6.093436289266994,5.151524558636875,arima,UCAYALI
2007-07-30,7.86747470259789,5.261228234485018,arima,UCAYALI
2007-08-06,7.5589462828881695,8.220706143272267,arima,UCAYALI
2007-08-13,7.79034259767046,8.673530592118608,arima,UCAYALI
2007-08-20,5.322115239992692,8.609865662348668,arima,UCAYALI
2007-08-27,4.705058400573249,8.787314463742128,arima,UCAYALI
2007-09-03,5.630643659702412,3.9719174449628833,arima,UCAYALI
2007-09-10,6.479096813904145,4.061062427393709,arima,UCAYALI
2007-09-17,6.710493128686436,3.7750400158244264,arima,UCAYALI
2007-09-24,7.636078387815599,3.922142585482908,arima,UCAYALI
2007-10-01,8.561663646944764,7.805098394631452,arima,UCAYALI
2007-10-08,9.101588381436775,8.046248036998763,arima,UCAYALI
2007-10-15,8.253135227235042,8.003191507997421,arima,UCAYALI
2007-10-22,7.019021548396157,8.102090657395678,arima,UCAYALI
2007-10-29,6.093436289266993,6.5035876895114075,arima,UCAYALI
2007-11-05,4.8593226104281095,6.296709365595913,arima,UCAYALI
2007-11-12,5.244983135065261,6.206836957841113,arima,UCAYALI
2007-11-19,6.479096813904145,6.173590412607549,arima,UCAYALI
2007-11-26,6.633361023759005,6.965983406351467,arima,UCAYALI
2007-12-03,6.093436289266993,7.194852752332321,arima,UCAYALI
2007-12-10,6.016304184339563,7.269959393487153,arima,UCAYALI
2007-12-17,7.019021548396156,7.318675019942271,arima,UCAYALI
2007-12-24,8.638795751872191,7.314690134330101,arima,UCAYALI
2007-12-31,8.17600312230761,7.5352486923559665,arima,UCAYALI
2008-01-07,6.9743511282084185,7.544268091086963,arima,UCAYALI
2008-01-14,6.663766341275139,7.616308425138333,arima,UCAYALI
2008-01-21,7.435061496970779,6.5227138741793125,arima,UCAYALI
2008-01-28,11.415447954945032,6.477609824755344,arima,UCAYALI
2008-02-04,11.415447954945032,6.44898757709467,arima,UCAYALI
2008-02-11,12.09136263648783,6.445931483299774,arima,UCAYALI
2008-02-18,9.613008804164238,11.918389052371232,arima,UCAYALI
2008-02-25,9.387703910316636,12.224001719064566,arima,UCAYALI
2008-03-03,10.063618591859436,12.03167863499238,arima,UCAYALI
2008-03-10,8.786890860056374,12.219686612182871,arima,UCAYALI
2008-03-17,8.18607780979611,8.279608582878264,arima,UCAYALI
2008-03-24,6.083232133885183,8.08213304175527,arima,UCAYALI
2008-03-31,6.75914681542798,8.001895970440936,arima,UCAYALI
2008-04-07,7.284858234405712,7.972122679055073,arima,UCAYALI
2008-04-14,8.035874547231044,7.678432600685809,arima,UCAYALI
2008-04-21,10.439126748272102,7.658295527740622,arima,UCAYALI
2008-04-28,10.889736535967302,7.787386396052304,arima,UCAYALI
2008-05-05,9.688110435446772,7.722132174485889,arima,UCAYALI
2008-05-12,8.26117944107864,9.321487804320036,arima,UCAYALI
2008-05-19,7.8105696533834434,9.127373351385234,arima,UCAYALI
2008-05-26,8.411382703643708,9.106549182449925,arima,UCAYALI
2008-06-02,7.510163128253311,9.057263707350641,arima,UCAYALI
2008-06-09,7.8105696533834434,7.313230630751949,arima,UCAYALI
2008-06-16,8.26117944107864,7.361764617799719,arima,UCAYALI
2008-06-23,8.861992491338906,7.479027067846647,arima,UCAYALI
2008-06-30,9.087297385186504,7.600646595836414,arima,UCAYALI
2008-07-07,10.364025116989568,9.026919847262551,arima,UCAYALI
2008-07-14,11.490549586227564,8.888247190846807,arima,UCAYALI
2008-07-21,11.340346323662496,8.745966728344321,arima,UCAYALI
2008-07-28,10.514228379554634,8.623381973632506,arima,UCAYALI
2008-08-04,9.012195753903972,9.9512056660394,arima,UCAYALI
2008-08-11,8.411382703643708,9.55061414234352,arima,UCAYALI
2008-08-18,8.186077809796108,9.258049800881475,arima,UCAYALI
2008-08-25,8.035874547231042,9.041151657885198,arima,UCAYALI
2008-09-01,8.786890860056372,8.020533339596124,arima,UCAYALI
2008-09-08,9.688110435446768,8.049083844742151,arima,UCAYALI
2008-09-15,9.087297385186504,8.087026968869157,arima,UCAYALI
2008-09-22,8.71178922877384,8.122337242616021,arima,UCAYALI
2008-09-29,6.909350077993046,8.526438364137428,arima,UCAYALI
2008-10-06,6.684045184145447,8.426832260459559,arima,UCAYALI
2008-10-13,6.233435396450247,8.36827789201123,arima,UCAYALI
2008-10-20,7.6603663908183774,8.33099671950919,arima,UCAYALI
2008-10-27,8.786890860056372,8.184628612134134,arima,UCAYALI
2008-11-03,9.68811043544677,8.352934166886039,arima,UCAYALI
2008-11-10,8.26117944107864,8.386651009200786,arima,UCAYALI
2008-11-17,6.909350077993046,8.37397814780457,arima,UCAYALI
2008-11-24,5.257114189777318,6.689813423438196,arima,UCAYALI
2008-12-01,6.383638659015314,6.857983928372381,arima,UCAYALI
2008-12-08,5.782825608755048,7.1215393876357815,arima,UCAYALI
2008-12-15,6.30853702773278,7.374441834998305,arima,UCAYALI
2008-12-22,5.031809295929718,6.766486171307159,arima,UCAYALI
2008-12-29,6.30853702773278,7.134255717006852,arima,UCAYALI
2009-01-05,6.254600271234607,7.418947873641565,arima,UCAYALI
2009-01-12,6.499143727134488,7.635375583574628,arima,UCAYALI
2009-01-19,6.512603350990538,6.551808608509907,arima,UCAYALI
2009-01-26,6.951655262293271,6.563199360624066,arima,UCAYALI
2009-02-02,8.12246035910056,6.565657893792999,arima,UCAYALI
2009-02-09,9.146914818806936,6.566189072801598,arima,UCAYALI
2009-02-16,10.171369278513312,9.378532605974607,arima,UCAYALI
2009-02-23,10.464070552715134,9.552463704907922,arima,UCAYALI
2009-03-02,11.488525012421512,9.530102167572702,arima,UCAYALI
2009-03-09,13.976485843136997,9.590932971948945,arima,UCAYALI
2009-03-16,17.342550496457946,14.638498324259942,arima,UCAYALI
2009-03-23,19.464634734421157,15.00754788331206,arima,UCAYALI
2009-03-30,19.90368664572389,15.008100922639596,arima,UCAYALI
2009-04-06,19.098758141668878,15.112272765975044,arima,UCAYALI
2009-04-13,16.903498585155216,18.919914014561936,arima,UCAYALI
2009-04-20,13.830135206036084,18.77561982073572,arima,UCAYALI
2009-04-27,11.342174375320598,18.795395955605837,arima,UCAYALI
2009-05-04,10.610421189816044,18.743830452913667,arima,UCAYALI
2009-05-11,11.122648419669233,10.277997626756296,arima,UCAYALI
2009-05-18,9.3664407744583,10.205682979361573,arima,UCAYALI
2009-05-25,8.927388863155569,10.135822061281955,arima,UCAYALI
2009-06-01,7.390707173596002,10.146079811611642,arima,UCAYALI
2009-06-08,8.415161633302379,7.166029318872225,arima,UCAYALI
2009-06-15,8.781038226054656,6.798535187393744,arima,UCAYALI
2009-06-22,9.293265455907845,6.903901438944502,arima,UCAYALI
2009-06-29,8.122460359100558,6.740377401431588,arima,UCAYALI
2009-07-06,8.122460359100558,8.073584180186621,arima,UCAYALI
2009-07-13,7.829759084898735,7.739378016312035,arima,UCAYALI
2009-07-20,8.927388863155569,7.886425399603814,arima,UCAYALI
2009-07-27,7.756583766348279,7.712990850336824,arima,UCAYALI
2009-08-03,7.976109721999646,7.795696924677517,arima,UCAYALI
2009-08-10,8.268810996201468,7.4167658042443385,arima,UCAYALI
2009-08-17,8.122460359100556,7.615638881597934,arima,UCAYALI
2009-08-24,8.195635677651012,7.401171946586238,arima,UCAYALI
2009-08-31,8.122460359100556,8.325315143787773,arima,UCAYALI
2009-09-07,9.220090137357388,8.283426563232782,arima,UCAYALI
2009-09-14,8.634687588953744,8.343739845822814,arima,UCAYALI
2009-09-21,7.537057810696911,8.30109098478555,arima,UCAYALI
2009-09-28,6.805304625192357,7.113449648577706,arima,UCAYALI
2009-10-05,6.293077395339169,6.986638749241177,arima,UCAYALI
2009-10-12,6.658953988091447,6.919934388564552,arima,UCAYALI
2009-10-19,6.219902076788713,6.9138888436548305,arima,UCAYALI
2009-10-26,7.098005899394178,6.178108866441672,arima,UCAYALI
2009-11-02,8.634687588953744,6.068206743090945,arima,UCAYALI
2009-11-09,9.951843322861944,6.108949566236141,arima,UCAYALI
2009-11-16,10.537245871265588,6.056686631962358,arima,UCAYALI
2009-11-23,10.610421189816044,10.798111156894398,arima,UCAYALI
2009-11-30,9.3664407744583,10.847877931752805,arima,UCAYALI
2009-12-07,9.073739500256478,10.901817487780812,arima,UCAYALI
2009-12-14,6.805304625192359,10.890872656886255,arima,UCAYALI
2009-12-21,6.219902076788714,6.335629581731099,arima,UCAYALI
2009-12-28,3.292889334770495,5.850268859618586,arima,UCAYALI
2010-01-04,4.677707151478504,5.933788594268783,arima,UCAYALI
2010-01-11,5.350901412852007,5.742695589841752,arima,UCAYALI
2010-01-18,8.062024795363692,6.182405715370188,arima,UCAYALI
2010-01-25,7.348571273650091,6.007037850799626,arima,UCAYALI
2010-02-01,6.70646310410785,6.370781590087121,arima,UCAYALI
2010-02-08,5.636282821537448,6.136354590667104,arima,UCAYALI
2010-02-15,5.564937469366089,5.724345934148222,arima,UCAYALI
2010-02-22,5.850318878051528,5.316268000224455,arima,UCAYALI
2010-03-01,6.421081695422409,5.542932909773145,arima,UCAYALI
2010-03-08,6.278390991079689,5.294314684661532,arima,UCAYALI
2010-03-15,6.63511775193649,6.480969475332055,arima,UCAYALI
2010-03-22,8.133370147535052,6.331502093183361,arima,UCAYALI
2010-03-29,10.131040008333136,6.47509685095732,arima,UCAYALI
2010-04-05,12.200055221302579,6.352603602277526,arima,UCAYALI
2010-04-12,14.982523955985625,12.979047712297028,arima,UCAYALI
2010-04-19,18.90651832541043,13.312084086821349,arima,UCAYALI
2010-04-26,20.476116073180354,13.418240863129798,arima,UCAYALI
2010-05-03,20.761497481865792,13.48115499584691,arima,UCAYALI
2010-05-10,18.12171945152547,20.816281576298024,arima,UCAYALI
2010-05-17,19.19189973409587,20.89761539943556,arima,UCAYALI
2010-05-24,17.479611281983228,20.881531157333946,arima,UCAYALI
2010-05-31,16.124049590727385,20.91889924975644,arima,UCAYALI
2010-06-07,11.415256347417618,15.114597211791658,arima,UCAYALI
2010-06-14,9.060859725762732,15.092979043280955,arima,UCAYALI
2010-06-21,10.273730712675855,14.743667772955654,arima,UCAYALI
2010-06-28,9.988349303990415,14.895400056213276,arima,UCAYALI
2010-07-05,9.417586486619534,9.891642209154464,arima,UCAYALI
2010-07-12,6.635117751936488,9.833168070103637,arima,UCAYALI
2010-07-19,6.563772399765128,9.824791859956557,arima,UCAYALI
2010-07-26,6.492427047593768,9.807719837096089,arima,UCAYALI
2010-08-02,5.921664230222888,6.740522643368681,arima,UCAYALI
2010-08-09,6.06435493456561,6.6060262870219475,arima,UCAYALI
2010-08-16,6.064354934565608,6.75306281963969,arima,UCAYALI
2010-08-23,5.636282821537448,6.640713192508109,arima,UCAYALI
2010-08-30,5.921664230222888,5.531495548387546,arima,UCAYALI
2010-09-06,6.064354934565607,5.42602895997616,arima,UCAYALI
2010-09-13,6.777808456279208,5.4354854566466155,arima,UCAYALI
2010-09-20,6.991844512793288,5.393912377796318,arima,UCAYALI
2010-09-27,6.064354934565607,7.197713399685683,arima,UCAYALI
2010-10-04,7.063189864964649,7.181574462116861,arima,UCAYALI
2010-10-11,7.56260733016417,7.261827975388057,arima,UCAYALI
2010-10-18,8.06202479536369,7.220210141694661,arima,UCAYALI
2010-10-25,6.563772399765128,8.11651597612325,arima,UCAYALI
2010-11-01,4.209375778110244,8.267241639572013,arima,UCAYALI
2010-11-08,3.923994369424804,8.218830883836988,arima,UCAYALI
2010-11-15,4.138030425938884,8.2933736704686,arima,UCAYALI
2010-11-22,4.637447891138406,4.241197860440803,arima,UCAYALI
2010-11-29,4.3520664824529645,4.269496354548257,arima,UCAYALI
2010-12-06,4.138030425938884,4.292884586860671,arima,UCAYALI
2010-12-13,4.3520664824529645,4.2921916560874225,arima,UCAYALI
2010-12-20,3.7099583129107234,4.451528779196541,arima,UCAYALI
2010-12-27,2.9965047911971223,4.483160155218789,arima,UCAYALI
2011-01-03,3.5881334741121598,4.504394006336203,arima,UCAYALI
2011-01-10,4.270254900677841,4.506141483807989,arima,UCAYALI
2011-01-17,4.9419322955275495,4.580282989687048,arima,UCAYALI
2011-01-24,4.593908894434059,4.687027580300935,arima,UCAYALI
2011-01-31,4.9419322955275495,4.751365846937398,arima,UCAYALI
2011-02-07,4.385094853777966,4.760742726769918,arima,UCAYALI
2011-02-14,4.4546995339966635,4.354578327650167,arima,UCAYALI
2011-02-21,4.106676132903174,4.164679891826695,arima,UCAYALI
2011-02-28,4.315490173559268,4.241005857712847,arima,UCAYALI
2011-03-07,4.176280813121871,4.136278864710636,arima,UCAYALI
2011-03-14,4.385094853777965,4.2836159299936645,arima,UCAYALI
2011-03-21,5.498769737277132,4.1842537878424295,arima,UCAYALI
2011-03-28,6.055607179026715,4.268561507611221,arima,UCAYALI
2011-04-04,7.865328864712861,4.194073292030107,arima,UCAYALI
2011-04-11,10.997539474554266,8.423413798083224,arima,UCAYALI
2011-04-18,12.59844711958432,8.847015687184518,arima,UCAYALI
2011-04-25,13.016075200896504,8.870511815756801,arima,UCAYALI
2011-05-02,12.87686584045911,9.015302349460432,arima,UCAYALI
2011-05-09,13.294493921771299,12.876046219215167,arima,UCAYALI
2011-05-16,12.59844711958432,12.825774473246236,arima,UCAYALI
2011-05-23,9.466236509742913,12.846393589565743,arima,UCAYALI
2011-05-30,8.630980347118538,12.819536918000653,arima,UCAYALI
2011-06-06,9.048608428430725,8.016152942286537,arima,UCAYALI
2011-06-13,9.60544587018031,7.967973501875409,arima,UCAYALI
2011-06-20,8.143747585587652,7.764781103551837,arima,UCAYALI
2011-06-27,6.334025899901506,7.831569745463486,arima,UCAYALI
2011-07-04,6.473235260338902,5.507536161654221,arima,UCAYALI
2011-07-11,7.030072702088485,5.2087981978774085,arima,UCAYALI
2011-07-18,7.16928206252588,5.037992827229416,arima,UCAYALI
2011-07-25,5.707583777933224,5.00368916362144,arima,UCAYALI
2011-08-01,4.802722935090152,5.277350157806611,arima,UCAYALI
2011-08-08,4.1762808131218705,4.9462066648735075,arima,UCAYALI
2011-08-15,3.3410246504974963,4.937738800304877,arima,UCAYALI
2011-08-22,3.271419970278798,4.823987202629059,arima,UCAYALI
2011-08-29,3.3410246504974954,3.2053387107713847,arima,UCAYALI
2011-09-05,4.593908894434058,3.206001914474061,arima,UCAYALI
2011-09-12,4.6635135746527565,3.1788523087357476,arima,UCAYALI
2011-09-19,4.593908894434058,3.191017809160444,arima,UCAYALI
2011-09-26,3.1322106098414024,4.438242723068404,arima,UCAYALI
2011-10-03,2.644977848310517,4.467844596437139,arima,UCAYALI
2011-10-10,3.1322106098414024,4.395221225544467,arima,UCAYALI
2011-10-17,3.8282574120283814,4.433653075339932,arima,UCAYALI
2011-10-24,3.7586527318096827,4.056056215928832,arima,UCAYALI
2011-10-31,3.2018152900601002,4.248099894619742,arima,UCAYALI
2011-11-07,3.3410246504974963,4.268859274938217,arima,UCAYALI
2011-11-14,2.9233965691853085,4.336924932489451,arima,UCAYALI
2011-11-21,2.7841872087479125,2.822782268571765,arima,UCAYALI
2011-11-28,2.6449778483105164,2.694014388099342,arima,UCAYALI
2011-12-05,2.7841872087479125,2.7004954790926603,arima,UCAYALI
2011-12-12,3.3410246504974954,2.6473363450287466,arima,UCAYALI
2011-12-19,3.062605929622704,3.589124857768667,arima,UCAYALI
2011-12-26,3.1322106098414024,3.721311724688286,arima,UCAYALI
2012-01-02,3.029453546964083,3.772652070113736,arima,UCAYALI
2012-01-09,3.755322170179415,3.80666927535701,arima,UCAYALI
2012-01-16,4.280664848403308,3.9509861258249606,arima,UCAYALI
2012-01-23,4.280664848403308,4.171339506583687,arima,UCAYALI
2012-01-30,3.533247176459873,4.1723884998761145,arima,UCAYALI
2012-02-06,3.057617748859505,4.259594286539225,arima,UCAYALI
2012-02-13,2.8537765656022045,2.7642324399769747,arima,UCAYALI
2012-02-20,2.7858295045164376,2.6772045959086403,arima,UCAYALI
2012-02-27,3.7370883597171733,2.5908032118827795,arima,UCAYALI
2012-03-05,4.280664848403308,2.5862753014375754,arima,UCAYALI
2012-03-12,5.367817825775578,4.601567130550638,arima,UCAYALI
2012-03-19,5.77550019229018,4.704318346449224,arima,UCAYALI
2012-03-26,6.862653169662448,4.795304677149553,arima,UCAYALI
2012-04-02,7.67801790269165,4.8041188695030845,arima,UCAYALI
2012-04-09,8.629276757892386,8.172166503201954,arima,UCAYALI
2012-04-16,8.493382635720854,8.32510045891402,arima,UCAYALI
2012-04-23,8.765170880063922,8.468348081895746,arima,UCAYALI
2012-04-30,8.493382635720854,8.479587223854416,arima,UCAYALI
2012-05-07,6.930600230748216,8.539127267371986,arima,UCAYALI
2012-05-14,5.367817825775578,8.413755647199924,arima,UCAYALI
2012-05-21,3.261458932116806,8.475208307084422,arima,UCAYALI
2012-05-28,4.1447707262317754,8.403539344357355,arima,UCAYALI
2012-06-04,5.299870764689811,4.2171480594363215,arima,UCAYALI
2012-06-11,7.678017902691651,4.550641939890156,arima,UCAYALI
2012-06-18,7.813912024863185,4.477640981232601,arima,UCAYALI
2012-06-25,6.522917864233615,4.634279825308343,arima,UCAYALI
2012-07-02,6.18318255880478,5.820872389914512,arima,UCAYALI
2012-07-09,5.571659009032878,5.525049084122305,arima,UCAYALI
2012-07-16,5.97934137554748,5.337482832123187,arima,UCAYALI
2012-07-23,4.89218839817521,5.2779890067008886,arima,UCAYALI
2012-07-30,5.2319237036040445,4.611170403513165,arima,UCAYALI
2012-08-06,5.096029581432511,4.271036492856792,arima,UCAYALI
2012-08-13,4.89218839817521,4.2630961404182175,arima,UCAYALI
2012-08-20,4.68834721491791,4.132765257597745,arima,UCAYALI
2012-08-27,4.484506031660609,4.687192114145192,arima,UCAYALI
2012-09-03,4.212717787317541,4.606958521861281,arima,UCAYALI
2012-09-10,4.1447707262317754,4.629406479468265,arima,UCAYALI
2012-09-17,4.6883472149179095,4.5912878008604725,arima,UCAYALI
2012-09-24,4.484506031660609,4.910234583980486,arima,UCAYALI
2012-10-01,4.280664848403308,5.059989191757119,arima,UCAYALI
2012-10-08,3.2614589321168057,5.104213060283224,arima,UCAYALI
2012-10-15,3.193511871031039,5.150299666839372,arima,UCAYALI
2012-10-22,3.5332471764598736,2.995194703820964,arima,UCAYALI
2012-10-29,3.8729824818887075,3.025618992813294,arima,UCAYALI
2012-11-05,5.096029581432512,2.9393332209007244,arima,UCAYALI
2012-11-12,5.367817825775579,2.9760257339653884,arima,UCAYALI
2012-11-19,5.571659009032879,5.626480042662827,arima,UCAYALI
2012-11-26,4.280664848403309,5.661398233178345,arima,UCAYALI
2012-12-03,4.008876604060242,5.7534245029683975,arima,UCAYALI
2012-12-10,4.348611909489076,5.741547298198956,arima,UCAYALI
2012-12-17,5.028082520346744,4.5978050324058115,arima,UCAYALI
2012-12-24,6.658811986405149,4.664264106192801,arima,UCAYALI
2012-12-31,6.522917864233616,4.745978399094051,arima,UCAYALI
2013-01-07,7.482059607746561,4.749635857364739,arima,UCAYALI
2013-01-14,5.811814238547659,7.664752035139939,arima,UCAYALI
2013-01-21,5.906611821453076,8.013458156160503,arima,UCAYALI
2013-01-28,5.0438482969711655,7.99734592353147,arima,UCAYALI
2013-02-04,4.579283322250137,8.145820863865888,arima,UCAYALI
2013-02-11,4.048351922568961,4.015576780396304,arima,UCAYALI
2013-02-18,3.7828862227283735,3.974926539742365,arima,UCAYALI
2013-02-25,4.6456497472102845,3.7436168774813567,arima,UCAYALI
2013-03-04,6.238443946253811,3.7915373804745935,arima,UCAYALI
2013-03-11,6.6366424960146935,6.938632683519301,arima,UCAYALI
2013-03-18,6.570276071054546,7.424089888961761,arima,UCAYALI
2013-03-25,5.906611821453076,7.587874682461525,arima,UCAYALI
2013-04-01,7.9639709952176325,7.749693656160234,arima,UCAYALI
2013-04-08,10.154063018902482,8.589992780547018,arima,UCAYALI
2013-04-15,12.211422192667037,9.305428557888037,arima,UCAYALI
2013-04-22,11.813223642906157,9.372428439039622,arima,UCAYALI
2013-04-29,10.353162293782923,9.664477507743014,arima,UCAYALI
2013-05-06,7.499406020496603,9.503529586028193,arima,UCAYALI
2013-05-13,6.039344671373371,9.101194494967856,arima,UCAYALI
2013-05-20,5.773878971532782,8.840890033626092,arima,UCAYALI
2013-05-27,6.5039096460943995,8.737465513980395,arima,UCAYALI
2013-06-03,6.1057110963335175,6.7053843884224404,arima,UCAYALI
2013-06-10,5.840245396492929,6.977329404554703,arima,UCAYALI
2013-06-17,5.707512546572635,6.990828310888839,arima,UCAYALI
2013-06-24,6.238443946253811,7.109643818457494,arima,UCAYALI
2013-07-01,5.242947571851606,6.35901982727056,arima,UCAYALI
2013-07-08,5.110214721931313,6.563634222987346,arima,UCAYALI
2013-07-15,4.1147183475291085,6.5583658730065615,arima,UCAYALI
2013-07-22,4.778382597130578,6.652324575273464,arima,UCAYALI
2013-07-29,4.712016172170431,4.722617813634186,arima,UCAYALI
2013-08-05,5.043848296971166,5.039177832958791,arima,UCAYALI
2013-08-12,4.313817622409549,4.920660020507974,arima,UCAYALI
2013-08-19,4.048351922568961,5.098746587816337,arima,UCAYALI
2013-08-26,6.172077521293665,3.637737181721869,arima,UCAYALI
2013-09-02,6.703008920974841,3.6409395462870027,arima,UCAYALI
2013-09-09,7.167573895695868,3.451131793330548,arima,UCAYALI
2013-09-16,4.645649747210284,3.5105168281166037,arima,UCAYALI
2013-09-23,3.716519797768226,3.856724105258981,arima,UCAYALI
2013-09-30,2.7210234233660215,2.976045771668086,arima,UCAYALI
2013-10-07,2.190092023684846,2.880801338501536,arima,UCAYALI
2013-10-14,2.5882905734457275,2.5220017949167737,arima,UCAYALI
2013-10-21,3.318321248007344,2.846789813265593,arima,UCAYALI
2013-10-28,3.9156190726486666,2.9480961386185336,arima,UCAYALI
2013-11-04,3.915619072648667,3.032341028454242,arima,UCAYALI
2013-11-11,4.51291689728999,3.052979524814052,arima,UCAYALI
2013-11-18,4.579283322250136,4.720037251405187,arima,UCAYALI
2013-11-25,4.645649747210283,4.922715308615194,arima,UCAYALI
2013-12-02,3.451054097927638,4.959187432827006,arima,UCAYALI
2013-12-09,3.18558839808705,5.036696272782717,arima,UCAYALI
2013-12-16,2.853756273286315,2.840361599447468,arima,UCAYALI
2013-12-23,2.256458448644993,2.813518469995547,arima,UCAYALI
2013-12-30,2.4555577235254336,2.6727474688495594,arima,UCAYALI
2014-01-06,2.046797797346328,2.6965829160232726,arima,UCAYALI
2014-01-13,2.165951734728905,1.934084478950933,arima,UCAYALI
2014-01-20,1.880872050111616,1.788204899612213,arima,UCAYALI
2014-01-27,2.010587363912417,1.7765883232261483,arima,UCAYALI
2014-02-03,2.010587363912417,1.7173967776850634,arima,UCAYALI
2014-02-10,1.4917261087092115,2.099555611972994,arima,UCAYALI
2014-02-17,1.6214414225100129,2.0770826295455063,arima,UCAYALI
2014-02-24,2.075445020812818,2.1202785503726185,arima,UCAYALI
2014-03-03,2.3348756484144206,2.099890234236668,arima,UCAYALI
2014-03-10,2.659163932916424,2.4717785241953507,arima,UCAYALI
2014-03-17,2.27001799151402,2.5396433902301143,arima,UCAYALI
2014-03-24,3.372598158820832,2.5766260197220117,arima,UCAYALI
2014-03-31,3.761744100223236,2.5940663307199703,arima,UCAYALI
2014-04-07,4.604893639928445,4.1557371766811935,arima,UCAYALI
2014-04-14,4.215747698526041,4.201821666404371,arima,UCAYALI
2014-04-21,4.0860323847252396,4.347683456590277,arima,UCAYALI
2014-04-28,3.9563170709244377,4.325247455868681,arima,UCAYALI
2014-05-05,4.864324267530048,4.016344376625294,arima,UCAYALI
2014-05-12,6.03176209173726,3.9479601677336564,arima,UCAYALI
2014-05-19,7.134342259044073,3.9913698642547475,arima,UCAYALI
2014-05-26,6.420908033139665,3.951910385269301,arima,UCAYALI
2014-06-02,5.966904434836859,6.316015261120149,arima,UCAYALI
2014-06-09,6.096619748637661,6.073043421138437,arima,UCAYALI
2014-06-16,6.810053974542068,6.100793725209442,arima,UCAYALI
2014-06-23,6.680338660741267,6.000340270354534,arima,UCAYALI
2014-06-30,6.03176209173726,6.757787847920454,arima,UCAYALI
2014-07-07,4.864324267530049,6.6873098839726905,arima,UCAYALI
2014-07-14,5.253470208932452,6.736088582090154,arima,UCAYALI
2014-07-21,4.9291819244304484,6.695944568849152,arima,UCAYALI
2014-07-28,5.058897238231249,4.978669422824955,arima,UCAYALI
2014-08-04,4.669751296828846,4.839318086336586,arima,UCAYALI
2014-08-11,4.0860323847252396,4.897745983611369,arima,UCAYALI
2014-08-18,3.956317070924438,4.8273863268160015,arima,UCAYALI
2014-08-25,3.17802518811963,3.905651546027693,arima,UCAYALI
2014-09-01,3.1131675312192293,3.8696495315636725,arima,UCAYALI
2014-09-08,3.2428828450200307,3.8601307444585613,arima,UCAYALI
2014-09-15,3.2428828450200307,3.8488653623822833,arima,UCAYALI
2014-09-22,3.4374558157212327,3.2240089016246403,arima,UCAYALI
2014-09-29,2.9185945605180272,3.229310911851764,arima,UCAYALI
2014-10-06,2.724021589816825,3.2204724781393046,arima,UCAYALI
2014-10-13,2.594306276016024,3.225019804921727,arima,UCAYALI
2014-10-20,2.8537369036176266,2.5785938312007852,arima,UCAYALI
2014-10-27,2.659163932916424,2.532561470148072,arima,UCAYALI
2014-11-03,3.3077405019204313,2.538789994805657,arima,UCAYALI
2014-11-10,3.3077405019204313,2.5192967297124675,arima,UCAYALI
2014-11-17,4.021174727824839,3.46567619591211,arima,UCAYALI
2014-11-24,3.4374558157212327,3.420695485205759,arima,UCAYALI
2014-12-01,3.567171129522034,3.4951460842681583,arima,UCAYALI
2014-12-08,2.724021589816825,3.4563869673658334,arima,UCAYALI
2014-12-15,3.372598158820832,2.5641252094553897,arima,UCAYALI
2014-12-22,3.2428828450200307,2.2982350035919867,arima,UCAYALI
2014-12-29,4.540035983028045,2.3134345781894505,arima,UCAYALI
2015-01-05,3.2962069613961194,2.2113040036480904,arima,UCAYALI
2015-01-12,3.212607301143711,3.106437462873328,arima,UCAYALI
2015-01-19,2.5366385733944625,2.6996998070009823,arima,UCAYALI
2015-01-26,3.1707982167430795,2.7351798339242577,arima,UCAYALI
2015-02-02,3.6781259314219725,2.576993333637043,arima,UCAYALI
2015-02-09,3.4878780384173873,4.092801375147676,arima,UCAYALI
2015-02-16,3.1073822524082177,4.17000187385824,arima,UCAYALI
2015-02-23,3.995205753096281,4.302494838148328,arima,UCAYALI
2015-03-02,4.8196132894494825,4.295845980183735,arima,UCAYALI
2015-03-09,7.356251862843949,5.2865362286874555,arima,UCAYALI
2015-03-16,8.94165097121549,5.467149453835971,arima,UCAYALI
2015-03-23,9.766058507568692,5.5918626262723565,arima,UCAYALI
2015-03-30,8.370907292201736,5.625437148283073,arima,UCAYALI
2015-04-06,7.673331684518256,8.03616765151508,arima,UCAYALI
2015-04-13,7.03917204116964,7.646162956981727,arima,UCAYALI
2015-04-20,7.229419934174224,7.663173525937877,arima,UCAYALI
2015-04-27,7.546499755848534,7.514662727042861,arima,UCAYALI
2015-05-04,7.166003969839363,7.760488826159754,arima,UCAYALI
2015-05-11,7.356251862843949,7.793458676564126,arima,UCAYALI
2015-05-18,5.5806048614678225,7.855365967168298,arima,UCAYALI
2015-05-25,5.707436790137546,7.844682738220835,arima,UCAYALI
2015-06-01,4.185453646100865,5.471756820561808,arima,UCAYALI
2015-06-08,4.185453646100866,5.609276979889848,arima,UCAYALI
2015-06-15,4.122037681766005,5.47259215651152,arima,UCAYALI
2015-06-22,4.122037681766005,5.574678163269733,arima,UCAYALI
2015-06-29,4.946445218119206,3.9604913167893327,arima,UCAYALI
2015-07-06,5.3269410041283765,4.017177652483405,arima,UCAYALI
2015-07-13,5.707436790137546,3.940591517547794,arima,UCAYALI
2015-07-20,4.439117503440312,3.9873596334322308,arima,UCAYALI
2015-07-27,3.614709967087111,4.077340239463562,arima,UCAYALI
2015-08-03,3.4244620740825256,3.7607705933275324,arima,UCAYALI
2015-08-10,3.4878780384173873,3.741255256845689,arima,UCAYALI
2015-08-17,3.1707982167430795,3.6387590840249535,arima,UCAYALI
2015-08-24,3.551294002752249,3.1025636116070086,arima,UCAYALI
2015-08-31,3.1073822524082177,3.0156837791605704,arima,UCAYALI
2015-09-07,3.8683738244265577,3.0214502653662505,arima,UCAYALI
2015-09-14,3.297630145412803,2.9893562802339413,arima,UCAYALI
2015-09-21,4.3122855747705895,3.3146064941961777,arima,UCAYALI
2015-09-28,4.122037681766004,3.1039618367606385,arima,UCAYALI
2015-10-05,5.136693111123791,3.1818294322930667,arima,UCAYALI
2015-10-12,4.248869610435728,3.079689293242533,arima,UCAYALI
2015-10-19,3.931789788761419,4.332394945966719,arima,UCAYALI
2015-10-26,3.297630145412803,3.9682000144892653,arima,UCAYALI
2015-11-02,3.8683738244265577,4.128940784791303,arima,UCAYALI
2015-11-09,3.7415418957568343,3.9346521862857378,arima,UCAYALI
2015-11-16,4.0586217174311425,3.9664943709203206,arima,UCAYALI
2015-11-23,3.614709967087111,3.8387641163640587,arima,UCAYALI
2015-11-30,3.7415418957568343,3.9688920636839717,arima,UCAYALI
2015-12-07,3.6781259314219725,3.8745293698291032,arima,UCAYALI
2015-12-14,3.9952057530962812,3.82158401720369,arima,UCAYALI
2015-12-21,3.8683738244265577,3.7453664890219525,arima,UCAYALI
2015-12-28,2.4732226090596017,3.8278533559759547,arima,UCAYALI
2016-01-04,2.4428847678711207,3.7688202985289254,arima,UCAYALI
2016-01-11,3.1018485776783504,2.2494634136473604,arima,UCAYALI
2016-01-18,4.714809838071094,2.305966651816964,arima,UCAYALI
2016-01-25,4.714809838071094,2.2136257999454085,arima,UCAYALI
2016-02-01,4.528698923410393,2.267213341549592,arima,UCAYALI
2016-02-08,4.156477094088991,4.306703405785417,arima,UCAYALI
2016-02-15,4.714809838071094,4.316737696290403,arima,UCAYALI
2016-02-22,4.094440122535423,4.230445867081482,arima,UCAYALI
2016-02-29,4.590735894963959,4.26503594796399,arima,UCAYALI
2016-03-07,3.4120334354461854,4.508147007605924,arima,UCAYALI
2016-03-14,3.9703661794282894,4.725485329254333,arima,UCAYALI
2016-03-21,3.5361073785533192,4.615532361667841,arima,UCAYALI
2016-03-28,4.032403150981856,4.737450292839494,arima,UCAYALI
2016-04-04,4.652772866517527,3.8355431453360147,arima,UCAYALI
2016-04-11,5.521290468267465,4.0939491986614405,arima,UCAYALI
2016-04-18,7.32036264332091,3.9174964674669495,arima,UCAYALI
2016-04-25,7.258325671767342,4.08237091263401,arima,UCAYALI
2016-05-02,7.75462144419588,7.4711597002106735,arima,UCAYALI
2016-05-09,7.506473557981612,7.369808061827665,arima,UCAYALI
2016-05-16,8.747212989052953,7.484859126886024,arima,UCAYALI
2016-05-23,8.871286932160087,7.405361002309933,arima,UCAYALI
2016-05-30,9.181471789927924,9.283957884532818,arima,UCAYALI
2016-06-06,8.80924996060652,9.179546265610368,arima,UCAYALI
2016-06-13,9.305545733035059,9.369138041042374,arima,UCAYALI
2016-06-20,8.064806301963715,9.261855791089484,arima,UCAYALI
2016-06-27,9.305545733035055,8.010864236688166,arima,UCAYALI
2016-07-04,8.80924996060652,7.555472672938489,arima,UCAYALI
2016-07-11,10.422211220999264,7.699464707794821,arima,UCAYALI
2016-07-18,8.126843273517283,7.4731058272998965,arima,UCAYALI
2016-07-25,7.196288700213777,8.420765960773487,arima,UCAYALI
2016-08-01,5.21110561049963,7.392566182871201,arima,UCAYALI
2016-08-08,5.335179553606764,7.926396616298406,arima,UCAYALI
2016-08-15,4.900920752731795,7.302538262601491,arima,UCAYALI
2016-08-22,4.094440122535423,5.317265259731087,arima,UCAYALI
2016-08-29,3.7842552647675873,4.979375959664676,arima,UCAYALI
2016-09-05,4.156477094088991,5.279368300478609,arima,UCAYALI
2016-09-12,4.776846809624661,5.025829192253612,arima,UCAYALI
2016-09-19,4.342588008749692,5.068686072196638,arima,UCAYALI
2016-09-26,2.9777746345712157,5.204756852686559,arima,UCAYALI
2016-10-03,2.9157376630176493,5.269226020729228,arima,UCAYALI
2016-10-10,2.2953679474819784,5.298899651784141,arima,UCAYALI
2016-10-17,3.2879594923390507,2.3040225917791144,arima,UCAYALI
2016-10-24,3.7222182932140204,2.0548792637748914,arima,UCAYALI
2016-10-31,4.652772866517527,2.1521767215952674,arima,UCAYALI
2016-11-07,4.652772866517527,2.016771362044591,arima,UCAYALI
2016-11-14,3.7222182932140213,4.9818281549208825,arima,UCAYALI
2016-11-21,3.5981443501068866,4.857047513971212,arima,UCAYALI
2016-11-28,2.7296267483569476,5.035657399001418,arima,UCAYALI
2016-12-05,3.0398116061247826,4.918139905268461,arima,UCAYALI
2016-12-12,2.5435158336962465,2.8463593811935732,arima,UCAYALI
2016-12-19,2.9777746345712157,3.040768394946684,arima,UCAYALI
2016-12-26,2.853700691464082,2.8919785213346443,arima,UCAYALI
2017-01-02,2.8338962483978443,3.0241100477827696,arima,UCAYALI
2017-01-09,2.75205483377804,2.634482234613973,arima,UCAYALI
2017-01-16,2.246516987918593,2.700497283066803,arima,UCAYALI
2017-01-23,1.9429336111728368,2.5972538808875965,arima,UCAYALI
2017-01-30,1.6393502344270805,2.6615697211680365,arima,UCAYALI
2017-02-06,2.853683741410105,1.5432382160624858,arima,UCAYALI
2017-02-13,3.035833767457559,1.4583839285344498,arima,UCAYALI
2017-02-20,3.8251505469965252,1.4516342662678385,arima,UCAYALI
2017-02-27,3.2787004688541646,1.4204829002490869,arima,UCAYALI
2017-03-06,3.7037171962982227,3.4757979007394884,arima,UCAYALI
2017-03-13,3.4608504949016177,3.1887917343478085,arima,UCAYALI
2017-03-20,3.7037171962982227,3.373797076277632,arima,UCAYALI
2017-03-27,5.03948405397955,3.192303316443401,arima,UCAYALI
2017-04-03,6.921700989803238,5.506660965483687,arima,UCAYALI
2017-04-10,9.836101406562497,5.835390504614692,arima,UCAYALI
2017-04-17,10.382551484704857,5.887104371238802,arima,UCAYALI
2017-04-24,10.01825143260995,5.99220614315489,arima,UCAYALI
2017-05-01,7.832451120040506,9.754105457797921,arima,UCAYALI
2017-05-08,6.739550963755785,9.707994992904876,arima,UCAYALI
2017-05-15,5.768084158169365,9.620951348535742,arima,UCAYALI
2017-05-22,5.707367482820214,9.63487919862099,arima,UCAYALI
2017-05-29,4.9180507032812475,5.3966728928358,arima,UCAYALI
2017-06-05,4.7966173525829445,5.484414645831939,arima,UCAYALI
2017-06-12,3.7037171962982227,5.327270241777514,arima,UCAYALI
2017-06-19,4.189450599091432,5.419473250895729,arima,UCAYALI
2017-06-26,3.703717196298222,3.8857311876435374,arima,UCAYALI
2017-07-03,3.825150546996524,4.199955626781399,arima,UCAYALI
2017-07-10,3.5215671702507687,3.958221067695271,arima,UCAYALI
2017-07-17,3.2179837935050126,4.177970489505672,arima,UCAYALI
2017-07-24,2.853683741410105,2.917897697411732,arima,UCAYALI
2017-07-31,2.0643669618711384,2.8982118563930404,arima,UCAYALI
2017-08-07,2.3072336632677435,2.779192634394582,arima,UCAYALI
2017-08-14,2.1858003125694414,2.8137076473633074,arima,UCAYALI
2017-08-21,2.2465169879185924,2.31682266750243,arima,UCAYALI
2017-08-28,2.4286670139660465,2.2192931716201882,arima,UCAYALI
2017-09-04,2.853683741410105,2.3088950950915765,arima,UCAYALI
2017-09-11,3.2179837935050117,2.2361359149451063,arima,UCAYALI
2017-09-18,2.975117092108407,3.423301761481865,arima,UCAYALI
2017-09-25,2.7929670660609536,3.503599243705242,arima,UCAYALI
2017-10-02,3.6430005209490712,3.5614133608628205,arima,UCAYALI
2017-10-09,4.432317300488037,3.574659103431829,arima,UCAYALI
2017-10-16,4.7966173525829445,4.858290212605272,arima,UCAYALI
2017-10-23,3.703717196298222,5.03984455234986,arima,UCAYALI
2017-10-30,3.5822838455999197,5.155059649050199,arima,UCAYALI
2017-11-06,4.12873392374228,5.190673725448987,arima,UCAYALI
2017-11-13,3.5822838455999193,4.421452362829018,arima,UCAYALI
2017-11-20,3.0965504428067097,4.541832452167891,arima,UCAYALI
2017-11-27,2.12508363722029,4.619667011765125,arima,UCAYALI
2017-12-04,3.643000520949071,4.6412925821019915,arima,UCAYALI
2017-12-11,3.885867222345676,3.705245314494085,arima,UCAYALI
2017-12-18,4.6751840018846424,4.314028385089811,arima,UCAYALI
2017-12-25,3.6430005209490717,4.104383094034613,arima,UCAYALI
2018-01-01,2.902723719287243,4.439337761100344,arima,UCAYALI
2018-01-08,2.3392893539128625,2.21619129958205,arima,UCAYALI
2018-01-15,3.4599991290346988,2.1712234733468203,arima,UCAYALI
2018-01-22,4.116205860403349,1.9048710046388249,arima,UCAYALI
2018-01-29,5.1303435361549,1.9874283413239013,arima,UCAYALI
2018-02-05,5.1303435361549,5.271189313460011,arima,UCAYALI
2018-02-12,4.7724125917719995,5.635949238995023,arima,UCAYALI
2018-02-19,3.817930073417599,5.554483096130467,arima,UCAYALI
2018-02-26,3.5196542864318494,5.736248870113731,arima,UCAYALI
2018-03-05,3.6986197586232996,3.1700023095995546,arima,UCAYALI
2018-03-12,3.937240388211899,3.1792968738003653,arima,UCAYALI
2018-03-19,3.6986197586232996,3.0298372217699563,arima,UCAYALI
2018-03-26,3.5196542864318494,3.090891805134904,arima,UCAYALI
2018-04-02,3.281033656843249,3.375933122926148,arima,UCAYALI
2018-04-09,3.459999129034699,3.3605203775837453,arima,UCAYALI
2018-04-16,4.1758610178005,3.3086786472136644,arima,UCAYALI
2018-04-23,5.18999869355205,3.322924805988944,arima,UCAYALI
2018-04-30,4.653102276977699,5.524343517619748,arima,UCAYALI
2018-05-07,4.71275743437485,5.786930371149754,arima,UCAYALI
2018-05-14,4.832067749169149,5.813520239273229,arima,UCAYALI
2018-05-21,5.6672399527292505,5.905124170555241,arima,UCAYALI
2018-05-28,5.7268951101264,5.749882411647416,arima,UCAYALI
2018-06-04,5.18999869355205,6.0422065780806244,arima,UCAYALI
2018-06-11,6.084826054509301,5.958254269604826,arima,UCAYALI
2018-06-18,7.098963730260851,6.105414131192863,arima,UCAYALI
2018-06-25,10.320342229706952,7.570797707999022,arima,UCAYALI
2018-07-02,11.632755692444254,7.770889478483117,arima,UCAYALI
2018-07-09,12.945169155181555,7.8717597347038755,arima,UCAYALI
2018-07-16,11.394135062855653,7.908126397538,arima,UCAYALI
2018-07-23,9.902756127926903,11.537968866336334,arima,UCAYALI
2018-07-30,8.113101406012403,10.841580304800637,arima,UCAYALI
2018-08-06,7.576204989438051,11.16851314459635,arima,UCAYALI
2018-08-13,9.246549396558251,10.755078336658661,arima,UCAYALI
2018-08-20,8.471032350395303,9.766295782664008,arima,UCAYALI
2018-08-27,6.86034310067225,10.271534295837593,arima,UCAYALI
2018-09-03,4.5337919621833995,10.303123790797743,arima,UCAYALI
2018-09-10,4.8917229065663,10.501885132248619,arima,UCAYALI
2018-09-17,4.951378063963449,4.4304478511198395,arima,UCAYALI
2018-09-24,4.23551617519765,4.751752401476347,arima,UCAYALI
2018-10-01,4.175861017800499,4.440511241397937,arima,UCAYALI
2018-10-08,4.653102276977699,4.690224460689123,arima,UCAYALI
2018-10-15,4.95137806396345,4.77325797305567,arima,UCAYALI
2018-10-22,4.175861017800499,4.9181862073851255,arima,UCAYALI
2018-10-29,4.8917229065663,4.91054924567722,arima,UCAYALI
2018-11-05,4.71275743437485,4.971539842625022,arima,UCAYALI
2018-11-12,4.772412591771999,4.997439377706131,arima,UCAYALI
2018-11-19,3.5196542864318485,4.816968349877326,arima,UCAYALI
2018-11-26,3.937240388211899,4.999036690082823,arima,UCAYALI
2018-12-03,4.175861017800499,4.857531276066325,arima,UCAYALI
2018-12-10,4.235516175197649,4.600989634903905,arima,UCAYALI
2018-12-17,3.5196542864318485,4.527860370947229,arima,UCAYALI
2018-12-24,2.5651717680774486,4.724831745556066,arima,UCAYALI
2018-12-31,2.3862062958859984,4.618293283749092,arima,UCAYALI
2019-01-07,2.7081760756389097,2.2496617306060873,arima,UCAYALI
2019-01-14,4.1472478620149476,2.2326808071502535,arima,UCAYALI
2019-01-21,5.16382975143412,2.185640233589229,arima,UCAYALI
2019-01-28,5.105809192429242,2.197352353646811,arima,UCAYALI
2019-02-04,4.583624161385342,5.159844748335234,arima,UCAYALI
2019-02-11,3.9453980123316863,5.115772938234534,arima,UCAYALI
2019-02-18,4.757685838399976,5.154377443298916,arima,UCAYALI
2019-02-25,4.989768074419487,5.121853424930686,arima,UCAYALI
2019-03-04,5.744035341482898,5.31659246740663,arima,UCAYALI
2019-03-11,4.931747515414609,5.278623805006302,arima,UCAYALI
2019-03-18,4.757685838399975,5.422320622076278,arima,UCAYALI
2019-03-25,4.409562484370709,5.3505048796202495,arima,UCAYALI
2019-04-01,4.757685838399976,4.515525538111231,arima,UCAYALI
2019-04-08,4.409562484370709,4.337377267856538,arima,UCAYALI
2019-04-15,4.177480248351198,4.44899896756795,arima,UCAYALI
2019-04-22,4.1194596893463205,4.335253376347522,arima,UCAYALI
2019-04-29,4.351541925365831,4.179283461416884,arima,UCAYALI
2019-05-06,5.105809192429243,4.13314423278954,arima,UCAYALI
2019-05-13,5.802055900487777,4.174616220145269,arima,UCAYALI
2019-05-20,5.744035341482899,4.140320107222874,arima,UCAYALI
2019-05-27,4.8157063974048535,5.831911172117655,arima,UCAYALI
2019-06-03,3.7713363353170535,5.774973433965651,arima,UCAYALI
2019-06-10,4.177480248351198,5.831708840318522,arima,UCAYALI
2019-06-17,4.40956248437071,5.787261274226508,arima,UCAYALI
2019-06-24,4.235500807356076,4.66115034860986,arima,UCAYALI
2019-07-01,3.8293568943219314,4.654406509725726,arima,UCAYALI
2019-07-08,3.1911307452682762,4.755886450417368,arima,UCAYALI
2019-07-15,2.668945714224376,4.713734021296615,arima,UCAYALI
2019-07-22,2.436863478204865,2.447916668041242,arima,UCAYALI
2019-07-29,2.784986832234132,2.326615116863908,arima,UCAYALI
2019-08-05,3.2491513042731537,2.285998981825955,arima,UCAYALI
2019-08-12,3.133110186263398,2.253672926107835,arima,UCAYALI
2019-08-19,2.8430073912390093,3.168200408126801,arima,UCAYALI
2019-08-26,2.9590485092487646,3.1087138976084083,arima,UCAYALI
2019-09-02,3.3651924222829095,3.145855390194198,arima,UCAYALI
2019-09-09,4.003418571336565,3.1078550112514964,arima,UCAYALI
2019-09-16,3.8293568943219314,4.21755414571594,arima,UCAYALI
2019-09-23,3.481233540292665,4.386187948682019,arima,UCAYALI
2019-09-30,2.2047812421853537,4.404994173197324,arima,UCAYALI
2019-10-07,2.55290459621462,4.46429276706089,arima,UCAYALI
2019-10-14,2.784986832234131,2.302849948402371,arima,UCAYALI
2019-10-21,3.5392540992975428,2.538722157994367,arima,UCAYALI
2019-10-28,3.307171863278032,2.3470427638216456,arima,UCAYALI
2019-11-04,3.7133157763121765,2.5156615660938653,arima,UCAYALI
2019-11-11,3.0750896272585204,3.5778576084495555,arima,UCAYALI
2019-11-18,3.1911307452682762,3.7904115139619465,arima,UCAYALI
2019-11-25,2.668945714224376,3.6536071473589256,arima,UCAYALI
2019-12-02,3.7133157763121756,3.7908030557137846,arima,UCAYALI
2019-12-09,3.5392540992975423,3.6633440618675004,arima,UCAYALI
2019-12-16,4.0614391303414425,4.09216834938798,arima,UCAYALI
2019-12-23,4.235500807356075,3.9022646998954,arima,UCAYALI
2019-12-30,4.8157063974048535,4.145624372934461,arima,UCAYALI
2020-01-06,4.77687957233854,4.793359410809329,arima,UCAYALI
2020-01-13,4.7337386555981915,5.029910743979705,arima,UCAYALI
2020-01-20,4.752932389536756,4.929554575357577,arima,UCAYALI
2020-01-27,4.017359519727496,5.061321845379836,arima,UCAYALI
2020-02-03,3.734446877493165,3.8085663083276606,arima,UCAYALI
2020-02-10,4.017359519727496,3.5953703787666873,arima,UCAYALI
2020-02-17,5.262175145558551,3.5930314493838016,arima,UCAYALI
2020-02-24,5.318757674005417,3.5092517660948013,arima,UCAYALI
2020-03-02,5.2055926171116855,5.60477250092576,arima,UCAYALI
2020-03-09,4.583184804196158,5.511134399498933,arima,UCAYALI
2020-03-16,4.4134372188555595,5.655109348705185,arima,UCAYALI
2020-03-23,3.734446877493165,5.562532483697211,arima,UCAYALI
2020-03-30,2.546213780108975,3.673742233648166,arima,UCAYALI
2020-04-06,1.8672234387465807,3.44171031749031,arima,UCAYALI
2020-04-13,0.961902983596722,3.511848659279966,arima,UCAYALI
2020-04-20,0.7921553982561234,3.3961063040148467,arima,UCAYALI
2020-04-27,0.5092427560217926,0.5607498797805599,arima,UCAYALI
2020-05-04,0.8487379267029898,0.5852087897224515,arima,UCAYALI
2020-05-11,0.9053204551498558,0.4847887682813387,arima,UCAYALI
2020-05-18,0.7355728698092573,0.5339023829738254,arima,UCAYALI
2020-05-25,0.3960776991280603,0.6135733138588549,arima,UCAYALI
2020-06-01,0.28291264223432794,0.5963130630931222,arima,UCAYALI
2020-06-08,0.16974758534059556,0.555639777668282,arima,UCAYALI
2020-06-15,0.28291264223432794,0.5652318187459401,arima,UCAYALI
2020-06-22,0.45266022757492647,0.26185700443856663,arima,UCAYALI
2020-06-29,0.5092427560217926,0.314438577790516,arima,UCAYALI
2020-07-06,0.6224078129155249,0.2851083576176938,arima,UCAYALI
2020-07-13,0.961902983596722,0.31739148624559776,arima,UCAYALI
2020-07-20,1.244815625831053,1.060071668958235,arima,UCAYALI
2020-07-27,1.0750680404904545,1.1545944683954474,arima,UCAYALI
2020-08-03,0.6789903413623911,1.1556126085824079,arima,UCAYALI
2020-08-10,0.961902983596722,1.1923996121862501,arima,UCAYALI
2020-08-17,0.8487379267029894,0.9604811406833309,arima,UCAYALI
2020-08-24,1.3013981542779192,1.072262010961544,arima,UCAYALI
2020-08-31,0.7355728698092574,1.026872854607324,arima,UCAYALI
2020-09-07,0.9053204551498558,1.0890165293910834,arima,UCAYALI
2020-09-14,0.5658252844686588,0.6968043140952681,arima,UCAYALI
2020-09-21,0.5658252844686588,0.8449579652569126,arima,UCAYALI
2020-09-28,0.5092427560217926,0.7057032948755524,arima,UCAYALI
2020-10-05,0.9053204551498558,0.8180971656049338,arima,UCAYALI
2020-10-12,1.2448156258310528,0.9048980319564147,arima,UCAYALI
2020-10-19,1.2448156258310528,1.0581158201266236,arima,UCAYALI
2020-10-26,0.7355728698092573,0.9983776583807266,arima,UCAYALI
2020-11-02,0.5092427560217926,1.0808122373368911,arima,UCAYALI
2020-11-09,0.7921553982561235,0.3290297605087752,arima,UCAYALI
2020-11-16,1.1316505689373206,0.31153555041773473,arima,UCAYALI
2020-11-23,1.1316505689373206,0.24880295631453664,arima,UCAYALI
2020-11-30,1.0184855120435883,0.2663536132589446,arima,UCAYALI
2020-12-07,0.9053204551498558,0.9606358916682474,arima,UCAYALI
2020-12-14,1.3579806827247853,0.9389157669407479,arima,UCAYALI
2020-12-21,1.8106409102997147,0.9247484581229037,arima,UCAYALI
2020-12-28,2.0369710240871792,0.9217752524255984,arima,UCAYALI
2021-01-04,2.1326597442564363,2.124463901294993,arima,UCAYALI
2021-01-11,2.0598491888511288,2.1801934463681647,arima,UCAYALI
2021-01-18,3.2647189021690983,2.19333137705255,arima,UCAYALI
2021-01-25,3.4860557768924267,2.210278840379415,arima,UCAYALI
2021-02-01,3.596724214254092,3.8541502711515623,arima,UCAYALI
2021-02-08,2.5453740593182794,3.802442312645096,arima,UCAYALI
2021-02-15,2.5453740593182794,3.967155282872683,arima,UCAYALI
2021-02-22,2.6560424966799436,3.88455743818939,arima,UCAYALI
2021-03-01,4.0393979637007495,2.8836217557600397,arima,UCAYALI
2021-03-08,4.205400619743246,2.839330037198908,arima,UCAYALI
2021-03-15,4.482071713147407,2.9453127633207496,arima,UCAYALI
2021-03-22,4.150066401062414,2.887233239884406,arima,UCAYALI
2021-03-29,3.9840637450199172,4.278268855407483,arima,UCAYALI
2021-04-05,3.707392651615756,4.0931032283799755,arima,UCAYALI
2021-04-12,2.656042496679944,4.218730012013817,arima,UCAYALI
2021-04-19,3.1540504648074346,4.09386454820312,arima,UCAYALI
2021-04-26,3.430721558211595,3.1028532276545753,arima,UCAYALI
2021-05-03,3.1540504648074346,3.3151740777924195,arima,UCAYALI
2021-05-10,2.434705621956615,3.2113324520659003,arima,UCAYALI
2021-05-17,2.4900398406374475,3.3343386745718653,arima,UCAYALI
2021-05-24,3.098716246126602,2.3468669383439544,arima,UCAYALI
2021-05-31,2.600708277999112,2.424617485211027,arima,UCAYALI
2021-06-07,1.881363435148293,2.339132780412988,arima,UCAYALI
2021-06-14,1.604692341744132,2.402654822913937,arima,UCAYALI
2021-06-21,2.4900398406374475,1.4778026054131135,arima,UCAYALI
2021-06-28,2.4347056219566157,1.4260893979927416,arima,UCAYALI
2021-07-05,2.4900398406374475,1.3998910387522778,arima,UCAYALI
2021-07-12,1.9920318725099577,1.3911748676915336,arima,UCAYALI
2021-07-19,1.9366976538291256,1.9373936131528833,arima,UCAYALI
2021-07-26,1.3833554670208033,1.7845958281834458,arima,UCAYALI
2021-08-02,1.05135015493581,1.821800677898152,arima,UCAYALI
2021-08-09,1.881363435148293,1.7550791611948642,arima,UCAYALI
2021-08-16,2.4347056219566157,2.144034432166462,arima,UCAYALI
2021-08-23,2.9880478087649376,2.332703146311594,arima,UCAYALI
2021-08-30,1.9366976538291256,2.3537729380418706,arima,UCAYALI
2021-09-06,1.9366976538291256,2.4108034487774868,arima,UCAYALI
2021-09-13,1.2726870296591388,1.6893114593252379,arima,UCAYALI
2021-09-20,1.826029216467461,1.7789200168123507,arima,UCAYALI
2021-09-27,1.6046923417441323,1.659082416750552,arima,UCAYALI
2021-10-04,1.604692341744132,1.7341408599436303,arima,UCAYALI
2021-10-11,1.1620185922974746,1.4113257753057225,arima,UCAYALI
2021-10-18,0.6086764054891523,1.4834834396155065,arima,UCAYALI
2021-10-25,0.55334218680832,1.3883215416940835,arima,UCAYALI
2021-11-01,0.6086764054891521,1.4492956342921606,arima,UCAYALI
2021-11-08,0.7746790615316489,0.6111378034667844,arima,UCAYALI
2021-11-15,0.8853474988933132,0.6298679277569169,arima,UCAYALI
2021-11-22,0.6086764054891521,0.6237810980806777,arima,UCAYALI
2021-11-29,0.4426737494466555,0.6326927502381647,arima,UCAYALI
2021-12-06,0.38733953076582334,0.34278064389717067,arima,UCAYALI
2021-12-13,0.55334218680832,0.321082384157917,arima,UCAYALI
2021-12-20,0.6640106241699844,0.29366219886180495,arima,UCAYALI
2021-12-27,0.7746790615316489,0.29619657091963186,arima,UCAYALI
2022-01-03,0.7690001028517695,0.7998465914416378,arima,UCAYALI
2022-01-10,1.1991801432026927,0.8300337994047818,arima,UCAYALI
2022-01-17,1.246563819731694,0.827648251404835,arima,UCAYALI
2022-01-24,1.5175559544559754,0.8393803896558288,arima,UCAYALI
2022-01-31,1.4633575275111192,1.5474273124135984,arima,UCAYALI
2022-02-07,1.3549606736214066,1.632630968354813,arima,UCAYALI
2022-02-14,1.3549606736214066,1.611000797969537,arima,UCAYALI
2022-02-21,1.1923653927868374,1.649539014657623,arima,UCAYALI
2022-02-28,1.30076224667655,1.1283275059984839,arima,UCAYALI
2022-03-07,0.9755716850074121,1.0940119972341285,arima,UCAYALI
2022-03-14,1.1923653927868376,1.084031123749311,arima,UCAYALI
2022-03-21,1.8427465161251135,1.0754154052052964,arima,UCAYALI
2022-03-28,2.8183182011325285,2.0986316375557643,arima,UCAYALI
2022-04-04,2.7641197741876717,2.213423226151937,arima,UCAYALI
2022-04-11,2.655722920297959,2.2525603570197923,arima,UCAYALI
2022-04-18,2.5473260664082464,2.2753935924566413,arima,UCAYALI
2022-04-25,3.739691459195086,2.5614946235911624,arima,UCAYALI
2022-05-02,4.227477301698793,2.521863967218316,arima,UCAYALI
2022-05-09,4.227477301698793,2.542930499147343,arima,UCAYALI
2022-05-16,3.902286740029655,2.5217608187211793,arima,UCAYALI
2022-05-23,3.631294605305373,3.728369340945733,arima,UCAYALI
2022-05-30,3.5770961783605166,3.675752661941038,arima,UCAYALI
2022-06-06,4.173278874753937,3.6809922934290134,arima,UCAYALI
2022-06-13,4.498469436423075,3.700060312889942,arima,UCAYALI
2022-06-20,4.390072582533363,4.51652756974079,arima,UCAYALI
2022-06-27,3.08931033585681,4.435422185495386,arima,UCAYALI
2022-07-04,2.6015244933531028,4.362877924483861,arima,UCAYALI
2022-07-11,3.143508762801666,4.326723421793473,arima,UCAYALI
2022-07-18,2.980913481967097,3.4665217908745856,arima,UCAYALI
2022-07-25,2.601524493353103,3.5659131221196008,arima,UCAYALI
2022-08-01,3.0893103358568097,3.5491257863243253,arima,UCAYALI
2022-08-08,3.848088313084799,3.5052869965182025,arima,UCAYALI
2022-08-15,4.335874155588506,4.019840550908688,arima,UCAYALI
2022-08-22,2.8183182011325285,3.92993652648254,arima,UCAYALI
2022-08-29,2.113738650849396,3.8048671895915303,arima,UCAYALI
2022-09-05,1.517555954455976,3.7303661397282304,arima,UCAYALI
2022-09-12,2.1679370777942517,1.555323392987423,arima,UCAYALI
2022-09-19,2.3305323586288207,1.7719418576072619,arima,UCAYALI
2022-09-26,2.3305323586288207,1.9386258508193994,arima,UCAYALI
2022-10-03,1.842746516125114,2.0085259077720155,arima,UCAYALI
2022-10-10,2.5473260664082464,1.6978185931018142,arima,UCAYALI
2022-10-17,3.577096178360517,1.7295779024224713,arima,UCAYALI
2022-10-24,3.3603024705810918,1.7996739551444472,arima,UCAYALI
2022-10-31,2.5473260664082464,1.8467862422725936,arima,UCAYALI
2022-11-07,2.059540223904539,2.24665636706896,arima,UCAYALI
2022-11-14,2.49312763946339,2.2566738085270446,arima,UCAYALI
2022-11-21,2.49312763946339,2.35910736267091,arima,UCAYALI
2022-11-28,2.276333931683965,2.4393967012431492,arima,UCAYALI
2022-12-05,2.113738650849396,2.2108334599434896,arima,UCAYALI
2022-12-12,2.0595402239045395,2.22790235165185,arima,UCAYALI
2022-12-19,1.5717543814008323,2.2628501009877975,arima,UCAYALI
2022-12-26,1.9511433700148266,2.2855842131143707,arima,UCAYALI
2023-01-02,1.6738214478472526,2.158278827241716,arima,UCAYALI
2023-01-09,1.7737785851459087,2.2086594149781535,arima,UCAYALI
2023-01-16,1.7537342582421502,2.1847636935185006,arima,UCAYALI
2023-01-23,1.9663081077260476,2.1493203351305805,arima,UCAYALI
2023-01-30,2.1257384948389704,2.031759928279815,arima,UCAYALI
2023-02-06,2.1257384948389704,2.0191710665452343,arima,UCAYALI
2023-02-13,2.019451570097022,1.98951333869916,arima,UCAYALI
2023-02-20,2.3383123443228677,1.9699577439733835,arima,UCAYALI
2023-02-27,2.0725950324679965,2.4348211319741195,arima,UCAYALI
2023-03-06,2.60402965617774,2.415613730632127,arima,UCAYALI
2023-03-13,1.860021182984099,2.3717309433925706,arima,UCAYALI
2023-03-20,1.4348734840163047,2.3429550793518508,arima,UCAYALI
2023-03-27,1.8068777206131248,1.3935388709625047,arima,UCAYALI
2023-04-03,2.869746968032611,1.4853652296394275,arima,UCAYALI
2023-04-10,3.7200423659681996,1.5698775429798995,arima,UCAYALI
2023-04-17,3.0823208175165084,1.609651147088227,arima,UCAYALI
2023-04-24,3.241751204629431,2.675395887877434,arima,UCAYALI
2023-05-01,3.1354642798874828,2.546146995711197,arima,UCAYALI
2023-05-08,3.8263292907101487,2.568005005472118,arima,UCAYALI
2023-05-15,3.8263292907101487,2.6252786161547825,arima,UCAYALI
2023-05-22,4.357763914419892,3.7039625206456592,arima,UCAYALI
2023-05-29,4.2514769896779425,3.595093846596845,arima,UCAYALI
2023-06-05,4.676624688645737,3.5386397742138755,arima,UCAYALI
2023-06-12,4.46405083916184,3.5243614607891387,arima,UCAYALI
2023-06-19,4.517194301532815,4.313356431150633,arima,UCAYALI
2023-06-26,4.995485462871583,4.280711032419353,arima,UCAYALI
2023-07-03,4.889198538129635,4.305264711915738,arima,UCAYALI
2023-07-10,6.164641635033019,4.330917855300765,arima,UCAYALI
2023-07-17,5.261202774726455,6.359455868488099,arima,UCAYALI
2023-07-24,5.845780860807172,6.136022210166177,arima,UCAYALI
2023-07-31,4.304620452048917,5.955120245580285,arima,UCAYALI
2023-08-07,3.6668989035972253,5.909176693260979,arima,UCAYALI
2023-08-14,2.232025419580919,3.790101498249972,arima,UCAYALI
2023-08-21,2.4445992690648164,4.0283996445719366,arima,UCAYALI
2023-08-28,2.4977427314357907,4.1646452298799765,arima,UCAYALI
2023-09-04,3.0291773551455337,4.202372498564066,arima,UCAYALI
2023-09-11,2.710316580919688,2.906201601026915,arima,UCAYALI
2023-09-18,3.0291773551455337,3.108522655080681,arima,UCAYALI
2023-09-25,3.401181591742354,2.965118357339262,arima,UCAYALI
2023-10-02,3.1886077422584562,3.0958000839817283,arima,UCAYALI
2023-10-09,3.0823208175165075,3.0965039147831965,arima,UCAYALI
2023-10-16,3.613755441226251,3.092493688334186,arima,UCAYALI
2023-10-23,4.729768151016711,3.071162174372432,arima,UCAYALI
2023-10-30,4.517194301532815,3.081781828077949,arima,UCAYALI
2023-11-06,4.729768151016711,4.2823286235954745,arima,UCAYALI
2023-11-13,3.8263292907101487,4.154362929184832,arima,UCAYALI
2023-11-20,3.7731858283391744,4.1114174924014595,arima,UCAYALI
2023-11-27,2.9760338927745598,4.108058724176461,arima,UCAYALI
2023-12-04,2.6571731185487137,3.0045271791265726,arima,UCAYALI
2023-12-11,2.816603505661637,2.7730189873174185,arima,UCAYALI
2023-12-18,2.6571731185487137,2.899765179588414,arima,UCAYALI
2023-12-25,3.241751204629431,2.7716368416422403,arima,UCAYALI
