date,actual,predicted,model,region
2011-12-26,2.32578498509799,2.1258515753577005,random_forest,AREQUIPA
2012-01-02,2.3340424025734827,2.2735718834684633,random_forest,AREQUIPA
2012-01-09,2.0062766931976515,2.3055574762159963,random_forest,AREQUIPA
2012-01-16,2.0412829054804362,2.176481077714385,random_forest,AREQUIPA
2012-01-23,2.092314978117447,2.1277233094601757,random_forest,AREQUIPA
2012-01-30,2.3985074139395124,2.1275181082514076,random_forest,AREQUIPA
2012-02-06,2.2198951597099748,2.266745469025317,random_forest,AREQUIPA
2012-02-13,2.194379123391469,2.1858090655823506,random_forest,AREQUIPA
2012-02-20,2.577119668169051,2.1779790225063773,random_forest,AREQUIPA
2012-02-27,2.857796067672611,2.375420965046076,random_forest,AREQUIPA
2012-03-05,2.781247958717094,2.499057982197587,random_forest,AREQUIPA
2012-03-12,2.3219593049839964,2.580952824034302,random_forest,AREQUIPA
2012-03-19,2.3985074139395124,2.3247736134371264,random_forest,AREQUIPA
2012-03-26,2.8322800313541054,2.4250812387401752,random_forest,AREQUIPA
2012-04-02,2.6281517408060613,2.587406108345308,random_forest,AREQUIPA
2012-04-09,2.5005715592135345,2.6828241564585333,random_forest,AREQUIPA
2012-04-16,1.9392187602064146,2.608929111480323,random_forest,AREQUIPA
2012-04-23,2.194379123391469,2.3299262818736906,random_forest,AREQUIPA
2012-04-30,2.270927232346985,2.30223483095173,random_forest,AREQUIPA
2012-05-07,2.9598602129466323,2.2644780882032123,random_forest,AREQUIPA
2012-05-14,3.674309229864786,2.5535654509324783,random_forest,AREQUIPA
2012-05-21,3.699825266183291,2.771906503044534,random_forest,AREQUIPA
2012-05-28,3.4191488666797305,2.776290944159782,random_forest,AREQUIPA
2012-06-04,2.8322800313541054,2.855090497435969,random_forest,AREQUIPA
2012-06-11,2.908828140309622,2.828831692024538,random_forest,AREQUIPA
2012-06-18,2.602635704487556,2.9531446446608607,random_forest,AREQUIPA
2012-06-25,2.2964432686654908,2.7321562139220013,random_forest,AREQUIPA
2012-07-02,2.117831014435953,2.576439551611202,random_forest,AREQUIPA
2012-07-09,2.7302158860800834,2.375555392023191,random_forest,AREQUIPA
2012-07-16,2.934344176628127,2.688697894907123,random_forest,AREQUIPA
2012-07-23,3.1384724671761703,2.8856066853910884,random_forest,AREQUIPA
2012-07-30,2.628151740806062,3.0485777135507535,random_forest,AREQUIPA
2012-08-06,2.5516036318505457,2.6004662507172447,random_forest,AREQUIPA
2012-08-13,2.449539486576523,2.5341768045674518,random_forest,AREQUIPA
2012-08-20,2.3474753413025016,2.434437845150079,random_forest,AREQUIPA
2012-08-27,2.3219593049839964,2.4246128968912566,random_forest,AREQUIPA
2012-09-03,2.092314978117447,2.4095437334606338,random_forest,AREQUIPA
2012-09-10,2.066798941798942,2.335844981301458,random_forest,AREQUIPA
2012-09-17,1.8881866875694036,2.268621207343721,random_forest,AREQUIPA
2012-09-24,1.9392187602064144,2.1216095126243717,random_forest,AREQUIPA
2012-10-01,1.6585423607028542,2.0461001688421914,random_forest,AREQUIPA
2012-10-08,1.5054461427918218,1.9113057322092732,random_forest,AREQUIPA
2012-10-15,1.301317852243778,1.761148704219097,random_forest,AREQUIPA
2012-10-22,1.352349924880789,1.4996997147857403,random_forest,AREQUIPA
2012-10-29,1.2758018159252729,1.3940844258241105,random_forest,AREQUIPA
2012-11-05,1.4799301064733161,1.362704360741853,random_forest,AREQUIPA
2012-11-12,1.5564782154288326,1.4548534834213152,random_forest,AREQUIPA
2012-11-19,1.7861225422953817,1.45378373946782,random_forest,AREQUIPA
2012-11-26,1.96473479652492,1.6981544858307864,random_forest,AREQUIPA
2012-12-03,2.3474753413025016,1.7387504547136938,random_forest,AREQUIPA
2012-12-10,2.24541119602848,1.9558457850104993,random_forest,AREQUIPA
2012-12-17,1.862670651250898,1.9556250768450978,random_forest,AREQUIPA
2012-12-24,1.5819942517473382,1.8806880278738451,random_forest,AREQUIPA
2012-12-31,1.9902508328434252,1.671785386202149,random_forest,AREQUIPA
2013-01-07,2.1037196749464067,1.918204768288756,random_forest,AREQUIPA
2013-01-14,2.164980499454915,2.0619780651617114,random_forest,AREQUIPA
2013-01-21,2.019173171021724,2.100312241072442,random_forest,AREQUIPA
2013-01-28,2.1936696179001447,2.0441278475530944,random_forest,AREQUIPA
2013-02-04,2.1936696179001447,2.1217869954383723,random_forest,AREQUIPA
2013-02-11,2.0191731710217242,2.109106641846116,random_forest,AREQUIPA
2013-02-18,1.7698925326239803,2.0557657579351787,random_forest,AREQUIPA
2013-02-25,1.5455399580660112,2.093204723621272,random_forest,AREQUIPA
2013-03-04,1.4956838303864626,1.8322527323095845,random_forest,AREQUIPA
2013-03-11,1.5704680219057856,1.593859336938496,random_forest,AREQUIPA
2013-03-18,1.4707557665466882,1.576853542225653,random_forest,AREQUIPA
2013-03-25,1.4458277027069137,1.486358868938394,random_forest,AREQUIPA
2013-04-01,1.420899638867139,1.4578773657726682,random_forest,AREQUIPA
2013-04-08,1.6203241495853342,1.454423322491188,random_forest,AREQUIPA
2013-04-15,1.395971575027365,1.577671008740454,random_forest,AREQUIPA
2013-04-22,1.346115447347816,1.5373350725622288,random_forest,AREQUIPA
2013-04-29,1.2214751281489442,1.4368313208292556,random_forest,AREQUIPA
2013-05-06,1.5206118942262368,1.4014759299279638,random_forest,AREQUIPA
2013-05-13,1.7449644687842063,1.5356099723538028,random_forest,AREQUIPA
2013-05-20,2.143813490220596,1.776057947758647,random_forest,AREQUIPA
2013-05-27,2.418022192458114,2.021384864225312,random_forest,AREQUIPA
2013-06-03,2.5426625116569856,2.1109296986398527,random_forest,AREQUIPA
2013-06-10,2.79194315005473,2.3798759426428404,random_forest,AREQUIPA
2013-06-17,2.6673028308558577,2.5039692386429464,random_forest,AREQUIPA
2013-06-24,2.492806383977437,2.4947576512699468,random_forest,AREQUIPA
2013-07-01,2.1438134902205963,2.371101946677166,random_forest,AREQUIPA
2013-07-08,2.1188854263808214,2.2186126350775357,random_forest,AREQUIPA
2013-07-15,1.944388979502401,2.1931121030095047,random_forest,AREQUIPA
2013-07-22,2.143813490220596,2.033060402591794,random_forest,AREQUIPA
2013-07-29,2.143813490220596,2.12810167831686,random_forest,AREQUIPA
2013-08-05,2.343238000938791,2.132875672700672,random_forest,AREQUIPA
2013-08-12,2.5675905754967605,2.2836294829827164,random_forest,AREQUIPA
2013-08-19,2.2933818732592424,2.543518257010183,random_forest,AREQUIPA
2013-08-26,1.944388979502401,2.306497034652186,random_forest,AREQUIPA
2013-09-02,1.5206118942262368,2.0400703711559705,random_forest,AREQUIPA
2013-09-09,1.6701802772648833,1.7948647458930618,random_forest,AREQUIPA
2013-09-16,2.0939573625410475,1.736569209152208,random_forest,AREQUIPA
2013-09-23,2.093957362541047,1.9238062784709387,random_forest,AREQUIPA
2013-09-30,2.1687415540603703,2.0015979856137593,random_forest,AREQUIPA
2013-10-07,2.1936696179001447,1.9661590999529275,random_forest,AREQUIPA
2013-10-14,2.069029298701273,1.988143481607364,random_forest,AREQUIPA
2013-10-21,1.9693170433421756,1.946534247360379,random_forest,AREQUIPA
2013-10-28,1.7200364049444314,1.9263533880050256,random_forest,AREQUIPA
2013-11-04,1.6951083411046575,1.8990709421149867,random_forest,AREQUIPA
2013-11-11,1.6951083411046575,1.8161274241330676,random_forest,AREQUIPA
2013-11-18,1.6951083411046575,1.7999036613483197,random_forest,AREQUIPA
2013-11-25,1.545539958066011,1.7616864221531197,random_forest,AREQUIPA
2013-12-02,1.3710435111875905,1.5791987908529574,random_forest,AREQUIPA
2013-12-09,1.271331255828493,1.3832955213832032,random_forest,AREQUIPA
2013-12-16,1.346115447347816,1.3221444886844327,random_forest,AREQUIPA
2013-12-23,1.2962593196682672,1.3810054213985021,random_forest,AREQUIPA
2013-12-30,1.2962593196682672,1.3907880761934102,random_forest,AREQUIPA
2014-01-06,1.188124785800328,1.4190409510001523,random_forest,AREQUIPA
2014-01-13,1.594495828824886,1.4664994421508653,random_forest,AREQUIPA
2014-01-20,1.9493262884681268,1.6198647504067116,random_forest,AREQUIPA
2014-01-27,2.4122912819793068,1.8393700319013269,random_forest,AREQUIPA
2014-02-03,2.168625495920791,2.148556321274839,random_forest,AREQUIPA
2014-02-10,1.6325607665920563,2.0660519453072186,random_forest,AREQUIPA
2014-02-17,1.2670620875042824,1.836651277275573,random_forest,AREQUIPA
2014-02-24,1.1452291944750244,1.77271556214952,random_forest,AREQUIPA
2014-03-03,1.242695508898431,1.5934470407726307,random_forest,AREQUIPA
2014-03-10,1.2183289302925793,1.5593104016374248,random_forest,AREQUIPA
2014-03-17,1.1695957730808761,1.4280522384664742,random_forest,AREQUIPA
2014-03-24,1.1939623516867277,1.4667040300305452,random_forest,AREQUIPA
2014-03-31,1.169595773080876,1.5168482628317863,random_forest,AREQUIPA
2014-04-07,1.3645284019276887,1.5366855366533345,random_forest,AREQUIPA
2014-04-14,1.5107278735627983,1.4409173211970152,random_forest,AREQUIPA
2014-04-21,1.413261559139392,1.5316436900138375,random_forest,AREQUIPA
2014-04-28,1.291428666110134,1.5621968642833746,random_forest,AREQUIPA
2014-05-05,1.1695957730808761,1.5397108001478435,random_forest,AREQUIPA
2014-05-12,1.2183289302925793,1.4454344449970478,random_forest,AREQUIPA
2014-05-19,1.3157952447159857,1.478363622765978,random_forest,AREQUIPA
2014-05-26,1.3645284019276887,1.4978305805999013,random_forest,AREQUIPA
2014-06-02,1.5107278735627983,1.5193109639935602,random_forest,AREQUIPA
2014-06-09,1.583827609380353,1.5064950000984436,random_forest,AREQUIPA
2014-06-16,1.583827609380353,1.6240892863116074,random_forest,AREQUIPA
2014-06-23,1.4376281377452436,1.6646680048856424,random_forest,AREQUIPA
2014-06-30,1.2670620875042824,1.5309142404551297,random_forest,AREQUIPA
2014-07-07,1.3157952447159857,1.3596370197806424,random_forest,AREQUIPA
2014-07-14,1.7300270810154625,1.3742427764780392,random_forest,AREQUIPA
2014-07-21,2.3148249675559005,1.7655008794537388,random_forest,AREQUIPA
2014-07-28,2.7290568038553773,2.103660036257735,random_forest,AREQUIPA
2014-08-04,2.4122912819793068,2.418782592798584,random_forest,AREQUIPA
2014-08-11,2.655957068037823,2.379352350618819,random_forest,AREQUIPA
2014-08-18,2.5584907536144166,2.3751428017724954,random_forest,AREQUIPA
2014-08-25,3.0701889043373,2.267442631210315,random_forest,AREQUIPA
2014-09-01,2.509757596402713,2.6001639589215424,random_forest,AREQUIPA
2014-09-08,2.241725231738346,2.4588942021726825,random_forest,AREQUIPA
2014-09-15,2.1929920745266425,2.2333958460778995,random_forest,AREQUIPA
2014-09-22,2.3879247033734554,2.203218164286566,random_forest,AREQUIPA
2014-09-29,2.6803236466436737,2.297780627649515,random_forest,AREQUIPA
2014-10-06,2.3391915461617523,2.5842574974264,random_forest,AREQUIPA
2014-10-13,1.9736928670739786,2.3137001779889483,random_forest,AREQUIPA
2014-10-20,1.6812939238037592,2.112202731863036,random_forest,AREQUIPA
2014-10-27,1.7056605024096108,1.9660959186450506,random_forest,AREQUIPA
2014-11-03,1.754393659621314,1.8429529805550884,random_forest,AREQUIPA
2014-11-10,1.583827609380353,1.8969512348150346,random_forest,AREQUIPA
2014-11-17,1.5107278735627983,1.7311632942851487,random_forest,AREQUIPA
2014-11-24,1.2426955088984308,1.5608881196780071,random_forest,AREQUIPA
2014-12-01,1.53509445216865,1.4297658207300799,random_forest,AREQUIPA
2014-12-08,1.5107278735627983,1.48046516896806,random_forest,AREQUIPA
2014-12-15,1.9005931312564235,1.4716316378471854,random_forest,AREQUIPA
2014-12-22,1.7300270810154625,1.7881890130666072,random_forest,AREQUIPA
2014-12-29,2.1929920745266425,1.828562666970319,random_forest,AREQUIPA
2015-01-05,2.2017929502078726,1.9973168224584796,random_forest,AREQUIPA
2015-01-12,2.2614739766076504,1.9677244799900904,random_forest,AREQUIPA
2015-01-19,2.097025060164364,2.013120706087459,random_forest,AREQUIPA
2015-01-26,1.9540460787895209,2.0358450972013578,random_forest,AREQUIPA
2015-02-02,2.0017057392478015,2.002040394278819,random_forest,AREQUIPA
2015-02-09,1.6442582858106942,2.0583292550306083,random_forest,AREQUIPA
2015-02-16,1.6680881160398346,1.7402597233826853,random_forest,AREQUIPA
2015-02-23,1.4536196439775704,1.6752303118850953,random_forest,AREQUIPA
2015-03-02,1.5251091346649917,1.5452094059118613,random_forest,AREQUIPA
2015-03-09,1.4774494742067106,1.4622376151935008,random_forest,AREQUIPA
2015-03-16,1.3821301532901487,1.4514468492925228,random_forest,AREQUIPA
2015-03-23,1.4297898137484297,1.4108458853094257,random_forest,AREQUIPA
2015-03-30,1.3821301532901487,1.430907972591612,random_forest,AREQUIPA
2015-04-06,1.6919179462689753,1.4046809898122197,random_forest,AREQUIPA
2015-04-13,1.5965986253524134,1.5892161618200085,random_forest,AREQUIPA
2015-04-20,1.5251091346649919,1.5570679449822742,random_forest,AREQUIPA
2015-04-27,1.3344704928318676,1.510476879437095,random_forest,AREQUIPA
2015-05-04,1.5489389648941323,1.462515704934928,random_forest,AREQUIPA
2015-05-11,1.4774494742067106,1.505238201979351,random_forest,AREQUIPA
2015-05-18,1.334470492831868,1.4952296480274023,random_forest,AREQUIPA
2015-05-25,1.1914915114570246,1.4839234233832082,random_forest,AREQUIPA
2015-06-01,1.5251091346649917,1.4631331899783462,random_forest,AREQUIPA
2015-06-08,1.6204284555815536,1.5125153319966869,random_forest,AREQUIPA
2015-06-15,1.715747776498116,1.6331837804361042,random_forest,AREQUIPA
2015-06-22,1.8825565881020994,1.8140421367918698,random_forest,AREQUIPA
2015-06-29,2.2400040415392066,1.9431544059618628,random_forest,AREQUIPA
2015-07-06,2.38298302291405,2.2006302389440404,random_forest,AREQUIPA
2015-07-13,2.1208548903935043,2.233277097480832,random_forest,AREQUIPA
2015-07-20,2.1446847206226445,2.1315242335718305,random_forest,AREQUIPA
2015-07-27,1.9540460787895206,2.1491338568653564,random_forest,AREQUIPA
2015-08-03,2.097025060164364,2.03613065014062,random_forest,AREQUIPA
2015-08-10,2.025535569476942,2.0969472293231783,random_forest,AREQUIPA
2015-08-17,2.001705739247802,2.0535730857203265,random_forest,AREQUIPA
2015-08-24,2.1446847206226445,2.0129823417707793,random_forest,AREQUIPA
2015-08-31,1.90638641833124,2.0623231974428293,random_forest,AREQUIPA
2015-09-07,1.8348969276438183,1.9486488328233604,random_forest,AREQUIPA
2015-09-14,1.5251091346649917,1.9306153069395,random_forest,AREQUIPA
2015-09-21,1.6919179462689753,1.7430190400924872,random_forest,AREQUIPA
2015-09-28,1.7157477764981157,1.6485491317979935,random_forest,AREQUIPA
2015-10-05,2.073195229935223,1.7078917912308664,random_forest,AREQUIPA
2015-10-12,2.073195229935223,2.0044848304824,random_forest,AREQUIPA
2015-10-19,2.1446847206226445,1.9759521784905936,random_forest,AREQUIPA
2015-10-26,1.8587267578729587,2.004006186837135,random_forest,AREQUIPA
2015-11-02,1.8348969276438183,1.8514431613979263,random_forest,AREQUIPA
2015-11-09,1.9778759090186613,1.855442650641211,random_forest,AREQUIPA
2015-11-16,1.9302162485603802,1.9003133830200516,random_forest,AREQUIPA
2015-11-23,2.025535569476942,1.9152536413480779,random_forest,AREQUIPA
2015-11-30,1.9540460787895206,1.961318848535006,random_forest,AREQUIPA
2015-12-07,1.9063864183312396,1.8993456981373236,random_forest,AREQUIPA
2015-12-14,1.5012793044358512,1.8784457306905293,random_forest,AREQUIPA
2015-12-21,1.1914915114570246,1.7056293122080637,random_forest,AREQUIPA
2015-12-28,0.6672352464159337,1.5102871956970316,random_forest,AREQUIPA
2016-01-04,0.9636691533760189,1.4498092938670621,random_forest,AREQUIPA
2016-01-11,1.1424947421925638,1.4517869189099273,random_forest,AREQUIPA
2016-01-18,2.005194853644092,1.2485315301592963,random_forest,AREQUIPA
2016-01-25,1.865297538273574,1.7522437882430453,random_forest,AREQUIPA
2016-02-01,2.1684083882430296,1.8688075190171363,random_forest,AREQUIPA
2016-02-08,1.981878634415672,2.108836232833463,random_forest,AREQUIPA
2016-02-15,2.3782543612988065,1.9340908657255846,random_forest,AREQUIPA
2016-02-22,2.4015705805272263,2.0688480145173047,random_forest,AREQUIPA
2016-02-29,2.4948354574409053,2.132307153089956,random_forest,AREQUIPA
2016-03-07,2.471519238212485,2.2805799979031804,random_forest,AREQUIPA
2016-03-14,2.2150408266998687,2.3557923708745565,random_forest,AREQUIPA
2016-03-21,1.772032661359895,2.2690395826021024,random_forest,AREQUIPA
2016-03-28,1.562186688304118,2.057888096281813,random_forest,AREQUIPA
2016-04-04,1.562186688304118,1.7481578493094307,random_forest,AREQUIPA
2016-04-11,1.911929976730413,1.554999537450232,random_forest,AREQUIPA
2016-04-18,1.8419813190451542,1.7573790017902398,random_forest,AREQUIPA
2016-04-25,1.562186688304118,1.8502269336173356,random_forest,AREQUIPA
2016-05-02,1.5155542498472787,1.6899181050572498,random_forest,AREQUIPA
2016-05-09,1.5855029075325378,1.5487723758417067,random_forest,AREQUIPA
2016-05-16,2.0751435113293506,1.571854266414843,random_forest,AREQUIPA
2016-05-23,2.2849894843851275,1.9513528246540277,random_forest,AREQUIPA
2016-05-30,2.494835457440905,2.1763887265411137,random_forest,AREQUIPA
2016-06-06,2.5881003343545834,2.2960735947977984,random_forest,AREQUIPA
2016-06-13,3.217638253521915,2.4698737953840784,random_forest,AREQUIPA
2016-06-20,3.8704923919176655,2.745056687411723,random_forest,AREQUIPA
2016-06-27,4.546662749541835,2.8700513131299186,random_forest,AREQUIPA
2016-07-04,4.779824941826033,3.238970358418216,random_forest,AREQUIPA
2016-07-11,4.8031411610544525,3.203293556008953,random_forest,AREQUIPA
2016-07-18,4.243551899572381,3.063809305956509,random_forest,AREQUIPA
2016-07-25,3.7772275150039873,3.1086893734449017,random_forest,AREQUIPA
2016-08-01,3.2409544727503348,3.6896687959666084,random_forest,AREQUIPA
2016-08-08,3.427484226577692,3.5408541586285147,random_forest,AREQUIPA
2016-08-15,3.4508004458061117,3.480242918584574,random_forest,AREQUIPA
2016-08-22,3.3575355688924327,3.527479157193169,random_forest,AREQUIPA
2016-08-29,2.8445787458672,3.4058576139805075,random_forest,AREQUIPA
2016-09-05,2.564784115126164,3.1033553056943677,random_forest,AREQUIPA
2016-09-12,2.4015705805272263,2.8629082140183812,random_forest,AREQUIPA
2016-09-19,2.3782543612988065,2.607769315993914,random_forest,AREQUIPA
2016-09-26,2.12177594978619,2.397554889428333,random_forest,AREQUIPA
2016-10-03,2.1217759497861906,2.3386657253273326,random_forest,AREQUIPA
2016-10-10,1.9585624151872525,2.285420263901749,random_forest,AREQUIPA
2016-10-17,1.981878634415672,2.111325935585379,random_forest,AREQUIPA
2016-10-24,1.8652975382735735,1.9326647266350345,random_forest,AREQUIPA
2016-10-31,1.9585624151872523,1.7798418375947007,random_forest,AREQUIPA
2016-11-07,2.12177594978619,1.852902568728683,random_forest,AREQUIPA
2016-11-14,2.2849894843851275,1.9512551325976357,random_forest,AREQUIPA
2016-11-21,2.284989484385128,2.083623572120875,random_forest,AREQUIPA
2016-11-28,2.14509216901461,2.0898443377149944,random_forest,AREQUIPA
2016-12-05,2.2616732651567077,2.0077332836009782,random_forest,AREQUIPA
2016-12-12,2.401570580527226,2.064528426328524,random_forest,AREQUIPA
2016-12-19,2.4482030189840653,2.2084964732600088,random_forest,AREQUIPA
2016-12-26,2.4248867997556456,2.239780876210779,random_forest,AREQUIPA
2017-01-02,2.2721990932886396,2.2768569348966423,random_forest,AREQUIPA
2017-01-09,1.9810898858084023,2.2160076108621887,random_forest,AREQUIPA
2017-01-16,1.6889968020899735,2.114350652619385,random_forest,AREQUIPA
2017-01-23,1.8259424887459172,1.8542150862699258,random_forest,AREQUIPA
2017-01-30,2.2139552676044247,1.850857162256874,random_forest,AREQUIPA
2017-02-06,2.1226581431671288,2.0957457716144283,random_forest,AREQUIPA
2017-02-13,2.054185299839157,2.078776643382837,random_forest,AREQUIPA
2017-02-20,1.9400638942925372,2.044284648185125,random_forest,AREQUIPA
2017-02-27,1.9628881754018612,1.8654112215151955,random_forest,AREQUIPA
2017-03-06,1.7118210831992975,1.859734680093336,random_forest,AREQUIPA
2017-03-13,1.8259424887459172,1.7300342986651727,random_forest,AREQUIPA
2017-03-20,2.1683067053857767,1.7154065928020328,random_forest,AREQUIPA
2017-03-27,2.2824281109323965,1.898460578466825,random_forest,AREQUIPA
2017-04-03,1.8715910509645648,2.0610121994191637,random_forest,AREQUIPA
2017-04-10,1.8259424887459172,1.8626759879295818,random_forest,AREQUIPA
2017-04-17,2.054185299839157,1.818274237864201,random_forest,AREQUIPA
2017-04-24,2.054185299839157,1.9553314368412456,random_forest,AREQUIPA
2017-05-01,1.917239613183213,2.0007927739555535,random_forest,AREQUIPA
2017-05-08,1.8259424887459172,1.967965969083587,random_forest,AREQUIPA
2017-05-15,1.9857124565111854,1.9419809150787253,random_forest,AREQUIPA
2017-05-22,2.2139552676044247,2.019379100324198,random_forest,AREQUIPA
2017-05-29,2.4878466409163127,2.1144749211331013,random_forest,AREQUIPA
2017-06-05,2.6704408897909038,2.3186147025469213,random_forest,AREQUIPA
2017-06-12,2.487846640916312,2.430382700563262,random_forest,AREQUIPA
2017-06-19,2.1454824242764525,2.3978734875323395,random_forest,AREQUIPA
2017-06-26,1.917239613183213,2.2074321637152448,random_forest,AREQUIPA
2017-07-03,2.328076673151044,2.029046142661172,random_forest,AREQUIPA
2017-07-10,2.6704408897909038,2.2009129555701072,random_forest,AREQUIPA
2017-07-17,2.967156544212115,2.3606278605664808,random_forest,AREQUIPA
2017-07-24,2.921507981993468,2.5045656551932876,random_forest,AREQUIPA
2017-07-31,2.807386576446848,2.552820054584536,random_forest,AREQUIPA
2017-08-07,2.921507981993468,2.47954565748563,random_forest,AREQUIPA
2017-08-14,3.058453668649411,2.496639397292902,random_forest,AREQUIPA
2017-08-21,3.241047917524003,2.5370547707108773,random_forest,AREQUIPA
2017-08-28,2.8758594197748195,2.916832347465232,random_forest,AREQUIPA
2017-09-04,2.6704408897909038,2.724597417682884,random_forest,AREQUIPA
2017-09-11,2.601968046462932,2.580611354528763,random_forest,AREQUIPA
2017-09-18,2.556319484244284,2.535681562894591,random_forest,AREQUIPA
2017-09-25,2.236779548713748,2.4735454968126134,random_forest,AREQUIPA
2017-10-02,2.145482424276452,2.194404239269454,random_forest,AREQUIPA
2017-10-09,2.1454824242764525,2.0835661819487,random_forest,AREQUIPA
2017-10-16,2.1226581431671288,2.0617407888902983,random_forest,AREQUIPA
2017-10-23,2.1226581431671288,2.0406257208267697,random_forest,AREQUIPA
2017-10-30,2.1454824242764525,2.04210803589949,random_forest,AREQUIPA
2017-11-06,2.373725235369692,2.0629936297178837,random_forest,AREQUIPA
2017-11-13,2.1911309864951005,2.2100051962756155,random_forest,AREQUIPA
2017-11-20,2.328076673151044,2.1242742455760735,random_forest,AREQUIPA
2017-11-27,2.1226581431671288,2.18312390546458,random_forest,AREQUIPA
2017-12-04,2.2139552676044243,2.0884997077446323,random_forest,AREQUIPA
2017-12-11,2.2824281109323965,2.1315655762544936,random_forest,AREQUIPA
2017-12-18,2.2367795487137485,2.1631716106637824,random_forest,AREQUIPA
2017-12-25,2.41937379758834,2.154633373507726,random_forest,AREQUIPA
2018-01-01,2.1814840714207016,2.2190740166990763,random_forest,AREQUIPA
2018-01-08,1.985695155077693,2.122672550448896,random_forest,AREQUIPA
2018-01-15,1.5165216871933704,2.0012066029988107,random_forest,AREQUIPA
2018-01-22,1.5165216871933704,1.7414323358310488,random_forest,AREQUIPA
2018-01-29,1.6798394073526566,1.6720893053613262,random_forest,AREQUIPA
2018-02-05,1.9598126419114326,1.7299311842229506,random_forest,AREQUIPA
2018-02-12,1.8898193332717386,1.8587830761778932,random_forest,AREQUIPA
2018-02-19,2.1464614649506166,1.8423897799073925,random_forest,AREQUIPA
2018-02-26,2.029805950551127,1.980956939753908,random_forest,AREQUIPA
2018-03-05,2.449765802389291,1.9266397433405271,random_forest,AREQUIPA
2018-03-12,2.333110287989801,2.1730057461372048,random_forest,AREQUIPA
2018-03-19,2.473096905269189,2.140429652493285,random_forest,AREQUIPA
2018-03-26,2.0764681563109226,2.2138842015630584,random_forest,AREQUIPA
2018-04-02,2.0531370534310245,2.0204036292061898,random_forest,AREQUIPA
2018-04-09,2.193123670710413,2.0240757201985438,random_forest,AREQUIPA
2018-04-16,2.4964280081490866,2.0477854473976365,random_forest,AREQUIPA
2018-04-23,2.449765802389291,2.2149295271998803,random_forest,AREQUIPA
2018-04-30,2.216454773590311,2.2427164484353512,random_forest,AREQUIPA
2018-05-07,1.959812641911433,2.208371481665497,random_forest,AREQUIPA
2018-05-14,1.8431571275119427,2.0281345719821613,random_forest,AREQUIPA
2018-05-21,1.9598126419114328,2.032768462891885,random_forest,AREQUIPA
2018-05-28,2.519759111028985,2.0513205806133428,random_forest,AREQUIPA
2018-06-04,3.0097122715068436,2.37786146295014,random_forest,AREQUIPA
2018-06-11,3.2663544031857215,2.6950664042469437,random_forest,AREQUIPA
2018-06-18,3.0097122715068436,3.0502553632046223,random_forest,AREQUIPA
2018-06-25,2.9163878599872515,3.071021331020293,random_forest,AREQUIPA
2018-07-02,3.219692197425926,3.09808031994508,random_forest,AREQUIPA
2018-07-09,3.6396520492640896,3.1822380769754957,random_forest,AREQUIPA
2018-07-16,4.409578444300725,3.268651684215971,random_forest,AREQUIPA
2018-07-23,4.10627410686205,3.6088494220804592,random_forest,AREQUIPA
2018-07-30,4.1995985183816416,3.6151053903534516,random_forest,AREQUIPA
2018-08-06,3.9896185924625596,3.5265708824770376,random_forest,AREQUIPA
2018-08-13,4.036280798222356,3.507884540860152,random_forest,AREQUIPA
2018-08-20,3.966287489582662,3.4138551100682433,random_forest,AREQUIPA
2018-08-27,3.3830099175852113,3.441872440688569,random_forest,AREQUIPA
2018-09-03,3.2663544031857215,3.0615629083943317,random_forest,AREQUIPA
2018-09-10,2.893056757107353,2.9403627271727504,random_forest,AREQUIPA
2018-09-17,3.0797055801465376,2.795769772432802,random_forest,AREQUIPA
2018-09-24,2.706407934068169,2.8024079756089884,random_forest,AREQUIPA
2018-10-01,2.3797724937495968,2.6577798181450527,random_forest,AREQUIPA
2018-10-08,2.1231303620707185,2.427273397195805,random_forest,AREQUIPA
2018-10-15,2.356441390869699,2.226997005739271,random_forest,AREQUIPA
2018-10-22,2.706407934068169,2.20971250541603,random_forest,AREQUIPA
2018-10-29,2.916387859987251,2.3666353913205365,random_forest,AREQUIPA
2018-11-05,2.8463945513475566,2.5608840356694813,random_forest,AREQUIPA
2018-11-12,2.7764012427078626,2.562728621774376,random_forest,AREQUIPA
2018-11-19,2.356441390869698,2.6460037145125943,random_forest,AREQUIPA
2018-11-26,2.4264346995093926,2.4436453200434927,random_forest,AREQUIPA
2018-12-03,2.2397858764702083,2.3892603587222485,random_forest,AREQUIPA
2018-12-10,2.636414625428475,2.307966427327535,random_forest,AREQUIPA
2018-12-17,2.473096905269189,2.4748271939309787,random_forest,AREQUIPA
2018-12-24,2.3797724937495968,2.402095592164314,random_forest,AREQUIPA
2018-12-31,2.1697925678305148,2.324147558077305,random_forest,AREQUIPA
2019-01-07,2.266988159778081,2.195628541434222,random_forest,AREQUIPA
2019-01-14,2.546826120142376,2.147267279442801,random_forest,AREQUIPA
2019-01-21,2.4124277352720145,2.250658230419908,random_forest,AREQUIPA
2019-01-28,2.3441514786133717,2.2272144586312432,random_forest,AREQUIPA
2019-02-04,1.8662176820028786,2.1801164709847103,random_forest,AREQUIPA
2019-02-11,1.5248363987096691,2.0094517667191134,random_forest,AREQUIPA
2019-02-18,1.5475951509292163,1.7921017659354108,random_forest,AREQUIPA
2019-02-25,1.661388912026953,1.7214095741876503,random_forest,AREQUIPA
2019-03-04,1.9117351864419732,1.7224993044392305,random_forest,AREQUIPA
2019-03-11,2.0710464519788045,1.8663235725763903,random_forest,AREQUIPA
2019-03-18,2.1165639564178993,1.9951698325368674,random_forest,AREQUIPA
2019-03-25,2.184840213076541,2.045833756639147,random_forest,AREQUIPA
2019-04-01,1.8889764342224262,2.119977641504682,random_forest,AREQUIPA
2019-04-08,1.9117351864419734,2.0110811378125244,random_forest,AREQUIPA
2019-04-15,1.9572526908810681,1.9954609431870518,random_forest,AREQUIPA
2019-04-22,2.0027701953201626,1.977750802922072,random_forest,AREQUIPA
2019-04-29,2.4351864874915616,1.9568638814753605,random_forest,AREQUIPA
2019-05-06,2.5034627441502035,2.1780931887051382,random_forest,AREQUIPA
2019-05-13,2.7310502663456773,2.263171899818641,random_forest,AREQUIPA
2019-05-20,2.5717390008088454,2.563207209972568,random_forest,AREQUIPA
2019-05-27,2.913120284102055,2.6566567032480815,random_forest,AREQUIPA
2019-06-03,3.0951903018584335,2.9079373794320365,random_forest,AREQUIPA
2019-06-10,3.391054080712548,3.0419772703993155,random_forest,AREQUIPA
2019-06-17,3.3455365762734535,3.240274430392036,random_forest,AREQUIPA
2019-06-24,3.846229125103495,3.3254606641132973,random_forest,AREQUIPA
2019-07-01,3.8007116206644,3.7862373417957835,random_forest,AREQUIPA
2019-07-08,4.210369160616252,3.816662771206448,random_forest,AREQUIPA
2019-07-15,4.528991691689915,3.9078655779333227,random_forest,AREQUIPA
2019-07-22,4.870372974983124,3.843866563664851,random_forest,AREQUIPA
2019-07-29,5.006925488300408,3.979746929858952,random_forest,AREQUIPA
2019-08-05,4.392439178372631,3.7764507112596517,random_forest,AREQUIPA
2019-08-12,4.142092903957611,3.7315703937921305,random_forest,AREQUIPA
2019-08-19,3.664159107347117,3.6746336325297486,random_forest,AREQUIPA
2019-08-26,3.3227778240539076,3.427151150916531,random_forest,AREQUIPA
2019-09-02,3.368295328493002,3.168382086867409,random_forest,AREQUIPA
2019-09-09,3.3682953284930015,3.070001688459317,random_forest,AREQUIPA
2019-09-16,3.5276065940298333,3.0463434041849187,random_forest,AREQUIPA
2019-09-23,3.3910540807125487,3.1407455502980652,random_forest,AREQUIPA
2019-09-30,3.3682953284930015,3.051803443446867,random_forest,AREQUIPA
2019-10-07,3.4593303373711906,3.004254452307173,random_forest,AREQUIPA
2019-10-14,3.1407078062975287,3.0257810162343617,random_forest,AREQUIPA
2019-10-21,2.4807039919306564,3.1035095973575224,random_forest,AREQUIPA
2019-10-28,2.480703991930657,2.675339662249382,random_forest,AREQUIPA
2019-11-04,2.867602779662961,2.5424616897156525,random_forest,AREQUIPA
2019-11-11,3.6414003551275695,2.7017801567969353,random_forest,AREQUIPA
2019-11-18,3.436571585151644,3.0573012036467833,random_forest,AREQUIPA
2019-11-25,2.9813965407606973,3.1285786670686817,random_forest,AREQUIPA
2019-12-02,2.5262214963697516,2.970976917496898,random_forest,AREQUIPA
2019-12-09,2.1620814608569945,2.794122015588584,random_forest,AREQUIPA
2019-12-16,2.412427735272015,2.4643884881431823,random_forest,AREQUIPA
2019-12-23,2.3441514786133726,2.468028421935297,random_forest,AREQUIPA
2019-12-30,2.1393227086374473,2.359178626627643,random_forest,AREQUIPA
2020-01-06,1.4936029849431207,2.317717979117066,random_forest,AREQUIPA
2020-01-13,1.1214867973861264,1.957933790802677,random_forest,AREQUIPA
2020-01-20,1.135272378555907,1.8206057269398468,random_forest,AREQUIPA
2020-01-27,1.7585591746258167,1.653336976899162,random_forest,AREQUIPA
2020-02-03,2.1147230580943366,1.7966301910643787,random_forest,AREQUIPA
2020-02-10,2.359585727978944,1.9221219531266318,random_forest,AREQUIPA
2020-02-17,1.8476001454929465,2.0224437094544103,random_forest,AREQUIPA
2020-02-24,1.8921206309265113,1.9700028834297494,random_forest,AREQUIPA
2020-03-02,1.9366411163600763,1.9991176337051633,random_forest,AREQUIPA
2020-03-09,1.869860388209729,2.0146830324135476,random_forest,AREQUIPA
2020-03-16,1.602737475608339,2.002449105927674,random_forest,AREQUIPA
2020-03-23,1.3801350484405142,1.8711974251443348,random_forest,AREQUIPA
2020-03-30,1.224313349423037,1.7094157159304588,random_forest,AREQUIPA
2020-04-06,0.9349301941048646,1.530808648814873,random_forest,AREQUIPA
2020-04-13,0.6010265533531272,1.4938105250835598,random_forest,AREQUIPA
2020-04-20,0.4674650970524323,1.5147407965709851,random_forest,AREQUIPA
2020-04-27,0.5342458252027797,1.5139134871509958,random_forest,AREQUIPA
2020-05-04,0.7345880096538221,0.9806391309126011,random_forest,AREQUIPA
2020-05-11,0.9794506795384295,1.1142665893024037,random_forest,AREQUIPA
2020-05-18,0.9794506795384296,1.0769227245292035,random_forest,AREQUIPA
2020-05-25,0.8458892232377345,1.1624605540633746,random_forest,AREQUIPA
2020-06-01,0.8013687378041695,1.021482326145511,random_forest,AREQUIPA
2020-06-08,1.2688338348566015,1.06212350211501,random_forest,AREQUIPA
2020-06-15,1.8698603882097284,1.0756948725752375,random_forest,AREQUIPA
2020-06-22,2.2037640289614657,1.312216054330478,random_forest,AREQUIPA
2020-06-29,2.648968883297116,1.9793992362566881,random_forest,AREQUIPA
2020-07-06,3.7619810191362397,2.4454531987752333,random_forest,AREQUIPA
2020-07-13,5.075335339426407,3.2886675238829834,random_forest,AREQUIPA
2020-07-20,5.965745048097706,3.9307339975286486,random_forest,AREQUIPA
2020-07-27,5.676361892779535,4.543654825653286,random_forest,AREQUIPA
2020-08-03,5.794435189450748,4.501912575017576,random_forest,AREQUIPA
2020-08-10,5.482791791415793,4.303669807539982,random_forest,AREQUIPA
2020-08-17,5.3937508205486635,4.041780574060445,random_forest,AREQUIPA
2020-08-24,5.030814853992841,4.296487264251042,random_forest,AREQUIPA
2020-08-31,5.075335339426407,3.9916409765645224,random_forest,AREQUIPA
2020-09-07,5.253417281160666,3.920129998820326,random_forest,AREQUIPA
2020-09-14,4.5856099996571915,3.9571033806232947,random_forest,AREQUIPA
2020-09-21,3.6506798055523273,4.512546750968902,random_forest,AREQUIPA
2020-09-28,2.693489368730681,4.00608388306962,random_forest,AREQUIPA
2020-10-05,2.3818459706957262,3.4349783078495335,random_forest,AREQUIPA
2020-10-12,2.3595857279789434,2.8289278204818333,random_forest,AREQUIPA
2020-10-19,2.626708640580333,2.4567259632954994,random_forest,AREQUIPA
2020-10-26,3.2722556793670248,2.573929533368825,random_forest,AREQUIPA
2020-11-02,3.4948581065348505,3.0525727714451447,random_forest,AREQUIPA
2020-11-09,3.2945159220838076,3.1159146588480238,random_forest,AREQUIPA
2020-11-16,2.9160917958985055,3.0989382657330338,random_forest,AREQUIPA
2020-11-23,2.7157496114474626,2.9593529808254035,random_forest,AREQUIPA
2020-11-30,2.893831553181723,2.7468570436375432,random_forest,AREQUIPA
2020-12-07,3.027393009482418,2.834947290786162,random_forest,AREQUIPA
2020-12-14,3.2945159220838076,2.7883389752427203,random_forest,AREQUIPA
2020-12-21,3.4948581065348505,2.883576231130009,random_forest,AREQUIPA
2020-12-28,3.249995436650243,2.9646821810964954,random_forest,AREQUIPA
2021-01-04,3.577602918321624,2.8542878858243834,random_forest,AREQUIPA
2021-01-11,3.7292595330197256,3.1714858823247396,random_forest,AREQUIPA
2021-01-18,4.104797219742241,3.237554534046004,random_forest,AREQUIPA
2021-01-25,4.741152257979809,3.4252195024345164,random_forest,AREQUIPA
2021-02-01,5.486677435040309,3.5442617761431054,random_forest,AREQUIPA
2021-02-08,5.508511462804894,4.350597849806088,random_forest,AREQUIPA
2021-02-15,4.959492535625673,4.362550952899014,random_forest,AREQUIPA
2021-02-22,4.301303469623519,4.350997430126423,random_forest,AREQUIPA
2021-03-01,4.541477775033969,4.1075505852863055,random_forest,AREQUIPA
2021-03-08,4.475975691740209,4.354711523080304,random_forest,AREQUIPA
2021-03-15,4.606979858327727,4.273753409500912,random_forest,AREQUIPA
2021-03-22,4.301303469623519,4.290255152684319,random_forest,AREQUIPA
2021-03-29,3.995627080919309,4.192292813935484,random_forest,AREQUIPA
2021-04-05,3.886456942096377,4.047089230735869,random_forest,AREQUIPA
2021-04-12,3.973793053154722,3.9482395343521,random_forest,AREQUIPA
2021-04-19,4.192133330800586,3.988937058743215,random_forest,AREQUIPA
2021-04-26,4.585145830563142,4.117008465020364,random_forest,AREQUIPA
2021-05-03,5.352505035388226,4.333182195779869,random_forest,AREQUIPA
2021-05-10,6.054362156919555,4.520606721727952,random_forest,AREQUIPA
2021-05-17,6.032528129154969,4.681622556001101,random_forest,AREQUIPA
2021-05-24,6.032528129154968,4.66974565517729,random_forest,AREQUIPA
2021-05-31,6.032528129154968,5.280229716702969,random_forest,AREQUIPA
2021-06-07,6.297704695394567,5.244719951396088,random_forest,AREQUIPA
2021-06-14,6.297704695394567,5.161482700063072,random_forest,AREQUIPA
2021-06-21,5.90152396256745,5.108976802900158,random_forest,AREQUIPA
2021-06-28,5.265168924329882,5.68858303071517,random_forest,AREQUIPA
2021-07-05,4.41047360844645,5.5530645798489475,random_forest,AREQUIPA
2021-07-12,3.7772868032734443,5.133930075095932,random_forest,AREQUIPA
2021-07-19,3.122265970335853,4.7075994217417705,random_forest,AREQUIPA
2021-07-26,2.6419173595149528,3.5872165759979944,random_forest,AREQUIPA
2021-08-02,2.161568748694053,3.1662858155543305,random_forest,AREQUIPA
2021-08-09,1.965062498812775,2.876947159351655,random_forest,AREQUIPA
2021-08-16,2.030564582106534,2.630292201827448,random_forest,AREQUIPA
2021-08-23,2.0523986098711204,2.264910043776869,random_forest,AREQUIPA
2021-08-30,2.096066665400293,2.2273576076094077,random_forest,AREQUIPA
2021-09-06,1.7030541656377383,2.2002454971939054,random_forest,AREQUIPA
2021-09-13,1.6593861101085654,2.1307305046416127,random_forest,AREQUIPA
2021-09-20,1.5065479157564605,2.012735070769278,random_forest,AREQUIPA
2021-09-27,1.5720499990502195,1.8987316859093268,random_forest,AREQUIPA
2021-10-04,1.4847138879918742,1.844568550849141,random_forest,AREQUIPA
2021-10-11,1.4628798602272877,1.739462742971833,random_forest,AREQUIPA
2021-10-18,1.6375520823439789,1.5424695967548823,random_forest,AREQUIPA
2021-10-25,1.6593861101085654,1.5756482235117628,random_forest,AREQUIPA
2021-11-01,1.8122243044606703,1.5546182883249575,random_forest,AREQUIPA
2021-11-08,1.986896526577361,1.6919188344711833,random_forest,AREQUIPA
2021-11-15,2.9475937482191625,1.8838655435484772,random_forest,AREQUIPA
2021-11-22,3.0567638870420946,2.5222179446124926,random_forest,AREQUIPA
2021-11-29,2.6855854150441254,2.8507703093317915,random_forest,AREQUIPA
2021-12-06,1.6593861101085654,2.7471614907925064,random_forest,AREQUIPA
2021-12-13,1.5283819435210468,2.1232569789790476,random_forest,AREQUIPA
2021-12-20,1.4410458324627016,1.8755616596151339,random_forest,AREQUIPA
2021-12-27,1.6812201378731517,1.7194362960970095,random_forest,AREQUIPA
2022-01-03,1.649020175726568,1.8104816764677891,random_forest,AREQUIPA
2022-01-10,2.0711116381843735,1.6923509996160877,random_forest,AREQUIPA
2022-01-17,1.8876091756682027,1.9403562197357869,random_forest,AREQUIPA
2022-01-24,1.9090592799371595,1.9592373965463885,random_forest,AREQUIPA
2022-01-31,1.7374584457855047,1.9786610336474093,random_forest,AREQUIPA
2022-02-07,2.4024116781231672,1.9302579800604507,random_forest,AREQUIPA
2022-02-14,2.7885135549643905,2.1130637561988785,random_forest,AREQUIPA
2022-02-21,2.8099636592333472,2.355948758076558,random_forest,AREQUIPA
2022-02-28,2.295161156778383,2.524261860787185,random_forest,AREQUIPA
2022-03-07,1.994859697012987,2.4081536747768886,random_forest,AREQUIPA
2022-03-14,2.037759905550901,2.2403616838230076,random_forest,AREQUIPA
2022-03-21,2.145010426895685,2.2297828867807126,random_forest,AREQUIPA
2022-03-28,2.3166112610473397,2.216290452131921,random_forest,AREQUIPA
2022-04-04,2.2522609482404694,2.3026482260279204,random_forest,AREQUIPA
2022-04-11,2.0592100098198576,2.28919685444851,random_forest,AREQUIPA
2022-04-18,2.037759905550901,2.1839502563516713,random_forest,AREQUIPA
2022-04-25,1.994859697012987,2.171263210483703,random_forest,AREQUIPA
2022-05-02,1.9519594884750733,2.156045099487394,random_forest,AREQUIPA
2022-05-09,1.887609175668203,2.0915922411104586,random_forest,AREQUIPA
2022-05-16,2.123560322626728,2.0084966108750075,random_forest,AREQUIPA
2022-05-23,2.3595114695852537,2.120145224050744,random_forest,AREQUIPA
2022-05-30,2.273711052509426,2.317587176299556,random_forest,AREQUIPA
2022-06-06,2.273711052509426,2.334159490601421,random_forest,AREQUIPA
2022-06-13,2.616912720812736,2.3169176394266486,random_forest,AREQUIPA
2022-06-20,3.0244647019229163,2.5802929498635567,random_forest,AREQUIPA
2022-06-27,2.8528638677712608,2.987369746154755,random_forest,AREQUIPA
2022-07-04,2.7456133464264774,2.990154381250286,random_forest,AREQUIPA
2022-07-11,2.6169127208127354,2.875566131431198,random_forest,AREQUIPA
2022-07-18,2.8099636592333472,2.8303478638681994,random_forest,AREQUIPA
2022-07-25,2.4453118866610812,2.8140850290936577,random_forest,AREQUIPA
2022-08-01,2.5525624080058655,2.546636893072646,random_forest,AREQUIPA
2022-08-08,2.445311886661081,2.5484385161799503,random_forest,AREQUIPA
2022-08-15,2.6812630336196066,2.4401275298675658,random_forest,AREQUIPA
2022-08-22,2.2308108439715126,2.479088912225113,random_forest,AREQUIPA
2022-08-29,2.1664605311646423,2.3464955351759413,random_forest,AREQUIPA
2022-09-05,1.9305093842061165,2.2582283431452024,random_forest,AREQUIPA
2022-09-12,2.0592100098198576,2.118710732768784,random_forest,AREQUIPA
2022-09-19,2.145010426895685,2.1712082578329586,random_forest,AREQUIPA
2022-09-26,2.0592100098198576,2.1681138418557677,random_forest,AREQUIPA
2022-10-03,1.9519594884750735,2.1830544858118666,random_forest,AREQUIPA
2022-10-10,1.7589085500544617,2.104609830164416,random_forest,AREQUIPA
2022-10-17,1.9519594884750733,2.0302476278766832,random_forest,AREQUIPA
2022-10-24,1.9519594884750733,2.042662957612759,random_forest,AREQUIPA
2022-10-31,1.9090592799371597,2.061919846336561,random_forest,AREQUIPA
2022-11-07,1.737458445785505,2.058731225125663,random_forest,AREQUIPA
2022-11-14,1.8447089671302892,2.003321242084954,random_forest,AREQUIPA
2022-11-21,1.97340959274403,1.9830840870612072,random_forest,AREQUIPA
2022-11-28,2.1450104268956847,2.0469456233178924,random_forest,AREQUIPA
2022-12-05,2.102110218357771,2.1572259810330863,random_forest,AREQUIPA
2022-12-12,1.994859697012987,2.1296389013350505,random_forest,AREQUIPA
2022-12-19,1.9734095927440303,2.089556784645529,random_forest,AREQUIPA
2022-12-26,2.016309801281944,2.0561425376521316,random_forest,AREQUIPA
2023-01-02,2.0071042607820275,2.088036098145839,random_forest,AREQUIPA
2023-01-09,2.058708440589014,2.045031206330244,random_forest,AREQUIPA
2023-01-16,1.9408361417443265,2.041182057327746,random_forest,AREQUIPA
2023-01-23,1.9408361417443265,1.9685737467253042,random_forest,AREQUIPA
2023-01-30,1.8564519616684863,1.9790155259040618,random_forest,AREQUIPA
2023-02-06,1.6665875564978458,1.9940818365635076,random_forest,AREQUIPA
2023-02-13,1.5822033764220054,1.893178296986431,random_forest,AREQUIPA
2023-02-20,1.518915241365125,1.7587033214825385,random_forest,AREQUIPA
2023-02-27,1.6454915114788855,1.657979795908086,random_forest,AREQUIPA
2023-03-06,1.814259871630566,1.6982779406752953,random_forest,AREQUIPA
2023-03-13,1.6876836015168057,1.7285677217615218,random_forest,AREQUIPA
2023-03-20,1.9408361417443265,1.7116417561456276,random_forest,AREQUIPA
2023-03-27,1.9619321867632866,1.7795758475591696,random_forest,AREQUIPA
2023-04-03,2.447141222199368,1.9847662679750842,random_forest,AREQUIPA
2023-04-10,2.9534463026544095,2.3389079322862614,random_forest,AREQUIPA
2023-04-17,3.6918078783180124,2.5750660130379766,random_forest,AREQUIPA
2023-04-24,4.113728778697214,3.251692494494987,random_forest,AREQUIPA
2023-05-01,3.966056463564494,3.9847606052436384,random_forest,AREQUIPA
2023-05-08,3.839480193450733,4.195111848771123,random_forest,AREQUIPA
2023-05-15,3.4175592930715317,4.226586245831734,random_forest,AREQUIPA
2023-05-22,3.269886977938811,3.9672741780025365,random_forest,AREQUIPA
2023-05-29,3.206598842881931,3.598116941977388,random_forest,AREQUIPA
2023-06-05,3.2487909329198508,3.544966938741741,random_forest,AREQUIPA
2023-06-12,3.501943473147372,3.5308680158776906,random_forest,AREQUIPA
2023-06-19,3.523039518166332,3.584979024882149,random_forest,AREQUIPA
2023-06-26,3.9027683285076136,3.5096932417105062,random_forest,AREQUIPA
2023-07-03,3.9027683285076136,3.7059715792424193,random_forest,AREQUIPA
2023-07-10,3.8605762384696938,3.7939609428331984,random_forest,AREQUIPA
2023-07-17,3.375367203033612,3.7928510922444163,random_forest,AREQUIPA
2023-07-24,3.0589265277492106,3.50482906658286,random_forest,AREQUIPA
2023-07-31,2.9112542126164898,3.236641720468113,random_forest,AREQUIPA
2023-08-07,2.7002937624268895,3.1439706264533447,random_forest,AREQUIPA
2023-08-14,2.7002937624268895,2.823077358701299,random_forest,AREQUIPA
2023-08-21,2.2361807720097677,2.7203084604319216,random_forest,AREQUIPA
2023-08-28,2.1728926369528874,2.5079551138043357,random_forest,AREQUIPA
2023-09-04,2.109604501896007,2.3948703157780082,random_forest,AREQUIPA
2023-09-11,2.257276817028728,2.266136632507788,random_forest,AREQUIPA
2023-09-18,2.6791977174079293,2.1472853901559437,random_forest,AREQUIPA
2023-09-25,2.4471412221993685,2.39270518281172,random_forest,AREQUIPA
2023-10-02,2.257276817028728,2.3796760792862712,random_forest,AREQUIPA
2023-10-09,1.750971736573686,2.255016088476599,random_forest,AREQUIPA
2023-10-16,1.8142598716305665,1.9497725752573194,random_forest,AREQUIPA
2023-10-23,1.8775480066874468,1.8845401622684606,random_forest,AREQUIPA
2023-10-30,2.067412411858087,1.8895420949878177,random_forest,AREQUIPA
2023-11-06,1.8564519616684863,2.001358078192801,random_forest,AREQUIPA
2023-11-13,1.8142598716305665,1.922005170942015,random_forest,AREQUIPA
2023-11-20,1.6665875564978458,1.9415298675918786,random_forest,AREQUIPA
2023-11-27,1.9619321867632866,1.8693703147447212,random_forest,AREQUIPA
2023-12-04,1.8986440517064065,1.9267211936827855,random_forest,AREQUIPA
2011-12-26,2.32578498509799,2.082847054958935,xgboost,AREQUIPA
2012-01-02,2.3340424025734827,2.176656381303385,xgboost,AREQUIPA
2012-01-09,2.0062766931976515,2.236356796849117,xgboost,AREQUIPA
2012-01-16,2.0412829054804362,2.159959800460723,xgboost,AREQUIPA
2012-01-23,2.092314978117447,2.0732122220694555,xgboost,AREQUIPA
2012-01-30,2.3985074139395124,2.373394054650323,xgboost,AREQUIPA
2012-02-06,2.2198951597099748,2.521393434589142,xgboost,AREQUIPA
2012-02-13,2.194379123391469,2.4391029159177355,xgboost,AREQUIPA
2012-02-20,2.577119668169051,2.238694840366794,xgboost,AREQUIPA
2012-02-27,2.857796067672611,2.5170710672400967,xgboost,AREQUIPA
2012-03-05,2.781247958717094,2.6590604317668958,xgboost,AREQUIPA
2012-03-12,2.3219593049839964,2.747352426515669,xgboost,AREQUIPA
2012-03-19,2.3985074139395124,2.3578694855197218,xgboost,AREQUIPA
2012-03-26,2.8322800313541054,2.5777705731216107,xgboost,AREQUIPA
2012-04-02,2.6281517408060613,2.8001197609797406,xgboost,AREQUIPA
2012-04-09,2.5005715592135345,2.8018637949239498,xgboost,AREQUIPA
2012-04-16,1.9392187602064146,2.8547314360562335,xgboost,AREQUIPA
2012-04-23,2.194379123391469,2.300368796648038,xgboost,AREQUIPA
2012-04-30,2.270927232346985,2.3276047325186187,xgboost,AREQUIPA
2012-05-07,2.9598602129466323,2.293444539330759,xgboost,AREQUIPA
2012-05-14,3.674309229864786,2.856358939130229,xgboost,AREQUIPA
2012-05-21,3.699825266183291,2.907061115693559,xgboost,AREQUIPA
2012-05-28,3.4191488666797305,2.5238248160562327,xgboost,AREQUIPA
2012-06-04,2.8322800313541054,2.6558793439607107,xgboost,AREQUIPA
2012-06-11,2.908828140309622,2.787094101289003,xgboost,AREQUIPA
2012-06-18,2.602635704487556,3.113591568386992,xgboost,AREQUIPA
2012-06-25,2.2964432686654908,2.81401944388207,xgboost,AREQUIPA
2012-07-02,2.117831014435953,2.6376637999830383,xgboost,AREQUIPA
2012-07-09,2.7302158860800834,2.3056410929360807,xgboost,AREQUIPA
2012-07-16,2.934344176628127,2.933252853486652,xgboost,AREQUIPA
2012-07-23,3.1384724671761703,3.122542360389855,xgboost,AREQUIPA
2012-07-30,2.628151740806062,3.2526033251770463,xgboost,AREQUIPA
2012-08-06,2.5516036318505457,2.4255354535148976,xgboost,AREQUIPA
2012-08-13,2.449539486576523,2.3520187573519515,xgboost,AREQUIPA
2012-08-20,2.3474753413025016,2.4751835967235882,xgboost,AREQUIPA
2012-08-27,2.3219593049839964,2.315506970441343,xgboost,AREQUIPA
2012-09-03,2.092314978117447,2.305053203034467,xgboost,AREQUIPA
2012-09-10,2.066798941798942,2.3515944177486197,xgboost,AREQUIPA
2012-09-17,1.8881866875694036,2.3111704773477406,xgboost,AREQUIPA
2012-09-24,1.9392187602064144,2.097167667050394,xgboost,AREQUIPA
2012-10-01,1.6585423607028542,2.012444067599801,xgboost,AREQUIPA
2012-10-08,1.5054461427918218,1.856770174579203,xgboost,AREQUIPA
2012-10-15,1.301317852243778,1.6041894923859188,xgboost,AREQUIPA
2012-10-22,1.352349924880789,1.220848548361111,xgboost,AREQUIPA
2012-10-29,1.2758018159252729,1.2704831754763006,xgboost,AREQUIPA
2012-11-05,1.4799301064733161,1.3110432724460284,xgboost,AREQUIPA
2012-11-12,1.5564782154288326,1.4126904407624,xgboost,AREQUIPA
2012-11-19,1.7861225422953817,1.4933906208903067,xgboost,AREQUIPA
2012-11-26,1.96473479652492,1.8110762821988493,xgboost,AREQUIPA
2012-12-03,2.3474753413025016,1.757838805285154,xgboost,AREQUIPA
2012-12-10,2.24541119602848,2.0851907834611767,xgboost,AREQUIPA
2012-12-17,1.862670651250898,1.842013072758474,xgboost,AREQUIPA
2012-12-24,1.5819942517473382,1.6596831313610398,xgboost,AREQUIPA
2012-12-31,1.9902508328434252,1.451014932132618,xgboost,AREQUIPA
2013-01-07,2.1037196749464067,2.0168561050324114,xgboost,AREQUIPA
2013-01-14,2.164980499454915,2.2070461722938814,xgboost,AREQUIPA
2013-01-21,2.019173171021724,2.1395068634325765,xgboost,AREQUIPA
2013-01-28,2.1936696179001447,1.8938757068871812,xgboost,AREQUIPA
2013-02-04,2.1936696179001447,2.0428331384098217,xgboost,AREQUIPA
2013-02-11,2.0191731710217242,1.988378621434042,xgboost,AREQUIPA
2013-02-18,1.7698925326239803,1.9694047198352598,xgboost,AREQUIPA
2013-02-25,1.5455399580660112,2.179905661239269,xgboost,AREQUIPA
2013-03-04,1.4956838303864626,1.7779785108715787,xgboost,AREQUIPA
2013-03-11,1.5704680219057856,1.5029637295772567,xgboost,AREQUIPA
2013-03-18,1.4707557665466882,1.5505400107861087,xgboost,AREQUIPA
2013-03-25,1.4458277027069137,1.5144789764140119,xgboost,AREQUIPA
2013-04-01,1.420899638867139,1.3776372094382117,xgboost,AREQUIPA
2013-04-08,1.6203241495853342,1.3642465491170088,xgboost,AREQUIPA
2013-04-15,1.395971575027365,1.6365591977023037,xgboost,AREQUIPA
2013-04-22,1.346115447347816,1.4517424315203133,xgboost,AREQUIPA
2013-04-29,1.2214751281489442,1.3623065941735257,xgboost,AREQUIPA
2013-05-06,1.5206118942262368,1.366346344635295,xgboost,AREQUIPA
2013-05-13,1.7449644687842063,1.6425331426551228,xgboost,AREQUIPA
2013-05-20,2.143813490220596,1.9190874838147907,xgboost,AREQUIPA
2013-05-27,2.418022192458114,2.165607756404116,xgboost,AREQUIPA
2013-06-03,2.5426625116569856,2.2347938973726396,xgboost,AREQUIPA
2013-06-10,2.79194315005473,2.4344651513021187,xgboost,AREQUIPA
2013-06-17,2.6673028308558577,2.60125510481207,xgboost,AREQUIPA
2013-06-24,2.492806383977437,2.43108050610639,xgboost,AREQUIPA
2013-07-01,2.1438134902205963,2.2826220280116187,xgboost,AREQUIPA
2013-07-08,2.1188854263808214,2.112464075081123,xgboost,AREQUIPA
2013-07-15,1.944388979502401,2.1843226671809965,xgboost,AREQUIPA
2013-07-22,2.143813490220596,1.9847877188402931,xgboost,AREQUIPA
2013-07-29,2.143813490220596,2.1825231086687205,xgboost,AREQUIPA
2013-08-05,2.343238000938791,2.1475438526003776,xgboost,AREQUIPA
2013-08-12,2.5675905754967605,2.3228432055178576,xgboost,AREQUIPA
2013-08-19,2.2933818732592424,2.7216749325368546,xgboost,AREQUIPA
2013-08-26,1.944388979502401,2.304182593093881,xgboost,AREQUIPA
2013-09-02,1.5206118942262368,1.8389801112042887,xgboost,AREQUIPA
2013-09-09,1.6701802772648833,1.4570599132120285,xgboost,AREQUIPA
2013-09-16,2.0939573625410475,1.7350139505164328,xgboost,AREQUIPA
2013-09-23,2.093957362541047,1.9416020238876222,xgboost,AREQUIPA
2013-09-30,2.1687415540603703,1.9700631968006683,xgboost,AREQUIPA
2013-10-07,2.1936696179001447,1.894267972168442,xgboost,AREQUIPA
2013-10-14,2.069029298701273,2.0540524573083685,xgboost,AREQUIPA
2013-10-21,1.9693170433421756,1.921985178150811,xgboost,AREQUIPA
2013-10-28,1.7200364049444314,1.80828857475873,xgboost,AREQUIPA
2013-11-04,1.6951083411046575,1.8850171781059428,xgboost,AREQUIPA
2013-11-11,1.6951083411046575,1.8388173296934396,xgboost,AREQUIPA
2013-11-18,1.6951083411046575,1.850107533835407,xgboost,AREQUIPA
2013-11-25,1.545539958066011,1.6828133391052618,xgboost,AREQUIPA
2013-12-02,1.3710435111875905,1.5840947980445792,xgboost,AREQUIPA
2013-12-09,1.271331255828493,1.3607952605028253,xgboost,AREQUIPA
2013-12-16,1.346115447347816,1.2620095565422202,xgboost,AREQUIPA
2013-12-23,1.2962593196682672,1.1553612502404271,xgboost,AREQUIPA
2013-12-30,1.2962593196682672,1.2646615248406903,xgboost,AREQUIPA
2014-01-06,1.188124785800328,1.2666682808039493,xgboost,AREQUIPA
2014-01-13,1.594495828824886,1.3367774540061526,xgboost,AREQUIPA
2014-01-20,1.9493262884681268,1.6476310506226775,xgboost,AREQUIPA
2014-01-27,2.4122912819793068,1.943073787688633,xgboost,AREQUIPA
2014-02-03,2.168625495920791,2.166659283416153,xgboost,AREQUIPA
2014-02-10,1.6325607665920563,2.120293088869341,xgboost,AREQUIPA
2014-02-17,1.2670620875042824,1.6093925953742445,xgboost,AREQUIPA
2014-02-24,1.1452291944750244,1.7041014944903612,xgboost,AREQUIPA
2014-03-03,1.242695508898431,1.5218944453778596,xgboost,AREQUIPA
2014-03-10,1.2183289302925793,1.4603618440258377,xgboost,AREQUIPA
2014-03-17,1.1695957730808761,1.3369451565028194,xgboost,AREQUIPA
2014-03-24,1.1939623516867277,1.4259015522622647,xgboost,AREQUIPA
2014-03-31,1.169595773080876,1.501423983736173,xgboost,AREQUIPA
2014-04-07,1.3645284019276887,1.48141059213698,xgboost,AREQUIPA
2014-04-14,1.5107278735627983,1.2602957551704421,xgboost,AREQUIPA
2014-04-21,1.413261559139392,1.4307490201111064,xgboost,AREQUIPA
2014-04-28,1.291428666110134,1.5592240834802176,xgboost,AREQUIPA
2014-05-05,1.1695957730808761,1.52959381767476,xgboost,AREQUIPA
2014-05-12,1.2183289302925793,1.422199133579591,xgboost,AREQUIPA
2014-05-19,1.3157952447159857,1.4382461312134787,xgboost,AREQUIPA
2014-05-26,1.3645284019276887,1.4354800217799544,xgboost,AREQUIPA
2014-06-02,1.5107278735627983,1.5193522200290768,xgboost,AREQUIPA
2014-06-09,1.583827609380353,1.6076633426180846,xgboost,AREQUIPA
2014-06-16,1.583827609380353,1.75866839152596,xgboost,AREQUIPA
2014-06-23,1.4376281377452436,1.7427032854984532,xgboost,AREQUIPA
2014-06-30,1.2670620875042824,1.4292072198374894,xgboost,AREQUIPA
2014-07-07,1.3157952447159857,1.2854892317147737,xgboost,AREQUIPA
2014-07-14,1.7300270810154625,1.3755101206666211,xgboost,AREQUIPA
2014-07-21,2.3148249675559005,1.9397696621412983,xgboost,AREQUIPA
2014-07-28,2.7290568038553773,2.2427987928738418,xgboost,AREQUIPA
2014-08-04,2.4122912819793068,2.746958440875921,xgboost,AREQUIPA
2014-08-11,2.655957068037823,2.368980643726711,xgboost,AREQUIPA
2014-08-18,2.5584907536144166,2.3687565506857027,xgboost,AREQUIPA
2014-08-25,3.0701889043373,2.111950234536945,xgboost,AREQUIPA
2014-09-01,2.509757596402713,2.75248248456679,xgboost,AREQUIPA
2014-09-08,2.241725231738346,2.4413388153064175,xgboost,AREQUIPA
2014-09-15,2.1929920745266425,2.110732567232819,xgboost,AREQUIPA
2014-09-22,2.3879247033734554,2.235867634608882,xgboost,AREQUIPA
2014-09-29,2.6803236466436737,2.3809285046010875,xgboost,AREQUIPA
2014-10-06,2.3391915461617523,2.6835022656738525,xgboost,AREQUIPA
2014-10-13,1.9736928670739786,2.1796835314612766,xgboost,AREQUIPA
2014-10-20,1.6812939238037592,1.9543404777084548,xgboost,AREQUIPA
2014-10-27,1.7056605024096108,1.9433221941198697,xgboost,AREQUIPA
2014-11-03,1.754393659621314,1.847877547159925,xgboost,AREQUIPA
2014-11-10,1.583827609380353,1.912203822623377,xgboost,AREQUIPA
2014-11-17,1.5107278735627983,1.520726004401259,xgboost,AREQUIPA
2014-11-24,1.2426955088984308,1.4541244231605122,xgboost,AREQUIPA
2014-12-01,1.53509445216865,1.2785521304025755,xgboost,AREQUIPA
2014-12-08,1.5107278735627983,1.4392799429293153,xgboost,AREQUIPA
2014-12-15,1.9005931312564235,1.4326937053189925,xgboost,AREQUIPA
2014-12-22,1.7300270810154625,1.8664490595934238,xgboost,AREQUIPA
2014-12-29,2.1929920745266425,2.014777039405978,xgboost,AREQUIPA
2015-01-05,2.2017929502078726,2.254215751780705,xgboost,AREQUIPA
2015-01-12,2.2614739766076504,2.081482447183904,xgboost,AREQUIPA
2015-01-19,2.097025060164364,2.0094717341265715,xgboost,AREQUIPA
2015-01-26,1.9540460787895209,2.040612928655423,xgboost,AREQUIPA
2015-02-02,2.0017057392478015,1.9290410511447325,xgboost,AREQUIPA
2015-02-09,1.6442582858106942,2.2124255708849305,xgboost,AREQUIPA
2015-02-16,1.6680881160398346,1.6070157510369918,xgboost,AREQUIPA
2015-02-23,1.4536196439775704,1.7797434963053222,xgboost,AREQUIPA
2015-03-02,1.5251091346649917,1.455412146652898,xgboost,AREQUIPA
2015-03-09,1.4774494742067106,1.5365922286819886,xgboost,AREQUIPA
2015-03-16,1.3821301532901487,1.4084349059515497,xgboost,AREQUIPA
2015-03-23,1.4297898137484297,1.3809283398943994,xgboost,AREQUIPA
2015-03-30,1.3821301532901487,1.4103615954099584,xgboost,AREQUIPA
2015-04-06,1.6919179462689753,1.3139078820317858,xgboost,AREQUIPA
2015-04-13,1.5965986253524134,1.7264935034930975,xgboost,AREQUIPA
2015-04-20,1.5251091346649919,1.6574674957107396,xgboost,AREQUIPA
2015-04-27,1.3344704928318676,1.6080388857523558,xgboost,AREQUIPA
2015-05-04,1.5489389648941323,1.4877505785640022,xgboost,AREQUIPA
2015-05-11,1.4774494742067106,1.6382653111718586,xgboost,AREQUIPA
2015-05-18,1.334470492831868,1.5719009264903672,xgboost,AREQUIPA
2015-05-25,1.1914915114570246,1.518821292207878,xgboost,AREQUIPA
2015-06-01,1.5251091346649917,1.4938770939493322,xgboost,AREQUIPA
2015-06-08,1.6204284555815536,1.6750796766128415,xgboost,AREQUIPA
2015-06-15,1.715747776498116,1.7367757807931037,xgboost,AREQUIPA
2015-06-22,1.8825565881020994,1.8274312938498702,xgboost,AREQUIPA
2015-06-29,2.2400040415392066,2.037662773209272,xgboost,AREQUIPA
2015-07-06,2.38298302291405,2.314611084166867,xgboost,AREQUIPA
2015-07-13,2.1208548903935043,2.3739526732306415,xgboost,AREQUIPA
2015-07-20,2.1446847206226445,2.0717453187117503,xgboost,AREQUIPA
2015-07-27,1.9540460787895206,2.2206162105738843,xgboost,AREQUIPA
2015-08-03,2.097025060164364,2.106119920797895,xgboost,AREQUIPA
2015-08-10,2.025535569476942,2.113159471652167,xgboost,AREQUIPA
2015-08-17,2.001705739247802,2.0589254320006236,xgboost,AREQUIPA
2015-08-24,2.1446847206226445,1.839758613369648,xgboost,AREQUIPA
2015-08-31,1.90638641833124,2.2109381508259167,xgboost,AREQUIPA
2015-09-07,1.8348969276438183,1.848173261314748,xgboost,AREQUIPA
2015-09-14,1.5251091346649917,1.9035785423201577,xgboost,AREQUIPA
2015-09-21,1.6919179462689753,1.596776735690501,xgboost,AREQUIPA
2015-09-28,1.7157477764981157,1.6123976457480609,xgboost,AREQUIPA
2015-10-05,2.073195229935223,1.6494586603151966,xgboost,AREQUIPA
2015-10-12,2.073195229935223,2.0156357430216345,xgboost,AREQUIPA
2015-10-19,2.1446847206226445,1.9247121146698907,xgboost,AREQUIPA
2015-10-26,1.8587267578729587,1.980080451664215,xgboost,AREQUIPA
2015-11-02,1.8348969276438183,1.7888738185131337,xgboost,AREQUIPA
2015-11-09,1.9778759090186613,1.8517504035765315,xgboost,AREQUIPA
2015-11-16,1.9302162485603802,1.9026555509134657,xgboost,AREQUIPA
2015-11-23,2.025535569476942,1.836073109046774,xgboost,AREQUIPA
2015-11-30,1.9540460787895206,1.8776477844369772,xgboost,AREQUIPA
2015-12-07,1.9063864183312396,1.7683409352408552,xgboost,AREQUIPA
2015-12-14,1.5012793044358512,1.812298345714668,xgboost,AREQUIPA
2015-12-21,1.1914915114570246,1.5961080176238374,xgboost,AREQUIPA
2015-12-28,0.6672352464159337,1.6109658081939051,xgboost,AREQUIPA
2016-01-04,0.9636691533760189,1.3748227936947839,xgboost,AREQUIPA
2016-01-11,1.1424947421925638,1.4234231594752567,xgboost,AREQUIPA
2016-01-18,2.005194853644092,1.3156446661544505,xgboost,AREQUIPA
2016-01-25,1.865297538273574,2.0153503200449916,xgboost,AREQUIPA
2016-02-01,2.1684083882430296,1.97522454742287,xgboost,AREQUIPA
2016-02-08,1.981878634415672,2.2260556747586384,xgboost,AREQUIPA
2016-02-15,2.3782543612988065,1.7569052849045053,xgboost,AREQUIPA
2016-02-22,2.4015705805272263,2.120737994219712,xgboost,AREQUIPA
2016-02-29,2.4948354574409053,2.1104121881506224,xgboost,AREQUIPA
2016-03-07,2.471519238212485,2.14103757900044,xgboost,AREQUIPA
2016-03-14,2.2150408266998687,2.3349860241303277,xgboost,AREQUIPA
2016-03-21,1.772032661359895,2.1589899556727508,xgboost,AREQUIPA
2016-03-28,1.562186688304118,2.0490040512493684,xgboost,AREQUIPA
2016-04-04,1.562186688304118,1.6802608212181076,xgboost,AREQUIPA
2016-04-11,1.911929976730413,1.565346025735365,xgboost,AREQUIPA
2016-04-18,1.8419813190451542,1.7980738230299762,xgboost,AREQUIPA
2016-04-25,1.562186688304118,1.8503270267908738,xgboost,AREQUIPA
2016-05-02,1.5155542498472787,1.6403703511276226,xgboost,AREQUIPA
2016-05-09,1.5855029075325378,1.560035275926752,xgboost,AREQUIPA
2016-05-16,2.0751435113293506,1.6260086472655764,xgboost,AREQUIPA
2016-05-23,2.2849894843851275,2.1586009715040113,xgboost,AREQUIPA
2016-05-30,2.494835457440905,2.434781238202887,xgboost,AREQUIPA
2016-06-06,2.5881003343545834,2.49704371339688,xgboost,AREQUIPA
2016-06-13,3.217638253521915,2.623629623670551,xgboost,AREQUIPA
2016-06-20,3.8704923919176655,2.951091409848627,xgboost,AREQUIPA
2016-06-27,4.546662749541835,3.112960009586556,xgboost,AREQUIPA
2016-07-04,4.779824941826033,3.7364690122624755,xgboost,AREQUIPA
2016-07-11,4.8031411610544525,3.7364690122624755,xgboost,AREQUIPA
2016-07-18,4.243551899572381,3.5382302431544885,xgboost,AREQUIPA
2016-07-25,3.7772275150039873,3.415952934335213,xgboost,AREQUIPA
2016-08-01,3.2409544727503348,3.5446894970111327,xgboost,AREQUIPA
2016-08-08,3.427484226577692,3.6748412311850047,xgboost,AREQUIPA
2016-08-15,3.4508004458061117,3.4633370200901497,xgboost,AREQUIPA
2016-08-22,3.3575355688924327,3.394417027988298,xgboost,AREQUIPA
2016-08-29,2.8445787458672,3.3726650394995783,xgboost,AREQUIPA
2016-09-05,2.564784115126164,2.784528438875564,xgboost,AREQUIPA
2016-09-12,2.4015705805272263,2.7646382145045583,xgboost,AREQUIPA
2016-09-19,2.3782543612988065,2.535471210633634,xgboost,AREQUIPA
2016-09-26,2.12177594978619,2.3316259394779784,xgboost,AREQUIPA
2016-10-03,2.1217759497861906,2.11657711196647,xgboost,AREQUIPA
2016-10-10,1.9585624151872525,2.178013885306974,xgboost,AREQUIPA
2016-10-17,1.981878634415672,2.0167503735269867,xgboost,AREQUIPA
2016-10-24,1.8652975382735735,1.8503280461474356,xgboost,AREQUIPA
2016-10-31,1.9585624151872523,1.6960287685880195,xgboost,AREQUIPA
2016-11-07,2.12177594978619,1.8465663858489858,xgboost,AREQUIPA
2016-11-14,2.2849894843851275,1.942846100210249,xgboost,AREQUIPA
2016-11-21,2.284989484385128,2.024130973755501,xgboost,AREQUIPA
2016-11-28,2.14509216901461,2.0563364027947473,xgboost,AREQUIPA
2016-12-05,2.2616732651567077,1.958364814720534,xgboost,AREQUIPA
2016-12-12,2.401570580527226,2.091181900075928,xgboost,AREQUIPA
2016-12-19,2.4482030189840653,2.3206518347791354,xgboost,AREQUIPA
2016-12-26,2.4248867997556456,2.2763250995506628,xgboost,AREQUIPA
2017-01-02,2.2721990932886396,2.228968612492848,xgboost,AREQUIPA
2017-01-09,1.9810898858084023,2.211770408593238,xgboost,AREQUIPA
2017-01-16,1.6889968020899735,2.1324114693474034,xgboost,AREQUIPA
2017-01-23,1.8259424887459172,1.838414984679196,xgboost,AREQUIPA
2017-01-30,2.2139552676044247,1.9825380408459297,xgboost,AREQUIPA
2017-02-06,2.1226581431671288,2.4163581334553434,xgboost,AREQUIPA
2017-02-13,2.054185299839157,2.1167706824730343,xgboost,AREQUIPA
2017-02-20,1.9400638942925372,2.0429140291617967,xgboost,AREQUIPA
2017-02-27,1.9628881754018612,1.9272943309866806,xgboost,AREQUIPA
2017-03-06,1.7118210831992975,1.8891861005398654,xgboost,AREQUIPA
2017-03-13,1.8259424887459172,1.6941871807691853,xgboost,AREQUIPA
2017-03-20,2.1683067053857767,1.7228238613854967,xgboost,AREQUIPA
2017-03-27,2.2824281109323965,1.9614014033657834,xgboost,AREQUIPA
2017-04-03,1.8715910509645648,2.185676991309593,xgboost,AREQUIPA
2017-04-10,1.8259424887459172,1.7491620415166889,xgboost,AREQUIPA
2017-04-17,2.054185299839157,1.7729947109864257,xgboost,AREQUIPA
2017-04-24,2.054185299839157,1.8948466346332558,xgboost,AREQUIPA
2017-05-01,1.917239613183213,1.9489545000139936,xgboost,AREQUIPA
2017-05-08,1.8259424887459172,1.8955831559432543,xgboost,AREQUIPA
2017-05-15,1.9857124565111854,1.8761929666682806,xgboost,AREQUIPA
2017-05-22,2.2139552676044247,2.115147811831913,xgboost,AREQUIPA
2017-05-29,2.4878466409163127,2.225456176787842,xgboost,AREQUIPA
2017-06-05,2.6704408897909038,2.5339125700235985,xgboost,AREQUIPA
2017-06-12,2.487846640916312,2.678663406284153,xgboost,AREQUIPA
2017-06-19,2.1454824242764525,2.5694259692100703,xgboost,AREQUIPA
2017-06-26,1.917239613183213,2.142221784167203,xgboost,AREQUIPA
2017-07-03,2.328076673151044,1.9524635768355691,xgboost,AREQUIPA
2017-07-10,2.6704408897909038,2.3317657429991283,xgboost,AREQUIPA
2017-07-17,2.967156544212115,2.6436873171805417,xgboost,AREQUIPA
2017-07-24,2.921507981993468,2.8288804533744885,xgboost,AREQUIPA
2017-07-31,2.807386576446848,2.8051011452920984,xgboost,AREQUIPA
2017-08-07,2.921507981993468,2.596890023051555,xgboost,AREQUIPA
2017-08-14,3.058453668649411,2.608952566687875,xgboost,AREQUIPA
2017-08-21,3.241047917524003,2.598973223673932,xgboost,AREQUIPA
2017-08-28,2.8758594197748195,3.0490429095190534,xgboost,AREQUIPA
2017-09-04,2.6704408897909038,2.617686703097916,xgboost,AREQUIPA
2017-09-11,2.601968046462932,2.5664358958882705,xgboost,AREQUIPA
2017-09-18,2.556319484244284,2.5459866758130234,xgboost,AREQUIPA
2017-09-25,2.236779548713748,2.577238762800669,xgboost,AREQUIPA
2017-10-02,2.145482424276452,2.036213562177527,xgboost,AREQUIPA
2017-10-09,2.1454824242764525,1.9229017722651436,xgboost,AREQUIPA
2017-10-16,2.1226581431671288,2.0120806688675024,xgboost,AREQUIPA
2017-10-23,2.1226581431671288,2.053751385081989,xgboost,AREQUIPA
2017-10-30,2.1454824242764525,2.0673901278488946,xgboost,AREQUIPA
2017-11-06,2.373725235369692,2.0836303054806202,xgboost,AREQUIPA
2017-11-13,2.1911309864951005,2.3332165507465112,xgboost,AREQUIPA
2017-11-20,2.328076673151044,2.0181748234080668,xgboost,AREQUIPA
2017-11-27,2.1226581431671288,2.208112611307521,xgboost,AREQUIPA
2017-12-04,2.2139552676044243,1.8922906274671234,xgboost,AREQUIPA
2017-12-11,2.2824281109323965,2.0823303876248564,xgboost,AREQUIPA
2017-12-18,2.2367795487137485,2.12040133341222,xgboost,AREQUIPA
2017-12-25,2.41937379758834,2.070582183288054,xgboost,AREQUIPA
2018-01-01,2.1814840714207016,2.318755846711904,xgboost,AREQUIPA
2018-01-08,1.985695155077693,2.0238101417659884,xgboost,AREQUIPA
2018-01-15,1.5165216871933704,1.961448356270128,xgboost,AREQUIPA
2018-01-22,1.5165216871933704,1.653350929268741,xgboost,AREQUIPA
2018-01-29,1.6798394073526566,1.7224580776502176,xgboost,AREQUIPA
2018-02-05,1.9598126419114326,1.7957828954193644,xgboost,AREQUIPA
2018-02-12,1.8898193332717386,1.8889315869800283,xgboost,AREQUIPA
2018-02-19,2.1464614649506166,1.7913760344248815,xgboost,AREQUIPA
2018-02-26,2.029805950551127,1.9825543960178542,xgboost,AREQUIPA
2018-03-05,2.449765802389291,1.8711308525419021,xgboost,AREQUIPA
2018-03-12,2.333110287989801,2.2575672757449676,xgboost,AREQUIPA
2018-03-19,2.473096905269189,2.129384183974959,xgboost,AREQUIPA
2018-03-26,2.0764681563109226,2.2002414075954064,xgboost,AREQUIPA
2018-04-02,2.0531370534310245,1.9207147546777479,xgboost,AREQUIPA
2018-04-09,2.193123670710413,1.9152250015467094,xgboost,AREQUIPA
2018-04-16,2.4964280081490866,2.0237423748687227,xgboost,AREQUIPA
2018-04-23,2.449765802389291,2.2481367116899404,xgboost,AREQUIPA
2018-04-30,2.216454773590311,2.292325793212976,xgboost,AREQUIPA
2018-05-07,1.959812641911433,2.2222752039548856,xgboost,AREQUIPA
2018-05-14,1.8431571275119427,1.9182360951996258,xgboost,AREQUIPA
2018-05-21,1.9598126419114328,2.057766786392344,xgboost,AREQUIPA
2018-05-28,2.519759111028985,2.0538289256349698,xgboost,AREQUIPA
2018-06-04,3.0097122715068436,2.6289130127872213,xgboost,AREQUIPA
2018-06-11,3.2663544031857215,2.856447205191752,xgboost,AREQUIPA
2018-06-18,3.0097122715068436,3.165964544444546,xgboost,AREQUIPA
2018-06-25,2.9163878599872515,2.9006361495899338,xgboost,AREQUIPA
2018-07-02,3.219692197425926,3.066671125412205,xgboost,AREQUIPA
2018-07-09,3.6396520492640896,3.5460560443621745,xgboost,AREQUIPA
2018-07-16,4.409578444300725,3.6187173418474963,xgboost,AREQUIPA
2018-07-23,4.10627410686205,3.754257566713374,xgboost,AREQUIPA
2018-07-30,4.1995985183816416,3.770162225559953,xgboost,AREQUIPA
2018-08-06,3.9896185924625596,3.650026245465805,xgboost,AREQUIPA
2018-08-13,4.036280798222356,3.612250191717362,xgboost,AREQUIPA
2018-08-20,3.966287489582662,3.471315101069293,xgboost,AREQUIPA
2018-08-27,3.3830099175852113,3.6208541407486576,xgboost,AREQUIPA
2018-09-03,3.2663544031857215,2.8266815097544185,xgboost,AREQUIPA
2018-09-10,2.893056757107353,2.8565635172016006,xgboost,AREQUIPA
2018-09-17,3.0797055801465376,2.591920009297167,xgboost,AREQUIPA
2018-09-24,2.706407934068169,2.818018512591383,xgboost,AREQUIPA
2018-10-01,2.3797724937495968,2.5721149202056677,xgboost,AREQUIPA
2018-10-08,2.1231303620707185,2.3362564744556567,xgboost,AREQUIPA
2018-10-15,2.356441390869699,2.140297771001651,xgboost,AREQUIPA
2018-10-22,2.706407934068169,2.2820812696440305,xgboost,AREQUIPA
2018-10-29,2.916387859987251,2.3795653016574883,xgboost,AREQUIPA
2018-11-05,2.8463945513475566,2.655800898142076,xgboost,AREQUIPA
2018-11-12,2.7764012427078626,2.4773604604379744,xgboost,AREQUIPA
2018-11-19,2.356441390869698,2.743771004159332,xgboost,AREQUIPA
2018-11-26,2.4264346995093926,2.4248854130083695,xgboost,AREQUIPA
2018-12-03,2.2397858764702083,2.4054049160020754,xgboost,AREQUIPA
2018-12-10,2.636414625428475,2.1794273054626703,xgboost,AREQUIPA
2018-12-17,2.473096905269189,2.4663926512120042,xgboost,AREQUIPA
2018-12-24,2.3797724937495968,2.2540198516397796,xgboost,AREQUIPA
2018-12-31,2.1697925678305148,2.118415587908626,xgboost,AREQUIPA
2019-01-07,2.266988159778081,2.035789030537137,xgboost,AREQUIPA
2019-01-14,2.546826120142376,2.1441840827068144,xgboost,AREQUIPA
2019-01-21,2.4124277352720145,2.420194246511909,xgboost,AREQUIPA
2019-01-28,2.3441514786133717,2.2516998171877844,xgboost,AREQUIPA
2019-02-04,1.8662176820028786,2.1865665187618024,xgboost,AREQUIPA
2019-02-11,1.5248363987096691,1.8820303969916163,xgboost,AREQUIPA
2019-02-18,1.5475951509292163,1.5715872994590037,xgboost,AREQUIPA
2019-02-25,1.661388912026953,1.6675570325951918,xgboost,AREQUIPA
2019-03-04,1.9117351864419732,1.7591561323852092,xgboost,AREQUIPA
2019-03-11,2.0710464519788045,1.8928930346734938,xgboost,AREQUIPA
2019-03-18,2.1165639564178993,2.13464975663353,xgboost,AREQUIPA
2019-03-25,2.184840213076541,2.1071576140296395,xgboost,AREQUIPA
2019-04-01,1.8889764342224262,2.180756796918355,xgboost,AREQUIPA
2019-04-08,1.9117351864419734,2.009263303535019,xgboost,AREQUIPA
2019-04-15,1.9572526908810681,2.0585115796071407,xgboost,AREQUIPA
2019-04-22,2.0027701953201626,1.987772714387998,xgboost,AREQUIPA
2019-04-29,2.4351864874915616,1.870361885026423,xgboost,AREQUIPA
2019-05-06,2.5034627441502035,2.2811122751283563,xgboost,AREQUIPA
2019-05-13,2.7310502663456773,2.2594492890884728,xgboost,AREQUIPA
2019-05-20,2.5717390008088454,2.488619558233102,xgboost,AREQUIPA
2019-05-27,2.913120284102055,2.6797063804722256,xgboost,AREQUIPA
2019-06-03,3.0951903018584335,3.006085266798402,xgboost,AREQUIPA
2019-06-10,3.391054080712548,3.0380006794252665,xgboost,AREQUIPA
2019-06-17,3.3455365762734535,3.4486590155991808,xgboost,AREQUIPA
2019-06-24,3.846229125103495,3.2324770336859707,xgboost,AREQUIPA
2019-07-01,3.8007116206644,4.040084956284492,xgboost,AREQUIPA
2019-07-08,4.210369160616252,3.8635790280048994,xgboost,AREQUIPA
2019-07-15,4.528991691689915,3.9774449233905598,xgboost,AREQUIPA
2019-07-22,4.870372974983124,3.9570698956674843,xgboost,AREQUIPA
2019-07-29,5.006925488300408,4.107628257118724,xgboost,AREQUIPA
2019-08-05,4.392439178372631,3.8658059074525832,xgboost,AREQUIPA
2019-08-12,4.142092903957611,3.66606611632715,xgboost,AREQUIPA
2019-08-19,3.664159107347117,3.7488300526569316,xgboost,AREQUIPA
2019-08-26,3.3227778240539076,3.3116247162147605,xgboost,AREQUIPA
2019-09-02,3.368295328493002,3.0595113440646524,xgboost,AREQUIPA
2019-09-09,3.3682953284930015,3.0031016123184893,xgboost,AREQUIPA
2019-09-16,3.5276065940298333,2.9489828042557398,xgboost,AREQUIPA
2019-09-23,3.3910540807125487,3.240568162501766,xgboost,AREQUIPA
2019-09-30,3.3682953284930015,3.1750770748557957,xgboost,AREQUIPA
2019-10-07,3.4593303373711906,3.1470510625404176,xgboost,AREQUIPA
2019-10-14,3.1407078062975287,3.1949674235253127,xgboost,AREQUIPA
2019-10-21,2.4807039919306564,3.0513271293585156,xgboost,AREQUIPA
2019-10-28,2.480703991930657,2.6190644157526473,xgboost,AREQUIPA
2019-11-04,2.867602779662961,2.5148467180726324,xgboost,AREQUIPA
2019-11-11,3.6414003551275695,2.6636415893550467,xgboost,AREQUIPA
2019-11-18,3.436571585151644,3.637060923069893,xgboost,AREQUIPA
2019-11-25,2.9813965407606973,3.582866525529105,xgboost,AREQUIPA
2019-12-02,2.5262214963697516,3.233298521742212,xgboost,AREQUIPA
2019-12-09,2.1620814608569945,2.925081268422953,xgboost,AREQUIPA
2019-12-16,2.412427735272015,2.0675086044298134,xgboost,AREQUIPA
2019-12-23,2.3441514786133726,2.343453281531943,xgboost,AREQUIPA
2019-12-30,2.1393227086374473,2.3702395364893203,xgboost,AREQUIPA
2020-01-06,1.4936029849431207,2.158180410381526,xgboost,AREQUIPA
2020-01-13,1.1214867973861264,1.3898455836876054,xgboost,AREQUIPA
2020-01-20,1.135272378555907,1.3328981698010258,xgboost,AREQUIPA
2020-01-27,1.7585591746258167,1.3208747408319457,xgboost,AREQUIPA
2020-02-03,2.1147230580943366,1.7680050034534436,xgboost,AREQUIPA
2020-02-10,2.359585727978944,2.0013715181655027,xgboost,AREQUIPA
2020-02-17,1.8476001454929465,2.2934166641966818,xgboost,AREQUIPA
2020-02-24,1.8921206309265113,1.920349192409465,xgboost,AREQUIPA
2020-03-02,1.9366411163600763,2.040028321870431,xgboost,AREQUIPA
2020-03-09,1.869860388209729,2.0579749310880633,xgboost,AREQUIPA
2020-03-16,1.602737475608339,2.0347722779890716,xgboost,AREQUIPA
2020-03-23,1.3801350484405142,1.786732603283526,xgboost,AREQUIPA
2020-03-30,1.224313349423037,1.5732392528990193,xgboost,AREQUIPA
2020-04-06,0.9349301941048646,1.3293565754047085,xgboost,AREQUIPA
2020-04-13,0.6010265533531272,1.3868024568855006,xgboost,AREQUIPA
2020-04-20,0.4674650970524323,1.5485330194583218,xgboost,AREQUIPA
2020-04-27,0.5342458252027797,1.5889378423221976,xgboost,AREQUIPA
2020-05-04,0.7345880096538221,0.7079443950834424,xgboost,AREQUIPA
2020-05-11,0.9794506795384295,0.8299108312451304,xgboost,AREQUIPA
2020-05-18,0.9794506795384296,0.9712128402750397,xgboost,AREQUIPA
2020-05-25,0.8458892232377345,1.1154352946217356,xgboost,AREQUIPA
2020-06-01,0.8013687378041695,0.9017744985251293,xgboost,AREQUIPA
2020-06-08,1.2688338348566015,1.0110666667164712,xgboost,AREQUIPA
2020-06-15,1.8698603882097284,1.0368844908437045,xgboost,AREQUIPA
2020-06-22,2.2037640289614657,1.6783717336047306,xgboost,AREQUIPA
2020-06-29,2.648968883297116,2.455482090964164,xgboost,AREQUIPA
2020-07-06,3.7619810191362397,2.877950776720069,xgboost,AREQUIPA
2020-07-13,5.075335339426407,3.9631838665977264,xgboost,AREQUIPA
2020-07-20,5.965745048097706,4.597933135307345,xgboost,AREQUIPA
2020-07-27,5.676361892779535,4.926359505443214,xgboost,AREQUIPA
2020-08-03,5.794435189450748,4.895566092626803,xgboost,AREQUIPA
2020-08-10,5.482791791415793,4.551353817589469,xgboost,AREQUIPA
2020-08-17,5.3937508205486635,4.125283246031524,xgboost,AREQUIPA
2020-08-24,5.030814853992841,4.243376249998805,xgboost,AREQUIPA
2020-08-31,5.075335339426407,3.8903526556291204,xgboost,AREQUIPA
2020-09-07,5.253417281160666,3.623655504550501,xgboost,AREQUIPA
2020-09-14,4.5856099996571915,3.672628778134758,xgboost,AREQUIPA
2020-09-21,3.6506798055523273,4.132174245467547,xgboost,AREQUIPA
2020-09-28,2.693489368730681,3.8718531954621342,xgboost,AREQUIPA
2020-10-05,2.3818459706957262,2.98622650030402,xgboost,AREQUIPA
2020-10-12,2.3595857279789434,2.56926640700138,xgboost,AREQUIPA
2020-10-19,2.626708640580333,2.383644459443499,xgboost,AREQUIPA
2020-10-26,3.2722556793670248,2.6671935704674548,xgboost,AREQUIPA
2020-11-02,3.4948581065348505,3.170396765850123,xgboost,AREQUIPA
2020-11-09,3.2945159220838076,3.2053920013244874,xgboost,AREQUIPA
2020-11-16,2.9160917958985055,3.2205134203955756,xgboost,AREQUIPA
2020-11-23,2.7157496114474626,2.845889861692808,xgboost,AREQUIPA
2020-11-30,2.893831553181723,2.7203473003297782,xgboost,AREQUIPA
2020-12-07,3.027393009482418,2.8253788929019628,xgboost,AREQUIPA
2020-12-14,3.2945159220838076,2.7923016208644684,xgboost,AREQUIPA
2020-12-21,3.4948581065348505,2.915156913313279,xgboost,AREQUIPA
2020-12-28,3.249995436650243,3.2316879901367366,xgboost,AREQUIPA
2021-01-04,3.577602918321624,2.8757287340362794,xgboost,AREQUIPA
2021-01-11,3.7292595330197256,3.3207287777045496,xgboost,AREQUIPA
2021-01-18,4.104797219742241,3.433745443758713,xgboost,AREQUIPA
2021-01-25,4.741152257979809,3.603126117386374,xgboost,AREQUIPA
2021-02-01,5.486677435040309,3.887681026123857,xgboost,AREQUIPA
2021-02-08,5.508511462804894,4.921400762498539,xgboost,AREQUIPA
2021-02-15,4.959492535625673,4.867530553720994,xgboost,AREQUIPA
2021-02-22,4.301303469623519,4.810551580597042,xgboost,AREQUIPA
2021-03-01,4.541477775033969,4.183668746030945,xgboost,AREQUIPA
2021-03-08,4.475975691740209,4.621438843766679,xgboost,AREQUIPA
2021-03-15,4.606979858327727,4.389283044395138,xgboost,AREQUIPA
2021-03-22,4.301303469623519,4.153092697893716,xgboost,AREQUIPA
2021-03-29,3.995627080919309,3.927529686909116,xgboost,AREQUIPA
2021-04-05,3.886456942096377,3.8514211088133625,xgboost,AREQUIPA
2021-04-12,3.973793053154722,3.9466108689402555,xgboost,AREQUIPA
2021-04-19,4.192133330800586,4.112363249402078,xgboost,AREQUIPA
2021-04-26,4.585145830563142,4.101159996555409,xgboost,AREQUIPA
2021-05-03,5.352505035388226,4.675045721329613,xgboost,AREQUIPA
2021-05-10,6.054362156919555,5.065676999312606,xgboost,AREQUIPA
2021-05-17,6.032528129154969,4.9317269853554215,xgboost,AREQUIPA
2021-05-24,6.032528129154968,4.811804758867895,xgboost,AREQUIPA
2021-05-31,6.032528129154968,5.628370330169888,xgboost,AREQUIPA
2021-06-07,6.297704695394567,5.4694651818701265,xgboost,AREQUIPA
2021-06-14,6.297704695394567,5.3858782034749835,xgboost,AREQUIPA
2021-06-21,5.90152396256745,5.232670529097116,xgboost,AREQUIPA
2021-06-28,5.265168924329882,5.789104753731529,xgboost,AREQUIPA
2021-07-05,4.41047360844645,5.5114487801859,xgboost,AREQUIPA
2021-07-12,3.7772868032734443,4.396851305585195,xgboost,AREQUIPA
2021-07-19,3.122265970335853,4.024040883080087,xgboost,AREQUIPA
2021-07-26,2.6419173595149528,3.0606226027756063,xgboost,AREQUIPA
2021-08-02,2.161568748694053,2.8687935147982153,xgboost,AREQUIPA
2021-08-09,1.965062498812775,2.5204691941538124,xgboost,AREQUIPA
2021-08-16,2.030564582106534,2.289139255207453,xgboost,AREQUIPA
2021-08-23,2.0523986098711204,2.157132827958965,xgboost,AREQUIPA
2021-08-30,2.096066665400293,2.029371476567461,xgboost,AREQUIPA
2021-09-06,1.7030541656377383,2.0157709149657177,xgboost,AREQUIPA
2021-09-13,1.6593861101085654,1.9280502774054018,xgboost,AREQUIPA
2021-09-20,1.5065479157564605,1.8778632230956345,xgboost,AREQUIPA
2021-09-27,1.5720499990502195,1.7316929781832802,xgboost,AREQUIPA
2021-10-04,1.4847138879918742,1.7558245711398224,xgboost,AREQUIPA
2021-10-11,1.4628798602272877,1.522704331039911,xgboost,AREQUIPA
2021-10-18,1.6375520823439789,1.435318167155842,xgboost,AREQUIPA
2021-10-25,1.6593861101085654,1.452018350372,xgboost,AREQUIPA
2021-11-01,1.8122243044606703,1.4294154397048424,xgboost,AREQUIPA
2021-11-08,1.986896526577361,1.749019484553525,xgboost,AREQUIPA
2021-11-15,2.9475937482191625,2.0963942662559574,xgboost,AREQUIPA
2021-11-22,3.0567638870420946,2.8855262792673915,xgboost,AREQUIPA
2021-11-29,2.6855854150441254,2.943644283339573,xgboost,AREQUIPA
2021-12-06,1.6593861101085654,2.7208365129461156,xgboost,AREQUIPA
2021-12-13,1.5283819435210468,1.5971745506432256,xgboost,AREQUIPA
2021-12-20,1.4410458324627016,1.6681396677783018,xgboost,AREQUIPA
2021-12-27,1.6812201378731517,1.5492513246950084,xgboost,AREQUIPA
2022-01-03,1.649020175726568,1.7450344890048193,xgboost,AREQUIPA
2022-01-10,2.0711116381843735,1.459921496508342,xgboost,AREQUIPA
2022-01-17,1.8876091756682027,1.9161154886346574,xgboost,AREQUIPA
2022-01-24,1.9090592799371595,1.9468923683699288,xgboost,AREQUIPA
2022-01-31,1.7374584457855047,2.1025010785610765,xgboost,AREQUIPA
2022-02-07,2.4024116781231672,1.8817923164222223,xgboost,AREQUIPA
2022-02-14,2.7885135549643905,2.25115950192511,xgboost,AREQUIPA
2022-02-21,2.8099636592333472,2.5476999289274573,xgboost,AREQUIPA
2022-02-28,2.295161156778383,2.5135287837342104,xgboost,AREQUIPA
2022-03-07,1.994859697012987,2.351092232099756,xgboost,AREQUIPA
2022-03-14,2.037759905550901,2.301793337319987,xgboost,AREQUIPA
2022-03-21,2.145010426895685,2.2443462220693293,xgboost,AREQUIPA
2022-03-28,2.3166112610473397,2.1718979603653334,xgboost,AREQUIPA
2022-04-04,2.2522609482404694,2.2666435720119398,xgboost,AREQUIPA
2022-04-11,2.0592100098198576,2.2135616042865984,xgboost,AREQUIPA
2022-04-18,2.037759905550901,2.086083890804166,xgboost,AREQUIPA
2022-04-25,1.994859697012987,2.1643811647142317,xgboost,AREQUIPA
2022-05-02,1.9519594884750733,2.1912914016977783,xgboost,AREQUIPA
2022-05-09,1.887609175668203,2.0800692418890683,xgboost,AREQUIPA
2022-05-16,2.123560322626728,1.9763614960702116,xgboost,AREQUIPA
2022-05-23,2.3595114695852537,2.1062517426872875,xgboost,AREQUIPA
2022-05-30,2.273711052509426,2.3611783043578707,xgboost,AREQUIPA
2022-06-06,2.273711052509426,2.3934061560151303,xgboost,AREQUIPA
2022-06-13,2.616912720812736,2.430927128283605,xgboost,AREQUIPA
2022-06-20,3.0244647019229163,2.7697604790243933,xgboost,AREQUIPA
2022-06-27,2.8528638677712608,3.151836822668257,xgboost,AREQUIPA
2022-07-04,2.7456133464264774,2.968667382824635,xgboost,AREQUIPA
2022-07-11,2.6169127208127354,2.9595965715409247,xgboost,AREQUIPA
2022-07-18,2.8099636592333472,2.908381296800266,xgboost,AREQUIPA
2022-07-25,2.4453118866610812,2.997230074015146,xgboost,AREQUIPA
2022-08-01,2.5525624080058655,2.4196528386341,xgboost,AREQUIPA
2022-08-08,2.445311886661081,2.528248434918808,xgboost,AREQUIPA
2022-08-15,2.6812630336196066,2.4096961355938316,xgboost,AREQUIPA
2022-08-22,2.2308108439715126,2.5296522562855928,xgboost,AREQUIPA
2022-08-29,2.1664605311646423,2.1410050028147003,xgboost,AREQUIPA
2022-09-05,1.9305093842061165,2.221648372706844,xgboost,AREQUIPA
2022-09-12,2.0592100098198576,1.9679328793005142,xgboost,AREQUIPA
2022-09-19,2.145010426895685,2.181782253432903,xgboost,AREQUIPA
2022-09-26,2.0592100098198576,2.1250146987529885,xgboost,AREQUIPA
2022-10-03,1.9519594884750735,2.161669711928013,xgboost,AREQUIPA
2022-10-10,1.7589085500544617,2.0076347417190252,xgboost,AREQUIPA
2022-10-17,1.9519594884750733,2.0419608882382883,xgboost,AREQUIPA
2022-10-24,1.9519594884750733,2.0777983809038396,xgboost,AREQUIPA
2022-10-31,1.9090592799371597,2.085701676901892,xgboost,AREQUIPA
2022-11-07,1.737458445785505,2.086981304648372,xgboost,AREQUIPA
2022-11-14,1.8447089671302892,2.0676885220624746,xgboost,AREQUIPA
2022-11-21,1.97340959274403,2.0275974072436878,xgboost,AREQUIPA
2022-11-28,2.1450104268956847,2.1463647681465807,xgboost,AREQUIPA
2022-12-05,2.102110218357771,2.2595056302873515,xgboost,AREQUIPA
2022-12-12,1.994859697012987,2.2555400356306565,xgboost,AREQUIPA
2022-12-19,1.9734095927440303,2.2386608652840336,xgboost,AREQUIPA
2022-12-26,2.016309801281944,2.101830248729485,xgboost,AREQUIPA
2023-01-02,2.0071042607820275,2.187846552192104,xgboost,AREQUIPA
2023-01-09,2.058708440589014,2.068559004329309,xgboost,AREQUIPA
2023-01-16,1.9408361417443265,1.990037033994665,xgboost,AREQUIPA
2023-01-23,1.9408361417443265,1.875124785516548,xgboost,AREQUIPA
2023-01-30,1.8564519616684863,1.9417615813755713,xgboost,AREQUIPA
2023-02-06,1.6665875564978458,1.9175790222555635,xgboost,AREQUIPA
2023-02-13,1.5822033764220054,1.8593179694165642,xgboost,AREQUIPA
2023-02-20,1.518915241365125,1.6644850382336702,xgboost,AREQUIPA
2023-02-27,1.6454915114788855,1.543771927265237,xgboost,AREQUIPA
2023-03-06,1.814259871630566,1.6111897631654148,xgboost,AREQUIPA
2023-03-13,1.6876836015168057,1.8537809983165836,xgboost,AREQUIPA
2023-03-20,1.9408361417443265,1.7227141535621724,xgboost,AREQUIPA
2023-03-27,1.9619321867632866,1.9465916735266673,xgboost,AREQUIPA
2023-04-03,2.447141222199368,2.054093597656338,xgboost,AREQUIPA
2023-04-10,2.9534463026544095,2.4607480365523187,xgboost,AREQUIPA
2023-04-17,3.6918078783180124,2.727172364917262,xgboost,AREQUIPA
2023-04-24,4.113728778697214,3.2352847794550024,xgboost,AREQUIPA
2023-05-01,3.966056463564494,4.341202430362421,xgboost,AREQUIPA
2023-05-08,3.839480193450733,4.394257279253033,xgboost,AREQUIPA
2023-05-15,3.4175592930715317,4.4908537507499995,xgboost,AREQUIPA
2023-05-22,3.269886977938811,3.801187449669418,xgboost,AREQUIPA
2023-05-29,3.206598842881931,3.362031728307858,xgboost,AREQUIPA
2023-06-05,3.2487909329198508,3.315163417308255,xgboost,AREQUIPA
2023-06-12,3.501943473147372,3.370934791104452,xgboost,AREQUIPA
2023-06-19,3.523039518166332,3.6056131090553483,xgboost,AREQUIPA
2023-06-26,3.9027683285076136,3.56570004890307,xgboost,AREQUIPA
2023-07-03,3.9027683285076136,3.9465059066636776,xgboost,AREQUIPA
2023-07-10,3.8605762384696938,4.173731896580255,xgboost,AREQUIPA
2023-07-17,3.375367203033612,4.191568962378428,xgboost,AREQUIPA
2023-07-24,3.0589265277492106,3.40296469610902,xgboost,AREQUIPA
2023-07-31,2.9112542126164898,3.018093391578118,xgboost,AREQUIPA
2023-08-07,2.7002937624268895,2.9005059539848466,xgboost,AREQUIPA
2023-08-14,2.7002937624268895,2.649682521676519,xgboost,AREQUIPA
2023-08-21,2.2361807720097677,2.7031787949900803,xgboost,AREQUIPA
2023-08-28,2.1728926369528874,2.321771494500825,xgboost,AREQUIPA
2023-09-04,2.109604501896007,2.2349886400629893,xgboost,AREQUIPA
2023-09-11,2.257276817028728,2.2248275734547107,xgboost,AREQUIPA
2023-09-18,2.6791977174079293,2.177408921396892,xgboost,AREQUIPA
2023-09-25,2.4471412221993685,2.5356718317669187,xgboost,AREQUIPA
2023-10-02,2.257276817028728,2.454185592569407,xgboost,AREQUIPA
2023-10-09,1.750971736573686,2.1948298539127884,xgboost,AREQUIPA
2023-10-16,1.8142598716305665,1.8572047539512957,xgboost,AREQUIPA
2023-10-23,1.8775480066874468,1.8176819413133078,xgboost,AREQUIPA
2023-10-30,2.067412411858087,1.8556230800543316,xgboost,AREQUIPA
2023-11-06,1.8564519616684863,2.008221725698126,xgboost,AREQUIPA
2023-11-13,1.8142598716305665,1.7692033908000464,xgboost,AREQUIPA
2023-11-20,1.6665875564978458,1.895832732135424,xgboost,AREQUIPA
2023-11-27,1.9619321867632866,1.865034057093188,xgboost,AREQUIPA
2023-12-04,1.8986440517064065,2.030119467514317,xgboost,AREQUIPA
2011-12-26,1.247697861825599,1.251938139234518,random_forest,CUSCO
2012-01-02,1.0556345103758071,1.184650534397022,random_forest,CUSCO
2012-01-09,0.9175051369746093,1.0036989959106994,random_forest,CUSCO
2012-01-16,0.5898224527176873,0.9698165531364891,random_forest,CUSCO
2012-01-23,0.9115437905636986,0.9455065419273594,random_forest,CUSCO
2012-01-30,1.0455943479995367,0.9676436190991317,random_forest,CUSCO
2012-02-06,1.1260246824610396,1.12963469377235,random_forest,CUSCO
2012-02-13,0.9115437905636986,1.1661897577011853,random_forest,CUSCO
2012-02-20,0.8311134561021959,0.9910795176292909,random_forest,CUSCO
2012-02-27,0.7774932331278607,0.9635229252162439,random_forest,CUSCO
2012-03-05,0.6434426756920226,0.9228204432630677,random_forest,CUSCO
2012-03-12,0.7238730101535253,0.9488170749416109,random_forest,CUSCO
2012-03-19,0.8043033446150282,0.8466824803729592,random_forest,CUSCO
2012-03-26,1.0724044594867044,0.9037621476681087,random_forest,CUSCO
2012-04-02,1.1260246824610396,1.0875949459756453,random_forest,CUSCO
2012-04-09,1.1528347939482073,1.0490367869840849,random_forest,CUSCO
2012-04-16,1.2064550169225423,1.088396610745705,random_forest,CUSCO
2012-04-23,1.1260246824610396,1.0459578274307348,random_forest,CUSCO
2012-04-30,1.0724044594867044,1.0416105086388499,random_forest,CUSCO
2012-05-07,0.9919741250252015,1.0522329707499396,random_forest,CUSCO
2012-05-14,0.9115437905636986,1.0553265894991162,random_forest,CUSCO
2012-05-21,1.0724044594867044,0.9972478183767441,random_forest,CUSCO
2012-05-28,0.8043033446150282,1.1706536551402689,random_forest,CUSCO
2012-06-04,0.8847336790765311,1.0022337908586647,random_forest,CUSCO
2012-06-11,0.9651640135380338,0.9719359010317437,random_forest,CUSCO
2012-06-18,1.0992145709738719,0.9635840849836778,random_forest,CUSCO
2012-06-25,1.2332651284097098,1.1033696360782996,random_forest,CUSCO
2012-07-02,1.4209359088198827,1.1470419874176507,random_forest,CUSCO
2012-07-09,1.7158471351787268,1.2830035587274806,random_forest,CUSCO
2012-07-16,1.849897692614565,1.6947255965956782,random_forest,CUSCO
2012-07-23,1.635416800717224,1.886526725702272,random_forest,CUSCO
2012-07-30,1.554986466255721,1.7765257506245957,random_forest,CUSCO
2012-08-06,1.6086066892300563,1.6718240503493988,random_forest,CUSCO
2012-08-13,1.5281763547685536,1.6676402241326145,random_forest,CUSCO
2012-08-20,1.7694673581530622,1.6116157130486297,random_forest,CUSCO
2012-08-27,1.6890370236915595,1.6929763725094484,random_forest,CUSCO
2012-09-03,1.715847135178727,1.6652967508812582,random_forest,CUSCO
2012-09-10,1.3136954628712127,1.6844697188993218,random_forest,CUSCO
2012-09-17,1.5817965777428888,1.4442859700407713,random_forest,CUSCO
2012-09-24,1.4209359088198832,1.6499353315428227,random_forest,CUSCO
2012-10-01,1.5817965777428888,1.4193923619571016,random_forest,CUSCO
2012-10-08,1.1796449054353748,1.5843623796374593,random_forest,CUSCO
2012-10-15,1.3136954628712127,1.3274981539669157,random_forest,CUSCO
2012-10-22,1.4209359088198832,1.3770104811800241,random_forest,CUSCO
2012-10-29,1.849897692614565,1.4992545925616036,random_forest,CUSCO
2012-11-05,2.037568473024738,1.7475971329353575,random_forest,CUSCO
2012-11-12,1.849897692614565,1.8427415019505669,random_forest,CUSCO
2012-11-19,1.5281763547685536,1.7703533146946286,random_forest,CUSCO
2012-11-26,1.3136954628712127,1.5797076285634273,random_forest,CUSCO
2012-12-03,1.3136954628712127,1.4411939120987673,random_forest,CUSCO
2012-12-10,1.1796449054353746,1.3846938575759575,random_forest,CUSCO
2012-12-17,1.152834793948207,1.2244548135305227,random_forest,CUSCO
2012-12-24,1.152834793948207,1.1954061032212207,random_forest,CUSCO
2012-12-31,1.2064550169225423,1.1138016260221335,random_forest,CUSCO
2013-01-07,1.2554768655722575,1.132942385500788,random_forest,CUSCO
2013-01-14,1.1978713848499183,1.123026643563801,random_forest,CUSCO
2013-01-21,1.4311918727384185,1.1340399426014862,random_forest,CUSCO
2013-01-28,1.537206085533857,1.346870193335862,random_forest,CUSCO
2013-02-04,1.537206085533857,1.3721064268922838,random_forest,CUSCO
2013-02-11,0.9806314683578053,1.378658430797099,random_forest,CUSCO
2013-02-18,1.1926598939486823,1.0912702021359018,random_forest,CUSCO
2013-02-25,1.2721705535452612,1.1564021751112161,random_forest,CUSCO
2013-03-04,1.5107025323349976,1.1714657467327478,random_forest,CUSCO
2013-03-11,1.272170553545261,1.371380077108194,random_forest,CUSCO
2013-03-18,1.1396527875509632,1.2310977700044965,random_forest,CUSCO
2013-03-25,1.1661563407498228,1.2012805206211405,random_forest,CUSCO
2013-04-01,1.272170553545261,1.230466571646682,random_forest,CUSCO
2013-04-08,1.4046883195395592,1.2388804743670898,random_forest,CUSCO
2013-04-15,1.139652787550963,1.2946486271043418,random_forest,CUSCO
2013-04-22,0.9541279151589457,1.2078195397729947,random_forest,CUSCO
2013-04-29,0.8216101491646478,1.1340598833473066,random_forest,CUSCO
2013-05-06,0.9806314683578053,1.0712403794662329,random_forest,CUSCO
2013-05-13,0.9276243619600861,1.0514280969735177,random_forest,CUSCO
2013-05-20,1.272170553545261,1.0173413670040843,random_forest,CUSCO
2013-05-27,1.3251776599429803,1.173852580975658,random_forest,CUSCO
2013-06-03,1.6962274047270147,1.180781333988736,random_forest,CUSCO
2013-06-10,1.6432202983292956,1.6814358419503688,random_forest,CUSCO
2013-06-17,2.01427004311333,1.6537724000262672,random_forest,CUSCO
2013-06-24,1.6432202983292956,1.8377184957879018,random_forest,CUSCO
2013-07-01,1.7757380643235934,1.6243743600821423,random_forest,CUSCO
2013-07-08,1.4046883195395587,1.6962554686683735,random_forest,CUSCO
2013-07-15,1.3781847663406992,1.419408890557352,random_forest,CUSCO
2013-07-22,1.2986741067441205,1.3976759169532949,random_forest,CUSCO
2013-07-29,1.32517765994298,1.3810472408474301,random_forest,CUSCO
2013-08-05,1.537206085533857,1.3789760216187836,random_forest,CUSCO
2013-08-12,1.537206085533857,1.5856474803537357,random_forest,CUSCO
2013-08-19,1.8552487239201723,1.5227044937757854,random_forest,CUSCO
2013-08-26,1.6962274047270147,1.7243393623454637,random_forest,CUSCO
2013-09-02,1.537206085533857,1.580764083223253,random_forest,CUSCO
2013-09-09,1.5372060855338567,1.5568355608967437,random_forest,CUSCO
2013-09-16,1.7492345111247338,1.569117533617027,random_forest,CUSCO
2013-09-23,1.8552487239201723,1.6013799638369222,random_forest,CUSCO
2013-09-30,1.6962274047270143,1.694422271646904,random_forest,CUSCO
2013-10-07,1.510702532334997,1.5763792920182578,random_forest,CUSCO
2013-10-14,1.1661563407498223,1.5492364385448667,random_forest,CUSCO
2013-10-21,1.0071350215566646,1.3829748400089912,random_forest,CUSCO
2013-10-28,0.848113702363507,1.2490130726015125,random_forest,CUSCO
2013-11-04,0.8481137023635071,1.13932260396864,random_forest,CUSCO
2013-11-11,0.8481137023635071,1.1163795636210385,random_forest,CUSCO
2013-11-18,1.0336385747555243,1.0932332618199745,random_forest,CUSCO
2013-11-25,1.245667000346401,1.089071829665855,random_forest,CUSCO
2013-12-02,1.3251776599429799,1.2074576619354351,random_forest,CUSCO
2013-12-09,1.2986741067441203,1.271731723928165,random_forest,CUSCO
2013-12-16,1.2721705535452605,1.2569936019137933,random_forest,CUSCO
2013-12-23,1.2721705535452605,1.2852940836895126,random_forest,CUSCO
2013-12-30,1.0866456811532434,1.251728209467485,random_forest,CUSCO
2014-01-06,1.0818513210457843,1.136498499588949,random_forest,CUSCO
2014-01-13,0.8933299735866053,1.1006381298173666,random_forest,CUSCO
2014-01-20,1.2577874732228835,0.9602654223474181,random_forest,CUSCO
2014-01-27,1.336399190299314,1.1573016157207943,random_forest,CUSCO
2014-02-03,1.2577874732228838,1.2307269239865943,random_forest,CUSCO
2014-02-10,1.0481562276857364,1.2001829530940449,random_forest,CUSCO
2014-02-17,0.9171366992250193,1.0885857074852268,random_forest,CUSCO
2014-02-24,1.0743601333778798,1.0371494594027673,random_forest,CUSCO
2014-03-03,1.100564039070023,1.0884630368348072,random_forest,CUSCO
2014-03-10,0.9957484163014496,1.1115008845739587,random_forest,CUSCO
2014-03-17,0.9433406049171627,1.079034565886699,random_forest,CUSCO
2014-03-24,0.8909327935328758,1.043498688984409,random_forest,CUSCO
2014-03-31,1.0743601333778798,1.0057479784378367,random_forest,CUSCO
2014-04-07,1.0481562276857364,1.046435797927444,random_forest,CUSCO
2014-04-14,1.1267679447621666,1.0091040449300244,random_forest,CUSCO
2014-04-21,0.9433406049171627,1.0661311205756998,random_forest,CUSCO
2014-04-28,1.021952321993593,0.9947203823845348,random_forest,CUSCO
2014-05-05,0.8385249821485891,0.9938889720094612,random_forest,CUSCO
2014-05-12,0.707505453687872,0.9608932125327406,random_forest,CUSCO
2014-05-19,0.5764859252271549,0.9690398794769148,random_forest,CUSCO
2014-05-26,0.5502820195350114,0.9746142320924596,random_forest,CUSCO
2014-06-02,0.6550976423035851,0.9831308095444027,random_forest,CUSCO
2014-06-09,0.7599132650721588,0.8111581957385068,random_forest,CUSCO
2014-06-16,0.6550976423035851,0.8458181423891271,random_forest,CUSCO
2014-06-23,0.9433406049171627,0.8455812948127889,random_forest,CUSCO
2014-06-30,1.0481562276857364,0.9194398149820926,random_forest,CUSCO
2014-07-07,1.336399190299314,1.0099940447644506,random_forest,CUSCO
2014-07-14,1.1529718504543098,1.2231198122320057,random_forest,CUSCO
2014-07-21,1.1005640390700233,1.127098780168573,random_forest,CUSCO
2014-07-28,1.0743601333778798,1.1160162582014594,random_forest,CUSCO
2014-08-04,1.336399190299314,1.1149881905053907,random_forest,CUSCO
2014-08-11,1.6246421529128916,1.2131459973271939,random_forest,CUSCO
2014-08-18,1.8080694927578953,1.5868322843657066,random_forest,CUSCO
2014-08-25,1.6246421529128916,1.7004148488966948,random_forest,CUSCO
2014-09-01,1.4412148130678875,1.6602696501273884,random_forest,CUSCO
2014-09-08,1.3101952846071703,1.6072005360382977,random_forest,CUSCO
2014-09-15,1.4150109073757442,1.4549079317643887,random_forest,CUSCO
2014-09-22,1.3626030959914572,1.4682659535450258,random_forest,CUSCO
2014-09-29,1.4936226244521744,1.4308554829978275,random_forest,CUSCO
2014-10-06,1.2315835675307403,1.515886705464093,random_forest,CUSCO
2014-10-13,1.1529718504543103,1.3391883202811776,random_forest,CUSCO
2014-10-20,0.9957484163014495,1.269296903525405,random_forest,CUSCO
2014-10-27,1.205379661838597,1.1327768068633306,random_forest,CUSCO
2014-11-03,1.2315835675307403,1.2422954860610753,random_forest,CUSCO
2014-11-10,1.336399190299314,1.2539999329755434,random_forest,CUSCO
2014-11-17,1.1529718504543098,1.3473456712985983,random_forest,CUSCO
2014-11-24,1.15297185045431,1.194579727073435,random_forest,CUSCO
2014-12-01,0.8909327935328758,1.1868951537029804,random_forest,CUSCO
2014-12-08,0.8909327935328758,1.1175970743701957,random_forest,CUSCO
2014-12-15,0.9433406049171627,1.0830984958121999,random_forest,CUSCO
2014-12-22,1.0219523219935929,1.0289988672083215,random_forest,CUSCO
2014-12-29,1.283991378915027,1.0517284664440911,random_forest,CUSCO
2015-01-05,1.357037090394983,1.1932163073284232,random_forest,CUSCO
2015-01-12,1.5348984246435124,1.2381967637241749,random_forest,CUSCO
2015-01-19,1.1659931113126982,1.363040669111549,random_forest,CUSCO
2015-01-26,1.0364383211668426,1.1522563998529611,random_forest,CUSCO
2015-02-02,0.803239698904303,1.106677239738474,random_forest,CUSCO
2015-02-09,0.751417782845961,0.9919361024102841,random_forest,CUSCO
2015-02-16,0.5182191605834213,0.9224387796741511,random_forest,CUSCO
2015-02-23,0.6477739507292767,0.9201561635886448,random_forest,CUSCO
2015-03-02,0.8032396989043032,0.9063203546660369,random_forest,CUSCO
2015-03-09,0.8550616149626453,0.9206760687764396,random_forest,CUSCO
2015-03-16,0.6736849087584478,0.8784581191960132,random_forest,CUSCO
2015-03-23,0.6477739507292767,0.8539036686657051,random_forest,CUSCO
2015-03-30,0.6736849087584478,0.8199353009300323,random_forest,CUSCO
2015-04-06,0.9587054470793296,0.815999996747632,random_forest,CUSCO
2015-04-13,1.165993111312698,0.9290272329595683,random_forest,CUSCO
2015-04-20,1.2178150273710404,1.0296396397017755,random_forest,CUSCO
2015-04-27,0.9327944890501585,1.1034467543938553,random_forest,CUSCO
2015-05-04,0.751417782845961,0.9971687292377706,random_forest,CUSCO
2015-05-11,1.114171195254356,0.844186732417113,random_forest,CUSCO
2015-05-18,1.140082153283527,0.9696908885222928,random_forest,CUSCO
2015-05-25,1.2955479014585534,1.0574070887173963,random_forest,CUSCO
2015-06-01,0.9846164051085005,1.2217533682447534,random_forest,CUSCO
2015-06-08,1.3732807755460668,1.0555957872015707,random_forest,CUSCO
2015-06-15,1.5546574817502643,1.3152500217607193,random_forest,CUSCO
2015-06-22,1.9174108941586592,1.407981136611115,random_forest,CUSCO
2015-06-29,1.9692328102170016,1.6682008762327882,random_forest,CUSCO
2015-07-06,1.7101232299252904,1.7151379871962016,random_forest,CUSCO
2015-07-13,1.528746523721093,1.6160848838937716,random_forest,CUSCO
2015-07-20,1.3991917335752377,1.5329325903827486,random_forest,CUSCO
2015-07-27,1.554657481750264,1.4572076859471332,random_forest,CUSCO
2015-08-03,1.3991917335752377,1.5026636708280419,random_forest,CUSCO
2015-08-10,1.3473698175168956,1.475130440974641,random_forest,CUSCO
2015-08-17,1.0364383211668426,1.3992708865396153,random_forest,CUSCO
2015-08-24,1.0623492791960139,1.162035513936543,random_forest,CUSCO
2015-08-31,0.8809725729918162,1.1464961947133903,random_forest,CUSCO
2015-09-07,1.165993111312698,1.07708331716317,random_forest,CUSCO
2015-09-14,1.0623492791960139,1.1824969182324294,random_forest,CUSCO
2015-09-21,1.2437259854002114,1.1594683419878773,random_forest,CUSCO
2015-09-28,1.140082153283527,1.2170371622281584,random_forest,CUSCO
2015-10-05,1.1141711952543558,1.1436237958059814,random_forest,CUSCO
2015-10-12,0.9327944890501584,1.1114523201935889,random_forest,CUSCO
2015-10-19,0.7255068248167897,1.0448126861003246,random_forest,CUSCO
2015-10-26,0.803239698904303,0.9691647087764466,random_forest,CUSCO
2015-11-02,0.803239698904303,0.9415582212496321,random_forest,CUSCO
2015-11-09,0.8550616149626452,0.9245085637042797,random_forest,CUSCO
2015-11-16,1.2437259854002114,0.953149558096077,random_forest,CUSCO
2015-11-23,1.425102691604409,1.146715662982116,random_forest,CUSCO
2015-11-30,1.5028355656919221,1.3144849872242295,random_forest,CUSCO
2015-12-07,1.140082153283527,1.3510908213149457,random_forest,CUSCO
2015-12-14,0.9327944890501584,1.1633127606061608,random_forest,CUSCO
2015-12-21,1.1919040693418692,0.9846538847186841,random_forest,CUSCO
2015-12-28,0.8550616149626453,1.150925772724103,random_forest,CUSCO
2016-01-04,1.1081557381138298,0.9976182297751321,random_forest,CUSCO
2016-01-11,0.9737312921875486,1.1077648480260427,random_forest,CUSCO
2016-01-18,1.4349724305921772,1.024781725028392,random_forest,CUSCO
2016-01-25,1.1787273537007168,1.261695562285925,random_forest,CUSCO
2016-02-01,1.0249803075658406,1.149252908018293,random_forest,CUSCO
2016-02-08,0.7943597383635265,1.0485981290179534,random_forest,CUSCO
2016-02-15,0.8199842460526726,0.9138514359101529,random_forest,CUSCO
2016-02-22,0.7943597383635265,0.8746800700130786,random_forest,CUSCO
2016-02-29,0.8199842460526726,0.8458920196950571,random_forest,CUSCO
2016-03-07,0.9224822768092565,0.8720663682178776,random_forest,CUSCO
2016-03-14,1.2043518613898627,0.9652381934239087,random_forest,CUSCO
2016-03-21,1.281225384457301,1.0850489596121236,random_forest,CUSCO
2016-03-28,1.383723415213885,1.1623227349596046,random_forest,CUSCO
2016-04-04,1.281225384457301,1.254043537861202,random_forest,CUSCO
2016-04-11,1.358098907524739,1.1972525591130598,random_forest,CUSCO
2016-04-18,1.2556008767681548,1.2648674944088856,random_forest,CUSCO
2016-04-25,1.281225384457301,1.1899851136334791,random_forest,CUSCO
2016-05-02,1.2556008767681548,1.2774810334465057,random_forest,CUSCO
2016-05-09,1.281225384457301,1.2507963887789488,random_forest,CUSCO
2016-05-16,1.3324743998355928,1.2792967208928436,random_forest,CUSCO
2016-05-23,1.3068498921464469,1.2718258081203078,random_forest,CUSCO
2016-05-30,1.537470461348761,1.2707253056597652,random_forest,CUSCO
2016-06-06,1.5374704613487609,1.4349767454691786,random_forest,CUSCO
2016-06-13,1.537470461348761,1.4525595943427463,random_forest,CUSCO
2016-06-20,1.2812253844573007,1.4814950592812057,random_forest,CUSCO
2016-06-27,1.588719476727053,1.37438464893057,random_forest,CUSCO
2016-07-04,2.12683413819912,1.5090864770617833,random_forest,CUSCO
2016-07-11,2.434328230468872,1.6363007714965878,random_forest,CUSCO
2016-07-18,2.0755851228208275,1.692150141691477,random_forest,CUSCO
2016-07-25,1.8962135689968054,1.6124520569501282,random_forest,CUSCO
2016-08-01,2.0755851228208275,1.680720701270571,random_forest,CUSCO
2016-08-08,2.3062056920231417,1.689103281340373,random_forest,CUSCO
2016-08-15,2.2293321689557035,1.705307255569172,random_forest,CUSCO
2016-08-22,1.9218380766859517,1.6687279485700066,random_forest,CUSCO
2016-08-29,1.6912175074836373,1.9128435703322377,random_forest,CUSCO
2016-09-05,1.588719476727053,1.8318243915971708,random_forest,CUSCO
2016-09-12,1.6143439844161993,1.783491841903623,random_forest,CUSCO
2016-09-19,1.6399684921053452,1.751595917230852,random_forest,CUSCO
2016-09-26,1.8193400459293674,1.657286340256494,random_forest,CUSCO
2016-10-03,1.716842015172783,1.6690616805577982,random_forest,CUSCO
2016-10-10,1.844964553618513,1.6246191058977593,random_forest,CUSCO
2016-10-17,1.844964553618513,1.5977427089359602,random_forest,CUSCO
2016-10-24,1.716842015172783,1.6969231818319603,random_forest,CUSCO
2016-10-31,1.4605969382813226,1.6896907796548766,random_forest,CUSCO
2016-11-07,1.2043518613898625,1.5464936130503506,random_forest,CUSCO
2016-11-14,1.3837234152138846,1.2560156609155342,random_forest,CUSCO
2016-11-21,1.4349724305921765,1.2976691967195038,random_forest,CUSCO
2016-11-28,1.716842015172783,1.3149497167295217,random_forest,CUSCO
2016-12-05,1.5374704613487609,1.5188913074551103,random_forest,CUSCO
2016-12-12,1.6399684921053448,1.4297972246954644,random_forest,CUSCO
2016-12-19,1.5374704613487609,1.5900818064391145,random_forest,CUSCO
2016-12-26,1.691217507483637,1.5270602043050183,random_forest,CUSCO
2017-01-02,1.76164630769067,1.570895575140035,random_forest,CUSCO
2017-01-09,1.526542453020248,1.5511841140314129,random_forest,CUSCO
2017-01-16,1.4953138384959672,1.5210108901730979,random_forest,CUSCO
2017-01-23,1.39393662910641,1.472457364175154,random_forest,CUSCO
2017-01-30,1.5206581408433564,1.436387380741587,random_forest,CUSCO
2017-02-06,1.622035350232914,1.476506961452729,random_forest,CUSCO
2017-02-13,1.6473796525803028,1.5606938668035535,random_forest,CUSCO
2017-02-20,1.6473796525803028,1.5604828712031389,random_forest,CUSCO
2017-02-27,1.4192809314537993,1.5667006911023393,random_forest,CUSCO
2017-03-06,1.2672151173694637,1.5060057699975438,random_forest,CUSCO
2017-03-13,1.1404936056325172,1.4026827659059269,random_forest,CUSCO
2017-03-20,1.0644606985903493,1.2665257335483675,random_forest,CUSCO
2017-03-27,1.2925594197168528,1.1202267152625283,random_forest,CUSCO
2017-04-03,1.4192809314537993,1.2653037704442034,random_forest,CUSCO
2017-04-10,1.6220353502329135,1.335755195985867,random_forest,CUSCO
2017-04-17,1.4446252338011885,1.464644427560696,random_forest,CUSCO
2017-04-24,1.4446252338011887,1.4330785613713979,random_forest,CUSCO
2017-05-01,1.4192809314537993,1.4296366612417435,random_forest,CUSCO
2017-05-08,1.3432480244116316,1.4397500527482834,random_forest,CUSCO
2017-05-15,1.4192809314537993,1.4221180793404649,random_forest,CUSCO
2017-05-22,1.5206581408433564,1.4521687461790933,random_forest,CUSCO
2017-05-29,1.5460024431907458,1.487240095288265,random_forest,CUSCO
2017-06-05,1.4192809314537993,1.5205429111548847,random_forest,CUSCO
2017-06-12,1.4446252338011885,1.487686329370713,random_forest,CUSCO
2017-06-19,1.6473796525803028,1.5148003870040188,random_forest,CUSCO
2017-06-26,1.850134071359417,1.6333228973535976,random_forest,CUSCO
2017-07-03,2.382364420654592,1.6705705892830172,random_forest,CUSCO
2017-07-10,2.3063315136124243,1.9092152124034933,random_forest,CUSCO
2017-07-17,2.483741630044149,1.9773073718222782,random_forest,CUSCO
2017-07-24,2.1796100018754774,2.0008809358614177,random_forest,CUSCO
2017-07-31,2.1796100018754774,2.1202196382475518,random_forest,CUSCO
2017-08-07,2.0021998854437526,2.1084256508163346,random_forest,CUSCO
2017-08-14,1.6980682572750814,1.984021049922932,random_forest,CUSCO
2017-08-21,1.850134071359417,1.7944385872291597,random_forest,CUSCO
2017-08-28,1.7741011643172493,1.7622309712716275,random_forest,CUSCO
2017-09-04,1.7994454666646387,1.7398545537911563,random_forest,CUSCO
2017-09-11,1.672723954927692,1.724767386005131,random_forest,CUSCO
2017-09-18,1.6473796525803028,1.6957476989620084,random_forest,CUSCO
2017-09-25,1.850134071359417,1.6982255037768026,random_forest,CUSCO
2017-10-02,2.027544187791142,1.7049045159741087,random_forest,CUSCO
2017-10-09,2.0021998854437526,1.7086753812043898,random_forest,CUSCO
2017-10-16,1.7994454666646387,1.7018216755248077,random_forest,CUSCO
2017-10-23,1.7741011643172493,1.747568376959811,random_forest,CUSCO
2017-10-30,1.672723954927692,1.6702599933906097,random_forest,CUSCO
2017-11-06,1.7234125596224708,1.6236786025905945,random_forest,CUSCO
2017-11-13,1.6473796525803028,1.6532388984427395,random_forest,CUSCO
2017-11-20,1.824789769012028,1.659914573942272,random_forest,CUSCO
2017-11-27,2.027544187791142,1.7067946438293304,random_forest,CUSCO
2017-12-04,2.0528884901385314,1.7254814611716054,random_forest,CUSCO
2017-12-11,2.10357709483331,1.746062052237949,random_forest,CUSCO
2017-12-18,1.6980682572750814,1.9417254993630064,random_forest,CUSCO
2017-12-25,1.6473796525803028,1.8419414923308288,random_forest,CUSCO
2018-01-01,1.6446280205631993,1.8339069353994584,random_forest,CUSCO
2018-01-08,2.3497843452251908,1.7935920409880002,random_forest,CUSCO
2018-01-15,2.524239005045953,1.9441073604535937,random_forest,CUSCO
2018-01-22,2.5747237851468725,1.9612640669010506,random_forest,CUSCO
2018-01-29,2.044633594087222,1.970110346014829,random_forest,CUSCO
2018-02-05,1.8931792537844647,1.920456828446015,random_forest,CUSCO
2018-02-12,1.716482523431248,1.9571087575051402,random_forest,CUSCO
2018-02-19,1.4135738428257334,1.9389182351118075,random_forest,CUSCO
2018-02-26,1.3883314527752741,1.7293290281600762,random_forest,CUSCO
2018-03-05,1.3630890627248144,1.6553059709979594,random_forest,CUSCO
2018-03-12,1.766967303532167,1.560864695086055,random_forest,CUSCO
2018-03-19,1.7164825234312477,1.7319975412407196,random_forest,CUSCO
2018-03-26,1.9689064239358434,1.7202467842759763,random_forest,CUSCO
2018-04-02,1.6912401333807885,1.725230658539313,random_forest,CUSCO
2018-04-09,1.9436640338853841,1.6860197543234061,random_forest,CUSCO
2018-04-16,1.8174520836330863,1.7530564978975787,random_forest,CUSCO
2018-04-23,2.0698759841376813,1.7096736905913643,random_forest,CUSCO
2018-04-30,1.7164825234312477,1.9251766809369524,random_forest,CUSCO
2018-05-07,1.489301012977112,1.8543797719754258,random_forest,CUSCO
2018-05-14,1.5145434030275713,1.715635201121301,random_forest,CUSCO
2018-05-21,1.7417249134817074,1.6911307854913393,random_forest,CUSCO
2018-05-28,2.1456031542890597,1.8450487465730663,random_forest,CUSCO
2018-06-04,2.2718151045413575,2.016760790362041,random_forest,CUSCO
2018-06-11,2.9887772096541014,2.1436309841668573,random_forest,CUSCO
2018-06-18,3.1149891599063992,2.0562875912972407,random_forest,CUSCO
2018-06-25,3.518867400713752,2.0761249296392466,random_forest,CUSCO
2018-07-02,3.1048139762065223,2.59351978439633,random_forest,CUSCO
2018-07-09,3.029086806055144,2.4080625626039094,random_forest,CUSCO
2018-07-16,2.70093573539917,2.3270783250539466,random_forest,CUSCO
2018-07-23,2.6756933453487104,2.2397184608667984,random_forest,CUSCO
2018-07-30,2.625208565247791,2.5738670242214043,random_forest,CUSCO
2018-08-06,2.801905295601008,2.505111993273356,random_forest,CUSCO
2018-08-13,2.7766629055505483,2.5033594479870653,random_forest,CUSCO
2018-08-20,2.72617812544963,2.5035797870824195,random_forest,CUSCO
2018-08-27,2.473754224945034,2.6720395959085836,random_forest,CUSCO
2018-09-03,2.0193912040367628,2.6389775319478104,random_forest,CUSCO
2018-09-10,1.9689064239358434,2.3267007380391203,random_forest,CUSCO
2018-09-17,1.7417249134817077,2.1379705067973704,random_forest,CUSCO
2018-09-24,1.9436640338853841,1.8454637005673011,random_forest,CUSCO
2018-10-01,1.8426944736835458,1.8750398223531917,random_forest,CUSCO
2018-10-08,1.665997743330329,1.8634230723809604,random_forest,CUSCO
2018-10-15,1.665997743330329,1.8142212832755402,random_forest,CUSCO
2018-10-22,1.665997743330329,1.8004542279461908,random_forest,CUSCO
2018-10-29,1.8426944736835458,1.7731419281441076,random_forest,CUSCO
2018-11-05,1.9941488139863033,1.8169083964386088,random_forest,CUSCO
2018-11-12,2.1708455443395196,1.8255740046389282,random_forest,CUSCO
2018-11-19,2.347542274692737,2.02787365109985,random_forest,CUSCO
2018-11-26,2.221330324440439,2.126767291311962,random_forest,CUSCO
2018-12-03,1.8679368637340052,2.076916985381233,random_forest,CUSCO
2018-12-10,1.5397857930780312,1.8879199306644276,random_forest,CUSCO
2018-12-17,1.1359075522706787,1.8004521910718996,random_forest,CUSCO
2018-12-24,1.1611499423211384,1.6318428733638057,random_forest,CUSCO
2018-12-31,1.2116347224220574,1.5089098437577706,random_forest,CUSCO
2019-01-07,1.4316865024751626,1.4597887307718471,random_forest,CUSCO
2019-01-14,1.6483610418119896,1.4717975302808568,random_forest,CUSCO
2019-01-21,1.8401684400668323,1.654370669575949,random_forest,CUSCO
2019-01-28,1.9147698633127852,1.7782211711445484,random_forest,CUSCO
2019-02-04,1.8153012989848485,1.786845853793216,random_forest,CUSCO
2019-02-11,1.5914970292469903,1.796145649344894,random_forest,CUSCO
2019-02-18,1.5417627470830222,1.6934682842923796,random_forest,CUSCO
2019-02-25,1.7158327346569113,1.5435910426838984,random_forest,CUSCO
2019-03-04,1.9147698633127854,1.657117133221868,random_forest,CUSCO
2019-03-11,1.8650355811488168,1.7845990318108056,random_forest,CUSCO
2019-03-18,1.6412313114109587,1.7952245337582278,random_forest,CUSCO
2019-03-25,1.4920284649190532,1.7596777728578923,random_forest,CUSCO
2019-04-01,1.59149702924699,1.5905162013353835,random_forest,CUSCO
2019-04-08,1.6909655935749273,1.6754451641114996,random_forest,CUSCO
2019-04-15,1.6163641703289746,1.7427247329975988,random_forest,CUSCO
2019-04-22,1.6163641703289746,1.7012579225781255,random_forest,CUSCO
2019-04-29,1.4920284649190532,1.6928622938669515,random_forest,CUSCO
2019-05-06,1.6163641703289742,1.5695806340244667,random_forest,CUSCO
2019-05-13,1.7655670168208797,1.6375772284787529,random_forest,CUSCO
2019-05-20,1.7904341579028642,1.7202785499770774,random_forest,CUSCO
2019-05-27,1.9396370043947695,1.7522850221658754,random_forest,CUSCO
2019-06-03,1.9147698633127852,1.898276979850556,random_forest,CUSCO
2019-06-10,2.1137069919686593,1.9203694230348012,random_forest,CUSCO
2019-06-17,2.163441274132628,2.056767274515708,random_forest,CUSCO
2019-06-24,2.436979826034454,2.167104229437923,random_forest,CUSCO
2019-07-01,2.7602526601002495,2.2709647241241173,random_forest,CUSCO
2019-07-08,2.735385519018265,2.364262034012035,random_forest,CUSCO
2019-07-15,2.8099869422642176,2.3654483042021783,random_forest,CUSCO
2019-07-22,3.0835254941660444,2.3891133957229833,random_forest,CUSCO
2019-07-29,3.3570640460678707,2.8143098817829006,random_forest,CUSCO
2019-08-05,3.406798328231839,2.7347474897250024,random_forest,CUSCO
2019-08-12,2.8099869422642176,2.701377419374424,random_forest,CUSCO
2019-08-19,2.6110498136083438,2.6397964869211417,random_forest,CUSCO
2019-08-26,2.312644120624533,2.5820419366472516,random_forest,CUSCO
2019-09-02,2.138574133050644,2.427967627855758,random_forest,CUSCO
2019-09-09,2.0142384276407226,2.2871919584798244,random_forest,CUSCO
2019-09-16,1.8650355811488175,2.079628560963745,random_forest,CUSCO
2019-09-23,1.9893712865587385,1.8899703673932529,random_forest,CUSCO
2019-09-30,1.964504145476754,1.8944722637057503,random_forest,CUSCO
2019-10-07,1.9396370043947702,1.8506958724455445,random_forest,CUSCO
2019-10-14,2.039105568722707,1.815581470469067,random_forest,CUSCO
2019-10-21,1.964504145476754,1.8974918311239337,random_forest,CUSCO
2019-10-28,2.0142384276407226,1.883776004390776,random_forest,CUSCO
2019-11-04,1.7655670168208804,1.889284688286972,random_forest,CUSCO
2019-11-11,1.7158327346569118,1.8346324389888993,random_forest,CUSCO
2019-11-18,1.7158327346569118,1.8124519971057882,random_forest,CUSCO
2019-11-25,1.7904341579028644,1.794593335295033,random_forest,CUSCO
2019-12-02,1.8899027222308016,1.8077150390840704,random_forest,CUSCO
2019-12-09,2.063972709804691,1.8249447860409909,random_forest,CUSCO
2019-12-16,2.138574133050644,1.8367199602234874,random_forest,CUSCO
2019-12-23,2.0639727098046907,1.9651658033557082,random_forest,CUSCO
2019-12-30,1.6163641703289748,1.8877352359216668,random_forest,CUSCO
2020-01-06,1.6815258008843887,1.725076269803209,random_forest,CUSCO
2020-01-13,1.7976397513702924,1.747411074154638,random_forest,CUSCO
2020-01-20,2.0632610577897315,1.7416326376228497,random_forest,CUSCO
2020-01-27,1.891322636307254,1.8253775319899548,random_forest,CUSCO
2020-02-03,1.7193842148247764,1.7812511827383115,random_forest,CUSCO
2020-02-10,1.5228831617019447,1.7618413465342153,random_forest,CUSCO
2020-02-17,1.4246326351405287,1.6445960128484582,random_forest,CUSCO
2020-02-24,1.473757898421237,1.5847904803682396,random_forest,CUSCO
2020-03-02,1.793072109745838,1.5967643767189554,random_forest,CUSCO
2020-03-09,1.965010531228316,1.7919397102579537,random_forest,CUSCO
2020-03-16,1.8667600046669,1.8048737362287948,random_forest,CUSCO
2020-03-23,1.5720084249826527,1.8142140057266922,random_forest,CUSCO
2020-03-30,1.2526942136580512,1.6929181450835655,random_forest,CUSCO
2020-04-06,1.1053184238159275,1.4944190958064565,random_forest,CUSCO
2020-04-13,1.0316305288948657,1.3721393256572618,random_forest,CUSCO
2020-04-20,0.9825052656141576,1.3053860734432112,random_forest,CUSCO
2020-04-27,0.884254739052742,1.2425178896173572,random_forest,CUSCO
2020-05-04,0.7614415808509722,1.1049229492959913,random_forest,CUSCO
2020-05-11,0.6140657910088486,1.083534876292705,random_forest,CUSCO
2020-05-18,0.6386284226492025,1.064843063938861,random_forest,CUSCO
2020-05-25,0.6386284226492025,1.0746747753268422,random_forest,CUSCO
2020-06-01,0.7123163175702644,0.8570662718531504,random_forest,CUSCO
2020-06-08,0.6631910542895564,0.8872693064102609,random_forest,CUSCO
2020-06-15,0.6877536859299104,0.8916038333469335,random_forest,CUSCO
2020-06-22,0.6877536859299104,0.9215862862099605,random_forest,CUSCO
2020-06-29,0.9579426339738039,0.7731884237713347,random_forest,CUSCO
2020-07-06,1.1298810554562815,0.8501764854896483,random_forest,CUSCO
2020-07-13,1.5228831617019445,0.9172503567252844,random_forest,CUSCO
2020-07-20,2.1615115843511474,1.1482044791422221,random_forest,CUSCO
2020-07-27,3.0428434395586543,1.7306385456241993,random_forest,CUSCO
2020-08-03,3.7767995049240386,2.1486528557730185,random_forest,CUSCO
2020-08-10,3.948737926406516,2.5320407603023023,random_forest,CUSCO
2020-08-17,3.9487379264065154,2.5774733267295975,random_forest,CUSCO
2020-08-24,3.9487379264065154,2.97395535758099,random_forest,CUSCO
2020-08-31,3.8504873998451004,2.807379642757473,random_forest,CUSCO
2020-09-07,3.5832213356464417,2.7743496243786527,random_forest,CUSCO
2020-09-14,2.947515796842474,2.5952642859097805,random_forest,CUSCO
2020-09-21,2.5545136905968104,2.7762050190314884,random_forest,CUSCO
2020-09-28,2.0878236894300852,2.5628235323729713,random_forest,CUSCO
2020-10-05,1.8913226363072537,2.3063937901503957,random_forest,CUSCO
2020-10-12,1.5228831617019445,2.1106132260619157,random_forest,CUSCO
2020-10-19,1.4000700035001747,1.7759864064126016,random_forest,CUSCO
2020-10-26,1.4000700035001747,1.724507365009111,random_forest,CUSCO
2020-11-02,1.350944740219467,1.7346912240234298,random_forest,CUSCO
2020-11-09,1.3263821085791128,1.6960082445997895,random_forest,CUSCO
2020-11-16,1.301819476938759,1.5190489247119645,random_forest,CUSCO
2020-11-23,1.5228831617019445,1.5305955187795521,random_forest,CUSCO
2020-11-30,1.5720084249826523,1.5784809424873238,random_forest,CUSCO
2020-12-07,1.5474457933422983,1.5782177829393205,random_forest,CUSCO
2020-12-14,1.4000700035001747,1.6171981144773355,random_forest,CUSCO
2020-12-21,1.3755073718598207,1.5582907236540353,random_forest,CUSCO
2020-12-28,1.1790063187369892,1.502533829732936,random_forest,CUSCO
2021-01-04,1.3697442800603732,1.3546360583431118,random_forest,CUSCO
2021-01-11,1.778779642083208,1.3886154625772862,random_forest,CUSCO
2021-01-18,2.287218149027348,1.654887318298647,random_forest,CUSCO
2021-01-25,2.700863984489741,2.1321751324902944,random_forest,CUSCO
2021-02-01,3.1145098199521333,2.43277477688556,random_forest,CUSCO
2021-02-08,3.576819871351278,2.900899619871491,random_forest,CUSCO
2021-02-15,3.902893193053717,3.051069386927029,random_forest,CUSCO
2021-02-22,3.7325684372750847,3.1933859384759002,random_forest,CUSCO
2021-03-01,3.5135794655596997,3.094547612010568,random_forest,CUSCO
2021-03-08,2.9685171721418766,3.146260171769791,random_forest,CUSCO
2021-03-15,2.8955208482367483,2.822027250750117,random_forest,CUSCO
2021-03-22,3.2118382518256374,2.7261078638071825,random_forest,CUSCO
2021-03-29,3.6011519793196545,2.8212492131882607,random_forest,CUSCO
2021-04-05,3.576819871351278,3.043996666067532,random_forest,CUSCO
2021-04-12,3.5865757894648276,2.9254464547831516,random_forest,CUSCO
2021-04-19,3.742324355388634,2.890412724078437,random_forest,CUSCO
2021-04-26,3.9856454350723944,2.920168557904279,random_forest,CUSCO
2021-05-03,3.7325684372750842,3.445718622496081,random_forest,CUSCO
2021-05-10,3.601151979319654,3.417488741647443,random_forest,CUSCO
2021-05-17,3.406495115572646,3.386843100155998,random_forest,CUSCO
2021-05-24,3.6011519793196545,3.376821475553,random_forest,CUSCO
2021-05-31,3.479491439477774,3.514945290642555,random_forest,CUSCO
2021-06-07,3.333498791667518,3.4808084589376866,random_forest,CUSCO
2021-06-14,2.6278676605846125,3.467290127856013,random_forest,CUSCO
2021-06-21,1.9952328534068353,3.054071198738285,random_forest,CUSCO
2021-06-28,1.5085906940393141,2.26234536740864,random_forest,CUSCO
2021-07-05,1.3139338302923058,1.958913890886532,random_forest,CUSCO
2021-07-12,1.0949448585769215,1.8703484943043185,random_forest,CUSCO
2021-07-19,1.1192769665452975,1.7207076441478597,random_forest,CUSCO
2021-07-26,1.1192769665452973,1.3939525123998289,random_forest,CUSCO
2021-08-02,1.0462806426401692,1.4348505146170976,random_forest,CUSCO
2021-08-09,1.0219485346717934,1.3428018059289226,random_forest,CUSCO
2021-08-16,0.9732843187350412,1.2199144396979997,random_forest,CUSCO
2021-08-23,1.240937506387178,1.1020689807867838,random_forest,CUSCO
2021-08-30,1.2652696143555537,1.1578103613450554,random_forest,CUSCO
2021-09-06,1.2652696143555537,1.2918033002319362,random_forest,CUSCO
2021-09-13,1.4355943701341858,1.2938925691393375,random_forest,CUSCO
2021-09-20,1.5572549099760664,1.519335178921868,random_forest,CUSCO
2021-09-27,1.7519117737230747,1.5758201432728343,random_forest,CUSCO
2021-10-04,1.5329228020076904,1.7126157442893901,random_forest,CUSCO
2021-10-11,1.4599264781025623,1.5778417264209836,random_forest,CUSCO
2021-10-18,1.386930154197434,1.5354181425260949,random_forest,CUSCO
2021-10-25,1.4112622621658104,1.5333216994449552,random_forest,CUSCO
2021-11-01,1.2896017223239298,1.5411540814105706,random_forest,CUSCO
2021-11-08,1.338265938260682,1.490529623592205,random_forest,CUSCO
2021-11-15,1.4355943701341862,1.4555886880201183,random_forest,CUSCO
2021-11-22,1.4355943701341862,1.5061972824466077,random_forest,CUSCO
2021-11-29,1.5815870179444425,1.5180347067248885,random_forest,CUSCO
2021-12-06,1.4112622621658104,1.5280882678918082,random_forest,CUSCO
2021-12-13,1.484258586070938,1.4564186840290196,random_forest,CUSCO
2021-12-20,1.240937506387178,1.469066967183119,random_forest,CUSCO
2021-12-27,1.1679411824820496,1.405230021902331,random_forest,CUSCO
2022-01-03,1.2849039448607722,1.3988475635589315,random_forest,CUSCO
2022-01-10,1.6438724092335708,1.4614754194203383,random_forest,CUSCO
2022-01-17,1.9556799464578285,1.6319678906176676,random_forest,CUSCO
2022-01-24,2.2454103088960253,1.846784903574637,random_forest,CUSCO
2022-01-31,2.1488335214166265,2.2604791489312874,random_forest,CUSCO
2022-02-07,2.0522567339372273,2.186019192830473,random_forest,CUSCO
2022-02-14,1.5935169934100823,1.966750747139316,random_forest,CUSCO
2022-02-21,1.448651812190984,1.671146619419035,random_forest,CUSCO
2022-02-28,1.4727960090608336,1.5913937920265284,random_forest,CUSCO
2022-03-07,1.352075024711585,1.5752341665435696,random_forest,CUSCO
2022-03-14,1.1830656466226368,1.5821582256607811,random_forest,CUSCO
2022-03-21,1.0623446622733879,1.4740289492484284,random_forest,CUSCO
2022-03-28,1.4969402059306833,1.3989554885213946,random_forest,CUSCO
2022-04-04,1.5452285996703825,1.3416537179665022,random_forest,CUSCO
2022-04-11,1.8108147652387299,1.5260625424267824,random_forest,CUSCO
2022-04-18,1.5210844028005333,1.6947885372170255,random_forest,CUSCO
2022-04-25,1.4969402059306833,1.5578329823317358,random_forest,CUSCO
2022-05-02,1.0140562685336885,1.5284636808066938,random_forest,CUSCO
2022-05-09,1.3037866309718853,1.322590504487212,random_forest,CUSCO
2022-05-16,1.4969402059306833,1.3372846322077077,random_forest,CUSCO
2022-05-23,1.8108147652387299,1.5797026595383026,random_forest,CUSCO
2022-05-30,1.714237977759331,1.792460960588859,random_forest,CUSCO
2022-06-06,1.7383821746291808,1.876787367914772,random_forest,CUSCO
2022-06-13,1.8349589621085798,1.8975487577897476,random_forest,CUSCO
2022-06-20,1.9073915527181289,1.906794539552358,random_forest,CUSCO
2022-06-27,1.8591031589784297,1.891568332186318,random_forest,CUSCO
2022-07-04,2.124689324546777,1.9109082882872694,random_forest,CUSCO
2022-07-11,2.2454103088960253,2.027778919169122,random_forest,CUSCO
2022-07-18,2.293698702635725,2.206989326307898,random_forest,CUSCO
2022-07-25,2.003968340197528,2.3005569753458106,random_forest,CUSCO
2022-08-01,1.81081476523873,1.9673403038255524,random_forest,CUSCO
2022-08-08,1.81081476523873,1.8561070608099692,random_forest,CUSCO
2022-08-15,1.7625263714990307,1.8395017611686761,random_forest,CUSCO
2022-08-22,1.665949584019632,1.8240231798570525,random_forest,CUSCO
2022-08-29,1.448651812190984,1.8211193809230062,random_forest,CUSCO
2022-09-05,1.6900937808894814,1.5875602494108818,random_forest,CUSCO
2022-09-12,1.6176611902799323,1.7186116240789837,random_forest,CUSCO
2022-09-19,1.714237977759331,1.7025000677974003,random_forest,CUSCO
2022-09-26,1.3279308278417352,1.7640499873173627,random_forest,CUSCO
2022-10-03,1.4727960090608336,1.5571481170103878,random_forest,CUSCO
2022-10-10,1.5935169934100823,1.5209400685123207,random_forest,CUSCO
2022-10-17,1.9073915527181289,1.5928809421068348,random_forest,CUSCO
2022-10-24,1.9315357495879788,1.7436296483322686,random_forest,CUSCO
2022-10-31,1.8349589621085798,1.8228215753006927,random_forest,CUSCO
2022-11-07,1.641805387149782,1.8257676646183334,random_forest,CUSCO
2022-11-14,1.7142379777593313,1.7300668434607873,random_forest,CUSCO
2022-11-21,1.448651812190984,1.761187996945929,random_forest,CUSCO
2022-11-28,1.448651812190984,1.6051936661763082,random_forest,CUSCO
2022-12-05,1.158921449752787,1.5583206522236517,random_forest,CUSCO
2022-12-12,1.255498237232186,1.381167733440622,random_forest,CUSCO
2022-12-19,1.3037866309718857,1.3941499671649924,random_forest,CUSCO
2022-12-26,1.4245076153211345,1.4276712902920985,random_forest,CUSCO
2023-01-02,1.8300348202375554,1.5176501637159725,random_forest,CUSCO
2023-01-09,1.92248168227674,1.7911399123294804,random_forest,CUSCO
2023-01-16,1.7989015187765738,1.8557349373236596,random_forest,CUSCO
2023-01-23,1.439121215021259,1.8314723985023975,random_forest,CUSCO
2023-01-30,1.3431798006865083,1.572318341311347,random_forest,CUSCO
2023-02-06,1.6549893972744478,1.4552654297047236,random_forest,CUSCO
2023-02-13,1.7029601044418232,1.6259832994170187,random_forest,CUSCO
2023-02-20,1.6789747508581356,1.6755006402760497,random_forest,CUSCO
2023-02-27,1.4870919221886343,1.6910871879747704,random_forest,CUSCO
2023-03-06,1.4870919221886343,1.5555606205277264,random_forest,CUSCO
2023-03-13,1.7269454580255108,1.5454190042660458,random_forest,CUSCO
2023-03-20,1.9907843474460751,1.6772810309404207,random_forest,CUSCO
2023-03-27,2.4944767727035155,1.7662670104736133,random_forest,CUSCO
2023-04-03,2.7343303085403927,2.2222521672472677,random_forest,CUSCO
2023-04-10,2.638388894205642,2.6343014473540483,random_forest,CUSCO
2023-04-17,2.782301015707768,2.7059153118919235,random_forest,CUSCO
2023-04-24,2.7343303085403927,2.862729160492307,random_forest,CUSCO
2023-05-01,3.0461399051283315,2.9336637194454482,random_forest,CUSCO
2023-05-08,2.8782424300425187,3.114597456552865,random_forest,CUSCO
2023-05-15,2.5904181870382663,3.0247377308595773,random_forest,CUSCO
2023-05-22,2.230637883282952,2.7177492523637743,random_forest,CUSCO
2023-05-29,2.2546232368666392,2.3263274803868823,random_forest,CUSCO
2023-06-05,2.470491419119828,2.3017420788904555,random_forest,CUSCO
2023-06-12,2.518462126287204,2.3371587091340045,random_forest,CUSCO
2023-06-19,2.446506065536141,2.3148956663157856,random_forest,CUSCO
2023-06-26,2.830271722875143,2.393434863554439,random_forest,CUSCO
2023-07-03,2.7343303085403927,2.5660914095359626,random_forest,CUSCO
2023-07-10,2.3745500047850774,2.6270790907637003,random_forest,CUSCO
2023-07-17,1.8468722259439492,2.4601014045247878,random_forest,CUSCO
2023-07-24,2.206652529699264,2.008305768428616,random_forest,CUSCO
2023-07-31,2.326579297617702,2.043058519384125,random_forest,CUSCO
2023-08-07,2.134696468948201,2.205198782959698,random_forest,CUSCO
2023-08-14,1.6070186901070727,2.0900101402642925,random_forest,CUSCO
2023-08-21,1.7749161651928862,1.7481453211936324,random_forest,CUSCO
2023-08-28,1.8708575795276365,1.7781327508440612,random_forest,CUSCO
2023-09-04,2.1826671761155763,1.8187921509186196,random_forest,CUSCO
2023-09-11,2.1107111153645133,2.03786804502612,random_forest,CUSCO
2023-09-18,2.014769701029763,1.9488362081774429,random_forest,CUSCO
2023-09-25,2.0387550546134503,1.8888017666998866,random_forest,CUSCO
2023-10-02,1.9667989938623875,1.857425441727803,random_forest,CUSCO
2023-10-09,2.1107111153645133,1.8587994397248144,random_forest,CUSCO
2023-10-16,2.0387550546134503,1.9170420318889572,random_forest,CUSCO
2023-10-23,1.9188282866950122,1.8918591117412844,random_forest,CUSCO
2023-10-30,1.8708575795276368,1.886875811555739,random_forest,CUSCO
2023-11-06,1.9907843474460751,1.845518582559059,random_forest,CUSCO
2023-11-13,2.2546232368666392,1.8942523065576693,random_forest,CUSCO
2023-11-20,2.35056465120139,2.030916271003692,random_forest,CUSCO
2023-11-27,2.398535358368765,2.043489771765194,random_forest,CUSCO
2023-12-04,2.2546232368666392,2.1265729413718417,random_forest,CUSCO
2011-12-26,1.247697861825599,1.2151245884886814,xgboost,CUSCO
2012-01-02,1.0556345103758071,1.2226630625423789,xgboost,CUSCO
2012-01-09,0.9175051369746093,0.9838716390384553,xgboost,CUSCO
2012-01-16,0.5898224527176873,0.8566877918080552,xgboost,CUSCO
2012-01-23,0.9115437905636986,0.92623390490927,xgboost,CUSCO
2012-01-30,1.0455943479995367,0.9575371483719141,xgboost,CUSCO
2012-02-06,1.1260246824610396,1.3046498384220002,xgboost,CUSCO
2012-02-13,0.9115437905636986,1.2260829067802241,xgboost,CUSCO
2012-02-20,0.8311134561021959,0.897169611215485,xgboost,CUSCO
2012-02-27,0.7774932331278607,0.8844950353096045,xgboost,CUSCO
2012-03-05,0.6434426756920226,0.8691921673454659,xgboost,CUSCO
2012-03-12,0.7238730101535253,0.9508067226963367,xgboost,CUSCO
2012-03-19,0.8043033446150282,0.784399302461415,xgboost,CUSCO
2012-03-26,1.0724044594867044,0.881797020732416,xgboost,CUSCO
2012-04-02,1.1260246824610396,1.1909218274047133,xgboost,CUSCO
2012-04-09,1.1528347939482073,1.0898723454558508,xgboost,CUSCO
2012-04-16,1.2064550169225423,1.0734880793580153,xgboost,CUSCO
2012-04-23,1.1260246824610396,1.0406565981121534,xgboost,CUSCO
2012-04-30,1.0724044594867044,1.0640098531361266,xgboost,CUSCO
2012-05-07,0.9919741250252015,1.013956142919893,xgboost,CUSCO
2012-05-14,0.9115437905636986,1.0694897399115675,xgboost,CUSCO
2012-05-21,1.0724044594867044,0.9170298629683112,xgboost,CUSCO
2012-05-28,0.8043033446150282,1.3164984968835451,xgboost,CUSCO
2012-06-04,0.8847336790765311,1.077993603325801,xgboost,CUSCO
2012-06-11,0.9651640135380338,0.9884275168935209,xgboost,CUSCO
2012-06-18,1.0992145709738719,1.030272209734302,xgboost,CUSCO
2012-06-25,1.2332651284097098,1.1569445762641,xgboost,CUSCO
2012-07-02,1.4209359088198827,1.2122188935223057,xgboost,CUSCO
2012-07-09,1.7158471351787268,1.3876711397762134,xgboost,CUSCO
2012-07-16,1.849897692614565,1.9017287019487,xgboost,CUSCO
2012-07-23,1.635416800717224,2.2003447953601496,xgboost,CUSCO
2012-07-30,1.554986466255721,1.863556600331287,xgboost,CUSCO
2012-08-06,1.6086066892300563,1.6895694754666315,xgboost,CUSCO
2012-08-13,1.5281763547685536,1.7372952186429202,xgboost,CUSCO
2012-08-20,1.7694673581530622,1.5514542951176988,xgboost,CUSCO
2012-08-27,1.6890370236915595,1.6537305213136808,xgboost,CUSCO
2012-09-03,1.715847135178727,1.57092353574804,xgboost,CUSCO
2012-09-10,1.3136954628712127,1.6036288916303938,xgboost,CUSCO
2012-09-17,1.5817965777428888,1.4060867916596946,xgboost,CUSCO
2012-09-24,1.4209359088198832,1.7342553628216373,xgboost,CUSCO
2012-10-01,1.5817965777428888,1.3649955170068326,xgboost,CUSCO
2012-10-08,1.1796449054353748,1.6653675642972623,xgboost,CUSCO
2012-10-15,1.3136954628712127,1.1975130218195829,xgboost,CUSCO
2012-10-22,1.4209359088198832,1.3248351863633965,xgboost,CUSCO
2012-10-29,1.849897692614565,1.6807527550632415,xgboost,CUSCO
2012-11-05,2.037568473024738,1.9305505479725233,xgboost,CUSCO
2012-11-12,1.849897692614565,1.980120595554496,xgboost,CUSCO
2012-11-19,1.5281763547685536,1.747194753192883,xgboost,CUSCO
2012-11-26,1.3136954628712127,1.532844816311533,xgboost,CUSCO
2012-12-03,1.3136954628712127,1.427996046932201,xgboost,CUSCO
2012-12-10,1.1796449054353746,1.4055272555028198,xgboost,CUSCO
2012-12-17,1.152834793948207,1.1587642656892572,xgboost,CUSCO
2012-12-24,1.152834793948207,1.126798907708163,xgboost,CUSCO
2012-12-31,1.2064550169225423,0.9962169032004046,xgboost,CUSCO
2013-01-07,1.2554768655722575,1.1230782558532606,xgboost,CUSCO
2013-01-14,1.1978713848499183,1.018907434136661,xgboost,CUSCO
2013-01-21,1.4311918727384185,1.0589623086323772,xgboost,CUSCO
2013-01-28,1.537206085533857,1.336037004748384,xgboost,CUSCO
2013-02-04,1.537206085533857,1.3061954698928389,xgboost,CUSCO
2013-02-11,0.9806314683578053,1.2520986804031062,xgboost,CUSCO
2013-02-18,1.1926598939486823,0.8342815076618554,xgboost,CUSCO
2013-02-25,1.2721705535452612,1.2157071890133955,xgboost,CUSCO
2013-03-04,1.5107025323349976,1.1949286963154744,xgboost,CUSCO
2013-03-11,1.272170553545261,1.3182748101231734,xgboost,CUSCO
2013-03-18,1.1396527875509632,1.146531176083163,xgboost,CUSCO
2013-03-25,1.1661563407498228,1.1308105548411829,xgboost,CUSCO
2013-04-01,1.272170553545261,1.2002693000399707,xgboost,CUSCO
2013-04-08,1.4046883195395592,1.2859512200005236,xgboost,CUSCO
2013-04-15,1.139652787550963,1.3132579579782195,xgboost,CUSCO
2013-04-22,0.9541279151589457,1.1733157533309224,xgboost,CUSCO
2013-04-29,0.8216101491646478,1.095721294782448,xgboost,CUSCO
2013-05-06,0.9806314683578053,0.9934389004872959,xgboost,CUSCO
2013-05-13,0.9276243619600861,1.085300172907652,xgboost,CUSCO
2013-05-20,1.272170553545261,0.9696036023688295,xgboost,CUSCO
2013-05-27,1.3251776599429803,1.3185030946339191,xgboost,CUSCO
2013-06-03,1.6962274047270147,1.3051992378685116,xgboost,CUSCO
2013-06-10,1.6432202983292956,1.8416018061662711,xgboost,CUSCO
2013-06-17,2.01427004311333,1.7259848893904888,xgboost,CUSCO
2013-06-24,1.6432202983292956,2.17242132120576,xgboost,CUSCO
2013-07-01,1.7757380643235934,1.6622228755718675,xgboost,CUSCO
2013-07-08,1.4046883195395587,1.7275428807694675,xgboost,CUSCO
2013-07-15,1.3781847663406992,1.3058870303664254,xgboost,CUSCO
2013-07-22,1.2986741067441205,1.3837308102847183,xgboost,CUSCO
2013-07-29,1.32517765994298,1.3365955577621547,xgboost,CUSCO
2013-08-05,1.537206085533857,1.437826452001339,xgboost,CUSCO
2013-08-12,1.537206085533857,1.6500649847251745,xgboost,CUSCO
2013-08-19,1.8552487239201723,1.5507782435685549,xgboost,CUSCO
2013-08-26,1.6962274047270147,1.787080775257536,xgboost,CUSCO
2013-09-02,1.537206085533857,1.5893585329745683,xgboost,CUSCO
2013-09-09,1.5372060855338567,1.516679198738018,xgboost,CUSCO
2013-09-16,1.7492345111247338,1.5285346905114952,xgboost,CUSCO
2013-09-23,1.8552487239201723,1.6490390999864837,xgboost,CUSCO
2013-09-30,1.6962274047270143,1.7220323114577845,xgboost,CUSCO
2013-10-07,1.510702532334997,1.5149995448695304,xgboost,CUSCO
2013-10-14,1.1661563407498223,1.5200854326922202,xgboost,CUSCO
2013-10-21,1.0071350215566646,1.3684248532288679,xgboost,CUSCO
2013-10-28,0.848113702363507,1.2721551328670482,xgboost,CUSCO
2013-11-04,0.8481137023635071,1.0791455548445552,xgboost,CUSCO
2013-11-11,0.8481137023635071,1.069288440542674,xgboost,CUSCO
2013-11-18,1.0336385747555243,1.082544790508273,xgboost,CUSCO
2013-11-25,1.245667000346401,1.122562646273247,xgboost,CUSCO
2013-12-02,1.3251776599429799,1.2672547078267917,xgboost,CUSCO
2013-12-09,1.2986741067441203,1.2728231767445775,xgboost,CUSCO
2013-12-16,1.2721705535452605,1.205696125712265,xgboost,CUSCO
2013-12-23,1.2721705535452605,1.3441794976119454,xgboost,CUSCO
2013-12-30,1.0866456811532434,1.3172636916588085,xgboost,CUSCO
2014-01-06,1.0818513210457843,1.0456167127762823,xgboost,CUSCO
2014-01-13,0.8933299735866053,1.0429081642841886,xgboost,CUSCO
2014-01-20,1.2577874732228835,0.8969747841718472,xgboost,CUSCO
2014-01-27,1.336399190299314,1.2099673690863582,xgboost,CUSCO
2014-02-03,1.2577874732228838,1.2607042756322424,xgboost,CUSCO
2014-02-10,1.0481562276857364,1.1350959836402066,xgboost,CUSCO
2014-02-17,0.9171366992250193,1.0612650332112599,xgboost,CUSCO
2014-02-24,1.0743601333778798,0.954405909428338,xgboost,CUSCO
2014-03-03,1.100564039070023,1.0656260442800005,xgboost,CUSCO
2014-03-10,0.9957484163014496,1.0667361543233522,xgboost,CUSCO
2014-03-17,0.9433406049171627,1.069445087258607,xgboost,CUSCO
2014-03-24,0.8909327935328758,1.0182548357567758,xgboost,CUSCO
2014-03-31,1.0743601333778798,0.9207679893517536,xgboost,CUSCO
2014-04-07,1.0481562276857364,1.0350190652246698,xgboost,CUSCO
2014-04-14,1.1267679447621666,0.9474935478421922,xgboost,CUSCO
2014-04-21,0.9433406049171627,1.0541080579640023,xgboost,CUSCO
2014-04-28,1.021952321993593,0.8869318079715416,xgboost,CUSCO
2014-05-05,0.8385249821485891,0.9367963453679673,xgboost,CUSCO
2014-05-12,0.707505453687872,0.9297297840599927,xgboost,CUSCO
2014-05-19,0.5764859252271549,0.8799977639339313,xgboost,CUSCO
2014-05-26,0.5502820195350114,0.9421900218365397,xgboost,CUSCO
2014-06-02,0.6550976423035851,0.9518175491286825,xgboost,CUSCO
2014-06-09,0.7599132650721588,0.7187709407642361,xgboost,CUSCO
2014-06-16,0.6550976423035851,0.7509942395702243,xgboost,CUSCO
2014-06-23,0.9433406049171627,0.715928961906272,xgboost,CUSCO
2014-06-30,1.0481562276857364,0.8947920096489763,xgboost,CUSCO
2014-07-07,1.336399190299314,1.1044504771741146,xgboost,CUSCO
2014-07-14,1.1529718504543098,1.3378951870640263,xgboost,CUSCO
2014-07-21,1.1005640390700233,1.0003741175465406,xgboost,CUSCO
2014-07-28,1.0743601333778798,1.142349974751579,xgboost,CUSCO
2014-08-04,1.336399190299314,1.1463387580926965,xgboost,CUSCO
2014-08-11,1.6246421529128916,1.27819999634645,xgboost,CUSCO
2014-08-18,1.8080694927578953,1.6731352875237038,xgboost,CUSCO
2014-08-25,1.6246421529128916,1.718215400159391,xgboost,CUSCO
2014-09-01,1.4412148130678875,1.773191074575906,xgboost,CUSCO
2014-09-08,1.3101952846071703,1.663713464560657,xgboost,CUSCO
2014-09-15,1.4150109073757442,1.4992293521507998,xgboost,CUSCO
2014-09-22,1.3626030959914572,1.4362013128658435,xgboost,CUSCO
2014-09-29,1.4936226244521744,1.432728650532422,xgboost,CUSCO
2014-10-06,1.2315835675307403,1.5478773325026307,xgboost,CUSCO
2014-10-13,1.1529718504543103,1.2564932701143914,xgboost,CUSCO
2014-10-20,0.9957484163014495,1.2953723314079528,xgboost,CUSCO
2014-10-27,1.205379661838597,1.175836113341205,xgboost,CUSCO
2014-11-03,1.2315835675307403,1.3025325995370682,xgboost,CUSCO
2014-11-10,1.336399190299314,1.2922314347045971,xgboost,CUSCO
2014-11-17,1.1529718504543098,1.3966472070660452,xgboost,CUSCO
2014-11-24,1.15297185045431,1.079163028587227,xgboost,CUSCO
2014-12-01,0.8909327935328758,1.118712507915669,xgboost,CUSCO
2014-12-08,0.8909327935328758,1.0977884030793452,xgboost,CUSCO
2014-12-15,0.9433406049171627,1.0342232726485738,xgboost,CUSCO
2014-12-22,1.0219523219935929,0.9846153215933066,xgboost,CUSCO
2014-12-29,1.283991378915027,0.9958394033034377,xgboost,CUSCO
2015-01-05,1.357037090394983,1.2351848054890768,xgboost,CUSCO
2015-01-12,1.5348984246435124,1.2319800552468518,xgboost,CUSCO
2015-01-19,1.1659931113126982,1.478530658883042,xgboost,CUSCO
2015-01-26,1.0364383211668426,1.0952201968295987,xgboost,CUSCO
2015-02-02,0.803239698904303,1.1722242668018257,xgboost,CUSCO
2015-02-09,0.751417782845961,0.9568470011988399,xgboost,CUSCO
2015-02-16,0.5182191605834213,0.7870900717254165,xgboost,CUSCO
2015-02-23,0.6477739507292767,0.8235430173446356,xgboost,CUSCO
2015-03-02,0.8032396989043032,0.7929696578899588,xgboost,CUSCO
2015-03-09,0.8550616149626453,0.8483130704951939,xgboost,CUSCO
2015-03-16,0.6736849087584478,0.9270611916727373,xgboost,CUSCO
2015-03-23,0.6477739507292767,0.8274047841313464,xgboost,CUSCO
2015-03-30,0.6736849087584478,0.8098874108226378,xgboost,CUSCO
2015-04-06,0.9587054470793296,0.7809965268944636,xgboost,CUSCO
2015-04-13,1.165993111312698,1.0288094398330905,xgboost,CUSCO
2015-04-20,1.2178150273710404,1.0420161736181537,xgboost,CUSCO
2015-04-27,0.9327944890501585,1.1074300356138012,xgboost,CUSCO
2015-05-04,0.751417782845961,0.9563915860508732,xgboost,CUSCO
2015-05-11,1.114171195254356,0.6624460674896592,xgboost,CUSCO
2015-05-18,1.140082153283527,0.9969963992383275,xgboost,CUSCO
2015-05-25,1.2955479014585534,1.0947916358407082,xgboost,CUSCO
2015-06-01,0.9846164051085005,1.2976659462419962,xgboost,CUSCO
2015-06-08,1.3732807755460668,0.9634918801828539,xgboost,CUSCO
2015-06-15,1.5546574817502643,1.5247359769672926,xgboost,CUSCO
2015-06-22,1.9174108941586592,1.5268725777100185,xgboost,CUSCO
2015-06-29,1.9692328102170016,1.6884850310541037,xgboost,CUSCO
2015-07-06,1.7101232299252904,1.782570203818936,xgboost,CUSCO
2015-07-13,1.528746523721093,1.616865385690997,xgboost,CUSCO
2015-07-20,1.3991917335752377,1.462208260750553,xgboost,CUSCO
2015-07-27,1.554657481750264,1.418271586038598,xgboost,CUSCO
2015-08-03,1.3991917335752377,1.5852904552452538,xgboost,CUSCO
2015-08-10,1.3473698175168956,1.4674760803475235,xgboost,CUSCO
2015-08-17,1.0364383211668426,1.3441360438549768,xgboost,CUSCO
2015-08-24,1.0623492791960139,1.0292410722989054,xgboost,CUSCO
2015-08-31,0.8809725729918162,1.1419987173312325,xgboost,CUSCO
2015-09-07,1.165993111312698,0.9780036471738877,xgboost,CUSCO
2015-09-14,1.0623492791960139,1.1776669378932179,xgboost,CUSCO
2015-09-21,1.2437259854002114,1.0920753361183604,xgboost,CUSCO
2015-09-28,1.140082153283527,1.3051345231029248,xgboost,CUSCO
2015-10-05,1.1141711952543558,1.1139043625161953,xgboost,CUSCO
2015-10-12,0.9327944890501584,0.9980640288738429,xgboost,CUSCO
2015-10-19,0.7255068248167897,0.9440164712272877,xgboost,CUSCO
2015-10-26,0.803239698904303,0.8140971559587629,xgboost,CUSCO
2015-11-02,0.803239698904303,0.8260977543297179,xgboost,CUSCO
2015-11-09,0.8550616149626452,0.8403558445591321,xgboost,CUSCO
2015-11-16,1.2437259854002114,0.9773484774810204,xgboost,CUSCO
2015-11-23,1.425102691604409,1.2680869107987414,xgboost,CUSCO
2015-11-30,1.5028355656919221,1.4288936205369371,xgboost,CUSCO
2015-12-07,1.140082153283527,1.4015342691813424,xgboost,CUSCO
2015-12-14,0.9327944890501584,1.1349521828324238,xgboost,CUSCO
2015-12-21,1.1919040693418692,0.8572939043951452,xgboost,CUSCO
2015-12-28,0.8550616149626453,1.1211136633910341,xgboost,CUSCO
2016-01-04,1.1081557381138298,0.8628797431856454,xgboost,CUSCO
2016-01-11,0.9737312921875486,1.1338889937736651,xgboost,CUSCO
2016-01-18,1.4349724305921772,1.0635336799454829,xgboost,CUSCO
2016-01-25,1.1787273537007168,1.3000749536531209,xgboost,CUSCO
2016-02-01,1.0249803075658406,1.0929392934020619,xgboost,CUSCO
2016-02-08,0.7943597383635265,1.0070482456279728,xgboost,CUSCO
2016-02-15,0.8199842460526726,0.8676478480274361,xgboost,CUSCO
2016-02-22,0.7943597383635265,0.7715225812096363,xgboost,CUSCO
2016-02-29,0.8199842460526726,0.729453544030668,xgboost,CUSCO
2016-03-07,0.9224822768092565,0.8546090766609157,xgboost,CUSCO
2016-03-14,1.2043518613898627,1.0879448271161123,xgboost,CUSCO
2016-03-21,1.281225384457301,1.187960241450333,xgboost,CUSCO
2016-03-28,1.383723415213885,1.2323250452351344,xgboost,CUSCO
2016-04-04,1.281225384457301,1.2738173435051838,xgboost,CUSCO
2016-04-11,1.358098907524739,1.2778685538916499,xgboost,CUSCO
2016-04-18,1.2556008767681548,1.288186184871482,xgboost,CUSCO
2016-04-25,1.281225384457301,1.2110419738208573,xgboost,CUSCO
2016-05-02,1.2556008767681548,1.3707062561414922,xgboost,CUSCO
2016-05-09,1.281225384457301,1.3191531100175098,xgboost,CUSCO
2016-05-16,1.3324743998355928,1.3841602190332152,xgboost,CUSCO
2016-05-23,1.3068498921464469,1.3283531138404474,xgboost,CUSCO
2016-05-30,1.537470461348761,1.3310493778714731,xgboost,CUSCO
2016-06-06,1.5374704613487609,1.5085768073877566,xgboost,CUSCO
2016-06-13,1.537470461348761,1.521645232731986,xgboost,CUSCO
2016-06-20,1.2812253844573007,1.5049832102339258,xgboost,CUSCO
2016-06-27,1.588719476727053,1.3625286532201415,xgboost,CUSCO
2016-07-04,2.12683413819912,1.5916588786435488,xgboost,CUSCO
2016-07-11,2.434328230468872,1.7923761511986278,xgboost,CUSCO
2016-07-18,2.0755851228208275,1.6639073294124467,xgboost,CUSCO
2016-07-25,1.8962135689968054,1.6527063798546544,xgboost,CUSCO
2016-08-01,2.0755851228208275,1.6883968970913468,xgboost,CUSCO
2016-08-08,2.3062056920231417,1.6902645127186116,xgboost,CUSCO
2016-08-15,2.2293321689557035,1.6997812149315357,xgboost,CUSCO
2016-08-22,1.9218380766859517,1.704015910852945,xgboost,CUSCO
2016-08-29,1.6912175074836373,1.863687345171834,xgboost,CUSCO
2016-09-05,1.588719476727053,1.6788885491324506,xgboost,CUSCO
2016-09-12,1.6143439844161993,1.6223101276420562,xgboost,CUSCO
2016-09-19,1.6399684921053452,1.6298147385183355,xgboost,CUSCO
2016-09-26,1.8193400459293674,1.6740313574605543,xgboost,CUSCO
2016-10-03,1.716842015172783,1.648521412759175,xgboost,CUSCO
2016-10-10,1.844964553618513,1.5288284460649226,xgboost,CUSCO
2016-10-17,1.844964553618513,1.5432378238929172,xgboost,CUSCO
2016-10-24,1.716842015172783,1.8548861727829602,xgboost,CUSCO
2016-10-31,1.4605969382813226,1.829679002602726,xgboost,CUSCO
2016-11-07,1.2043518613898625,1.4903403272747848,xgboost,CUSCO
2016-11-14,1.3837234152138846,1.2633267881624857,xgboost,CUSCO
2016-11-21,1.4349724305921765,1.3344082021033312,xgboost,CUSCO
2016-11-28,1.716842015172783,1.2662952894688768,xgboost,CUSCO
2016-12-05,1.5374704613487609,1.4876378871844156,xgboost,CUSCO
2016-12-12,1.6399684921053448,1.3476287440439654,xgboost,CUSCO
2016-12-19,1.5374704613487609,1.717345825242759,xgboost,CUSCO
2016-12-26,1.691217507483637,1.6380676517231378,xgboost,CUSCO
2017-01-02,1.76164630769067,1.7124071031783887,xgboost,CUSCO
2017-01-09,1.526542453020248,1.5913204462217263,xgboost,CUSCO
2017-01-16,1.4953138384959672,1.525427253743302,xgboost,CUSCO
2017-01-23,1.39393662910641,1.4134327457303122,xgboost,CUSCO
2017-01-30,1.5206581408433564,1.4216928657584034,xgboost,CUSCO
2017-02-06,1.622035350232914,1.4034511405884658,xgboost,CUSCO
2017-02-13,1.6473796525803028,1.5746906085708787,xgboost,CUSCO
2017-02-20,1.6473796525803028,1.479611405846278,xgboost,CUSCO
2017-02-27,1.4192809314537993,1.6219344048810624,xgboost,CUSCO
2017-03-06,1.2672151173694637,1.487261890779145,xgboost,CUSCO
2017-03-13,1.1404936056325172,1.3300971293320742,xgboost,CUSCO
2017-03-20,1.0644606985903493,1.2147217963543098,xgboost,CUSCO
2017-03-27,1.2925594197168528,1.051455272597758,xgboost,CUSCO
2017-04-03,1.4192809314537993,1.2657956772442396,xgboost,CUSCO
2017-04-10,1.6220353502329135,1.3895047349647556,xgboost,CUSCO
2017-04-17,1.4446252338011885,1.466084426661944,xgboost,CUSCO
2017-04-24,1.4446252338011887,1.3265032090112623,xgboost,CUSCO
2017-05-01,1.4192809314537993,1.4189122300153119,xgboost,CUSCO
2017-05-08,1.3432480244116316,1.4227315001884135,xgboost,CUSCO
2017-05-15,1.4192809314537993,1.434442451683819,xgboost,CUSCO
2017-05-22,1.5206581408433564,1.5550097807514747,xgboost,CUSCO
2017-05-29,1.5460024431907458,1.5560758839729092,xgboost,CUSCO
2017-06-05,1.4192809314537993,1.5461070462570057,xgboost,CUSCO
2017-06-12,1.4446252338011885,1.4959349149449168,xgboost,CUSCO
2017-06-19,1.6473796525803028,1.6033891366302802,xgboost,CUSCO
2017-06-26,1.850134071359417,1.8526782920756208,xgboost,CUSCO
2017-07-03,2.382364420654592,1.7352444698529492,xgboost,CUSCO
2017-07-10,2.3063315136124243,1.8688532951410917,xgboost,CUSCO
2017-07-17,2.483741630044149,1.8868959413305468,xgboost,CUSCO
2017-07-24,2.1796100018754774,1.8437292453478058,xgboost,CUSCO
2017-07-31,2.1796100018754774,2.1965685417593463,xgboost,CUSCO
2017-08-07,2.0021998854437526,2.2177365077926323,xgboost,CUSCO
2017-08-14,1.6980682572750814,2.037444062040094,xgboost,CUSCO
2017-08-21,1.850134071359417,1.6626980084271752,xgboost,CUSCO
2017-08-28,1.7741011643172493,1.770741492389896,xgboost,CUSCO
2017-09-04,1.7994454666646387,1.6726165552159917,xgboost,CUSCO
2017-09-11,1.672723954927692,1.7033256996763075,xgboost,CUSCO
2017-09-18,1.6473796525803028,1.7634613937582704,xgboost,CUSCO
2017-09-25,1.850134071359417,1.6647296256126656,xgboost,CUSCO
2017-10-02,2.027544187791142,1.7166097875083424,xgboost,CUSCO
2017-10-09,2.0021998854437526,1.690000425508131,xgboost,CUSCO
2017-10-16,1.7994454666646387,1.6073845181738697,xgboost,CUSCO
2017-10-23,1.7741011643172493,1.6810697878746683,xgboost,CUSCO
2017-10-30,1.672723954927692,1.6780401747954639,xgboost,CUSCO
2017-11-06,1.7234125596224708,1.5338456386141865,xgboost,CUSCO
2017-11-13,1.6473796525803028,1.7186117257215805,xgboost,CUSCO
2017-11-20,1.824789769012028,1.694615337248866,xgboost,CUSCO
2017-11-27,2.027544187791142,1.751903193657768,xgboost,CUSCO
2017-12-04,2.0528884901385314,1.9126878063136419,xgboost,CUSCO
2017-12-11,2.10357709483331,1.8880800422627375,xgboost,CUSCO
2017-12-18,1.6980682572750814,2.1174428853164873,xgboost,CUSCO
2017-12-25,1.6473796525803028,1.7926860770486117,xgboost,CUSCO
2018-01-01,1.6446280205631993,1.7855654814449922,xgboost,CUSCO
2018-01-08,2.3497843452251908,1.7810663136030622,xgboost,CUSCO
2018-01-15,2.524239005045953,2.1725393162127173,xgboost,CUSCO
2018-01-22,2.5747237851468725,2.081719391453082,xgboost,CUSCO
2018-01-29,2.044633594087222,2.0535832052969734,xgboost,CUSCO
2018-02-05,1.8931792537844647,1.9804904421418128,xgboost,CUSCO
2018-02-12,1.716482523431248,1.8041070149641691,xgboost,CUSCO
2018-02-19,1.4135738428257334,1.710168061413782,xgboost,CUSCO
2018-02-26,1.3883314527752741,1.4928391617373733,xgboost,CUSCO
2018-03-05,1.3630890627248144,1.4381079255449478,xgboost,CUSCO
2018-03-12,1.766967303532167,1.4100751369524582,xgboost,CUSCO
2018-03-19,1.7164825234312477,1.6396655476414503,xgboost,CUSCO
2018-03-26,1.9689064239358434,1.6283016039791596,xgboost,CUSCO
2018-04-02,1.6912401333807885,1.7896611941314853,xgboost,CUSCO
2018-04-09,1.9436640338853841,1.646578659740215,xgboost,CUSCO
2018-04-16,1.8174520836330863,1.8227736488235844,xgboost,CUSCO
2018-04-23,2.0698759841376813,1.6626178615030933,xgboost,CUSCO
2018-04-30,1.7164825234312477,1.9765577124341849,xgboost,CUSCO
2018-05-07,1.489301012977112,1.8428049454757762,xgboost,CUSCO
2018-05-14,1.5145434030275713,1.532336402690098,xgboost,CUSCO
2018-05-21,1.7417249134817074,1.6200272390877046,xgboost,CUSCO
2018-05-28,2.1456031542890597,1.9671103962659418,xgboost,CUSCO
2018-06-04,2.2718151045413575,2.390814946203621,xgboost,CUSCO
2018-06-11,2.9887772096541014,2.3666344300939253,xgboost,CUSCO
2018-06-18,3.1149891599063992,2.1390027778638707,xgboost,CUSCO
2018-06-25,3.518867400713752,2.1295755653311024,xgboost,CUSCO
2018-07-02,3.1048139762065223,2.7444856891948466,xgboost,CUSCO
2018-07-09,3.029086806055144,2.6641831871211057,xgboost,CUSCO
2018-07-16,2.70093573539917,2.393550574704888,xgboost,CUSCO
2018-07-23,2.6756933453487104,2.3968042526857696,xgboost,CUSCO
2018-07-30,2.625208565247791,2.5757188268695006,xgboost,CUSCO
2018-08-06,2.801905295601008,2.31965601911847,xgboost,CUSCO
2018-08-13,2.7766629055505483,2.5079500099600125,xgboost,CUSCO
2018-08-20,2.72617812544963,2.3864606931460766,xgboost,CUSCO
2018-08-27,2.473754224945034,2.6186170545411604,xgboost,CUSCO
2018-09-03,2.0193912040367628,2.3848099725215137,xgboost,CUSCO
2018-09-10,1.9689064239358434,2.019358779393291,xgboost,CUSCO
2018-09-17,1.7417249134817077,1.928278216445142,xgboost,CUSCO
2018-09-24,1.9436640338853841,1.7068178846615534,xgboost,CUSCO
2018-10-01,1.8426944736835458,1.7778155845139432,xgboost,CUSCO
2018-10-08,1.665997743330329,1.7800076117360215,xgboost,CUSCO
2018-10-15,1.665997743330329,1.6704047889065285,xgboost,CUSCO
2018-10-22,1.665997743330329,1.7852028897579826,xgboost,CUSCO
2018-10-29,1.8426944736835458,1.7552927487615908,xgboost,CUSCO
2018-11-05,1.9941488139863033,1.8590756301722657,xgboost,CUSCO
2018-11-12,2.1708455443395196,1.8244576646593398,xgboost,CUSCO
2018-11-19,2.347542274692737,2.0629005350637377,xgboost,CUSCO
2018-11-26,2.221330324440439,2.3148876884102716,xgboost,CUSCO
2018-12-03,1.8679368637340052,2.1181059404421543,xgboost,CUSCO
2018-12-10,1.5397857930780312,1.9831030573347599,xgboost,CUSCO
2018-12-17,1.1359075522706787,1.5053252996717192,xgboost,CUSCO
2018-12-24,1.1611499423211384,1.2541151292536146,xgboost,CUSCO
2018-12-31,1.2116347224220574,1.3773917661483832,xgboost,CUSCO
2019-01-07,1.4316865024751626,1.5000525230544492,xgboost,CUSCO
2019-01-14,1.6483610418119896,1.5158501034420295,xgboost,CUSCO
2019-01-21,1.8401684400668323,1.6167973804580098,xgboost,CUSCO
2019-01-28,1.9147698633127852,1.6836358727151366,xgboost,CUSCO
2019-02-04,1.8153012989848485,1.710699737106213,xgboost,CUSCO
2019-02-11,1.5914970292469903,1.7432496829090782,xgboost,CUSCO
2019-02-18,1.5417627470830222,1.6092325579377273,xgboost,CUSCO
2019-02-25,1.7158327346569113,1.4978401865271342,xgboost,CUSCO
2019-03-04,1.9147698633127854,1.692033458767002,xgboost,CUSCO
2019-03-11,1.8650355811488168,1.803737664747654,xgboost,CUSCO
2019-03-18,1.6412313114109587,1.8949208304953662,xgboost,CUSCO
2019-03-25,1.4920284649190532,1.8197709674741267,xgboost,CUSCO
2019-04-01,1.59149702924699,1.6084971962470818,xgboost,CUSCO
2019-04-08,1.6909655935749273,1.7256823658842377,xgboost,CUSCO
2019-04-15,1.6163641703289746,1.7376388457120475,xgboost,CUSCO
2019-04-22,1.6163641703289746,1.6255901399540147,xgboost,CUSCO
2019-04-29,1.4920284649190532,1.7265763857079799,xgboost,CUSCO
2019-05-06,1.6163641703289742,1.474879201730999,xgboost,CUSCO
2019-05-13,1.7655670168208797,1.6716532802717161,xgboost,CUSCO
2019-05-20,1.7904341579028642,1.770567100468372,xgboost,CUSCO
2019-05-27,1.9396370043947695,1.7360369263427378,xgboost,CUSCO
2019-06-03,1.9147698633127852,1.9282021184374074,xgboost,CUSCO
2019-06-10,2.1137069919686593,2.083845357445222,xgboost,CUSCO
2019-06-17,2.163441274132628,2.1687078572403315,xgboost,CUSCO
2019-06-24,2.436979826034454,2.3508936957630255,xgboost,CUSCO
2019-07-01,2.7602526601002495,2.5503086048036243,xgboost,CUSCO
2019-07-08,2.735385519018265,2.9291396434850405,xgboost,CUSCO
2019-07-15,2.8099869422642176,2.6503991622976377,xgboost,CUSCO
2019-07-22,3.0835254941660444,2.6567375639791946,xgboost,CUSCO
2019-07-29,3.3570640460678707,2.8202889869286154,xgboost,CUSCO
2019-08-05,3.406798328231839,2.8593224730428304,xgboost,CUSCO
2019-08-12,2.8099869422642176,2.6949773002458093,xgboost,CUSCO
2019-08-19,2.6110498136083438,2.6157741312198834,xgboost,CUSCO
2019-08-26,2.312644120624533,2.403632567954527,xgboost,CUSCO
2019-09-02,2.138574133050644,2.2267214441659835,xgboost,CUSCO
2019-09-09,2.0142384276407226,2.0982075401985836,xgboost,CUSCO
2019-09-16,1.8650355811488175,1.9035550053351635,xgboost,CUSCO
2019-09-23,1.9893712865587385,1.8441940508806052,xgboost,CUSCO
2019-09-30,1.964504145476754,1.796633230387156,xgboost,CUSCO
2019-10-07,1.9396370043947702,1.8213647350287925,xgboost,CUSCO
2019-10-14,2.039105568722707,1.8240748608931059,xgboost,CUSCO
2019-10-21,1.964504145476754,1.97292537273792,xgboost,CUSCO
2019-10-28,2.0142384276407226,1.9182242672746397,xgboost,CUSCO
2019-11-04,1.7655670168208804,1.939420987206837,xgboost,CUSCO
2019-11-11,1.7158327346569118,1.7212358012905782,xgboost,CUSCO
2019-11-18,1.7158327346569118,1.7114727996107397,xgboost,CUSCO
2019-11-25,1.7904341579028644,1.7110576389348144,xgboost,CUSCO
2019-12-02,1.8899027222308016,1.7718911683184078,xgboost,CUSCO
2019-12-09,2.063972709804691,1.8255380099265865,xgboost,CUSCO
2019-12-16,2.138574133050644,1.8452992436857625,xgboost,CUSCO
2019-12-23,2.0639727098046907,1.9477457922032986,xgboost,CUSCO
2019-12-30,1.6163641703289748,1.7741519359385622,xgboost,CUSCO
2020-01-06,1.6815258008843887,1.6547585393556796,xgboost,CUSCO
2020-01-13,1.7976397513702924,1.71022169276115,xgboost,CUSCO
2020-01-20,2.0632610577897315,1.7525603611191534,xgboost,CUSCO
2020-01-27,1.891322636307254,1.8329380787510083,xgboost,CUSCO
2020-02-03,1.7193842148247764,1.7858713303592886,xgboost,CUSCO
2020-02-10,1.5228831617019447,1.7913427588278266,xgboost,CUSCO
2020-02-17,1.4246326351405287,1.7069261452407694,xgboost,CUSCO
2020-02-24,1.473757898421237,1.6341469313175883,xgboost,CUSCO
2020-03-02,1.793072109745838,1.6198766995883176,xgboost,CUSCO
2020-03-09,1.965010531228316,1.9343899592544207,xgboost,CUSCO
2020-03-16,1.8667600046669,1.814007644846992,xgboost,CUSCO
2020-03-23,1.5720084249826527,1.924198245512533,xgboost,CUSCO
2020-03-30,1.2526942136580512,1.7251232244636299,xgboost,CUSCO
2020-04-06,1.1053184238159275,1.3172736362970492,xgboost,CUSCO
2020-04-13,1.0316305288948657,1.2661215810272437,xgboost,CUSCO
2020-04-20,0.9825052656141576,1.1746388859487302,xgboost,CUSCO
2020-04-27,0.884254739052742,1.1811010107945328,xgboost,CUSCO
2020-05-04,0.7614415808509722,0.9754392564927865,xgboost,CUSCO
2020-05-11,0.6140657910088486,0.9316172786681114,xgboost,CUSCO
2020-05-18,0.6386284226492025,0.905687892639696,xgboost,CUSCO
2020-05-25,0.6386284226492025,1.0330853039915224,xgboost,CUSCO
2020-06-01,0.7123163175702644,0.6975362985109121,xgboost,CUSCO
2020-06-08,0.6631910542895564,0.8218326875285674,xgboost,CUSCO
2020-06-15,0.6877536859299104,0.8219995975277656,xgboost,CUSCO
2020-06-22,0.6877536859299104,0.7674077356926057,xgboost,CUSCO
2020-06-29,0.9579426339738039,0.7244416862609132,xgboost,CUSCO
2020-07-06,1.1298810554562815,0.8614957461077514,xgboost,CUSCO
2020-07-13,1.5228831617019445,0.887737939423822,xgboost,CUSCO
2020-07-20,2.1615115843511474,1.2790406995831434,xgboost,CUSCO
2020-07-27,3.0428434395586543,2.323249643108826,xgboost,CUSCO
2020-08-03,3.7767995049240386,2.731986943506074,xgboost,CUSCO
2020-08-10,3.948737926406516,2.669315738930058,xgboost,CUSCO
2020-08-17,3.9487379264065154,2.5626689116498227,xgboost,CUSCO
2020-08-24,3.9487379264065154,2.7980636539437613,xgboost,CUSCO
2020-08-31,3.8504873998451004,2.6928482142655263,xgboost,CUSCO
2020-09-07,3.5832213356464417,2.738997383840439,xgboost,CUSCO
2020-09-14,2.947515796842474,2.692024651102614,xgboost,CUSCO
2020-09-21,2.5545136905968104,2.8531482560432053,xgboost,CUSCO
2020-09-28,2.0878236894300852,2.3516403653003493,xgboost,CUSCO
2020-10-05,1.8913226363072537,2.024924548275112,xgboost,CUSCO
2020-10-12,1.5228831617019445,1.939180618322086,xgboost,CUSCO
2020-10-19,1.4000700035001747,1.4861939618430389,xgboost,CUSCO
2020-10-26,1.4000700035001747,1.5501038911307696,xgboost,CUSCO
2020-11-02,1.350944740219467,1.6066443947962583,xgboost,CUSCO
2020-11-09,1.3263821085791128,1.6414421577038445,xgboost,CUSCO
2020-11-16,1.301819476938759,1.4722109274334159,xgboost,CUSCO
2020-11-23,1.5228831617019445,1.5037233622776118,xgboost,CUSCO
2020-11-30,1.5720084249826523,1.54656950037916,xgboost,CUSCO
2020-12-07,1.5474457933422983,1.4656102822305357,xgboost,CUSCO
2020-12-14,1.4000700035001747,1.4851024952847256,xgboost,CUSCO
2020-12-21,1.3755073718598207,1.4074636725467085,xgboost,CUSCO
2020-12-28,1.1790063187369892,1.366516592355849,xgboost,CUSCO
2021-01-04,1.3697442800603732,1.2099594656412906,xgboost,CUSCO
2021-01-11,1.778779642083208,1.437916107315986,xgboost,CUSCO
2021-01-18,2.287218149027348,1.8790123873051885,xgboost,CUSCO
2021-01-25,2.700863984489741,2.167877317136499,xgboost,CUSCO
2021-02-01,3.1145098199521333,2.413700970698201,xgboost,CUSCO
2021-02-08,3.576819871351278,3.380326480327587,xgboost,CUSCO
2021-02-15,3.902893193053717,3.1715418595613594,xgboost,CUSCO
2021-02-22,3.7325684372750847,3.1465537591474932,xgboost,CUSCO
2021-03-01,3.5135794655596997,3.1686869203383,xgboost,CUSCO
2021-03-08,2.9685171721418766,3.232285813335796,xgboost,CUSCO
2021-03-15,2.8955208482367483,2.787409682738391,xgboost,CUSCO
2021-03-22,3.2118382518256374,2.6338791966428174,xgboost,CUSCO
2021-03-29,3.6011519793196545,2.7990073323141136,xgboost,CUSCO
2021-04-05,3.576819871351278,2.998824784317574,xgboost,CUSCO
2021-04-12,3.5865757894648276,2.804635776659294,xgboost,CUSCO
2021-04-19,3.742324355388634,2.73437052187963,xgboost,CUSCO
2021-04-26,3.9856454350723944,2.772843658992837,xgboost,CUSCO
2021-05-03,3.7325684372750842,3.53497081200649,xgboost,CUSCO
2021-05-10,3.601151979319654,3.5943831987523422,xgboost,CUSCO
2021-05-17,3.406495115572646,3.576715812615168,xgboost,CUSCO
2021-05-24,3.6011519793196545,3.3797187100881576,xgboost,CUSCO
2021-05-31,3.479491439477774,3.6698289169489358,xgboost,CUSCO
2021-06-07,3.333498791667518,3.4911131422251875,xgboost,CUSCO
2021-06-14,2.6278676605846125,3.5400738017911517,xgboost,CUSCO
2021-06-21,1.9952328534068353,2.8738833921238394,xgboost,CUSCO
2021-06-28,1.5085906940393141,1.990648391413491,xgboost,CUSCO
2021-07-05,1.3139338302923058,1.5071819977779686,xgboost,CUSCO
2021-07-12,1.0949448585769215,1.4715443821351684,xgboost,CUSCO
2021-07-19,1.1192769665452975,1.2739160115405108,xgboost,CUSCO
2021-07-26,1.1192769665452973,1.3092983772678983,xgboost,CUSCO
2021-08-02,1.0462806426401692,1.3851015796404345,xgboost,CUSCO
2021-08-09,1.0219485346717934,1.2761677001957024,xgboost,CUSCO
2021-08-16,0.9732843187350412,1.1596480397578364,xgboost,CUSCO
2021-08-23,1.240937506387178,0.9874537620197442,xgboost,CUSCO
2021-08-30,1.2652696143555537,1.1951177508377566,xgboost,CUSCO
2021-09-06,1.2652696143555537,1.2962211508439652,xgboost,CUSCO
2021-09-13,1.4355943701341858,1.3158503298217559,xgboost,CUSCO
2021-09-20,1.5572549099760664,1.6299210166052807,xgboost,CUSCO
2021-09-27,1.7519117737230747,1.691405179748221,xgboost,CUSCO
2021-10-04,1.5329228020076904,1.9391802679444736,xgboost,CUSCO
2021-10-11,1.4599264781025623,1.6983498936876575,xgboost,CUSCO
2021-10-18,1.386930154197434,1.5323410818037848,xgboost,CUSCO
2021-10-25,1.4112622621658104,1.5370301204718622,xgboost,CUSCO
2021-11-01,1.2896017223239298,1.506687700008108,xgboost,CUSCO
2021-11-08,1.338265938260682,1.419388930785745,xgboost,CUSCO
2021-11-15,1.4355943701341862,1.3991790114411733,xgboost,CUSCO
2021-11-22,1.4355943701341862,1.5237402570789724,xgboost,CUSCO
2021-11-29,1.5815870179444425,1.4953146239958632,xgboost,CUSCO
2021-12-06,1.4112622621658104,1.4652308559957608,xgboost,CUSCO
2021-12-13,1.484258586070938,1.4084067695501234,xgboost,CUSCO
2021-12-20,1.240937506387178,1.499221903878011,xgboost,CUSCO
2021-12-27,1.1679411824820496,1.29107831430355,xgboost,CUSCO
2022-01-03,1.2849039448607722,1.36421272854074,xgboost,CUSCO
2022-01-10,1.6438724092335708,1.5036891880298104,xgboost,CUSCO
2022-01-17,1.9556799464578285,1.8843579571668916,xgboost,CUSCO
2022-01-24,2.2454103088960253,2.095567181147134,xgboost,CUSCO
2022-01-31,2.1488335214166265,2.530528823477288,xgboost,CUSCO
2022-02-07,2.0522567339372273,2.2882689173601083,xgboost,CUSCO
2022-02-14,1.5935169934100823,1.9057835575071325,xgboost,CUSCO
2022-02-21,1.448651812190984,1.508156982416531,xgboost,CUSCO
2022-02-28,1.4727960090608336,1.4873377971464476,xgboost,CUSCO
2022-03-07,1.352075024711585,1.5744481476277525,xgboost,CUSCO
2022-03-14,1.1830656466226368,1.450420410319644,xgboost,CUSCO
2022-03-21,1.0623446622733879,1.2899727271008505,xgboost,CUSCO
2022-03-28,1.4969402059306833,1.1910337451366197,xgboost,CUSCO
2022-04-04,1.5452285996703825,1.4069967817863676,xgboost,CUSCO
2022-04-11,1.8108147652387299,1.535432694748891,xgboost,CUSCO
2022-04-18,1.5210844028005333,1.8097217734353552,xgboost,CUSCO
2022-04-25,1.4969402059306833,1.5570406191291177,xgboost,CUSCO
2022-05-02,1.0140562685336885,1.4975951373325458,xgboost,CUSCO
2022-05-09,1.3037866309718853,1.106997344567989,xgboost,CUSCO
2022-05-16,1.4969402059306833,1.3250850432575896,xgboost,CUSCO
2022-05-23,1.8108147652387299,1.64086456535212,xgboost,CUSCO
2022-05-30,1.714237977759331,2.1453064819505676,xgboost,CUSCO
2022-06-06,1.7383821746291808,1.813547101652597,xgboost,CUSCO
2022-06-13,1.8349589621085798,1.8401279688248342,xgboost,CUSCO
2022-06-20,1.9073915527181289,1.8886116687242782,xgboost,CUSCO
2022-06-27,1.8591031589784297,1.9059810101597237,xgboost,CUSCO
2022-07-04,2.124689324546777,1.843269938876585,xgboost,CUSCO
2022-07-11,2.2454103088960253,2.2249567443213483,xgboost,CUSCO
2022-07-18,2.293698702635725,2.3783870960146145,xgboost,CUSCO
2022-07-25,2.003968340197528,2.475934756959361,xgboost,CUSCO
2022-08-01,1.81081476523873,1.9492016449376492,xgboost,CUSCO
2022-08-08,1.81081476523873,1.8684046341482377,xgboost,CUSCO
2022-08-15,1.7625263714990307,1.7645289539842355,xgboost,CUSCO
2022-08-22,1.665949584019632,1.7481223646589297,xgboost,CUSCO
2022-08-29,1.448651812190984,1.7512120739983446,xgboost,CUSCO
2022-09-05,1.6900937808894814,1.4044421092105763,xgboost,CUSCO
2022-09-12,1.6176611902799323,1.7519468249761263,xgboost,CUSCO
2022-09-19,1.714237977759331,1.656775072475066,xgboost,CUSCO
2022-09-26,1.3279308278417352,1.8087917852889257,xgboost,CUSCO
2022-10-03,1.4727960090608336,1.4549143009281533,xgboost,CUSCO
2022-10-10,1.5935169934100823,1.4997984658280086,xgboost,CUSCO
2022-10-17,1.9073915527181289,1.6165989899687894,xgboost,CUSCO
2022-10-24,1.9315357495879788,1.7940550224207314,xgboost,CUSCO
2022-10-31,1.8349589621085798,1.8788534877655103,xgboost,CUSCO
2022-11-07,1.641805387149782,1.8133267518567866,xgboost,CUSCO
2022-11-14,1.7142379777593313,1.637372737668677,xgboost,CUSCO
2022-11-21,1.448651812190984,1.7843646602235044,xgboost,CUSCO
2022-11-28,1.448651812190984,1.5951741743993995,xgboost,CUSCO
2022-12-05,1.158921449752787,1.5576771687620232,xgboost,CUSCO
2022-12-12,1.255498237232186,1.2771754098593087,xgboost,CUSCO
2022-12-19,1.3037866309718857,1.2606704540179434,xgboost,CUSCO
2022-12-26,1.4245076153211345,1.3214192909296856,xgboost,CUSCO
2023-01-02,1.8300348202375554,1.6220277053839438,xgboost,CUSCO
2023-01-09,1.92248168227674,2.0313196726353824,xgboost,CUSCO
2023-01-16,1.7989015187765738,1.9934176402181196,xgboost,CUSCO
2023-01-23,1.439121215021259,1.9304995434844527,xgboost,CUSCO
2023-01-30,1.3431798006865083,1.5458141666776366,xgboost,CUSCO
2023-02-06,1.6549893972744478,1.328937592548406,xgboost,CUSCO
2023-02-13,1.7029601044418232,1.7366289726374209,xgboost,CUSCO
2023-02-20,1.6789747508581356,1.7220926675529826,xgboost,CUSCO
2023-02-27,1.4870919221886343,1.6255591536580725,xgboost,CUSCO
2023-03-06,1.4870919221886343,1.478947741237186,xgboost,CUSCO
2023-03-13,1.7269454580255108,1.605141796921208,xgboost,CUSCO
2023-03-20,1.9907843474460751,1.8087713604847215,xgboost,CUSCO
2023-03-27,2.4944767727035155,1.757272081274748,xgboost,CUSCO
2023-04-03,2.7343303085403927,2.3925029707077177,xgboost,CUSCO
2023-04-10,2.638388894205642,2.8381235093751895,xgboost,CUSCO
2023-04-17,2.782301015707768,2.7155003448914625,xgboost,CUSCO
2023-04-24,2.7343303085403927,2.8151030681749183,xgboost,CUSCO
2023-05-01,3.0461399051283315,2.8692994800312572,xgboost,CUSCO
2023-05-08,2.8782424300425187,3.2472654547167625,xgboost,CUSCO
2023-05-15,2.5904181870382663,2.9999957237050965,xgboost,CUSCO
2023-05-22,2.230637883282952,2.6482592304039945,xgboost,CUSCO
2023-05-29,2.2546232368666392,2.3611879207798925,xgboost,CUSCO
2023-06-05,2.470491419119828,2.3418171507312886,xgboost,CUSCO
2023-06-12,2.518462126287204,2.4209123149095757,xgboost,CUSCO
2023-06-19,2.446506065536141,2.3987083650235856,xgboost,CUSCO
2023-06-26,2.830271722875143,2.427510830771347,xgboost,CUSCO
2023-07-03,2.7343303085403927,2.757341851079652,xgboost,CUSCO
2023-07-10,2.3745500047850774,2.782409525128151,xgboost,CUSCO
2023-07-17,1.8468722259439492,2.5453032122566444,xgboost,CUSCO
2023-07-24,2.206652529699264,1.8354872660740706,xgboost,CUSCO
2023-07-31,2.326579297617702,2.141866700470534,xgboost,CUSCO
2023-08-07,2.134696468948201,2.274911547010568,xgboost,CUSCO
2023-08-14,1.6070186901070727,2.0862078721800894,xgboost,CUSCO
2023-08-21,1.7749161651928862,1.5574741141698525,xgboost,CUSCO
2023-08-28,1.8708575795276365,1.7917590651070565,xgboost,CUSCO
2023-09-04,2.1826671761155763,1.8295582431791313,xgboost,CUSCO
2023-09-11,2.1107111153645133,2.140304883710365,xgboost,CUSCO
2023-09-18,2.014769701029763,2.0249519539313403,xgboost,CUSCO
2023-09-25,2.0387550546134503,1.893643546768624,xgboost,CUSCO
2023-10-02,1.9667989938623875,1.877560996031717,xgboost,CUSCO
2023-10-09,2.1107111153645133,1.9258189482096173,xgboost,CUSCO
2023-10-16,2.0387550546134503,1.8675748646473582,xgboost,CUSCO
2023-10-23,1.9188282866950122,1.9345347827366177,xgboost,CUSCO
2023-10-30,1.8708575795276368,1.8449078498469051,xgboost,CUSCO
2023-11-06,1.9907843474460751,1.7473824120222408,xgboost,CUSCO
2023-11-13,2.2546232368666392,1.9186800249287848,xgboost,CUSCO
2023-11-20,2.35056465120139,2.1404291715365495,xgboost,CUSCO
2023-11-27,2.398535358368765,2.110467436355332,xgboost,CUSCO
2023-12-04,2.2546232368666392,2.135552322227003,xgboost,CUSCO
2011-12-26,0.9819690836853693,0.9822573843849484,random_forest,MOQUEGUA
2012-01-02,0.5868399305682147,0.9334143569806457,random_forest,MOQUEGUA
2012-01-09,0.388104594188134,0.6257879465935192,random_forest,MOQUEGUA
2012-01-16,0.5821568912822006,0.5976354574108589,random_forest,MOQUEGUA
2012-01-23,0.7762091883762677,0.5832414399215425,random_forest,MOQUEGUA
2012-01-30,1.1643137825644014,0.6253157575610638,random_forest,MOQUEGUA
2012-02-06,1.552418376752535,0.9565784988254771,random_forest,MOQUEGUA
2012-02-13,1.9405229709406686,1.1247073938746899,random_forest,MOQUEGUA
2012-02-20,1.9405229709406688,1.1209268578706661,random_forest,MOQUEGUA
2012-02-27,2.3286275651288024,1.1192663945635306,random_forest,MOQUEGUA
2012-03-05,2.1345752680347356,1.0891199849971633,random_forest,MOQUEGUA
2012-03-12,2.522679862222869,1.1056990819619774,random_forest,MOQUEGUA
2012-03-19,2.134575268034735,1.4746023655949843,random_forest,MOQUEGUA
2012-03-26,2.1345752680347356,1.3624463756378955,random_forest,MOQUEGUA
2012-04-02,1.3583660796584682,1.2207639726610107,random_forest,MOQUEGUA
2012-04-09,1.3583660796584682,1.079267341474928,random_forest,MOQUEGUA
2012-04-16,1.1643137825644014,1.193197919830938,random_forest,MOQUEGUA
2012-04-23,1.3583660796584682,1.0447362423643758,random_forest,MOQUEGUA
2012-04-30,0.7762091883762675,1.1219088694189292,random_forest,MOQUEGUA
2012-05-07,0.9702614854703344,0.6277946516277304,random_forest,MOQUEGUA
2012-05-14,0.7762091883762675,0.8961716934754991,random_forest,MOQUEGUA
2012-05-21,1.7464706738466018,0.6506631133902167,random_forest,MOQUEGUA
2012-05-28,1.9405229709406686,1.0787718836761393,random_forest,MOQUEGUA
2012-06-04,2.3286275651288024,1.1751109928011132,random_forest,MOQUEGUA
2012-06-11,1.9405229709406686,1.7003796657675496,random_forest,MOQUEGUA
2012-06-18,1.552418376752535,1.6543656695642583,random_forest,MOQUEGUA
2012-06-25,1.746470673846602,1.4807905447806848,random_forest,MOQUEGUA
2012-07-02,1.1643137825644014,1.5077929517567383,random_forest,MOQUEGUA
2012-07-09,1.3583660796584682,1.232785803326764,random_forest,MOQUEGUA
2012-07-16,1.1643137825644012,1.1385584239683886,random_forest,MOQUEGUA
2012-07-23,1.9405229709406686,1.0881706188850582,random_forest,MOQUEGUA
2012-07-30,1.552418376752535,1.2945743080528738,random_forest,MOQUEGUA
2012-08-06,1.3583660796584682,1.24332716528741,random_forest,MOQUEGUA
2012-08-13,1.7464706738466018,1.0786528359236096,random_forest,MOQUEGUA
2012-08-20,1.9405229709406686,1.203497420798472,random_forest,MOQUEGUA
2012-08-27,2.134575268034735,1.4199937686008166,random_forest,MOQUEGUA
2012-09-03,1.552418376752535,1.5311209408060136,random_forest,MOQUEGUA
2012-09-10,1.3583660796584678,1.3354636616996378,random_forest,MOQUEGUA
2012-09-17,0.9702614854703343,1.2150774628232697,random_forest,MOQUEGUA
2012-09-24,0.9702614854703343,0.9931855718703017,random_forest,MOQUEGUA
2012-10-01,0.9702614854703343,1.0304942087297044,random_forest,MOQUEGUA
2012-10-08,1.164313782564401,1.0053365861453083,random_forest,MOQUEGUA
2012-10-15,1.164313782564401,1.110410019363007,random_forest,MOQUEGUA
2012-10-22,0.9702614854703343,1.0933204192578603,random_forest,MOQUEGUA
2012-10-29,0.9702614854703343,1.0531616207098113,random_forest,MOQUEGUA
2012-11-05,0.7762091883762675,1.0893175730861373,random_forest,MOQUEGUA
2012-11-12,1.3583660796584678,0.8983787848954348,random_forest,MOQUEGUA
2012-11-19,2.134575268034735,1.1657994099039313,random_forest,MOQUEGUA
2012-11-26,2.328627565128802,1.3807815282373146,random_forest,MOQUEGUA
2012-12-03,2.134575268034735,1.5208463310934424,random_forest,MOQUEGUA
2012-12-10,1.164313782564401,1.5664101596617386,random_forest,MOQUEGUA
2012-12-17,0.9702614854703343,1.2142699310554919,random_forest,MOQUEGUA
2012-12-24,0.9702614854703343,0.9515888126022448,random_forest,MOQUEGUA
2012-12-31,1.1643137825644012,0.9501705565107059,random_forest,MOQUEGUA
2013-01-07,1.54327300233261,1.1037527797993099,random_forest,MOQUEGUA
2013-01-14,1.5387003151226477,1.2545607699939192,random_forest,MOQUEGUA
2013-01-21,1.3423616744235993,1.3108077046311506,random_forest,MOQUEGUA
2013-01-28,1.150595720934514,1.1855008188331617,random_forest,MOQUEGUA
2013-02-04,0.7670638139563426,1.2438914947954534,random_forest,MOQUEGUA
2013-02-11,1.150595720934514,1.0233797957316961,random_forest,MOQUEGUA
2013-02-18,0.9588297674454282,1.202930589100415,random_forest,MOQUEGUA
2013-02-25,0.9588297674454282,1.096169839079048,random_forest,MOQUEGUA
2013-03-04,0.3835319069781713,0.9440030465056529,random_forest,MOQUEGUA
2013-03-11,0.0,0.5956345418892182,random_forest,MOQUEGUA
2013-03-18,0.19176595348908565,0.4206207627096066,random_forest,MOQUEGUA
2013-03-25,0.19176595348908565,0.3564431383164426,random_forest,MOQUEGUA
2013-04-01,0.3835319069781713,0.35527085812378423,random_forest,MOQUEGUA
2013-04-08,0.19176595348908565,0.40974870986101225,random_forest,MOQUEGUA
2013-04-15,0.3835319069781713,0.3186400803447073,random_forest,MOQUEGUA
2013-04-22,0.7670638139563426,0.32671487684781536,random_forest,MOQUEGUA
2013-04-29,1.150595720934514,0.6438251463778708,random_forest,MOQUEGUA
2013-05-06,1.150595720934514,1.0588802064812624,random_forest,MOQUEGUA
2013-05-13,0.9588297674454282,1.1214500170801442,random_forest,MOQUEGUA
2013-05-20,0.9588297674454282,0.8914899986314595,random_forest,MOQUEGUA
2013-05-27,0.7670638139563426,0.8905492159203808,random_forest,MOQUEGUA
2013-06-03,0.3835319069781713,0.7271474550121545,random_forest,MOQUEGUA
2013-06-10,0.575297860467257,0.5943740194610764,random_forest,MOQUEGUA
2013-06-17,1.150595720934514,0.6967489636427162,random_forest,MOQUEGUA
2013-06-24,1.150595720934514,1.0549159736043858,random_forest,MOQUEGUA
2013-07-01,1.150595720934514,1.0837391210255545,random_forest,MOQUEGUA
2013-07-08,1.5341276279126852,1.087505519092419,random_forest,MOQUEGUA
2013-07-15,2.109425488379942,1.1664901323884616,random_forest,MOQUEGUA
2013-07-22,2.109425488379942,1.4282674834959452,random_forest,MOQUEGUA
2013-07-29,1.3423616744235993,1.603089374472974,random_forest,MOQUEGUA
2013-08-05,1.3423616744235993,1.2640675438518467,random_forest,MOQUEGUA
2013-08-12,1.150595720934514,1.2375238031845213,random_forest,MOQUEGUA
2013-08-19,1.150595720934514,1.1612527676200213,random_forest,MOQUEGUA
2013-08-26,0.7670638139563426,1.1679689848314914,random_forest,MOQUEGUA
2013-09-02,0.575297860467257,0.9290211514669257,random_forest,MOQUEGUA
2013-09-09,0.7670638139563426,0.7738793041172403,random_forest,MOQUEGUA
2013-09-16,1.150595720934514,0.885661006094172,random_forest,MOQUEGUA
2013-09-23,1.150595720934514,1.0388470551338878,random_forest,MOQUEGUA
2013-09-30,0.9588297674454282,1.1225406006731389,random_forest,MOQUEGUA
2013-10-07,0.575297860467257,1.0938099124222274,random_forest,MOQUEGUA
2013-10-14,0.7670638139563426,0.8207756573887491,random_forest,MOQUEGUA
2013-10-21,1.3423616744235993,0.9004056809717842,random_forest,MOQUEGUA
2013-10-28,1.5341276279126852,1.288052977406735,random_forest,MOQUEGUA
2013-11-04,1.725893581401771,1.3594940557707909,random_forest,MOQUEGUA
2013-11-11,1.3423616744235993,1.312032213851667,random_forest,MOQUEGUA
2013-11-18,1.3423616744235993,1.1421592168758823,random_forest,MOQUEGUA
2013-11-25,0.7670638139563426,1.1739072792821772,random_forest,MOQUEGUA
2013-12-02,1.150595720934514,0.8204418760655822,random_forest,MOQUEGUA
2013-12-09,0.9588297674454282,1.1076425518246373,random_forest,MOQUEGUA
2013-12-16,1.725893581401771,0.8793142278967504,random_forest,MOQUEGUA
2013-12-23,1.3423616744235993,1.272026409328289,random_forest,MOQUEGUA
2013-12-30,1.5341276279126852,1.0871749368420978,random_forest,MOQUEGUA
2014-01-06,1.1461273753343144,1.1795808204888778,random_forest,MOQUEGUA
2014-01-13,0.952127249045129,1.0272218272532079,random_forest,MOQUEGUA
2014-01-20,1.1371906841339154,0.9305117736756652,random_forest,MOQUEGUA
2014-01-27,0.9476589034449296,1.0020151827354489,random_forest,MOQUEGUA
2014-02-03,0.9476589034449298,0.9083631752079833,random_forest,MOQUEGUA
2014-02-10,0.37906356137797187,0.8072432672863435,random_forest,MOQUEGUA
2014-02-17,0.18953178068898593,0.49668681693404576,random_forest,MOQUEGUA
2014-02-24,0.37906356137797187,0.39751435205515456,random_forest,MOQUEGUA
2014-03-03,0.5685953420669578,0.3041530759510295,random_forest,MOQUEGUA
2014-03-10,0.5685953420669578,0.5077380653347459,random_forest,MOQUEGUA
2014-03-17,0.37906356137797187,0.5532611884592165,random_forest,MOQUEGUA
2014-03-24,0.7581271227559437,0.5350820592207953,random_forest,MOQUEGUA
2014-03-31,1.1371906841339154,0.7724747009141517,random_forest,MOQUEGUA
2014-04-07,0.9476589034449295,1.060598822283079,random_forest,MOQUEGUA
2014-04-14,0.5685953420669578,0.8759414053311723,random_forest,MOQUEGUA
2014-04-21,0.5685953420669578,0.6652280447991962,random_forest,MOQUEGUA
2014-04-28,0.5685953420669578,0.7034056051807162,random_forest,MOQUEGUA
2014-05-05,1.1371906841339157,0.7044043485041356,random_forest,MOQUEGUA
2014-05-12,1.1371906841339157,0.9938127292311928,random_forest,MOQUEGUA
2014-05-19,1.5162542455118875,1.081663898596453,random_forest,MOQUEGUA
2014-05-26,1.1371906841339157,1.3174233155760753,random_forest,MOQUEGUA
2014-06-02,1.5162542455118875,1.1466635656620197,random_forest,MOQUEGUA
2014-06-09,1.1371906841339157,1.2820537007630457,random_forest,MOQUEGUA
2014-06-16,1.1371906841339157,1.1858180607772322,random_forest,MOQUEGUA
2014-06-23,0.7581271227559437,1.1580337935794442,random_forest,MOQUEGUA
2014-06-30,0.9476589034449298,0.9599798713495211,random_forest,MOQUEGUA
2014-07-07,0.9476589034449298,0.955644816126017,random_forest,MOQUEGUA
2014-07-14,0.9476589034449298,0.8373101367511332,random_forest,MOQUEGUA
2014-07-21,1.1371906841339157,0.8722828032801032,random_forest,MOQUEGUA
2014-07-28,1.3267224648229015,1.0576864882214876,random_forest,MOQUEGUA
2014-08-04,2.463913148956817,1.261079376056335,random_forest,MOQUEGUA
2014-08-11,3.411572052401747,1.523062738782193,random_forest,MOQUEGUA
2014-08-18,3.7906356137797186,1.4292927994200066,random_forest,MOQUEGUA
2014-08-25,2.274381368267831,1.4405188822362411,random_forest,MOQUEGUA
2014-09-01,1.5162542455118875,1.8665393936573422,random_forest,MOQUEGUA
2014-09-08,0.9476589034449296,1.6167563746757707,random_forest,MOQUEGUA
2014-09-15,1.7057860262008735,1.1301508661594504,random_forest,MOQUEGUA
2014-09-22,1.7057860262008735,1.2692160414775708,random_forest,MOQUEGUA
2014-09-29,1.8953178068898593,1.4650052695621796,random_forest,MOQUEGUA
2014-10-06,1.3267224648229015,1.5477190594265,random_forest,MOQUEGUA
2014-10-13,1.7057860262008733,1.3762276581274107,random_forest,MOQUEGUA
2014-10-20,1.7057860262008733,1.4542265942254902,random_forest,MOQUEGUA
2014-10-27,1.895317806889859,1.608835535103891,random_forest,MOQUEGUA
2014-11-03,1.8953178068898593,1.6285578239672025,random_forest,MOQUEGUA
2014-11-10,1.5162542455118875,1.5597285789467585,random_forest,MOQUEGUA
2014-11-17,1.7057860262008733,1.461008172513277,random_forest,MOQUEGUA
2014-11-24,0.7581271227559437,1.3380359122779137,random_forest,MOQUEGUA
2014-12-01,0.5685953420669577,1.021371521696345,random_forest,MOQUEGUA
2014-12-08,0.0,0.8405280599193639,random_forest,MOQUEGUA
2014-12-15,0.18953178068898593,0.6593058527277184,random_forest,MOQUEGUA
2014-12-22,0.18953178068898593,0.3192935067491475,random_forest,MOQUEGUA
2014-12-29,1.3267224648229015,0.31268029662401653,random_forest,MOQUEGUA
2015-01-05,1.511890923942069,0.755405693837389,random_forest,MOQUEGUA
2015-01-12,2.261291403558376,1.049230384040139,random_forest,MOQUEGUA
2015-01-19,1.3114508393285373,1.831046018532272,random_forest,MOQUEGUA
2015-01-26,0.9367505995203839,1.5370563864844955,random_forest,MOQUEGUA
2015-02-02,0.56205035971223,1.1797694963294445,random_forest,MOQUEGUA
2015-02-09,0.56205035971223,0.8072718645717311,random_forest,MOQUEGUA
2015-02-16,0.7494004796163068,0.6679308663919912,random_forest,MOQUEGUA
2015-02-23,0.7494004796163068,0.7314426600297731,random_forest,MOQUEGUA
2015-03-02,1.12410071942446,0.6765316200820375,random_forest,MOQUEGUA
2015-03-09,1.1241007194244603,0.9776519560889512,random_forest,MOQUEGUA
2015-03-16,0.7494004796163067,1.0413317086291907,random_forest,MOQUEGUA
2015-03-23,0.7494004796163068,0.8325784852676915,random_forest,MOQUEGUA
2015-03-30,0.7494004796163067,0.7940306018546447,random_forest,MOQUEGUA
2015-04-06,0.9367505995203835,0.8144096272460284,random_forest,MOQUEGUA
2015-04-13,1.1241007194244605,0.7820732029408898,random_forest,MOQUEGUA
2015-04-20,1.6861510791366907,0.9700091787849151,random_forest,MOQUEGUA
2015-04-27,2.0608513189448443,1.2597376479125637,random_forest,MOQUEGUA
2015-05-04,2.060851318944844,1.522589311644424,random_forest,MOQUEGUA
2015-05-11,1.873501199040767,1.6913969603840664,random_forest,MOQUEGUA
2015-05-18,1.4988009592326137,1.5995161006678105,random_forest,MOQUEGUA
2015-05-25,0.9367505995203835,1.3746047135265647,random_forest,MOQUEGUA
2015-06-01,0.7494004796163068,0.9875561422837896,random_forest,MOQUEGUA
2015-06-08,0.7494004796163068,0.8439589325931821,random_forest,MOQUEGUA
2015-06-15,1.12410071942446,0.8588021929637037,random_forest,MOQUEGUA
2015-06-22,1.311450839328537,1.0496896290156343,random_forest,MOQUEGUA
2015-06-29,1.873501199040767,1.175780125808147,random_forest,MOQUEGUA
2015-07-06,2.060851318944844,1.5306819100995483,random_forest,MOQUEGUA
2015-07-13,2.248201438848921,1.5964535877489343,random_forest,MOQUEGUA
2015-07-20,2.4355515587529974,1.584869253985606,random_forest,MOQUEGUA
2015-07-27,2.0608513189448443,1.9080694644734746,random_forest,MOQUEGUA
2015-08-03,1.6861510791366907,1.8273042154282535,random_forest,MOQUEGUA
2015-08-10,1.6861510791366907,1.5954279771455382,random_forest,MOQUEGUA
2015-08-17,1.311450839328537,1.5316939641354284,random_forest,MOQUEGUA
2015-08-24,1.3114508393285371,1.4069111782643375,random_forest,MOQUEGUA
2015-08-31,0.7494004796163068,1.3355552701934739,random_forest,MOQUEGUA
2015-09-07,1.1241007194244605,1.1442087548477275,random_forest,MOQUEGUA
2015-09-14,1.4988009592326137,1.1689611586049646,random_forest,MOQUEGUA
2015-09-21,1.6861510791366905,1.3207083377779065,random_forest,MOQUEGUA
2015-09-28,2.060851318944844,1.5744133902569772,random_forest,MOQUEGUA
2015-10-05,2.060851318944844,1.6787936991244825,random_forest,MOQUEGUA
2015-10-12,2.060851318944844,1.6831038050802267,random_forest,MOQUEGUA
2015-10-19,1.4988009592326141,1.5716396742315486,random_forest,MOQUEGUA
2015-10-26,1.1241007194244605,1.361572806941659,random_forest,MOQUEGUA
2015-11-02,1.6861510791366907,1.1177535772075267,random_forest,MOQUEGUA
2015-11-09,2.248201438848921,1.3210206822193646,random_forest,MOQUEGUA
2015-11-16,2.4355515587529974,1.495330833219533,random_forest,MOQUEGUA
2015-11-23,2.6229016786570742,1.7274044519004872,random_forest,MOQUEGUA
2015-11-30,2.4355515587529974,1.6548523327232332,random_forest,MOQUEGUA
2015-12-07,1.8735011990407673,1.6245843883023727,random_forest,MOQUEGUA
2015-12-14,1.1241007194244605,1.4807750148040528,random_forest,MOQUEGUA
2015-12-21,0.9367505995203839,1.3207239857742257,random_forest,MOQUEGUA
2015-12-28,0.9367505995203839,1.0718019259090472,random_forest,MOQUEGUA
2016-01-04,0.5599173234910843,1.03121930070792,random_forest,MOQUEGUA
2016-01-11,0.5556512510487919,0.8113609993911386,random_forest,MOQUEGUA
2016-01-18,0.5556512510487919,0.691787648783854,random_forest,MOQUEGUA
2016-01-25,0.5556512510487918,0.6707293637296565,random_forest,MOQUEGUA
2016-02-01,0.3704341673658613,0.6990794331107706,random_forest,MOQUEGUA
2016-02-08,0.3704341673658613,0.6996322755562652,random_forest,MOQUEGUA
2016-02-15,0.555651251048792,0.6321041948730983,random_forest,MOQUEGUA
2016-02-22,0.3704341673658613,0.6746913232438093,random_forest,MOQUEGUA
2016-02-29,0.37043416736586127,0.6875110629099814,random_forest,MOQUEGUA
2016-03-07,0.0,0.6822158865150975,random_forest,MOQUEGUA
2016-03-14,0.9260854184146531,0.4783667386164859,random_forest,MOQUEGUA
2016-03-21,1.481736669463445,0.6370449013888638,random_forest,MOQUEGUA
2016-03-28,1.8521708368293062,1.0352671712990924,random_forest,MOQUEGUA
2016-04-04,1.2965195857805143,1.3843589677680608,random_forest,MOQUEGUA
2016-04-11,1.2965195857805143,1.298097206184725,random_forest,MOQUEGUA
2016-04-18,1.481736669463445,1.1159455954466888,random_forest,MOQUEGUA
2016-04-25,1.2965195857805143,1.1923320980857635,random_forest,MOQUEGUA
2016-05-02,1.481736669463445,1.182897305024029,random_forest,MOQUEGUA
2016-05-09,1.6669537531463756,1.273902087751477,random_forest,MOQUEGUA
2016-05-16,2.593039171561028,1.3691979664117233,random_forest,MOQUEGUA
2016-05-23,2.7782562552439587,1.8308837535091123,random_forest,MOQUEGUA
2016-05-30,2.222605004195167,1.9331915525895735,random_forest,MOQUEGUA
2016-06-06,1.8521708368293062,1.8581767582320972,random_forest,MOQUEGUA
2016-06-13,1.6669537531463756,1.5487500638414466,random_forest,MOQUEGUA
2016-06-20,2.222605004195167,1.5334055836455587,random_forest,MOQUEGUA
2016-06-27,1.6669537531463756,1.7036867162132652,random_forest,MOQUEGUA
2016-07-04,1.1113025020975835,1.6610870985865789,random_forest,MOQUEGUA
2016-07-11,1.481736669463445,1.4133156000243399,random_forest,MOQUEGUA
2016-07-18,2.0373879205122365,1.4499562901749814,random_forest,MOQUEGUA
2016-07-25,2.222605004195167,1.7252573203210573,random_forest,MOQUEGUA
2016-08-01,2.0373879205122365,2.0453849924462055,random_forest,MOQUEGUA
2016-08-08,1.8521708368293062,1.876912291463876,random_forest,MOQUEGUA
2016-08-15,2.0373879205122365,1.7101484003286354,random_forest,MOQUEGUA
2016-08-22,2.0373879205122365,1.741294821036906,random_forest,MOQUEGUA
2016-08-29,2.0373879205122365,1.8295945931193611,random_forest,MOQUEGUA
2016-09-05,2.96347333892689,1.7475236555333997,random_forest,MOQUEGUA
2016-09-12,3.1486904226098207,1.8230090183600254,random_forest,MOQUEGUA
2016-09-19,3.1486904226098207,1.843589932309224,random_forest,MOQUEGUA
2016-09-26,2.2226050041951675,2.358687272508537,random_forest,MOQUEGUA
2016-10-03,1.481736669463445,1.997596974437315,random_forest,MOQUEGUA
2016-10-10,0.9260854184146533,1.7188163111440196,random_forest,MOQUEGUA
2016-10-17,0.9260854184146533,1.3328496229488755,random_forest,MOQUEGUA
2016-10-24,1.111302502097584,0.9945241480543066,random_forest,MOQUEGUA
2016-10-31,1.6669537531463754,1.1055374441616408,random_forest,MOQUEGUA
2016-11-07,1.2965195857805145,1.5194718903930635,random_forest,MOQUEGUA
2016-11-14,1.6669537531463756,1.4545444385966013,random_forest,MOQUEGUA
2016-11-21,1.481736669463445,1.575871613718187,random_forest,MOQUEGUA
2016-11-28,1.8521708368293062,1.4190305500591562,random_forest,MOQUEGUA
2016-12-05,1.2965195857805145,1.5936021274837882,random_forest,MOQUEGUA
2016-12-12,1.481736669463445,1.317246403456139,random_forest,MOQUEGUA
2016-12-19,1.6669537531463756,1.4084420325559426,random_forest,MOQUEGUA
2016-12-26,2.407822087878098,1.3756553951380779,random_forest,MOQUEGUA
2017-01-02,2.4015700687691797,1.7886043279037709,random_forest,MOQUEGUA
2017-01-09,2.210100965977331,1.8002767041466166,random_forest,MOQUEGUA
2017-01-16,2.014463850446204,1.8535979747001956,random_forest,MOQUEGUA
2017-01-23,2.1975969277594953,1.673196043569799,random_forest,MOQUEGUA
2017-01-30,2.3807300050727864,1.723922013268776,random_forest,MOQUEGUA
2017-02-06,2.3807300050727864,1.8244845043776836,random_forest,MOQUEGUA
2017-02-13,2.563863082386078,2.154435606370706,random_forest,MOQUEGUA
2017-02-20,2.563863082386078,2.119738738192084,random_forest,MOQUEGUA
2017-02-27,2.014463850446204,2.11828987841971,random_forest,MOQUEGUA
2017-03-06,1.4650646185063303,1.9726879611412587,random_forest,MOQUEGUA
2017-03-13,0.7325323092531653,1.5239321187061996,random_forest,MOQUEGUA
2017-03-20,1.0987984638797477,1.0627710403187127,random_forest,MOQUEGUA
2017-03-27,0.7325323092531653,1.0234250485536325,random_forest,MOQUEGUA
2017-04-03,1.4650646185063303,0.9556931588865717,random_forest,MOQUEGUA
2017-04-10,1.831330773132913,1.2721486748777662,random_forest,MOQUEGUA
2017-04-17,3.1132623143259512,1.535535973973772,random_forest,MOQUEGUA
2017-04-24,3.1132623143259512,2.0229667375467213,random_forest,MOQUEGUA
2017-05-01,2.3807300050727864,2.1216270722276236,random_forest,MOQUEGUA
2017-05-08,1.4650646185063303,2.1081125404209264,random_forest,MOQUEGUA
2017-05-15,1.4650646185063303,1.487245433191299,random_forest,MOQUEGUA
2017-05-22,1.8313307731329127,1.4433922444659433,random_forest,MOQUEGUA
2017-05-29,2.197596927759495,1.686815667405768,random_forest,MOQUEGUA
2017-06-05,2.014463850446204,1.9123139637798485,random_forest,MOQUEGUA
2017-06-12,2.5638630823860775,1.8771049079547144,random_forest,MOQUEGUA
2017-06-19,3.1132623143259512,2.1287299874695798,random_forest,MOQUEGUA
2017-06-26,3.479528468952534,2.11101402342386,random_forest,MOQUEGUA
2017-07-03,3.8457946235791165,2.3531977204090877,random_forest,MOQUEGUA
2017-07-10,4.028927700892408,2.063226243499564,random_forest,MOQUEGUA
2017-07-17,4.395193855518991,2.032330258371083,random_forest,MOQUEGUA
2017-07-24,3.479528468952534,2.079053491651417,random_forest,MOQUEGUA
2017-07-31,3.8457946235791165,3.261096512886387,random_forest,MOQUEGUA
2017-08-07,3.2963953916392428,3.2594025220699767,random_forest,MOQUEGUA
2017-08-14,2.746996159699369,3.229521812025414,random_forest,MOQUEGUA
2017-08-21,1.6481976958196214,3.098195717307055,random_forest,MOQUEGUA
2017-08-28,2.014463850446204,2.1024102354105416,random_forest,MOQUEGUA
2017-09-04,2.380730005072787,2.1318812154301456,random_forest,MOQUEGUA
2017-09-11,2.0144638504462042,2.2921608206792796,random_forest,MOQUEGUA
2017-09-18,1.0987984638797477,2.22575750034294,random_forest,MOQUEGUA
2017-09-25,0.9156653865664565,1.4184845298328446,random_forest,MOQUEGUA
2017-10-02,1.6481976958196214,1.220350958642333,random_forest,MOQUEGUA
2017-10-09,2.563863082386078,1.546119099739918,random_forest,MOQUEGUA
2017-10-16,3.6626615462658254,2.051544117177106,random_forest,MOQUEGUA
2017-10-23,3.6626615462658254,2.535172384163179,random_forest,MOQUEGUA
2017-10-30,2.9301292370126606,2.628825434724618,random_forest,MOQUEGUA
2017-11-06,2.563863082386078,2.4309594656180833,random_forest,MOQUEGUA
2017-11-13,2.380730005072787,2.209060435904866,random_forest,MOQUEGUA
2017-11-20,3.1132623143259512,2.0660732200752676,random_forest,MOQUEGUA
2017-11-27,2.563863082386078,2.571360216917823,random_forest,MOQUEGUA
2017-12-04,2.380730005072787,2.3721440749882596,random_forest,MOQUEGUA
2017-12-11,2.014463850446204,2.1202399856299903,random_forest,MOQUEGUA
2017-12-18,1.831330773132913,1.9442535579692202,random_forest,MOQUEGUA
2017-12-25,1.6481976958196218,1.8258086319834823,random_forest,MOQUEGUA
2018-01-01,1.988793716617806,1.8000822847202684,random_forest,MOQUEGUA
2018-01-08,2.159091727016898,1.899479662760524,random_forest,MOQUEGUA
2018-01-15,2.503966103453149,1.9990036685148103,random_forest,MOQUEGUA
2018-01-22,2.146256660102699,2.2774343083612734,random_forest,MOQUEGUA
2018-01-29,2.3251113817779236,2.0079184288760774,random_forest,MOQUEGUA
2018-02-05,2.8616755468035984,2.088149700658179,random_forest,MOQUEGUA
2018-02-12,2.5039661034531484,2.372360918998302,random_forest,MOQUEGUA
2018-02-19,2.3251113817779236,2.312434567207511,random_forest,MOQUEGUA
2018-02-26,1.2519830517265744,2.2391623213386254,random_forest,MOQUEGUA
2018-03-05,1.4308377734017992,1.4072142796677585,random_forest,MOQUEGUA
2018-03-12,1.6096924950770244,1.4348054818814144,random_forest,MOQUEGUA
2018-03-19,1.7885472167522491,1.746816730765639,random_forest,MOQUEGUA
2018-03-26,2.1462566601026984,1.85022949859199,random_forest,MOQUEGUA
2018-04-02,2.5039661034531484,1.9856281472791746,random_forest,MOQUEGUA
2018-04-09,2.6828208251283727,2.2571927553818107,random_forest,MOQUEGUA
2018-04-16,2.8616755468035984,2.294829340908225,random_forest,MOQUEGUA
2018-04-23,2.503966103453149,2.3274427229375325,random_forest,MOQUEGUA
2018-04-30,2.6828208251283736,2.252370138321509,random_forest,MOQUEGUA
2018-05-07,2.146256660102699,2.4405822632737677,random_forest,MOQUEGUA
2018-05-14,2.325111381777923,2.091947936226405,random_forest,MOQUEGUA
2018-05-21,2.146256660102699,2.1194181726926473,random_forest,MOQUEGUA
2018-05-28,2.325111381777923,2.0517548223203175,random_forest,MOQUEGUA
2018-06-04,2.1462566601026984,2.2999021948584746,random_forest,MOQUEGUA
2018-06-11,1.967401938427474,2.190808287031331,random_forest,MOQUEGUA
2018-06-18,3.219384990154048,2.159541050624885,random_forest,MOQUEGUA
2018-06-25,3.040530268478823,2.591972891968284,random_forest,MOQUEGUA
2018-07-02,3.040530268478823,2.8132087243294484,random_forest,MOQUEGUA
2018-07-09,1.609692495077024,2.8774349395534626,random_forest,MOQUEGUA
2018-07-16,2.6828208251283736,2.146009369868157,random_forest,MOQUEGUA
2018-07-23,3.5770944335044974,2.5240005184598138,random_forest,MOQUEGUA
2018-07-30,3.934803876854948,2.895786258089168,random_forest,MOQUEGUA
2018-08-06,3.5770944335044974,3.0784105227583756,random_forest,MOQUEGUA
2018-08-13,3.040530268478823,2.9747669946568918,random_forest,MOQUEGUA
2018-08-20,3.398239711829273,2.857481068637323,random_forest,MOQUEGUA
2018-08-27,3.040530268478823,2.759208227233013,random_forest,MOQUEGUA
2018-09-03,2.8616755468035984,2.674517397301576,random_forest,MOQUEGUA
2018-09-10,2.1462566601026984,2.383871496434086,random_forest,MOQUEGUA
2018-09-17,1.967401938427474,2.0909875780424927,random_forest,MOQUEGUA
2018-09-24,1.967401938427474,1.9704275027026639,random_forest,MOQUEGUA
2018-10-01,2.3251113817779236,1.926150477747931,random_forest,MOQUEGUA
2018-10-08,2.1462566601026984,2.1184065745021843,random_forest,MOQUEGUA
2018-10-15,1.967401938427474,2.0437809857296396,random_forest,MOQUEGUA
2018-10-22,2.3251113817779236,2.08206725391067,random_forest,MOQUEGUA
2018-10-29,2.6828208251283736,2.1687741122466275,random_forest,MOQUEGUA
2018-11-05,3.7559491551797226,2.339280711238178,random_forest,MOQUEGUA
2018-11-12,3.7559491551797226,2.7763614439925135,random_forest,MOQUEGUA
2018-11-19,3.040530268478823,3.1385401955137553,random_forest,MOQUEGUA
2018-11-26,1.9674019384274741,2.874434130202684,random_forest,MOQUEGUA
2018-12-03,1.6096924950770244,2.340654525776672,random_forest,MOQUEGUA
2018-12-10,1.7885472167522494,2.0158400536378926,random_forest,MOQUEGUA
2018-12-17,1.967401938427474,1.9363866804086365,random_forest,MOQUEGUA
2018-12-24,1.967401938427474,2.028896913571049,random_forest,MOQUEGUA
2018-12-31,1.7885472167522491,2.051934742923355,random_forest,MOQUEGUA
2019-01-07,1.24876937595865,2.000264427227293,random_forest,MOQUEGUA
2019-01-14,0.3544957675825256,1.6211041174549543,random_forest,MOQUEGUA
2019-01-21,0.8782052295365014,1.004360460687142,random_forest,MOQUEGUA
2019-01-28,1.2294873213511017,0.9249882704069032,random_forest,MOQUEGUA
2019-02-04,2.458974642702203,1.1782159187410417,random_forest,MOQUEGUA
2019-02-11,2.283333596794903,2.0229784161149085,random_forest,MOQUEGUA
2019-02-18,2.9858977804241036,2.07866507115858,random_forest,MOQUEGUA
2019-02-25,2.6346156886095033,2.3690865161579846,random_forest,MOQUEGUA
2019-03-04,2.634615688609503,2.244550165533697,random_forest,MOQUEGUA
2019-03-11,2.1076925508876028,2.2253839716794745,random_forest,MOQUEGUA
2019-03-18,2.1076925508876028,2.021539741829801,random_forest,MOQUEGUA
2019-03-25,1.7564104590730023,2.0694914839750562,random_forest,MOQUEGUA
2019-04-01,1.580769413165702,1.963090889166761,random_forest,MOQUEGUA
2019-04-08,1.229487321351102,1.8277423574892369,random_forest,MOQUEGUA
2019-04-15,1.2294873213511017,1.5536443654994119,random_forest,MOQUEGUA
2019-04-22,1.0538462754438018,1.4879326172506298,random_forest,MOQUEGUA
2019-04-29,1.0538462754438018,1.3723749319358247,random_forest,MOQUEGUA
2019-05-06,1.7564104590730025,1.2864360621881028,random_forest,MOQUEGUA
2019-05-13,2.458974642702203,1.8575432897444026,random_forest,MOQUEGUA
2019-05-20,2.8102567345168037,2.4049840327519894,random_forest,MOQUEGUA
2019-05-27,3.161538826331404,2.4798259876131685,random_forest,MOQUEGUA
2019-06-03,2.6346156886095033,2.464736490155019,random_forest,MOQUEGUA
2019-06-10,2.8102567345168032,2.3715502267018915,random_forest,MOQUEGUA
2019-06-17,2.8102567345168037,2.4874190163314447,random_forest,MOQUEGUA
2019-06-24,2.9858977804241036,2.5026040791643025,random_forest,MOQUEGUA
2019-07-01,3.8641030099606044,2.6418911776228273,random_forest,MOQUEGUA
2019-07-08,4.039744055867904,2.8075971933241974,random_forest,MOQUEGUA
2019-07-15,4.215385101775205,3.017097679718304,random_forest,MOQUEGUA
2019-07-22,3.3371798722387034,2.9967283790797685,random_forest,MOQUEGUA
2019-07-29,2.8102567345168032,3.1616884724168726,random_forest,MOQUEGUA
2019-08-05,2.8102567345168032,2.833108797895354,random_forest,MOQUEGUA
2019-08-12,4.039744055867904,2.6278530364291615,random_forest,MOQUEGUA
2019-08-19,4.742308239497105,2.864849536432412,random_forest,MOQUEGUA
2019-08-26,5.093590331311705,3.009531330671492,random_forest,MOQUEGUA
2019-09-02,3.6884619640533036,2.964181402177499,random_forest,MOQUEGUA
2019-09-09,3.1615388263314035,2.8271649956353886,random_forest,MOQUEGUA
2019-09-16,2.6346156886095033,2.6535529365348367,random_forest,MOQUEGUA
2019-09-23,2.6346156886095033,2.6200475185190464,random_forest,MOQUEGUA
2019-09-30,2.2833335967949027,2.554542659161325,random_forest,MOQUEGUA
2019-10-07,2.8102567345168032,2.151879729512672,random_forest,MOQUEGUA
2019-10-14,2.9858977804241036,2.4500496836875527,random_forest,MOQUEGUA
2019-10-21,3.5128209181460037,2.670982380936942,random_forest,MOQUEGUA
2019-10-28,3.161538826331404,2.9072991551384066,random_forest,MOQUEGUA
2019-11-04,2.2833335967949027,2.7527805367469496,random_forest,MOQUEGUA
2019-11-11,2.2833335967949027,2.4654675278504357,random_forest,MOQUEGUA
2019-11-18,2.4589746427022035,2.402933269226313,random_forest,MOQUEGUA
2019-11-25,3.161538826331404,2.335401919776204,random_forest,MOQUEGUA
2019-12-02,2.458974642702203,2.530671136667209,random_forest,MOQUEGUA
2019-12-09,2.458974642702203,2.300060285548206,random_forest,MOQUEGUA
2019-12-16,2.8102567345168032,2.374592045109853,random_forest,MOQUEGUA
2019-12-23,3.1615388263314035,2.462904671771693,random_forest,MOQUEGUA
2019-12-30,2.458974642702203,2.596010144726105,random_forest,MOQUEGUA
2020-01-06,1.921265537255083,2.4648465230387373,random_forest,MOQUEGUA
2020-01-13,2.080727631574554,2.1447385216091406,random_forest,MOQUEGUA
2020-01-20,1.7294455397599535,2.1317506833036637,random_forest,MOQUEGUA
2020-01-27,1.7294455397599535,1.9376885051421933,random_forest,MOQUEGUA
2020-02-03,1.9023900937359486,1.8775785045969482,random_forest,MOQUEGUA
2020-02-10,2.767112863615925,1.943949090131614,random_forest,MOQUEGUA
2020-02-17,2.767112863615925,2.30619744644022,random_forest,MOQUEGUA
2020-02-24,1.7294455397599533,2.4751289033336983,random_forest,MOQUEGUA
2020-03-02,1.9023900937359486,2.0429742930892143,random_forest,MOQUEGUA
2020-03-09,1.5565009857839582,1.9988492505051012,random_forest,MOQUEGUA
2020-03-16,2.767112863615925,1.630086533986567,random_forest,MOQUEGUA
2020-03-23,1.7294455397599535,2.2273599006306135,random_forest,MOQUEGUA
2020-03-30,1.7294455397599535,1.9064364784016843,random_forest,MOQUEGUA
2020-04-06,0.6917782159039817,1.9518543226236098,random_forest,MOQUEGUA
2020-04-13,0.8647227698799771,1.3210954146786649,random_forest,MOQUEGUA
2020-04-20,0.8647227698799771,1.2174499317800784,random_forest,MOQUEGUA
2020-04-27,0.8647227698799771,1.298882729851934,random_forest,MOQUEGUA
2020-05-04,1.7294455397599533,1.1356499958071393,random_forest,MOQUEGUA
2020-05-11,1.9023900937359486,1.7827988831792057,random_forest,MOQUEGUA
2020-05-18,1.9023900937359486,2.000406806965417,random_forest,MOQUEGUA
2020-05-25,0.8647227698799771,2.04923053232524,random_forest,MOQUEGUA
2020-06-01,0.8647227698799771,1.3242864101385157,random_forest,MOQUEGUA
2020-06-08,1.2106118778319677,1.2744004448748818,random_forest,MOQUEGUA
2020-06-15,2.421223755663935,1.372401905512396,random_forest,MOQUEGUA
2020-06-22,2.2482792016879394,2.043370444240786,random_forest,MOQUEGUA
2020-06-29,2.2482792016879394,2.2511315279811943,random_forest,MOQUEGUA
2020-07-06,2.2482792016879394,2.18052091841736,random_forest,MOQUEGUA
2020-07-13,2.59416830963993,2.1023396996525854,random_forest,MOQUEGUA
2020-07-20,5.442849227010499,2.2401464620638416,random_forest,MOQUEGUA
2020-07-27,7.6911284286984385,3.382374098146999,random_forest,MOQUEGUA
2020-08-03,9.939407630386377,3.6069759841492868,random_forest,MOQUEGUA
2020-08-10,9.939407630386377,3.619447737655858,random_forest,MOQUEGUA
2020-08-17,9.766463076410382,3.549555128867764,random_forest,MOQUEGUA
2020-08-24,9.0746848605064,6.6238318040413064,random_forest,MOQUEGUA
2020-08-31,7.609560374943793,6.47011180836298,random_forest,MOQUEGUA
2020-09-07,5.707170281207845,6.024725726439758,random_forest,MOQUEGUA
2020-09-14,4.323613849399883,5.26462493052821,random_forest,MOQUEGUA
2020-09-21,4.323613849399883,5.550328670694122,random_forest,MOQUEGUA
2020-09-28,3.6318356334959017,5.154434029252155,random_forest,MOQUEGUA
2020-10-05,4.150669295423888,5.1616924406421125,random_forest,MOQUEGUA
2020-10-12,2.59416830963993,5.031676267335454,random_forest,MOQUEGUA
2020-10-19,2.075334647711944,3.552364069760903,random_forest,MOQUEGUA
2020-10-26,1.0376673238559724,2.9947592502714495,random_forest,MOQUEGUA
2020-11-02,0.8647227698799771,2.433673202933425,random_forest,MOQUEGUA
2020-11-09,1.0376673238559717,2.1136315497277374,random_forest,MOQUEGUA
2020-11-16,1.2106118778319677,1.5757092817089942,random_forest,MOQUEGUA
2020-11-23,1.5565009857839582,1.508553278598335,random_forest,MOQUEGUA
2020-11-30,2.4212237556639344,1.6163590976391629,random_forest,MOQUEGUA
2020-12-07,2.2482792016879394,2.2435310278502403,random_forest,MOQUEGUA
2020-12-14,2.940057417591921,2.2831659493386045,random_forest,MOQUEGUA
2020-12-21,3.8047801874718967,2.617758902386168,random_forest,MOQUEGUA
2020-12-28,5.534225727231849,2.995144767683197,random_forest,MOQUEGUA
2021-01-04,7.053897856361801,3.8722089536348054,random_forest,MOQUEGUA
2021-01-11,8.052569920231178,5.760712542059527,random_forest,MOQUEGUA
2021-01-18,9.517694405793785,6.099339377146222,random_forest,MOQUEGUA
2021-01-25,8.834581803220159,6.218002632883722,random_forest,MOQUEGUA
2021-02-01,8.151469200646531,6.27943878436693,random_forest,MOQUEGUA
2021-02-08,5.806457121875828,5.95973916057047,random_forest,MOQUEGUA
2021-02-15,3.927897464798354,5.393834143028671,random_forest,MOQUEGUA
2021-02-22,2.561672259651101,4.608404150066468,random_forest,MOQUEGUA
2021-03-01,3.7571193141549473,3.5664177343614276,random_forest,MOQUEGUA
2021-03-08,3.5863411635115408,3.6059216703059813,random_forest,MOQUEGUA
2021-03-15,2.903228560937914,3.5780554815551167,random_forest,MOQUEGUA
2021-03-22,0.6831126025736273,2.9139485795115614,random_forest,MOQUEGUA
2021-03-29,1.1954470545038471,2.4985554171639985,random_forest,MOQUEGUA
2021-04-05,3.927897464798354,1.7020011436840148,random_forest,MOQUEGUA
2021-04-12,7.297578447429498,2.3489772746088504,random_forest,MOQUEGUA
2021-04-19,8.663803652576751,4.577308191967199,random_forest,MOQUEGUA
2021-04-26,8.663803652576751,6.031566500040441,random_forest,MOQUEGUA
2021-05-03,8.663803652576751,7.250985741895182,random_forest,MOQUEGUA
2021-05-10,8.663803652576751,7.217409383862253,random_forest,MOQUEGUA
2021-05-17,8.493025501933344,7.371213935370063,random_forest,MOQUEGUA
2021-05-24,8.493025501933344,7.007074671048496,random_forest,MOQUEGUA
2021-05-31,9.984146827487015,5.342873008803468,random_forest,MOQUEGUA
2021-06-07,9.471812375556794,5.2546822478093,random_forest,MOQUEGUA
2021-06-14,7.468356598072904,5.2970688790232225,random_forest,MOQUEGUA
2021-06-21,5.294122669945607,5.165229826052593,random_forest,MOQUEGUA
2021-06-28,4.098675615441761,5.015541704005853,random_forest,MOQUEGUA
2021-07-05,3.2447848622247277,4.177790833483808,random_forest,MOQUEGUA
2021-07-12,2.561672259651101,3.455529652949482,random_forest,MOQUEGUA
2021-07-19,2.7324504102945073,2.7697691785087524,random_forest,MOQUEGUA
2021-07-26,2.390894109007694,2.791198726663581,random_forest,MOQUEGUA
2021-08-02,3.0740067115813203,2.4162468797120518,random_forest,MOQUEGUA
2021-08-09,3.2447848622247277,2.534090342504785,random_forest,MOQUEGUA
2021-08-16,3.7571193141549473,2.680451246394957,random_forest,MOQUEGUA
2021-08-23,3.2447848622247277,3.25125963552118,random_forest,MOQUEGUA
2021-08-30,2.2201159583642878,2.8966033306763896,random_forest,MOQUEGUA
2021-09-06,1.8785596570774743,2.491202274595589,random_forest,MOQUEGUA
2021-09-13,1.1954470545038476,2.2263443735293102,random_forest,MOQUEGUA
2021-09-20,1.5370033557906606,1.7010516638380195,random_forest,MOQUEGUA
2021-09-27,1.1954470545038474,1.7664821445320955,random_forest,MOQUEGUA
2021-10-04,1.7077815064340676,1.6183696735697048,random_forest,MOQUEGUA
2021-10-11,1.0246689038604406,1.8260163863794772,random_forest,MOQUEGUA
2021-10-18,1.5370033557906606,1.4674871677243289,random_forest,MOQUEGUA
2021-10-25,1.5370033557906606,1.767466784688884,random_forest,MOQUEGUA
2021-11-01,2.04933780772088,1.8151617801665212,random_forest,MOQUEGUA
2021-11-08,1.8785596570774736,2.020189132299315,random_forest,MOQUEGUA
2021-11-15,1.3662252051472539,1.9093720134956256,random_forest,MOQUEGUA
2021-11-22,1.0246689038604406,1.6699649562671384,random_forest,MOQUEGUA
2021-11-29,1.0246689038604406,1.5238962281288613,random_forest,MOQUEGUA
2021-12-06,2.561672259651101,1.5532436930719182,random_forest,MOQUEGUA
2021-12-13,3.074006711581321,2.294737558722136,random_forest,MOQUEGUA
2021-12-20,2.903228560937914,2.785924960007846,random_forest,MOQUEGUA
2021-12-27,1.3662252051472539,2.856573733723765,random_forest,MOQUEGUA
2022-01-03,1.0190817927735496,1.9120282351777367,random_forest,MOQUEGUA
2022-01-10,1.691020173173394,1.4857441546102768,random_forest,MOQUEGUA
2022-01-17,2.1959051436544264,1.5823316491311823,random_forest,MOQUEGUA
2022-01-24,2.0269893633733163,2.0082375988058674,random_forest,MOQUEGUA
2022-01-31,3.5472313859033036,1.9674475862845233,random_forest,MOQUEGUA
2022-02-07,4.222894507027742,2.541765699602624,random_forest,MOQUEGUA
2022-02-14,5.405304968995509,3.4505991889920935,random_forest,MOQUEGUA
2022-02-21,3.378315605622193,5.1777078789471815,random_forest,MOQUEGUA
2022-02-28,2.871568264778864,3.6903105092962165,random_forest,MOQUEGUA
2022-03-07,2.0269893633733163,2.821996140041982,random_forest,MOQUEGUA
2022-03-14,2.1959051436544264,2.5596594785367435,random_forest,MOQUEGUA
2022-03-21,2.026989363373316,2.3454402135018997,random_forest,MOQUEGUA
2022-03-28,1.5202420225299875,2.2273170671776166,random_forest,MOQUEGUA
2022-04-04,2.0269893633733163,1.8041158031588538,random_forest,MOQUEGUA
2022-04-11,1.8580735830922066,2.054357802991879,random_forest,MOQUEGUA
2022-04-18,2.0269893633733163,1.9631340954927265,random_forest,MOQUEGUA
2022-04-25,1.5202420225299875,2.0886176122333917,random_forest,MOQUEGUA
2022-05-02,1.5202420225299875,1.8222605067831286,random_forest,MOQUEGUA
2022-05-09,1.5202420225299875,1.7699213487862853,random_forest,MOQUEGUA
2022-05-16,1.3513262422488779,1.7015900842670992,random_forest,MOQUEGUA
2022-05-23,1.0134946816866586,1.6191464623648457,random_forest,MOQUEGUA
2022-05-30,1.1824104619677682,1.3735362512277711,random_forest,MOQUEGUA
2022-06-06,1.3513262422488779,1.4709458650669447,random_forest,MOQUEGUA
2022-06-13,2.533736704216645,1.6010556187505776,random_forest,MOQUEGUA
2022-06-20,2.533736704216645,2.493547246127957,random_forest,MOQUEGUA
2022-06-27,2.0269893633733163,2.6087604572499967,random_forest,MOQUEGUA
2022-07-04,1.0134946816866586,2.3285288483207447,random_forest,MOQUEGUA
2022-07-11,1.1824104619677682,1.7241939775581594,random_forest,MOQUEGUA
2022-07-18,1.5202420225299875,1.6786476062154991,random_forest,MOQUEGUA
2022-07-25,2.5337367042166457,1.5331249652150936,random_forest,MOQUEGUA
2022-08-01,1.8580735830922068,2.3876826673257034,random_forest,MOQUEGUA
2022-08-08,1.8580735830922066,1.868884933687581,random_forest,MOQUEGUA
2022-08-15,1.0134946816866586,1.6528829520995192,random_forest,MOQUEGUA
2022-08-22,1.5202420225299869,1.4374247670657143,random_forest,MOQUEGUA
2022-08-29,1.3513262422488779,1.6501510916728293,random_forest,MOQUEGUA
2022-09-05,1.0134946816866586,1.5399122763526494,random_forest,MOQUEGUA
2022-09-12,0.6756631211244392,1.5755024723818898,random_forest,MOQUEGUA
2022-09-19,0.506747340843329,1.4457590756790026,random_forest,MOQUEGUA
2022-09-26,0.506747340843329,1.5140366228673718,random_forest,MOQUEGUA
2022-10-03,0.8445789014055488,1.557707451398305,random_forest,MOQUEGUA
2022-10-10,1.0134946816866586,1.5407915413086954,random_forest,MOQUEGUA
2022-10-17,1.5202420225299875,1.0462314136698032,random_forest,MOQUEGUA
2022-10-24,1.3513262422488779,1.3981249011920853,random_forest,MOQUEGUA
2022-10-31,1.8580735830922066,1.4271262204206148,random_forest,MOQUEGUA
2022-11-07,1.1824104619677682,1.4994401833540467,random_forest,MOQUEGUA
2022-11-14,1.1824104619677682,1.3250634478705712,random_forest,MOQUEGUA
2022-11-21,0.6756631211244392,1.3946991708553025,random_forest,MOQUEGUA
2022-11-28,4.216122254398989,1.1982084953038696,random_forest,MOQUEGUA
2022-12-05,7.41874982711132,3.3208741412919944,random_forest,MOQUEGUA
2022-12-12,10.62137739982365,6.631600419597046,random_forest,MOQUEGUA
2022-12-19,7.24983404683021,7.935755712068668,random_forest,MOQUEGUA
2022-12-26,3.8782906938367696,7.920382374502482,random_forest,MOQUEGUA
2023-01-02,1.3414143511245273,6.005163388926661,random_forest,MOQUEGUA
2023-01-09,2.008817562978674,3.1131913163723737,random_forest,MOQUEGUA
2023-01-16,2.1744293795516665,2.8677035934574056,random_forest,MOQUEGUA
2023-01-23,1.505374185843462,2.5424489591317987,random_forest,MOQUEGUA
2023-01-30,1.3381103874164104,2.245253785868539,random_forest,MOQUEGUA
2023-02-06,1.3381103874164104,1.6836474460223656,random_forest,MOQUEGUA
2023-02-13,1.3381103874164104,1.8171065864591167,random_forest,MOQUEGUA
2023-02-20,0.8363189921352566,1.6571327087338743,random_forest,MOQUEGUA
2023-02-27,0.8363189921352566,1.5539790362009873,random_forest,MOQUEGUA
2023-03-06,0.5017913952811542,1.3468995614738246,random_forest,MOQUEGUA
2023-03-13,0.8363189921352568,1.3959140498896565,random_forest,MOQUEGUA
2023-03-20,1.003582790562308,1.3883746957757994,random_forest,MOQUEGUA
2023-03-27,1.3381103874164104,1.356517068592055,random_forest,MOQUEGUA
2023-04-03,1.1708465889893593,1.3511887443359312,random_forest,MOQUEGUA
2023-04-10,1.505374185843462,1.269653207572578,random_forest,MOQUEGUA
2023-04-17,2.0071655811246156,1.428140815763287,random_forest,MOQUEGUA
2023-04-24,2.174429379551667,1.476737843755612,random_forest,MOQUEGUA
2023-05-01,2.341693177978718,1.8416540533706063,random_forest,MOQUEGUA
2023-05-08,2.5089569764057695,2.1103139766249286,random_forest,MOQUEGUA
2023-05-15,3.0107483716869226,2.29536816307249,random_forest,MOQUEGUA
2023-05-22,3.3452759685410256,2.4670730962211462,random_forest,MOQUEGUA
2023-05-29,2.8434845732598717,2.9070202617959855,random_forest,MOQUEGUA
2023-06-05,2.6762207748328204,2.839508708614571,random_forest,MOQUEGUA
2023-06-12,2.0071655811246156,2.9123589831729566,random_forest,MOQUEGUA
2023-06-19,2.1744293795516665,2.4206426118486655,random_forest,MOQUEGUA
2023-06-26,2.174429379551667,2.1140796569155103,random_forest,MOQUEGUA
2023-07-03,2.5089569764057695,2.1055621275789114,random_forest,MOQUEGUA
2023-07-10,2.508956976405769,2.403150070416961,random_forest,MOQUEGUA
2023-07-17,2.5089569764057695,2.6374098182745853,random_forest,MOQUEGUA
2023-07-24,2.1744293795516665,2.7524145326187104,random_forest,MOQUEGUA
2023-07-31,2.5089569764057695,2.4649576814728302,random_forest,MOQUEGUA
2023-08-07,2.341693177978718,2.5909062018237767,random_forest,MOQUEGUA
2023-08-14,2.8434845732598717,2.6926531800598226,random_forest,MOQUEGUA
2023-08-21,2.6762207748328204,2.6211356237869414,random_forest,MOQUEGUA
2023-08-28,3.1780121701139747,2.5632860675230296,random_forest,MOQUEGUA
2023-09-04,2.6762207748328204,2.646079183998694,random_forest,MOQUEGUA
2023-09-11,2.508956976405769,2.552226097480276,random_forest,MOQUEGUA
2023-09-18,2.1744293795516665,2.63785636327875,random_forest,MOQUEGUA
2023-09-25,2.1744293795516665,2.405270638207571,random_forest,MOQUEGUA
2023-10-02,2.0071655811246156,2.3498409856449296,random_forest,MOQUEGUA
2023-10-09,1.839901782697564,2.140723118871898,random_forest,MOQUEGUA
2023-10-16,1.672637984270513,1.8604289758689292,random_forest,MOQUEGUA
2023-10-23,1.672637984270513,1.7189544652829114,random_forest,MOQUEGUA
2023-10-30,2.174429379551667,1.6407805829722637,random_forest,MOQUEGUA
2023-11-06,2.5089569764057695,1.9127278061202688,random_forest,MOQUEGUA
2023-11-13,2.5089569764057695,2.2258177564495694,random_forest,MOQUEGUA
2023-11-20,1.505374185843462,2.318708334156502,random_forest,MOQUEGUA
2023-11-27,1.839901782697564,1.8369666443306663,random_forest,MOQUEGUA
2023-12-04,1.672637984270513,1.7704025766130294,random_forest,MOQUEGUA
2011-12-26,0.9819690836853693,1.1837515764600688,xgboost,MOQUEGUA
2012-01-02,0.5868399305682147,0.8638235685517265,xgboost,MOQUEGUA
2012-01-09,0.388104594188134,0.5557577390920744,xgboost,MOQUEGUA
2012-01-16,0.5821568912822006,0.6168668084695136,xgboost,MOQUEGUA
2012-01-23,0.7762091883762677,0.566211752979486,xgboost,MOQUEGUA
2012-01-30,1.1643137825644014,0.7031868290293904,xgboost,MOQUEGUA
2012-02-06,1.552418376752535,0.9629234150283593,xgboost,MOQUEGUA
2012-02-13,1.9405229709406686,1.2218860645912837,xgboost,MOQUEGUA
2012-02-20,1.9405229709406688,0.91941786455596,xgboost,MOQUEGUA
2012-02-27,2.3286275651288024,0.9634538447495448,xgboost,MOQUEGUA
2012-03-05,2.1345752680347356,1.0517316355652022,xgboost,MOQUEGUA
2012-03-12,2.522679862222869,1.1194274022003865,xgboost,MOQUEGUA
2012-03-19,2.134575268034735,1.7464615983894776,xgboost,MOQUEGUA
2012-03-26,2.1345752680347356,1.5710761663067019,xgboost,MOQUEGUA
2012-04-02,1.3583660796584682,1.489201936136554,xgboost,MOQUEGUA
2012-04-09,1.3583660796584682,0.8422711062188668,xgboost,MOQUEGUA
2012-04-16,1.1643137825644014,1.1027837298011438,xgboost,MOQUEGUA
2012-04-23,1.3583660796584682,0.8486876798018868,xgboost,MOQUEGUA
2012-04-30,0.7762091883762675,1.1230321938545464,xgboost,MOQUEGUA
2012-05-07,0.9702614854703344,0.4521072268595724,xgboost,MOQUEGUA
2012-05-14,0.7762091883762675,0.8523270990082391,xgboost,MOQUEGUA
2012-05-21,1.7464706738466018,0.5307742457900407,xgboost,MOQUEGUA
2012-05-28,1.9405229709406686,1.0649188357626884,xgboost,MOQUEGUA
2012-06-04,2.3286275651288024,1.1890955166774257,xgboost,MOQUEGUA
2012-06-11,1.9405229709406686,2.061736368920107,xgboost,MOQUEGUA
2012-06-18,1.552418376752535,2.1716019064555483,xgboost,MOQUEGUA
2012-06-25,1.746470673846602,1.622435953660945,xgboost,MOQUEGUA
2012-07-02,1.1643137825644014,2.073758506586046,xgboost,MOQUEGUA
2012-07-09,1.3583660796584682,1.1509243742435833,xgboost,MOQUEGUA
2012-07-16,1.1643137825644012,1.1454430389373784,xgboost,MOQUEGUA
2012-07-23,1.9405229709406686,1.0490143798071097,xgboost,MOQUEGUA
2012-07-30,1.552418376752535,1.7586174188675294,xgboost,MOQUEGUA
2012-08-06,1.3583660796584682,1.4222479325909498,xgboost,MOQUEGUA
2012-08-13,1.7464706738466018,0.6956796305678966,xgboost,MOQUEGUA
2012-08-20,1.9405229709406686,1.0349447117742814,xgboost,MOQUEGUA
2012-08-27,2.134575268034735,1.2058344362087627,xgboost,MOQUEGUA
2012-09-03,1.552418376752535,1.6672557469049318,xgboost,MOQUEGUA
2012-09-10,1.3583660796584678,1.1448832604725774,xgboost,MOQUEGUA
2012-09-17,0.9702614854703343,0.9967211012221389,xgboost,MOQUEGUA
2012-09-24,0.9702614854703343,0.6718139268417541,xgboost,MOQUEGUA
2012-10-01,0.9702614854703343,1.20871370927959,xgboost,MOQUEGUA
2012-10-08,1.164313782564401,1.0350199143009664,xgboost,MOQUEGUA
2012-10-15,1.164313782564401,1.210124258320127,xgboost,MOQUEGUA
2012-10-22,0.9702614854703343,1.0814936803270943,xgboost,MOQUEGUA
2012-10-29,0.9702614854703343,1.215910448586959,xgboost,MOQUEGUA
2012-11-05,0.7762091883762675,1.1034700546140717,xgboost,MOQUEGUA
2012-11-12,1.3583660796584678,1.0786113753350532,xgboost,MOQUEGUA
2012-11-19,2.134575268034735,1.042918027420049,xgboost,MOQUEGUA
2012-11-26,2.328627565128802,1.6082770479124193,xgboost,MOQUEGUA
2012-12-03,2.134575268034735,1.3827549106942987,xgboost,MOQUEGUA
2012-12-10,1.164313782564401,1.4410332783262914,xgboost,MOQUEGUA
2012-12-17,0.9702614854703343,0.8212284861150122,xgboost,MOQUEGUA
2012-12-24,0.9702614854703343,0.7461082217169364,xgboost,MOQUEGUA
2012-12-31,1.1643137825644012,0.8752507744107205,xgboost,MOQUEGUA
2013-01-07,1.54327300233261,0.9048342440241531,xgboost,MOQUEGUA
2013-01-14,1.5387003151226477,1.2908879590926068,xgboost,MOQUEGUA
2013-01-21,1.3423616744235993,1.3491261880346992,xgboost,MOQUEGUA
2013-01-28,1.150595720934514,1.0533662395963843,xgboost,MOQUEGUA
2013-02-04,0.7670638139563426,1.4037790778920396,xgboost,MOQUEGUA
2013-02-11,1.150595720934514,1.0288491041016545,xgboost,MOQUEGUA
2013-02-18,0.9588297674454282,1.5545197570788245,xgboost,MOQUEGUA
2013-02-25,0.9588297674454282,1.1735731639844125,xgboost,MOQUEGUA
2013-03-04,0.3835319069781713,0.9638006381329802,xgboost,MOQUEGUA
2013-03-11,0.0,0.5069503500431296,xgboost,MOQUEGUA
2013-03-18,0.19176595348908565,0.2108918637442329,xgboost,MOQUEGUA
2013-03-25,0.19176595348908565,0.23958905003431266,xgboost,MOQUEGUA
2013-04-01,0.3835319069781713,0.25690171378694515,xgboost,MOQUEGUA
2013-04-08,0.19176595348908565,0.19091946285955158,xgboost,MOQUEGUA
2013-04-15,0.3835319069781713,0.12931904513754103,xgboost,MOQUEGUA
2013-04-22,0.7670638139563426,0.19709526359822388,xgboost,MOQUEGUA
2013-04-29,1.150595720934514,0.7827438564898248,xgboost,MOQUEGUA
2013-05-06,1.150595720934514,1.1577398906692358,xgboost,MOQUEGUA
2013-05-13,0.9588297674454282,1.1357262762846358,xgboost,MOQUEGUA
2013-05-20,0.9588297674454282,0.7021551112191966,xgboost,MOQUEGUA
2013-05-27,0.7670638139563426,0.7376276301372295,xgboost,MOQUEGUA
2013-06-03,0.3835319069781713,0.6440291600154938,xgboost,MOQUEGUA
2013-06-10,0.575297860467257,0.4938735767951597,xgboost,MOQUEGUA
2013-06-17,1.150595720934514,0.8637057030919298,xgboost,MOQUEGUA
2013-06-24,1.150595720934514,1.3157640592810163,xgboost,MOQUEGUA
2013-07-01,1.150595720934514,1.142233137919201,xgboost,MOQUEGUA
2013-07-08,1.5341276279126852,1.0970608085199536,xgboost,MOQUEGUA
2013-07-15,2.109425488379942,1.2685597143076952,xgboost,MOQUEGUA
2013-07-22,2.109425488379942,1.957650050001975,xgboost,MOQUEGUA
2013-07-29,1.3423616744235993,1.9006752421720838,xgboost,MOQUEGUA
2013-08-05,1.3423616744235993,0.965146842038677,xgboost,MOQUEGUA
2013-08-12,1.150595720934514,1.1364185142287244,xgboost,MOQUEGUA
2013-08-19,1.150595720934514,1.1826241463065401,xgboost,MOQUEGUA
2013-08-26,0.7670638139563426,1.2474358758119688,xgboost,MOQUEGUA
2013-09-02,0.575297860467257,0.8123098059753039,xgboost,MOQUEGUA
2013-09-09,0.7670638139563426,0.6866026244109577,xgboost,MOQUEGUA
2013-09-16,1.150595720934514,0.9177417448464096,xgboost,MOQUEGUA
2013-09-23,1.150595720934514,1.16557467757532,xgboost,MOQUEGUA
2013-09-30,0.9588297674454282,1.1482632022541603,xgboost,MOQUEGUA
2013-10-07,0.575297860467257,1.2401549087097044,xgboost,MOQUEGUA
2013-10-14,0.7670638139563426,0.9923713671129148,xgboost,MOQUEGUA
2013-10-21,1.3423616744235993,1.2605929761315027,xgboost,MOQUEGUA
2013-10-28,1.5341276279126852,1.7223331317345636,xgboost,MOQUEGUA
2013-11-04,1.725893581401771,1.6484738960678504,xgboost,MOQUEGUA
2013-11-11,1.3423616744235993,1.4634456035715866,xgboost,MOQUEGUA
2013-11-18,1.3423616744235993,1.1734447787153677,xgboost,MOQUEGUA
2013-11-25,0.7670638139563426,1.1476608281048866,xgboost,MOQUEGUA
2013-12-02,1.150595720934514,0.6524317472667346,xgboost,MOQUEGUA
2013-12-09,0.9588297674454282,1.0911469205923805,xgboost,MOQUEGUA
2013-12-16,1.725893581401771,0.7443225640237627,xgboost,MOQUEGUA
2013-12-23,1.3423616744235993,1.479041125293375,xgboost,MOQUEGUA
2013-12-30,1.5341276279126852,0.8862526120414561,xgboost,MOQUEGUA
2014-01-06,1.1461273753343144,1.1029965605511003,xgboost,MOQUEGUA
2014-01-13,0.952127249045129,0.939396921343373,xgboost,MOQUEGUA
2014-01-20,1.1371906841339154,0.7861728601643199,xgboost,MOQUEGUA
2014-01-27,0.9476589034449296,0.9569066037005884,xgboost,MOQUEGUA
2014-02-03,0.9476589034449298,0.8187206704176337,xgboost,MOQUEGUA
2014-02-10,0.37906356137797187,0.6757164004253297,xgboost,MOQUEGUA
2014-02-17,0.18953178068898593,0.33553139399394943,xgboost,MOQUEGUA
2014-02-24,0.37906356137797187,0.31140125987024464,xgboost,MOQUEGUA
2014-03-03,0.5685953420669578,0.20101388181116472,xgboost,MOQUEGUA
2014-03-10,0.5685953420669578,0.6048607689009811,xgboost,MOQUEGUA
2014-03-17,0.37906356137797187,0.5445443538666128,xgboost,MOQUEGUA
2014-03-24,0.7581271227559437,0.5425282238111525,xgboost,MOQUEGUA
2014-03-31,1.1371906841339154,1.0744616989339288,xgboost,MOQUEGUA
2014-04-07,0.9476589034449295,1.1995553244652941,xgboost,MOQUEGUA
2014-04-14,0.5685953420669578,0.7332277277809316,xgboost,MOQUEGUA
2014-04-21,0.5685953420669578,0.5118524408456201,xgboost,MOQUEGUA
2014-04-28,0.5685953420669578,0.815576309359938,xgboost,MOQUEGUA
2014-05-05,1.1371906841339157,0.832278552010321,xgboost,MOQUEGUA
2014-05-12,1.1371906841339157,1.085699815044948,xgboost,MOQUEGUA
2014-05-19,1.5162542455118875,1.3017799521931555,xgboost,MOQUEGUA
2014-05-26,1.1371906841339157,1.5457319236529083,xgboost,MOQUEGUA
2014-06-02,1.5162542455118875,1.2232647403782548,xgboost,MOQUEGUA
2014-06-09,1.1371906841339157,1.3687989809487013,xgboost,MOQUEGUA
2014-06-16,1.1371906841339157,1.120306951894909,xgboost,MOQUEGUA
2014-06-23,0.7581271227559437,1.1757327529152037,xgboost,MOQUEGUA
2014-06-30,0.9476589034449298,0.8947073077387319,xgboost,MOQUEGUA
2014-07-07,0.9476589034449298,0.9499842353534065,xgboost,MOQUEGUA
2014-07-14,0.9476589034449298,0.6622045048227353,xgboost,MOQUEGUA
2014-07-21,1.1371906841339157,0.7132454641287356,xgboost,MOQUEGUA
2014-07-28,1.3267224648229015,0.9007238783997342,xgboost,MOQUEGUA
2014-08-04,2.463913148956817,1.4616610570723454,xgboost,MOQUEGUA
2014-08-11,3.411572052401747,1.5720359849058367,xgboost,MOQUEGUA
2014-08-18,3.7906356137797186,1.511234636964091,xgboost,MOQUEGUA
2014-08-25,2.274381368267831,1.4797011198579104,xgboost,MOQUEGUA
2014-09-01,1.5162542455118875,1.9201263959470043,xgboost,MOQUEGUA
2014-09-08,0.9476589034449296,1.3145763372263362,xgboost,MOQUEGUA
2014-09-15,1.7057860262008735,0.8070452335685119,xgboost,MOQUEGUA
2014-09-22,1.7057860262008735,1.2040553366663629,xgboost,MOQUEGUA
2014-09-29,1.8953178068898593,1.4641599018499927,xgboost,MOQUEGUA
2014-10-06,1.3267224648229015,1.6037041590802918,xgboost,MOQUEGUA
2014-10-13,1.7057860262008733,1.2291619966858998,xgboost,MOQUEGUA
2014-10-20,1.7057860262008733,1.3733277837600877,xgboost,MOQUEGUA
2014-10-27,1.895317806889859,1.8521559988985852,xgboost,MOQUEGUA
2014-11-03,1.8953178068898593,1.9438001196930874,xgboost,MOQUEGUA
2014-11-10,1.5162542455118875,1.5181885592081943,xgboost,MOQUEGUA
2014-11-17,1.7057860262008733,1.4013815408869814,xgboost,MOQUEGUA
2014-11-24,0.7581271227559437,1.3502135458252453,xgboost,MOQUEGUA
2014-12-01,0.5685953420669577,0.7473670601262579,xgboost,MOQUEGUA
2014-12-08,0.0,0.7395974172172222,xgboost,MOQUEGUA
2014-12-15,0.18953178068898593,0.5812952095833388,xgboost,MOQUEGUA
2014-12-22,0.18953178068898593,0.21112955861918228,xgboost,MOQUEGUA
2014-12-29,1.3267224648229015,0.1259066798826544,xgboost,MOQUEGUA
2015-01-05,1.511890923942069,1.001840726533396,xgboost,MOQUEGUA
2015-01-12,2.261291403558376,1.12214405076804,xgboost,MOQUEGUA
2015-01-19,1.3114508393285373,2.4880075013959,xgboost,MOQUEGUA
2015-01-26,0.9367505995203839,1.9149306653561478,xgboost,MOQUEGUA
2015-02-02,0.56205035971223,1.2334999810058254,xgboost,MOQUEGUA
2015-02-09,0.56205035971223,0.7569578009703599,xgboost,MOQUEGUA
2015-02-16,0.7494004796163068,0.738338063035985,xgboost,MOQUEGUA
2015-02-23,0.7494004796163068,0.8773330433322024,xgboost,MOQUEGUA
2015-03-02,1.12410071942446,0.5229089959606882,xgboost,MOQUEGUA
2015-03-09,1.1241007194244603,1.0495669739303526,xgboost,MOQUEGUA
2015-03-16,0.7494004796163067,1.1966898232995993,xgboost,MOQUEGUA
2015-03-23,0.7494004796163068,0.8905627886927652,xgboost,MOQUEGUA
2015-03-30,0.7494004796163067,0.8177902584338167,xgboost,MOQUEGUA
2015-04-06,0.9367505995203835,0.9361388990151246,xgboost,MOQUEGUA
2015-04-13,1.1241007194244605,0.7021670831106872,xgboost,MOQUEGUA
2015-04-20,1.6861510791366907,1.0427902974071745,xgboost,MOQUEGUA
2015-04-27,2.0608513189448443,1.4214300293383646,xgboost,MOQUEGUA
2015-05-04,2.060851318944844,1.6517867923475977,xgboost,MOQUEGUA
2015-05-11,1.873501199040767,1.852619801365837,xgboost,MOQUEGUA
2015-05-18,1.4988009592326137,1.5186942825128456,xgboost,MOQUEGUA
2015-05-25,0.9367505995203835,1.356367618835256,xgboost,MOQUEGUA
2015-06-01,0.7494004796163068,0.79730866430313,xgboost,MOQUEGUA
2015-06-08,0.7494004796163068,0.7527212229189895,xgboost,MOQUEGUA
2015-06-15,1.12410071942446,0.7837613719591855,xgboost,MOQUEGUA
2015-06-22,1.311450839328537,0.9657393844003755,xgboost,MOQUEGUA
2015-06-29,1.873501199040767,1.0210692282641878,xgboost,MOQUEGUA
2015-07-06,2.060851318944844,1.627159651482079,xgboost,MOQUEGUA
2015-07-13,2.248201438848921,1.6732683324526647,xgboost,MOQUEGUA
2015-07-20,2.4355515587529974,1.6978233739354491,xgboost,MOQUEGUA
2015-07-27,2.0608513189448443,2.313066476361109,xgboost,MOQUEGUA
2015-08-03,1.6861510791366907,1.6966338563063132,xgboost,MOQUEGUA
2015-08-10,1.6861510791366907,1.6606823717298307,xgboost,MOQUEGUA
2015-08-17,1.311450839328537,1.5035754762055873,xgboost,MOQUEGUA
2015-08-24,1.3114508393285371,1.2414682314646799,xgboost,MOQUEGUA
2015-08-31,0.7494004796163068,1.2473265690546889,xgboost,MOQUEGUA
2015-09-07,1.1241007194244605,1.1550616800895348,xgboost,MOQUEGUA
2015-09-14,1.4988009592326137,1.0659573892121899,xgboost,MOQUEGUA
2015-09-21,1.6861510791366905,1.2436026024374758,xgboost,MOQUEGUA
2015-09-28,2.060851318944844,1.7122457592594955,xgboost,MOQUEGUA
2015-10-05,2.060851318944844,1.8173467391786688,xgboost,MOQUEGUA
2015-10-12,2.060851318944844,1.8208585994401705,xgboost,MOQUEGUA
2015-10-19,1.4988009592326141,1.5476305633031338,xgboost,MOQUEGUA
2015-10-26,1.1241007194244605,1.2516358838126957,xgboost,MOQUEGUA
2015-11-02,1.6861510791366907,1.0212772822231238,xgboost,MOQUEGUA
2015-11-09,2.248201438848921,1.2416423215237102,xgboost,MOQUEGUA
2015-11-16,2.4355515587529974,1.4356469683113815,xgboost,MOQUEGUA
2015-11-23,2.6229016786570742,1.9500638260547,xgboost,MOQUEGUA
2015-11-30,2.4355515587529974,1.8597921411829417,xgboost,MOQUEGUA
2015-12-07,1.8735011990407673,1.3973341345673904,xgboost,MOQUEGUA
2015-12-14,1.1241007194244605,1.224129051076435,xgboost,MOQUEGUA
2015-12-21,0.9367505995203839,1.0904335910800038,xgboost,MOQUEGUA
2015-12-28,0.9367505995203839,0.9321241622215335,xgboost,MOQUEGUA
2016-01-04,0.5599173234910843,1.1894842518852302,xgboost,MOQUEGUA
2016-01-11,0.5556512510487919,0.49566162598134,xgboost,MOQUEGUA
2016-01-18,0.5556512510487919,0.555394371145194,xgboost,MOQUEGUA
2016-01-25,0.5556512510487918,0.44390876532050827,xgboost,MOQUEGUA
2016-02-01,0.3704341673658613,0.5665546312168532,xgboost,MOQUEGUA
2016-02-08,0.3704341673658613,0.6402975141212379,xgboost,MOQUEGUA
2016-02-15,0.555651251048792,0.6153168657548319,xgboost,MOQUEGUA
2016-02-22,0.3704341673658613,0.6648483438984581,xgboost,MOQUEGUA
2016-02-29,0.37043416736586127,0.5661503742591311,xgboost,MOQUEGUA
2016-03-07,0.0,0.5607595254996306,xgboost,MOQUEGUA
2016-03-14,0.9260854184146531,0.47755984785655187,xgboost,MOQUEGUA
2016-03-21,1.481736669463445,0.6510665145669562,xgboost,MOQUEGUA
2016-03-28,1.8521708368293062,1.3476554707453745,xgboost,MOQUEGUA
2016-04-04,1.2965195857805143,1.7521157798397098,xgboost,MOQUEGUA
2016-04-11,1.2965195857805143,1.1304063324329028,xgboost,MOQUEGUA
2016-04-18,1.481736669463445,0.9552355061403629,xgboost,MOQUEGUA
2016-04-25,1.2965195857805143,1.0759555280258812,xgboost,MOQUEGUA
2016-05-02,1.481736669463445,0.963322657416161,xgboost,MOQUEGUA
2016-05-09,1.6669537531463756,1.249137915679554,xgboost,MOQUEGUA
2016-05-16,2.593039171561028,1.192334865360569,xgboost,MOQUEGUA
2016-05-23,2.7782562552439587,2.4642705580236446,xgboost,MOQUEGUA
2016-05-30,2.222605004195167,2.2647445614480155,xgboost,MOQUEGUA
2016-06-06,1.8521708368293062,1.779654358868997,xgboost,MOQUEGUA
2016-06-13,1.6669537531463756,1.4216043844151929,xgboost,MOQUEGUA
2016-06-20,2.222605004195167,1.4640043657360855,xgboost,MOQUEGUA
2016-06-27,1.6669537531463756,1.9010909084483667,xgboost,MOQUEGUA
2016-07-04,1.1113025020975835,1.7507870576630689,xgboost,MOQUEGUA
2016-07-11,1.481736669463445,1.3224219790240026,xgboost,MOQUEGUA
2016-07-18,2.0373879205122365,1.346223152602342,xgboost,MOQUEGUA
2016-07-25,2.222605004195167,2.005125664339356,xgboost,MOQUEGUA
2016-08-01,2.0373879205122365,2.496498059924772,xgboost,MOQUEGUA
2016-08-08,1.8521708368293062,2.06189915763572,xgboost,MOQUEGUA
2016-08-15,2.0373879205122365,1.8285090674874231,xgboost,MOQUEGUA
2016-08-22,2.0373879205122365,1.7936277169046924,xgboost,MOQUEGUA
2016-08-29,2.0373879205122365,1.6133113621369066,xgboost,MOQUEGUA
2016-09-05,2.96347333892689,1.5333956122543935,xgboost,MOQUEGUA
2016-09-12,3.1486904226098207,2.011812816052304,xgboost,MOQUEGUA
2016-09-19,3.1486904226098207,2.085951821167567,xgboost,MOQUEGUA
2016-09-26,2.2226050041951675,2.7301233302941337,xgboost,MOQUEGUA
2016-10-03,1.481736669463445,1.9492624675611063,xgboost,MOQUEGUA
2016-10-10,0.9260854184146533,1.64721288421181,xgboost,MOQUEGUA
2016-10-17,0.9260854184146533,1.2069140030217234,xgboost,MOQUEGUA
2016-10-24,1.111302502097584,0.8928698700951996,xgboost,MOQUEGUA
2016-10-31,1.6669537531463754,1.1303279859100315,xgboost,MOQUEGUA
2016-11-07,1.2965195857805145,1.7835339830598593,xgboost,MOQUEGUA
2016-11-14,1.6669537531463756,1.567687175025489,xgboost,MOQUEGUA
2016-11-21,1.481736669463445,1.6239904418936237,xgboost,MOQUEGUA
2016-11-28,1.8521708368293062,1.1646669310508397,xgboost,MOQUEGUA
2016-12-05,1.2965195857805145,1.7037888291704353,xgboost,MOQUEGUA
2016-12-12,1.481736669463445,1.1397173938568184,xgboost,MOQUEGUA
2016-12-19,1.6669537531463756,1.4779883942614416,xgboost,MOQUEGUA
2016-12-26,2.407822087878098,1.3587505817665964,xgboost,MOQUEGUA
2017-01-02,2.4015700687691797,2.2115602182664946,xgboost,MOQUEGUA
2017-01-09,2.210100965977331,2.032849701718691,xgboost,MOQUEGUA
2017-01-16,2.014463850446204,1.6941732098173305,xgboost,MOQUEGUA
2017-01-23,2.1975969277594953,1.5235370388685392,xgboost,MOQUEGUA
2017-01-30,2.3807300050727864,1.7012833334315838,xgboost,MOQUEGUA
2017-02-06,2.3807300050727864,1.8961503429013398,xgboost,MOQUEGUA
2017-02-13,2.563863082386078,2.673798057036024,xgboost,MOQUEGUA
2017-02-20,2.563863082386078,2.0481358459931407,xgboost,MOQUEGUA
2017-02-27,2.014463850446204,1.9662407579192895,xgboost,MOQUEGUA
2017-03-06,1.4650646185063303,1.5364430058974967,xgboost,MOQUEGUA
2017-03-13,0.7325323092531653,1.4565065327369624,xgboost,MOQUEGUA
2017-03-20,1.0987984638797477,0.8365811002141589,xgboost,MOQUEGUA
2017-03-27,0.7325323092531653,1.0619476389005569,xgboost,MOQUEGUA
2017-04-03,1.4650646185063303,0.8729085683239466,xgboost,MOQUEGUA
2017-04-10,1.831330773132913,1.278907307221103,xgboost,MOQUEGUA
2017-04-17,3.1132623143259512,1.7536056560330386,xgboost,MOQUEGUA
2017-04-24,3.1132623143259512,2.8288831920041795,xgboost,MOQUEGUA
2017-05-01,2.3807300050727864,2.6392525823104998,xgboost,MOQUEGUA
2017-05-08,1.4650646185063303,2.09209001152187,xgboost,MOQUEGUA
2017-05-15,1.4650646185063303,1.1739693794548764,xgboost,MOQUEGUA
2017-05-22,1.8313307731329127,1.1833469411125748,xgboost,MOQUEGUA
2017-05-29,2.197596927759495,1.620833022296177,xgboost,MOQUEGUA
2017-06-05,2.014463850446204,1.8475217802384434,xgboost,MOQUEGUA
2017-06-12,2.5638630823860775,1.7820182960868378,xgboost,MOQUEGUA
2017-06-19,3.1132623143259512,2.4332686246779116,xgboost,MOQUEGUA
2017-06-26,3.479528468952534,2.2834771714793893,xgboost,MOQUEGUA
2017-07-03,3.8457946235791165,2.5261851542985183,xgboost,MOQUEGUA
2017-07-10,4.028927700892408,2.25965406486691,xgboost,MOQUEGUA
2017-07-17,4.395193855518991,2.17140266223013,xgboost,MOQUEGUA
2017-07-24,3.479528468952534,2.2525868420543707,xgboost,MOQUEGUA
2017-07-31,3.8457946235791165,3.4583133724032997,xgboost,MOQUEGUA
2017-08-07,3.2963953916392428,3.6685158769771253,xgboost,MOQUEGUA
2017-08-14,2.746996159699369,3.813250807797473,xgboost,MOQUEGUA
2017-08-21,1.6481976958196214,3.2610666447758825,xgboost,MOQUEGUA
2017-08-28,2.014463850446204,1.306918210138226,xgboost,MOQUEGUA
2017-09-04,2.380730005072787,1.7449752603601743,xgboost,MOQUEGUA
2017-09-11,2.0144638504462042,2.106618355442944,xgboost,MOQUEGUA
2017-09-18,1.0987984638797477,1.6156797587058045,xgboost,MOQUEGUA
2017-09-25,0.9156653865664565,1.1626614052788586,xgboost,MOQUEGUA
2017-10-02,1.6481976958196214,1.0994958653634281,xgboost,MOQUEGUA
2017-10-09,2.563863082386078,1.7953523265638094,xgboost,MOQUEGUA
2017-10-16,3.6626615462658254,2.4159386797325837,xgboost,MOQUEGUA
2017-10-23,3.6626615462658254,3.263253460092947,xgboost,MOQUEGUA
2017-10-30,2.9301292370126606,3.1639745602125773,xgboost,MOQUEGUA
2017-11-06,2.563863082386078,2.4428291279768515,xgboost,MOQUEGUA
2017-11-13,2.380730005072787,2.2086010203076643,xgboost,MOQUEGUA
2017-11-20,3.1132623143259512,1.9597895698823926,xgboost,MOQUEGUA
2017-11-27,2.563863082386078,2.57285806959483,xgboost,MOQUEGUA
2017-12-04,2.380730005072787,2.5449063820076887,xgboost,MOQUEGUA
2017-12-11,2.014463850446204,1.8568304531922384,xgboost,MOQUEGUA
2017-12-18,1.831330773132913,1.664768221646026,xgboost,MOQUEGUA
2017-12-25,1.6481976958196218,1.6490234684241831,xgboost,MOQUEGUA
2018-01-01,1.988793716617806,1.680962081999039,xgboost,MOQUEGUA
2018-01-08,2.159091727016898,1.7267460583351233,xgboost,MOQUEGUA
2018-01-15,2.503966103453149,2.138973216338077,xgboost,MOQUEGUA
2018-01-22,2.146256660102699,2.599598805295568,xgboost,MOQUEGUA
2018-01-29,2.3251113817779236,1.9426180795592105,xgboost,MOQUEGUA
2018-02-05,2.8616755468035984,2.0681855445028026,xgboost,MOQUEGUA
2018-02-12,2.5039661034531484,2.456015987737752,xgboost,MOQUEGUA
2018-02-19,2.3251113817779236,2.3084105458683863,xgboost,MOQUEGUA
2018-02-26,1.2519830517265744,2.4639364787885416,xgboost,MOQUEGUA
2018-03-05,1.4308377734017992,1.0732729211668282,xgboost,MOQUEGUA
2018-03-12,1.6096924950770244,1.4339105582497893,xgboost,MOQUEGUA
2018-03-19,1.7885472167522491,1.725989113909148,xgboost,MOQUEGUA
2018-03-26,2.1462566601026984,1.857151620010938,xgboost,MOQUEGUA
2018-04-02,2.5039661034531484,2.2363818741929156,xgboost,MOQUEGUA
2018-04-09,2.6828208251283727,2.5349852994822646,xgboost,MOQUEGUA
2018-04-16,2.8616755468035984,2.5461130697167373,xgboost,MOQUEGUA
2018-04-23,2.503966103453149,2.302949555948833,xgboost,MOQUEGUA
2018-04-30,2.6828208251283736,2.5119526037828446,xgboost,MOQUEGUA
2018-05-07,2.146256660102699,2.7112684209705216,xgboost,MOQUEGUA
2018-05-14,2.325111381777923,1.969419587058814,xgboost,MOQUEGUA
2018-05-21,2.146256660102699,1.9544834682094756,xgboost,MOQUEGUA
2018-05-28,2.325111381777923,1.9109366108650578,xgboost,MOQUEGUA
2018-06-04,2.1462566601026984,2.441299022299625,xgboost,MOQUEGUA
2018-06-11,1.967401938427474,2.4511422991454173,xgboost,MOQUEGUA
2018-06-18,3.219384990154048,2.231935036559363,xgboost,MOQUEGUA
2018-06-25,3.040530268478823,2.9669527585052804,xgboost,MOQUEGUA
2018-07-02,3.040530268478823,3.1124285554291995,xgboost,MOQUEGUA
2018-07-09,1.609692495077024,3.1169731353472443,xgboost,MOQUEGUA
2018-07-16,2.6828208251283736,1.8211044253846262,xgboost,MOQUEGUA
2018-07-23,3.5770944335044974,3.0044509035684897,xgboost,MOQUEGUA
2018-07-30,3.934803876854948,3.815771184779107,xgboost,MOQUEGUA
2018-08-06,3.5770944335044974,3.3072580503002773,xgboost,MOQUEGUA
2018-08-13,3.040530268478823,3.2671853328490914,xgboost,MOQUEGUA
2018-08-20,3.398239711829273,2.6114125460663136,xgboost,MOQUEGUA
2018-08-27,3.040530268478823,2.9044867882963556,xgboost,MOQUEGUA
2018-09-03,2.8616755468035984,2.8521323496734547,xgboost,MOQUEGUA
2018-09-10,2.1462566601026984,2.377652184355967,xgboost,MOQUEGUA
2018-09-17,1.967401938427474,1.8714235044318797,xgboost,MOQUEGUA
2018-09-24,1.967401938427474,2.1058707334650215,xgboost,MOQUEGUA
2018-10-01,2.3251113817779236,2.044526851818597,xgboost,MOQUEGUA
2018-10-08,2.1462566601026984,2.147591505452344,xgboost,MOQUEGUA
2018-10-15,1.967401938427474,1.5132227414604458,xgboost,MOQUEGUA
2018-10-22,2.3251113817779236,2.058165590938421,xgboost,MOQUEGUA
2018-10-29,2.6828208251283736,2.490386230185725,xgboost,MOQUEGUA
2018-11-05,3.7559491551797226,2.731834350209106,xgboost,MOQUEGUA
2018-11-12,3.7559491551797226,3.0048194484276234,xgboost,MOQUEGUA
2018-11-19,3.040530268478823,3.53406916308997,xgboost,MOQUEGUA
2018-11-26,1.9674019384274741,2.6320247411726037,xgboost,MOQUEGUA
2018-12-03,1.6096924950770244,2.0631020913558284,xgboost,MOQUEGUA
2018-12-10,1.7885472167522494,1.8935159183824986,xgboost,MOQUEGUA
2018-12-17,1.967401938427474,1.8042149880633265,xgboost,MOQUEGUA
2018-12-24,1.967401938427474,1.9294555439572936,xgboost,MOQUEGUA
2018-12-31,1.7885472167522491,1.9162833978194338,xgboost,MOQUEGUA
2019-01-07,1.24876937595865,1.7903134078327705,xgboost,MOQUEGUA
2019-01-14,0.3544957675825256,1.3707195388585036,xgboost,MOQUEGUA
2019-01-21,0.8782052295365014,0.6158949884946237,xgboost,MOQUEGUA
2019-01-28,1.2294873213511017,0.9304464970699193,xgboost,MOQUEGUA
2019-02-04,2.458974642702203,1.316225402471984,xgboost,MOQUEGUA
2019-02-11,2.283333596794903,2.579849955152179,xgboost,MOQUEGUA
2019-02-18,2.9858977804241036,2.020168743146767,xgboost,MOQUEGUA
2019-02-25,2.6346156886095033,2.365419409746944,xgboost,MOQUEGUA
2019-03-04,2.634615688609503,2.08485354451503,xgboost,MOQUEGUA
2019-03-11,2.1076925508876028,2.0764433427044366,xgboost,MOQUEGUA
2019-03-18,2.1076925508876028,1.838984172400819,xgboost,MOQUEGUA
2019-03-25,1.7564104590730023,2.037431750952388,xgboost,MOQUEGUA
2019-04-01,1.580769413165702,1.7133040463742208,xgboost,MOQUEGUA
2019-04-08,1.229487321351102,1.6867794310663735,xgboost,MOQUEGUA
2019-04-15,1.2294873213511017,1.6116646610508676,xgboost,MOQUEGUA
2019-04-22,1.0538462754438018,1.4111212917688047,xgboost,MOQUEGUA
2019-04-29,1.0538462754438018,1.092464802368743,xgboost,MOQUEGUA
2019-05-06,1.7564104590730025,1.2562844051953026,xgboost,MOQUEGUA
2019-05-13,2.458974642702203,2.2338562115876557,xgboost,MOQUEGUA
2019-05-20,2.8102567345168037,2.901692289522626,xgboost,MOQUEGUA
2019-05-27,3.161538826331404,2.919565259102145,xgboost,MOQUEGUA
2019-06-03,2.6346156886095033,2.9031916527445385,xgboost,MOQUEGUA
2019-06-10,2.8102567345168032,2.7215001353013544,xgboost,MOQUEGUA
2019-06-17,2.8102567345168037,2.767431558524165,xgboost,MOQUEGUA
2019-06-24,2.9858977804241036,2.721302278286479,xgboost,MOQUEGUA
2019-07-01,3.8641030099606044,2.393775103360295,xgboost,MOQUEGUA
2019-07-08,4.039744055867904,2.9706260352488956,xgboost,MOQUEGUA
2019-07-15,4.215385101775205,3.0195205682762523,xgboost,MOQUEGUA
2019-07-22,3.3371798722387034,2.665453635309063,xgboost,MOQUEGUA
2019-07-29,2.8102567345168032,2.5738659334072174,xgboost,MOQUEGUA
2019-08-05,2.8102567345168032,2.5721076811152117,xgboost,MOQUEGUA
2019-08-12,4.039744055867904,2.5792179921612735,xgboost,MOQUEGUA
2019-08-19,4.742308239497105,2.9070722939010656,xgboost,MOQUEGUA
2019-08-26,5.093590331311705,3.1404278841739415,xgboost,MOQUEGUA
2019-09-02,3.6884619640533036,3.1679977129298718,xgboost,MOQUEGUA
2019-09-09,3.1615388263314035,2.6501163182870457,xgboost,MOQUEGUA
2019-09-16,2.6346156886095033,2.3894610908069858,xgboost,MOQUEGUA
2019-09-23,2.6346156886095033,2.567517647334688,xgboost,MOQUEGUA
2019-09-30,2.2833335967949027,2.5585427627738584,xgboost,MOQUEGUA
2019-10-07,2.8102567345168032,1.7786723794821266,xgboost,MOQUEGUA
2019-10-14,2.9858977804241036,2.3944046719192293,xgboost,MOQUEGUA
2019-10-21,3.5128209181460037,2.6663696097735836,xgboost,MOQUEGUA
2019-10-28,3.161538826331404,3.046928342643342,xgboost,MOQUEGUA
2019-11-04,2.2833335967949027,2.5881714484295997,xgboost,MOQUEGUA
2019-11-11,2.2833335967949027,2.2777705213300634,xgboost,MOQUEGUA
2019-11-18,2.4589746427022035,2.511645322713401,xgboost,MOQUEGUA
2019-11-25,3.161538826331404,2.387239515308498,xgboost,MOQUEGUA
2019-12-02,2.458974642702203,2.6346763576358123,xgboost,MOQUEGUA
2019-12-09,2.458974642702203,2.113824585303182,xgboost,MOQUEGUA
2019-12-16,2.8102567345168032,2.3567772738652524,xgboost,MOQUEGUA
2019-12-23,3.1615388263314035,2.4249780934039644,xgboost,MOQUEGUA
2019-12-30,2.458974642702203,2.8350464145532124,xgboost,MOQUEGUA
2020-01-06,1.921265537255083,2.4257339201087977,xgboost,MOQUEGUA
2020-01-13,2.080727631574554,2.2865320667834754,xgboost,MOQUEGUA
2020-01-20,1.7294455397599535,2.327688433345855,xgboost,MOQUEGUA
2020-01-27,1.7294455397599535,1.6780432076462142,xgboost,MOQUEGUA
2020-02-03,1.9023900937359486,1.6346472043684286,xgboost,MOQUEGUA
2020-02-10,2.767112863615925,2.0939560886089814,xgboost,MOQUEGUA
2020-02-17,2.767112863615925,2.456305628289153,xgboost,MOQUEGUA
2020-02-24,1.7294455397599533,2.654740737286168,xgboost,MOQUEGUA
2020-03-02,1.9023900937359486,1.973366279429575,xgboost,MOQUEGUA
2020-03-09,1.5565009857839582,1.9891702970981877,xgboost,MOQUEGUA
2020-03-16,2.767112863615925,1.3497321276560075,xgboost,MOQUEGUA
2020-03-23,1.7294455397599535,2.3668411234993756,xgboost,MOQUEGUA
2020-03-30,1.7294455397599535,1.754874326966164,xgboost,MOQUEGUA
2020-04-06,0.6917782159039817,1.9400826287318693,xgboost,MOQUEGUA
2020-04-13,0.8647227698799771,1.2784049146358147,xgboost,MOQUEGUA
2020-04-20,0.8647227698799771,1.2175508107013406,xgboost,MOQUEGUA
2020-04-27,0.8647227698799771,1.2156406285274401,xgboost,MOQUEGUA
2020-05-04,1.7294455397599533,0.9860740464985135,xgboost,MOQUEGUA
2020-05-11,1.9023900937359486,2.107767355626054,xgboost,MOQUEGUA
2020-05-18,1.9023900937359486,2.3407998541965864,xgboost,MOQUEGUA
2020-05-25,0.8647227698799771,2.3303628106036727,xgboost,MOQUEGUA
2020-06-01,0.8647227698799771,0.9145752193736173,xgboost,MOQUEGUA
2020-06-08,1.2106118778319677,1.1433122374584608,xgboost,MOQUEGUA
2020-06-15,2.421223755663935,1.1846299543086605,xgboost,MOQUEGUA
2020-06-22,2.2482792016879394,2.3936565665613956,xgboost,MOQUEGUA
2020-06-29,2.2482792016879394,2.0075307674960374,xgboost,MOQUEGUA
2020-07-06,2.2482792016879394,1.9935054249300719,xgboost,MOQUEGUA
2020-07-13,2.59416830963993,2.126571892737111,xgboost,MOQUEGUA
2020-07-20,5.442849227010499,2.392520765140618,xgboost,MOQUEGUA
2020-07-27,7.6911284286984385,4.4615984781906555,xgboost,MOQUEGUA
2020-08-03,9.939407630386377,3.796097413711875,xgboost,MOQUEGUA
2020-08-10,9.939407630386377,3.4464746275652454,xgboost,MOQUEGUA
2020-08-17,9.766463076410382,3.539614330135221,xgboost,MOQUEGUA
2020-08-24,9.0746848605064,8.542015634260387,xgboost,MOQUEGUA
2020-08-31,7.609560374943793,8.280642545569696,xgboost,MOQUEGUA
2020-09-07,5.707170281207845,7.04590379396969,xgboost,MOQUEGUA
2020-09-14,4.323613849399883,6.466807482637623,xgboost,MOQUEGUA
2020-09-21,4.323613849399883,3.8259811807939217,xgboost,MOQUEGUA
2020-09-28,3.6318356334959017,4.0977928111088415,xgboost,MOQUEGUA
2020-10-05,4.150669295423888,3.852048642288837,xgboost,MOQUEGUA
2020-10-12,2.59416830963993,4.107776216308548,xgboost,MOQUEGUA
2020-10-19,2.075334647711944,2.6946861573325314,xgboost,MOQUEGUA
2020-10-26,1.0376673238559724,2.161456016623218,xgboost,MOQUEGUA
2020-11-02,0.8647227698799771,1.445538086191863,xgboost,MOQUEGUA
2020-11-09,1.0376673238559717,1.407353470127996,xgboost,MOQUEGUA
2020-11-16,1.2106118778319677,1.1785576713923804,xgboost,MOQUEGUA
2020-11-23,1.5565009857839582,1.0776587180905872,xgboost,MOQUEGUA
2020-11-30,2.4212237556639344,1.4118296185232269,xgboost,MOQUEGUA
2020-12-07,2.2482792016879394,2.389257857110181,xgboost,MOQUEGUA
2020-12-14,2.940057417591921,2.452050808059692,xgboost,MOQUEGUA
2020-12-21,3.8047801874718967,2.59881234062956,xgboost,MOQUEGUA
2020-12-28,5.534225727231849,3.535600667147905,xgboost,MOQUEGUA
2021-01-04,7.053897856361801,5.687555480368396,xgboost,MOQUEGUA
2021-01-11,8.052569920231178,6.969654607137442,xgboost,MOQUEGUA
2021-01-18,9.517694405793785,7.818724633688235,xgboost,MOQUEGUA
2021-01-25,8.834581803220159,7.739607466304098,xgboost,MOQUEGUA
2021-02-01,8.151469200646531,7.473143871353612,xgboost,MOQUEGUA
2021-02-08,5.806457121875828,6.262595724753763,xgboost,MOQUEGUA
2021-02-15,3.927897464798354,5.126975440197919,xgboost,MOQUEGUA
2021-02-22,2.561672259651101,3.891353143856332,xgboost,MOQUEGUA
2021-03-01,3.7571193141549473,2.5465015795181327,xgboost,MOQUEGUA
2021-03-08,3.5863411635115408,4.13123337894463,xgboost,MOQUEGUA
2021-03-15,2.903228560937914,3.840898752505956,xgboost,MOQUEGUA
2021-03-22,0.6831126025736273,2.506854966891774,xgboost,MOQUEGUA
2021-03-29,1.1954470545038471,1.3123391641683988,xgboost,MOQUEGUA
2021-04-05,3.927897464798354,1.364951959310188,xgboost,MOQUEGUA
2021-04-12,7.297578447429498,3.0989529130455504,xgboost,MOQUEGUA
2021-04-19,8.663803652576751,5.612935105808629,xgboost,MOQUEGUA
2021-04-26,8.663803652576751,5.832067135729684,xgboost,MOQUEGUA
2021-05-03,8.663803652576751,7.948610596055842,xgboost,MOQUEGUA
2021-05-10,8.663803652576751,7.699802078487398,xgboost,MOQUEGUA
2021-05-17,8.493025501933344,7.629702382862413,xgboost,MOQUEGUA
2021-05-24,8.493025501933344,7.167650909663156,xgboost,MOQUEGUA
2021-05-31,9.984146827487015,4.484038115566239,xgboost,MOQUEGUA
2021-06-07,9.471812375556794,3.9286235607241604,xgboost,MOQUEGUA
2021-06-14,7.468356598072904,3.859898793976726,xgboost,MOQUEGUA
2021-06-21,5.294122669945607,3.9864043711287716,xgboost,MOQUEGUA
2021-06-28,4.098675615441761,5.193552667695455,xgboost,MOQUEGUA
2021-07-05,3.2447848622247277,3.736857903295968,xgboost,MOQUEGUA
2021-07-12,2.561672259651101,2.487610373519365,xgboost,MOQUEGUA
2021-07-19,2.7324504102945073,2.126919283732761,xgboost,MOQUEGUA
2021-07-26,2.390894109007694,2.3724045334922033,xgboost,MOQUEGUA
2021-08-02,3.0740067115813203,1.8845075324294032,xgboost,MOQUEGUA
2021-08-09,3.2447848622247277,2.4383125787714897,xgboost,MOQUEGUA
2021-08-16,3.7571193141549473,2.235004837012831,xgboost,MOQUEGUA
2021-08-23,3.2447848622247277,3.4648893417646813,xgboost,MOQUEGUA
2021-08-30,2.2201159583642878,2.9329626273024987,xgboost,MOQUEGUA
2021-09-06,1.8785596570774743,2.3569005251103845,xgboost,MOQUEGUA
2021-09-13,1.1954470545038476,2.026517012356964,xgboost,MOQUEGUA
2021-09-20,1.5370033557906606,1.2567852830361186,xgboost,MOQUEGUA
2021-09-27,1.1954470545038474,1.810696297218305,xgboost,MOQUEGUA
2021-10-04,1.7077815064340676,1.4199143332637743,xgboost,MOQUEGUA
2021-10-11,1.0246689038604406,1.9914075040656207,xgboost,MOQUEGUA
2021-10-18,1.5370033557906606,0.9643599905117304,xgboost,MOQUEGUA
2021-10-25,1.5370033557906606,1.902606069973853,xgboost,MOQUEGUA
2021-11-01,2.04933780772088,1.7899575150625158,xgboost,MOQUEGUA
2021-11-08,1.8785596570774736,2.245727235575628,xgboost,MOQUEGUA
2021-11-15,1.3662252051472539,1.9244042704028055,xgboost,MOQUEGUA
2021-11-22,1.0246689038604406,1.4569429007038874,xgboost,MOQUEGUA
2021-11-29,1.0246689038604406,1.269252129439612,xgboost,MOQUEGUA
2021-12-06,2.561672259651101,1.2975707668774592,xgboost,MOQUEGUA
2021-12-13,3.074006711581321,2.588261703415585,xgboost,MOQUEGUA
2021-12-20,2.903228560937914,2.810417004524491,xgboost,MOQUEGUA
2021-12-27,1.3662252051472539,2.6874304205541675,xgboost,MOQUEGUA
2022-01-03,1.0190817927735496,1.2834822817295817,xgboost,MOQUEGUA
2022-01-10,1.691020173173394,1.0990342757400922,xgboost,MOQUEGUA
2022-01-17,2.1959051436544264,1.743172180063467,xgboost,MOQUEGUA
2022-01-24,2.0269893633733163,1.9314223029857105,xgboost,MOQUEGUA
2022-01-31,3.5472313859033036,1.5092169962950523,xgboost,MOQUEGUA
2022-02-07,4.222894507027742,2.8063451291269987,xgboost,MOQUEGUA
2022-02-14,5.405304968995509,3.2292405706625913,xgboost,MOQUEGUA
2022-02-21,3.378315605622193,5.979242275390132,xgboost,MOQUEGUA
2022-02-28,2.871568264778864,3.229898052615648,xgboost,MOQUEGUA
2022-03-07,2.0269893633733163,2.491265531620164,xgboost,MOQUEGUA
2022-03-14,2.1959051436544264,1.9640729005079611,xgboost,MOQUEGUA
2022-03-21,2.026989363373316,2.204764213344542,xgboost,MOQUEGUA
2022-03-28,1.5202420225299875,1.9046950375756548,xgboost,MOQUEGUA
2022-04-04,2.0269893633733163,1.3201860734861568,xgboost,MOQUEGUA
2022-04-11,1.8580735830922066,1.9454148326527314,xgboost,MOQUEGUA
2022-04-18,2.0269893633733163,1.876284857006738,xgboost,MOQUEGUA
2022-04-25,1.5202420225299875,2.131616574912317,xgboost,MOQUEGUA
2022-05-02,1.5202420225299875,1.8722263109719761,xgboost,MOQUEGUA
2022-05-09,1.5202420225299875,1.739697268430923,xgboost,MOQUEGUA
2022-05-16,1.3513262422488779,1.8639123221989438,xgboost,MOQUEGUA
2022-05-23,1.0134946816866586,1.4988329859165652,xgboost,MOQUEGUA
2022-05-30,1.1824104619677682,1.0474514580115286,xgboost,MOQUEGUA
2022-06-06,1.3513262422488779,1.4557171672676725,xgboost,MOQUEGUA
2022-06-13,2.533736704216645,1.2458906703091062,xgboost,MOQUEGUA
2022-06-20,2.533736704216645,2.5338350562356626,xgboost,MOQUEGUA
2022-06-27,2.0269893633733163,2.862455881121363,xgboost,MOQUEGUA
2022-07-04,1.0134946816866586,2.0721228740879702,xgboost,MOQUEGUA
2022-07-11,1.1824104619677682,1.4599756008969624,xgboost,MOQUEGUA
2022-07-18,1.5202420225299875,1.7961395312872261,xgboost,MOQUEGUA
2022-07-25,2.5337367042166457,1.6531171908500288,xgboost,MOQUEGUA
2022-08-01,1.8580735830922068,2.6538712253594805,xgboost,MOQUEGUA
2022-08-08,1.8580735830922066,1.5119897426854487,xgboost,MOQUEGUA
2022-08-15,1.0134946816866586,1.5552604631297275,xgboost,MOQUEGUA
2022-08-22,1.5202420225299869,1.0850770778733503,xgboost,MOQUEGUA
2022-08-29,1.3513262422488779,2.124012751606488,xgboost,MOQUEGUA
2022-09-05,1.0134946816866586,1.5848309838379966,xgboost,MOQUEGUA
2022-09-12,0.6756631211244392,1.3151660512426933,xgboost,MOQUEGUA
2022-09-19,0.506747340843329,1.1702583074829769,xgboost,MOQUEGUA
2022-09-26,0.506747340843329,1.137633432912905,xgboost,MOQUEGUA
2022-10-03,0.8445789014055488,1.2376040578001772,xgboost,MOQUEGUA
2022-10-10,1.0134946816866586,1.2205914950885433,xgboost,MOQUEGUA
2022-10-17,1.5202420225299875,1.0012198867211068,xgboost,MOQUEGUA
2022-10-24,1.3513262422488779,1.6027312816424206,xgboost,MOQUEGUA
2022-10-31,1.8580735830922066,1.7325365242339976,xgboost,MOQUEGUA
2022-11-07,1.1824104619677682,1.8775922121132131,xgboost,MOQUEGUA
2022-11-14,1.1824104619677682,1.3254063074927849,xgboost,MOQUEGUA
2022-11-21,0.6756631211244392,1.6524486671709813,xgboost,MOQUEGUA
2022-11-28,4.216122254398989,1.1073162336540772,xgboost,MOQUEGUA
2022-12-05,7.41874982711132,5.0244888281231805,xgboost,MOQUEGUA
2022-12-12,10.62137739982365,7.730198446895388,xgboost,MOQUEGUA
2022-12-19,7.24983404683021,8.972836104873068,xgboost,MOQUEGUA
2022-12-26,3.8782906938367696,8.381733222434606,xgboost,MOQUEGUA
2023-01-02,1.3414143511245273,5.784120337006787,xgboost,MOQUEGUA
2023-01-09,2.008817562978674,1.5692612771390932,xgboost,MOQUEGUA
2023-01-16,2.1744293795516665,1.9789243265770846,xgboost,MOQUEGUA
2023-01-23,1.505374185843462,2.1379477160332256,xgboost,MOQUEGUA
2023-01-30,1.3381103874164104,1.688335525511051,xgboost,MOQUEGUA
2023-02-06,1.3381103874164104,1.3605608420134785,xgboost,MOQUEGUA
2023-02-13,1.3381103874164104,1.370215554305476,xgboost,MOQUEGUA
2023-02-20,0.8363189921352566,1.4654190923092443,xgboost,MOQUEGUA
2023-02-27,0.8363189921352566,1.1535830664057078,xgboost,MOQUEGUA
2023-03-06,0.5017913952811542,0.9640616806372301,xgboost,MOQUEGUA
2023-03-13,0.8363189921352568,1.2287652869208914,xgboost,MOQUEGUA
2023-03-20,1.003582790562308,1.574746162964147,xgboost,MOQUEGUA
2023-03-27,1.3381103874164104,1.415354507409185,xgboost,MOQUEGUA
2023-04-03,1.1708465889893593,1.5163547571729943,xgboost,MOQUEGUA
2023-04-10,1.505374185843462,1.149139602933159,xgboost,MOQUEGUA
2023-04-17,2.0071655811246156,1.8881464902193423,xgboost,MOQUEGUA
2023-04-24,2.174429379551667,1.5257874910098337,xgboost,MOQUEGUA
2023-05-01,2.341693177978718,1.7107790692818774,xgboost,MOQUEGUA
2023-05-08,2.5089569764057695,2.289925501553361,xgboost,MOQUEGUA
2023-05-15,3.0107483716869226,2.721263684085944,xgboost,MOQUEGUA
2023-05-22,3.3452759685410256,2.3306069808176035,xgboost,MOQUEGUA
2023-05-29,2.8434845732598717,3.18059332927792,xgboost,MOQUEGUA
2023-06-05,2.6762207748328204,2.512709199145794,xgboost,MOQUEGUA
2023-06-12,2.0071655811246156,2.7891560141339555,xgboost,MOQUEGUA
2023-06-19,2.1744293795516665,2.2506994907640543,xgboost,MOQUEGUA
2023-06-26,2.174429379551667,2.201897921179425,xgboost,MOQUEGUA
2023-07-03,2.5089569764057695,2.3500465531743933,xgboost,MOQUEGUA
2023-07-10,2.508956976405769,2.4725825145830034,xgboost,MOQUEGUA
2023-07-17,2.5089569764057695,3.129329395418909,xgboost,MOQUEGUA
2023-07-24,2.1744293795516665,2.890432712549481,xgboost,MOQUEGUA
2023-07-31,2.5089569764057695,2.7087492652824134,xgboost,MOQUEGUA
2023-08-07,2.341693177978718,3.0297234011287535,xgboost,MOQUEGUA
2023-08-14,2.8434845732598717,3.1102186586623186,xgboost,MOQUEGUA
2023-08-21,2.6762207748328204,2.541414164137189,xgboost,MOQUEGUA
2023-08-28,3.1780121701139747,2.3425127870054565,xgboost,MOQUEGUA
2023-09-04,2.6762207748328204,2.7436339949359625,xgboost,MOQUEGUA
2023-09-11,2.508956976405769,2.2090034303304726,xgboost,MOQUEGUA
2023-09-18,2.1744293795516665,2.40213488842037,xgboost,MOQUEGUA
2023-09-25,2.1744293795516665,2.324195020629193,xgboost,MOQUEGUA
2023-10-02,2.0071655811246156,2.3560210584839596,xgboost,MOQUEGUA
2023-10-09,1.839901782697564,2.052517917837714,xgboost,MOQUEGUA
2023-10-16,1.672637984270513,1.7342625337011042,xgboost,MOQUEGUA
2023-10-23,1.672637984270513,1.6476231600790219,xgboost,MOQUEGUA
2023-10-30,2.174429379551667,1.7010598621372053,xgboost,MOQUEGUA
2023-11-06,2.5089569764057695,2.1638934521483684,xgboost,MOQUEGUA
2023-11-13,2.5089569764057695,2.341084618211956,xgboost,MOQUEGUA
2023-11-20,1.505374185843462,2.3572743081795076,xgboost,MOQUEGUA
2023-11-27,1.839901782697564,1.7408432115792793,xgboost,MOQUEGUA
2023-12-04,1.672637984270513,1.8297909963947485,xgboost,MOQUEGUA
