date,actual,predicted,model
2004-12-27,3.2983627203754664,3.4801607831272054,random_forest
2005-01-03,3.482969897296517,3.5650657202074636,random_forest
2005-01-10,3.694212522840136,3.615243491947874,random_forest
2005-01-17,3.559021320927073,3.6005848006653896,random_forest
2005-01-24,3.2312661061351946,3.553474942975785,random_forest
2005-01-31,2.8171936782874405,3.550358679803784,random_forest
2005-02-07,2.7008530867773466,3.5470024005082945,random_forest
2005-02-14,2.6558180190960194,3.5639314250284344,random_forest
2005-02-21,2.590767365778547,2.786868693694587,random_forest
2005-02-28,2.5207128160520393,2.8339203209783936,random_forest
2005-03-07,2.503199178620412,2.862648486041988,random_forest
2005-03-14,2.564496909631107,2.8947342227535415,random_forest
2005-03-21,2.6508141226869832,2.689656719483205,random_forest
2005-03-28,2.904761865445576,2.764120369371647,random_forest
2005-04-04,3.131188177954469,2.816563750129819,random_forest
2005-04-11,3.4539394963373105,2.9005521708056743,random_forest
2005-04-18,3.6703580160281306,3.5018090103028388,random_forest
2005-04-25,3.910545043661873,3.7352145315725562,random_forest
2005-05-02,4.044399272603594,3.882045733489027,random_forest
2005-05-09,4.160739864113689,3.982257873382811,random_forest
2005-05-16,4.34963695355481,4.248645893632744,random_forest
2005-05-23,4.458471700451349,4.318553306922906,random_forest
2005-05-30,4.434703192508427,4.414662429565835,random_forest
2005-06-06,4.440958063019722,4.428809734743456,random_forest
2005-06-13,4.576063266063702,4.308533928607714,random_forest
2005-06-20,4.513514560950749,4.2893800813737,random_forest
2005-06-27,4.492248001212344,4.258900623011557,random_forest
2005-07-04,4.3471350053502915,4.217401085627904,random_forest
2005-07-11,4.303350911771224,4.337807449585432,random_forest
2005-07-18,4.033140505683263,4.349246876966261,random_forest
2005-07-25,3.645338533982949,4.359033515772101,random_forest
2005-08-01,3.5052294345299324,4.34329689630164,random_forest
2005-08-08,3.3463557235430295,3.609368707465188,random_forest
2005-08-15,3.201242727680977,3.638325000442753,random_forest
2005-08-22,2.932283295695276,3.6211459232011487,random_forest
2005-08-29,2.8434641344348806,3.5868353574663026,random_forest
2005-09-05,2.8834953057071715,2.9562953760053188,random_forest
2005-09-12,2.834707315719067,2.998056156890114,random_forest
2005-09-19,2.6945982162660513,3.046914993233513,random_forest
2005-09-26,2.66957873422087,3.094010128113802,random_forest
2005-10-03,2.800931014958073,2.7930346059957745,random_forest
2005-10-10,2.901008943138798,2.894040471141498,random_forest
2005-10-17,2.9210245287749435,3.012482425396914,random_forest
2005-10-24,2.8884992021162077,3.091050721379948,random_forest
2005-10-31,2.87223653878684,2.9696446509928376,random_forest
2005-11-07,2.8634797200710262,3.049061622918028,random_forest
2005-11-14,2.942291088513348,3.175382863675008,random_forest
2005-11-21,2.97982031158112,3.3077043828854884,random_forest
2005-11-28,2.9673105705585296,3.0209085167333734,random_forest
2005-12-05,2.9598047259449753,3.0718803420005836,random_forest
2005-12-12,3.0323612238760016,3.1549638891269263,random_forest
2005-12-19,3.0060907677285607,3.2744929546354613,random_forest
2005-12-26,2.8196956264919586,3.0645323088491945,random_forest
2006-01-02,2.8125548163029364,3.084200611175694,random_forest
2006-01-09,2.893017657327261,3.1297811438519703,random_forest
2006-01-16,2.9782796102871187,3.198157952255392,random_forest
2006-01-23,2.8759205180909153,2.938053040249826,random_forest
2006-01-30,2.5811756622488358,2.936804736463345,random_forest
2006-02-06,2.390023140677613,2.9251954689736994,random_forest
2006-02-13,2.201337103255696,2.925433925226911,random_forest
2006-02-20,2.296296743003981,2.584166019915512,random_forest
2006-02-27,2.2790313539588385,2.616629132518915,random_forest
2006-03-06,2.4356530974397756,2.6379615373133554,random_forest
2006-03-13,2.5935080829953665,2.653038415796517,random_forest
2006-03-20,2.840156497925977,2.514189687681799,random_forest
2006-03-27,2.878387002240222,2.6702840772810297,random_forest
2006-04-03,3.2224615410684225,2.7481575838030436,random_forest
2006-04-10,3.3704505900267883,2.792605824325128,random_forest
2006-04-17,3.921709797396702,3.483270030180783,random_forest
2006-04-24,4.016669437144987,3.638542174695699,random_forest
2006-05-01,4.307714566763107,3.7679236673378647,random_forest
2006-05-08,4.67645394708437,3.8799793116895196,random_forest
2006-05-15,5.122887578108774,4.542719200252557,random_forest
2006-05-22,5.721009984315504,4.563162640792763,random_forest
2006-05-29,5.621117376268606,4.51552085564884,random_forest
2006-06-05,5.602618745148811,4.461147898251753,random_forest
2006-06-12,5.389267866233833,5.257433936617846,random_forest
2006-06-19,5.4817610218328126,5.2617428449758386,random_forest
2006-06-26,5.253611238021999,5.157209359443276,random_forest
2006-07-03,4.994630402344857,5.1035349248072865,random_forest
2006-07-10,4.673987462935064,4.982899193079769,random_forest
2006-07-17,4.374309638794371,4.892860537960942,random_forest
2006-07-24,4.127661223863762,4.571927845205171,random_forest
2006-07-31,4.0154361950703334,4.343206463056149,random_forest
2006-08-07,4.001870532249151,3.9333544077183142,random_forest
2006-08-14,3.8921119876050287,3.8724517502788287,random_forest
2006-08-21,3.599833615912256,3.787036511227861,random_forest
2006-08-28,3.3100217283687887,3.748834903601712,random_forest
2006-09-04,3.1164027226482602,3.3010113355558666,random_forest
2006-09-11,3.1386010799920143,3.291397386283055,random_forest
2006-09-18,3.1127029964243005,3.2686095903412085,random_forest
2006-09-25,3.0683062817367905,3.2672833715355964,random_forest
2006-10-02,2.8931859071360577,3.062588414664685,random_forest
2006-10-09,3.002944451780179,3.0637161547931564,random_forest
2006-10-16,3.131201627544096,3.087218984269836,random_forest
2006-10-23,3.1780648263809126,3.089422386213808,random_forest
2006-10-30,3.159566195261116,3.1238535839401274,random_forest
2006-11-06,3.1509335007385455,3.1119214457446547,random_forest
2006-11-13,3.187930762978137,3.1229551746873696,random_forest
2006-11-20,3.0781722183340148,3.14861786620016,random_forest
2006-11-27,3.059673587214219,3.1384673550584603,random_forest
2006-12-04,2.9807460944364244,3.1428647769492417,random_forest
2006-12-11,2.968413673689893,3.1567644563349013,random_forest
2006-12-18,2.7821941204172833,3.157551896900415,random_forest
2006-12-25,2.5799424201741825,2.8614569775589573,random_forest
2007-01-01,2.5033862528791713,2.8365939003461427,random_forest
2007-01-08,2.592197387490548,2.850182928629865,random_forest
2007-01-15,2.6922361490925355,2.8265639646754503,random_forest
2007-01-22,2.6083317704622804,2.6989358308594036,random_forest
2007-01-29,2.4234989363782398,2.675807342150384,random_forest
2007-02-05,2.354186623596725,2.678327370811907,random_forest
2007-02-12,2.4247149418656346,2.705298981274321,random_forest
2007-02-19,2.45511507905051,2.526390721229812,random_forest
2007-02-26,2.42836295832782,2.566913899814761,random_forest
2007-03-05,2.38215474980681,2.5967320615339142,random_forest
2007-03-12,2.417418908941265,2.6567943137266528,random_forest
2007-03-19,2.5596915509664804,2.6386820653298635,random_forest
2007-03-26,2.766412483823631,2.7990259668809414,random_forest
2007-04-02,3.0533897788488518,2.929021916865202,random_forest
2007-04-09,3.4011673482438223,3.082741541825008,random_forest
2007-04-16,3.5787041494034924,3.584981442015433,random_forest
2007-04-23,3.6723365719329077,3.802807462998685,random_forest
2007-04-30,3.7282728243530774,3.923888748890471,random_forest
2007-05-07,4.0298421852270385,4.079848314983847,random_forest
2007-05-14,4.268179260756459,4.164195939490477,random_forest
2007-05-21,4.5502925338321,4.338339902719194,random_forest
2007-05-28,4.540564489932939,4.539156912663633,random_forest
2007-06-04,4.6281168850253795,4.538970563865045,random_forest
2007-06-11,4.558804572243865,4.573183845500962,random_forest
2007-06-18,4.38491578754638,4.473647690116427,random_forest
2007-06-25,4.067538355336284,4.401491648691479,random_forest
2007-07-02,3.914321663924513,4.331661604748845,random_forest
2007-07-09,3.881489515764848,3.937271472982175,random_forest
2007-07-16,3.7611049725127423,3.9089957954167085,random_forest
2007-07-23,3.404815364706007,3.8856063230680613,random_forest
2007-07-30,3.1348621465043163,3.801516369515018,random_forest
2007-08-06,3.0363657020253214,3.2405278303518132,random_forest
2007-08-13,3.0144776032522116,3.190907079746404,random_forest
2007-08-20,2.9670533892438065,3.138001969618106,random_forest
2007-08-27,2.8174847142942205,3.101618910614579,random_forest
2007-09-03,2.8065406649076654,2.840923401942522,random_forest
2007-09-10,2.872204961226996,2.841779030730898,random_forest
2007-09-17,2.9342212410841406,2.837810060250066,random_forest
2007-09-24,2.9901574935043107,2.8407941463939905,random_forest
2007-10-01,2.9512453179076705,2.952014138678398,random_forest
2007-10-08,3.189582393437091,2.9347621998996853,random_forest
2007-10-15,3.286862832428692,2.9336943827426594,random_forest
2007-10-22,3.424271452504327,2.9333118822145896,random_forest
2007-10-29,3.229710574521126,3.4778138692312526,random_forest
2007-11-05,3.1932304098992765,3.5435689820180882,random_forest
2007-11-12,3.1275661135799457,3.5335574331669752,random_forest
2007-11-19,3.2297105745211265,3.546793173104651,random_forest
2007-11-26,3.205390464773226,3.1539821869488525,random_forest
2007-12-03,3.099597987369861,3.131344528661746,random_forest
2007-12-10,3.0315016800757406,3.121666123324178,random_forest
2007-12-17,2.9147651532858205,3.039210165773895,random_forest
2007-12-24,3.058253800798431,2.858249284166563,random_forest
2007-12-31,2.9804294496051504,2.7456411237101497,random_forest
2008-01-07,3.145966917803999,2.6639550445802405,random_forest
2008-01-14,3.1439466557384272,2.614928305375808,random_forest
2008-01-21,3.140889057970018,3.002182230809882,random_forest
2008-01-28,2.965795586238967,2.907684248550226,random_forest
2008-02-04,2.8290787658462286,2.860198610946898,random_forest
2008-02-11,2.8098904401770723,2.7603199005817274,random_forest
2008-02-18,2.8062926291141057,2.7177617095007456,random_forest
2008-02-25,2.865056876475897,2.6181765957540506,random_forest
2008-03-03,3.1025124066317056,2.554091067318619,random_forest
2008-03-10,3.2848015004886904,2.539152749931733,random_forest
2008-03-17,3.319580340764036,3.1841518887256406,random_forest
2008-03-24,3.4479022686765184,3.125731426520522,random_forest
2008-03-31,3.467090594345675,3.1697460383937113,random_forest
2008-04-07,3.7189373687533505,3.195175680953491,random_forest
2008-04-14,3.8736432444609235,3.71979680158871,random_forest
2008-04-21,4.006762253790694,3.8007983205147906,random_forest
2008-04-28,3.9791790356412835,3.853105500317721,random_forest
2008-05-05,3.822074619225066,3.9487808113079335,random_forest
2008-05-12,3.748919127611407,3.9456954232667933,random_forest
2008-05-19,3.8928315701300797,3.9603030158945893,random_forest
2008-05-26,3.7801001568237864,3.939667720669879,random_forest
2008-06-02,3.80288629355591,3.907149603029581,random_forest
2008-06-09,3.4419059169049073,3.7728362266440842,random_forest
2008-06-16,3.308786907575135,3.767495924917205,random_forest
2008-06-23,3.0953167845057714,3.7370694619486478,random_forest
2008-06-30,3.040150348206948,3.6957524712788357,random_forest
2008-07-07,3.108508758403317,3.079478970338098,random_forest
2008-07-14,3.1576788429305296,3.078734564013194,random_forest
2008-07-21,2.9849839119081234,3.067795411780932,random_forest
2008-07-28,2.853064172932674,3.05188992468724,random_forest
2008-08-04,2.6108115613595757,2.952487848454759,random_forest
2008-08-11,2.513670662659472,2.978564501987666,random_forest
2008-08-18,2.3457728130543547,2.9941222027183407,random_forest
2008-08-25,2.258226077188829,3.0073548278975175,random_forest
2008-09-01,2.3757545719124114,2.5299917747904757,random_forest
2008-09-08,2.415330493605046,2.628853697719111,random_forest
2008-09-15,2.49688087769896,2.6752286761680577,random_forest
2008-09-22,2.498080148053283,2.7320300367076262,random_forest
2008-09-29,2.39614216793589,2.5826858076731822,random_forest
2008-10-06,2.3673596794321554,2.6819304813325644,random_forest
2008-10-13,2.3565662462432546,2.7645903522356954,random_forest
2008-10-20,2.498080148053283,2.871183030445554,random_forest
2008-10-27,2.5484495029348175,2.545747958754908,random_forest
2008-11-03,2.632398427737377,2.5905126339373896,random_forest
2008-11-10,2.7259415153745135,2.627863855391041,random_forest
2008-11-17,2.7547240038782483,2.6534666672208935,random_forest
2008-11-24,2.763118896358504,2.831499113427719,random_forest
2008-12-01,2.597619587462031,2.8891546696742907,random_forest
2008-12-08,2.6144093724225423,2.9788832438216852,random_forest
2008-12-15,2.4381166303371686,3.007376514467968,random_forest
2008-12-22,2.320588135613587,2.5397116345160002,random_forest
2008-12-29,2.844669280452418,2.5496188497059857,random_forest
2009-01-05,2.7975931233814975,2.571628974584535,random_forest
2009-01-12,2.7174801803794773,2.573997540634126,random_forest
2009-01-19,1.9022470719413513,2.7570685979886846,random_forest
2009-01-26,1.7259816405239,2.669703483074812,random_forest
2009-02-02,1.7969610088799206,2.6286824723670095,random_forest
2009-02-09,1.807607914133324,2.6002505105348925,random_forest
2009-02-16,1.9613965455713682,2.1577097240475136,random_forest
2009-02-23,2.015814061310984,2.1748273570710537,random_forest
2009-03-02,2.212190313762641,2.197039939759918,random_forest
2009-03-09,2.3387701873308777,2.3219940191453645,random_forest
2009-03-16,2.6037598291933546,2.438235666138279,random_forest
2009-03-23,2.900690186816041,2.455053845733809,random_forest
2009-03-30,3.1585818918429154,2.512100027776714,random_forest
2009-04-06,3.390447828472583,2.5020842945641744,random_forest
2009-04-13,3.7181359123828783,3.551127650608334,random_forest
2009-04-20,4.044641006820573,3.7465689884026094,random_forest
2009-04-27,4.446857427504689,3.8956599067073285,random_forest
2009-05-04,4.626671827339941,3.964767988957384,random_forest
2009-05-11,4.868001679750411,4.6215365140166735,random_forest
2009-05-18,4.818316121901197,4.634068484039519,random_forest
2009-05-25,4.886929511312018,4.571023121928066,random_forest
2009-06-01,4.676357385189156,4.451035010590127,random_forest
2009-06-08,4.509555869552508,4.549295374174058,random_forest
2009-06-15,4.0032363752795606,4.42745508011845,random_forest
2009-06-22,3.654254480862459,4.295840568275109,random_forest
2009-06-29,3.2662339338495467,4.180577800859586,random_forest
2009-07-06,3.134922102390909,3.35311847809407,random_forest
2009-07-13,3.0000613025144696,3.241268773625425,random_forest
2009-07-20,2.7232417659259895,3.119324572942699,random_forest
2009-07-27,2.429860376721104,3.055737746802806,random_forest
2009-08-03,2.108087240173811,2.514616951062168,random_forest
2009-08-10,1.954298608735766,2.44619617231788,random_forest
2009-08-17,1.8655743982907407,2.4668564360778578,random_forest
2009-08-24,1.8738553245989429,2.4764850399202745,random_forest
2009-08-31,1.9744094297699721,2.065406662909939,random_forest
2009-09-07,2.00280117711238,2.1411023105439853,random_forest
2009-09-14,2.0820614717766035,2.299924876930955,random_forest
2009-09-21,2.0122650928931836,2.425948492989325,random_forest
2009-09-28,1.9602135560987681,2.201316492799018,random_forest
2009-10-05,1.9838733455507747,2.3381895847250598,random_forest
2009-10-12,2.039473850762991,2.451226501412811,random_forest
2009-10-19,2.0430228191807918,2.4881106814287914,random_forest
2009-10-26,2.032375913927389,2.0946054018197016,random_forest
2009-11-02,2.090342398084806,2.092207340741503,random_forest
2009-11-09,2.247679997940651,2.0997065162348396,random_forest
2009-11-16,2.2571439137214546,2.1223941524642385,random_forest
2009-11-23,2.2689738084474578,2.3868847182784028,random_forest
2009-11-30,2.1968114506188368,2.420890769091589,random_forest
2009-12-07,2.24294804005025,2.4882432633445353,random_forest
2009-12-14,2.2027263979818383,2.5015671149330805,random_forest
2009-12-21,2.1601387769682265,2.251239856487663,random_forest
2009-12-28,2.1231487794727055,2.265815270612763,random_forest
2010-01-04,2.256191942186725,2.2841486678388696,random_forest
2010-01-11,2.323040605425405,2.3101283757795463,random_forest
2010-01-18,2.15921750051153,2.3395651666048427,random_forest
2010-01-25,1.9001114004501465,2.360497456024366,random_forest
2010-02-01,1.7437140247374192,2.412646849062974,random_forest
2010-02-08,1.7507168923066458,2.4248867860608225,random_forest
2010-02-15,1.825414146378396,1.9057955501719916,random_forest
2010-02-22,1.8907742436911772,1.974684406505845,random_forest
2010-03-01,2.0541744869731313,2.0158638960583617,random_forest
2010-03-08,2.1697218018653697,2.0532799490681333,random_forest
2010-03-15,2.3716378167780694,2.144979188646427,random_forest
2010-03-22,2.5805566992599958,2.219815071845894,random_forest
2010-03-29,2.8198213412085713,2.2973985070818648,random_forest
2010-04-05,3.154791839936576,2.418649314122541,random_forest
2010-04-12,3.483926615690225,3.2143240479450004,random_forest
2010-04-19,3.8725857657823006,3.3201087730978593,random_forest
2010-04-26,4.0698332023155155,3.559188572897898,random_forest
2010-05-03,4.183046228018013,3.7103098098642926,random_forest
2010-05-10,4.08383893745397,4.4058332330825865,random_forest
2010-05-17,4.187714806397497,4.482388458079151,random_forest
2010-05-24,3.9402801522848243,4.5877850289262065,random_forest
2010-05-31,3.801389945495164,4.547950541722508,random_forest
2010-06-07,3.3835521805313107,3.8556210495480765,random_forest
2010-06-14,3.207313346705775,3.7797666608812652,random_forest
2010-06-21,2.979720150705911,3.6548018441194845,random_forest
2010-06-28,2.6891011465830084,3.4333691946736127,random_forest
2010-07-05,2.5478766506036052,2.6294325545075363,random_forest
2010-07-12,2.351796358665261,2.4835249287850756,random_forest
2010-07-19,2.3868106965113935,2.3564609215144157,random_forest
2010-07-26,2.219909019444827,2.2906831409035866,random_forest
2010-08-02,2.229246176203796,2.2505424039259427,random_forest
2010-08-09,2.0518401977833887,2.2035995817934926,random_forest
2010-08-16,1.971307220737283,2.1802490413653395,random_forest
2010-08-23,1.7472154585220325,2.140506458153204,random_forest
2010-08-30,1.7040311085118018,1.897698669497949,random_forest
2010-09-06,1.7016968193220594,1.9646373676655426,random_forest
2010-09-13,1.7775612179886808,1.9967077371340072,random_forest
2010-09-20,1.770558350419454,2.0391217948009284,random_forest
2010-09-27,1.669016770665669,1.8915543168546511,random_forest
2010-10-04,1.7612211936604856,1.9310817838294734,random_forest
2010-10-11,1.897777111260404,1.9650196646506457,random_forest
2010-10-18,2.062344499137229,2.007400808065965,random_forest
2010-10-25,1.973641509927025,1.9969877089842838,random_forest
2010-11-01,1.8942756774757907,2.030932455364748,random_forest
2010-11-08,1.9082814126142438,2.0779523127753023,random_forest
2010-11-15,1.9759757991167675,2.1330740455056327,random_forest
2010-11-22,2.0098229923680293,2.0036268138251323,random_forest
2010-11-29,1.993482968039834,2.028920867879078,random_forest
2010-12-06,1.9794772329013808,2.0555696981698905,random_forest
2010-12-13,2.041335896429549,2.0765349085877896,random_forest
2010-12-20,1.9409614612706345,2.0464057656586396,random_forest
2010-12-27,2.0191601491269977,2.037779194427464,random_forest
2011-01-03,1.9679337657446199,2.057910973268142,random_forest
2011-01-10,2.0561837679839736,2.088352472872265,random_forest
2011-01-17,1.864632795698311,2.0228989845278456,random_forest
2011-01-24,1.7413988802321472,1.9567059629658172,random_forest
2011-01-31,1.576703086665218,1.943518048957121,random_forest
2011-02-07,1.5686410548122913,1.9366282259047238,random_forest
2011-02-14,1.5237240202031288,1.7232464226159252,random_forest
2011-02-21,1.5617307417954969,1.7454875437920898,random_forest
2011-02-28,1.6077994952407917,1.840488872937983,random_forest
2011-03-07,1.6273787154550423,1.9066316168824267,random_forest
2011-03-14,1.8508121696647226,1.762173106442846,random_forest
2011-03-21,2.0235699950845785,1.8586745992793967,random_forest
2011-03-28,2.2953756404118186,1.9335235611972632,random_forest
2011-04-04,2.6293741028902065,2.1111695305439158,random_forest
2011-04-11,3.0105930376500223,2.705701701011308,random_forest
2011-04-18,3.3998740042627644,2.8170153316361666,random_forest
2011-04-25,3.5277147950734578,2.9930291256932713,random_forest
2011-05-02,3.6509487105396214,3.2071073107493855,random_forest
2011-05-09,3.6313694903253713,3.799158494233748,random_forest
2011-05-16,3.7753343448419177,3.9220642957760283,random_forest
2011-05-23,3.680893400279063,3.9973261341988024,random_forest
2011-05-30,3.6624658989009453,3.9952954529169875,random_forest
2011-06-06,3.4528530707248533,3.611499444487129,random_forest
2011-06-13,3.386053378229176,3.498435428573234,random_forest
2011-06-20,3.1914128949228044,3.391251767422371,random_forest
2011-06-27,2.855110994772152,3.2031944498742093,random_forest
2011-07-04,2.619008633365015,2.8291432434338954,random_forest
2011-07-11,2.469285184667807,2.7524288387295925,random_forest
2011-07-18,2.439340494928365,2.6547315065788366,random_forest
2011-07-25,2.2700378260169067,2.393888125512134,random_forest
2011-08-01,2.111100626630639,2.2478051535411203,random_forest
2011-08-08,1.9487082707359742,2.191482818960997,random_forest
2011-08-15,1.8058951350555603,2.1158644985496013,random_forest
2011-08-22,1.5916754315349388,2.0025281421109673,random_forest
2011-08-29,1.505296518825011,1.7188279610651906,random_forest
2011-09-05,1.4903241739552897,1.7304749745203662,random_forest
2011-09-12,1.5916754315349386,1.7539340351581652,random_forest
2011-09-19,1.570944492484556,1.7405545474699988,random_forest
2011-09-26,1.5525169911064378,1.6331174756688607,random_forest
2011-10-03,1.5099033941695403,1.6780638260658718,random_forest
2011-10-10,1.5202688636947317,1.7725149005485306,random_forest
2011-10-17,1.5122068318418052,1.8635209854773906,random_forest
2011-10-24,1.4431037016738628,1.632451537182276,random_forest
2011-10-31,1.4995379246443488,1.6473263181862274,random_forest
2011-11-07,1.5179654260224666,1.7099604882284742,random_forest
2011-11-14,1.5456066780896436,1.7509499227252496,random_forest
2011-11-21,1.568641054812291,1.546613074310991,random_forest
2011-11-28,1.7033921586397789,1.5374648601666956,random_forest
2011-12-05,1.7517643497573385,1.5324436033069553,random_forest
2011-12-12,1.6653854370474106,1.557073413937837,random_forest
2011-12-19,1.5571238664509677,1.7019225638551956,random_forest
2011-12-26,1.5720962113206884,1.7359158004028012,random_forest
2012-01-02,1.5893866370088876,1.7215090600097278,random_forest
2012-01-09,1.5686703411047187,1.7500416470906197,random_forest
2012-01-16,1.5424959159379956,1.5852426289703045,random_forest
2012-01-23,1.4640639202123351,1.5871226960231748,random_forest
2012-01-30,1.4151860098325753,1.5810277253494527,random_forest
2012-02-06,1.3742649685844046,1.5806988742185626,random_forest
2012-02-13,1.39472548920849,1.4750405972894998,random_forest
2012-02-20,1.3697181862234966,1.4871553677363056,random_forest
2012-02-27,1.4265529657348452,1.5000692936857374,random_forest
2012-03-05,1.4436033995882498,1.5219558995697542,random_forest
2012-03-12,1.534539046806407,1.4935268581979813,random_forest
2012-03-19,1.5959206086786633,1.5389619339279628,random_forest
2012-03-26,1.8005258149195178,1.6498651612173565,random_forest
2012-04-02,2.034685106506273,1.7392705437840006,random_forest
2012-04-09,2.4654927352022944,2.1588031446430715,random_forest
2012-04-16,2.9304012316051242,2.399765693375293,random_forest
2012-04-23,3.3543886867597834,2.6135285557598262,random_forest
2012-04-30,3.610145194560852,2.8392404968428355,random_forest
2012-05-07,3.673800147613562,3.599729093515601,random_forest
2012-05-14,3.716994580042187,3.6696643877271042,random_forest
2012-05-21,3.707901015320371,3.6690506875309388,random_forest
2012-05-28,3.6908505814669663,3.6814851374402124,random_forest
2012-06-04,3.7351817094858184,3.5715827183865607,random_forest
2012-06-11,3.6146919769217596,3.4748559422853433,random_forest
2012-06-18,3.388489554466593,3.3608860381039904,random_forest
2012-06-25,2.93949479632694,3.0427782527984624,random_forest
2012-07-02,2.629176900194978,2.816373008881023,random_forest
2012-07-09,2.442758823397755,2.6510610871666858,random_forest
2012-07-16,2.325679177604377,2.4535908060186538,random_forest
2012-07-23,2.1619950126116936,2.2965716276536874,random_forest
2012-07-30,1.9653466755024283,2.12014906144936,random_forest
2012-08-06,1.8016625105097448,1.9771365084333161,random_forest
2012-08-13,1.6663957352727354,1.8922722213207746,random_forest
2012-08-20,1.5879637395470745,1.7988046299011573,random_forest
2012-08-27,1.4583804422612003,1.599289478491709,random_forest
2012-09-03,1.4515602687198383,1.5778754042017966,random_forest
2012-09-10,1.4401933128175688,1.5794354348756463,random_forest
2012-09-17,1.4436033995882498,1.5549558155772627,random_forest
2012-09-24,1.3378907096971417,1.47755130351485,random_forest
2012-10-01,1.2605954095617076,1.477366616613817,random_forest
2012-10-08,1.3015164508098784,1.4721041175402139,random_forest
2012-10-15,1.3435741876482765,1.4672754287599588,random_forest
2012-10-22,1.399272271569398,1.38670179254373,random_forest
2012-10-29,1.3913154024378092,1.3981495773039303,random_forest
2012-11-05,1.5106684394116405,1.4116070158584262,random_forest
2012-11-12,1.5629564365620814,1.4277935104180624,random_forest
2012-11-19,1.6118343469418408,1.5538811924043747,random_forest
2012-11-26,1.5197620041334563,1.5876217879735843,random_forest
2012-12-03,1.5186253085432295,1.6057100185177489,random_forest
2012-12-10,1.5868270439568477,1.6029202777414076,random_forest
2012-12-17,1.6845828647163668,1.55265507873618,random_forest
2012-12-24,1.7209571236036298,1.5413022704149553,random_forest
2012-12-31,1.7289139927352188,1.5252871162243562,random_forest
2013-01-07,1.8258154118840553,1.5122251639371396,random_forest
2013-01-14,1.928517402282927,1.7666785917868102,random_forest
2013-01-21,1.9153545898645152,1.7343987053296965,random_forest
2013-01-28,1.7537781042520428,1.694479834878631,random_forest
2013-02-04,1.587713382928113,1.6815403704220668,random_forest
2013-02-11,1.487850138348182,1.6106784070906748,random_forest
2013-02-18,1.4440898401614708,1.5758583203377694,random_forest
2013-02-25,1.4115501312534036,1.5828124789483466,random_forest
2013-03-04,1.4463339580171999,1.570957441278934,random_forest
2013-03-11,1.5069251401218768,1.4417353701340785,random_forest
2013-03-18,1.6886986864359084,1.4590066009280356,random_forest
2013-03-25,1.8626178202548889,1.4861466451101866,random_forest
2013-04-01,2.27441344678112,1.5382800351003874,random_forest
2013-04-08,2.6244958322748104,2.2981937022258565,random_forest
2013-04-15,3.043023812368228,2.544467758471945,random_forest
2013-04-22,3.2247973586822596,2.799801909732884,random_forest
2013-04-29,3.3123179550556823,3.143683668992883,random_forest
2013-05-06,3.280900305075479,3.51186934630681,random_forest
2013-05-13,3.2371400068887675,3.6555950648330184,random_forest
2013-05-20,3.219187064042938,3.686007717616997,random_forest
2013-05-27,3.2034782390528362,3.6837037793391705,random_forest
2013-06-03,3.247238537239548,3.2311563327524793,random_forest
2013-06-10,3.1967458854856496,3.21116096035947,random_forest
2013-06-17,3.1069811712564985,3.1723922579452197,random_forest
2013-06-24,2.8197340857232143,2.93979961817975,random_forest
2013-07-01,2.6042987715732515,2.6249176330407242,random_forest
2013-07-08,2.378764927072509,2.4930813261543308,random_forest
2013-07-15,2.2654369753582055,2.3988857673411825,random_forest
2013-07-22,2.107226666529326,2.2443722074050836,random_forest
2013-07-29,1.9658472416184125,1.9944735803335205,random_forest
2013-08-05,1.8738384095335325,1.8659104712396957,random_forest
2013-08-12,1.734703102478348,1.774745852929941,random_forest
2013-08-19,1.611276620413265,1.673387790528239,random_forest
2013-08-26,1.4407236633778775,1.565194031849414,random_forest
2013-09-02,1.3655457152109634,1.5191924429072752,random_forest
2013-09-09,1.3790104223453359,1.5062217573613739,random_forest
2013-09-16,1.349836890220862,1.498401806071369,random_forest
2013-09-23,1.3116868866734726,1.3606611132048287,random_forest
2013-09-30,1.229776584939372,1.3587852832499572,random_forest
2013-10-07,1.203969229598491,1.3577446842299326,random_forest
2013-10-14,1.275781000981812,1.3767150695873347,random_forest
2013-10-21,1.301588356322693,1.372651858155767,random_forest
2013-10-28,1.3318839473750315,1.4012892513299344,random_forest
2013-11-04,1.3229074759521164,1.427037970294478,random_forest
2013-11-11,1.3094427688177437,1.4781746912031155,random_forest
2013-11-18,1.3633015973552347,1.4146743325781481,random_forest
2013-11-25,1.4205266026763186,1.4391476023795433,random_forest
2013-12-02,1.4497001348007927,1.475778440179162,random_forest
2013-12-09,1.3633015973552345,1.5243809233205265,random_forest
2013-12-16,1.2488515867130667,1.4648043470456351,random_forest
2013-12-23,1.183772168896932,1.4659002380304071,random_forest
2013-12-30,1.1848942278247963,1.4895164485101366,random_forest
2014-01-06,1.1587822430905017,1.5247347779546274,random_forest
2014-01-13,1.1096205421322909,1.2851168269665916,random_forest
2014-01-20,1.0424345759308562,1.3162964772679642,random_forest
2014-01-27,0.9959072090986608,1.281096949619685,random_forest
2014-02-03,1.0125241258244448,1.2972290981305823,random_forest
2014-02-10,0.9715357312341774,1.1340036085753804,random_forest
2014-02-17,1.0003383868922031,1.1514426445094366,random_forest
2014-02-24,1.006985153582517,1.159626626020788,random_forest
2014-03-03,1.0014461813405888,1.163789322689256,random_forest
2014-03-10,1.0125241258244448,1.0342171087435512,random_forest
2014-03-17,1.0380033981373138,1.038963868148954,random_forest
2014-03-24,1.1665075541500443,1.043829089588673,random_forest
2014-03-31,1.2241128654660958,1.141435410157512,random_forest
2014-04-07,1.3603715826175256,1.4071798070563386,random_forest
2014-04-14,1.5043848609076544,1.5253530850643768,random_forest
2014-04-21,1.661691672578411,1.6765750837415658,random_forest
2014-04-28,1.7093268338589922,1.933566017301374,random_forest
2014-05-05,1.8411543732168794,1.8088161493492871,random_forest
2014-05-12,2.071575618481086,1.9495524178069874,random_forest
2014-05-19,2.4094529252386963,2.0592925305058483,random_forest
2014-05-26,2.656491087228687,2.132889046769027,random_forest
2014-06-02,2.7473302319963064,2.919934146868535,random_forest
2014-06-09,2.758408176480163,3.0994112096124833,random_forest
2014-06-16,2.69858727626734,3.080737600481844,random_forest
2014-06-23,2.6653534428157717,2.8854396118320285,random_forest
2014-06-30,2.551250614632054,2.6089055677076285,random_forest
2014-07-07,2.5490350257352827,2.456978683425263,random_forest
2014-07-14,2.503615453351473,2.375245673365182,random_forest
2014-07-21,2.3806502695806704,2.301370095487491,random_forest
2014-07-28,2.131396518693909,2.264292254513074,random_forest
2014-08-04,1.9685507347812246,2.1041952069925696,random_forest
2014-08-11,1.7071112449622208,1.9461526981222652,random_forest
2014-08-18,1.5232173665302102,1.8169613129918545,random_forest
2014-08-25,1.2850415601273042,1.6065258799349333,random_forest
2014-09-01,1.2994428879563173,1.5317082159552977,random_forest
2014-09-08,1.3105208324401734,1.5311973427492727,random_forest
2014-09-15,1.2783947934369906,1.5160933308598588,random_forest
2014-09-22,1.291688326817618,1.2910174048287946,random_forest
2014-09-29,1.2639934656079779,1.2860864270409622,random_forest
2014-10-06,1.3681261437562249,1.2852030285007605,random_forest
2014-10-13,1.4656120552141585,1.3064467105658444,random_forest
2014-10-20,1.5265407498753667,1.4063796846622432,random_forest
2014-10-27,1.5154628053915105,1.4119316106541655,random_forest
2014-11-03,1.4966302997689553,1.4145589676826023,random_forest
2014-11-10,1.5608823777753207,1.4197591703972596,random_forest
2014-11-17,1.6450747558526269,1.5740675574083698,random_forest
2014-11-24,1.7215125727912337,1.591755451743049,random_forest
2014-12-01,1.6351046058171563,1.6059585857054568,random_forest
2014-12-08,1.5952240056752744,1.6177463561438126,random_forest
2014-12-15,1.4910913275270274,1.6351244443308701,random_forest
2014-12-22,1.463396466317387,1.649945902239574,random_forest
2014-12-29,1.8411543732168798,1.6635565161679766,random_forest
2015-01-05,1.7463472444042756,1.6509046995547274,random_forest
2015-01-12,1.6434426033392038,1.7151839120632217,random_forest
2015-01-19,1.082949323878638,1.691826362171777,random_forest
2015-01-26,0.9987199320214106,1.6672796425562655,random_forest
2015-02-02,1.0566960069361258,1.6212123027217065,random_forest
2015-02-09,1.069822665407382,1.1748738692582437,random_forest
2015-02-16,1.0938882059380182,1.1692133696531604,random_forest
2015-02-23,1.0556021187301876,1.1884953800358868,random_forest
2015-03-02,1.079667659260824,1.1747291665571278,random_forest
2015-03-09,1.19233814447244,1.080514467655312,random_forest
2015-03-16,1.3914257979531595,1.0813054123256245,random_forest
2015-03-23,1.5719173519329326,1.1238345408754689,random_forest
2015-03-30,1.8508588444471272,1.1343377552510026,random_forest
2015-04-06,2.1330820015791363,1.7759306490111928,random_forest
2015-04-13,2.3813946243270663,1.783911482493788,random_forest
2015-04-20,2.4656240161842935,1.8191895497357993,random_forest
2015-04-27,2.6329889116928107,1.8435539101431557,random_forest
2015-05-04,2.765349384611311,2.5470341515969466,random_forest
2015-05-11,2.9852209140048536,2.53227351929249,random_forest
2015-05-18,2.8101988010547694,2.5920968605474646,random_forest
2015-05-25,2.760973831787559,2.617056743685461,random_forest
2015-06-01,2.48422011568524,2.748182668830692,random_forest
2015-06-08,2.4371829228299053,2.764662841406397,random_forest
2015-06-15,2.2577852570560704,2.7636322159371765,random_forest
2015-06-22,2.168086424169153,2.724675583079335,random_forest
2015-06-29,1.9744682117181231,2.202640160765138,random_forest
2015-07-06,1.8289810803283668,2.1794541370879683,random_forest
2015-07-13,1.609109550934825,2.1700473568826064,random_forest
2015-07-20,1.449401872867874,2.119282583395483,random_forest
2015-07-27,1.2853186419771714,1.5556997460283757,random_forest
2015-08-03,1.2185914614149522,1.5629341974629178,random_forest
2015-08-10,1.1868687034427496,1.5560742677751822,random_forest
2015-08-17,1.1321742931458487,1.507977762274988,random_forest
2015-08-24,1.1398315105874148,1.2128588200211294,random_forest
2015-08-31,1.140925398793353,1.2533870532171103,random_forest
2015-09-07,1.1584276100883613,1.2998113363819324,random_forest
2015-09-14,1.1617092747061752,1.3290206149783317,random_forest
2015-09-21,1.150770392646795,1.1953282252259252,random_forest
2015-09-28,1.1934320326783778,1.246446582919856,random_forest
2015-10-05,1.2700042070940392,1.2915910941065776,random_forest
2015-10-12,1.3159475117434358,1.3149151216901374,random_forest
2015-10-19,1.317041399949374,1.3341240596701134,random_forest
2015-10-26,1.2732858717118531,1.3412254296269774,random_forest
2015-11-02,1.320323064567188,1.3576601849170449,random_forest
2015-11-09,1.3968952389828495,1.382624954962193,random_forest
2015-11-16,1.5106596124004035,1.4020153103149233,random_forest
2015-11-23,1.5030023949588374,1.410289970682271,random_forest
2015-11-30,1.5226923826657215,1.409061865247684,random_forest
2015-12-07,1.43518132619068,1.41600357615765,random_forest
2015-12-14,1.3706419220403372,1.495678094025593,random_forest
2015-12-21,1.262346989652473,1.5249602567129183,random_forest
2015-12-28,1.2430161992664213,1.5568266654528753,random_forest
2016-01-04,1.2973351159990496,1.5985196969506836,random_forest
2016-01-11,1.3139917668494208,1.280482400802392,random_forest
2016-01-18,1.2769463636181249,1.2759257143858098,random_forest
2016-01-25,1.1883595600507084,1.2668230906916482,random_forest
2016-02-01,1.1278612551753995,1.2782905158494997,random_forest
2016-02-08,1.1116563520837992,1.1458120217534675,random_forest
2016-02-15,1.1094956983382522,1.1339880559876203,random_forest
2016-02-22,1.1181383133204392,1.112581633937583,random_forest
2016-02-29,1.1300219089209462,1.0931382095129334,random_forest
2016-03-07,1.1440661582670002,1.1111759675622883,random_forest
2016-03-14,1.169994003213561,1.1310323497654808,random_forest
2016-03-21,1.1440661582670002,1.1559852608137047,random_forest
2016-03-28,1.1980825019056687,1.1802897141903868,random_forest
2016-04-04,1.2909906129641788,1.2779728123132126,random_forest
2016-04-11,1.4822084694450657,1.3600865417908672,random_forest
2016-04-18,1.6420968466155248,1.4395609050925011,random_forest
2016-04-25,1.7901016281854767,1.5331070121766437,random_forest
2016-05-02,1.8970539885900404,1.8473539176945735,random_forest
2016-05-09,1.9953637340124173,1.9942300061221745,random_forest
2016-05-16,2.177938975511117,2.0722868018187137,random_forest
2016-05-23,2.4588239624321937,2.201637841027894,random_forest
2016-05-30,2.54741076599961,2.4762371583163976,random_forest
2016-06-06,2.6370778964398003,2.5289874102547607,random_forest
2016-06-13,2.6489614920403075,2.4810987033253595,random_forest
2016-06-20,2.685692605714602,2.4986710820788103,random_forest
2016-06-27,2.558214034727344,2.5582698278855283,random_forest
2016-07-04,2.357273236391497,2.455648663544709,random_forest
2016-07-11,2.2838110090429073,2.377137131506614,random_forest
2016-07-18,2.184420936747758,2.21970788134008,random_forest
2016-07-25,2.096914460053114,2.0927145079738825,random_forest
2016-08-01,1.930544121646015,1.9319285400013306,random_forest
2016-08-08,1.759852475747822,1.7978261770255726,random_forest
2016-08-15,1.5610723311575219,1.6120149900481926,random_forest
2016-08-22,1.3979429733687425,1.4238545643451153,random_forest
2016-08-29,1.477887161953972,1.3584609763019266,random_forest
2016-09-05,1.532983832465414,1.3228658173846228,random_forest
2016-09-12,1.5837591954857626,1.2957630171975636,random_forest
2016-09-19,1.5945624642134966,1.4981338314652073,random_forest
2016-09-26,1.6680246915620855,1.5007979756469823,random_forest
2016-10-03,1.7025951514908335,1.5214886702711157,random_forest
2016-10-10,1.588080502976856,1.5376596244647236,random_forest
2016-10-17,1.538385466829281,1.5884146690930714,random_forest
2016-10-24,1.5740362536308021,1.5682063951726162,random_forest
2016-10-31,1.5805182148674426,1.5602527839303617,random_forest
2016-11-07,1.5459477549386946,1.5743947747962224,random_forest
2016-11-14,1.503815006900533,1.5794594088098015,random_forest
2016-11-21,1.5102969681371732,1.5754560223234537,random_forest
2016-11-28,1.4206298376969835,1.5714363949134822,random_forest
2016-12-05,1.3547298984578078,1.5772466074652354,random_forest
2016-12-12,1.23049230808887,1.367153739058199,random_forest
2016-12-19,1.2024038093967622,1.3597050449568364,random_forest
2016-12-26,1.2186087124883629,1.3341990719866044,random_forest
2017-01-02,1.2994388090992324,1.3002331946414947,random_forest
2017-01-09,1.2892613468177034,1.2704967171065995,random_forest
2017-01-16,1.218625267981511,1.2714164405616935,random_forest
2017-01-23,1.1770084681117396,1.2500791095417192,random_forest
2017-01-30,1.1353916682419685,1.2391678098797023,random_forest
2017-02-06,1.2079542936559287,1.1332713081380956,random_forest
2017-02-13,1.2645104575815156,1.1273236712619163,random_forest
2017-02-20,1.4853996261210716,1.1171600228471166,random_forest
2017-02-27,1.6177197077582937,1.1141501012947634,random_forest
2017-03-06,1.6998862100652783,1.6055172030601363,random_forest
2017-03-13,1.7393688150699333,1.6518512124865494,random_forest
2017-03-20,1.8012604661583111,1.696011040796325,random_forest
2017-03-27,2.046692875646707,1.736884472319137,random_forest
2017-04-03,2.2099587828281178,2.101756837743032,random_forest
2017-04-10,2.4127072950141835,2.2083101959263036,random_forest
2017-04-17,2.479934433265353,2.2886298756791223,random_forest
2017-04-24,2.531155110028149,2.3804620451641663,random_forest
2017-05-01,2.415908587311858,2.522886516817533,random_forest
2017-05-08,2.2302336340467246,2.5586346183826496,random_forest
2017-05-15,2.1203225984932255,2.5509572487388015,random_forest
2017-05-22,2.028552219293217,2.495422045147552,random_forest
2017-05-29,1.9698618605025136,2.0591168660154424,random_forest
2017-06-05,1.826870804539709,2.078455229423968,random_forest
2017-06-12,1.7969920764280782,2.0646406237574766,random_forest
2017-06-19,1.7404359125024917,2.0438301968524577,random_forest
2017-06-26,1.6636048973582982,1.6925331297210306,random_forest
2017-07-03,1.5056744773396782,1.6303258474486173,random_forest
2017-07-10,1.4352460467908343,1.592092102233279,random_forest
2017-07-17,1.3968305392187377,1.5555140172947919,random_forest
2017-07-24,1.4139040981396696,1.4230464722513738,random_forest
2017-07-31,1.3381401804280344,1.4141510399034614,random_forest
2017-08-07,1.2730472370419816,1.4164470985313056,random_forest
2017-08-14,1.1716729809489486,1.412401485516437,random_forest
2017-08-21,1.1481968374326674,1.2238626144095852,random_forest
2017-08-28,1.1866123450047639,1.2467689567716902,random_forest
2017-09-04,1.1770084681117396,1.2738369476909188,random_forest
2017-09-11,1.1588678117582496,1.2902149216267769,random_forest
2017-09-18,1.1930149296001133,1.173017122933287,random_forest
2017-09-25,1.354146641916408,1.1859218456975502,random_forest
2017-10-02,1.4992718927443291,1.2095841798621412,random_forest
2017-10-09,1.5995790514048036,1.2738935329192098,random_forest
2017-10-16,1.676410066548997,1.6122355369377042,random_forest
2017-10-23,1.7553752765583068,1.6071514912355072,random_forest
2017-10-30,1.7212281587164433,1.614137674707167,random_forest
2017-11-06,1.677477163981555,1.6063832011001327,random_forest
2017-11-13,1.592109369376896,1.6779663693646631,random_forest
2017-11-20,1.632659071814109,1.6265729508565716,random_forest
2017-11-27,1.5440899849117748,1.548087622025664,random_forest
2017-12-04,1.5376874003164254,1.5242354889320406,random_forest
2017-12-11,1.434178949358276,1.525804050925084,random_forest
2017-12-18,1.393629246921063,1.5192176583051384,random_forest
2017-12-25,1.3392072778605926,1.5018692416840789,random_forest
2018-01-01,1.3144341830628188,1.5533244893112965,random_forest
2018-01-08,1.276268053403249,1.2849969569500097,random_forest
2018-01-15,1.2241425240728832,1.2628464131278032,random_forest
2018-01-22,1.1259153845226002,1.2455932363042894,random_forest
2018-01-29,1.068880271235339,1.2405209820253125,random_forest
2018-02-05,1.0213510101626213,1.1309516219710323,random_forest
2018-02-12,0.985440012907679,1.1377788852586224,random_forest
2018-02-19,0.9400231634381931,1.1480302964586864,random_forest
2018-02-26,0.8248967310620549,1.1601765816898804,random_forest
2018-03-05,0.7826484989974168,1.0301699621926899,random_forest
2018-03-12,0.7668054119731776,1.0713786153539757,random_forest
2018-03-19,0.8439084354911418,1.145162185931722,random_forest
2018-03-26,0.9421355750414251,1.208540216738753,random_forest
2018-04-02,1.08683576986281,1.0022010472333243,random_forest
2018-04-09,1.2758966083520649,1.0583040047175403,random_forest
2018-04-16,1.5272735891366604,1.0800094575958472,random_forest
2018-04-23,1.7892126279374156,1.118022180849946,random_forest
2018-04-30,2.0194654926896924,1.8648769793458893,random_forest
2018-05-07,2.256055592251665,2.02416749275999,random_forest
2018-05-14,2.57291733273645,2.205251824366341,random_forest
2018-05-21,2.9711069199456617,2.3916912758633235,random_forest
2018-05-28,3.0894019697266484,2.788919472907429,random_forest
2018-06-04,3.092570587131496,2.771089121908992,random_forest
2018-06-11,3.0661654420910973,2.7328028639161293,random_forest
2018-06-18,3.2837438372239824,2.6562896903647806,random_forest
2018-06-25,3.3281044808918523,2.7649089491764403,random_forest
2018-07-02,3.2066408137060187,2.5536863142710957,random_forest
2018-07-09,2.9309710994842555,2.432887602747473,random_forest
2018-07-16,2.766202994432168,2.284184722904769,random_forest
2018-07-23,2.51271360204434,2.5638704593521955,random_forest
2018-07-30,2.2856293546969115,2.4358926175512625,random_forest
2018-08-06,2.0427020203252435,2.2761610621770245,random_forest
2018-08-13,1.8494163586295247,2.1563494360861983,random_forest
2018-08-20,1.6434562273144149,1.845572964835529,random_forest
2018-08-27,1.5029808556994937,1.7090964995974711,random_forest
2018-09-03,1.5019246498978778,1.5423588465883062,random_forest
2018-09-10,1.5388918529544362,1.4456669251815166,random_forest
2018-09-17,1.5219925601285809,1.5327397929591173,random_forest
2018-09-24,1.4976998266914139,1.532599637379014,random_forest
2018-10-01,1.4227092147766818,1.5295661832799357,random_forest
2018-10-08,1.4491143598170801,1.5271479854951864,random_forest
2018-10-15,1.4660136526429355,1.4115998085040564,random_forest
2018-10-22,1.492418797683334,1.4025000073085352,random_forest
2018-10-29,1.4734070932542471,1.3945667120725533,random_forest
2018-11-05,1.5082618847075733,1.373875477469227,random_forest
2018-11-12,1.5462852935657476,1.4891272088654677,random_forest
2018-11-19,1.5980393778449289,1.4943749717128199,random_forest
2018-11-26,1.5262173833350445,1.493348451946276,random_forest
2018-12-03,1.5124867079140374,1.4852774789206153,random_forest
2018-12-10,1.4448895366106165,1.4769179514243285,random_forest
2018-12-17,1.372011336299116,1.4737647988398999,random_forest
2018-12-24,1.2822338431617604,1.4864957786624453,random_forest
2018-12-31,1.2051308196437962,1.543946067642782,random_forest
2019-01-07,1.1510219132319937,1.2313459952842702,random_forest
2019-01-14,1.1211493432973085,1.2290843198765828,random_forest
2019-01-21,1.076828273900296,1.202926769464471,random_forest
2019-01-28,1.021845712708855,1.1999930250663542,random_forest
2019-02-04,0.9761998128518097,1.0579827066670273,random_forest
2019-02-11,0.9782746264816753,1.081227773847783,random_forest
2019-02-18,1.0467434762672434,1.1247162746321757,random_forest
2019-02-25,1.055042730786706,1.1526834941845843,random_forest
2019-03-04,1.056080137601639,1.0709226503261384,random_forest
2019-03-11,0.9979853559653996,1.083070667911824,random_forest
2019-03-18,1.0540053239717733,1.146963483388739,random_forest
2019-03-25,1.151521564575461,1.202272819054687,random_forest
2019-04-01,1.351741079857501,1.1605458664007546,random_forest
2019-04-08,1.516688763431824,1.244593857707107,random_forest
2019-04-15,1.6349531403341686,1.3356834843156462,random_forest
2019-04-22,1.7054968037496023,1.444241322659127,random_forest
2019-04-29,1.7563297376813118,1.7951032401070652,random_forest
2019-05-06,1.9181652008108365,1.9370870404144276,random_forest
2019-05-13,2.0291677300086515,2.045710196908769,random_forest
2019-05-20,2.087262511644891,2.220151973509344,random_forest
2019-05-27,2.1495069205408615,2.182499465186189,random_forest
2019-06-03,2.2387239066250864,2.2866831210775618,random_forest
2019-06-10,2.315492010930117,2.3222776509414147,random_forest
2019-06-17,2.2937064678165275,2.3105145320819,random_forest
2019-06-24,2.2293872452906904,2.254790204673614,random_forest
2019-07-01,2.2480605679594823,2.186294423267491,random_forest
2019-07-08,2.2480605679594823,2.109832954916308,random_forest
2019-07-15,2.1692176500245854,2.0126295657244344,random_forest
2019-07-22,2.030205136823584,2.0985217500642306,random_forest
2019-07-29,1.8839307759180521,1.9857689481295124,random_forest
2019-08-05,1.7791526876098345,1.8859231857991932,random_forest
2019-08-12,1.6318409198893697,1.7943009439987097,random_forest
2019-08-19,1.4243595569028003,1.5876844901439535,random_forest
2019-08-26,1.3558907071172321,1.557327174521024,random_forest
2019-09-02,1.3942747592697478,1.5369369692042505,random_forest
2019-09-09,1.481416931724107,1.5267364161924437,random_forest
2019-09-16,1.4834917453539729,1.4591049206645834,random_forest
2019-09-23,1.4834917453539724,1.4863733736675064,random_forest
2019-09-30,1.4368084386819946,1.4945616960201795,random_forest
2019-10-07,1.3973869797145462,1.4895993905528202,random_forest
2019-10-14,1.3641899616366953,1.4081757784437714,random_forest
2019-10-21,1.3911625388249493,1.4063000495564717,random_forest
2019-10-28,1.4108732683086733,1.40307020769758,random_forest
2019-11-04,1.4316214046073303,1.4097315142672828,random_forest
2019-11-11,1.3984243865294792,1.4267298871104095,random_forest
2019-11-18,1.4046488274190763,1.4292406203487755,random_forest
2019-11-25,1.3870129115652177,1.4132639087510956,random_forest
2019-12-02,1.4015366069742778,1.4028153696065913,random_forest
2019-12-09,1.357965520747098,1.3715435999419283,random_forest
2019-12-16,1.3289181299289783,1.3435955791720782,random_forest
2019-12-23,1.3133570277049855,1.3179724873599454,random_forest
2019-12-30,1.3216562822244484,1.293740027808964,random_forest
2020-01-06,1.3107920219439884,1.3032867977151652,random_forest
2020-01-13,1.2631314960817435,1.2875435184458563,random_forest
2020-01-20,1.1943458828128655,1.2546493921885253,random_forest
2020-01-27,1.1105679851305257,1.248546013624347,random_forest
2020-02-03,1.02474672409008,1.1474802558870454,random_forest
2020-02-10,1.00022636379281,1.148726131869568,random_forest
2020-02-17,1.0288334508062917,1.182629618532795,random_forest
2020-02-24,1.0891126698704143,1.1802712052919455,random_forest
2020-03-02,1.128958255353478,1.0660987631299872,random_forest
2020-03-09,1.173912249231807,1.0599210229457294,random_forest
2020-03-16,1.0727657630055676,1.0814662281768848,random_forest
2020-03-23,0.9440338714448995,1.1158091810658444,random_forest
2020-03-30,0.6375293677290227,1.1065837494370094,random_forest
2020-04-06,0.4454532120670733,1.1971960088379554,random_forest
2020-04-13,0.26665891823281185,1.2886241443906967,random_forest
2020-04-20,0.20944474420584816,1.4376155629516063,random_forest
2020-04-27,0.17470756711804883,0.5736520121948716,random_forest
2020-05-04,0.16142570529036085,0.6231350964722944,random_forest
2020-05-11,0.159382341932255,0.6040353683939875,random_forest
2020-05-18,0.159382341932255,0.6281322272754787,random_forest
2020-05-25,0.13792702667214363,0.3049171981482323,random_forest
2020-06-01,0.13384029995593194,0.33820337705551323,random_forest
2020-06-08,0.12158011980729688,0.33250180656887285,random_forest
2020-06-15,0.13997039003024947,0.335321418800555,random_forest
2020-06-22,0.12362348316540273,0.15226991192501438,random_forest
2020-06-29,0.13486198163498486,0.152530556307087,random_forest
2020-07-06,0.1369053449930907,0.15253055630708712,random_forest
2020-07-13,0.1501872068207787,0.15020539016458295,random_forest
2020-07-20,0.1685774770437313,0.14256029285438307,random_forest
2020-07-27,0.17981597551331344,0.14615211464289266,random_forest
2020-08-03,0.2043363358105836,0.14896125534798185,random_forest
2020-08-10,0.2605288281584943,0.1545448018566152,random_forest
2020-08-17,0.2922009602091349,0.21938844873258775,random_forest
2020-08-24,0.30037441364155826,0.22126865218221695,random_forest
2020-08-31,0.2584854648003884,0.22320796369697068,random_forest
2020-09-07,0.24111687625648873,0.22944121600582354,random_forest
2020-09-14,0.2165965159592186,0.26684886429061855,random_forest
2020-09-21,0.22272660603353614,0.26953739132903376,random_forest
2020-09-28,0.24418192129364757,0.263886459377479,random_forest
2020-10-05,0.28607087013481736,0.26216044588750836,random_forest
2020-10-12,0.27483237166523516,0.2622867363670564,random_forest
2020-10-19,0.2707456449490235,0.25569795635264964,random_forest
2020-10-26,0.2666589182328118,0.25127015914704126,random_forest
2020-11-02,0.26870228159091764,0.24125519061373107,random_forest
2020-11-09,0.2666589182328118,0.25746844060402885,random_forest
2020-11-16,0.2707456449490235,0.2514622977486043,random_forest
2020-11-23,0.28300582509765854,0.251516834006816,random_forest
2020-11-30,0.27381068998618224,0.2522756540955622,random_forest
2020-12-07,0.2574637831213355,0.2725273224796037,random_forest
2020-12-14,0.27483237166523516,0.27156753162699904,random_forest
2020-12-21,0.303439458678717,0.2705514630397695,random_forest
2020-12-28,0.29730936860439944,0.27168519693488236,random_forest
2021-01-04,0.3767270975754844,0.28178818778598347,random_forest
2021-01-11,0.4379064779861182,0.2791604206176192,random_forest
2021-01-18,0.5196460933632285,0.2750799066249718,random_forest
2021-01-25,0.5095558779581172,0.27456877991524675,random_forest
2021-02-01,0.46717697325665003,0.454647808133716,random_forest
2021-02-08,0.42782513317671617,0.4388519706121838,random_forest
2021-02-15,0.362238733043493,0.4391341859164891,random_forest
2021-02-22,0.3390312376117371,0.4376475031640992,random_forest
2021-03-01,0.37232894844860426,0.3950672418917666,random_forest
2021-03-08,0.4288341547172272,0.38831611409790756,random_forest
2021-03-15,0.44094241320336075,0.39854922454847697,random_forest
2021-03-22,0.4328702408792718,0.39452503276348394,random_forest
2021-03-29,0.41067176698802704,0.42246174610684045,random_forest
2021-04-05,0.43993339166284967,0.4031643832313016,random_forest
2021-04-12,0.48433033944533915,0.38375952706004063,random_forest
2021-04-19,0.5115739210391396,0.36074190148246993,random_forest
2021-04-26,0.5246912010657842,0.41026944399167553,random_forest
2021-05-03,0.47524914558073905,0.37969530958988,random_forest
2021-05-10,0.45910480093256106,0.36237187343677757,random_forest
2021-05-17,0.4480055639869387,0.3522903941848712,random_forest
2021-05-24,0.4944205548504505,0.41987339975154975,random_forest
2021-05-31,0.5246912010657843,0.42184396784658923,random_forest
2021-06-07,0.546889674957029,0.41632911578434684,random_forest
2021-06-14,0.5327633733898731,0.42045217343231645,random_forest
2021-06-21,0.5741332565508294,0.47988084958537874,random_forest
2021-06-28,0.5973407519825852,0.4805303640338523,random_forest
2021-07-05,0.6992519275742088,0.4750344543212305,random_forest
2021-07-12,0.7133782291413645,0.46445908003385294,random_forest
2021-07-19,0.7194323583844312,0.6539301373791883,random_forest
2021-07-26,0.6407286782245636,0.6527451512595696,random_forest
2021-08-02,0.5862415150369628,0.6225755280157823,random_forest
2021-08-09,0.579178364253385,0.6164613720707162,random_forest
2021-08-16,0.587250536577474,0.6119505993357974,random_forest
2021-08-23,0.5993587950636075,0.6155494834526477,random_forest
2021-08-30,0.5660610842267403,0.6172534636465417,random_forest
2021-09-06,0.5519347826595845,0.6144827231558048,random_forest
2021-09-13,0.5569798903621402,0.5800655051171231,random_forest
2021-09-20,0.5912866227395185,0.582259649400547,random_forest
2021-09-27,0.5983497735230964,0.583939622728385,random_forest
2021-10-04,0.5408355457139622,0.5897232800081937,random_forest
2021-10-11,0.5418445672544734,0.5731608480572189,random_forest
2021-10-18,0.5398265241734511,0.5817377208014115,random_forest
2021-10-25,0.6054129243066741,0.5881296098562592,random_forest
2021-11-01,0.6185302043333188,0.5809585774513644,random_forest
2021-11-08,0.6084399889282075,0.5903394722679496,random_forest
2021-11-15,0.5963317304420741,0.5804892451417643,random_forest
2021-11-22,0.588259558117985,0.583284775510448,random_forest
2021-11-29,0.6326565059004746,0.5925807281984742,random_forest
2021-12-06,0.6306384628194522,0.6106323798442244,random_forest
2021-12-13,0.6266023766574078,0.608862353433948,random_forest
2021-12-20,0.611467053549741,0.6008398398814409,random_forest
2021-12-27,0.6861346475475641,0.5982727032672929,random_forest
2022-01-03,0.9375126256299128,0.6072305562529566,random_forest
2022-01-10,1.1377799091076148,0.5834771992178033,random_forest
2022-01-17,1.2915448507314498,0.5677342434144832,random_forest
2022-01-24,1.1428275533906567,0.5656290172130913,random_forest
2022-01-31,0.926239274713126,1.1386622640200317,random_forest
2022-02-07,0.6936813533681274,1.1058705987019075,random_forest
2022-02-14,0.5529488773610683,1.0981811823376861,random_forest
2022-02-21,0.513024770692399,1.1045026910990385,random_forest
2022-02-28,0.5260001053597166,0.5487867568069713,random_forest
2022-03-07,0.6218179613645228,0.5588945351188769,random_forest
2022-03-14,0.7605542320381485,0.5703490421800866,random_forest
2022-03-21,0.8803265520441563,0.5766720862510253,random_forest
2022-03-28,0.9721519973820955,0.7603501123527467,random_forest
2022-04-04,1.0889300093879533,0.7445263859580864,random_forest
2022-04-11,1.1548047853912573,0.7219854926841518,random_forest
2022-04-18,1.279567618730849,0.6816889192442533,random_forest
2022-04-25,1.3634082427350542,1.1369091479832543,random_forest
2022-05-02,1.4712033307404615,1.1171993779695881,random_forest
2022-05-09,1.5750060080790014,1.175021505417265,random_forest
2022-05-16,1.7207289974196442,1.2286683588285165,random_forest
2022-05-23,1.9053779907622397,1.7285244187652515,random_forest
2022-05-30,1.9373172760971753,1.7952004971770268,random_forest
2022-06-06,1.9173552227628405,1.7991575224646472,random_forest
2022-06-13,1.9403115840973253,1.8045237963271354,random_forest
2022-06-20,1.9991996414336122,1.9847847130255396,random_forest
2022-06-27,1.91735522276284,2.002648994329962,random_forest
2022-07-04,1.8165468534244507,2.0009628835426714,random_forest
2022-07-11,1.7975829027568324,2.04029430072014,random_forest
2022-07-18,1.7985810054235494,1.841206490521569,random_forest
2022-07-25,1.6358902707487222,1.8355627219781416,random_forest
2022-08-01,1.4522393800728437,1.8144017547049913,random_forest
2022-08-08,1.3035220827320506,1.7955333604893415,random_forest
2022-08-15,1.182751660059326,1.4144195973982496,random_forest
2022-08-22,1.1029034467219874,1.4029455111094056,random_forest
2022-08-29,1.088930009387953,1.4127567539568617,random_forest
2022-09-05,1.1717725307254419,1.4248297203436948,random_forest
2022-09-12,1.100907241388554,1.1832823301870237,random_forest
2022-09-19,1.0869338040545198,1.1826830728600337,random_forest
2022-09-26,1.0549945187195842,1.176767345667841,random_forest
2022-10-03,1.1248617053897554,1.1726628974373867,random_forest
2022-10-10,1.148816169390957,1.1041741817499315,random_forest
2022-10-17,1.167780120058575,1.1045588706105793,random_forest
2022-10-24,1.1438256560573734,1.1076401542696803,random_forest
2022-10-31,1.119871192056172,1.0815349264794356,random_forest
2022-11-07,1.159795298724841,1.105325808959813,random_forest
2022-11-14,1.24563212806248,1.122976118825581,random_forest
2022-11-21,1.3164974173993678,1.1274793002218366,random_forest
2022-11-28,1.3234841360663852,1.128733138646795,random_forest
2022-12-05,1.3214879307329517,1.3223135316080332,random_forest
2022-12-12,1.231658690728446,1.328137593524687,random_forest
2022-12-19,1.1188730893894552,1.3371961122587042,random_forest
2022-12-26,0.9491956360476107,1.343254939501262,random_forest
2023-01-02,0.9062518372667104,0.9761554340691886,random_forest
2023-01-09,0.8368463135993344,1.005310102480126,random_forest
2023-01-16,0.8252820398900411,1.0745314117637241,random_forest
2023-01-23,0.7442363784876657,1.042497761994327,random_forest
2023-01-30,0.7343527612434736,0.7825993788121534,random_forest
2023-02-06,0.727434229172539,0.7717239902446995,random_forest
2023-02-13,0.7738872302202421,0.7816293314447539,random_forest
2023-02-20,0.8292354867877179,0.7948183584375492,random_forest
2023-02-27,0.87667684955984,0.8232405847836652,random_forest
2023-03-06,0.8924906371505474,0.8102593743298945,random_forest
2023-03-13,0.8865604668040322,0.8124929322818224,random_forest
2023-03-20,0.992315171316888,0.8110024909166295,random_forest
2023-03-27,1.206789665515857,1.0100486276992153,random_forest
2023-04-03,1.4232408831636645,1.061911252272216,random_forest
2023-04-10,1.7157959535917513,1.0825770105247958,random_forest
2023-04-17,1.9846303426337768,1.1074187628475554,random_forest
2023-04-24,2.4293931186224222,1.791643273624261,random_forest
2023-05-01,2.7417154235388934,1.839220254099884,random_forest
2023-05-08,3.036247217415818,1.854768239218323,random_forest
2023-05-15,3.202291987118246,1.8851095659347699,random_forest
2023-05-22,3.3208953940485517,2.5841131513071383,random_forest
2023-05-29,3.370313480269512,2.51260356500722,random_forest
2023-06-05,3.2843260102450405,2.4447311351080168,random_forest
2023-06-12,3.2101988809135995,2.4351357056452145,random_forest
2023-06-19,3.0688631543216522,2.850614686843146,random_forest
2023-06-26,3.024386876722788,2.80007143950273,random_forest
2023-07-03,2.9710153436041504,2.792206517664137,random_forest
2023-07-10,2.9729920670529886,2.774775982375638,random_forest
2023-07-17,2.784214977688919,2.964073388032715,random_forest
2023-07-24,2.559856866245758,2.9305898224402243,random_forest
2023-07-31,2.347359095495628,2.8917144002528383,random_forest
2023-08-07,2.163523814753654,2.860785527034341,random_forest
2023-08-14,1.9273053626174625,2.3848470537074995,random_forest
2023-08-21,1.8007950618918034,2.3895645264847376,random_forest
2023-08-28,1.7286446560092008,2.443205990659295,random_forest
2023-09-04,1.7859696360255153,2.412462315531845,random_forest
2023-09-11,1.7187610387650087,1.7672425802185134,random_forest
2023-09-18,1.7602722311906156,1.7506736806788732,random_forest
2023-09-25,1.7899230829231918,1.7445474169290596,random_forest
2023-10-02,1.794864891545288,1.691815979257403,random_forest
2023-10-09,1.7395166349778124,1.7108430449985839,random_forest
2023-10-16,1.6515524415045026,1.6910251650509882,random_forest
2023-10-23,1.5705067801021269,1.6639123917013303,random_forest
2023-10-30,1.4736473311090441,1.5709010083202253,random_forest
2023-11-06,1.3856831376357341,1.448844992393539,random_forest
2023-11-13,1.3678926265961884,1.4370827685836989,random_forest
2023-11-20,1.4123689041950531,1.4358170662707332,random_forest
2023-11-27,1.3866714993601537,1.43082602653716,random_forest
2023-12-04,1.2937654972647474,1.3828585543126275,random_forest
2023-12-11,1.2255685382798218,1.3609518083727965,random_forest
2023-12-18,1.1899875162007303,1.3473386685338635,random_forest
2023-12-25,1.2245801765554027,1.3246256921286856,random_forest
2004-12-27,3.2983627203754664,3.322235623096312,xgboost
2005-01-03,3.482969897296517,3.7105320941408433,xgboost
2005-01-10,3.694212522840136,4.0003613675592735,xgboost
2005-01-17,3.559021320927073,4.117312477652928,xgboost
2005-01-24,3.2312661061351946,3.497864029325131,xgboost
2005-01-31,2.8171936782874405,3.4922980997868756,xgboost
2005-02-07,2.7008530867773466,3.500373012447869,xgboost
2005-02-14,2.6558180190960194,3.540963652975511,xgboost
2005-02-21,2.590767365778547,2.710443403727133,xgboost
2005-02-28,2.5207128160520393,2.7443914018296316,xgboost
2005-03-07,2.503199178620412,2.7466305977849776,xgboost
2005-03-14,2.564496909631107,2.7448485087572005,xgboost
2005-03-21,2.6508141226869832,2.6149138899723363,xgboost
2005-03-28,2.904761865445576,2.63327061262875,xgboost
2005-04-04,3.131188177954469,2.6477952147960098,xgboost
2005-04-11,3.4539394963373105,2.6920484178554362,xgboost
2005-04-18,3.6703580160281306,3.6083156874990867,xgboost
2005-04-25,3.910545043661873,3.7535962135220196,xgboost
2005-05-02,4.044399272603594,3.867691432796008,xgboost
2005-05-09,4.160739864113689,3.9571337163866125,xgboost
2005-05-16,4.34963695355481,4.213993596922239,xgboost
2005-05-23,4.458471700451349,4.3340708273078565,xgboost
2005-05-30,4.434703192508427,4.396203486175691,xgboost
2005-06-06,4.440958063019722,4.421833802887992,xgboost
2005-06-13,4.576063266063702,4.3686498035336445,xgboost
2005-06-20,4.513514560950749,4.355212716003465,xgboost
2005-06-27,4.492248001212344,4.353142175644708,xgboost
2005-07-04,4.3471350053502915,4.4415685677758745,xgboost
2005-07-11,4.303350911771224,4.398702554812237,xgboost
2005-07-18,4.033140505683263,4.399012123501038,xgboost
2005-07-25,3.645338533982949,4.368474448334978,xgboost
2005-08-01,3.5052294345299324,4.301971120604947,xgboost
2005-08-08,3.3463557235430295,3.448593786535274,xgboost
2005-08-15,3.201242727680977,3.4931635893916355,xgboost
2005-08-22,2.932283295695276,3.498284419715224,xgboost
2005-08-29,2.8434641344348806,3.458554135887556,xgboost
2005-09-05,2.8834953057071715,2.8705210798886163,xgboost
2005-09-12,2.834707315719067,2.8676752758313553,xgboost
2005-09-19,2.6945982162660513,2.837155934305679,xgboost
2005-09-26,2.66957873422087,2.924155391371737,xgboost
2005-10-03,2.800931014958073,2.744051732529234,xgboost
2005-10-10,2.901008943138798,2.7852264337487753,xgboost
2005-10-17,2.9210245287749435,2.866103371123032,xgboost
2005-10-24,2.8884992021162077,2.936176470296404,xgboost
2005-10-31,2.87223653878684,3.0045268057596366,xgboost
2005-11-07,2.8634797200710262,3.072703896872511,xgboost
2005-11-14,2.942291088513348,3.255173323127965,xgboost
2005-11-21,2.97982031158112,3.6301529977128077,xgboost
2005-11-28,2.9673105705585296,2.9705332625730057,xgboost
2005-12-05,2.9598047259449753,2.9633887124403553,xgboost
2005-12-12,3.0323612238760016,2.962355549214582,xgboost
2005-12-19,3.0060907677285607,2.938108759398478,xgboost
2005-12-26,2.8196956264919586,3.00056224575809,xgboost
2006-01-02,2.8125548163029364,3.103386235245958,xgboost
2006-01-09,2.893017657327261,3.1412621141230455,xgboost
2006-01-16,2.9782796102871187,3.2137131408991233,xgboost
2006-01-23,2.8759205180909153,2.906672692847304,xgboost
2006-01-30,2.5811756622488358,2.882185794221763,xgboost
2006-02-06,2.390023140677613,2.8527146719136147,xgboost
2006-02-13,2.201337103255696,2.8479521351135606,xgboost
2006-02-20,2.296296743003981,2.4444182196360105,xgboost
2006-02-27,2.2790313539588385,2.5410338098746905,xgboost
2006-03-06,2.4356530974397756,2.526936406960599,xgboost
2006-03-13,2.5935080829953665,2.5490556426126183,xgboost
2006-03-20,2.840156497925977,2.5422484692625966,xgboost
2006-03-27,2.878387002240222,2.656937219455406,xgboost
2006-04-03,3.2224615410684225,2.844780076148515,xgboost
2006-04-10,3.3704505900267883,2.960502954997189,xgboost
2006-04-17,3.921709797396702,3.5485420244976753,xgboost
2006-04-24,4.016669437144987,3.6838500451281577,xgboost
2006-05-01,4.307714566763107,3.910731515119434,xgboost
2006-05-08,4.67645394708437,4.146973640410251,xgboost
2006-05-15,5.122887578108774,4.608587773189493,xgboost
2006-05-22,5.721009984315504,4.638241894843831,xgboost
2006-05-29,5.621117376268606,4.541428826706579,xgboost
2006-06-05,5.602618745148811,4.526655307137309,xgboost
2006-06-12,5.389267866233833,5.538770072186304,xgboost
2006-06-19,5.4817610218328126,5.621853897926789,xgboost
2006-06-26,5.253611238021999,5.627096709278208,xgboost
2006-07-03,4.994630402344857,5.609755774149442,xgboost
2006-07-10,4.673987462935064,4.711780650369141,xgboost
2006-07-17,4.374309638794371,4.753237007905427,xgboost
2006-07-24,4.127661223863762,4.415524096915085,xgboost
2006-07-31,4.0154361950703334,4.040965241696714,xgboost
2006-08-07,4.001870532249151,3.83383007050235,xgboost
2006-08-14,3.8921119876050287,3.552582878173589,xgboost
2006-08-21,3.599833615912256,3.3503174454240208,xgboost
2006-08-28,3.3100217283687887,3.1628439499581944,xgboost
2006-09-04,3.1164027226482602,3.2537816397753745,xgboost
2006-09-11,3.1386010799920143,3.3010680585711185,xgboost
2006-09-18,3.1127029964243005,3.271106066319759,xgboost
2006-09-25,3.0683062817367905,3.2819357636006297,xgboost
2006-10-02,2.8931859071360577,3.019519609947984,xgboost
2006-10-09,3.002944451780179,2.9717849296628507,xgboost
2006-10-16,3.131201627544096,3.005063413227328,xgboost
2006-10-23,3.1780648263809126,2.9825691758469652,xgboost
2006-10-30,3.159566195261116,3.0906594353770696,xgboost
2006-11-06,3.1509335007385455,3.0851288987462486,xgboost
2006-11-13,3.187930762978137,3.0905775119037653,xgboost
2006-11-20,3.0781722183340148,3.084907813396545,xgboost
2006-11-27,3.059673587214219,3.0970408485527927,xgboost
2006-12-04,2.9807460944364244,3.095321046043907,xgboost
2006-12-11,2.968413673689893,3.1122510924918396,xgboost
2006-12-18,2.7821941204172833,3.102083804226913,xgboost
2006-12-25,2.5799424201741825,2.7046482430832177,xgboost
2007-01-01,2.5033862528791713,2.7114396405589978,xgboost
2007-01-08,2.592197387490548,2.7369841485249524,xgboost
2007-01-15,2.6922361490925355,2.7556280902586185,xgboost
2007-01-22,2.6083317704622804,2.6234788691673225,xgboost
2007-01-29,2.4234989363782398,2.638972770966916,xgboost
2007-02-05,2.354186623596725,2.6786138526317322,xgboost
2007-02-12,2.4247149418656346,2.713210700197268,xgboost
2007-02-19,2.45511507905051,2.455256775026266,xgboost
2007-02-26,2.42836295832782,2.601094549045839,xgboost
2007-03-05,2.38215474980681,2.7336801244668836,xgboost
2007-03-12,2.417418908941265,2.8400575604427085,xgboost
2007-03-19,2.5596915509664804,2.5830644085289425,xgboost
2007-03-26,2.766412483823631,2.703514756200128,xgboost
2007-04-02,3.0533897788488518,2.8788056409930376,xgboost
2007-04-09,3.4011673482438223,3.1659948384767835,xgboost
2007-04-16,3.5787041494034924,3.7158135210182617,xgboost
2007-04-23,3.6723365719329077,3.9853927611774562,xgboost
2007-04-30,3.7282728243530774,4.281383799353138,xgboost
2007-05-07,4.0298421852270385,4.5666744484251955,xgboost
2007-05-14,4.268179260756459,4.223323416694623,xgboost
2007-05-21,4.5502925338321,4.5791315164289745,xgboost
2007-05-28,4.540564489932939,4.721819760813569,xgboost
2007-06-04,4.6281168850253795,4.932912939037304,xgboost
2007-06-11,4.558804572243865,4.7300073315385,xgboost
2007-06-18,4.38491578754638,5.023949502815544,xgboost
2007-06-25,4.067538355336284,4.793965722077798,xgboost
2007-07-02,3.914321663924513,4.652069093820245,xgboost
2007-07-09,3.881489515764848,3.8425385147295135,xgboost
2007-07-16,3.7611049725127423,3.722611100842468,xgboost
2007-07-23,3.404815364706007,3.6811009369172525,xgboost
2007-07-30,3.1348621465043163,3.524306850124272,xgboost
2007-08-06,3.0363657020253214,3.0211831325980576,xgboost
2007-08-13,3.0144776032522116,2.8554722531446433,xgboost
2007-08-20,2.9670533892438065,2.778303169979367,xgboost
2007-08-27,2.8174847142942205,2.7056226036322886,xgboost
2007-09-03,2.8065406649076654,2.745040921034871,xgboost
2007-09-10,2.872204961226996,2.710415095398508,xgboost
2007-09-17,2.9342212410841406,2.743915159341605,xgboost
2007-09-24,2.9901574935043107,2.8019467346278226,xgboost
2007-10-01,2.9512453179076705,2.9818025134735104,xgboost
2007-10-08,3.189582393437091,2.9656756676462295,xgboost
2007-10-15,3.286862832428692,2.9565871677484874,xgboost
2007-10-22,3.424271452504327,2.959734876019683,xgboost
2007-10-29,3.229710574521126,3.5236526787236433,xgboost
2007-11-05,3.1932304098992765,3.489526013894678,xgboost
2007-11-12,3.1275661135799457,3.4750510151426934,xgboost
2007-11-19,3.2297105745211265,3.499819929092976,xgboost
2007-11-26,3.205390464773226,3.144133346589759,xgboost
2007-12-03,3.099597987369861,3.1139505409853205,xgboost
2007-12-10,3.0315016800757406,3.1220573323680805,xgboost
2007-12-17,2.9147651532858205,3.011646519024564,xgboost
2007-12-24,3.058253800798431,2.800147847677303,xgboost
2007-12-31,2.9804294496051504,2.7475816004831883,xgboost
2008-01-07,3.145966917803999,2.703591135339503,xgboost
2008-01-14,3.1439466557384272,2.6558427357025414,xgboost
2008-01-21,3.140889057970018,3.0445188326928783,xgboost
2008-01-28,2.965795586238967,2.8933309985139584,xgboost
2008-02-04,2.8290787658462286,2.8230935440583034,xgboost
2008-02-11,2.8098904401770723,2.700722480844195,xgboost
2008-02-18,2.8062926291141057,2.725429730293814,xgboost
2008-02-25,2.865056876475897,2.6223468989296097,xgboost
2008-03-03,3.1025124066317056,2.5808708899810267,xgboost
2008-03-10,3.2848015004886904,2.5875906199496193,xgboost
2008-03-17,3.319580340764036,3.4529455466720242,xgboost
2008-03-24,3.4479022686765184,3.5738856368930785,xgboost
2008-03-31,3.467090594345675,3.6514305660589583,xgboost
2008-04-07,3.7189373687533505,3.595756470693278,xgboost
2008-04-14,3.8736432444609235,3.87227543366357,xgboost
2008-04-21,4.006762253790694,3.7926299250517514,xgboost
2008-04-28,3.9791790356412835,3.8104861930499405,xgboost
2008-05-05,3.822074619225066,3.923134317269636,xgboost
2008-05-12,3.748919127611407,3.928720505400253,xgboost
2008-05-19,3.8928315701300797,4.044874002451913,xgboost
2008-05-26,3.7801001568237864,4.137007315007493,xgboost
2008-06-02,3.80288629355591,4.107824928090738,xgboost
2008-06-09,3.4419059169049073,3.7946151226447062,xgboost
2008-06-16,3.308786907575135,3.777424829945641,xgboost
2008-06-23,3.0953167845057714,3.756399803756467,xgboost
2008-06-30,3.040150348206948,3.753940196373423,xgboost
2008-07-07,3.108508758403317,2.974494596356437,xgboost
2008-07-14,3.1576788429305296,2.9045868615644492,xgboost
2008-07-21,2.9849839119081234,2.8937074190208945,xgboost
2008-07-28,2.853064172932674,2.92760268836661,xgboost
2008-08-04,2.6108115613595757,2.855081606044749,xgboost
2008-08-11,2.513670662659472,2.918486063457248,xgboost
2008-08-18,2.3457728130543547,2.985401171643013,xgboost
2008-08-25,2.258226077188829,2.9583138271168634,xgboost
2008-09-01,2.3757545719124114,2.365260943721405,xgboost
2008-09-08,2.415330493605046,2.4148385711107356,xgboost
2008-09-15,2.49688087769896,2.4695763673697235,xgboost
2008-09-22,2.498080148053283,2.5399090277592564,xgboost
2008-09-29,2.39614216793589,2.540593983853998,xgboost
2008-10-06,2.3673596794321554,2.611737168153843,xgboost
2008-10-13,2.3565662462432546,2.6567802841032666,xgboost
2008-10-20,2.498080148053283,2.715288634132597,xgboost
2008-10-27,2.5484495029348175,2.5011039795339687,xgboost
2008-11-03,2.632398427737377,2.525520637204421,xgboost
2008-11-10,2.7259415153745135,2.5226651863106953,xgboost
2008-11-17,2.7547240038782483,2.506832392281219,xgboost
2008-11-24,2.763118896358504,2.818821014510457,xgboost
2008-12-01,2.597619587462031,2.8600614115222984,xgboost
2008-12-08,2.6144093724225423,2.9064710448958384,xgboost
2008-12-15,2.4381166303371686,2.9434167522915025,xgboost
2008-12-22,2.320588135613587,2.3913926209853056,xgboost
2008-12-29,2.844669280452418,2.421132128611312,xgboost
2009-01-05,2.7975931233814975,2.496321334810025,xgboost
2009-01-12,2.7174801803794773,2.4964622140142496,xgboost
2009-01-19,1.9022470719413513,2.730215377157711,xgboost
2009-01-26,1.7259816405239,2.6943923949233355,xgboost
2009-02-02,1.7969610088799206,2.635862024723713,xgboost
2009-02-09,1.807607914133324,2.6102081689769707,xgboost
2009-02-16,1.9613965455713682,2.0054430807631065,xgboost
2009-02-23,2.015814061310984,2.0428650591671977,xgboost
2009-03-02,2.212190313762641,2.0781429213136877,xgboost
2009-03-09,2.3387701873308777,2.5206945655704813,xgboost
2009-03-16,2.6037598291933546,2.475164954436048,xgboost
2009-03-23,2.900690186816041,2.5080202649418966,xgboost
2009-03-30,3.1585818918429154,2.6101121976643484,xgboost
2009-04-06,3.390447828472583,2.7576307641707425,xgboost
2009-04-13,3.7181359123828783,3.716403272941583,xgboost
2009-04-20,4.044641006820573,3.954093099706108,xgboost
2009-04-27,4.446857427504689,4.163245951495424,xgboost
2009-05-04,4.626671827339941,4.403144408454649,xgboost
2009-05-11,4.868001679750411,4.805796258110898,xgboost
2009-05-18,4.818316121901197,5.130610220060822,xgboost
2009-05-25,4.886929511312018,5.488605823684912,xgboost
2009-06-01,4.676357385189156,5.503720614662283,xgboost
2009-06-08,4.509555869552508,4.64443898343338,xgboost
2009-06-15,4.0032363752795606,4.425656270135078,xgboost
2009-06-22,3.654254480862459,4.207158473565677,xgboost
2009-06-29,3.2662339338495467,4.109072107898506,xgboost
2009-07-06,3.134922102390909,3.1165231133619193,xgboost
2009-07-13,3.0000613025144696,2.955619907350208,xgboost
2009-07-20,2.7232417659259895,2.8424918398395476,xgboost
2009-07-27,2.429860376721104,2.742013025449727,xgboost
2009-08-03,2.108087240173811,2.2748330775750265,xgboost
2009-08-10,1.954298608735766,2.256967745879882,xgboost
2009-08-17,1.8655743982907407,2.290454215723805,xgboost
2009-08-24,1.8738553245989429,2.3601386910236966,xgboost
2009-08-31,1.9744094297699721,2.0030292654176627,xgboost
2009-09-07,2.00280117711238,2.1365157192063147,xgboost
2009-09-14,2.0820614717766035,2.21721334163829,xgboost
2009-09-21,2.0122650928931836,2.3966309468008866,xgboost
2009-09-28,1.9602135560987681,2.048879020268286,xgboost
2009-10-05,1.9838733455507747,2.058440118255464,xgboost
2009-10-12,2.039473850762991,2.0818927947728656,xgboost
2009-10-19,2.0430228191807918,2.077178011884036,xgboost
2009-10-26,2.032375913927389,2.0697103952140545,xgboost
2009-11-02,2.090342398084806,2.077548163803388,xgboost
2009-11-09,2.247679997940651,2.078572274835024,xgboost
2009-11-16,2.2571439137214546,2.0718683578497723,xgboost
2009-11-23,2.2689738084474578,2.381706457595164,xgboost
2009-11-30,2.1968114506188368,2.4260504286920184,xgboost
2009-12-07,2.24294804005025,2.4478390387682234,xgboost
2009-12-14,2.2027263979818383,2.4368672401131577,xgboost
2009-12-21,2.1601387769682265,2.222749633422789,xgboost
2009-12-28,2.1231487794727055,2.2082017203253206,xgboost
2010-01-04,2.256191942186725,2.3348345567092217,xgboost
2010-01-11,2.323040605425405,2.4266116396617567,xgboost
2010-01-18,2.15921750051153,2.404753419109235,xgboost
2010-01-25,1.9001114004501465,2.3596848874782888,xgboost
2010-02-01,1.7437140247374192,2.3408607876719723,xgboost
2010-02-08,1.7507168923066458,2.3519028777403412,xgboost
2010-02-15,1.825414146378396,1.7966532335383243,xgboost
2010-02-22,1.8907742436911772,1.8742766252265237,xgboost
2010-03-01,2.0541744869731313,1.9299518252146655,xgboost
2010-03-08,2.1697218018653697,2.0264123853720597,xgboost
2010-03-15,2.3716378167780694,2.223650665429671,xgboost
2010-03-22,2.5805566992599958,2.396478704067152,xgboost
2010-03-29,2.8198213412085713,2.537884476719226,xgboost
2010-04-05,3.154791839936576,2.8497529995777513,xgboost
2010-04-12,3.483926615690225,3.433459510867416,xgboost
2010-04-19,3.8725857657823006,3.6924141497189047,xgboost
2010-04-26,4.0698332023155155,4.021063374653737,xgboost
2010-05-03,4.183046228018013,4.38789038712295,xgboost
2010-05-10,4.08383893745397,4.420375225634785,xgboost
2010-05-17,4.187714806397497,4.610265530853815,xgboost
2010-05-24,3.9402801522848243,4.761851419730006,xgboost
2010-05-31,3.801389945495164,4.921115591430463,xgboost
2010-06-07,3.3835521805313107,3.779456146526943,xgboost
2010-06-14,3.207313346705775,3.633816682773878,xgboost
2010-06-21,2.979720150705911,3.4679577886385697,xgboost
2010-06-28,2.6891011465830084,3.3531950612403336,xgboost
2010-07-05,2.5478766506036052,2.372928408776762,xgboost
2010-07-12,2.351796358665261,2.189110752385817,xgboost
2010-07-19,2.3868106965113935,2.096262862694271,xgboost
2010-07-26,2.219909019444827,1.9804538462452292,xgboost
2010-08-02,2.229246176203796,2.2013658811961543,xgboost
2010-08-09,2.0518401977833887,2.0745482443456,xgboost
2010-08-16,1.971307220737283,1.901231321662631,xgboost
2010-08-23,1.7472154585220325,1.791590005989784,xgboost
2010-08-30,1.7040311085118018,1.7952726852587362,xgboost
2010-09-06,1.7016968193220594,1.8742132374377183,xgboost
2010-09-13,1.7775612179886808,1.9246699279788957,xgboost
2010-09-20,1.770558350419454,1.8963626782200478,xgboost
2010-09-27,1.669016770665669,1.7615424701287268,xgboost
2010-10-04,1.7612211936604856,1.8005736099513243,xgboost
2010-10-11,1.897777111260404,1.8199908134964278,xgboost
2010-10-18,2.062344499137229,1.8411496171300157,xgboost
2010-10-25,1.973641509927025,2.057549543642941,xgboost
2010-11-01,1.8942756774757907,2.0850094715721927,xgboost
2010-11-08,1.9082814126142438,2.10801928865927,xgboost
2010-11-15,1.9759757991167675,2.0972175109576914,xgboost
2010-11-22,2.0098229923680293,2.013188597350797,xgboost
2010-11-29,1.993482968039834,2.018702328202768,xgboost
2010-12-06,1.9794772329013808,2.048027564816083,xgboost
2010-12-13,2.041335896429549,2.038756203054327,xgboost
2010-12-20,1.9409614612706345,1.9772695932085758,xgboost
2010-12-27,2.0191601491269977,1.948733387901009,xgboost
2011-01-03,1.9679337657446199,1.9591428950607135,xgboost
2011-01-10,2.0561837679839736,1.9736448924472338,xgboost
2011-01-17,1.864632795698311,2.0063629178730342,xgboost
2011-01-24,1.7413988802321472,1.823326237285424,xgboost
2011-01-31,1.576703086665218,1.7919168184773484,xgboost
2011-02-07,1.5686410548122913,1.7826617567929806,xgboost
2011-02-14,1.5237240202031288,1.68093875162284,xgboost
2011-02-21,1.5617307417954969,1.709553476718556,xgboost
2011-02-28,1.6077994952407917,1.8550325179832898,xgboost
2011-03-07,1.6273787154550423,1.9728130299586752,xgboost
2011-03-14,1.8508121696647226,1.721351613336315,xgboost
2011-03-21,2.0235699950845785,1.8268404962817857,xgboost
2011-03-28,2.2953756404118186,1.9364765972164109,xgboost
2011-04-04,2.6293741028902065,2.059208779981559,xgboost
2011-04-11,3.0105930376500223,2.8129956722421054,xgboost
2011-04-18,3.3998740042627644,3.0637799264831913,xgboost
2011-04-25,3.5277147950734578,3.2331890144321047,xgboost
2011-05-02,3.6509487105396214,3.3955188338552933,xgboost
2011-05-09,3.6313694903253713,3.7320182680371237,xgboost
2011-05-16,3.7753343448419177,3.758377935544037,xgboost
2011-05-23,3.680893400279063,3.77259438274107,xgboost
2011-05-30,3.6624658989009453,3.744479833806641,xgboost
2011-06-06,3.4528530707248533,3.602422692363347,xgboost
2011-06-13,3.386053378229176,3.4832809104438414,xgboost
2011-06-20,3.1914128949228044,3.4720139479077283,xgboost
2011-06-27,2.855110994772152,3.339966112730162,xgboost
2011-07-04,2.619008633365015,2.669082165941555,xgboost
2011-07-11,2.469285184667807,2.4141217776254544,xgboost
2011-07-18,2.439340494928365,2.2200814441494425,xgboost
2011-07-25,2.2700378260169067,2.141375717294724,xgboost
2011-08-01,2.111100626630639,2.2388473465491883,xgboost
2011-08-08,1.9487082707359742,2.1675136703005635,xgboost
2011-08-15,1.8058951350555603,2.1115240153178623,xgboost
2011-08-22,1.5916754315349388,1.8916163009340028,xgboost
2011-08-29,1.505296518825011,1.585019415787491,xgboost
2011-09-05,1.4903241739552897,1.566270359340415,xgboost
2011-09-12,1.5916754315349386,1.5930603448406724,xgboost
2011-09-19,1.570944492484556,1.5784350763161652,xgboost
2011-09-26,1.5525169911064378,1.5323143656902711,xgboost
2011-10-03,1.5099033941695403,1.5809763079797747,xgboost
2011-10-10,1.5202688636947317,1.6103413569871623,xgboost
2011-10-17,1.5122068318418052,1.7879105168042557,xgboost
2011-10-24,1.4431037016738628,1.586535536954814,xgboost
2011-10-31,1.4995379246443488,1.570365499939404,xgboost
2011-11-07,1.5179654260224666,1.5866724431222388,xgboost
2011-11-14,1.5456066780896436,1.614327773837553,xgboost
2011-11-21,1.568641054812291,1.5840367316291917,xgboost
2011-11-28,1.7033921586397789,1.5628006309704257,xgboost
2011-12-05,1.7517643497573385,1.5402528231422898,xgboost
2011-12-12,1.6653854370474106,1.6091423565166427,xgboost
2011-12-19,1.5571238664509677,1.6758186568679598,xgboost
2011-12-26,1.5720962113206884,1.7180099687646795,xgboost
2012-01-02,1.5893866370088876,1.7062237386417798,xgboost
2012-01-09,1.5686703411047187,1.7603454237322702,xgboost
2012-01-16,1.5424959159379956,1.5054423763624316,xgboost
2012-01-23,1.4640639202123351,1.4640200804594263,xgboost
2012-01-30,1.4151860098325753,1.4643007593609412,xgboost
2012-02-06,1.3742649685844046,1.4880029664609682,xgboost
2012-02-13,1.39472548920849,1.4166888680319105,xgboost
2012-02-20,1.3697181862234966,1.420864616389764,xgboost
2012-02-27,1.4265529657348452,1.4161860561738664,xgboost
2012-03-05,1.4436033995882498,1.4321310260074165,xgboost
2012-03-12,1.534539046806407,1.4984966973926563,xgboost
2012-03-19,1.5959206086786633,1.5598596508689822,xgboost
2012-03-26,1.8005258149195178,1.6493190626755752,xgboost
2012-04-02,2.034685106506273,1.8048518799253372,xgboost
2012-04-09,2.4654927352022944,2.3229291633194356,xgboost
2012-04-16,2.9304012316051242,2.736138717010077,xgboost
2012-04-23,3.3543886867597834,3.006117741185365,xgboost
2012-04-30,3.610145194560852,3.2468401726722895,xgboost
2012-05-07,3.673800147613562,3.7443978245352327,xgboost
2012-05-14,3.716994580042187,3.8186229332332466,xgboost
2012-05-21,3.707901015320371,3.793353278360935,xgboost
2012-05-28,3.6908505814669663,3.7540654417804027,xgboost
2012-06-04,3.7351817094858184,3.641482511797513,xgboost
2012-06-11,3.6146919769217596,3.466344767613576,xgboost
2012-06-18,3.388489554466593,3.3322167143592907,xgboost
2012-06-25,2.93949479632694,3.001890167346129,xgboost
2012-07-02,2.629176900194978,2.768112025921104,xgboost
2012-07-09,2.442758823397755,2.5440279350490442,xgboost
2012-07-16,2.325679177604377,2.3506076962864855,xgboost
2012-07-23,2.1619950126116936,2.247706552010562,xgboost
2012-07-30,1.9653466755024283,2.014617834092752,xgboost
2012-08-06,1.8016625105097448,1.873318419574801,xgboost
2012-08-13,1.6663957352727354,1.7630298738001446,xgboost
2012-08-20,1.5879637395470745,1.589868206529425,xgboost
2012-08-27,1.4583804422612003,1.4847338428628052,xgboost
2012-09-03,1.4515602687198383,1.4486457372624706,xgboost
2012-09-10,1.4401933128175688,1.494489742067705,xgboost
2012-09-17,1.4436033995882498,1.4553798026388263,xgboost
2012-09-24,1.3378907096971417,1.4447915896216048,xgboost
2012-10-01,1.2605954095617076,1.4315086203434666,xgboost
2012-10-08,1.3015164508098784,1.4319957762047886,xgboost
2012-10-15,1.3435741876482765,1.410339757859387,xgboost
2012-10-22,1.399272271569398,1.3213942465704105,xgboost
2012-10-29,1.3913154024378092,1.3356417396482716,xgboost
2012-11-05,1.5106684394116405,1.331377580490354,xgboost
2012-11-12,1.5629564365620814,1.3318879008790059,xgboost
2012-11-19,1.6118343469418408,1.5184296244956903,xgboost
2012-11-26,1.5197620041334563,1.5148769250334513,xgboost
2012-12-03,1.5186253085432295,1.5585081531684744,xgboost
2012-12-10,1.5868270439568477,1.5104484844456618,xgboost
2012-12-17,1.6845828647163668,1.5393140978460766,xgboost
2012-12-24,1.7209571236036298,1.5188807457550857,xgboost
2012-12-31,1.7289139927352188,1.5192645251403991,xgboost
2013-01-07,1.8258154118840553,1.484889058269184,xgboost
2013-01-14,1.928517402282927,1.7460644863698669,xgboost
2013-01-21,1.9153545898645152,1.6338282255932453,xgboost
2013-01-28,1.7537781042520428,1.5373703855409122,xgboost
2013-02-04,1.587713382928113,1.4995149356704172,xgboost
2013-02-11,1.487850138348182,1.512223775725364,xgboost
2013-02-18,1.4440898401614708,1.4773448029185192,xgboost
2013-02-25,1.4115501312534036,1.4935386484757784,xgboost
2013-03-04,1.4463339580171999,1.499206113613111,xgboost
2013-03-11,1.5069251401218768,1.435649726654518,xgboost
2013-03-18,1.6886986864359084,1.4041272647542762,xgboost
2013-03-25,1.8626178202548889,1.4079059678950578,xgboost
2013-04-01,2.27441344678112,1.4785997983950403,xgboost
2013-04-08,2.6244958322748104,2.321025540609456,xgboost
2013-04-15,3.043023812368228,2.5562616613273534,xgboost
2013-04-22,3.2247973586822596,2.907758417606481,xgboost
2013-04-29,3.3123179550556823,3.2841858924223497,xgboost
2013-05-06,3.280900305075479,3.4575396157849068,xgboost
2013-05-13,3.2371400068887675,3.621830347817389,xgboost
2013-05-20,3.219187064042938,3.7360352396743868,xgboost
2013-05-27,3.2034782390528362,3.7005932427409163,xgboost
2013-06-03,3.247238537239548,3.187913743968928,xgboost
2013-06-10,3.1967458854856496,3.193116039329117,xgboost
2013-06-17,3.1069811712564985,3.1797422075514326,xgboost
2013-06-24,2.8197340857232143,2.977877522128271,xgboost
2013-07-01,2.6042987715732515,2.582141062597006,xgboost
2013-07-08,2.378764927072509,2.4807957385624033,xgboost
2013-07-15,2.2654369753582055,2.3752592928862555,xgboost
2013-07-22,2.107226666529326,2.197707735031288,xgboost
2013-07-29,1.9658472416184125,1.9022351627987255,xgboost
2013-08-05,1.8738384095335325,1.790801753279095,xgboost
2013-08-12,1.734703102478348,1.6884648401093199,xgboost
2013-08-19,1.611276620413265,1.6414249965574477,xgboost
2013-08-26,1.4407236633778775,1.5178577699373916,xgboost
2013-09-02,1.3655457152109634,1.4736216669290767,xgboost
2013-09-09,1.3790104223453359,1.4322802009107773,xgboost
2013-09-16,1.349836890220862,1.4228019713659303,xgboost
2013-09-23,1.3116868866734726,1.3524845577185813,xgboost
2013-09-30,1.229776584939372,1.3203036262506898,xgboost
2013-10-07,1.203969229598491,1.2928201021543175,xgboost
2013-10-14,1.275781000981812,1.300577462264719,xgboost
2013-10-21,1.301588356322693,1.3198850272704983,xgboost
2013-10-28,1.3318839473750315,1.3274270759156608,xgboost
2013-11-04,1.3229074759521164,1.3528382166335815,xgboost
2013-11-11,1.3094427688177437,1.4262698636845137,xgboost
2013-11-18,1.3633015973552347,1.3293438021163773,xgboost
2013-11-25,1.4205266026763186,1.3589379990018176,xgboost
2013-12-02,1.4497001348007927,1.4420857388830854,xgboost
2013-12-09,1.3633015973552345,1.5085960959069162,xgboost
2013-12-16,1.2488515867130667,1.4283289253853018,xgboost
2013-12-23,1.183772168896932,1.4568982353211908,xgboost
2013-12-30,1.1848942278247963,1.4664000345710217,xgboost
2014-01-06,1.1587822430905017,1.4788345621124819,xgboost
2014-01-13,1.1096205421322909,1.205551119362297,xgboost
2014-01-20,1.0424345759308562,1.2332808647571514,xgboost
2014-01-27,0.9959072090986608,1.204719521854812,xgboost
2014-02-03,1.0125241258244448,1.2061105572432107,xgboost
2014-02-10,0.9715357312341774,1.092699415009024,xgboost
2014-02-17,1.0003383868922031,1.091351468231589,xgboost
2014-02-24,1.006985153582517,1.1251819745577998,xgboost
2014-03-03,1.0014461813405888,1.1373404033718877,xgboost
2014-03-10,1.0125241258244448,1.0427453685387416,xgboost
2014-03-17,1.0380033981373138,1.082739806835703,xgboost
2014-03-24,1.1665075541500443,1.118756834451702,xgboost
2014-03-31,1.2241128654660958,1.2574929422589167,xgboost
2014-04-07,1.3603715826175256,1.5694608261851706,xgboost
2014-04-14,1.5043848609076544,1.927133115593159,xgboost
2014-04-21,1.661691672578411,2.3481389703211937,xgboost
2014-04-28,1.7093268338589922,2.8413331209553507,xgboost
2014-05-05,1.8411543732168794,1.8679044188489138,xgboost
2014-05-12,2.071575618481086,2.1940408231239186,xgboost
2014-05-19,2.4094529252386963,2.4323593304763493,xgboost
2014-05-26,2.656491087228687,2.7647701580917015,xgboost
2014-06-02,2.7473302319963064,2.9858905514343,xgboost
2014-06-09,2.758408176480163,3.0931510825510657,xgboost
2014-06-16,2.69858727626734,3.058099477629908,xgboost
2014-06-23,2.6653534428157717,2.8775805019051375,xgboost
2014-06-30,2.551250614632054,2.5470207863668586,xgboost
2014-07-07,2.5490350257352827,2.4337397354158354,xgboost
2014-07-14,2.503615453351473,2.310600942084281,xgboost
2014-07-21,2.3806502695806704,2.267202818754321,xgboost
2014-07-28,2.131396518693909,2.270305338030264,xgboost
2014-08-04,1.9685507347812246,2.0645118955552935,xgboost
2014-08-11,1.7071112449622208,1.8842355519186713,xgboost
2014-08-18,1.5232173665302102,1.791105182591831,xgboost
2014-08-25,1.2850415601273042,1.464858687073668,xgboost
2014-09-01,1.2994428879563173,1.3965570695873892,xgboost
2014-09-08,1.3105208324401734,1.4101718164670813,xgboost
2014-09-15,1.2783947934369906,1.3936098290218821,xgboost
2014-09-22,1.291688326817618,1.2565507012691097,xgboost
2014-09-29,1.2639934656079779,1.2539813149170442,xgboost
2014-10-06,1.3681261437562249,1.2037834135355723,xgboost
2014-10-13,1.4656120552141585,1.1943060436291768,xgboost
2014-10-20,1.5265407498753667,1.397276978348949,xgboost
2014-10-27,1.5154628053915105,1.3989197624373881,xgboost
2014-11-03,1.4966302997689553,1.41430665975838,xgboost
2014-11-10,1.5608823777753207,1.3960408799846928,xgboost
2014-11-17,1.6450747558526269,1.5543942968958113,xgboost
2014-11-24,1.7215125727912337,1.5409171494686251,xgboost
2014-12-01,1.6351046058171563,1.5527530720292009,xgboost
2014-12-08,1.5952240056752744,1.5519457081554642,xgboost
2014-12-15,1.4910913275270274,1.6071240602894914,xgboost
2014-12-22,1.463396466317387,1.6125941604635037,xgboost
2014-12-29,1.8411543732168798,1.5770794549883667,xgboost
2015-01-05,1.7463472444042756,1.5427371754132038,xgboost
2015-01-12,1.6434426033392038,1.6443677936494014,xgboost
2015-01-19,1.082949323878638,1.5747507669731762,xgboost
2015-01-26,0.9987199320214106,1.4962259246866778,xgboost
2015-02-02,1.0566960069361258,1.502741448934536,xgboost
2015-02-09,1.069822665407382,1.03949545877475,xgboost
2015-02-16,1.0938882059380182,1.0326563673472324,xgboost
2015-02-23,1.0556021187301876,1.037233203824169,xgboost
2015-03-02,1.079667659260824,1.04778965217588,xgboost
2015-03-09,1.19233814447244,1.094646928897238,xgboost
2015-03-16,1.3914257979531595,1.1034079941198285,xgboost
2015-03-23,1.5719173519329326,1.147579670942814,xgboost
2015-03-30,1.8508588444471272,1.1732626426973618,xgboost
2015-04-06,2.1330820015791363,1.8926354359297757,xgboost
2015-04-13,2.3813946243270663,1.855032177636912,xgboost
2015-04-20,2.4656240161842935,1.8653107167763696,xgboost
2015-04-27,2.6329889116928107,1.8486119661928033,xgboost
2015-05-04,2.765349384611311,2.596009839870694,xgboost
2015-05-11,2.9852209140048536,2.6242655397637336,xgboost
2015-05-18,2.8101988010547694,2.731978935539447,xgboost
2015-05-25,2.760973831787559,2.7395091091136017,xgboost
2015-06-01,2.48422011568524,2.8136811869706944,xgboost
2015-06-08,2.4371829228299053,2.8783682450336365,xgboost
2015-06-15,2.2577852570560704,2.8432687893633974,xgboost
2015-06-22,2.168086424169153,2.69752809365676,xgboost
2015-06-29,1.9744682117181231,2.1458273302751776,xgboost
2015-07-06,1.8289810803283668,2.14798138540771,xgboost
2015-07-13,1.609109550934825,2.168315032602621,xgboost
2015-07-20,1.449401872867874,2.1076828885335646,xgboost
2015-07-27,1.2853186419771714,1.3909888429359811,xgboost
2015-08-03,1.2185914614149522,1.4428685385718134,xgboost
2015-08-10,1.1868687034427496,1.4351162631483871,xgboost
2015-08-17,1.1321742931458487,1.3952842219222368,xgboost
2015-08-24,1.1398315105874148,1.0737854570669134,xgboost
2015-08-31,1.140925398793353,1.0742288836575797,xgboost
2015-09-07,1.1584276100883613,1.12001516022514,xgboost
2015-09-14,1.1617092747061752,1.1185041477361197,xgboost
2015-09-21,1.150770392646795,1.156693634100122,xgboost
2015-09-28,1.1934320326783778,1.1544972088683068,xgboost
2015-10-05,1.2700042070940392,1.156193251063729,xgboost
2015-10-12,1.3159475117434358,1.1519325588133187,xgboost
2015-10-19,1.317041399949374,1.3121809451562745,xgboost
2015-10-26,1.2732858717118531,1.3215533727853965,xgboost
2015-11-02,1.320323064567188,1.3250607908571628,xgboost
2015-11-09,1.3968952389828495,1.3279176608532417,xgboost
2015-11-16,1.5106596124004035,1.4313283350932262,xgboost
2015-11-23,1.5030023949588374,1.4362508296086847,xgboost
2015-11-30,1.5226923826657215,1.4090656208357493,xgboost
2015-12-07,1.43518132619068,1.398647102181927,xgboost
2015-12-14,1.3706419220403372,1.4249792115443491,xgboost
2015-12-21,1.262346989652473,1.4101366206524995,xgboost
2015-12-28,1.2430161992664213,1.3932781436421793,xgboost
2016-01-04,1.2973351159990496,1.4029767207256896,xgboost
2016-01-11,1.3139917668494208,1.2976996365733764,xgboost
2016-01-18,1.2769463636181249,1.2989233685779868,xgboost
2016-01-25,1.1883595600507084,1.244185469711416,xgboost
2016-02-01,1.1278612551753995,1.2096101616021986,xgboost
2016-02-08,1.1116563520837992,1.1314797285893372,xgboost
2016-02-15,1.1094956983382522,1.1235822191428806,xgboost
2016-02-22,1.1181383133204392,1.1112126074226578,xgboost
2016-02-29,1.1300219089209462,1.0801908916726375,xgboost
2016-03-07,1.1440661582670002,1.1676627507859216,xgboost
2016-03-14,1.169994003213561,1.22547078291549,xgboost
2016-03-21,1.1440661582670002,1.3297952137478772,xgboost
2016-03-28,1.1980825019056687,1.4377418855043667,xgboost
2016-04-04,1.2909906129641788,1.3406588639773929,xgboost
2016-04-11,1.4822084694450657,1.4203547323567036,xgboost
2016-04-18,1.6420968466155248,1.530443580545755,xgboost
2016-04-25,1.7901016281854767,1.6388130797637874,xgboost
2016-05-02,1.8970539885900404,1.8701586409845614,xgboost
2016-05-09,1.9953637340124173,2.11800000569145,xgboost
2016-05-16,2.177938975511117,2.357019378811217,xgboost
2016-05-23,2.4588239624321937,2.496197549188601,xgboost
2016-05-30,2.54741076599961,2.5786189891384663,xgboost
2016-06-06,2.6370778964398003,2.595294876421022,xgboost
2016-06-13,2.6489614920403075,2.5680616235146294,xgboost
2016-06-20,2.685692605714602,2.5084798843241,xgboost
2016-06-27,2.558214034727344,2.5771317279390424,xgboost
2016-07-04,2.357273236391497,2.507618826853433,xgboost
2016-07-11,2.2838110090429073,2.404682797028577,xgboost
2016-07-18,2.184420936747758,2.268011091640295,xgboost
2016-07-25,2.096914460053114,2.0410555358902647,xgboost
2016-08-01,1.930544121646015,1.9050634886383104,xgboost
2016-08-08,1.759852475747822,1.7499749212917621,xgboost
2016-08-15,1.5610723311575219,1.481341078420133,xgboost
2016-08-22,1.3979429733687425,1.3588397190898087,xgboost
2016-08-29,1.477887161953972,1.317638302505471,xgboost
2016-09-05,1.532983832465414,1.2878311982865664,xgboost
2016-09-12,1.5837591954857626,1.2804969770614516,xgboost
2016-09-19,1.5945624642134966,1.5350481144456198,xgboost
2016-09-26,1.6680246915620855,1.5422819330964463,xgboost
2016-10-03,1.7025951514908335,1.5645333033419353,xgboost
2016-10-10,1.588080502976856,1.6173470880209064,xgboost
2016-10-17,1.538385466829281,1.5724143701949542,xgboost
2016-10-24,1.5740362536308021,1.6431207100080503,xgboost
2016-10-31,1.5805182148674426,1.6437241657836197,xgboost
2016-11-07,1.5459477549386946,1.5755572094093577,xgboost
2016-11-14,1.503815006900533,1.5812438464331298,xgboost
2016-11-21,1.5102969681371732,1.5910603575018174,xgboost
2016-11-28,1.4206298376969835,1.5907443940991697,xgboost
2016-12-05,1.3547298984578078,1.5790568139928824,xgboost
2016-12-12,1.23049230808887,1.283411371526329,xgboost
2016-12-19,1.2024038093967622,1.2232615599748076,xgboost
2016-12-26,1.2186087124883629,1.2120635696372386,xgboost
2017-01-02,1.2994388090992324,1.2655201880226143,xgboost
2017-01-09,1.2892613468177034,1.3018840869019497,xgboost
2017-01-16,1.218625267981511,1.300642323352472,xgboost
2017-01-23,1.1770084681117396,1.2542360526554097,xgboost
2017-01-30,1.1353916682419685,1.2207617134437034,xgboost
2017-02-06,1.2079542936559287,1.1333139194747799,xgboost
2017-02-13,1.2645104575815156,1.133780249354982,xgboost
2017-02-20,1.4853996261210716,1.1379787497100933,xgboost
2017-02-27,1.6177197077582937,1.136342493322716,xgboost
2017-03-06,1.6998862100652783,1.6864626838512518,xgboost
2017-03-13,1.7393688150699333,1.8535762069473782,xgboost
2017-03-20,1.8012604661583111,2.0802862486971962,xgboost
2017-03-27,2.046692875646707,2.3563751381255695,xgboost
2017-04-03,2.2099587828281178,2.2951049093515854,xgboost
2017-04-10,2.4127072950141835,2.486806394958769,xgboost
2017-04-17,2.479934433265353,2.649496748926864,xgboost
2017-04-24,2.531155110028149,2.719229848288061,xgboost
2017-05-01,2.415908587311858,2.566699074865336,xgboost
2017-05-08,2.2302336340467246,2.5561374492447775,xgboost
2017-05-15,2.1203225984932255,2.5803731905662683,xgboost
2017-05-22,2.028552219293217,2.5539341479908155,xgboost
2017-05-29,1.9698618605025136,2.0422332355564556,xgboost
2017-06-05,1.826870804539709,2.0785388785245185,xgboost
2017-06-12,1.7969920764280782,2.0605533083404124,xgboost
2017-06-19,1.7404359125024917,2.0269258138358057,xgboost
2017-06-26,1.6636048973582982,1.6187440267784325,xgboost
2017-07-03,1.5056744773396782,1.5044279929622284,xgboost
2017-07-10,1.4352460467908343,1.4768845855332453,xgboost
2017-07-17,1.3968305392187377,1.5302561105354404,xgboost
2017-07-24,1.4139040981396696,1.395386875798742,xgboost
2017-07-31,1.3381401804280344,1.4000404683901861,xgboost
2017-08-07,1.2730472370419816,1.3855906709558397,xgboost
2017-08-14,1.1716729809489486,1.3828742132193197,xgboost
2017-08-21,1.1481968374326674,1.1859068160579798,xgboost
2017-08-28,1.1866123450047639,1.1520928962559656,xgboost
2017-09-04,1.1770084681117396,1.154381250498102,xgboost
2017-09-11,1.1588678117582496,1.1453269285192524,xgboost
2017-09-18,1.1930149296001133,1.1516891252797783,xgboost
2017-09-25,1.354146641916408,1.1505456897664847,xgboost
2017-10-02,1.4992718927443291,1.1529590532309615,xgboost
2017-10-09,1.5995790514048036,1.1769352537173317,xgboost
2017-10-16,1.676410066548997,1.6197925324143418,xgboost
2017-10-23,1.7553752765583068,1.6135310007148234,xgboost
2017-10-30,1.7212281587164433,1.6136152782891449,xgboost
2017-11-06,1.677477163981555,1.62610663206128,xgboost
2017-11-13,1.592109369376896,1.669715200723768,xgboost
2017-11-20,1.632659071814109,1.6274631422091117,xgboost
2017-11-27,1.5440899849117748,1.5389569253689794,xgboost
2017-12-04,1.5376874003164254,1.4818540467407642,xgboost
2017-12-11,1.434178949358276,1.4982490523669547,xgboost
2017-12-18,1.393629246921063,1.487312741858935,xgboost
2017-12-25,1.3392072778605926,1.451042105371878,xgboost
2018-01-01,1.3144341830628188,1.448773447419675,xgboost
2018-01-08,1.276268053403249,1.2718389234880765,xgboost
2018-01-15,1.2241425240728832,1.2841846974768343,xgboost
2018-01-22,1.1259153845226002,1.2687752599603095,xgboost
2018-01-29,1.068880271235339,1.2807147444542155,xgboost
2018-02-05,1.0213510101626213,1.0977313865569391,xgboost
2018-02-12,0.985440012907679,1.093298102000571,xgboost
2018-02-19,0.9400231634381931,1.1036118603118699,xgboost
2018-02-26,0.8248967310620549,1.1157827004592193,xgboost
2018-03-05,0.7826484989974168,0.9583203331150758,xgboost
2018-03-12,0.7668054119731776,0.997391737861851,xgboost
2018-03-19,0.8439084354911418,1.0181196260505474,xgboost
2018-03-26,0.9421355750414251,1.0942513144373163,xgboost
2018-04-02,1.08683576986281,0.9452800068286563,xgboost
2018-04-09,1.2758966083520649,0.9440087077912387,xgboost
2018-04-16,1.5272735891366604,0.9413984762853924,xgboost
2018-04-23,1.7892126279374156,0.9343949089311285,xgboost
2018-04-30,2.0194654926896924,2.050880495061648,xgboost
2018-05-07,2.256055592251665,2.2868568727242473,xgboost
2018-05-14,2.57291733273645,2.4527800923646716,xgboost
2018-05-21,2.9711069199456617,2.6352973112101195,xgboost
2018-05-28,3.0894019697266484,2.7879889943764957,xgboost
2018-06-04,3.092570587131496,2.790228507850142,xgboost
2018-06-11,3.0661654420910973,2.731479806202628,xgboost
2018-06-18,3.2837438372239824,2.7023008484379365,xgboost
2018-06-25,3.3281044808918523,2.9167963879193257,xgboost
2018-07-02,3.2066408137060187,2.6716846763550017,xgboost
2018-07-09,2.9309710994842555,2.526355401789202,xgboost
2018-07-16,2.766202994432168,2.32214493030698,xgboost
2018-07-23,2.51271360204434,2.627320096172748,xgboost
2018-07-30,2.2856293546969115,2.4325680130697025,xgboost
2018-08-06,2.0427020203252435,2.149796707688517,xgboost
2018-08-13,1.8494163586295247,2.0495751154737856,xgboost
2018-08-20,1.6434562273144149,1.7749917222082554,xgboost
2018-08-27,1.5029808556994937,1.6833757949714625,xgboost
2018-09-03,1.5019246498978778,1.5557510858930286,xgboost
2018-09-10,1.5388918529544362,1.4428359229757761,xgboost
2018-09-17,1.5219925601285809,1.5676430981322003,xgboost
2018-09-24,1.4976998266914139,1.5514406080869874,xgboost
2018-10-01,1.4227092147766818,1.5342625128579979,xgboost
2018-10-08,1.4491143598170801,1.5515669877947802,xgboost
2018-10-15,1.4660136526429355,1.380931745842146,xgboost
2018-10-22,1.492418797683334,1.2958857181382095,xgboost
2018-10-29,1.4734070932542471,1.264977545241389,xgboost
2018-11-05,1.5082618847075733,1.220885877829485,xgboost
2018-11-12,1.5462852935657476,1.4759247088040601,xgboost
2018-11-19,1.5980393778449289,1.542621387014788,xgboost
2018-11-26,1.5262173833350445,1.5376840747411114,xgboost
2018-12-03,1.5124867079140374,1.5119389859973615,xgboost
2018-12-10,1.4448895366106165,1.4870052791797128,xgboost
2018-12-17,1.372011336299116,1.4944255117630605,xgboost
2018-12-24,1.2822338431617604,1.5048527178864415,xgboost
2018-12-31,1.2051308196437962,1.61383354024007,xgboost
2019-01-07,1.1510219132319937,1.21113014199921,xgboost
2019-01-14,1.1211493432973085,1.2235854544184375,xgboost
2019-01-21,1.076828273900296,1.1878624341917812,xgboost
2019-01-28,1.021845712708855,1.123582598869006,xgboost
2019-02-04,0.9761998128518097,0.9970355605781689,xgboost
2019-02-11,0.9782746264816753,1.004365556429169,xgboost
2019-02-18,1.0467434762672434,1.0159298655377444,xgboost
2019-02-25,1.055042730786706,1.0492491286013834,xgboost
2019-03-04,1.056080137601639,1.0772774555365767,xgboost
2019-03-11,0.9979853559653996,1.1060487496788203,xgboost
2019-03-18,1.0540053239717733,1.2199296735384162,xgboost
2019-03-25,1.151521564575461,1.3853908991611004,xgboost
2019-04-01,1.351741079857501,1.2707227245896835,xgboost
2019-04-08,1.516688763431824,1.5025327617895192,xgboost
2019-04-15,1.6349531403341686,1.736501092839886,xgboost
2019-04-22,1.7054968037496023,1.9114377374249216,xgboost
2019-04-29,1.7563297376813118,1.826809156790315,xgboost
2019-05-06,1.9181652008108365,2.01121220860749,xgboost
2019-05-13,2.0291677300086515,2.2405304105110626,xgboost
2019-05-20,2.087262511644891,2.44970390443056,xgboost
2019-05-27,2.1495069205408615,2.1236243507246413,xgboost
2019-06-03,2.2387239066250864,2.1053661255598586,xgboost
2019-06-10,2.315492010930117,2.0756289195954567,xgboost
2019-06-17,2.2937064678165275,2.074878858390345,xgboost
2019-06-24,2.2293872452906904,2.243282816812036,xgboost
2019-07-01,2.2480605679594823,2.169269227727761,xgboost
2019-07-08,2.2480605679594823,1.993338065244403,xgboost
2019-07-15,2.1692176500245854,1.9015066342895575,xgboost
2019-07-22,2.030205136823584,2.12616081355895,xgboost
2019-07-29,1.8839307759180521,1.9356411341139446,xgboost
2019-08-05,1.7791526876098345,1.770766925462235,xgboost
2019-08-12,1.6318409198893697,1.5906724351924506,xgboost
2019-08-19,1.4243595569028003,1.5414113803928937,xgboost
2019-08-26,1.3558907071172321,1.5275172850468997,xgboost
2019-09-02,1.3942747592697478,1.527761804696532,xgboost
2019-09-09,1.481416931724107,1.534895809573528,xgboost
2019-09-16,1.4834917453539729,1.4808651836202362,xgboost
2019-09-23,1.4834917453539724,1.4877793453392891,xgboost
2019-09-30,1.4368084386819946,1.5057434558331124,xgboost
2019-10-07,1.3973869797145462,1.4917413619154536,xgboost
2019-10-14,1.3641899616366953,1.3976823882718672,xgboost
2019-10-21,1.3911625388249493,1.4005267566975628,xgboost
2019-10-28,1.4108732683086733,1.3982097952649557,xgboost
2019-11-04,1.4316214046073303,1.4084725173688697,xgboost
2019-11-11,1.3984243865294792,1.4324907140067538,xgboost
2019-11-18,1.4046488274190763,1.4358246700612645,xgboost
2019-11-25,1.3870129115652177,1.3777110457779467,xgboost
2019-12-02,1.4015366069742778,1.3363373618366767,xgboost
2019-12-09,1.357965520747098,1.3599910742055226,xgboost
2019-12-16,1.3289181299289783,1.3258863462072705,xgboost
2019-12-23,1.3133570277049855,1.2954507276571454,xgboost
2019-12-30,1.3216562822244484,1.2881639539759442,xgboost
2020-01-06,1.3107920219439884,1.300818677964727,xgboost
2020-01-13,1.2631314960817435,1.2980097203789478,xgboost
2020-01-20,1.1943458828128655,1.2950353811601956,xgboost
2020-01-27,1.1105679851305257,1.313445759412606,xgboost
2020-02-03,1.02474672409008,1.1386422712638644,xgboost
2020-02-10,1.00022636379281,1.1907672153455833,xgboost
2020-02-17,1.0288334508062917,1.2531142669627786,xgboost
2020-02-24,1.0891126698704143,1.2872796668715831,xgboost
2020-03-02,1.128958255353478,1.099968320901828,xgboost
2020-03-09,1.173912249231807,1.1118761300130733,xgboost
2020-03-16,1.0727657630055676,1.119173877635927,xgboost
2020-03-23,0.9440338714448995,1.1457103213789785,xgboost
2020-03-30,0.6375293677290227,1.0231869089877716,xgboost
2020-04-06,0.4454532120670733,1.1505676090877268,xgboost
2020-04-13,0.26665891823281185,1.2984687595704056,xgboost
2020-04-20,0.20944474420584816,1.4636366404514916,xgboost
2020-04-27,0.17470756711804883,0.32634002450743654,xgboost
2020-05-04,0.16142570529036085,0.36429925583289613,xgboost
2020-05-11,0.159382341932255,0.3892377284356807,xgboost
2020-05-18,0.159382341932255,0.48828830084982017,xgboost
2020-05-25,0.13792702667214363,0.21043481301374306,xgboost
2020-06-01,0.13384029995593194,0.20210036845619786,xgboost
2020-06-08,0.12158011980729688,0.24669761164651843,xgboost
2020-06-15,0.13997039003024947,0.25925883040657766,xgboost
2020-06-22,0.12362348316540273,0.14757016748746224,xgboost
2020-06-29,0.13486198163498486,0.14728104075059795,xgboost
2020-07-06,0.1369053449930907,0.14726435535188104,xgboost
2020-07-13,0.1501872068207787,0.14867547031465794,xgboost
2020-07-20,0.1685774770437313,0.14101767458571524,xgboost
2020-07-27,0.17981597551331344,0.13973251769469602,xgboost
2020-08-03,0.2043363358105836,0.13973251769469602,xgboost
2020-08-10,0.2605288281584943,0.13692657663932734,xgboost
2020-08-17,0.2922009602091349,0.22894904373421052,xgboost
2020-08-24,0.30037441364155826,0.2322601227582583,xgboost
2020-08-31,0.2584854648003884,0.23228467313950157,xgboost
2020-09-07,0.24111687625648873,0.23419684390994788,xgboost
2020-09-14,0.2165965159592186,0.2705582495610415,xgboost
2020-09-21,0.22272660603353614,0.2678871638765344,xgboost
2020-09-28,0.24418192129364757,0.2744400888945629,xgboost
2020-10-05,0.28607087013481736,0.2668826815812975,xgboost
2020-10-12,0.27483237166523516,0.2888590728819246,xgboost
2020-10-19,0.2707456449490235,0.287490908580882,xgboost
2020-10-26,0.2666589182328118,0.28693742206407474,xgboost
2020-11-02,0.26870228159091764,0.2660752616481232,xgboost
2020-11-09,0.2666589182328118,0.2677680680550767,xgboost
2020-11-16,0.2707456449490235,0.26770204497321504,xgboost
2020-11-23,0.28300582509765854,0.2725350440861909,xgboost
2020-11-30,0.27381068998618224,0.27023620570226403,xgboost
2020-12-07,0.2574637831213355,0.2729636441315695,xgboost
2020-12-14,0.27483237166523516,0.27338791043480937,xgboost
2020-12-21,0.303439458678717,0.2763735285072715,xgboost
2020-12-28,0.29730936860439944,0.27314196180251565,xgboost
2021-01-04,0.3767270975754844,0.2947149165429584,xgboost
2021-01-11,0.4379064779861182,0.2938326508825378,xgboost
2021-01-18,0.5196460933632285,0.2967845981047982,xgboost
2021-01-25,0.5095558779581172,0.3065434932980685,xgboost
2021-02-01,0.46717697325665003,0.5257865199391698,xgboost
2021-02-08,0.42782513317671617,0.5160746879862578,xgboost
2021-02-15,0.362238733043493,0.5153272818615354,xgboost
2021-02-22,0.3390312376117371,0.5294051446845675,xgboost
2021-03-01,0.37232894844860426,0.37131134343814515,xgboost
2021-03-08,0.4288341547172272,0.37549858739253256,xgboost
2021-03-15,0.44094241320336075,0.3734168972863359,xgboost
2021-03-22,0.4328702408792718,0.3687754042331374,xgboost
2021-03-29,0.41067176698802704,0.42957977747285164,xgboost
2021-04-05,0.43993339166284967,0.39655628364205825,xgboost
2021-04-12,0.48433033944533915,0.36076615537027446,xgboost
2021-04-19,0.5115739210391396,0.29705368777500196,xgboost
2021-04-26,0.5246912010657842,0.4552120578292001,xgboost
2021-05-03,0.47524914558073905,0.40869108331106413,xgboost
2021-05-10,0.45910480093256106,0.3680877715377655,xgboost
2021-05-17,0.4480055639869387,0.3689508648200887,xgboost
2021-05-24,0.4944205548504505,0.4396824374774656,xgboost
2021-05-31,0.5246912010657843,0.4416034128111089,xgboost
2021-06-07,0.546889674957029,0.4420245129726583,xgboost
2021-06-14,0.5327633733898731,0.44273791375765803,xgboost
2021-06-21,0.5741332565508294,0.5216401628905145,xgboost
2021-06-28,0.5973407519825852,0.5326847058443814,xgboost
2021-07-05,0.6992519275742088,0.5337388952896785,xgboost
2021-07-12,0.7133782291413645,0.5335614175856661,xgboost
2021-07-19,0.7194323583844312,0.7650868093978294,xgboost
2021-07-26,0.6407286782245636,0.8272104779478472,xgboost
2021-08-02,0.5862415150369628,0.8206791788118093,xgboost
2021-08-09,0.579178364253385,0.8255596005177567,xgboost
2021-08-16,0.587250536577474,0.6027593624623332,xgboost
2021-08-23,0.5993587950636075,0.6132482593744017,xgboost
2021-08-30,0.5660610842267403,0.6156754055648003,xgboost
2021-09-06,0.5519347826595845,0.6167431187483,xgboost
2021-09-13,0.5569798903621402,0.5641435660714015,xgboost
2021-09-20,0.5912866227395185,0.5678959146996577,xgboost
2021-09-27,0.5983497735230964,0.5631375161261292,xgboost
2021-10-04,0.5408355457139622,0.5640992357292233,xgboost
2021-10-11,0.5418445672544734,0.5531871532619435,xgboost
2021-10-18,0.5398265241734511,0.5618575084890951,xgboost
2021-10-25,0.6054129243066741,0.5691242861503312,xgboost
2021-11-01,0.6185302043333188,0.5663556640035164,xgboost
2021-11-08,0.6084399889282075,0.5962095018869988,xgboost
2021-11-15,0.5963317304420741,0.5920940477303993,xgboost
2021-11-22,0.588259558117985,0.5934239562911148,xgboost
2021-11-29,0.6326565059004746,0.595061461886145,xgboost
2021-12-06,0.6306384628194522,0.6086944007402341,xgboost
2021-12-13,0.6266023766574078,0.594857353061226,xgboost
2021-12-20,0.611467053549741,0.5887517581119803,xgboost
2021-12-27,0.6861346475475641,0.5954981922828948,xgboost
2022-01-03,0.9375126256299128,0.7315650535600516,xgboost
2022-01-10,1.1377799091076148,0.7179399913609203,xgboost
2022-01-17,1.2915448507314498,0.7123417594437745,xgboost
2022-01-24,1.1428275533906567,0.7060501075232587,xgboost
2022-01-31,0.926239274713126,1.1978530773559333,xgboost
2022-02-07,0.6936813533681274,1.1248854590976054,xgboost
2022-02-14,0.5529488773610683,1.0645232985359208,xgboost
2022-02-21,0.513024770692399,1.0002172149295976,xgboost
2022-02-28,0.5260001053597166,0.5218714573620378,xgboost
2022-03-07,0.6218179613645228,0.5010520003711244,xgboost
2022-03-14,0.7605542320381485,0.507346289165595,xgboost
2022-03-21,0.8803265520441563,0.4961885857155499,xgboost
2022-03-28,0.9721519973820955,0.8480277572845595,xgboost
2022-04-04,1.0889300093879533,0.781653326918556,xgboost
2022-04-11,1.1548047853912573,0.760481168663402,xgboost
2022-04-18,1.279567618730849,0.7722688441725024,xgboost
2022-04-25,1.3634082427350542,1.222558537457831,xgboost
2022-05-02,1.4712033307404615,1.240521327535237,xgboost
2022-05-09,1.5750060080790014,1.3683724800636603,xgboost
2022-05-16,1.7207289974196442,1.578341790172695,xgboost
2022-05-23,1.9053779907622397,1.846053015029287,xgboost
2022-05-30,1.9373172760971753,1.9056692489456952,xgboost
2022-06-06,1.9173552227628405,2.0614235906808083,xgboost
2022-06-13,1.9403115840973253,2.1049574643592535,xgboost
2022-06-20,1.9991996414336122,1.9908106092596842,xgboost
2022-06-27,1.91735522276284,2.0195585502680737,xgboost
2022-07-04,1.8165468534244507,2.017390573357826,xgboost
2022-07-11,1.7975829027568324,2.0142164440242984,xgboost
2022-07-18,1.7985810054235494,1.829927621329406,xgboost
2022-07-25,1.6358902707487222,1.8331677325833007,xgboost
2022-08-01,1.4522393800728437,1.779420759447251,xgboost
2022-08-08,1.3035220827320506,1.754755446337958,xgboost
2022-08-15,1.182751660059326,1.2464363724368064,xgboost
2022-08-22,1.1029034467219874,1.1818900162309351,xgboost
2022-08-29,1.088930009387953,1.172290299879925,xgboost
2022-09-05,1.1717725307254419,1.2243260564760647,xgboost
2022-09-12,1.100907241388554,1.2157693931797504,xgboost
2022-09-19,1.0869338040545198,1.1895358013473383,xgboost
2022-09-26,1.0549945187195842,1.178914014848899,xgboost
2022-10-03,1.1248617053897554,1.1838951495754497,xgboost
2022-10-10,1.148816169390957,1.1245680902750628,xgboost
2022-10-17,1.167780120058575,1.1158017432268332,xgboost
2022-10-24,1.1438256560573734,1.0846013872374547,xgboost
2022-10-31,1.119871192056172,1.0317135096479868,xgboost
2022-11-07,1.159795298724841,1.129581997099841,xgboost
2022-11-14,1.24563212806248,1.1779270707538472,xgboost
2022-11-21,1.3164974173993678,1.2206476154062036,xgboost
2022-11-28,1.3234841360663852,1.1907091080599703,xgboost
2022-12-05,1.3214879307329517,1.3369748260545578,xgboost
2022-12-12,1.231658690728446,1.3435694023693667,xgboost
2022-12-19,1.1188730893894552,1.3795984059960984,xgboost
2022-12-26,0.9491956360476107,1.3951380298369622,xgboost
2023-01-02,0.9062518372667104,0.8945951682348492,xgboost
2023-01-09,0.8368463135993344,0.8526500685100784,xgboost
2023-01-16,0.8252820398900411,0.8393958358938133,xgboost
2023-01-23,0.7442363784876657,0.8409306198862934,xgboost
2023-01-30,0.7343527612434736,0.7980209919992851,xgboost
2023-02-06,0.727434229172539,0.7865167726310333,xgboost
2023-02-13,0.7738872302202421,0.8136667470032506,xgboost
2023-02-20,0.8292354867877179,0.8257129228264868,xgboost
2023-02-27,0.87667684955984,0.8619116473768518,xgboost
2023-03-06,0.8924906371505474,0.9028293287334931,xgboost
2023-03-13,0.8865604668040322,0.8997235470311018,xgboost
2023-03-20,0.992315171316888,0.8874568905099929,xgboost
2023-03-27,1.206789665515857,1.138754068018126,xgboost
2023-04-03,1.4232408831636645,1.240047825311839,xgboost
2023-04-10,1.7157959535917513,1.2934234107947196,xgboost
2023-04-17,1.9846303426337768,1.2512536919913264,xgboost
2023-04-24,2.4293931186224222,2.0318140554293818,xgboost
2023-05-01,2.7417154235388934,1.996631309603097,xgboost
2023-05-08,3.036247217415818,2.0409685318380935,xgboost
2023-05-15,3.202291987118246,2.0083386341695357,xgboost
2023-05-22,3.3208953940485517,2.7309100262488624,xgboost
2023-05-29,3.370313480269512,2.69507244420442,xgboost
2023-06-05,3.2843260102450405,2.498567742143097,xgboost
2023-06-12,3.2101988809135995,2.478379533494121,xgboost
2023-06-19,3.0688631543216522,2.6283022327923424,xgboost
2023-06-26,3.024386876722788,2.5060101902366956,xgboost
2023-07-03,2.9710153436041504,2.4324108861723173,xgboost
2023-07-10,2.9729920670529886,2.4503204034021366,xgboost
2023-07-17,2.784214977688919,2.889634172724435,xgboost
2023-07-24,2.559856866245758,2.7960593419145865,xgboost
2023-07-31,2.347359095495628,2.7490802879673875,xgboost
2023-08-07,2.163523814753654,2.7528273924413202,xgboost
2023-08-14,1.9273053626174625,2.0426365429457025,xgboost
2023-08-21,1.8007950618918034,2.0401011650660372,xgboost
2023-08-28,1.7286446560092008,2.0658894550206224,xgboost
2023-09-04,1.7859696360255153,2.0488779299043753,xgboost
2023-09-11,1.7187610387650087,1.7532508348363398,xgboost
2023-09-18,1.7602722311906156,1.741925895012218,xgboost
2023-09-25,1.7899230829231918,1.7422567003603633,xgboost
2023-10-02,1.794864891545288,1.7166407148936114,xgboost
2023-10-09,1.7395166349778124,1.7613288266094567,xgboost
2023-10-16,1.6515524415045026,1.745936165660686,xgboost
2023-10-23,1.5705067801021269,1.7502919439761468,xgboost
2023-10-30,1.4736473311090441,1.7454874176850976,xgboost
2023-11-06,1.3856831376357341,1.4652637705984082,xgboost
2023-11-13,1.3678926265961884,1.4992951958476946,xgboost
2023-11-20,1.4123689041950531,1.498978059686762,xgboost
2023-11-27,1.3866714993601537,1.500600808405628,xgboost
2023-12-04,1.2937654972647474,1.3623165913103024,xgboost
2023-12-11,1.2255685382798218,1.3504009852144503,xgboost
2023-12-18,1.1899875162007303,1.3141082879719255,xgboost
2023-12-25,1.2245801765554027,1.2895155211621325,xgboost
